candidate_id,source,pmid,doi,title_en,topic_id,previous_query,previous_status,decision,reason,duplicate_of,retired_date,recovery_source
pubmed-10163422,PubMed,10163422,10.2165/00019053-199600101-00003,The socioeconomic impact of insomnia. An overview.,sleep-aging,sleep-aging__recent_review_trial,active_candidate_needs_review,retired_from_active_candidate_pool,topic_capacity_limit,,2026-08-28,Git history and prior public-data snapshots
pubmed-11291019,PubMed,11291019,10.1053/scnp.2000.9556,Sleep in neuropsychiatric disorders.,sleep-aging,sleep-aging__recent_review_trial,active_candidate_needs_review,retired_from_active_candidate_pool,topic_capacity_limit,,2026-08-28,Git history and prior public-data snapshots
pubmed-25347243,PubMed,25347243,,[Relapse and insomnia in unipolar major depression].,sleep-aging,sleep-aging__recent_review_trial,active_candidate_needs_review,retired_from_active_candidate_pool,topic_capacity_limit,,2026-08-28,Git history and prior public-data snapshots
pubmed-26954412,PubMed,26954412,10.1001/jama.2016.0299,Polypharmacy in the Aging Patient: A Review of Glycemic Control in Older Adults With Type 2 Diabetes.,metformin-aging,metformin-aging__high_weight_journal,active_candidate_needs_review,retired_from_active_candidate_pool,topic_capacity_limit,,2026-08-28,Git history and prior public-data snapshots
pubmed-27029547,PubMed,27029547,10.1136/bmj.i1450,"Diabetes treatments and risk of amputation, blindness, severe kidney failure, hyperglycaemia, and hypoglycaemia: open cohort study in primary care.",metformin-aging,metformin-aging__high_weight_journal,active_candidate_needs_review,retired_from_active_candidate_pool,topic_capacity_limit,,2026-08-28,Git history and prior public-data snapshots
pubmed-27518560,PubMed,27518560,10.1016/j.cell.2016.07.031,Metabolic Control of Longevity.,metformin-aging,metformin-aging__high_weight_journal,active_candidate_needs_review,retired_from_active_candidate_pool,topic_capacity_limit,,2026-08-28,Git history and prior public-data snapshots
pubmed-27535968,PubMed,27535968,10.1093/gerona/glw149,Strategies and Challenges in Clinical Trials Targeting Human Aging.,metformin-aging,metformin-aging__recent_review_trial,active_candidate_needs_review,retired_from_active_candidate_pool,topic_capacity_limit,,2026-08-28,Git history and prior public-data snapshots
pubmed-27582156,PubMed,27582156,,Sleep disorders in Pregnancy: Glycaemic implications.,sleep-aging,sleep-aging__recent_review_trial,active_candidate_needs_review,retired_from_active_candidate_pool,topic_capacity_limit,,2026-08-28,Git history and prior public-data snapshots
pubmed-27789842,PubMed,27789842,10.1126/science.aaf6659,Senescent intimal foam cells are deleterious at all stages of atherosclerosis.,senolytics,senolytics__high_weight_journal,active_candidate_needs_review,retired_from_active_candidate_pool,topic_capacity_limit,,2026-08-28,Git history and prior public-data snapshots
pubmed-27797960,PubMed,27797960,10.1126/scitranslmed.aaf9440,Senescence-associated secretory phenotype contributes to pathological angiogenesis in retinopathy.,metformin-aging,metformin-aging__high_weight_journal,active_candidate_needs_review,retired_from_active_candidate_pool,topic_capacity_limit,,2026-08-28,Git history and prior public-data snapshots
pubmed-28665427,PubMed,28665427,10.1039/c7fo00161d,Effects of bioactive compounds on senescence and components of senescence associated secretory phenotypes in vitro.,senolytics,senolytics__recent_review_trial,active_candidate_needs_review,retired_from_active_candidate_pool,topic_capacity_limit,,2026-08-28,Git history and prior public-data snapshots
pubmed-28688962,PubMed,28688962,10.1016/j.mad.2017.07.001,"Stress, cell senescence and organismal ageing.",senolytics,senolytics__recent_review_trial,active_candidate_needs_review,retired_from_active_candidate_pool,topic_capacity_limit,,2026-08-28,Git history and prior public-data snapshots
pubmed-28957964,PubMed,28957964,10.1097/BOR.0000000000000456,Targeting aging for disease modification in osteoarthritis.,senolytics,senolytics__recent_review_trial,active_candidate_needs_review,retired_from_active_candidate_pool,topic_capacity_limit,,2026-08-28,Git history and prior public-data snapshots
pubmed-29358245,PubMed,29358245,,Deprescribing antipsychotics for behavioural and psychological symptoms of dementia and insomnia: Evidence-based clinical practice guideline.,sleep-aging,sleep-aging__recent_review_trial,active_candidate_needs_review,retired_from_active_candidate_pool,topic_capacity_limit,,2026-08-28,Git history and prior public-data snapshots
pubmed-30111642,PubMed,30111642,10.1126/scitranslmed.aan1230,TGFβ inhibition restores a regenerative response in acute liver injury by suppressing paracrine senescence.,senolytics,senolytics__high_weight_journal,active_candidate_needs_review,retired_from_active_candidate_pool,topic_capacity_limit,,2026-08-28,Git history and prior public-data snapshots
pubmed-30232451,PubMed,30232451,10.1038/s41586-018-0543-y,Clearance of senescent glial cells prevents tau-dependent pathology and cognitive decline.,senolytics,senolytics__high_weight_journal,active_candidate_needs_review,retired_from_active_candidate_pool,topic_capacity_limit,,2026-08-28,Git history and prior public-data snapshots
pubmed-30469478,PubMed,30469478,10.3390/ijms19123701,Inflammation-Accelerated Senescence and the Cardiovascular System: Mechanisms and Perspectives.,senolytics,senolytics__recent_review_trial,active_candidate_needs_review,retired_from_active_candidate_pool,topic_capacity_limit,,2026-08-28,Git history and prior public-data snapshots
pubmed-30587027,PubMed,30587027,10.1556/2060.105.2018.4.32,Advances and challenges in geroscience research: An update.,senolytics,senolytics__recent_review_trial,active_candidate_needs_review,retired_from_active_candidate_pool,topic_capacity_limit,,2026-08-28,Git history and prior public-data snapshots
pubmed-31776125,PubMed,31776125,10.1136/bmj.l6204,Associations of dairy intake with risk of mortality in women and men: three prospective cohort studies.,dietary-pattern-longevity,dietary-pattern-longevity__high_weight_journal,active_candidate_needs_review,retired_from_active_candidate_pool,topic_capacity_limit,,2026-08-28,Git history and prior public-data snapshots
pubmed-31786723,PubMed,31786723,10.1007/s11938-019-00246-1,Beyond the Calories-Is the Problem in the Processing?,dietary-pattern-longevity,dietary-pattern-longevity__recent_review_trial,active_candidate_needs_review,retired_from_active_candidate_pool,topic_capacity_limit,,2026-08-28,Git history and prior public-data snapshots
pubmed-31856971,PubMed,31856971,10.1016/j.jacc.2019.09.068,Chili Pepper Consumption and Mortality in Italian Adults.,dietary-pattern-longevity,dietary-pattern-longevity__high_weight_journal,active_candidate_needs_review,retired_from_active_candidate_pool,topic_capacity_limit,,2026-08-28,Git history and prior public-data snapshots
pubmed-31856972,PubMed,31856972,10.1016/j.jacc.2019.08.1071,Chili Pepper Consumption and Cardiovascular Mortality.,dietary-pattern-longevity,dietary-pattern-longevity__high_weight_journal,active_candidate_needs_review,retired_from_active_candidate_pool,topic_capacity_limit,,2026-08-28,Git history and prior public-data snapshots
pubmed-31895244,PubMed,31895244,10.1097/MCO.0000000000000625,"Veganism, aging and longevity: new insight into old concepts.",dietary-pattern-longevity,dietary-pattern-longevity__recent_review_trial,active_candidate_needs_review,retired_from_active_candidate_pool,topic_capacity_limit,,2026-08-28,Git history and prior public-data snapshots
pubmed-32483059,PubMed,32483059,10.1519/JSC.0000000000003560,Effects of 4 Weeks of Active Exergames Training on Muscular Fitness in Elderly Women.,physical-activity-healthspan,physical-activity-healthspan__high_design,active_candidate_needs_review,retired_from_active_candidate_pool,topic_capacity_limit,,2026-08-28,Git history and prior public-data snapshots
pubmed-34076602,PubMed,34076602,10.2459/JCM.0000000000001146,The impact of periprocedural myocardial infarction on mortality in older adults with non-ST-segment elevation acute coronary syndrome: a pooled analysis of the FRASER and HULK studies.,physical-activity-healthspan,physical-activity-healthspan__high_design,active_candidate_needs_review,retired_from_active_candidate_pool,topic_capacity_limit,,2026-08-28,Git history and prior public-data snapshots
pubmed-34114650,PubMed,34114650,10.1002/14651858.CD013156.pub2,Lifestyle modifications for nonalcohol-related fatty liver disease: a network meta-analysis.,physical-activity-healthspan,physical-activity-healthspan__high_design,active_candidate_needs_review,retired_from_active_candidate_pool,topic_capacity_limit,,2026-08-28,Git history and prior public-data snapshots
pubmed-34334715,PubMed,34334715,10.1249/MSS.0000000000002768,Personal Activity Intelligence e-Health Program in People with Type 2 Diabetes: A Pilot Randomized Controlled Trial.,physical-activity-healthspan,physical-activity-healthspan__high_design,active_candidate_needs_review,retired_from_active_candidate_pool,topic_capacity_limit,,2026-08-28,Git history and prior public-data snapshots
pubmed-34499338,PubMed,34499338,10.1007/s40279-021-01542-6,The Effect of Resistance Training on Body Composition During and After Cancer Treatment: A Systematic Review and Meta-Analysis.,physical-activity-healthspan,physical-activity-healthspan__high_design,active_candidate_needs_review,retired_from_active_candidate_pool,topic_capacity_limit,,2026-08-28,Git history and prior public-data snapshots
pubmed-34510020,PubMed,34510020,10.1123/japa.2021-0130,A Randomized Controlled Feasibility Trial Evaluating a Resistance Training Intervention With Frail Older Adults in Residential Care: The Keeping Active in Residential Elderly Trial.,physical-activity-healthspan,physical-activity-healthspan__high_design,active_candidate_needs_review,retired_from_active_candidate_pool,topic_capacity_limit,,2026-08-28,Git history and prior public-data snapshots
pubmed-35150086,PubMed,35150086,10.1002/jcsm.12925,"Effects of Vivifrail multicomponent intervention on functional capacity: a multicentre, randomized controlled trial.",physical-activity-healthspan,physical-activity-healthspan__high_design,active_candidate_needs_review,retired_from_active_candidate_pool,topic_capacity_limit,,2026-08-28,Git history and prior public-data snapshots
pubmed-35191588,PubMed,35191588,10.1111/obr.13428,Resistance training effectiveness on body composition and body weight outcomes in individuals with overweight and obesity across the lifespan: A systematic review and meta-analysis.,physical-activity-healthspan,physical-activity-healthspan__high_design,active_candidate_needs_review,retired_from_active_candidate_pool,topic_capacity_limit,,2026-08-28,Git history and prior public-data snapshots
pubmed-3544995,PubMed,3544995,10.7326/0003-4819-106-3-434,Sleep disorders: sleep apnea and narcolepsy.,sleep-aging,sleep-aging__high_weight_journal,active_candidate_needs_review,retired_from_active_candidate_pool,topic_capacity_limit,,2026-08-28,Git history and prior public-data snapshots
pubmed-36103298,PubMed,36103298,10.1111/acel.13709,Aging and cancer epigenetics: Where do the paths fork?,epigenetic-clocks,epigenetic-clocks__high_weight_journal,active_candidate_needs_review,retired_from_active_candidate_pool,topic_capacity_limit,,2026-08-28,Git history and prior public-data snapshots
pubmed-36176280,PubMed,36176280,10.3389/fcell.2022.985274,"The epigenetic aging, obesity, and lifestyle.",epigenetic-clocks,epigenetic-clocks__recent_review_trial,active_candidate_needs_review,retired_from_active_candidate_pool,topic_capacity_limit,,2026-08-28,Git history and prior public-data snapshots
pubmed-36260264,PubMed,36260264,10.1007/s11357-022-00671-8,"Endpoints for geroscience clinical trials: health outcomes, biomarkers, and biologic age.",epigenetic-clocks,epigenetic-clocks__recent_review_trial,active_candidate_needs_review,retired_from_active_candidate_pool,topic_capacity_limit,,2026-08-28,Git history and prior public-data snapshots
pubmed-36389222,PubMed,36389222,10.3389/fnins.2022.1036102,Assessing brain and biological aging trajectories associated with Alzheimer's disease.,epigenetic-clocks,epigenetic-clocks__recent_review_trial,active_candidate_needs_review,retired_from_active_candidate_pool,topic_capacity_limit,,2026-08-28,Git history and prior public-data snapshots
pubmed-36418149,PubMed,36418149,10.1136/bjsports-2022-106189,Adherence to aerobic and muscle-strengthening activities guidelines: a systematic review and meta-analysis of 3.3 million participants across 32 countries.,physical-activity-healthspan,physical-activity-healthspan__high_design,active_candidate_needs_review,retired_from_active_candidate_pool,topic_capacity_limit,,2026-08-28,Git history and prior public-data snapshots
pubmed-36906633,PubMed,36906633,10.1007/s40279-023-01825-0,Effects of Plyometric Jump Training on the Reactive Strength Index in Healthy Individuals Across the Lifespan: A Systematic Review with Meta-analysis.,physical-activity-healthspan,physical-activity-healthspan__high_design,active_candidate_needs_review,retired_from_active_candidate_pool,topic_capacity_limit,,2026-08-28,Git history and prior public-data snapshots
pubmed-37183081,PubMed,37183081,10.1016/j.ejim.2023.05.012,Tirzepatide and potential use for metabolically healthy obesity.,glp1-weight-cardiometabolic,glp1-weight-cardiometabolic__recent_review_trial,active_candidate_needs_review,retired_from_active_candidate_pool,topic_capacity_limit,,2026-08-28,Git history and prior public-data snapshots
pubmed-37203328,PubMed,37203328,10.1002/oby.23752,Liraglutide versus semaglutide for weight reduction-a cost needed to treat analysis.,glp1-weight-cardiometabolic,glp1-weight-cardiometabolic__recent_review_trial,active_candidate_needs_review,retired_from_active_candidate_pool,topic_capacity_limit,,2026-08-28,Git history and prior public-data snapshots
pubmed-37308811,PubMed,37308811,10.1186/s12877-023-04099-3,Rationale and design of the Birkebeiner Ageing Study - a prospective cohort study of older endurance athletes.,physical-activity-healthspan,physical-activity-healthspan__high_design,active_candidate_needs_review,retired_from_active_candidate_pool,topic_capacity_limit,,2026-08-28,Git history and prior public-data snapshots
pubmed-37344384,PubMed,37344384,10.1111/dom.15148,Tirzepatide 10 and 15 mg compared with semaglutide 2.4 mg for the treatment of obesity: An indirect treatment comparison.,glp1-weight-cardiometabolic,glp1-weight-cardiometabolic__recent_review_trial,active_candidate_needs_review,retired_from_active_candidate_pool,topic_capacity_limit,,2026-08-28,Git history and prior public-data snapshots
pubmed-37351564,PubMed,37351564,10.1056/NEJMoa2302392,Daily Oral GLP-1 Receptor Agonist Orforglipron for Adults with Obesity.,glp1-weight-cardiometabolic,glp1-weight-cardiometabolic__high_weight_journal,active_candidate_needs_review,retired_from_active_candidate_pool,topic_capacity_limit,,2026-08-28,Git history and prior public-data snapshots
pubmed-37385275,PubMed,37385275,10.1016/S0140-6736(23)01200-X,"Tirzepatide once weekly for the treatment of obesity in people with type 2 diabetes (SURMOUNT-2): a double-blind, randomised, multicentre, placebo-controlled, phase 3 trial.",glp1-weight-cardiometabolic,glp1-weight-cardiometabolic__high_weight_journal,active_candidate_needs_review,retired_from_active_candidate_pool,topic_capacity_limit,,2026-08-28,Git history and prior public-data snapshots
pubmed-37385278,PubMed,37385278,10.1016/S0140-6736(23)01185-6,"Oral semaglutide 50 mg taken once per day in adults with overweight or obesity (OASIS 1): a randomised, double-blind, placebo-controlled, phase 3 trial.",glp1-weight-cardiometabolic,glp1-weight-cardiometabolic__high_weight_journal,active_candidate_needs_review,retired_from_active_candidate_pool,topic_capacity_limit,,2026-08-28,Git history and prior public-data snapshots
pubmed-37445623,PubMed,37445623,10.3390/ijms241310449,Emerging Role of GLP-1 Agonists in Obesity: A Comprehensive Review of Randomised Controlled Trials.,glp1-weight-cardiometabolic,glp1-weight-cardiometabolic__recent_review_trial,active_candidate_needs_review,retired_from_active_candidate_pool,topic_capacity_limit,,2026-08-28,Git history and prior public-data snapshots
pubmed-37798213,PubMed,37798213,10.1016/j.burns.2023.09.004,Effect of anti-gravity treadmill (Alter G) training on gait characteristics and postural stability in adult with healed burns: A single blinded randomized controlled trial.,physical-activity-healthspan,physical-activity-healthspan__high_design,active_candidate_needs_review,retired_from_active_candidate_pool,topic_capacity_limit,,2026-08-28,Git history and prior public-data snapshots
pubmed-37886049,PubMed,37886049,10.3389/fpubh.2023.1236402,Impact of adapted taekwondo vs. multicomponent training on health status in independent older women: a randomized controlled trial.,physical-activity-healthspan,physical-activity-healthspan__high_design,active_candidate_needs_review,retired_from_active_candidate_pool,topic_capacity_limit,,2026-08-28,Git history and prior public-data snapshots
pubmed-38129770,PubMed,38129770,10.1186/s12882-023-03408-7,Interventions to reduce falls among dialysis patients: a systematic review.,physical-activity-healthspan,physical-activity-healthspan__high_design,active_candidate_needs_review,retired_from_active_candidate_pool,topic_capacity_limit,,2026-08-28,Git history and prior public-data snapshots
pubmed-38241094,PubMed,38241094,10.1093/eurheartj/ehad885,Changes in frailty and incident cardiovascular disease in three prospective cohorts.,resistance-training-muscle,resistance-training-muscle__high_weight_journal,selected_finding_draft,retired_from_active_candidate_pool,topic_capacity_limit,,2026-08-28,Git history and prior public-data snapshots
pubmed-38414347,PubMed,38414347,10.1111/acel.14135,Epigenome-wide analysis of frailty: Results from two European twin cohorts.,resistance-training-muscle,resistance-training-muscle__high_weight_journal,selected_finding_draft,retired_from_active_candidate_pool,topic_capacity_limit,,2026-08-28,Git history and prior public-data snapshots
pubmed-38489992,PubMed,38489992,10.1016/j.jnha.2024.100208,"Effects of multicomponent training and HMB supplementation on disability, cognitive and physical function in institutionalized older adults aged over 70 years: a cluster-randomized controlled trial.",physical-activity-healthspan,physical-activity-healthspan__high_design,active_candidate_needs_review,retired_from_active_candidate_pool,topic_capacity_limit,,2026-08-28,Git history and prior public-data snapshots
pubmed-38499245,PubMed,38499245,10.1016/j.jare.2024.03.008,"The efferocytosis process in aging: Supporting evidence, mechanisms, and therapeutic prospects for age-related diseases.",autophagy-mitophagy,autophagy-mitophagy__recent_review_trial,active_candidate_needs_review,retired_from_active_candidate_pool,topic_capacity_limit,,2026-08-28,Git history and prior public-data snapshots
pubmed-38650577,PubMed,38650577,10.1002/cam4.7179,Effects of resistance training on sleep quality and disorders among individuals diagnosed with cancer: A systematic review and meta-analysis of randomized controlled trials.,physical-activity-healthspan,physical-activity-healthspan__high_design,active_candidate_needs_review,retired_from_active_candidate_pool,topic_capacity_limit,,2026-08-28,Git history and prior public-data snapshots
pubmed-38739369,PubMed,38739369,10.1111/acel.14198,Association of sarcopenia with the long-term risk of atrial fibrillation: A prospective cohort study.,resistance-training-muscle,resistance-training-muscle__high_weight_journal,selected_finding_draft,retired_from_active_candidate_pool,topic_capacity_limit,,2026-08-28,Git history and prior public-data snapshots
pubmed-38831478,PubMed,38831478,10.1093/ije/dyae074,"Weight training and risk of all-cause, cardiovascular disease and cancer mortality among older adults.",physical-activity-healthspan,physical-activity-healthspan__high_design,active_candidate_needs_review,retired_from_active_candidate_pool,topic_capacity_limit,,2026-08-28,Git history and prior public-data snapshots
pubmed-38841642,PubMed,38841642,10.52082/jssm.2024.366,"Combined Aerobic and Resistance Training Improves Body Composition, Alters Cardiometabolic Risk, and Ameliorates Cancer-Related Indicators in Breast Cancer Patients and Survivors with Overweight/Obesity: A Systematic Review and Meta-Analysis of Randomized Controlled Trials.",physical-activity-healthspan,physical-activity-healthspan__high_design,active_candidate_needs_review,retired_from_active_candidate_pool,topic_capacity_limit,,2026-08-28,Git history and prior public-data snapshots
pubmed-38951907,PubMed,38951907,10.1186/s12933-024-02301-3,Nonpharmacological interventions on glycated haemoglobin in youth with type 1 diabetes: a Bayesian network meta-analysis.,physical-activity-healthspan,physical-activity-healthspan__high_design,active_candidate_needs_review,retired_from_active_candidate_pool,topic_capacity_limit,,2026-08-28,Git history and prior public-data snapshots
pubmed-39329896,PubMed,39329896,10.1093/gerona/glae240,Identifying Clinically Meaningful Muscle Power Enhancements and Their Functional Correlates in Hospitalized Older Patients.,physical-activity-healthspan,physical-activity-healthspan__high_design,active_candidate_needs_review,retired_from_active_candidate_pool,topic_capacity_limit,,2026-08-28,Git history and prior public-data snapshots
pubmed-39410722,PubMed,39410722,10.1111/acel.14376,The N6-methyladenosine landscape of ovarian development and aging highlights the regulation by RNA stability and chromatin state.,autophagy-mitophagy,autophagy-mitophagy__high_weight_journal,active_candidate_needs_review,retired_from_active_candidate_pool,topic_capacity_limit,,2026-08-28,Git history and prior public-data snapshots
pubmed-39540334,PubMed,39540334,10.1111/acel.14406,Aged hippocampal single-cell atlas screening unveils disrupted neuroglial system in postoperative cognitive impairment.,autophagy-mitophagy,autophagy-mitophagy__high_weight_journal,active_candidate_needs_review,retired_from_active_candidate_pool,topic_capacity_limit,,2026-08-28,Git history and prior public-data snapshots
pubmed-39707402,PubMed,39707402,10.1186/s12967-024-05943-9,Mitochondrial quality control: the real dawn of intervertebral disc degeneration?,autophagy-mitophagy,autophagy-mitophagy__recent_review_trial,active_candidate_needs_review,retired_from_active_candidate_pool,topic_capacity_limit,,2026-08-28,Git history and prior public-data snapshots
pubmed-39748782,PubMed,39748782,10.1111/acel.14467,Efferocytosis: The Janus-Faced Gatekeeper of Aging and Tumor Fate.,autophagy-mitophagy,autophagy-mitophagy__high_weight_journal,active_candidate_needs_review,retired_from_active_candidate_pool,topic_capacity_limit,,2026-08-28,Git history and prior public-data snapshots
pubmed-39751854,PubMed,39751854,10.14336/AD.2024.1129,Mitochondrial Quality Control: A New Perspective in Skeletal Muscle Dysfunction of Chronic Obstructive Pulmonary Disease.,autophagy-mitophagy,autophagy-mitophagy__recent_review_trial,active_candidate_needs_review,retired_from_active_candidate_pool,topic_capacity_limit,,2026-08-28,Git history and prior public-data snapshots
pubmed-39774812,PubMed,39774812,10.1038/s41577-024-01112-7,Regulation of cGAS-STING signalling and its diversity of cellular outcomes.,autophagy-mitophagy,autophagy-mitophagy__recent_review_trial,active_candidate_needs_review,retired_from_active_candidate_pool,topic_capacity_limit,,2026-08-28,Git history and prior public-data snapshots
pubmed-39871520,PubMed,39871520,10.1111/acel.14495,Targeting CRM1 for Progeria Syndrome Therapy.,autophagy-mitophagy,autophagy-mitophagy__high_weight_journal,active_candidate_needs_review,retired_from_active_candidate_pool,topic_capacity_limit,,2026-08-28,Git history and prior public-data snapshots
pubmed-39913122,PubMed,39913122,10.1002/adbi.202400469,The Role and Molecular Pathways of SIRT6 in Senescence and Age-related Diseases.,autophagy-mitophagy,autophagy-mitophagy__recent_review_trial,active_candidate_needs_review,retired_from_active_candidate_pool,topic_capacity_limit,,2026-08-28,Git history and prior public-data snapshots
pubmed-40023438,PubMed,40023438,10.1016/j.mito.2025.102022,Mitochondria in aging and age-associated diseases.,autophagy-mitophagy,autophagy-mitophagy__recent_review_trial,active_candidate_needs_review,retired_from_active_candidate_pool,topic_capacity_limit,,2026-08-28,Git history and prior public-data snapshots
pubmed-40113864,PubMed,40113864,10.1038/s41569-025-01142-1,Mitochondrial quality control in cardiomyocytes: safeguarding the heart against disease and ageing.,autophagy-mitophagy,autophagy-mitophagy__recent_review_trial,active_candidate_needs_review,retired_from_active_candidate_pool,topic_capacity_limit,,2026-08-28,Git history and prior public-data snapshots
pubmed-40163884,PubMed,40163884,10.7326/ANNALS-25-00990,Endocrinology: What You May Have Missed in 2024.,time-restricted-eating,time-restricted-eating__high_weight_journal,active_candidate_needs_review,retired_from_active_candidate_pool,topic_capacity_limit,,2026-08-28,Git history and prior public-data snapshots
pubmed-40326563,PubMed,40326563,10.1242/jcs.263753,The role of mitochondrial mRNA translation in cellular communication.,autophagy-mitophagy,autophagy-mitophagy__recent_review_trial,active_candidate_needs_review,retired_from_active_candidate_pool,topic_capacity_limit,,2026-08-28,Git history and prior public-data snapshots
pubmed-40374315,PubMed,40374315,10.1111/acel.70097,Single-Cell RNA-Seq Reveals Aging-Related Impairment of Microglial Efferocytosis Contributing to Apoptotic Cells Accumulation After Retinal Injury.,autophagy-mitophagy,autophagy-mitophagy__high_weight_journal,active_candidate_needs_review,retired_from_active_candidate_pool,topic_capacity_limit,,2026-08-28,Git history and prior public-data snapshots
pubmed-40381089,PubMed,40381089,10.1007/s13679-025-00636-w,The Impact of Different Nutritional Approaches on Body Composition in People Living with Obesity.,time-restricted-eating,time-restricted-eating__recent_review_trial,active_candidate_needs_review,retired_from_active_candidate_pool,topic_capacity_limit,,2026-08-28,Git history and prior public-data snapshots
pubmed-40401907,PubMed,40401907,10.1097/MCO.0000000000001135,Calorie counting vs. minute counting; does nutrient timing matter for weight-loss?,time-restricted-eating,time-restricted-eating__recent_review_trial,active_candidate_needs_review,retired_from_active_candidate_pool,topic_capacity_limit,,2026-08-28,Git history and prior public-data snapshots
pubmed-40507926,PubMed,40507926,10.3390/ijms26115116,"Chrononutrition: Potential, Challenges, and Application in Managing Obesity.",time-restricted-eating,time-restricted-eating__recent_review_trial,active_candidate_needs_review,retired_from_active_candidate_pool,topic_capacity_limit,,2026-08-28,Git history and prior public-data snapshots
pubmed-40525381,PubMed,40525381,10.1002/jpn3.70099,Evidence-based review of the nutritional treatment of obesity and metabolic dysfunction-associated steatotic liver disease in children and adolescents.,time-restricted-eating,time-restricted-eating__recent_review_trial,active_candidate_needs_review,retired_from_active_candidate_pool,topic_capacity_limit,,2026-08-28,Git history and prior public-data snapshots
pubmed-40580384,PubMed,40580384,10.1007/s13679-025-00649-5,The Efficacy of Various Weight Loss Strategies in Alleviating Polycystic Ovary Syndrome.,time-restricted-eating,time-restricted-eating__recent_review_trial,active_candidate_needs_review,retired_from_active_candidate_pool,topic_capacity_limit,,2026-08-28,Git history and prior public-data snapshots
pubmed-40647240,PubMed,40647240,10.3390/nu17132135,Chrononutrition and Energy Balance: How Meal Timing and Circadian Rhythms Shape Weight Regulation and Metabolic Health.,time-restricted-eating,time-restricted-eating__recent_review_trial,active_candidate_needs_review,retired_from_active_candidate_pool,topic_capacity_limit,,2026-08-28,Git history and prior public-data snapshots
pubmed-40676783,PubMed,40676783,10.2174/0115672050381989250626071304,"Mapping the Connection Between Circadian Rhythms, Metabolism, and Neurodegeneration: Exploring Therapeutic Strategies.",time-restricted-eating,time-restricted-eating__recent_review_trial,active_candidate_needs_review,retired_from_active_candidate_pool,topic_capacity_limit,,2026-08-28,Git history and prior public-data snapshots
pubmed-40705035,PubMed,40705035,10.1093/eurheartj/ehaf351,Decision-making for older adults with advanced heart disease: a framework for balancing benefit versus futility.,resistance-training-muscle,resistance-training-muscle__curated_recent_update_2026_08_end,intake_pending_curation,retired_from_active_candidate_pool,topic_capacity_limit,,2026-08-28,Git history and prior public-data snapshots
pubmed-40770521,PubMed,40770521,10.1007/s10522-025-10299-8,The intricate link between circadian rhythms and aging: can resetting our circadian clock hold the key to longevity?,time-restricted-eating,time-restricted-eating__recent_review_trial,active_candidate_needs_review,retired_from_active_candidate_pool,topic_capacity_limit,,2026-08-28,Git history and prior public-data snapshots
pubmed-40977495,PubMed,40977495,10.1093/eurjpc/zwaf470,Cardiovascular disease epidemiology and management in the elderly and very elderly.,resistance-training-muscle,resistance-training-muscle__curated_recent_update_2026_08_end,intake_pending_curation,retired_from_active_candidate_pool,topic_capacity_limit,,2026-08-28,Git history and prior public-data snapshots
pubmed-41034143,PubMed,41034143,10.3399/BJGPO.2025.0007,Co-locating frailty intervention activities and general practice: a qualitative study exploring experiences and perceptions of participants and delivery partners.,resistance-training-muscle,resistance-training-muscle__curated_recent_update_2026_08_end,intake_pending_curation,retired_from_active_candidate_pool,topic_capacity_limit,,2026-08-28,Git history and prior public-data snapshots
pubmed-41207680,PubMed,41207680,10.1253/circj.CJ-25-0500,Outcomes of Hemodialysis Patients Undergoing Contemporary Transcatheter Aortic Valve Implantation - Insights From the LAPLACE-TAVI Registry.,resistance-training-muscle,resistance-training-muscle__curated_recent_update_2026_08_end,intake_pending_curation,retired_from_active_candidate_pool,topic_capacity_limit,,2026-08-28,Git history and prior public-data snapshots
pubmed-41238383,PubMed,41238383,10.3399/BJGPO.2025.0135,Experiences of GPs with incretin mimetics: a qualitative study in Germany.,glp1-weight-cardiometabolic,glp1-weight-cardiometabolic__curated_recent_update_2026_08_end,intake_pending_curation,retired_from_active_candidate_pool,topic_capacity_limit,,2026-08-28,Git history and prior public-data snapshots
pubmed-41491048,PubMed,41491048,10.3399/BJGPO.2025.0271,Delivering a primary care intervention to reduce frailty and improve resilience in people experiencing homelessness: a pilot feasibility study.,resistance-training-muscle,resistance-training-muscle__curated_recent_update_2026_08_end,intake_pending_curation,retired_from_active_candidate_pool,topic_capacity_limit,,2026-08-28,Git history and prior public-data snapshots
pubmed-41849236,PubMed,41849236,10.1158/1078-0432.CCR-25-4153,Low-Dose Intestinal Irradiation Enhances the Efficacy and Prognosis of PD-1 Blockade in Metastatic Non-Small Cell Lung Cancer.,microbiome-inflammaging,microbiome-inflammaging__curated_recent_update_2026_08_end,intake_pending_curation,retired_from_active_candidate_pool,topic_capacity_limit,,2026-08-28,Git history and prior public-data snapshots
pubmed-41849658,PubMed,41849658,10.1093/eurjpc/zwaf591,Cardiac rehabilitation against frailty and sarcopenia in older individuals: a literature review.,resistance-training-muscle,resistance-training-muscle__curated_recent_update_2026_08_end,intake_pending_curation,retired_from_active_candidate_pool,topic_capacity_limit,,2026-08-28,Git history and prior public-data snapshots
pubmed-41905614,PubMed,41905614,10.1016/j.jad.2026.121694,Microbiota-immune crosstalk underlying cancer-induced depression in patients with breast cancer.,microbiome-inflammaging,microbiome-inflammaging__curated_recent_update_2026_08_end,intake_pending_curation,retired_from_active_candidate_pool,topic_capacity_limit,,2026-08-28,Git history and prior public-data snapshots
pubmed-41910632,PubMed,41910632,10.1093/ehjqcco/qcag051,Association of GLP-1 receptor agonists versus bariatric surgery with outcomes in obese patients with hypertrophic cardiomyopathy: a multicenter propensity-matched analysis.,glp1-weight-cardiometabolic,glp1-weight-cardiometabolic__curated_recent_update_2026_08_end,intake_pending_curation,retired_from_active_candidate_pool,topic_capacity_limit,,2026-08-28,Git history and prior public-data snapshots
pubmed-41920137,PubMed,41920137,10.1016/j.jacc.2026.02.5080,Cardiogenic Shock Survivorship: A Multidisciplinary Approach Across the Continuum of Care.,resistance-training-muscle,resistance-training-muscle__curated_recent_update_2026_08_end,intake_pending_curation,retired_from_active_candidate_pool,topic_capacity_limit,,2026-08-28,Git history and prior public-data snapshots
pubmed-41922176,PubMed,41922176,10.1136/bmjqs-2025-019321,Integrating 'what matters' conversations into preoperative care: a qualitative evaluation of surgical team workflows and barriers.,resistance-training-muscle,resistance-training-muscle__curated_recent_update_2026_08_end,intake_pending_curation,retired_from_active_candidate_pool,topic_capacity_limit,,2026-08-28,Git history and prior public-data snapshots
pubmed-41927326,PubMed,41927326,10.1136/archdischild-2025-329155,Parents' preferences for interventions to improve aspects of children's current and future health: two discrete choice experiments.,resistance-training-muscle,resistance-training-muscle__curated_recent_update_2026_08_end,intake_pending_curation,retired_from_active_candidate_pool,topic_capacity_limit,,2026-08-28,Git history and prior public-data snapshots
pubmed-41955285,PubMed,41955285,10.1093/ajhp/zxag110,Lp(a): A potentially modifiable cardiovascular risk factor.,ldl-apob-cardiovascular-risk,ldl-apob-cardiovascular-risk__curated_recent_update_2026_08_end,intake_pending_curation,retired_from_active_candidate_pool,topic_capacity_limit,,2026-08-28,Git history and prior public-data snapshots
pubmed-42008245,PubMed,42008245,10.1001/jama.2026.2888,Prepregnancy Care and Counseling: A Review.,blood-pressure-aging,blood-pressure-aging__high_weight_journal__recent_update_2026_06,active_candidate_needs_review,retired_from_active_candidate_pool,topic_capacity_limit,,2026-08-28,Git history and prior public-data snapshots
pubmed-42017880,PubMed,42017880,10.1016/j.jacc.2026.02.5085,"Heart Failure Among 173,000 Community-Dwelling Participants From 25 Low-, Middle-, and High-Income Countries in the PURE Study.",blood-pressure-aging,blood-pressure-aging__high_weight_journal__recent_update_2026_07,active_candidate_needs_review,retired_from_active_candidate_pool,topic_capacity_limit,,2026-08-28,Git history and prior public-data snapshots
pubmed-42020088,PubMed,42020088,10.1016/S2468-2667(26)00052-6,Progression of multiple long-term conditions (multimorbidity) in England: a population-based descriptive study of 49·6 million adults.,blood-pressure-aging,blood-pressure-aging__high_weight_journal__recent_update_2026_06,active_candidate_needs_review,retired_from_active_candidate_pool,topic_capacity_limit,,2026-08-28,Git history and prior public-data snapshots
pubmed-42035251,PubMed,42035251,10.1515/revneuro-2026-0040,The microbiota-gut-brain axis as a driver of secondary brain injury after aneurysmal subarachnoid hemorrhage: from bidirectional vicious cycle to therapeutic opportunities.,microbiome-inflammaging,microbiome-inflammaging__curated_recent_update_2026_08_end,intake_pending_curation,retired_from_active_candidate_pool,topic_capacity_limit,,2026-08-28,Git history and prior public-data snapshots
pubmed-42044335,PubMed,42044335,10.1073/pnas.2516601123,Unveiling the glymphatic system's role in brain aging: A comprehensive biomarker and modifiable intervention target.,blood-pressure-aging,blood-pressure-aging__high_weight_journal__recent_update_2026_06,active_candidate_needs_review,retired_from_active_candidate_pool,topic_capacity_limit,,2026-08-28,Git history and prior public-data snapshots
pubmed-42054052,PubMed,42054052,10.1001/jamacardio.2026.0833,Timeliness of Transthyretin Cardiac Amyloidosis Diagnosis in the Medicare Population.,blood-pressure-aging,blood-pressure-aging__high_weight_journal__recent_update_2026_06,active_candidate_needs_review,retired_from_active_candidate_pool,topic_capacity_limit,,2026-08-28,Git history and prior public-data snapshots
pubmed-42057445,PubMed,42057445,10.1002/jsfa.70639,Yak whey powder enhanced antioxidant activity in aging mice by regulating gut microbiota.,microbiome-inflammaging,microbiome-inflammaging__curated_recent_update_2026_08_end,intake_pending_curation,retired_from_active_candidate_pool,topic_capacity_limit,,2026-08-28,Git history and prior public-data snapshots
pubmed-42073454,PubMed,42073454,10.3390/life16040644,Cytokine Toxicity and Bacterial Dysbiosis in Chemotherapy- and/or Radiotherapy-Induced Oral Mucositis: Pathophysiological Mechanisms and Therapeutic Interventions.,klotho-il11-aging,il11_aging,active_candidate_needs_review,retired_from_active_candidate_pool,topic_capacity_limit,,2026-08-28,Git history and prior public-data snapshots
pubmed-42082341,PubMed,42082341,10.1136/jech-2025-225333,Dyadic associations of depressive symptoms and cardiovascular health trajectories in middle-aged and older couples.,blood-pressure-aging,blood-pressure-aging__curated_recent_update_2026_08_end,intake_pending_curation,retired_from_active_candidate_pool,topic_capacity_limit,,2026-08-28,Git history and prior public-data snapshots
pubmed-42086112,PubMed,42086112,10.1016/j.ijcard.2026.134538,"Ascending thoracic Aortic Wall stress response during aerobic, resistance and isometric exercise in patients with arrhythmogenic cardiomyopathy.",resistance-training-muscle,resistance-training-muscle__curated_recent_update_2026_08_end,intake_pending_curation,retired_from_active_candidate_pool,topic_capacity_limit,,2026-08-28,Git history and prior public-data snapshots
pubmed-42086979,PubMed,42086979,10.1038/s41591-026-04437-z,Multinational validation of the PREVENT and SCORE2 cardiovascular risk equations across 6.4 million individuals.,blood-pressure-aging,blood-pressure-aging__high_weight_journal__recent_update_2026_06,active_candidate_needs_review,retired_from_active_candidate_pool,topic_capacity_limit,,2026-08-28,Git history and prior public-data snapshots
pubmed-42095252,PubMed,42095252,10.1093/eurheartj/ehag270,Environmental risk factors and cardiovascular health.,blood-pressure-aging,blood-pressure-aging__high_weight_journal__recent_update_2026_06,active_candidate_needs_review,retired_from_active_candidate_pool,topic_capacity_limit,,2026-08-28,Git history and prior public-data snapshots
pubmed-42097137,PubMed,42097137,10.1016/j.cell.2026.03.049,Multi-cohort proteogenomic analyses reveal genetic effects across the proteome and diseasome.,blood-pressure-aging,blood-pressure-aging__high_weight_journal__recent_update_2026_06,active_candidate_needs_review,retired_from_active_candidate_pool,topic_capacity_limit,,2026-08-28,Git history and prior public-data snapshots
pubmed-42105790,PubMed,42105790,10.1016/j.freeradbiomed.2026.04.158,FMO1 disrupts mitochondrial functional homeostasis through ROS-mediated mechanisms to drive chondrocyte senescence and hypertrophy.,senolytics,senolytics__curated_recent_update_2026_08_end,intake_pending_curation,retired_from_active_candidate_pool,topic_capacity_limit,,2026-08-28,Git history and prior public-data snapshots
pubmed-42107262,PubMed,42107262,10.1016/j.bioorg.2026.109946,"Design, synthesis, and evaluation of novel andrographolide derivatives as anti-pancreatic cancer therapeutics.",autophagy-mitophagy,autophagy-mitophagy__curated_recent_update_2026_08_end,intake_pending_curation,retired_from_active_candidate_pool,topic_capacity_limit,,2026-08-28,Git history and prior public-data snapshots
pubmed-42113628,PubMed,42113628,10.1093/sleep/zsag125,Respiratory chemoreflex and risk of incident increase in blood pressure.,sleep-aging,sleep-aging__curated_recent_update_2026_08_end,intake_pending_curation,retired_from_active_candidate_pool,topic_capacity_limit,,2026-08-28,Git history and prior public-data snapshots
pubmed-42136636,PubMed,42136636,10.3389/fimmu.2026.1812348,Inflammatory bowel disease and renal disorders: from clinical associations to shared mechanisms and management strategies.,klotho-il11-aging,il11_aging,active_candidate_needs_review,retired_from_active_candidate_pool,topic_capacity_limit,,2026-08-28,Git history and prior public-data snapshots
pubmed-42166178,PubMed,42166178,10.1093/sleep/zsag138,Cardiovascular risk stratification in obstructive sleep apnea: a potential role for cardiac troponins.,sleep-aging,sleep-aging__curated_recent_update_2026_08_end,intake_pending_curation,retired_from_active_candidate_pool,topic_capacity_limit,,2026-08-28,Git history and prior public-data snapshots
pubmed-42173001,PubMed,42173001,10.1016/j.maturitas.2026.108984,"Frailty and risk of incident psoriasis: Prospective UK Biobank evidence with inflammatory, genetic, and proteomic analyses.",resistance-training-muscle,resistance-training-muscle__high_design__recent_update_2026_06,active_candidate_needs_review,retired_from_active_candidate_pool,topic_capacity_limit,,2026-08-28,Git history and prior public-data snapshots
pubmed-42173128,PubMed,42173128,10.1002/ejsc.70139,"The Effects of Inspiratory Muscle Training on Diaphragm Thickness, Respiratory Muscle Strength, Balance, and Core Stability in Professional Dancers: A Randomized Controlled Trial.",resistance-training-muscle,resistance-training-muscle__high_design__recent_update_2026_06,active_candidate_needs_review,retired_from_active_candidate_pool,topic_capacity_limit,,2026-08-28,Git history and prior public-data snapshots
pubmed-42173293,PubMed,42173293,10.1016/j.rmed.2026.108884,One-year trajectories of peripheral and inspiratory muscle strength in critical illness survivors: The impact of ICU-acquired weakness.,resistance-training-muscle,resistance-training-muscle__high_design__recent_update_2026_06,active_candidate_needs_review,retired_from_active_candidate_pool,topic_capacity_limit,,2026-08-28,Git history and prior public-data snapshots
pubmed-42175457,PubMed,42175457,10.1097/MD.0000000000048930,Impact of sarcopenia on postoperative outcomes and recurrence in patients with Crohn disease: A retrospective cohort study.,resistance-training-muscle,resistance-training-muscle__high_design__recent_update_2026_06,active_candidate_needs_review,retired_from_active_candidate_pool,topic_capacity_limit,,2026-08-28,Git history and prior public-data snapshots
pubmed-42175481,PubMed,42175481,10.1097/MD.0000000000049033,The effects of electroacupuncture and the Otago Exercise Program in older adults with sarcopenia: A randomized controlled study.,resistance-training-muscle,resistance-training-muscle__high_design__recent_update_2026_06,active_candidate_needs_review,retired_from_active_candidate_pool,topic_capacity_limit,,2026-08-28,Git history and prior public-data snapshots
pubmed-42176939,PubMed,42176939,10.1016/j.envres.2026.124795,Health impacts of bus rapid transit systems in seven cities worldwide.,physical-activity-healthspan,physical-activity-healthspan__curated_recent_update_2026_08_end,intake_pending_curation,retired_from_active_candidate_pool,topic_capacity_limit,,2026-08-28,Git history and prior public-data snapshots
pubmed-42184647,PubMed,42184647,10.1016/j.clnu.2026.106675,Current application and future directions for the sarcopenic obesity Global Leadership Initiative (SOGLI) diagnostic algorithm.,resistance-training-muscle,resistance-training-muscle__high_design__recent_update_2026_07,active_candidate_needs_review,retired_from_active_candidate_pool,topic_capacity_limit,,2026-08-28,Git history and prior public-data snapshots
pubmed-42185210,PubMed,42185210,10.1093/rheumatology/keag275,Incorporating frailty and disease severity into treatment decisions for older patients with ANCA-associated vasculitis.,resistance-training-muscle,resistance-training-muscle__high_design__recent_update_2026_06,active_candidate_needs_review,retired_from_active_candidate_pool,topic_capacity_limit,,2026-08-28,Git history and prior public-data snapshots
pubmed-42185767,PubMed,42185767,10.1186/s12871-026-03931-8,Predictors of health-related quality-of-life after cardiac surgery: findings from the ANesthesiology-QUality-Registry (ANQUR) and frailty-management.,resistance-training-muscle,resistance-training-muscle__high_design__recent_update_2026_06,active_candidate_needs_review,retired_from_active_candidate_pool,topic_capacity_limit,,2026-08-28,Git history and prior public-data snapshots
pubmed-42185788,PubMed,42185788,10.1186/s12889-026-27763-w,Physical function frailty trajectory before and after cardiovascular event among older adults in three multinational cohorts.,resistance-training-muscle,resistance-training-muscle__high_design__recent_update_2026_06,active_candidate_needs_review,retired_from_active_candidate_pool,topic_capacity_limit,,2026-08-28,Git history and prior public-data snapshots
pubmed-42189481,PubMed,42189481,10.1007/s40618-026-02923-2,Insulin resistance and sarcopenia: independent and combined associations with obesity and dietary protein intake.,resistance-training-muscle,resistance-training-muscle__high_design__recent_update_2026_06,active_candidate_needs_review,retired_from_active_candidate_pool,topic_capacity_limit,,2026-08-28,Git history and prior public-data snapshots
pubmed-42192271,PubMed,42192271,10.1097/PHM.0000000000002921,Causal Links Between Sleep Duration and Sarcopenia-Related Phenotypes: A Mendelian Randomization and Shared Genetic Mechanism Study.,resistance-training-muscle,resistance-training-muscle__high_design__recent_update_2026_06,active_candidate_needs_review,retired_from_active_candidate_pool,topic_capacity_limit,,2026-08-28,Git history and prior public-data snapshots
pubmed-42195288,PubMed,42195288,10.3390/life16050732,VSIG4 Expression During Renal Aging Is Accelerated by Type 2 Diabetes in Mice.,klotho-il11-aging,klotho_aging_human,active_candidate_needs_review,retired_from_active_candidate_pool,topic_capacity_limit,,2026-08-28,Git history and prior public-data snapshots
pubmed-42202210,PubMed,42202210,10.1093/gerona/glag140,Circulating biomarkers in older adults with and without sarcopenia: a systematic review and meta-analysis.,resistance-training-muscle,resistance-training-muscle__high_design__recent_update_2026_06,active_candidate_needs_review,retired_from_active_candidate_pool,topic_capacity_limit,,2026-08-28,Git history and prior public-data snapshots
pubmed-42203047,PubMed,42203047,10.1016/j.bbr.2026.116296,"Thyronines and thyronamines: dual modulators of synaptic plasticity, cognitive decline, and geriatric depression in the aging brain.",autophagy-mitophagy,autophagy-mitophagy__curated_recent_update_2026_08_end,intake_pending_curation,retired_from_active_candidate_pool,topic_capacity_limit,,2026-08-28,Git history and prior public-data snapshots
pubmed-42203630,PubMed,42203630,10.1016/j.landig.2025.100973,Artificial intelligence analysis of temporalis muscle thickness for monitoring sarcopenia and clinical outcomes in individuals with paediatric brain tumours: a retrospective cohort study.,resistance-training-muscle,resistance-training-muscle__high_design__recent_update_2026_06,active_candidate_needs_review,retired_from_active_candidate_pool,topic_capacity_limit,,2026-08-28,Git history and prior public-data snapshots
pubmed-42203847,PubMed,42203847,10.1038/s41598-026-54626-6,Anemia as an independent risk factor for sarcopenia in older adults: a cohort study based on CHARLS and ELSA.,resistance-training-muscle,resistance-training-muscle__high_design__recent_update_2026_06,active_candidate_needs_review,retired_from_active_candidate_pool,topic_capacity_limit,,2026-08-28,Git history and prior public-data snapshots
pubmed-42204258,PubMed,42204258,10.1038/s41598-026-53896-4,Association of latent class trajectories of frailty with incident symptomatic knee osteoarthritis in Chinese postmenopausal women: a nationwide cohort study from China.,resistance-training-muscle,resistance-training-muscle__high_design__recent_update_2026_06,active_candidate_needs_review,retired_from_active_candidate_pool,topic_capacity_limit,,2026-08-28,Git history and prior public-data snapshots
pubmed-42204820,PubMed,42204820,10.1111/joor.70217,Oral Frailty as a Marker of Intrinsic Capacity Decline: A Narrative Review on a Multisystemic Ageing Perspective.,resistance-training-muscle,resistance-training-muscle__high_design__recent_update_2026_06,active_candidate_needs_review,retired_from_active_candidate_pool,topic_capacity_limit,,2026-08-28,Git history and prior public-data snapshots
pubmed-42206488,PubMed,42206488,10.3760/cma.j.cn112150-20251217-01192,[Association between sex hormone levels and sarcopenia risk among older adults over 65 years old in longevity areas of China].,resistance-training-muscle,resistance-training-muscle__high_design__recent_update_2026_06,active_candidate_needs_review,retired_from_active_candidate_pool,topic_capacity_limit,,2026-08-28,Git history and prior public-data snapshots
pubmed-42206996,PubMed,42206996,10.1080/19485565.2026.2680709,Genetic and phenotypic associations of social isolation and loneliness with sarcopenia.,resistance-training-muscle,resistance-training-muscle__high_design__recent_update_2026_06,active_candidate_needs_review,retired_from_active_candidate_pool,topic_capacity_limit,,2026-08-28,Git history and prior public-data snapshots
pubmed-42207388,PubMed,42207388,10.1007/s11011-026-01879-9,Zinc deficiency and sarcopenia define a metabolic frailty phenotype predicting hepatic encephalopathy and early mortality in cirrhosis.,resistance-training-muscle,resistance-training-muscle__high_design__recent_update_2026_06,active_candidate_needs_review,retired_from_active_candidate_pool,topic_capacity_limit,,2026-08-28,Git history and prior public-data snapshots
pubmed-42208412,PubMed,42208412,10.1016/j.jnha.2026.100862,Exercise and nutritional interventions for sarcopenia-related fall prevention in older adults: An umbrella review.,resistance-training-muscle,resistance-training-muscle__high_design__recent_update_2026_06,active_candidate_needs_review,retired_from_active_candidate_pool,topic_capacity_limit,,2026-08-28,Git history and prior public-data snapshots
pubmed-42208483,PubMed,42208483,10.1016/j.jgo.2026.103021,"Association between Geriatric 8 frailty and overall survival, treatment intensity, and treatment tolerance in older patients with cancer (PROGNOSIS-G8).",resistance-training-muscle,resistance-training-muscle__high_design__recent_update_2026_06,active_candidate_needs_review,retired_from_active_candidate_pool,topic_capacity_limit,,2026-08-28,Git history and prior public-data snapshots
pubmed-42208952,PubMed,42208952,10.1016/j.lanhl.2026.100851,Pain and frailty progression in adult survivors of childhood cancer: a report from the St Jude Lifetime Cohort study.,resistance-training-muscle,resistance-training-muscle__high_design__recent_update_2026_06,active_candidate_needs_review,retired_from_active_candidate_pool,topic_capacity_limit,,2026-08-28,Git history and prior public-data snapshots
pubmed-42210225,PubMed,42210225,10.1186/s12957-026-04433-0,Postoperative loss of skeletal muscle mass and visceral fat predicts survival and morbidity after surgically treated non-metastatic chondrosarcoma: a longitudinal CT morphometric study.,resistance-training-muscle,resistance-training-muscle__high_design__recent_update_2026_06,active_candidate_needs_review,retired_from_active_candidate_pool,topic_capacity_limit,,2026-08-28,Git history and prior public-data snapshots
pubmed-42211688,PubMed,42211688,10.1016/j.xkme.2026.101376,JAK Inhibitor-Induced Improvement of IgA Nephropathy in a Patient With Polycythemia Vera: A Case Report.,klotho-il11-aging,il11_aging,active_candidate_needs_review,retired_from_active_candidate_pool,topic_capacity_limit,,2026-08-28,Git history and prior public-data snapshots
pubmed-42214193,PubMed,42214193,10.1016/j.jnha.2026.100883,Sugar rationing in the first 1000 days of life and risk of frailty: evidence from a natural experiment.,resistance-training-muscle,resistance-training-muscle__high_design__recent_update_2026_06,active_candidate_needs_review,retired_from_active_candidate_pool,topic_capacity_limit,,2026-08-28,Git history and prior public-data snapshots
pubmed-42214509,PubMed,42214509,10.1016/j.exger.2026.113188,Multivariable analysis of myokines as biomarkers of frailty in females.,resistance-training-muscle,resistance-training-muscle__high_design__recent_update_2026_06,active_candidate_needs_review,retired_from_active_candidate_pool,topic_capacity_limit,,2026-08-28,Git history and prior public-data snapshots
pubmed-42214691,PubMed,42214691,10.1097/JNC.0000000000000656,"Frailty in an Aging Population Living With and Without HIV: A Comparative Cross-sectional Analysis Using the Fatigue, Resistance, Ambulation, Illnesses, and Loss of Weight Scale in a Houston Urban Cohort.",resistance-training-muscle,resistance-training-muscle__high_design__recent_update_2026_06,active_candidate_needs_review,retired_from_active_candidate_pool,topic_capacity_limit,,2026-08-28,Git history and prior public-data snapshots
pubmed-42214759,PubMed,42214759,10.1016/j.neuro.2026.103478,The association between exposure to flame retardants and cognitive function in the elderly: Unveiling potential intervention strategies.,klotho-il11-aging,klotho_aging_human,active_candidate_needs_review,retired_from_active_candidate_pool,topic_capacity_limit,,2026-08-28,Git history and prior public-data snapshots
pubmed-42216209,PubMed,42216209,10.1186/s13014-026-02856-3,HyperSight(TM)-CBCT based monitoring of sarcopenia during definitive radiotherapy of prostate cancer: a longitudinal feasibility study.,resistance-training-muscle,resistance-training-muscle__high_design__recent_update_2026_06,active_candidate_needs_review,retired_from_active_candidate_pool,topic_capacity_limit,,2026-08-28,Git history and prior public-data snapshots
pubmed-42216415,PubMed,42216415,10.1097/MD.0000000000049147,Laboratory frailty index and in-hospital mortality in ARDS: A retrospective cohort study.,resistance-training-muscle,resistance-training-muscle__high_design__recent_update_2026_06,active_candidate_needs_review,retired_from_active_candidate_pool,topic_capacity_limit,,2026-08-28,Git history and prior public-data snapshots
pubmed-42218572,PubMed,42218572,10.1097/CM9.0000000000004087,Restoration of circadian rhythm as novel targets against sarcopenia.,resistance-training-muscle,resistance-training-muscle__curated_recent_update_2026_08_end,intake_pending_curation,retired_from_active_candidate_pool,topic_capacity_limit,,2026-08-28,Git history and prior public-data snapshots
pubmed-42219156,PubMed,42219156,10.1123/japa.2025-0139,Association of Physical Activity With Changes in Skeletal Muscle Mass in Patients With Acute Stroke.,resistance-training-muscle,resistance-training-muscle__high_design__recent_update_2026_06,active_candidate_needs_review,retired_from_active_candidate_pool,topic_capacity_limit,,2026-08-28,Git history and prior public-data snapshots
pubmed-42222296,PubMed,42222296,10.2147/CIA.S608726,A Preliminary Predictive Panel for Pre-Frailty Based on Serum Proteomic Biomarkers: A Two-Phase Cross-Sectional Study.,resistance-training-muscle,resistance-training-muscle__high_design__recent_update_2026_06,active_candidate_needs_review,retired_from_active_candidate_pool,topic_capacity_limit,,2026-08-28,Git history and prior public-data snapshots
pubmed-42223116,PubMed,42223116,10.1093/eurheartj/ehag411,GLI1 activation induced by intermittent hypoxia drives cardiac fibroblast activation via enhanced PKM2-mediated glycolysis.,sleep-aging,sleep-aging__curated_recent_update_2026_08_end,intake_pending_curation,retired_from_active_candidate_pool,topic_capacity_limit,,2026-08-28,Git history and prior public-data snapshots
pubmed-42223307,PubMed,42223307,10.1097/CCM.0000000000007185,Does the Frailty Burden Impact ICU Performance Indicators Benchmarking? A Multicenter Cohort Study Using Two Severity-of-Illness Scores.,resistance-training-muscle,resistance-training-muscle__high_design__recent_update_2026_06,active_candidate_needs_review,retired_from_active_candidate_pool,topic_capacity_limit,,2026-08-28,Git history and prior public-data snapshots
pubmed-42224740,PubMed,42224740,10.3171/2026.2.FOCUS251160,Frailty and postoperative outcomes following craniopharyngioma resection: a multicenter Registry for Adenomas of the Pituitary and Related Disorders analysis.,resistance-training-muscle,resistance-training-muscle__high_design__recent_update_2026_06,active_candidate_needs_review,retired_from_active_candidate_pool,topic_capacity_limit,,2026-08-28,Git history and prior public-data snapshots
pubmed-42228016,PubMed,42228016,10.1158/0008-5472.CAN-25-4466,Commensal Dysbiosis Alters Primary Bile Acid Signaling to Drive Mammary Gland Inflammation and Breast Tumor Dissemination.,microbiome-inflammaging,microbiome-inflammaging__curated_recent_update_2026_08_end,intake_pending_curation,retired_from_active_candidate_pool,topic_capacity_limit,,2026-08-28,Git history and prior public-data snapshots
pubmed-42229245,PubMed,42229245,10.1016/j.compbiomed.2026.111786,Longitudinal assessment of resting wakefulness heart rate variability and its association with sleep apnea severity.,sleep-aging,sleep-aging__curated_recent_update_2026_08_end,intake_pending_curation,retired_from_active_candidate_pool,topic_capacity_limit,,2026-08-28,Git history and prior public-data snapshots
pubmed-42251988,PubMed,42251988,10.1053/j.jrn.2026.05.006,Cognitive impairment in chronic kidney disease: pathophysiological mechanisms and potential modulatory effects of resveratrol.,klotho-il11-aging,klotho-il11-aging__recent_review_trial__recent_update_2026_06,active_candidate_needs_review,retired_from_active_candidate_pool,topic_capacity_limit,,2026-08-28,Git history and prior public-data snapshots
pubmed-42253238,PubMed,42253238,10.1056/NEJMoa2600751,Survodutide Once Weekly for the Treatment of Adults with Obesity.,glp1-weight-cardiometabolic,glp1-weight-cardiometabolic__curated_recent_update_2026_08_end,intake_pending_curation,retired_from_active_candidate_pool,topic_capacity_limit,,2026-08-28,Git history and prior public-data snapshots
pubmed-42257388,PubMed,42257388,10.1093/joneph/aajaf068,"Association of carnitine levels with muscle status, fatigue, and mortality in hemodialysis patients.",resistance-training-muscle,resistance-training-muscle__curated_recent_update_2026_08_end,intake_pending_curation,retired_from_active_candidate_pool,topic_capacity_limit,,2026-08-28,Git history and prior public-data snapshots
pubmed-42262870,PubMed,42262870,10.1172/jci.insight.201810,Semaglutide-induced loss of skeletal muscle mass is blunted by co-administration of ketone esters.,glp1-weight-cardiometabolic,glp1-weight-cardiometabolic__curated_recent_update_2026_08_end,intake_pending_curation,retired_from_active_candidate_pool,topic_capacity_limit,,2026-08-28,Git history and prior public-data snapshots
pubmed-42270313,PubMed,42270313,10.1136/bjsports-2025-111091,Optimal 24-hour movement behaviour compositions across trimesters and risk of hypertensive disorders of pregnancy: the Pregnancy 24/7 cohort study.,sleep-aging,sleep-aging__curated_recent_update_2026_08_end,intake_pending_curation,retired_from_active_candidate_pool,topic_capacity_limit,,2026-08-28,Git history and prior public-data snapshots
pubmed-42273001,PubMed,42273001,10.17925/EE.2026.22.1.2,The CKD-OSTEO Score: A Chronic Kidney Disease-specific Tool for Osteoporosis Risk Stratification.,klotho-il11-aging,klotho_aging_human,active_candidate_needs_review,retired_from_active_candidate_pool,topic_capacity_limit,,2026-08-28,Git history and prior public-data snapshots
pubmed-42275159,PubMed,42275159,10.1172/jci.insight.198842,Fatty acid amide hydrolase inhibition for treatment of amyotrophic lateral sclerosis.,autophagy-mitophagy,autophagy-mitophagy__curated_recent_update_2026_08_end,intake_pending_curation,retired_from_active_candidate_pool,topic_capacity_limit,,2026-08-28,Git history and prior public-data snapshots
pubmed-42296970,PubMed,42296970,10.1016/j.crmeth.2026.101501,Direct quantification of the metabolic heat output of individual Drosophila brains.,autophagy-mitophagy,autophagy-mitophagy__curated_recent_update_2026_08_end,intake_pending_curation,retired_from_active_candidate_pool,topic_capacity_limit,,2026-08-28,Git history and prior public-data snapshots
pubmed-42297568,PubMed,42297568,10.1002/oby.70247,SURMOUNT-REAL UK: A Pragmatic Randomized Clinical Trial to Assess the Effectiveness of Tirzepatide in Adults With Obesity.,glp1-weight-cardiometabolic,glp1-weight-cardiometabolic__recent_review_trial__recent_update_2026_06,selected_finding_draft,retired_from_active_candidate_pool,topic_capacity_limit,,2026-08-28,Git history and prior public-data snapshots
pubmed-42303274,PubMed,42303274,10.1111/dom.70991,Tirzepatide for Obesity in Adults ≥ 65 Years: A Post Hoc Analysis of the SURMOUNT and SUMMIT Clinical Trials.,glp1-weight-cardiometabolic,glp1-weight-cardiometabolic__recent_review_trial__recent_update_2026_06,selected_finding_draft,retired_from_active_candidate_pool,topic_capacity_limit,,2026-08-28,Git history and prior public-data snapshots
pubmed-42313341,PubMed,42313341,10.1007/s11033-026-12132-y,The role of fibroblast growth factor 21 in diabetes and metabolic dysfunction.,klotho-il11-aging,klotho-il11-aging__recent_review_trial__recent_update_2026_06,active_candidate_needs_review,retired_from_active_candidate_pool,topic_capacity_limit,,2026-08-28,Git history and prior public-data snapshots
pubmed-42315121,PubMed,42315121,10.1093/sleep/zsag150,Altered heart rate variability is associated with all-cause mortality in patients with co-morbid insomnia and obstructive sleep apnea.,sleep-aging,sleep-aging__curated_recent_update_2026_08_end,intake_pending_curation,retired_from_active_candidate_pool,topic_capacity_limit,,2026-08-28,Git history and prior public-data snapshots
pubmed-42320152,PubMed,42320152,10.1016/j.scitotenv.2026.181943,"Performance of moving bed biofilm, periphyton, and halophyte biofilters in marine multi-trophic aquaculture systems.",microbiome-inflammaging,microbiome-inflammaging__curated_recent_update_2026_08_end,intake_pending_curation,retired_from_active_candidate_pool,topic_capacity_limit,,2026-08-28,Git history and prior public-data snapshots
pubmed-42321442,PubMed,42321442,10.1007/s10557-026-07885-4,"Comparative Cardiovascular, Lipid, and Safety Effects of Lipid-Modifying Therapies in Diabetes: An Agent-, Class-, and Dose-Level Network Meta-Analysis.",ldl-apob-cardiovascular-risk,ldl-apob-cardiovascular-risk__high_design__recent_update_2026_06,active_candidate_needs_review,retired_from_active_candidate_pool,topic_capacity_limit,,2026-08-28,Git history and prior public-data snapshots
pubmed-42322680,PubMed,42322680,10.1016/j.vaccine.2026.128853,"Influenza, pneumococcal, and herpes zoster vaccination in Italy: Knowledge, uptake, and determinants across the adult life course.",physical-activity-healthspan,physical-activity-healthspan__curated_recent_update_2026_08_end,intake_pending_curation,retired_from_active_candidate_pool,topic_capacity_limit,,2026-08-28,Git history and prior public-data snapshots
pubmed-42324526,PubMed,42324526,10.1186/s12933-026-03269-y,Burden trajectories of stroke attributable to lipid-glucose dysfunction and biomarker validation: evidence from the global burden of disease (GBD) 2023 and the China health and retirement longitudinal study (CHARLS).,ldl-apob-cardiovascular-risk,ldl-apob-cardiovascular-risk__high_design__recent_update_2026_06,active_candidate_needs_review,retired_from_active_candidate_pool,topic_capacity_limit,,2026-08-28,Git history and prior public-data snapshots
pubmed-42331568,PubMed,42331568,10.1136/openhrt-2025-003800,Treatment and control of low-density lipoprotein for primary prevention in patients in Wales with and without depression: a study of whole-population electronic health records.,ldl-apob-cardiovascular-risk,ldl-apob-cardiovascular-risk__high_design__recent_update_2026_06,active_candidate_needs_review,retired_from_active_candidate_pool,topic_capacity_limit,,2026-08-28,Git history and prior public-data snapshots
pubmed-42331710,PubMed,42331710,10.1016/j.numecd.2026.104820,European Medicines Agency versus Italian Medicines Agency indications for icosapent ethyl: a long and winding road.,ldl-apob-cardiovascular-risk,ldl-apob-cardiovascular-risk__high_design__recent_update_2026_06,active_candidate_needs_review,retired_from_active_candidate_pool,topic_capacity_limit,,2026-08-28,Git history and prior public-data snapshots
pubmed-42334436,PubMed,42334436,10.1093/ehjcvp/pvag044,Semaglutide for primary prevention of major adverse cardiac and cerebrovascular events in patients with type 2 diabetes and comorbid rheumatoid arthritis: a target-trial emulation.,glp1-weight-cardiometabolic,glp1-weight-cardiometabolic__curated_recent_update_2026_08_end,intake_pending_curation,retired_from_active_candidate_pool,topic_capacity_limit,,2026-08-28,Git history and prior public-data snapshots
pubmed-42334799,PubMed,42334799,10.1007/s12325-026-03660-x,Experience with Tirzepatide and Weight Management During and After a Clinical Trial in Japanese Patients with Obesity Disease: A Qualitative Study.,glp1-weight-cardiometabolic,glp1-weight-cardiometabolic__recent_review_trial__recent_update_2026_06,selected_finding_draft,retired_from_active_candidate_pool,topic_capacity_limit,,2026-08-28,Git history and prior public-data snapshots
pubmed-42338167,PubMed,42338167,10.1111/dme.70406,The impact of frailty on glycaemic control in older adults with type 1 diabetes: An observational study.,,resistance-training-muscle__high_design__recent_update_2026_06,active_candidate_needs_review,retired_from_active_candidate_pool,duplicate_record,pubmed-42655951,2026-08-28,Git history and prior public-data snapshots
pubmed-42339860,PubMed,42339860,10.1080/17512433.2026.2695172,The systems medicine view of semaglutide: from clinical trials to molecular mechanisms.,glp1-weight-cardiometabolic,glp1-weight-cardiometabolic__recent_review_trial__recent_update_2026_06,selected_finding_draft,retired_from_active_candidate_pool,topic_capacity_limit,,2026-08-28,Git history and prior public-data snapshots
pubmed-42343035,PubMed,42343035,10.1186/s43556-026-00499-0,Gut microbiota and aging: current understanding and future perspectives.,microbiome-inflammaging,microbiome-inflammaging__recent_review_trial__recent_update_2026_06,active_candidate_needs_review,retired_from_active_candidate_pool,topic_capacity_limit,,2026-08-28,Git history and prior public-data snapshots
pubmed-42344045,PubMed,42344045,10.1136/bmjph-2025-002961,"Socioeconomic differences in the prevalence, treatment and control of major cardiometabolic risk factors by sex: a cross-sectional study of the UK Biobank.",ldl-apob-cardiovascular-risk,ldl-apob-cardiovascular-risk__high_design__recent_update_2026_06,active_candidate_needs_review,retired_from_active_candidate_pool,topic_capacity_limit,,2026-08-28,Git history and prior public-data snapshots
pubmed-42345643,PubMed,42345643,10.3390/arm94030038,"Reticular Basement Membrane Remodelling Regulates Bronchial Epithelial Attachment, Barrier Integrity and Inflammatory Signalling in Asthma.",klotho-il11-aging,il11_aging,active_candidate_needs_review,retired_from_active_candidate_pool,topic_capacity_limit,,2026-08-28,Git history and prior public-data snapshots
pubmed-42346101,PubMed,42346101,10.3390/cells15121074,"Determinants of Colorectal Cancer: An Integrative Immunometabolic Framework Linking Biomarkers, Therapy, and the Diet-Microbiota Axis.",microbiome-inflammaging,microbiome-inflammaging__recent_review_trial__recent_update_2026_06,active_candidate_needs_review,retired_from_active_candidate_pool,topic_capacity_limit,,2026-08-28,Git history and prior public-data snapshots
pubmed-42346411,PubMed,42346411,10.3390/metabo16060431,The Gut Microbiome in Heart Failure: Pathways to Inflammation and Therapeutic Targets.,microbiome-inflammaging,microbiome-inflammaging__recent_review_trial__recent_update_2026_06,active_candidate_needs_review,retired_from_active_candidate_pool,topic_capacity_limit,,2026-08-28,Git history and prior public-data snapshots
pubmed-42347750,PubMed,42347750,10.1111/acel.70609,Podocyte mPGES-2 Determines Renal Aging and Contributes to Senile Osteoporosis.,klotho-il11-aging,klotho_aging_human,active_candidate_needs_review,retired_from_active_candidate_pool,topic_capacity_limit,,2026-08-28,Git history and prior public-data snapshots
pubmed-42351835,PubMed,42351835,10.3390/biomedicines14061407,The Role of Salivary Microbiota in Pancreatic Cancer: From Screening to Tumor Progression and Treatment Response.,microbiome-inflammaging,microbiome-inflammaging__recent_review_trial__recent_update_2026_06,active_candidate_needs_review,retired_from_active_candidate_pool,topic_capacity_limit,,2026-08-28,Git history and prior public-data snapshots
pubmed-42353460,PubMed,42353460,10.3390/ani16121850,Strategies for Reducing Antimicrobial Use in Cattle Through Gut Microbiome Modulation: A Systematic Review of Alternatives to Antibiotics.,microbiome-inflammaging,microbiome-inflammaging__recent_review_trial__recent_update_2026_06,active_candidate_needs_review,retired_from_active_candidate_pool,topic_capacity_limit,,2026-08-28,Git history and prior public-data snapshots
pubmed-42353761,PubMed,42353761,10.3390/genes17060602,"Molecular Basis of Synergistic Causal Effect of Dual GLP-1R and GIPR Agonists for Risk Reduction in Diabetic Retinopathy, Alzheimer Disease, and Coronary Artery Disease in Diabetic Patients.",ldl-apob-cardiovascular-risk,ldl-apob-cardiovascular-risk__high_design__recent_update_2026_06,active_candidate_needs_review,retired_from_active_candidate_pool,topic_capacity_limit,,2026-08-28,Git history and prior public-data snapshots
pubmed-42353842,PubMed,42353842,10.3390/genes17060681,From Longevity Genetics to Precision Interventions: Integrating Nutrigenomics and Epigenetic Mechanisms of Ageing.,klotho-il11-aging,klotho-il11-aging__recent_review_trial__recent_update_2026_06,active_candidate_needs_review,retired_from_active_candidate_pool,topic_capacity_limit,,2026-08-28,Git history and prior public-data snapshots
pubmed-42354343,PubMed,42354343,10.3390/ijerph23060814,Perceived Exertion Is Associated with Cardiovascular Strain but Not Glycemic Response to Gym-Based Exercise in Adults with Type 1 Diabetes: An Exploratory Randomized Crossover Trial.,ldl-apob-cardiovascular-risk,ldl-apob-cardiovascular-risk__high_design__recent_update_2026_06,active_candidate_needs_review,retired_from_active_candidate_pool,topic_capacity_limit,,2026-08-28,Git history and prior public-data snapshots
pubmed-42354854,PubMed,42354854,10.3390/microorganisms14061229,The Gut-Immune Axis in Treated HIV Infection: From Mucosal Damage to Chronic Inflammation and Therapeutic Opportunities-A Clinician-Oriented Narrative Review.,microbiome-inflammaging,microbiome_healthy_aging,active_candidate_needs_review,retired_from_active_candidate_pool,topic_capacity_limit,,2026-08-28,Git history and prior public-data snapshots
pubmed-42354909,PubMed,42354909,10.3390/microorganisms14061285,"Gut Microbiota and Diabetic Complications: Potential Mechanisms, Microbial Signatures, and Clinical Implications.",microbiome-inflammaging,microbiome_healthy_aging,active_candidate_needs_review,retired_from_active_candidate_pool,topic_capacity_limit,,2026-08-28,Git history and prior public-data snapshots
pubmed-42355563,PubMed,42355563,10.3390/life16061039,"Beyond HPV in Eastern Europe: Genotype Distribution, Molecular Biomarkers, Vaginal Microbiome, and Implications for Cervical Cancer Prevention.",microbiome-inflammaging,microbiome-inflammaging__recent_review_trial__recent_update_2026_06,active_candidate_needs_review,retired_from_active_candidate_pool,topic_capacity_limit,,2026-08-28,Git history and prior public-data snapshots
pubmed-42356299,PubMed,42356299,10.3390/nu18121911,Diet-Microbiota-Immune Interactions in Hepatocellular Carcinoma: An Immunometabolic and Spatial Perspective.,microbiome-inflammaging,microbiome-inflammaging__recent_review_trial__recent_update_2026_06,active_candidate_needs_review,retired_from_active_candidate_pool,topic_capacity_limit,,2026-08-28,Git history and prior public-data snapshots
pubmed-42356363,PubMed,42356363,10.3390/nu18121978,"Mind the Gut: Cognitive Decline, Microbiota, and Nutrition-Related Modulators in Older Adults with Chronic Kidney Disease.",microbiome-inflammaging,microbiome-inflammaging__recent_review_trial__recent_update_2026_06,active_candidate_needs_review,retired_from_active_candidate_pool,topic_capacity_limit,,2026-08-28,Git history and prior public-data snapshots
pubmed-42358238,PubMed,42358238,10.1016/j.vas.2026.100731,"Dietary inclusion of black cumin (Nigella sativa L.) seed meal in broiler chickens: Effects on growth performance, cecal microbiota, and cost efficiency.",microbiome-inflammaging,microbiome-inflammaging__recent_review_trial__recent_update_2026_06,active_candidate_needs_review,retired_from_active_candidate_pool,topic_capacity_limit,,2026-08-28,Git history and prior public-data snapshots
pubmed-42358638,PubMed,42358638,10.3389/fcvm.2026.1831654,Association of the inflammatory burden index with 1-year major adverse cardiovascular events in patients with HFpEF after myocardial infarction: a single-center retrospective cohort study.,ldl-apob-cardiovascular-risk,ldl-apob-cardiovascular-risk__high_design__recent_update_2026_06,active_candidate_needs_review,retired_from_active_candidate_pool,topic_capacity_limit,,2026-08-28,Git history and prior public-data snapshots
pubmed-42360674,PubMed,42360674,10.1002/1873-3468.70397,Design and analysis strategies for robust microbiome ageing research.,microbiome-inflammaging,microbiome-inflammaging__recent_review_trial__recent_update_2026_06,active_candidate_needs_review,retired_from_active_candidate_pool,topic_capacity_limit,,2026-08-28,Git history and prior public-data snapshots
pubmed-42363746,PubMed,42363746,10.1002/1873-3468.70391,Overlapping gut microbiome signatures in aging and disease are characterized by enrichment of medication-associated oral microbes in the gut.,microbiome-inflammaging,microbiome-inflammaging__recent_review_trial__recent_update_2026_06,active_candidate_needs_review,retired_from_active_candidate_pool,topic_capacity_limit,,2026-08-28,Git history and prior public-data snapshots
pubmed-42364737,PubMed,42364737,10.1016/j.rmed.2026.109004,"The lung microbiome in hematopoietic stem cell transplantation: immune interactions, clinical consequences, and emerging interventions.",microbiome-inflammaging,microbiome-inflammaging__recent_review_trial__recent_update_2026_06,active_candidate_needs_review,retired_from_active_candidate_pool,topic_capacity_limit,,2026-08-28,Git history and prior public-data snapshots
pubmed-42365234,PubMed,42365234,10.1186/s12872-026-06101-3,Longitudinal changes and cumulative exposure of cardiometabolic index predict cardiovascular disease risk in middle-aged and older adults: a national prospective cohort study.,ldl-apob-cardiovascular-risk,ldl-apob-cardiovascular-risk__high_design__recent_update_2026_06,active_candidate_needs_review,retired_from_active_candidate_pool,topic_capacity_limit,,2026-08-28,Git history and prior public-data snapshots
pubmed-42371397,PubMed,42371397,10.1007/s40263-026-01312-w,Impact of Omaveloxolone on Serum Lipids in Patients with Friedreich Ataxia: A 1-Year Real-World Analysis.,ldl-apob-cardiovascular-risk,ldl-apob-cardiovascular-risk__high_design__recent_update_2026_07,active_candidate_needs_review,retired_from_active_candidate_pool,topic_capacity_limit,,2026-08-28,Git history and prior public-data snapshots
pubmed-42374831,PubMed,42374831,10.1093/cvr/cvag146,The gut-heart axis in cardio-oncology.,microbiome-inflammaging,microbiome-inflammaging__curated_recent_update_2026_08_end,intake_pending_curation,retired_from_active_candidate_pool,topic_capacity_limit,,2026-08-28,Git history and prior public-data snapshots
pubmed-42377735,PubMed,42377735,10.1007/s11011-026-01922-9,The interplay between gut microbiota and Alzheimer's disease: mechanistic insights from dysbiosis to disease modulation.,microbiome-inflammaging,cognitive_decline_dementia_prevention,active_candidate_needs_review,retired_from_active_candidate_pool,topic_capacity_limit,,2026-08-28,Git history and prior public-data snapshots
pubmed-42381136,PubMed,42381136,10.2174/011573403X421246251128050146,"Cardiovascular Risk Assessment: A Review of Current Models and Emerging Determinants, including Biomarkers, Genetics, and Artificial Intelligence.",ldl-apob-cardiovascular-risk,ldl-apob-cardiovascular-risk__high_design__recent_update_2026_07,active_candidate_needs_review,retired_from_active_candidate_pool,topic_capacity_limit,,2026-08-28,Git history and prior public-data snapshots
pubmed-42381871,PubMed,42381871,10.3389/fendo.2026.1843249,Serum testosterone and cardiometabolic risk in Nigerian men with type 2 diabetes: a cross-sectional study.,ldl-apob-cardiovascular-risk,ldl-apob-cardiovascular-risk__high_design__recent_update_2026_07,active_candidate_needs_review,retired_from_active_candidate_pool,topic_capacity_limit,,2026-08-28,Git history and prior public-data snapshots
pubmed-42385644,PubMed,42385644,10.1016/j.atherosclerosis.2026.120824,Causal insights of modifiable cardiovascular risk factors for dementia risk - potential for efficient prevention and improved brain health.,ldl-apob-cardiovascular-risk,ldl-apob-cardiovascular-risk__high_design__recent_update_2026_07,active_candidate_needs_review,retired_from_active_candidate_pool,topic_capacity_limit,,2026-08-28,Git history and prior public-data snapshots
pubmed-42387672,PubMed,42387672,10.1111/dme.70382,Hyperlipidaemia in youth with type 1 diabetes: Are current guidelines clinically useful?,ldl-apob-cardiovascular-risk,ldl-apob-cardiovascular-risk__high_design__recent_update_2026_07,active_candidate_needs_review,retired_from_active_candidate_pool,topic_capacity_limit,,2026-08-28,Git history and prior public-data snapshots
pubmed-42389799,PubMed,42389799,10.1039/d6an00340k,Monitoring food spoilage biogenic amines utilizing a blue-emitting fluorescent ionic liquid.,autophagy-mitophagy,autophagy-mitophagy__curated_recent_update_2026_08_end,intake_pending_curation,retired_from_active_candidate_pool,topic_capacity_limit,,2026-08-28,Git history and prior public-data snapshots
pubmed-42390364,PubMed,42390364,10.1177/13872877261465913,Gut microbiota alterations in Alzheimer's disease and mild cognitive impairment: A systematic review and meta-analysis.,microbiome-inflammaging,microbiome-inflammaging__recent_review_trial__recent_update_2026_07,active_candidate_needs_review,retired_from_active_candidate_pool,topic_capacity_limit,,2026-08-28,Git history and prior public-data snapshots
pubmed-42395079,PubMed,42395079,10.1016/j.ajpc.2026.101681,Phenogroup-based stratification of cardiovascular risk in obstructive sleep apnea.,sleep-aging,sleep-aging__curated_recent_update_2026_08,selected_finding_draft,retired_from_active_candidate_pool,topic_capacity_limit,,2026-08-28,Git history and prior public-data snapshots
pubmed-42396442,PubMed,42396442,10.3389/fimmu.2026.1865498,Gut barrier-microbiota crosstalk in sepsis: from pathogenesis to potential therapies.,microbiome-inflammaging,microbiome-inflammaging__recent_review_trial__recent_update_2026_07,active_candidate_needs_review,retired_from_active_candidate_pool,topic_capacity_limit,,2026-08-28,Git history and prior public-data snapshots
pubmed-42397280,PubMed,42397280,10.1097/BSD.0000000000002113,Preoperative Use of GLP-1 Receptor Agonists Is Associated With Reduced Risk of Postoperative DVT and Mortality in Patients Undergoing Lumbar Laminectomy.,glp1-weight-cardiometabolic,obesity_weight_loss_mortality_aging,selected_finding_draft,retired_from_active_candidate_pool,topic_capacity_limit,,2026-08-28,Git history and prior public-data snapshots
pubmed-42397965,PubMed,42397965,10.1093/eurjpc/zwag341,Rethinking triglycerides in the management of ASCVD.,ldl-apob-cardiovascular-risk,ldl-apob-cardiovascular-risk__high_design__recent_update_2026_07,active_candidate_needs_review,retired_from_active_candidate_pool,topic_capacity_limit,,2026-08-28,Git history and prior public-data snapshots
pubmed-42400648,PubMed,42400648,10.1007/s00262-026-04488-8,GLP-1 receptor agonists at immune checkpoint inhibitor initiation with immune-related and supportive-care outcomes in patients with cancer and overweight or obesity without diabetes: a target trial emulation.,glp1-weight-cardiometabolic,obesity_weight_loss_mortality_aging,selected_finding_draft,retired_from_active_candidate_pool,topic_capacity_limit,,2026-08-28,Git history and prior public-data snapshots
pubmed-42400751,PubMed,42400751,10.1007/s12602-026-11136-1,Paradigm Shift of Microbiota-gut-brain Axis During Aging: Potential Role of Probiotics to Improve Cognitive Decline.,microbiome-inflammaging,microbiome-inflammaging__recent_review_trial__recent_update_2026_07,active_candidate_needs_review,retired_from_active_candidate_pool,topic_capacity_limit,,2026-08-28,Git history and prior public-data snapshots
pubmed-42404153,PubMed,42404153,10.3389/fnut.2026.1839029,Five-Year outcomes of a digitally delivered carbohydrate-reduced nutrition intervention for prediabetes: durability of diabetes prevention.,ldl-apob-cardiovascular-risk,ldl-apob-cardiovascular-risk__high_design__recent_update_2026_07,active_candidate_needs_review,retired_from_active_candidate_pool,topic_capacity_limit,,2026-08-28,Git history and prior public-data snapshots
pubmed-42404770,PubMed,42404770,10.3389/fcimb.2026.1823125,Gut microbiota as a therapeutic target in sepsis-induced multi-organ dysfunction: a review.,microbiome-inflammaging,microbiome-inflammaging__recent_review_trial__recent_update_2026_07,active_candidate_needs_review,retired_from_active_candidate_pool,topic_capacity_limit,,2026-08-28,Git history and prior public-data snapshots
pubmed-42412132,PubMed,42412132,10.1007/s00192-026-06789-z,Gut microbiome profile and inflammatory response in pelvic organ prolapse: A pilot study.,microbiome-inflammaging,microbiome_healthy_aging,selected_finding_draft,retired_from_active_candidate_pool,topic_capacity_limit,,2026-08-28,Git history and prior public-data snapshots
pubmed-42413473,PubMed,42413473,10.1016/j.cmet.2026.06.009,FGF21 connects ER stress to sulfide signaling to enhance cellular resilience.,klotho-il11-aging,klotho_aging_human,active_candidate_needs_review,retired_from_active_candidate_pool,topic_capacity_limit,,2026-08-28,Git history and prior public-data snapshots
pubmed-42413683,PubMed,42413683,10.1016/j.athoracsur.2026.06.059,Coronary Artery Bypass Grafting vs Percutaneous Coronary Intervention for Stable Multivessel Coronary Disease in the Current Era.,resistance-training-muscle,resistance-training-muscle__curated_recent_update_2026_08_end,intake_pending_curation,retired_from_active_candidate_pool,topic_capacity_limit,,2026-08-28,Git history and prior public-data snapshots
pubmed-42413699,PubMed,42413699,10.1016/j.arr.2026.103245,"Brain health across the lifespan and the impact of nutrition, exercise, microbiota, and sleep.",microbiome-inflammaging,microbiome-inflammaging__recent_review_trial__recent_update_2026_07,active_candidate_needs_review,retired_from_active_candidate_pool,topic_capacity_limit,,2026-08-28,Git history and prior public-data snapshots
pubmed-42415721,PubMed,42415721,10.1002/gps3.70036,"Gut microbiota-targeted interventions for depression in adolescents and young adults: Mechanisms, evidence strength and clinical strategies-A narrative review.",microbiome-inflammaging,microbiome-inflammaging__recent_review_trial__recent_update_2026_07,active_candidate_needs_review,retired_from_active_candidate_pool,topic_capacity_limit,,2026-08-28,Git history and prior public-data snapshots
pubmed-42423536,PubMed,42423536,10.1002/advs.76460,Frequent Sweetened Beverage Consumption Is Associated With Accelerated Biological Aging: Evidence From a Population-Based Study and Gut Microbiota Analysis.,microbiome-inflammaging,microbiome_healthy_aging,selected_finding_draft,retired_from_active_candidate_pool,topic_capacity_limit,,2026-08-28,Git history and prior public-data snapshots
pubmed-42425878,PubMed,42425878,10.1016/j.pcd.2026.07.001,Accumulation of multiple uncontrolled risk factors among individuals with type 2 diabetes: a cross-sectional study of a registry-based cohort.,ldl-apob-cardiovascular-risk,ldl-apob-cardiovascular-risk__high_design__recent_update_2026_07,active_candidate_needs_review,retired_from_active_candidate_pool,topic_capacity_limit,,2026-08-28,Git history and prior public-data snapshots
pubmed-42429817,PubMed,42429817,10.1128/iai.00234-26,Genitourinary microbiota in older women: a persistent knowledge gap that limits clinical and research progress.,microbiome-inflammaging,microbiome-inflammaging__recent_review_trial__recent_update_2026_07,active_candidate_needs_review,retired_from_active_candidate_pool,topic_capacity_limit,,2026-08-28,Git history and prior public-data snapshots
pubmed-42433658,PubMed,42433658,10.1515/med-2026-1489,Computational and experimental evidence supports the modulation of inflammaging-related pathways by Sorghum bicolor 3-deoxyanthocyanidins.,microbiome-inflammaging,inflammaging_interventions,selected_finding_draft,retired_from_active_candidate_pool,topic_capacity_limit,,2026-08-28,Git history and prior public-data snapshots
pubmed-42437837,PubMed,42437837,10.1007/s12098-026-06300-y,Gut Microbiome in Neonatal Necrotizing Enterocolitis - A Comprehensive Review of Evidence.,microbiome-inflammaging,microbiome-inflammaging__recent_review_trial__recent_update_2026_07,active_candidate_needs_review,retired_from_active_candidate_pool,topic_capacity_limit,,2026-08-28,Git history and prior public-data snapshots
pubmed-42446420,PubMed,42446420,10.1093/ndt/gfag164,Risk factor obesity: treatment standard.,microbiome-inflammaging,microbiome-inflammaging__curated_recent_update_2026_08_end,intake_pending_curation,retired_from_active_candidate_pool,topic_capacity_limit,,2026-08-28,Git history and prior public-data snapshots
pubmed-42448934,PubMed,42448934,10.1007/s00277-026-07176-w,Acute myeloid leukemia and gut microbiome: bidirectional effects and opportunities for intervention.,microbiome-inflammaging,microbiome-inflammaging__recent_review_trial__recent_update_2026_07,active_candidate_needs_review,retired_from_active_candidate_pool,topic_capacity_limit,,2026-08-28,Git history and prior public-data snapshots
pubmed-42457353,PubMed,42457353,10.3899/jrheum.2026-0088,What Affects Care Complexity in Rheumatoid Arthritis? An Integrative Review of Complexity Domains and Associated Patient and Health System Outcomes.,resistance-training-muscle,resistance-training-muscle__curated_recent_update_2026_08_end,intake_pending_curation,retired_from_active_candidate_pool,topic_capacity_limit,,2026-08-28,Git history and prior public-data snapshots
pubmed-42461036,PubMed,42461036,10.1128/aem.00311-26,Tracking interlinked microbial and geochemical succession over decades in landfilled municipal solid waste.,microbiome-inflammaging,microbiome-inflammaging__curated_recent_update_2026_08_end,intake_pending_curation,retired_from_active_candidate_pool,topic_capacity_limit,,2026-08-28,Git history and prior public-data snapshots
pubmed-42461643,PubMed,42461643,10.1001/jama.2026.11895,Hip Fractures: A Review.,physical-activity-healthspan,physical-activity-healthspan__curated_recent_update_2026_08_end,intake_pending_curation,retired_from_active_candidate_pool,topic_capacity_limit,,2026-08-28,Git history and prior public-data snapshots
pubmed-42462725,PubMed,42462725,10.1016/j.xcrm.2026.102919,Alterations of the host-lung microbiome metasystem in systemic inflammatory response syndrome is associated with secondary pneumonia.,microbiome-inflammaging,microbiome-inflammaging__recent_review_trial__recent_update_2026_07,active_candidate_needs_review,retired_from_active_candidate_pool,topic_capacity_limit,,2026-08-28,Git history and prior public-data snapshots
pubmed-42463407,PubMed,42463407,10.1016/j.scib.2026.07.038,Biallelic hexose-6-phosphate dehydrogenase variants cause mitochondrial dysfunction underlying Parkinson's disease.,autophagy-mitophagy,autophagy-mitophagy__curated_recent_update_2026_08_end,intake_pending_curation,retired_from_active_candidate_pool,topic_capacity_limit,,2026-08-28,Git history and prior public-data snapshots
pubmed-42467131,PubMed,42467131,10.1007/s10653-026-03370-x,"Microplastics, the gut microbiome and ageing: mechanisms and intervention strategies.",microbiome-inflammaging,microbiome-inflammaging__recent_review_trial__recent_update_2026_07,active_candidate_needs_review,retired_from_active_candidate_pool,topic_capacity_limit,,2026-08-28,Git history and prior public-data snapshots
pubmed-42468556,PubMed,42468556,10.1088/1361-6579/ae8ca9,Predicting gait and timed up and go time using foot-tapping test and accelerometer.,resistance-training-muscle,resistance-training-muscle__curated_recent_update_2026_08_end,intake_pending_curation,retired_from_active_candidate_pool,topic_capacity_limit,,2026-08-28,Git history and prior public-data snapshots
pubmed-42473972,PubMed,42473972,10.1039/d6nr01324d,Engineering biomaterial-mediated delivery for osteoarthritis: targeting aging mechanisms to reestablish joint homeostasis.,autophagy-mitophagy,autophagy-mitophagy__curated_recent_update_2026_08_end,intake_pending_curation,retired_from_active_candidate_pool,topic_capacity_limit,,2026-08-28,Git history and prior public-data snapshots
pubmed-42475055,PubMed,42475055,10.1039/d6fo02531e,Enzymatically hydrolyzed steam-exploded rice bran alleviates bone loss in D-galactose-induced aging mice through modulation of the gut-bone axis.,microbiome-inflammaging,microbiome-inflammaging__curated_recent_update_2026_08_end,intake_pending_curation,retired_from_active_candidate_pool,topic_capacity_limit,,2026-08-28,Git history and prior public-data snapshots
pubmed-42475653,PubMed,42475653,10.1212/WNL.0000000000218297,Multidomain Lifestyle Intervention in Mild Cognitive Impairment: Subgroup Analysis of the SUPERBRAIN-MEET Randomized Trial.,blood-pressure-aging,blood-pressure-aging__curated_recent_update_2026_08_end,intake_pending_curation,retired_from_active_candidate_pool,topic_capacity_limit,,2026-08-28,Git history and prior public-data snapshots
pubmed-42479076,PubMed,42479076,10.1021/acs.jafc.6c02121,Protective Effects of 18β-Glycyrrhetinic Acid against Inflammaging in Adipose Tissue of Diet-Induced Obese Mice.,microbiome-inflammaging,microbiome-inflammaging__curated_recent_update_2026_08,selected_finding_draft,retired_from_active_candidate_pool,topic_capacity_limit,,2026-08-28,Git history and prior public-data snapshots
pubmed-42479996,PubMed,42479996,10.1212/WNL.0000000000218281,A Predictive Model for Short-Term Mortality After Status Epilepticus: The ACARD Score.,resistance-training-muscle,resistance-training-muscle__curated_recent_update_2026_08_end,intake_pending_curation,retired_from_active_candidate_pool,topic_capacity_limit,,2026-08-28,Git history and prior public-data snapshots
pubmed-42480622,PubMed,42480622,10.1016/j.arr.2026.103269,Microbiome remodeling during aging: Integrative multi-omics and spatiotemporal perspectives on immune and metabolic regulation.,microbiome-inflammaging,microbiome-inflammaging__recent_review_trial__recent_update_2026_07,active_candidate_needs_review,retired_from_active_candidate_pool,topic_capacity_limit,,2026-08-28,Git history and prior public-data snapshots
pubmed-42481422,PubMed,42481422,10.1136/rmdopen-2026-006962,Oral microbiome dysbiosis and oral-gut microbial network disruption in hand osteoarthritis: data from the Xiangya Osteoarthritis Study.,microbiome-inflammaging,microbiome-inflammaging__recent_review_trial__recent_update_2026_07,active_candidate_needs_review,retired_from_active_candidate_pool,topic_capacity_limit,,2026-08-28,Git history and prior public-data snapshots
pubmed-42484635,PubMed,42484635,10.1007/s00391-026-02619-5,[Misdirected intercellular communication in aging and chronic inflammation].,microbiome-inflammaging,microbiome-inflammaging__curated_recent_update_2026_08,active_candidate_needs_review,retired_from_active_candidate_pool,topic_capacity_limit,,2026-08-28,Git history and prior public-data snapshots
pubmed-42496153,PubMed,42496153,10.1128/aem.00854-26,Faecalibacterium duncaniae-derived metabolites protect intestinal epithelial integrity under inflammatory conditions in dairy calves.,microbiome-inflammaging,microbiome-inflammaging__curated_recent_update_2026_08_end,intake_pending_curation,retired_from_active_candidate_pool,topic_capacity_limit,,2026-08-28,Git history and prior public-data snapshots
pubmed-42500581,PubMed,42500581,10.32604/or.2026.079281,"The Intratumoral Microbiota in Breast Cancer: Roles in Progression, Immunity, and Therapy.",microbiome-inflammaging,microbiome-inflammaging__recent_review_trial__recent_update_2026_07,active_candidate_needs_review,retired_from_active_candidate_pool,topic_capacity_limit,,2026-08-28,Git history and prior public-data snapshots
pubmed-42505588,PubMed,42505588,10.3390/diseases14070260,The Microbiota as a Potential Cause of Disease.,microbiome-inflammaging,microbiome-inflammaging__recent_review_trial__recent_update_2026_07,active_candidate_needs_review,retired_from_active_candidate_pool,topic_capacity_limit,,2026-08-28,Git history and prior public-data snapshots
pubmed-42508392,PubMed,42508392,10.14336/AD.2026.0606,Targeting the Microbiota-Butyrate-BHB Axis As a Potential Metabolic Therapeutic Strategy for Alzheimer's Disease.,microbiome-inflammaging,microbiome-inflammaging__recent_review_trial__recent_update_2026_07,active_candidate_needs_review,retired_from_active_candidate_pool,topic_capacity_limit,,2026-08-28,Git history and prior public-data snapshots
pubmed-42511708,PubMed,42511708,10.3390/ijms27146369,"A Defined Synbiotic Produces Immunomodulatory Metabolites, Engages Gut-Immune Pathways Relevant to Inflammaging, and Supports Healthy Aging in a Nematode Model.",microbiome-inflammaging,microbiome-inflammaging__recent_review_trial__recent_update_2026_07,active_candidate_needs_review,retired_from_active_candidate_pool,topic_capacity_limit,,2026-08-28,Git history and prior public-data snapshots
pubmed-42515971,PubMed,42515971,10.1097/MOT.0000000000001304,Gut microbiota links to infection in liver transplantation.,microbiome-inflammaging,microbiome-inflammaging__recent_review_trial__recent_update_2026_07,active_candidate_needs_review,retired_from_active_candidate_pool,topic_capacity_limit,,2026-08-28,Git history and prior public-data snapshots
pubmed-42517218,PubMed,42517218,10.1161/CIRCULATIONAHA.126.079391,Risk-Guided Screening for Atrial Fibrillation Using Electronic Health Records.,blood-pressure-aging,blood-pressure-aging__curated_recent_update_2026_08_end,intake_pending_curation,retired_from_active_candidate_pool,topic_capacity_limit,,2026-08-28,Git history and prior public-data snapshots
pubmed-42517623,PubMed,42517623,10.1128/msystems.01800-25,Participant engagement and feedback in microbiome projects: a case of AWI-Gen 2.,microbiome-inflammaging,microbiome-inflammaging__curated_recent_update_2026_08_end,intake_pending_curation,retired_from_active_candidate_pool,topic_capacity_limit,,2026-08-28,Git history and prior public-data snapshots
pubmed-42517673,PubMed,42517673,10.1039/d6fo01132b,Upcycled porcine whole-blood protein hydrolysate attenuates age-related sarcopenia-like phenotypes in Caenorhabditis elegans in an RSKS-1-dependent manner.,resistance-training-muscle,resistance-training-muscle__curated_recent_update_2026_08_end,intake_pending_curation,retired_from_active_candidate_pool,topic_capacity_limit,,2026-08-28,Git history and prior public-data snapshots
pubmed-42519061,PubMed,42519061,10.1016/j.isci.2026.116770,TRF2 enriched cytoplasmic chromatin drives cGAS-STAT1-mediated inflammation in senescence.,metformin-aging,metformin-aging__curated_recent_update_2026_08_end,intake_pending_curation,retired_from_active_candidate_pool,topic_capacity_limit,,2026-08-28,Git history and prior public-data snapshots
pubmed-42522575,PubMed,42522575,10.1161/CIRCRESAHA.125.327192,Methylmalonate Overload Despite Glycemic Control Drives Diabetic Heart Damage.,metformin-aging,metformin-aging__curated_recent_update_2026_08_end,intake_pending_curation,retired_from_active_candidate_pool,topic_capacity_limit,,2026-08-28,Git history and prior public-data snapshots
pubmed-42525904,PubMed,42525904,10.1212/WNL.0000000000218182,Association of Sleep Variables With Cognitive Performance and the Risk of Dementia in the Sleep and Dementia Consortium.,sleep-aging,sleep-aging__curated_recent_update_2026_08_end,intake_pending_curation,retired_from_active_candidate_pool,topic_capacity_limit,,2026-08-28,Git history and prior public-data snapshots
pubmed-42530981,PubMed,42530981,10.1080/1028415X.2026.2710185,"Dietary plant polysaccharides as modulators of brain aging: mechanistic links to inflammaging, the gut brain axis and amyloid tau pathology.",microbiome-inflammaging,microbiome_healthy_aging,active_candidate_needs_review,retired_from_active_candidate_pool,topic_capacity_limit,,2026-08-28,Git history and prior public-data snapshots
pubmed-42535667,PubMed,42535667,10.1080/14779072.2026.2713476,Early changes in renal function do not appear to mediate cardiovascular risk with dapagliflozin plus semaglutide: a real-world observational hypothesis-generating cohort study.,glp1-weight-cardiometabolic,obesity_weight_loss_mortality_aging,selected_finding_draft,retired_from_active_candidate_pool,topic_capacity_limit,,2026-08-28,Git history and prior public-data snapshots
pubmed-42545547,PubMed,42545547,10.1007/s12020-026-04734-0,Association of the triglyceride glucose-Chinese visceral adiposity index with incident sarcopenia among middle-aged and older adults with diabetes: a prospective cohort study.,resistance-training-muscle,resistance-training-muscle__curated_recent_update_2026_08,selected_finding_draft,retired_from_active_candidate_pool,topic_capacity_limit,,2026-08-28,Git history and prior public-data snapshots
pubmed-42547571,PubMed,42547571,10.1038/s41393-026-01248-4,Predictive value of the 5-factor modified frailty index for pneumonia in older adults with cervical spinal cord injury.,resistance-training-muscle,resistance-training-muscle__curated_recent_update_2026_08,selected_finding_draft,retired_from_active_candidate_pool,topic_capacity_limit,,2026-08-28,Git history and prior public-data snapshots
pubmed-42547694,PubMed,42547694,10.1007/s44470-026-00145-0,"Validation of a deep learning-based system for sleep staging, arousal detection, and respiratory event scoring in atrial fibrillation patients.",sleep-aging,sleep-aging__curated_recent_update_2026_08,selected_finding_draft,retired_from_active_candidate_pool,topic_capacity_limit,,2026-08-28,Git history and prior public-data snapshots
pubmed-42550905,PubMed,42550905,10.1073/pnas.2610287123,Early-life sugar restriction causally reduces adult cancer incidence and slows biological aging.,microbiome-inflammaging,microbiome-inflammaging__curated_recent_update_2026_08_end,intake_pending_curation,retired_from_active_candidate_pool,topic_capacity_limit,,2026-08-28,Git history and prior public-data snapshots
pubmed-42550990,PubMed,42550990,10.1212/WNL.0000000000218305,Association Between White Matter Integrity and Cognitive Performance Among Diverse Older Hispanic/Latino Adults in SOL-INCA MRI.,blood-pressure-aging,blood-pressure-aging__curated_recent_update_2026_08_end,intake_pending_curation,retired_from_active_candidate_pool,topic_capacity_limit,,2026-08-28,Git history and prior public-data snapshots
pubmed-42552590,PubMed,42552590,10.1080/08037051.2026.2714591,"Commentary on ""hypertension and frailty among middle-aged and older adults in India: the mediating role of multimorbidity"".",resistance-training-muscle,resistance-training-muscle__curated_recent_update_2026_08_end,intake_pending_curation,retired_from_active_candidate_pool,topic_capacity_limit,,2026-08-28,Git history and prior public-data snapshots
pubmed-42556059,PubMed,42556059,10.1016/j.ejphar.2026.179208,The dual role of cell death in skeletal muscle homeostasis and disease: Mechanisms and therapeutic targeting.,resistance-training-muscle,resistance-training-muscle__curated_recent_update_2026_08_end,intake_pending_curation,retired_from_active_candidate_pool,topic_capacity_limit,,2026-08-28,Git history and prior public-data snapshots
pubmed-42559700,PubMed,42559700,10.1097/BOR.0000000000001181,"Hyper-aging in systemic sclerosis: linking genome instability, mitochondrial dysfunction, and inflammaging to fibrosis.",microbiome-inflammaging,microbiome-inflammaging__curated_recent_update_2026_08,active_candidate_needs_review,retired_from_active_candidate_pool,topic_capacity_limit,,2026-08-28,Git history and prior public-data snapshots
pubmed-42562320,PubMed,42562320,10.1016/j.clnesp.2026.105014,PHASE ANGLE AS A MARKER OF FRAILTY AND PROGNOSIS IN HEART FAILURE: EVIDENCE FROM A PROSPECTIVE COHORT STUDY.,resistance-training-muscle,resistance-training-muscle__curated_recent_update_2026_08,selected_finding_draft,retired_from_active_candidate_pool,topic_capacity_limit,,2026-08-28,Git history and prior public-data snapshots
pubmed-42562786,PubMed,42562786,10.1111/ans.70893,Perioperative Multidisciplinary Team Meetings: Illness Phases and Frailty in High-Risk Surgical Candidates.,resistance-training-muscle,resistance-training-muscle__curated_recent_update_2026_08,selected_finding_draft,retired_from_active_candidate_pool,topic_capacity_limit,,2026-08-28,Git history and prior public-data snapshots
pubmed-42566035,PubMed,42566035,10.1007/s00203-026-05083-2,Host Gnmt coordinates with Limosilactobacillus reuteri to alleviate ionizing radiation injury via microbiota remodeling and metabolic regulation in Drosophila melanogaster.,microbiome-inflammaging,microbiome-inflammaging__curated_recent_update_2026_08,active_candidate_needs_review,retired_from_active_candidate_pool,topic_capacity_limit,,2026-08-28,Git history and prior public-data snapshots
pubmed-42567799,PubMed,42567799,10.1016/j.jos.2026.07.014,Oxidative Stress Predicts Sarcopenia Progression in Community Dwellers: A Minimum 5-Year Longitudinal Cohort.,resistance-training-muscle,resistance-training-muscle__curated_recent_update_2026_08,selected_finding_draft,retired_from_active_candidate_pool,topic_capacity_limit,,2026-08-28,Git history and prior public-data snapshots
pubmed-42568114,PubMed,42568114,10.1097/CRD.0000000000001425,The Senescent Heart's Hidden Drain: Senescence-Associated Secretory Phenotype-Mediated Cardiac Lymphatic Dysfunction as a Novel Mechanistic Axis in Heart Failure With Preserved Ejection Fraction: A Narrative Review.,senolytics,senolytics__curated_recent_update_2026_08,active_candidate_needs_review,retired_from_active_candidate_pool,topic_capacity_limit,,2026-08-28,Git history and prior public-data snapshots
pubmed-42568240,PubMed,42568240,10.1002/1873-3468.70412,Microbiome-blood-brain barrier interactions in aging - mechanisms and therapeutic potential.,microbiome-inflammaging,microbiome-inflammaging__curated_recent_update_2026_08,active_candidate_needs_review,retired_from_active_candidate_pool,topic_capacity_limit,,2026-08-28,Git history and prior public-data snapshots
pubmed-42570033,PubMed,42570033,10.1007/s12020-026-04738-w,Association of the combined triglyceride-glucose and frailty index with chronic kidney disease: evidence from two national cohort studies.,resistance-training-muscle,resistance-training-muscle__curated_recent_update_2026_08,selected_finding_draft,retired_from_active_candidate_pool,topic_capacity_limit,,2026-08-28,Git history and prior public-data snapshots
pubmed-42570075,PubMed,42570075,10.1007/s10620-026-10171-w,Impact of GLP-1 Analogue Therapy on Gastrointestinal Outcomes in Patients with Irritable Bowel Syndrome: A Real-World TriNetX Analysis.,glp1-weight-cardiometabolic,glp1-weight-cardiometabolic__curated_recent_update_2026_08,selected_finding_draft,retired_from_active_candidate_pool,topic_capacity_limit,,2026-08-28,Git history and prior public-data snapshots
pubmed-42570308,PubMed,42570308,10.1093/jbmr/zjag122,Suppression of early pro-inflammatory senescent signature post-radiotherapy mitigates chronic bone damage.,senolytics,senolytics__curated_recent_update_2026_08,active_candidate_needs_review,retired_from_active_candidate_pool,topic_capacity_limit,,2026-08-28,Git history and prior public-data snapshots
pubmed-42570555,PubMed,42570555,10.1016/j.jnha.2026.100936,Effects of intrinsic capacity on health-related outcomes are moderated by frailty status among community-dwelling older adults.,resistance-training-muscle,resistance-training-muscle__curated_recent_update_2026_08,selected_finding_draft,retired_from_active_candidate_pool,topic_capacity_limit,,2026-08-28,Git history and prior public-data snapshots
pubmed-42571764,PubMed,42571764,10.1016/j.cyto.2026.157194,Translational perspectives of next-generation cytokine therapies for musculoskeletal disorders.,resistance-training-muscle,resistance-training-muscle__curated_recent_update_2026_08_end,intake_pending_curation,retired_from_active_candidate_pool,topic_capacity_limit,,2026-08-28,Git history and prior public-data snapshots
pubmed-42572036,PubMed,42572036,10.1186/s40104-026-01480-1,Dietary theabrownins alleviate age-related declines in productive performance and egg quality by improving intestinal health in laying hens.,microbiome-inflammaging,microbiome-inflammaging__curated_recent_update_2026_08_end,intake_pending_curation,retired_from_active_candidate_pool,topic_capacity_limit,,2026-08-28,Git history and prior public-data snapshots
pubmed-42572056,PubMed,42572056,10.1007/s11916-026-01546-9,GLP-1-Based Therapies in Pain Medicine: A Narrative Review and Expert Opinion on Obesity-Related Low Back and Knee Pain.,glp1-weight-cardiometabolic,glp1-weight-cardiometabolic__curated_recent_update_2026_08_end,intake_pending_curation,retired_from_active_candidate_pool,topic_capacity_limit,,2026-08-28,Git history and prior public-data snapshots
pubmed-42572119,PubMed,42572119,10.1093/eurjpc/zwag408,Predicted 10-Year Cardiovascular Disease Risk Reduction with Tirzepatide Use Over Three Years for Primary Prevention of Cardiovascular Disease in Obesity.,glp1-weight-cardiometabolic,glp1-weight-cardiometabolic__curated_recent_update_2026_08_end,intake_pending_curation,retired_from_active_candidate_pool,topic_capacity_limit,,2026-08-28,Git history and prior public-data snapshots
pubmed-42572896,PubMed,42572896,10.1080/16549716.2026.2712185,Clustering patterns of behavioral and metabolic risk factors for noncommunicable diseases in Iran: findings from a national STEPS survey.,physical-activity-healthspan,physical-activity-healthspan__curated_recent_update_2026_08_end,intake_pending_curation,retired_from_active_candidate_pool,topic_capacity_limit,,2026-08-28,Git history and prior public-data snapshots
pubmed-42573264,PubMed,42573264,10.1128/jvi.00552-26,Intragenic transcription from defective HIV proviruses triggers interferon responses in myeloid cells.,microbiome-inflammaging,microbiome-inflammaging__curated_recent_update_2026_08_end,intake_pending_curation,retired_from_active_candidate_pool,topic_capacity_limit,,2026-08-28,Git history and prior public-data snapshots
pubmed-42573448,PubMed,42573448,10.1080/02640414.2026.2715264,Age-related force output changes in the knee extensors are different to those in the arm flexors.,resistance-training-muscle,resistance-training-muscle__curated_recent_update_2026_08_end,intake_pending_curation,retired_from_active_candidate_pool,topic_capacity_limit,,2026-08-28,Git history and prior public-data snapshots
pubmed-42573482,PubMed,42573482,10.1111/apt.70917,"Screen-Detected Coeliac Disease in a Nationally Representative Cohort: Health Indicators, Long-Term Outcomes and Mortality.",ldl-apob-cardiovascular-risk,ldl-apob-cardiovascular-risk__curated_recent_update_2026_08_end,intake_pending_curation,retired_from_active_candidate_pool,topic_capacity_limit,,2026-08-28,Git history and prior public-data snapshots
pubmed-42573506,PubMed,42573506,10.1093/annalsats/aaoag243,No association between smoking and obstructive sleep apnea in men: evidence from middle-aged adults followed into later life.,sleep-aging,sleep-aging__curated_recent_update_2026_08_end,intake_pending_curation,retired_from_active_candidate_pool,topic_capacity_limit,,2026-08-28,Git history and prior public-data snapshots
pubmed-42573541,PubMed,42573541,10.1016/j.jacc.2026.07.009,Cognitive Impairment and Frailty in Older Adults With Cardiovascular Disease: 2026 ACC Scientific Statement: A Report of the American College of Cardiology.,resistance-training-muscle,resistance-training-muscle__curated_recent_update_2026_08_end,intake_pending_curation,retired_from_active_candidate_pool,topic_capacity_limit,,2026-08-28,Git history and prior public-data snapshots
pubmed-42573645,PubMed,42573645,10.1007/s00223-026-01578-8,Optimal Resistance Exercise Strategies for Improving Bone Mineral Density in Middle-Aged and Older Adults: A Network Meta-Analysis Based on Exercise Intensity and Frequency.,resistance-training-muscle,resistance-training-muscle__curated_recent_update_2026_08_end,intake_pending_curation,retired_from_active_candidate_pool,topic_capacity_limit,,2026-08-28,Git history and prior public-data snapshots
pubmed-42573674,PubMed,42573674,10.1007/s40618-026-03004-0,Perioperative management of GLP-1 receptor agonists: a structured narrative review with considerations relevant to neurosurgical patients.,glp1-weight-cardiometabolic,glp1-weight-cardiometabolic__curated_recent_update_2026_08_end,intake_pending_curation,retired_from_active_candidate_pool,topic_capacity_limit,,2026-08-28,Git history and prior public-data snapshots
pubmed-42573766,PubMed,42573766,10.1007/s00246-026-04418-6,Beyond Passive Congestion: The Inflammatory Gut-Liver Axis in Fontan Circulation.,microbiome-inflammaging,microbiome-inflammaging__curated_recent_update_2026_08_end,intake_pending_curation,retired_from_active_candidate_pool,topic_capacity_limit,,2026-08-28,Git history and prior public-data snapshots
pubmed-42573807,PubMed,42573807,10.1007/s00402-026-06459-1,"Factors associated with selection of total hip arthroplasty versus hemiarthroplasty for femoral neck fracture in older adults: a nationwide analysis of 99,084 cases.",resistance-training-muscle,resistance-training-muscle__curated_recent_update_2026_08_end,intake_pending_curation,retired_from_active_candidate_pool,topic_capacity_limit,,2026-08-28,Git history and prior public-data snapshots
pubmed-42573814,PubMed,42573814,10.1007/s00590-026-04905-9,"Early complications after surgery for periprosthetic femoral fractures: incidence, risk factors, and clinical implications.",resistance-training-muscle,resistance-training-muscle__curated_recent_update_2026_08_end,intake_pending_curation,retired_from_active_candidate_pool,topic_capacity_limit,,2026-08-28,Git history and prior public-data snapshots
pubmed-42573875,PubMed,42573875,10.1007/s11357-026-02470-x,Chronic subdural hematoma through the hallmarks of aging: a geroscience framework for the commonest neurosurgical condition of older adults.,senolytics,senolytics__curated_recent_update_2026_08_end,intake_pending_curation,retired_from_active_candidate_pool,topic_capacity_limit,,2026-08-28,Git history and prior public-data snapshots
pubmed-42574573,PubMed,42574573,10.1002/jso.70370,Muscle Quantity Meets Muscle Quality: Integrating Skeletal Muscle Index and Hand Grip Strength to Predict Surgical Risk in Esophago-Gastric Cancer.,resistance-training-muscle,resistance-training-muscle__curated_recent_update_2026_08_end,intake_pending_curation,retired_from_active_candidate_pool,topic_capacity_limit,,2026-08-28,Git history and prior public-data snapshots
pubmed-42575227,PubMed,42575227,10.1016/j.ctim.2026.103417,Effectiveness of hyperbaric oxygen in traumatic brain injury patients: A systematic review and meta-analysis.,sleep-aging,sleep-aging__curated_recent_update_2026_08_end,intake_pending_curation,retired_from_active_candidate_pool,topic_capacity_limit,,2026-08-28,Git history and prior public-data snapshots
pubmed-42575283,PubMed,42575283,10.1016/j.ajcnut.2026.101467,Inflammation hinders anabolic potential of nutritional support in cancer: findings from the Protein Recommendation to Increase Muscle (PRIMe) trial.,autophagy-mitophagy,autophagy-mitophagy__curated_recent_update_2026_08_end,intake_pending_curation,retired_from_active_candidate_pool,topic_capacity_limit,,2026-08-28,Git history and prior public-data snapshots
pubmed-42575575,PubMed,42575575,10.1016/j.jcin.2026.04.055,VExUS Score and Hepatorenal Congestion Improvements After Transcatheter Tricuspid Intervention: Clinical and Prognostic Insights.,resistance-training-muscle,resistance-training-muscle__curated_recent_update_2026_08_end,intake_pending_curation,retired_from_active_candidate_pool,topic_capacity_limit,,2026-08-28,Git history and prior public-data snapshots
pubmed-42575693,PubMed,42575693,10.1136/bjsports-2025-111459,Outcomes of cardiovascular screening in professional female football players.,physical-activity-healthspan,physical-activity-healthspan__curated_recent_update_2026_08_end,intake_pending_curation,retired_from_active_candidate_pool,topic_capacity_limit,,2026-08-28,Git history and prior public-data snapshots
pubmed-42575714,PubMed,42575714,10.1111/dom.71064,Tirzepatide Persistence and Associated Changes in Clinical Outcomes in US Adults With Obesity or Overweight: A 6-Month Claims Database Analysis.,glp1-weight-cardiometabolic,glp1-weight-cardiometabolic__curated_recent_update_2026_08_end,intake_pending_curation,retired_from_active_candidate_pool,topic_capacity_limit,,2026-08-28,Git history and prior public-data snapshots
pubmed-42575845,PubMed,42575845,10.1111/dom.71181,AI Patient Support and 6-Month Medication Adherence in a Digital Obesity Program: A Retrospective Analysis.,glp1-weight-cardiometabolic,glp1-weight-cardiometabolic__curated_recent_update_2026_08_end,intake_pending_curation,retired_from_active_candidate_pool,topic_capacity_limit,,2026-08-28,Git history and prior public-data snapshots
pubmed-42575886,PubMed,42575886,10.1038/s41413-026-00568-8,Youthfulness of marrow Adipoq(+) cells maintained by Cbfβ facilitates stem cell-based bone repair.,senolytics,senolytics__curated_recent_update_2026_08_end,intake_pending_curation,retired_from_active_candidate_pool,topic_capacity_limit,,2026-08-28,Git history and prior public-data snapshots
pubmed-42576021,PubMed,42576021,10.1007/s00210-026-05802-y,The role of m(6)A RNA methylation in skeletal muscle pathophysiology and its targeted therapeutic prospects.,resistance-training-muscle,resistance-training-muscle__curated_recent_update_2026_08_end,intake_pending_curation,retired_from_active_candidate_pool,topic_capacity_limit,,2026-08-28,Git history and prior public-data snapshots
pubmed-42576082,PubMed,42576082,10.1007/s00464-026-13216-3,Frailty and sarcopenia proxies are associated with postoperative outcomes after abdominal wall reconstruction: a national database analysis.,resistance-training-muscle,resistance-training-muscle__curated_recent_update_2026_08_end,intake_pending_curation,retired_from_active_candidate_pool,topic_capacity_limit,,2026-08-28,Git history and prior public-data snapshots
pubmed-42576130,PubMed,42576130,10.1007/s11357-026-02467-6,Preserving joint healthspan in knee osteoarthritis: a geroscience-guided review of non-surgical therapies and genicular artery embolization.,physical-activity-healthspan,physical-activity-healthspan__curated_recent_update_2026_08_end,intake_pending_curation,retired_from_active_candidate_pool,topic_capacity_limit,,2026-08-28,Git history and prior public-data snapshots
pubmed-42576425,PubMed,42576425,10.1177/10966218261476769,The Prognostic Value of the Clinical Frailty Scale Without Category 9 in Older Adults with Advanced Cancer.,resistance-training-muscle,resistance-training-muscle__curated_recent_update_2026_08_end,intake_pending_curation,retired_from_active_candidate_pool,topic_capacity_limit,,2026-08-28,Git history and prior public-data snapshots
pubmed-42576448,PubMed,42576448,10.1210/clinem/dgag321,Management of Cirrhosis in Diabetes: A Pragmatic Approach to the Patient.,metformin-aging,metformin-aging__curated_recent_update_2026_08_end,intake_pending_curation,retired_from_active_candidate_pool,topic_capacity_limit,,2026-08-28,Git history and prior public-data snapshots
pubmed-42576608,PubMed,42576608,10.1515/jpem-2026-0335,Real-world effectiveness of tirzepatide among youth with type 2 diabetes and/or obesity: a multicenter analysis.,glp1-weight-cardiometabolic,glp1-weight-cardiometabolic__curated_recent_update_2026_08_end,intake_pending_curation,retired_from_active_candidate_pool,topic_capacity_limit,,2026-08-28,Git history and prior public-data snapshots
pubmed-42576681,PubMed,42576681,10.1111/jebm.70178,Guideline for the Comprehensive Perioperative Management of Older Patients With Lung Cancer (2025).,resistance-training-muscle,resistance-training-muscle__curated_recent_update_2026_08_end,intake_pending_curation,retired_from_active_candidate_pool,topic_capacity_limit,,2026-08-28,Git history and prior public-data snapshots
pubmed-42576719,PubMed,42576719,10.3346/jkms.2026.41.e203,Risk of Cardiovascular Disease According to Standard Industrial Sectors: A Nationwide Longitudinal Study.,physical-activity-healthspan,physical-activity-healthspan__curated_recent_update_2026_08_end,intake_pending_curation,retired_from_active_candidate_pool,topic_capacity_limit,,2026-08-28,Git history and prior public-data snapshots
pubmed-42577646,PubMed,42577646,10.1253/circrep.CR-25-0336,Prognostic Impact of Gait Speed Changes During Hospitalization in Patients Undergoing Transcatheter Aortic Valve Implantation.,resistance-training-muscle,resistance-training-muscle__curated_recent_update_2026_08_end,intake_pending_curation,retired_from_active_candidate_pool,topic_capacity_limit,,2026-08-28,Git history and prior public-data snapshots
pubmed-42577720,PubMed,42577720,10.1155/padi/6914112,Air Pollution and Parkinson's Disease Pathology: Clinical Evidence and the Molecular Mechanisms Linking Airborne Toxicants to Neuroinflammation and Neurodegeneration.,microbiome-inflammaging,microbiome-inflammaging__curated_recent_update_2026_08_end,intake_pending_curation,retired_from_active_candidate_pool,topic_capacity_limit,,2026-08-28,Git history and prior public-data snapshots
pubmed-42578314,PubMed,42578314,10.1111/jgh.70619,"MAFLD/MASLD: Past, Present, and Future.",glp1-weight-cardiometabolic,glp1-weight-cardiometabolic__curated_recent_update_2026_08_end,intake_pending_curation,retired_from_active_candidate_pool,topic_capacity_limit,,2026-08-28,Git history and prior public-data snapshots
pubmed-42578605,PubMed,42578605,10.1177/17474930261479041,"Factors associated with the presence, and longitudinal progression of, perivascular spaces: An exposome-wide analysis in the UK Biobank.",blood-pressure-aging,blood-pressure-aging__curated_recent_update_2026_08_end,intake_pending_curation,retired_from_active_candidate_pool,topic_capacity_limit,,2026-08-28,Git history and prior public-data snapshots
pubmed-42578670,PubMed,42578670,10.1128/spectrum.03153-24,Exploring the hypothetical role of Bacteroides species in depression progression: insights from metagenomic analysis.,microbiome-inflammaging,microbiome-inflammaging__curated_recent_update_2026_08_end,intake_pending_curation,retired_from_active_candidate_pool,topic_capacity_limit,,2026-08-28,Git history and prior public-data snapshots
pubmed-42578715,PubMed,42578715,10.1002/anie.3768019,Decoding Atypical G-Quadruplexes and Their Interactome in Liquid Biopsies via Integrated Electroanalytical-Proteomic Technologies.,resistance-training-muscle,resistance-training-muscle__curated_recent_update_2026_08_end,intake_pending_curation,retired_from_active_candidate_pool,topic_capacity_limit,,2026-08-28,Git history and prior public-data snapshots
pubmed-42578920,PubMed,42578920,10.1080/15502783.2026.2716273,"Effects of creatine supplementation with and without exercise and diet intervention on body composition, cognitive function, and markers of health in middle-aged and older adults.",resistance-training-muscle,resistance-training-muscle__curated_recent_update_2026_08_end,intake_pending_curation,retired_from_active_candidate_pool,topic_capacity_limit,,2026-08-28,Git history and prior public-data snapshots
pubmed-42578966,PubMed,42578966,10.1093/eurheartj/ehag598,Vitronectin-driven amyloid deposition disrupts mitochondrial homeostasis via integrin-mediated pathway in a humanized mouse model of transthyretin cardiac amyloidosis.,autophagy-mitophagy,autophagy-mitophagy__curated_recent_update_2026_08_end,intake_pending_curation,retired_from_active_candidate_pool,topic_capacity_limit,,2026-08-28,Git history and prior public-data snapshots
pubmed-42578984,PubMed,42578984,10.1007/s00345-026-06669-7,Frailty and comorbidity surpass probable sarcopenia in predicting survival of mCRPC patients treated with first-line ARPIs: a comprehensive geriatric analysis.,resistance-training-muscle,resistance-training-muscle__curated_recent_update_2026_08_end,intake_pending_curation,retired_from_active_candidate_pool,topic_capacity_limit,,2026-08-28,Git history and prior public-data snapshots
pubmed-42579011,PubMed,42579011,10.1007/s00198-026-08177-1,Romosozumab in older adults: real-world patterns in fracture liaison service cohort.,resistance-training-muscle,resistance-training-muscle__curated_recent_update_2026_08_end,intake_pending_curation,retired_from_active_candidate_pool,topic_capacity_limit,,2026-08-28,Git history and prior public-data snapshots
pubmed-42579102,PubMed,42579102,10.1021/acs.est.6c05454,Transcriptomic Insights into the Life-History and Population Responses of Brachionus plicatilis to Artificial Light at Night.,autophagy-mitophagy,autophagy-mitophagy__curated_recent_update_2026_08_end,intake_pending_curation,retired_from_active_candidate_pool,topic_capacity_limit,,2026-08-28,Git history and prior public-data snapshots
pubmed-42579141,PubMed,42579141,10.1007/s00103-026-04280-0,[Physical functioning and frailty in very old age in Germany].,resistance-training-muscle,resistance-training-muscle__curated_recent_update_2026_08_end,intake_pending_curation,retired_from_active_candidate_pool,topic_capacity_limit,,2026-08-28,Git history and prior public-data snapshots
pubmed-42579771,PubMed,42579771,10.1097/HC9.0000000000001032,Micronutrient deficiencies in ambulatory adults with cirrhosis.,resistance-training-muscle,resistance-training-muscle__curated_recent_update_2026_08_end,intake_pending_curation,retired_from_active_candidate_pool,topic_capacity_limit,,2026-08-28,Git history and prior public-data snapshots
pubmed-42580251,PubMed,42580251,10.1016/j.gerinurse.2026.104231,"The effects of mini-trampoline-Theraband and balance board-Theraband training on balance, fear of falling, functional strength and gait speed in older adults men.",resistance-training-muscle,resistance-training-muscle__curated_recent_update_2026_08_end,intake_pending_curation,retired_from_active_candidate_pool,topic_capacity_limit,,2026-08-28,Git history and prior public-data snapshots
pubmed-42580514,PubMed,42580514,10.1016/j.yjmcc.2026.08.005,Cardiometabolic stress induces HFpEF with impaired bioenergetics and disrupted proteostasis in aged female mice.,autophagy-mitophagy,autophagy-mitophagy__curated_recent_update_2026_08_end,intake_pending_curation,retired_from_active_candidate_pool,topic_capacity_limit,,2026-08-28,Git history and prior public-data snapshots
pubmed-42580587,PubMed,42580587,10.1016/j.jhepr.2026.101993,EQ-5D Health Utility Gains with Once-Weekly Semaglutide 2.4 mg in People with MASH and F2/F3 Fibrosis: An Analysis of ESSENCE.,glp1-weight-cardiometabolic,glp1-weight-cardiometabolic__curated_recent_update_2026_08_end,intake_pending_curation,retired_from_active_candidate_pool,topic_capacity_limit,,2026-08-28,Git history and prior public-data snapshots
pubmed-42580589,PubMed,42580589,10.1016/j.clnesp.2026.105021,"Pre-procedural nutritional, metabolic, and inflammatory markers associated with survival after percutaneous endoscopic gastrostomy: A retrospective cohort study.",resistance-training-muscle,resistance-training-muscle__curated_recent_update_2026_08_end,intake_pending_curation,retired_from_active_candidate_pool,topic_capacity_limit,,2026-08-28,Git history and prior public-data snapshots
pubmed-42580598,PubMed,42580598,10.1016/j.arr.2026.103296,"Clonal hematopoiesis of undetermined potential as an emerging determinant of inflammageing, and age-related diseases: Potential role as biomarker and target.",microbiome-inflammaging,microbiome-inflammaging__curated_recent_update_2026_08_end,intake_pending_curation,retired_from_active_candidate_pool,topic_capacity_limit,,2026-08-28,Git history and prior public-data snapshots
pubmed-42580599,PubMed,42580599,10.1016/j.arr.2026.103294,Plant-derived extracellular vesicles (PDEVs) in anti-aging research: A review of biomedical characteristics and therapeutic applications.,microbiome-inflammaging,microbiome-inflammaging__curated_recent_update_2026_08_end,intake_pending_curation,retired_from_active_candidate_pool,topic_capacity_limit,,2026-08-28,Git history and prior public-data snapshots
pubmed-42580608,PubMed,42580608,10.1016/j.cca.2026.121260,suPAR as a circulating inflammatory biomarker: time for translation into clinical practice - A systematic review.,microbiome-inflammaging,microbiome-inflammaging__curated_recent_update_2026_08_end,intake_pending_curation,retired_from_active_candidate_pool,topic_capacity_limit,,2026-08-28,Git history and prior public-data snapshots
pubmed-42580624,PubMed,42580624,10.1016/j.cbpa.2026.112061,Review: The African turquoise killifish as a model for the integrative physiology of vertebrate aging.,microbiome-inflammaging,microbiome-inflammaging__curated_recent_update_2026_08_end,intake_pending_curation,retired_from_active_candidate_pool,topic_capacity_limit,,2026-08-28,Git history and prior public-data snapshots
pubmed-42580772,PubMed,42580772,10.1136/bmj-2026-100216,"Evidence based interventions for bipolar disorder across phases and age groups: living umbrella review, evaluation, analysis, and communication hub (U-REACH) project.",physical-activity-healthspan,physical-activity-healthspan__curated_recent_update_2026_08_end,intake_pending_curation,retired_from_active_candidate_pool,topic_capacity_limit,,2026-08-28,Git history and prior public-data snapshots
pubmed-42580826,PubMed,42580826,10.1136/bmjopen-2026-116399,Multiple long-term conditions and their association with quality of life and healthcare utilisation among adults in India: a cross-sectional analysis of WHO SAGE Waves 2 and 3.,blood-pressure-aging,blood-pressure-aging__curated_recent_update_2026_08_end,intake_pending_curation,retired_from_active_candidate_pool,topic_capacity_limit,,2026-08-28,Git history and prior public-data snapshots
pubmed-42580835,PubMed,42580835,10.1136/bmjopen-2026-120427,"Obesity management for kidney TRANSPLANTation: protocol for the vanguard phase of an innovative randomised controlled trial, embedded in routine care (OK-TRANSPLANT 2).",glp1-weight-cardiometabolic,glp1-weight-cardiometabolic__curated_recent_update_2026_08_end,intake_pending_curation,retired_from_active_candidate_pool,topic_capacity_limit,,2026-08-28,Git history and prior public-data snapshots
pubmed-42580908,PubMed,42580908,10.1016/j.ejim.2026.107117,Personalizing cardiovascular prevention in chronic kidney disease: an operational framework for risk-treatment mapping.,resistance-training-muscle,resistance-training-muscle__curated_recent_update_2026_08_end,intake_pending_curation,retired_from_active_candidate_pool,topic_capacity_limit,,2026-08-28,Git history and prior public-data snapshots
pubmed-42580909,PubMed,42580909,10.1016/j.ejim.2026.107130,Sex and gender specific considerations on frailty: what have we learned?,resistance-training-muscle,resistance-training-muscle__curated_recent_update_2026_08_end,intake_pending_curation,retired_from_active_candidate_pool,topic_capacity_limit,,2026-08-28,Git history and prior public-data snapshots
pubmed-42581264,PubMed,42581264,10.1007/s11914-026-00977-y,A Review of Rejuvenation Strategies Targeting Mesenchymal Stem Cell Senescence and Their Impact on Bone Health and Regeneration.,senolytics,senolytics__curated_recent_update_2026_08_end,intake_pending_curation,retired_from_active_candidate_pool,topic_capacity_limit,,2026-08-28,Git history and prior public-data snapshots
pubmed-42581283,PubMed,42581283,10.1007/s00415-026-14056-w,Association between mild action tremor and cognition in community dwelling older adults: results from the KORA-Age study.,resistance-training-muscle,resistance-training-muscle__curated_recent_update_2026_08_end,intake_pending_curation,retired_from_active_candidate_pool,topic_capacity_limit,,2026-08-28,Git history and prior public-data snapshots
pubmed-42581431,PubMed,42581431,10.1111/dom.71209,Association of GLP-1 Receptor Agonist Use With Cardiovascular Outcomes and Mortality in Japanese Patients With Type 2 Diabetes: A Real-World Claims Database Study.,glp1-weight-cardiometabolic,glp1-weight-cardiometabolic__curated_recent_update_2026_08_end,intake_pending_curation,retired_from_active_candidate_pool,topic_capacity_limit,,2026-08-28,Git history and prior public-data snapshots
pubmed-42581575,PubMed,42581575,10.4235/agmr.26.0149,Current Knowledge and Gaps in Geriatric Rehabilitation among Physical and Rehabilitation Medicine specialists.,resistance-training-muscle,resistance-training-muscle__curated_recent_update_2026_08_end,intake_pending_curation,retired_from_active_candidate_pool,topic_capacity_limit,,2026-08-28,Git history and prior public-data snapshots
pubmed-42581634,PubMed,42581634,10.1111/dom.71184,Quality of Diabetes Care Among Older Adults in Germany-Results of the Study on Health of Older People 2022/2023 Compared With Previous National Health Surveys.,blood-pressure-aging,blood-pressure-aging__curated_recent_update_2026_08_end,intake_pending_curation,retired_from_active_candidate_pool,topic_capacity_limit,,2026-08-28,Git history and prior public-data snapshots
pubmed-42581816,PubMed,42581816,10.1093/cvr/cvag169,Timing of food intake impacts cardiovascular and neuroendocrine physiology and risk of disease.,time-restricted-eating,time-restricted-eating__curated_recent_update_2026_08_end,intake_pending_curation,retired_from_active_candidate_pool,topic_capacity_limit,,2026-08-28,Git history and prior public-data snapshots
pubmed-42582286,PubMed,42582286,10.1177/15357597261474773,Frailty and Late-Onset Epilepsy: Two Clinical Faces of Biological Aging?,resistance-training-muscle,resistance-training-muscle__curated_recent_update_2026_08_end,intake_pending_curation,retired_from_active_candidate_pool,topic_capacity_limit,,2026-08-28,Git history and prior public-data snapshots
pubmed-42582476,PubMed,42582476,10.1007/s40200-026-02046-8,Relationship between cardiometabolic alterations and frailty in Brazilian urban and rural older adults.,resistance-training-muscle,resistance-training-muscle__curated_recent_update_2026_08_end,intake_pending_curation,retired_from_active_candidate_pool,topic_capacity_limit,,2026-08-28,Git history and prior public-data snapshots
pubmed-42582577,PubMed,42582577,10.1177/2689288X261448726,Natural History and Clinical Associations of Plasma Interleukin-6 Levels in Traumatic Brain Injury.,physical-activity-healthspan,physical-activity-healthspan__curated_recent_update_2026_08_end,intake_pending_curation,retired_from_active_candidate_pool,topic_capacity_limit,,2026-08-28,Git history and prior public-data snapshots
pubmed-42583874,PubMed,42583874,10.1093/joneph/aajag120,Association between sarcopenia and inflammation in non-geriatric patients with chronic kidney disease: a comparison of hemodialysis and non-hemodialysis patients.,resistance-training-muscle,resistance-training-muscle__curated_recent_update_2026_08_end,intake_pending_curation,retired_from_active_candidate_pool,topic_capacity_limit,,2026-08-28,Git history and prior public-data snapshots
pubmed-42583989,PubMed,42583989,10.1016/j.jacc.2026.05.050,Risk Reclassification Beyond BMI by Waist Circumference and Waist-to-Hip Ratio Across 9 Cardiovascular Outcomes: Results From the Cross-Cohort Collaboration.,blood-pressure-aging,blood-pressure-aging__curated_recent_update_2026_08_end,intake_pending_curation,retired_from_active_candidate_pool,topic_capacity_limit,,2026-08-28,Git history and prior public-data snapshots
pubmed-42583991,PubMed,42583991,10.1016/j.jacc.2026.06.024,Cardiovascular Prevention and the Implementation Gap in GLP-1 Receptor Agonist Therapies: After the Trials.,glp1-weight-cardiometabolic,glp1-weight-cardiometabolic__curated_recent_update_2026_08_end,intake_pending_curation,retired_from_active_candidate_pool,topic_capacity_limit,,2026-08-28,Git history and prior public-data snapshots
pubmed-42584027,PubMed,42584027,10.1002/lary.70808,Association of Glucagon-Like Peptide-1 Receptor Analogues and Laryngeal Symptoms in Obese Adults.,glp1-weight-cardiometabolic,glp1-weight-cardiometabolic__curated_recent_update_2026_08_end,intake_pending_curation,retired_from_active_candidate_pool,topic_capacity_limit,,2026-08-28,Git history and prior public-data snapshots
pubmed-42584776,PubMed,42584776,10.1007/s10029-026-03802-8,Emergency repair of incarcerated groin hernias in older adults: a retrospective cohort study of outcomes.,resistance-training-muscle,resistance-training-muscle__curated_recent_update_2026_08_end,intake_pending_curation,retired_from_active_candidate_pool,topic_capacity_limit,,2026-08-28,Git history and prior public-data snapshots
pubmed-42584792,PubMed,42584792,10.1007/s41999-026-01568-x,Fall-Risk-Increasing drugs and falls in community-dwelling older adults: a prospective cohort study in a single Danish municipality.,resistance-training-muscle,resistance-training-muscle__curated_recent_update_2026_08_end,intake_pending_curation,retired_from_active_candidate_pool,topic_capacity_limit,,2026-08-28,Git history and prior public-data snapshots
pubmed-42584805,PubMed,42584805,10.1007/s43678-026-01232-0,Planning the development of an AI-driven decision support architecture for the recognition of sudden cardiac arrest by 9-1-1 telecommunicators: report of a community engagement and brainstorming meeting.,physical-activity-healthspan,physical-activity-healthspan__curated_recent_update_2026_08_end,intake_pending_curation,retired_from_active_candidate_pool,topic_capacity_limit,,2026-08-28,Git history and prior public-data snapshots
pubmed-42584814,PubMed,42584814,10.1007/s12072-026-11138-9,Comparative risk of hepatocellular carcinoma and mortality among initiators of GLP-1 receptor agonists versus other glucose-lowering therapies: a target trial emulation.,metformin-aging,metformin-aging__curated_recent_update_2026_08_end,intake_pending_curation,retired_from_active_candidate_pool,topic_capacity_limit,,2026-08-28,Git history and prior public-data snapshots
pubmed-42585167,PubMed,42585167,10.1371/journal.pone.0354234,DELTA: Strengthening human biological resilience with an N=1 digital health and dynamic biomarker protocol.,time-restricted-eating,time-restricted-eating__curated_recent_update_2026_08_end,intake_pending_curation,retired_from_active_candidate_pool,topic_capacity_limit,,2026-08-28,Git history and prior public-data snapshots
pubmed-42585191,PubMed,42585191,10.1371/journal.pone.0350296,"Trends and projections of IHD burden attributable to dietary high sodium and kidney dysfunction in G20 countries, 1990-2050.",blood-pressure-aging,blood-pressure-aging__curated_recent_update_2026_08_end,intake_pending_curation,retired_from_active_candidate_pool,topic_capacity_limit,,2026-08-28,Git history and prior public-data snapshots
pubmed-42585237,PubMed,42585237,10.1371/journal.pone.0354978,External validation of model predicting healthcare costs using cohort study-derived and claims-derived predictor variables in community-dwelling older adults.,resistance-training-muscle,resistance-training-muscle__curated_recent_update_2026_08_end,intake_pending_curation,retired_from_active_candidate_pool,topic_capacity_limit,,2026-08-28,Git history and prior public-data snapshots
pubmed-42585547,PubMed,42585547,10.1097/JCN.0000000000001373,Nurse-Led Algorithm-Based Early Mobilization Protocol for Reducing Post-Intensive Care Syndrome in Intensive Care Unit Patients: A Randomized Controlled Trial.,sleep-aging,sleep-aging__curated_recent_update_2026_08_end,intake_pending_curation,retired_from_active_candidate_pool,topic_capacity_limit,,2026-08-28,Git history and prior public-data snapshots
pubmed-42585576,PubMed,42585576,10.1097/JCN.0000000000001374,Behavioral Versus Pharmacologic Strategies in Cardiovascular Prevention: A Systematic Review and Meta-analysis.,physical-activity-healthspan,physical-activity-healthspan__curated_recent_update_2026_08_end,intake_pending_curation,retired_from_active_candidate_pool,topic_capacity_limit,,2026-08-28,Git history and prior public-data snapshots
pubmed-42585629,PubMed,42585629,10.1097/ALN.0000000000006326,Preoperative Glucagon-Like Peptide-1 Receptor Agonists and Postoperative Outcomes: An Observational Analysis.,metformin-aging,metformin-aging__curated_recent_update_2026_08_end,intake_pending_curation,retired_from_active_candidate_pool,topic_capacity_limit,,2026-08-28,Git history and prior public-data snapshots
pubmed-42585667,PubMed,42585667,10.18632/aging.206401,"TMAO is associated with higher age, cardiometabolic risk factors and degenerative alterations of the brain in healthy elderly adults.",microbiome-inflammaging,microbiome-inflammaging__curated_recent_update_2026_08_end,intake_pending_curation,retired_from_active_candidate_pool,topic_capacity_limit,,2026-08-28,Git history and prior public-data snapshots
pubmed-42585732,PubMed,42585732,10.1016/j.gerinurse.2026.104208,Association between oral health conditions and body composition in patients aged 60 years or older attending sarcopenia and malnutrition clinic.,resistance-training-muscle,resistance-training-muscle__curated_recent_update_2026_08_end,intake_pending_curation,retired_from_active_candidate_pool,topic_capacity_limit,,2026-08-28,Git history and prior public-data snapshots
pubmed-42585858,PubMed,42585858,10.1016/j.jnha.2026.100946,Dietary patterns and gut microbial clusters jointly stratify frailty in community-dwelling older Japanese adults: a cross-sectional study in the Kyotango longevity area.,resistance-training-muscle,resistance-training-muscle__curated_recent_update_2026_08_end,intake_pending_curation,retired_from_active_candidate_pool,topic_capacity_limit,,2026-08-28,Git history and prior public-data snapshots
pubmed-42585867,PubMed,42585867,10.1016/j.jnha.2026.100938,Phase angle and ultrasonographic muscle thickness are potential methods to assess 30-day mortality risk in older adults with hip fractures.,resistance-training-muscle,resistance-training-muscle__curated_recent_update_2026_08_end,intake_pending_curation,retired_from_active_candidate_pool,topic_capacity_limit,,2026-08-28,Git history and prior public-data snapshots
pubmed-42586245,PubMed,42586245,10.1016/j.arr.2026.103301,Targeting the hallmarks of ageing: Pharmacological challenges and breakthroughs in CRISPR delivery systems and future prospects.,microbiome-inflammaging,microbiome-inflammaging__curated_recent_update_2026_08_end,intake_pending_curation,retired_from_active_candidate_pool,topic_capacity_limit,,2026-08-28,Git history and prior public-data snapshots
pubmed-42586246,PubMed,42586246,10.1016/j.arr.2026.103288,"From food to function: Nutraceutical-based modulation of mitochondrial, inflammatory and epigenetic networks in retinal neurodegeneration.",microbiome-inflammaging,microbiome-inflammaging__curated_recent_update_2026_08_end,intake_pending_curation,retired_from_active_candidate_pool,topic_capacity_limit,,2026-08-28,Git history and prior public-data snapshots
pubmed-42586261,PubMed,42586261,10.1016/j.jiac.2026.103051,Development and validation of the N-DROP score: A penalized logistic regression model for predicting 30-day in-hospital mortality in patients with nursing- and healthcare-associated pneumonia.,resistance-training-muscle,resistance-training-muscle__curated_recent_update_2026_08_end,intake_pending_curation,retired_from_active_candidate_pool,topic_capacity_limit,,2026-08-28,Git history and prior public-data snapshots
pubmed-42586458,PubMed,42586458,10.1016/j.cpcardiol.2026.103423,From pathobiology to prescribing in obesity-driven HFpEF: A systematic review and practical therapeutic framework.,glp1-weight-cardiometabolic,glp1-weight-cardiometabolic__curated_recent_update_2026_08_end,intake_pending_curation,retired_from_active_candidate_pool,topic_capacity_limit,,2026-08-28,Git history and prior public-data snapshots
pubmed-42586582,PubMed,42586582,10.1136/bmjoq-2026-004174,Development of a checklist to support management of older patients with Clostridioides difficile infection.,resistance-training-muscle,resistance-training-muscle__curated_recent_update_2026_08_end,intake_pending_curation,retired_from_active_candidate_pool,topic_capacity_limit,,2026-08-28,Git history and prior public-data snapshots
pubmed-42586611,PubMed,42586611,10.1136/lupus-2026-002282,The lupus damage index revision program: Results from the item generation and reduction phases.,physical-activity-healthspan,physical-activity-healthspan__curated_recent_update_2026_08_end,intake_pending_curation,retired_from_active_candidate_pool,topic_capacity_limit,,2026-08-28,Git history and prior public-data snapshots
pubmed-42586925,PubMed,42586925,10.1016/j.ejim.2026.107126,"""Hospital-at-home and 30-day readmission among clinically eligible patients: a prospective cohort study with a capacity-constrained comparator group"".",resistance-training-muscle,resistance-training-muscle__curated_recent_update_2026_08_end,intake_pending_curation,retired_from_active_candidate_pool,topic_capacity_limit,,2026-08-28,Git history and prior public-data snapshots
pubmed-42587018,PubMed,42587018,10.1038/s41366-026-02187-z,Epigenetic age acceleration and metabolic syndrome among Hispanic/Latino adults: Hispanic Community Health Study/Study of Latinos (HCHS/SOL).,blood-pressure-aging,blood-pressure-aging__curated_recent_update_2026_08_end,intake_pending_curation,retired_from_active_candidate_pool,topic_capacity_limit,,2026-08-28,Git history and prior public-data snapshots
pubmed-42587039,PubMed,42587039,10.1038/s12276-026-01804-1,Meloxicam protects against muscle and metabolic decline in ageing through Cdon restoration and oxidative stress modulation.,resistance-training-muscle,resistance-training-muscle__curated_recent_update_2026_08_end,intake_pending_curation,retired_from_active_candidate_pool,topic_capacity_limit,,2026-08-28,Git history and prior public-data snapshots
pubmed-42587225,PubMed,42587225,10.1007/s40256-026-00811-x,Evaluating the Impact of Stair Climbing on Cardiovascular Risk Reduction: A Systematic Review and Meta-analysis.,physical-activity-healthspan,physical-activity-healthspan__curated_recent_update_2026_08_end,intake_pending_curation,retired_from_active_candidate_pool,topic_capacity_limit,,2026-08-28,Git history and prior public-data snapshots
pubmed-42587241,PubMed,42587241,10.1007/s10519-026-10277-x,Selective Breeding for Voluntary Wheel-Running Behavior in Mice is not Associated with Reduced Lifetime Reproductive Success or Lifespan Under Long-Term Paired Breeding Conditions.,physical-activity-healthspan,physical-activity-healthspan__curated_recent_update_2026_08_end,intake_pending_curation,retired_from_active_candidate_pool,topic_capacity_limit,,2026-08-28,Git history and prior public-data snapshots
pubmed-42587247,PubMed,42587247,10.1111/jgs.70660,Frailty and Five-Year Mortality After TAVR in Patients Aged 75 Years and Older.,resistance-training-muscle,resistance-training-muscle__curated_recent_update_2026_08_end,intake_pending_curation,retired_from_active_candidate_pool,topic_capacity_limit,,2026-08-28,Git history and prior public-data snapshots
pubmed-42587261,PubMed,42587261,10.1007/s11357-026-02454-x,Lifestyle correlates of verbal memory in community-dwelling older adults.,sleep-aging,sleep-aging__curated_recent_update_2026_08_end,intake_pending_curation,retired_from_active_candidate_pool,topic_capacity_limit,,2026-08-28,Git history and prior public-data snapshots
pubmed-42587349,PubMed,42587349,10.1111/dom.71174,SGLT2 Inhibitors and Outcomes in Elderly Patients With Chronic Kidney Disease: A Narrative Review.,resistance-training-muscle,resistance-training-muscle__curated_recent_update_2026_08_end,intake_pending_curation,retired_from_active_candidate_pool,topic_capacity_limit,,2026-08-28,Git history and prior public-data snapshots
pubmed-42587397,PubMed,42587397,10.1002/lary.70806,ACDF Impact on Aerodigestive Function and Obstructive Sleep Apnea: A Scoping Review.,sleep-aging,sleep-aging__curated_recent_update_2026_08_end,intake_pending_curation,retired_from_active_candidate_pool,topic_capacity_limit,,2026-08-28,Git history and prior public-data snapshots
pubmed-42590970,PubMed,42590970,10.1002/ajh.70456,Development and Validation of a Novel Geriatric Risk Score for Prognostication in Older Patients With Hodgkin Lymphoma: A Multicenter Retrospective Study.,resistance-training-muscle,resistance-training-muscle__curated_recent_update_2026_08_end,intake_pending_curation,retired_from_active_candidate_pool,topic_capacity_limit,,2026-08-28,Git history and prior public-data snapshots
pubmed-42591669,PubMed,42591669,10.1177/11795549261478177,Molecular Mechanisms and Biomarkers Driving the Transition From Chronic Atrophic Gastritis to Gastric Cancer.,microbiome-inflammaging,microbiome-inflammaging__curated_recent_update_2026_08_end,intake_pending_curation,retired_from_active_candidate_pool,topic_capacity_limit,,2026-08-28,Git history and prior public-data snapshots
pubmed-42592761,PubMed,42592761,10.1093/intimm/dxag042,Healthy ageing: The struggle for maintaining T cells young.,microbiome-inflammaging,microbiome-inflammaging__curated_recent_update_2026_08_end,intake_pending_curation,retired_from_active_candidate_pool,topic_capacity_limit,,2026-08-28,Git history and prior public-data snapshots
pubmed-42592825,PubMed,42592825,10.1093/joneph/aajag207,Prevalence of Chronic Kidney Disease in Hospitalized Patients in Internal Medicine Wards in Greece: The CKD-HOP Point Prevalence Study.,blood-pressure-aging,blood-pressure-aging__curated_recent_update_2026_08_end,intake_pending_curation,retired_from_active_candidate_pool,topic_capacity_limit,,2026-08-28,Git history and prior public-data snapshots
pubmed-42592943,PubMed,42592943,10.1177/15394492261476577,Culturally Meaningful Leisure Among Caribbean Diaspora Older Adults in the United States: A Qualitative Study.,physical-activity-healthspan,physical-activity-healthspan__curated_recent_update_2026_08_end,intake_pending_curation,retired_from_active_candidate_pool,topic_capacity_limit,,2026-08-28,Git history and prior public-data snapshots
pubmed-42593027,PubMed,42593027,10.65868/BOTN7628,[Maxillomandibular advancement].,sleep-aging,sleep-aging__curated_recent_update_2026_08_end,intake_pending_curation,retired_from_active_candidate_pool,topic_capacity_limit,,2026-08-28,Git history and prior public-data snapshots
pubmed-42593080,PubMed,42593080,10.1177/15589447261475385,Clinical Characteristics of Concomitant Versus Isolated Carpal and Cubital Tunnel Syndromes: A Prospective Cohort Study.,resistance-training-muscle,resistance-training-muscle__curated_recent_update_2026_08_end,intake_pending_curation,retired_from_active_candidate_pool,topic_capacity_limit,,2026-08-28,Git history and prior public-data snapshots
pubmed-42593123,PubMed,42593123,10.1177/02692155261478022,"Multiple-adverse health conditions, mental health, and health-related quality of life in stroke survivors: Latent profile analysis and mediation analysis.",resistance-training-muscle,resistance-training-muscle__curated_recent_update_2026_08_end,intake_pending_curation,retired_from_active_candidate_pool,topic_capacity_limit,,2026-08-28,Git history and prior public-data snapshots
pubmed-42593220,PubMed,42593220,10.4103/aam.aam_87_26,Predictors of Postoperative Delirium in Elderly Patients Undergoing Hemiarthroplasty for Intertrochanteric Femur Fractures: A Prospective Observational Study.,resistance-training-muscle,resistance-training-muscle__curated_recent_update_2026_08_end,intake_pending_curation,retired_from_active_candidate_pool,topic_capacity_limit,,2026-08-28,Git history and prior public-data snapshots
pubmed-42593274,PubMed,42593274,10.1177/02184923261424607,"The role of visceral debranching in hybrid thoracoabdominal aortic aneurysm repair: A narrative review of indications, techniques, and outcomes.",resistance-training-muscle,resistance-training-muscle__curated_recent_update_2026_08_end,intake_pending_curation,retired_from_active_candidate_pool,topic_capacity_limit,,2026-08-28,Git history and prior public-data snapshots
pubmed-42593514,PubMed,42593514,10.1007/s00421-026-06390-8,Low-frequency resistance training enhances 2D strain-derived carotid strain and strain rate: a novel longitudinal application of strain imaging in healthy middle-aged females.,resistance-training-muscle,resistance-training-muscle__curated_recent_update_2026_08_end,intake_pending_curation,retired_from_active_candidate_pool,topic_capacity_limit,,2026-08-28,Git history and prior public-data snapshots
pubmed-42593604,PubMed,42593604,10.1007/s11883-026-01450-y,Exercise and Cardiovascular Risk Modulation in Post-COVID Syndrome.,resistance-training-muscle,resistance-training-muscle__curated_recent_update_2026_08_end,intake_pending_curation,retired_from_active_candidate_pool,topic_capacity_limit,,2026-08-28,Git history and prior public-data snapshots
pubmed-42593661,PubMed,42593661,10.1007/s10597-026-01707-5,"Pain, Frailty, and Substance Use as Predictors of Spirituality and Religiosity in Older Adults with Serious Mental Illness.",resistance-training-muscle,resistance-training-muscle__curated_recent_update_2026_08_end,intake_pending_curation,retired_from_active_candidate_pool,topic_capacity_limit,,2026-08-28,Git history and prior public-data snapshots
pubmed-42593960,PubMed,42593960,10.18632/aging.206408,Indy reduction decreases aging-related dysbiosis in Drosophila.,resistance-training-muscle,resistance-training-muscle__curated_recent_update_2026_08_end,intake_pending_curation,retired_from_active_candidate_pool,topic_capacity_limit,,2026-08-28,Git history and prior public-data snapshots
pubmed-42594045,PubMed,42594045,10.1159/000552588,Nutritional Status as Predictor for Mortality in Older Adults With Acute Kidney Injury.,resistance-training-muscle,resistance-training-muscle__curated_recent_update_2026_08_end,intake_pending_curation,retired_from_active_candidate_pool,topic_capacity_limit,,2026-08-28,Git history and prior public-data snapshots
pubmed-42594084,PubMed,42594084,10.1371/journal.pone.0354497,"Gastroparesis induced by glucagon-like peptide-1 receptor agonists: A systematic review of clinical features, diagnosis, management, and outcomes.",glp1-weight-cardiometabolic,glp1-weight-cardiometabolic__curated_recent_update_2026_08_end,intake_pending_curation,retired_from_active_candidate_pool,topic_capacity_limit,,2026-08-28,Git history and prior public-data snapshots
pubmed-42594610,PubMed,42594610,10.1016/j.gerinurse.2026.104204,Motor-cognitive interventions for older adults with cognitive frailty: A scoping review.,resistance-training-muscle,resistance-training-muscle__curated_recent_update_2026_08_end,intake_pending_curation,retired_from_active_candidate_pool,topic_capacity_limit,,2026-08-28,Git history and prior public-data snapshots
pubmed-42595186,PubMed,42595186,10.1016/j.arr.2026.103300,"Thymus regeneration in countering immunosenescence: Mechanisms, strategies and future perspectives.",microbiome-inflammaging,microbiome-inflammaging__curated_recent_update_2026_08_end,intake_pending_curation,retired_from_active_candidate_pool,topic_capacity_limit,,2026-08-28,Git history and prior public-data snapshots
pubmed-42595648,PubMed,42595648,10.1016/j.ejim.2026.107121,Identification and management of sarcopenia in patients with multimorbidity: An EFIM critically appraised and adapted guideline.,resistance-training-muscle,resistance-training-muscle__curated_recent_update_2026_08_end,intake_pending_curation,retired_from_active_candidate_pool,topic_capacity_limit,,2026-08-28,Git history and prior public-data snapshots
pubmed-42595666,PubMed,42595666,10.1016/j.eimce.2026.503263,Clinical applications of point-of-care ultrasound for infectious diseases in older adults.,resistance-training-muscle,resistance-training-muscle__curated_recent_update_2026_08_end,intake_pending_curation,retired_from_active_candidate_pool,topic_capacity_limit,,2026-08-28,Git history and prior public-data snapshots
pubmed-42595770,PubMed,42595770,10.1038/s41366-026-02190-4,Adherence to the Eatwell Guide and associations with markers of adiposity: a prospective analysis within the UK Biobank cohort.,physical-activity-healthspan,physical-activity-healthspan__curated_recent_update_2026_08_end,intake_pending_curation,retired_from_active_candidate_pool,topic_capacity_limit,,2026-08-28,Git history and prior public-data snapshots
pubmed-42596030,PubMed,42596030,10.1111/jgs.70653,Bridging the Implementation Gap: Barriers to Frailty Assessment in Outpatient Clinics.,resistance-training-muscle,resistance-training-muscle__curated_recent_update_2026_08_end,intake_pending_curation,retired_from_active_candidate_pool,topic_capacity_limit,,2026-08-28,Git history and prior public-data snapshots
pubmed-42596069,PubMed,42596069,10.1002/adhm.71590,3D-Printable and Bioelectronic-Compatible Graphene-Reinforced PLA Nanocomposites Rejuvenate Aged Bone Regeneration Through Glycolytic Reprogramming.,microbiome-inflammaging,microbiome-inflammaging__curated_recent_update_2026_08_end,intake_pending_curation,retired_from_active_candidate_pool,topic_capacity_limit,,2026-08-28,Git history and prior public-data snapshots
pubmed-42596071,PubMed,42596071,10.1080/15548627.2026.2704442,An expanding role for ATG8s and ATG8 E3-like ligases in maintaining membrane integrity.,autophagy-mitophagy,autophagy-mitophagy__curated_recent_update_2026_08_end,intake_pending_curation,retired_from_active_candidate_pool,topic_capacity_limit,,2026-08-28,Git history and prior public-data snapshots
pubmed-42596580,PubMed,42596580,10.1093/gerona/glag198,"Napping, Sleep Apnea, and Cognitive Function: Cross-sectional Results from the U.S. POINTER-zzz Sleep Ancillary Study.",sleep-aging,sleep-aging__curated_recent_update_2026_08_end,intake_pending_curation,retired_from_active_candidate_pool,topic_capacity_limit,,2026-08-28,Git history and prior public-data snapshots
pubmed-42596762,PubMed,42596762,10.1111/1468-0009.70109,"Chronic Disease and Disability in the United States: Trends, Inequities, and Imperatives for Policy Reform.",cardiorespiratory-fitness,cardiorespiratory-fitness__curated_recent_update_2026_08_end,intake_pending_curation,retired_from_active_candidate_pool,topic_capacity_limit,,2026-08-28,Git history and prior public-data snapshots
pubmed-42596767,PubMed,42596767,10.1002/bcp.70780,Higher anticholinergic burden is associated with increased medium- and long-term mortality following hip fracture: A systematic review and meta-analysis.,resistance-training-muscle,resistance-training-muscle__curated_recent_update_2026_08_end,intake_pending_curation,retired_from_active_candidate_pool,topic_capacity_limit,,2026-08-28,Git history and prior public-data snapshots
pubmed-42596874,PubMed,42596874,10.1161/CIRCINTERVENTIONS.125.016435,"Pulmonary Atresia With Intact Septum Survival, Reintervention, and Days in Hospital Through Childhood: Contemporary Outcomes From a National Registry.",physical-activity-healthspan,physical-activity-healthspan__curated_recent_update_2026_08_end,intake_pending_curation,retired_from_active_candidate_pool,topic_capacity_limit,,2026-08-28,Git history and prior public-data snapshots
pubmed-42596889,PubMed,42596889,10.7189/jogh.16.04198,Role of Life's Essential 8 in the association of night shift work with cardiovascular disease and mortality: a prospective cohort study of UK Biobank participants.,physical-activity-healthspan,physical-activity-healthspan__curated_recent_update_2026_08_end,intake_pending_curation,retired_from_active_candidate_pool,topic_capacity_limit,,2026-08-28,Git history and prior public-data snapshots
pubmed-42597512,PubMed,42597512,10.1002/hsr2.73044,Beyond Weight Loss: Tirzepatide as a Metabolic Disease-Modifying Strategy for Metabolic Dysfunction-Associated Steatohepatitis: A Narrative Review.,glp1-weight-cardiometabolic,glp1-weight-cardiometabolic__curated_recent_update_2026_08_end,intake_pending_curation,retired_from_active_candidate_pool,topic_capacity_limit,,2026-08-28,Git history and prior public-data snapshots
pubmed-42598971,PubMed,42598971,10.1093/infdis/jiag415,"Frailty as a framework to understand tuberculosis severity, recovery and sequelae.",resistance-training-muscle,resistance-training-muscle__curated_recent_update_2026_08_end,intake_pending_curation,retired_from_active_candidate_pool,topic_capacity_limit,,2026-08-28,Git history and prior public-data snapshots
pubmed-42599026,PubMed,42599026,10.1080/15384101.2026.2716406,The hormetic landscape: from evolutionary origination to mechanistic pathways in therapeutics.,autophagy-mitophagy,autophagy-mitophagy__curated_recent_update_2026_08_end,intake_pending_curation,retired_from_active_candidate_pool,topic_capacity_limit,,2026-08-28,Git history and prior public-data snapshots
pubmed-42599324,PubMed,42599324,10.1177/00914150261445634,The Shadowy Side of Aging: The Determining Role of Depression in the Development of Frailty.,resistance-training-muscle,resistance-training-muscle__curated_recent_update_2026_08_end,intake_pending_curation,retired_from_active_candidate_pool,topic_capacity_limit,,2026-08-28,Git history and prior public-data snapshots
pubmed-42599381,PubMed,42599381,10.1007/s13300-026-01908-x,Survodutide for Obesity in Chinese Adults: Phase 3 Randomized Trial Design and Baseline Characteristics (SYNCHRONIZE™-CN).,sleep-aging,sleep-aging__curated_recent_update_2026_08_end,intake_pending_curation,retired_from_active_candidate_pool,topic_capacity_limit,,2026-08-28,Git history and prior public-data snapshots
pubmed-42599544,PubMed,42599544,10.1007/s12029-026-01566-z,Relative Dose Intensity and Clinical Outcomes of Using Trifluridine/Tipiracil with or without Bevacizumab in Patients Aged ≥ 75 Years with Advanced or Recurrent Colorectal Cancer: a Single-Center Retrospective Study.,blood-pressure-aging,blood-pressure-aging__curated_recent_update_2026_08_end,intake_pending_curation,retired_from_active_candidate_pool,topic_capacity_limit,,2026-08-28,Git history and prior public-data snapshots
pubmed-42599575,PubMed,42599575,10.1007/s43441-026-01033-8,Precision Lipid Management in the Era of Biotechnology and Artificial Intelligence: From Gene Editing to Smart Drug Delivery.,ldl-apob-cardiovascular-risk,ldl-apob-cardiovascular-risk__curated_recent_update_2026_08_end,intake_pending_curation,retired_from_active_candidate_pool,topic_capacity_limit,,2026-08-28,Git history and prior public-data snapshots
pubmed-42599599,PubMed,42599599,10.1007/s13668-026-00791-z,Mechanistic Insights into Houttuynia cordata Thunb. as a Potential Therapeutic Strategy Targeting Metabolic Disorders in Preclinical Models.,metformin-aging,metformin-aging__curated_recent_update_2026_08_end,intake_pending_curation,retired_from_active_candidate_pool,topic_capacity_limit,,2026-08-28,Git history and prior public-data snapshots
pubmed-42599663,PubMed,42599663,10.1007/s41999-026-01582-z,"Circulating biomarkers of the brain-muscle-metabolic axis in primary sarcopenia: neudesin, nesfatin-1, and irisin.",resistance-training-muscle,resistance-training-muscle__curated_recent_update_2026_08_end,intake_pending_curation,retired_from_active_candidate_pool,topic_capacity_limit,,2026-08-28,Git history and prior public-data snapshots
pubmed-42599670,PubMed,42599670,10.1093/femsec/fiag094,Factors shaping the lichen photobiome and mycobiome in a tropical lichen community.,microbiome-inflammaging,microbiome-inflammaging__curated_recent_update_2026_08_end,intake_pending_curation,retired_from_active_candidate_pool,topic_capacity_limit,,2026-08-28,Git history and prior public-data snapshots
pubmed-42600137,PubMed,42600137,10.2196/81761,Comparing the Feasibility of S-Patch vs 24-Hour Holter in Frail Older People With Falls: Randomized Open-Label Crossover Pilot Study.,resistance-training-muscle,resistance-training-muscle__curated_recent_update_2026_08_end,intake_pending_curation,retired_from_active_candidate_pool,topic_capacity_limit,,2026-08-28,Git history and prior public-data snapshots
pubmed-42600321,PubMed,42600321,10.1016/j.arr.2026.103303,Exercise modalities for overall and domain-specific balance performance in older adults: A systematic review and Bayesian network meta-analysis.,resistance-training-muscle,resistance-training-muscle__curated_recent_update_2026_08_end,intake_pending_curation,retired_from_active_candidate_pool,topic_capacity_limit,,2026-08-28,Git history and prior public-data snapshots
pubmed-42600373,PubMed,42600373,10.1016/j.jnha.2026.100942,"Yogurt and human health across history, culture, and science: Lessons for modern aging populations.",microbiome-inflammaging,microbiome-inflammaging__curated_recent_update_2026_08_end,intake_pending_curation,retired_from_active_candidate_pool,topic_capacity_limit,,2026-08-28,Git history and prior public-data snapshots
pubmed-42600391,PubMed,42600391,10.1016/j.vetmic.2026.111185,Gut microbial differences in healthy and sick farmed American alligators (Alligator mississippiensis) during a disease outbreak.,microbiome-inflammaging,microbiome-inflammaging__curated_recent_update_2026_08_end,intake_pending_curation,retired_from_active_candidate_pool,topic_capacity_limit,,2026-08-28,Git history and prior public-data snapshots
pubmed-42600420,PubMed,42600420,10.1016/j.sleep.2026.109188,Nocturia as a clinical marker of cardiovascular risk in obstructive sleep apnoea.,sleep-aging,sleep-aging__curated_recent_update_2026_08_end,intake_pending_curation,retired_from_active_candidate_pool,topic_capacity_limit,,2026-08-28,Git history and prior public-data snapshots
pubmed-42600665,PubMed,42600665,10.1016/j.mad.2026.112234,Identifying biomarkers of accelerated ageing in cancer patients from routine clinical data.,resistance-training-muscle,resistance-training-muscle__curated_recent_update_2026_08_end,intake_pending_curation,retired_from_active_candidate_pool,topic_capacity_limit,,2026-08-28,Git history and prior public-data snapshots
pubmed-42600687,PubMed,42600687,10.1016/j.gastrohep.2026.502841,Liver Tumors in Anabolic Steroid Users: A Practical Approach for the Gastroenterologist and Hepatologist.,resistance-training-muscle,resistance-training-muscle__curated_recent_update_2026_08_end,intake_pending_curation,retired_from_active_candidate_pool,topic_capacity_limit,,2026-08-28,Git history and prior public-data snapshots
pubmed-42600788,PubMed,42600788,10.1016/j.jad.2026.122381,"Frailty transitions, depressive symptoms, and incident dementia: findings from four longitudinal studies.",resistance-training-muscle,resistance-training-muscle__curated_recent_update_2026_08_end,intake_pending_curation,retired_from_active_candidate_pool,topic_capacity_limit,,2026-08-28,Git history and prior public-data snapshots
pubmed-42600800,PubMed,42600800,10.1053/j.jrn.2026.08.006,"Effects of Ketoanalogue Supplementation and Intradialytic Resistance Exercise on Functional Performance, Fatigue, and Muscle-Related Indices in Maintenance Hemodialysis Patients: A Randomised Controlled Trial.",resistance-training-muscle,resistance-training-muscle__curated_recent_update_2026_08_end,intake_pending_curation,retired_from_active_candidate_pool,topic_capacity_limit,,2026-08-28,Git history and prior public-data snapshots
pubmed-42600857,PubMed,42600857,10.1016/j.rmed.2026.109106,Association of inflammation-related biomarkers with the risk of obstructive sleep apnea among senior adults: a prospective cohort study.,sleep-aging,sleep-aging__curated_recent_update_2026_08_end,intake_pending_curation,retired_from_active_candidate_pool,topic_capacity_limit,,2026-08-28,Git history and prior public-data snapshots
pubmed-42600955,PubMed,42600955,10.1016/j.exger.2026.113283,Nonlinear associations between exposure to natural environments and biological aging: A cohort study of middle-aged and older adults in China.,resistance-training-muscle,resistance-training-muscle__curated_recent_update_2026_08_end,intake_pending_curation,retired_from_active_candidate_pool,topic_capacity_limit,,2026-08-28,Git history and prior public-data snapshots
pubmed-42600979,PubMed,42600979,10.1016/j.jtbi.2026.112574,Does human transthyretin aggregate in blood plasma or in cardiac tissue? A mathematical modeling study.,epigenetic-clocks,epigenetic-clocks__curated_recent_update_2026_08_end,intake_pending_curation,retired_from_active_candidate_pool,topic_capacity_limit,,2026-08-28,Git history and prior public-data snapshots
pubmed-42601049,PubMed,42601049,10.1055/a-2938-3600,"Late-Onset Neonatal Sepsis: Contemporary Epidemiology, Diagnosis, Prevention, and Precision Therapeutics.",microbiome-inflammaging,microbiome-inflammaging__curated_recent_update_2026_08_end,intake_pending_curation,retired_from_active_candidate_pool,topic_capacity_limit,,2026-08-28,Git history and prior public-data snapshots
pubmed-42601349,PubMed,42601349,10.1111/jgs.70667,Prevalence and Predictors of Non-Frailty Among Homebound Older Adults.,resistance-training-muscle,resistance-training-muscle__curated_recent_update_2026_08_end,intake_pending_curation,retired_from_active_candidate_pool,topic_capacity_limit,,2026-08-28,Git history and prior public-data snapshots
pubmed-42601488,PubMed,42601488,10.1038/s41591-026-04566-5,Histological aging signatures for monitoring tissue-specific aging and disease.,epigenetic-clocks,epigenetic-clocks__curated_recent_update_2026_08_end,intake_pending_curation,retired_from_active_candidate_pool,topic_capacity_limit,,2026-08-28,Git history and prior public-data snapshots
pubmed-42601546,PubMed,42601546,10.1007/s11357-026-02478-3,"CT-based prediction of hematoma expansion and adverse outcomes after intracerebral hemorrhage: evidence appraisal, artificial intelligence translation, and GeroScience perspectives.",resistance-training-muscle,resistance-training-muscle__curated_recent_update_2026_08_end,intake_pending_curation,retired_from_active_candidate_pool,topic_capacity_limit,,2026-08-28,Git history and prior public-data snapshots
pubmed-42601701,PubMed,42601701,10.1097/MD.0000000000050086,Association between habitual sleep duration and Alzheimer's disease: A cross-sectional study based on NHANES 2007-2018.,sleep-aging,sleep-aging__curated_recent_update_2026_08_end,intake_pending_curation,retired_from_active_candidate_pool,topic_capacity_limit,,2026-08-28,Git history and prior public-data snapshots
pubmed-42601790,PubMed,42601790,10.1080/14787210.2026.2719690,Emerging therapies against infections due to free-living amoebae.,microbiome-inflammaging,microbiome-inflammaging__curated_recent_update_2026_08_end,intake_pending_curation,retired_from_active_candidate_pool,topic_capacity_limit,,2026-08-28,Git history and prior public-data snapshots
pubmed-42602328,PubMed,42602328,10.1016/j.isci.2026.117000,Comprehensive transcriptomic profiling reveals impaired polyamine metabolism as a contributor to age-related muscle decline.,resistance-training-muscle,resistance-training-muscle__curated_recent_update_2026_08_end,intake_pending_curation,retired_from_active_candidate_pool,topic_capacity_limit,,2026-08-28,Git history and prior public-data snapshots
pubmed-42602520,PubMed,42602520,10.1136/bmjph-2025-004732,"Socioeconomic, fertility and contraceptive determinants of unintended pregnancy among married women in Nepal: evidence from the 2022 NDHS.",physical-activity-healthspan,physical-activity-healthspan__curated_recent_update_2026_08_end,intake_pending_curation,retired_from_active_candidate_pool,topic_capacity_limit,,2026-08-28,Git history and prior public-data snapshots
pubmed-42602775,PubMed,42602775,10.1136/bmjph-2025-004434,Frailty among adult people living with HIV in Tanzania: a single-centred hospital-based cross-sectional study.,resistance-training-muscle,resistance-training-muscle__curated_recent_update_2026_08_end,intake_pending_curation,retired_from_active_candidate_pool,topic_capacity_limit,,2026-08-28,Git history and prior public-data snapshots
pubmed-42603240,PubMed,42603240,10.1007/s12020-026-04757-7,Effect of tirzepatide and semaglutide on blood pressure: A systematic review and meta-analysis.,glp1-weight-cardiometabolic,glp1-weight-cardiometabolic__curated_recent_update_2026_08_end,intake_pending_curation,retired_from_active_candidate_pool,topic_capacity_limit,,2026-08-28,Git history and prior public-data snapshots
pubmed-42603367,PubMed,42603367,10.1016/j.healthplace.2026.103731,Neighborhood greenspace and brain imaging outcomes in older adults without dementia from three US Alzheimer's Disease Research Centers.,blood-pressure-aging,blood-pressure-aging__curated_recent_update_2026_08_end,intake_pending_curation,retired_from_active_candidate_pool,topic_capacity_limit,,2026-08-28,Git history and prior public-data snapshots
pubmed-42603582,PubMed,42603582,10.1016/j.cca.2026.121283,Longitudinal automated lipid target monitoring integrated into a laboratory-based clinical decision support system: a real-world cardiovascular risk management approach.,ldl-apob-cardiovascular-risk,ldl-apob-cardiovascular-risk__curated_recent_update_2026_08_end,intake_pending_curation,retired_from_active_candidate_pool,topic_capacity_limit,,2026-08-28,Git history and prior public-data snapshots
pubmed-42603595,PubMed,42603595,10.1016/j.physbeh.2026.115478,Co-agonism of GLP-1R and CTR/AMYR in the lateral dorsal tegmental nucleus produces additive effects on homeostatic and motivated feeding.,glp1-weight-cardiometabolic,glp1-weight-cardiometabolic__curated_recent_update_2026_08_end,intake_pending_curation,retired_from_active_candidate_pool,topic_capacity_limit,,2026-08-28,Git history and prior public-data snapshots
pubmed-42603625,PubMed,42603625,10.1016/j.exger.2026.113287,Remnant cholesterol inflammatory index in relation to frailty burden and longitudinal trajectories: Findings from CHARLS and ELSA.,resistance-training-muscle,resistance-training-muscle__curated_recent_update_2026_08_end,intake_pending_curation,retired_from_active_candidate_pool,topic_capacity_limit,,2026-08-28,Git history and prior public-data snapshots
pubmed-42603704,PubMed,42603704,10.1123/japa.2025-0083,The Role of Aquatic Training in Improving Risk of Falls in Older Adults: A Systematic Review With Meta-Analysis and Meta-Regression.,resistance-training-muscle,resistance-training-muscle__curated_recent_update_2026_08_end,intake_pending_curation,retired_from_active_candidate_pool,topic_capacity_limit,,2026-08-28,Git history and prior public-data snapshots
pubmed-42603859,PubMed,42603859,10.1002/jpen.70136,Sex-specific screening of low appendicular skeletal muscle mass index in community dwelling adults: A descriptive cross-sectional study.,resistance-training-muscle,resistance-training-muscle__curated_recent_update_2026_08_end,intake_pending_curation,retired_from_active_candidate_pool,topic_capacity_limit,,2026-08-28,Git history and prior public-data snapshots
pubmed-42604614,PubMed,42604614,10.1016/j.intimp.2026.117289,Cuproptosis: The metabolic-immune axis in chronic obstructive pulmonary disease pathogenesis and therapeutics.,microbiome-inflammaging,microbiome-inflammaging__curated_recent_update_2026_08_end,intake_pending_curation,retired_from_active_candidate_pool,topic_capacity_limit,,2026-08-28,Git history and prior public-data snapshots
pubmed-42605576,PubMed,42605576,10.1080/14796678.2026.2718644,Interventional treatment options for elderly patients with mitral regurgitation.,resistance-training-muscle,resistance-training-muscle__curated_recent_update_2026_08_end,intake_pending_curation,retired_from_active_candidate_pool,topic_capacity_limit,,2026-08-28,Git history and prior public-data snapshots
pubmed-42605581,PubMed,42605581,10.1097/MCA.0000000000001667,Deconditioning in coronary artery disease: an underrecognized problem with contemporary clinical relevance.,physical-activity-healthspan,physical-activity-healthspan__curated_recent_update_2026_08_end,intake_pending_curation,retired_from_active_candidate_pool,topic_capacity_limit,,2026-08-28,Git history and prior public-data snapshots
pubmed-42605966,PubMed,42605966,10.1002/ohn.70393,Management Patterns and Outcomes of Vestibular Schwannoma in Older Adults: Assessment of the SEER Database.,resistance-training-muscle,resistance-training-muscle__curated_recent_update_2026_08_end,intake_pending_curation,retired_from_active_candidate_pool,topic_capacity_limit,,2026-08-28,Git history and prior public-data snapshots
pubmed-42605976,PubMed,42605976,10.1002/ohn.70395,Frailty Severity and Voice Outcomes After Type 1 Thyroplasty.,resistance-training-muscle,resistance-training-muscle__curated_recent_update_2026_08_end,intake_pending_curation,retired_from_active_candidate_pool,topic_capacity_limit,,2026-08-28,Git history and prior public-data snapshots
pubmed-42606010,PubMed,42606010,10.1684/pnv.2026.1297,[Management of Acute Ischemic Stroke in Older Adults: What's New in Thrombolysis and Thrombectomy up to 24 Hours?].,resistance-training-muscle,resistance-training-muscle__curated_recent_update_2026_08_end,intake_pending_curation,retired_from_active_candidate_pool,topic_capacity_limit,,2026-08-28,Git history and prior public-data snapshots
pubmed-42606037,PubMed,42606037,10.1177/17504589261473132,"Preoperative anxiety, sleep disturbances and postoperative delirium in cardiac surgery: A scoping review for nursing practice.",sleep-aging,sleep-aging__curated_recent_update_2026_08_end,intake_pending_curation,retired_from_active_candidate_pool,topic_capacity_limit,,2026-08-28,Git history and prior public-data snapshots
pubmed-42606162,PubMed,42606162,10.1002/cncr.70586,Practical considerations for the use of incretin mimetics in patients with neuroendocrine neoplasms: An expert consensus statement.,glp1-weight-cardiometabolic,glp1-weight-cardiometabolic__curated_recent_update_2026_08_end,intake_pending_curation,retired_from_active_candidate_pool,topic_capacity_limit,,2026-08-28,Git history and prior public-data snapshots
pubmed-42606178,PubMed,42606178,10.1002/acr.80141,Association between hand synovitis and all-cause mortality: a general population-based study.,physical-activity-healthspan,physical-activity-healthspan__curated_recent_update_2026_08_end,intake_pending_curation,retired_from_active_candidate_pool,topic_capacity_limit,,2026-08-28,Git history and prior public-data snapshots
pubmed-42606522,PubMed,42606522,10.1152/ajpendo.00105.2026,Mechanistic Drivers of Thermogenic Adipose Tissue Dysfunction in Aging and Obesity.,autophagy-mitophagy,autophagy-mitophagy__curated_recent_update_2026_08_end,intake_pending_curation,retired_from_active_candidate_pool,topic_capacity_limit,,2026-08-28,Git history and prior public-data snapshots
pubmed-42606601,PubMed,42606601,10.1093/gerona/glag196,Modifiable Risk Factors for Mortality Across Life Course: A Pooled Population-Based Cohort Study.,blood-pressure-aging,blood-pressure-aging__curated_recent_update_2026_08_end,intake_pending_curation,retired_from_active_candidate_pool,topic_capacity_limit,,2026-08-28,Git history and prior public-data snapshots
pubmed-42606617,PubMed,42606617,10.1007/s00399-026-01170-5,[The role of psychosocial risk factors in the development and course of atrial fibrillation].,sleep-aging,sleep-aging__curated_recent_update_2026_08_end,intake_pending_curation,retired_from_active_candidate_pool,topic_capacity_limit,,2026-08-28,Git history and prior public-data snapshots
pubmed-42606800,PubMed,42606800,10.1007/s11701-026-03817-4,Disproportionate expansion of radical prostatectomy among older men in Japan in the robotic surgery era: a nationwide descriptive time series analysis.,resistance-training-muscle,resistance-training-muscle__curated_recent_update_2026_08_end,intake_pending_curation,retired_from_active_candidate_pool,topic_capacity_limit,,2026-08-28,Git history and prior public-data snapshots
pubmed-42606940,PubMed,42606940,10.1016/j.celrep.2026.117844,Caloric restriction suppresses colorectal tumors and melanoma through CD8 T cells in aged mice.,microbiome-inflammaging,microbiome-inflammaging__curated_recent_update_2026_08_end,intake_pending_curation,retired_from_active_candidate_pool,topic_capacity_limit,,2026-08-28,Git history and prior public-data snapshots
pubmed-42606949,PubMed,42606949,10.1093/qjmed/hcag217,Associations Between Glucagon-like Peptide-1 Receptor Agonists and Respiratory Outcomes in Chronic Obstructive pulmonary disease and Diabetes.,metformin-aging,metformin-aging__curated_recent_update_2026_08_end,intake_pending_curation,retired_from_active_candidate_pool,topic_capacity_limit,,2026-08-28,Git history and prior public-data snapshots
pubmed-42606951,PubMed,42606951,10.1097/SHK.0000000000002926,Severe Burn Injury as a Chronic Immunometabolic Disease.,microbiome-inflammaging,microbiome-inflammaging__curated_recent_update_2026_08_end,intake_pending_curation,retired_from_active_candidate_pool,topic_capacity_limit,,2026-08-28,Git history and prior public-data snapshots
pubmed-42607021,PubMed,42607021,10.1159/000553430,Mitochondrial Dysfunction as a Central Hub of Aging: From Molecular Cascades to Inter-Organ Communication Networks.,autophagy-mitophagy,autophagy-mitophagy__curated_recent_update_2026_08_end,intake_pending_curation,retired_from_active_candidate_pool,topic_capacity_limit,,2026-08-28,Git history and prior public-data snapshots
pubmed-42607233,PubMed,42607233,10.14309/ctg.0000000000001082,The Cirrhosis Administrative Frailty Index (CAFI) Predicts Mortality Among Hospitalized Patients With Cirrhosis.,resistance-training-muscle,resistance-training-muscle__curated_recent_update_2026_08_end,intake_pending_curation,retired_from_active_candidate_pool,topic_capacity_limit,,2026-08-28,Git history and prior public-data snapshots
pubmed-42607310,PubMed,42607310,10.7326/ANNALS-26-00245,Longitudinal Changes in Heart Stress and the Risk for Cardiovascular Disease and Mortality in Older Adults : An Observational Study.,blood-pressure-aging,blood-pressure-aging__curated_recent_update_2026_08_end,intake_pending_curation,retired_from_active_candidate_pool,topic_capacity_limit,,2026-08-28,Git history and prior public-data snapshots
pubmed-42607669,PubMed,42607669,10.1016/j.stem.2026.07.013,Ovarian aging and systemic health: Mechanisms and emerging intervention strategies.,senolytics,senolytics__curated_recent_update_2026_08_end,intake_pending_curation,retired_from_active_candidate_pool,topic_capacity_limit,,2026-08-28,Git history and prior public-data snapshots
pubmed-42607684,PubMed,42607684,10.1016/j.molcel.2026.07.027,ER-liquid condensate contacts sequester FAM134B/C and RhoA to govern cell morphology.,autophagy-mitophagy,autophagy-mitophagy__curated_recent_update_2026_08_end,intake_pending_curation,retired_from_active_candidate_pool,topic_capacity_limit,,2026-08-28,Git history and prior public-data snapshots
pubmed-42607709,PubMed,42607709,10.1111/hiv.70298,Dietary counselling and exercise training for lipid management in people living with HIV: A systematic review and meta-analysis.,ldl-apob-cardiovascular-risk,ldl-apob-cardiovascular-risk__curated_recent_update_2026_08_end,intake_pending_curation,retired_from_active_candidate_pool,topic_capacity_limit,,2026-08-28,Git history and prior public-data snapshots
pubmed-42607818,PubMed,42607818,10.1016/j.freeradbiomed.2026.08.032,CoQ10 ameliorates intermittent hypoxia-induced ferroptosis by suppressing HMGB1 acetylation and release.,sleep-aging,sleep-aging__curated_recent_update_2026_08_end,intake_pending_curation,retired_from_active_candidate_pool,topic_capacity_limit,,2026-08-28,Git history and prior public-data snapshots
pubmed-42607838,PubMed,42607838,10.1016/j.tjnut.2026.101789,Ingestion of 20 g of a plant-derived protein blend with and without added leucine or whey protein does not increase muscle protein synthesis rates in older males.,resistance-training-muscle,resistance-training-muscle__curated_recent_update_2026_08_end,intake_pending_curation,retired_from_active_candidate_pool,topic_capacity_limit,,2026-08-28,Git history and prior public-data snapshots
pubmed-42607934,PubMed,42607934,10.1016/j.arr.2026.103308,Neuro-Metabolic Ageing Drives Diabetes-Associated Neurodegeneration: A Geroscience and Network Pharmacology Perspective.,microbiome-inflammaging,microbiome-inflammaging__curated_recent_update_2026_08_end,intake_pending_curation,retired_from_active_candidate_pool,topic_capacity_limit,,2026-08-28,Git history and prior public-data snapshots
pubmed-42607970,PubMed,42607970,10.1016/j.fsi.2026.111653,Pseudomonas juntendi MaLMAid0250 suppresses Vibrio in Artemia and enhances survival of Vibrio-challenged black scraper (Thamnaconus modestus).,microbiome-inflammaging,microbiome-inflammaging__curated_recent_update_2026_08_end,intake_pending_curation,retired_from_active_candidate_pool,topic_capacity_limit,,2026-08-28,Git history and prior public-data snapshots
pubmed-42608016,PubMed,42608016,10.1123/jsr.2026-0027,Running Participation in People With Multiple Sclerosis: A Prospective Observational Cohort Study.,resistance-training-muscle,resistance-training-muscle__curated_recent_update_2026_08_end,intake_pending_curation,retired_from_active_candidate_pool,topic_capacity_limit,,2026-08-28,Git history and prior public-data snapshots
pubmed-42608136,PubMed,42608136,10.1136/bmjdrc-2025-005743,Cardiometabolic factors and risk of dementia in people with type 2 diabetes in England: a large retrospective cohort study.,blood-pressure-aging,blood-pressure-aging__curated_recent_update_2026_08_end,intake_pending_curation,retired_from_active_candidate_pool,topic_capacity_limit,,2026-08-28,Git history and prior public-data snapshots
pubmed-42608321,PubMed,42608321,10.1111/dom.71200,Retatrutide-Associated Improvements in Cardiovascular Risk Biomarkers in Adults With Obesity With or Without Type 2 Diabetes.,ldl-apob-cardiovascular-risk,ldl-apob-cardiovascular-risk__curated_recent_update_2026_08_end,intake_pending_curation,retired_from_active_candidate_pool,topic_capacity_limit,,2026-08-28,Git history and prior public-data snapshots
pubmed-42608333,PubMed,42608333,10.1111/dom.71236,Association of Lipid Ratios With Cardiovascular Outcomes in Type 2 Diabetes: A Population Cohort Study.,ldl-apob-cardiovascular-risk,ldl-apob-cardiovascular-risk__curated_recent_update_2026_08_end,intake_pending_curation,retired_from_active_candidate_pool,topic_capacity_limit,,2026-08-28,Git history and prior public-data snapshots
pubmed-42608499,PubMed,42608499,10.1007/s12035-026-06139-6,Every-Other-Day Fasting Prehabilitation Attenuates Secondary Injury Following Spinal Cord Injury and Is Associated with Stage-Dependent SREBP1-Related Metabolic-Immune Remodeling.,time-restricted-eating,time-restricted-eating__curated_recent_update_2026_08_end,intake_pending_curation,retired_from_active_candidate_pool,topic_capacity_limit,,2026-08-28,Git history and prior public-data snapshots
pubmed-42608559,PubMed,42608559,10.1007/s00210-026-05809-5,Maximizing weight loss with cagrisema: a systematic review and GRADE-assessed meta-analysis of randomized controlled trials.,glp1-weight-cardiometabolic,glp1-weight-cardiometabolic__curated_recent_update_2026_08_end,intake_pending_curation,retired_from_active_candidate_pool,topic_capacity_limit,,2026-08-28,Git history and prior public-data snapshots
pubmed-42608589,PubMed,42608589,10.1007/s00018-026-06383-y,Comparative analysis of neuronal proteolytic pathways reveals neuron-specific and sub-compartmental-specific capacities with aging.,autophagy-mitophagy,autophagy-mitophagy__curated_recent_update_2026_08_end,intake_pending_curation,retired_from_active_candidate_pool,topic_capacity_limit,,2026-08-28,Git history and prior public-data snapshots
pubmed-42608678,PubMed,42608678,10.1186/s12877-026-08038-w,"Delirium superimposed on dementia in nursing homes: prevalence, incidence, and prognosis - protocol of a prospective multicenter cohort study.",physical-activity-healthspan,physical-activity-healthspan__curated_recent_update_2026_08_end,intake_pending_curation,retired_from_active_candidate_pool,topic_capacity_limit,,2026-08-28,Git history and prior public-data snapshots
pubmed-42608782,PubMed,42608782,10.1177/13524585261475090,Impact of frailty on multiple sclerosis.,resistance-training-muscle,resistance-training-muscle__curated_recent_update_2026_08_end,intake_pending_curation,retired_from_active_candidate_pool,topic_capacity_limit,,2026-08-28,Git history and prior public-data snapshots
pubmed-42608808,PubMed,42608808,10.1093/gerona/glag201,Gut microbial load mediates the longevity effect of Korean red ginseng in Drosophila melanogaster.,microbiome-inflammaging,microbiome-inflammaging__curated_recent_update_2026_08_end,intake_pending_curation,retired_from_active_candidate_pool,topic_capacity_limit,,2026-08-28,Git history and prior public-data snapshots
pubmed-42608824,PubMed,42608824,10.1002/ps.71212,Physiological and gut microbial responses of Apis cerana to sub-chronic exposure to binary pesticide mixtures at environmentally relevant concentrations.,microbiome-inflammaging,microbiome-inflammaging__curated_recent_update_2026_08_end,intake_pending_curation,retired_from_active_candidate_pool,topic_capacity_limit,,2026-08-28,Git history and prior public-data snapshots
pubmed-42608904,PubMed,42608904,10.1002/acr.80145,Extending Service Beyond Active Duty: Generalizability of Rheumatoid Arthritis Research Conducted Among U.S. Veterans.,resistance-training-muscle,resistance-training-muscle__curated_recent_update_2026_08_end,intake_pending_curation,retired_from_active_candidate_pool,topic_capacity_limit,,2026-08-28,Git history and prior public-data snapshots
pubmed-42609160,PubMed,42609160,10.1111/jir.70162,"Frailty in Adults With Down Syndrome: Cognitive, Functional and Biomarker Associations.",resistance-training-muscle,resistance-training-muscle__curated_recent_update_2026_08_end,intake_pending_curation,retired_from_active_candidate_pool,topic_capacity_limit,,2026-08-28,Git history and prior public-data snapshots
pubmed-42609518,PubMed,42609518,10.1155/jare/9826332,Role of Sociodemographic Variables in the Association Between Physical Performance and Balance Disorders in Older Adults.,resistance-training-muscle,resistance-training-muscle__curated_recent_update_2026_08_end,intake_pending_curation,retired_from_active_candidate_pool,topic_capacity_limit,,2026-08-28,Git history and prior public-data snapshots
pubmed-42609584,PubMed,42609584,10.1002/rmb2.70090,Inflammation and Oxidative Stress in Male Infertility: A Narrative Review.,microbiome-inflammaging,microbiome-inflammaging__curated_recent_update_2026_08_end,intake_pending_curation,retired_from_active_candidate_pool,topic_capacity_limit,,2026-08-28,Git history and prior public-data snapshots
pubmed-42610030,PubMed,42610030,10.2147/DMSO.S607678,Comparative Efficacy of Semaglutide and Tirzepatide in Chinese Adults with Obesity without Diabetes: A Real-World Observational Study.,glp1-weight-cardiometabolic,glp1-weight-cardiometabolic__curated_recent_update_2026_08_end,intake_pending_curation,retired_from_active_candidate_pool,topic_capacity_limit,,2026-08-28,Git history and prior public-data snapshots
pubmed-42610056,PubMed,42610056,10.2147/DMSO.S609998,"Serum GDF3 is Associated with Visceral Obesity, Insulin Resistance, and Inflammation in Non-Diabetic Adults: A Cross-Sectional Study with an Interventional Component.",glp1-weight-cardiometabolic,glp1-weight-cardiometabolic__curated_recent_update_2026_08_end,intake_pending_curation,retired_from_active_candidate_pool,topic_capacity_limit,,2026-08-28,Git history and prior public-data snapshots
pubmed-42610271,PubMed,42610271,10.1161/CIRCULATIONAHA.125.074482,Effect of Semaglutide on the Inflammatory Biomarker High-Sensitivity CRP in Patients With Established Cardiovascular Disease and Overweight or Obesity in SELECT: A Prespecified Secondary Analysis.,glp1-weight-cardiometabolic,glp1-weight-cardiometabolic__curated_recent_update_2026_08_end,intake_pending_curation,retired_from_active_candidate_pool,topic_capacity_limit,,2026-08-28,Git history and prior public-data snapshots
pubmed-42610488,PubMed,42610488,10.1002/14651858.CD015622.pub2,Metabolic and bariatric surgery in adults with obesity and diabetes mellitus: a network meta-analysis.,physical-activity-healthspan,physical-activity-healthspan__curated_recent_update_2026_08_end,intake_pending_curation,retired_from_active_candidate_pool,topic_capacity_limit,,2026-08-28,Git history and prior public-data snapshots
pubmed-42610504,PubMed,42610504,10.1002/1744-9987.70212,Therapeutic Plasma Exchange in Neuromyelitis Optica Spectrum Disorder: Real-World Clinical Outcomes and Safety From a Tertiary Care Center in Northwest India.,resistance-training-muscle,resistance-training-muscle__curated_recent_update_2026_08_end,intake_pending_curation,retired_from_active_candidate_pool,topic_capacity_limit,,2026-08-28,Git history and prior public-data snapshots
pubmed-42610529,PubMed,42610529,10.1002/advs.77189,Loss of LCN2 Function Ameliorates Glucocorticoid-Induced Muscle Atrophy via Remodeling the Extracellular Matrix.,resistance-training-muscle,resistance-training-muscle__curated_recent_update_2026_08_end,intake_pending_curation,retired_from_active_candidate_pool,topic_capacity_limit,,2026-08-28,Git history and prior public-data snapshots
pubmed-42611066,PubMed,42611066,10.1007/s00774-026-01742-y,A DXA-based profile of body composition in celiac patients: a cross-sectional retrospective study.,resistance-training-muscle,resistance-training-muscle__curated_recent_update_2026_08_end,intake_pending_curation,retired_from_active_candidate_pool,topic_capacity_limit,,2026-08-28,Git history and prior public-data snapshots
pubmed-42611111,PubMed,42611111,10.1007/s40618-026-03024-w,Prospective changes in sleep quality and depressive symptom burden following initiation of GLP-1-based therapies in patients with obesity: a real-world study.,glp1-weight-cardiometabolic,glp1-weight-cardiometabolic__curated_recent_update_2026_08_end,intake_pending_curation,retired_from_active_candidate_pool,topic_capacity_limit,,2026-08-28,Git history and prior public-data snapshots
pubmed-42611172,PubMed,42611172,10.1007/s40279-026-02521-5,"The Optimal Exercise Modality and Dose for Blood Pressure Management in Middle-Aged and Older Adults: A Systematic Review with Bayesian Model-Based, and Dose-Response Network Meta-Analysis of RCTs.",resistance-training-muscle,resistance-training-muscle__curated_recent_update_2026_08_end,intake_pending_curation,retired_from_active_candidate_pool,topic_capacity_limit,,2026-08-28,Git history and prior public-data snapshots
pubmed-42611363,PubMed,42611363,10.1007/s11154-026-10074-1,"Beyond weight: a stigma-free, integrated approach to obesity in patients affected by cancer.",resistance-training-muscle,resistance-training-muscle__curated_recent_update_2026_08_end,intake_pending_curation,retired_from_active_candidate_pool,topic_capacity_limit,,2026-08-28,Git history and prior public-data snapshots
pubmed-42611367,PubMed,42611367,10.1007/s10143-026-04450-3,"Sarcopenic obesity and cachexia as nutritional risk phenotypes and histology-specific outcomes after intracranial tumor resection: a histology-stratified NSQIP analysis of 27,057 cases.",resistance-training-muscle,resistance-training-muscle__curated_recent_update_2026_08_end,intake_pending_curation,retired_from_active_candidate_pool,topic_capacity_limit,,2026-08-28,Git history and prior public-data snapshots
pubmed-42611709,PubMed,42611709,10.1016/j.tjfa.2026.100186,Research on the moderating role of age-friendly communities in the relationship between intrinsic capacity and functional ability.,resistance-training-muscle,resistance-training-muscle__curated_recent_update_2026_08_end,intake_pending_curation,retired_from_active_candidate_pool,topic_capacity_limit,,2026-08-28,Git history and prior public-data snapshots
pubmed-42611729,PubMed,42611729,10.1093/milmed/usag382,Thinking Outside the Blood Box: Reimagining the Military Treatment Facility as a Power Projection Platform for Blood Logistics.,physical-activity-healthspan,physical-activity-healthspan__curated_recent_update_2026_08_end,intake_pending_curation,retired_from_active_candidate_pool,topic_capacity_limit,,2026-08-28,Git history and prior public-data snapshots
pubmed-42611796,PubMed,42611796,10.1182/blood.2025031886,Restoration of oscillatory shear stress in humans activates an endothelial protective genetic program and prevents DVT.,physical-activity-healthspan,physical-activity-healthspan__curated_recent_update_2026_08_end,intake_pending_curation,retired_from_active_candidate_pool,topic_capacity_limit,,2026-08-28,Git history and prior public-data snapshots
pubmed-42611800,PubMed,42611800,10.1159/000553633,Incomplete Intestinal Metaplasia as a High-Risk Clinical Phenotype in Gastric Carcinogenesis: Implications for Surveillance and Management.,microbiome-inflammaging,microbiome-inflammaging__curated_recent_update_2026_08_end,intake_pending_curation,retired_from_active_candidate_pool,topic_capacity_limit,,2026-08-28,Git history and prior public-data snapshots
pubmed-42612144,PubMed,42612144,10.2196/93130,Influence of a Multicomponent Supervised Exercise Program on Frail and Prefrail Community-Dwelling Older Adults: Protocol for a Randomized Controlled Trial.,resistance-training-muscle,resistance-training-muscle__curated_recent_update_2026_08_end,intake_pending_curation,retired_from_active_candidate_pool,topic_capacity_limit,,2026-08-28,Git history and prior public-data snapshots
pubmed-42612151,PubMed,42612151,10.1002/jso.70376,Determinants of Failure to Rescue After Pulmonary Resection for Lung Cancer: Insights From a National Inpatient Sample.,resistance-training-muscle,resistance-training-muscle__curated_recent_update_2026_08_end,intake_pending_curation,retired_from_active_candidate_pool,topic_capacity_limit,,2026-08-28,Git history and prior public-data snapshots
pubmed-42612504,PubMed,42612504,10.1016/j.jnha.2026.100945,Multivariable-adjusted multi-omics signatures reveal gut microbial functional alterations and metabolic dysregulation in intrinsic capacity decline.,microbiome-inflammaging,microbiome-inflammaging__curated_recent_update_2026_08_end,intake_pending_curation,retired_from_active_candidate_pool,topic_capacity_limit,,2026-08-28,Git history and prior public-data snapshots
pubmed-42612506,PubMed,42612506,10.1016/j.jnha.2026.100956,Association between habitual intake of fermented milk products containing lactic acid bacteria and all-cause mortality: a community-based cohort prospective study.,physical-activity-healthspan,physical-activity-healthspan__curated_recent_update_2026_08_end,intake_pending_curation,retired_from_active_candidate_pool,topic_capacity_limit,,2026-08-28,Git history and prior public-data snapshots
pubmed-42612657,PubMed,42612657,10.1016/j.langlo.2026.103973,The impact of the women's medical education ban in Afghanistan on service coverage and maternal and neonatal mortality: a modelling study.,physical-activity-healthspan,physical-activity-healthspan__curated_recent_update_2026_08_end,intake_pending_curation,retired_from_active_candidate_pool,topic_capacity_limit,,2026-08-28,Git history and prior public-data snapshots
pubmed-42612664,PubMed,42612664,10.1016/S2352-3018(26)00147-5,"Global, regional, and national burden of HIV/AIDS, 1990-2023, with the estimated burden attributable to intimate partner violence and forecasted impacts of funding cuts through 2030: results from the Global Burden of Disease Study 2023.",physical-activity-healthspan,physical-activity-healthspan__curated_recent_update_2026_08_end,intake_pending_curation,retired_from_active_candidate_pool,topic_capacity_limit,,2026-08-28,Git history and prior public-data snapshots
pubmed-42612710,PubMed,42612710,10.1016/j.arr.2026.103310,"The nutrition-sleep-circadian axis in age-related neurodegeneration: Cellular mechanisms, metabolic dysfunction, and neuroprotective interventions.",time-restricted-eating,time-restricted-eating__curated_recent_update_2026_08_end,intake_pending_curation,retired_from_active_candidate_pool,topic_capacity_limit,,2026-08-28,Git history and prior public-data snapshots
pubmed-42612952,PubMed,42612952,10.1016/j.clnesp.2026.105038,"Malnutrition and sarcopenia in rheumatoid arthritis: Prevalence, risk factors, and the limitations of body mass index: A cross-sectional study.",resistance-training-muscle,resistance-training-muscle__curated_recent_update_2026_08_end,intake_pending_curation,retired_from_active_candidate_pool,topic_capacity_limit,,2026-08-28,Git history and prior public-data snapshots
pubmed-42613374,PubMed,42613374,10.1038/s41598-026-63370-w,Effect of preoperative body composition on long-term outcomes in patients undergoing distal cholangiocarcinoma resection.,resistance-training-muscle,resistance-training-muscle__curated_recent_update_2026_08_end,intake_pending_curation,retired_from_active_candidate_pool,topic_capacity_limit,,2026-08-28,Git history and prior public-data snapshots
pubmed-42613646,PubMed,42613646,10.1097/JCMA.0000000000001415,Urban-rural differences in health behaviors and cognition: Two Taiwanese older cohorts.,physical-activity-healthspan,physical-activity-healthspan__curated_recent_update_2026_08_end,intake_pending_curation,retired_from_active_candidate_pool,topic_capacity_limit,,2026-08-28,Git history and prior public-data snapshots
pubmed-42613677,PubMed,42613677,10.1177/07334648261478669,Caregiver- and Care Recipient-Related Factors Linked to Pain in Family Caregivers of Persons Living with Dementia.,sleep-aging,sleep-aging__curated_recent_update_2026_08_end,intake_pending_curation,retired_from_active_candidate_pool,topic_capacity_limit,,2026-08-28,Git history and prior public-data snapshots
pubmed-42613867,PubMed,42613867,10.4266/acc.002912,Admission characteristics and factors associated with outcomes in elderly patients aged 75 years and older in a level 3 ICU in Nepal: a 4-year registry-based retrospective study.,resistance-training-muscle,resistance-training-muscle__curated_recent_update_2026_08_end,intake_pending_curation,retired_from_active_candidate_pool,topic_capacity_limit,,2026-08-28,Git history and prior public-data snapshots
pubmed-42613870,PubMed,42613870,10.4266/acc.002236,Venoarterial extracorporeal membrane oxygenation as a rescue strategy in high-risk pulmonary thromboembolism.,resistance-training-muscle,resistance-training-muscle__curated_recent_update_2026_08_end,intake_pending_curation,retired_from_active_candidate_pool,topic_capacity_limit,,2026-08-28,Git history and prior public-data snapshots
pubmed-42613915,PubMed,42613915,10.1113/EP093800,Effects of dietary nitrate supplementation on peak oxygen uptake following 10 days of Ramadan fasting in healthy adults.,sleep-aging,sleep-aging__curated_recent_update_2026_08_end,intake_pending_curation,retired_from_active_candidate_pool,topic_capacity_limit,,2026-08-28,Git history and prior public-data snapshots
pubmed-42614672,PubMed,42614672,10.1021/acsptsci.5c00752,Insomnia-Associated Circadian and Thrombotic Alterations Coincide with Morning Cardiac Vulnerability.,sleep-aging,sleep-aging__curated_recent_update_2026_08_end,intake_pending_curation,retired_from_active_candidate_pool,topic_capacity_limit,,2026-08-28,Git history and prior public-data snapshots
pubmed-42614739,PubMed,42614739,10.1002/hsr2.73067,Association Between EAT-Lancet Diet Adherence and Sleep Quality in Lactating Women: A Cross-Sectional Analysis.,sleep-aging,sleep-aging__curated_recent_update_2026_08_end,intake_pending_curation,retired_from_active_candidate_pool,topic_capacity_limit,,2026-08-28,Git history and prior public-data snapshots
pubmed-42614901,PubMed,42614901,10.1021/acsptsci.6c00162,A Niacin-α-Lipoic Acid Hybrid Ameliorates Alzheimer's Disease Pathology in Mouse Models.,microbiome-inflammaging,microbiome-inflammaging__curated_recent_update_2026_08_end,intake_pending_curation,retired_from_active_candidate_pool,topic_capacity_limit,,2026-08-28,Git history and prior public-data snapshots
pubmed-42615112,PubMed,42615112,10.1002/kjm2.70276,Metabolic Syndrome and Dementia Risk in Older Adults: A Narrative Review.,blood-pressure-aging,blood-pressure-aging__curated_recent_update_2026_08_end,intake_pending_curation,retired_from_active_candidate_pool,topic_capacity_limit,,2026-08-28,Git history and prior public-data snapshots
pubmed-42615482,PubMed,42615482,10.3791/70058,"Prognostication in End-Stage Kidney Disease: Tools, Evidence, and Clinical Applications.",resistance-training-muscle,resistance-training-muscle__curated_recent_update_2026_08_end,intake_pending_curation,retired_from_active_candidate_pool,topic_capacity_limit,,2026-08-28,Git history and prior public-data snapshots
pubmed-42615756,PubMed,42615756,10.1590/S0004-2803.24612026-017,"CIRRHOSIS-ASSOCIATED SARCOPENIA: INTEGRATING IMAGING, FUNCTION, AND METABOLISM FOR CLINICAL DECISION-MAKING.",resistance-training-muscle,resistance-training-muscle__curated_recent_update_2026_08_end,intake_pending_curation,retired_from_active_candidate_pool,topic_capacity_limit,,2026-08-28,Git history and prior public-data snapshots
pubmed-42615768,PubMed,42615768,10.1590/0102-672020260000011e1940,Acutely kidney injury in the postoperative period of elective colorectal surgery: assessment of the age influence.,blood-pressure-aging,blood-pressure-aging__curated_recent_update_2026_08_end,intake_pending_curation,retired_from_active_candidate_pool,topic_capacity_limit,,2026-08-28,Git history and prior public-data snapshots
pubmed-42615985,PubMed,42615985,10.1093/gerona/glag197,"Social, economic, and environmental disparities in device-measured 24-hour movement behaviours in a nationally representative cohort of older English adults.",physical-activity-healthspan,physical-activity-healthspan__curated_recent_update_2026_08_end,intake_pending_curation,retired_from_active_candidate_pool,topic_capacity_limit,,2026-08-28,Git history and prior public-data snapshots
pubmed-42616115,PubMed,42616115,10.1007/s00264-026-06983-0,"Locomotive syndrome: history, current concepts, and future perspectives.",resistance-training-muscle,resistance-training-muscle__curated_recent_update_2026_08_end,intake_pending_curation,retired_from_active_candidate_pool,topic_capacity_limit,,2026-08-28,Git history and prior public-data snapshots
pubmed-42616143,PubMed,42616143,10.1007/s00394-026-04076-7,"Synergistic effects of synbiotic, protein supplementation, and resistance training on inflammation, oxidative stress, and muscle strength in older adults with type 2 diabetes mellitus: a RCT triple-blinded study.",resistance-training-muscle,resistance-training-muscle__curated_recent_update_2026_08_end,intake_pending_curation,retired_from_active_candidate_pool,topic_capacity_limit,,2026-08-28,Git history and prior public-data snapshots
pubmed-42616222,PubMed,42616222,10.1007/s13304-026-02816-2,"Safety, feasibility, and early outcomes of one hundred robotic bariatric procedures at a high-volume center.",sleep-aging,sleep-aging__curated_recent_update_2026_08_end,intake_pending_curation,retired_from_active_candidate_pool,topic_capacity_limit,,2026-08-28,Git history and prior public-data snapshots
pubmed-42616270,PubMed,42616270,10.1007/s10157-026-02927-5,Longitudinal associations between albuminuria and renal function and annual brain volume changes: the Ohasama study.,blood-pressure-aging,blood-pressure-aging__curated_recent_update_2026_08_end,intake_pending_curation,retired_from_active_candidate_pool,topic_capacity_limit,,2026-08-28,Git history and prior public-data snapshots
pubmed-42616448,PubMed,42616448,10.1021/acs.jafc.6c00384,"Structural Characterization, Physicochemical Properties, and Ameliorating Effect on Age-Related Constipation of an Arabinogalactan from Peach Gum.",microbiome-inflammaging,microbiome-inflammaging__curated_recent_update_2026_08_end,intake_pending_curation,retired_from_active_candidate_pool,topic_capacity_limit,,2026-08-28,Git history and prior public-data snapshots
pubmed-42616643,PubMed,42616643,10.1016/j.tjfa.2026.100185,Incident dementia risk by frailty status and living arrangements in older adults.,resistance-training-muscle,resistance-training-muscle__curated_recent_update_2026_08_end,intake_pending_curation,retired_from_active_candidate_pool,topic_capacity_limit,,2026-08-28,Git history and prior public-data snapshots
pubmed-42616688,PubMed,42616688,10.1159/000553306,construction and evaluation of sarcopenia risk prediction model for non-obese older adults.,resistance-training-muscle,resistance-training-muscle__curated_recent_update_2026_08_end,intake_pending_curation,retired_from_active_candidate_pool,topic_capacity_limit,,2026-08-28,Git history and prior public-data snapshots
pubmed-42616748,PubMed,42616748,10.1371/journal.pgph.0006956,Relationship of rotating-shift work with lifestyle and health status of hospital employees.,ldl-apob-cardiovascular-risk,ldl-apob-cardiovascular-risk__curated_recent_update_2026_08_end,intake_pending_curation,retired_from_active_candidate_pool,topic_capacity_limit,,2026-08-28,Git history and prior public-data snapshots
pubmed-42617205,PubMed,42617205,10.1016/j.jnha.2026.100937,Time-dependent biology of mortality in middle-aged and older adults: Distinct predictors for near- and long-term outcomes in a population-based cohort in Taiwan.,microbiome-inflammaging,microbiome-inflammaging__curated_recent_update_2026_08_end,intake_pending_curation,retired_from_active_candidate_pool,topic_capacity_limit,,2026-08-28,Git history and prior public-data snapshots
pubmed-42617291,PubMed,42617291,10.1016/j.atherosclerosis.2026.121879,Long-term average atherogenic index of plasma and cardiovascular mortality in 8.9 million Korean adults: A nationwide cohort study.,ldl-apob-cardiovascular-risk,ldl-apob-cardiovascular-risk__curated_recent_update_2026_08_end,intake_pending_curation,retired_from_active_candidate_pool,topic_capacity_limit,,2026-08-28,Git history and prior public-data snapshots
pubmed-42617399,PubMed,42617399,10.1016/j.clnu.2026.106758,Proteomic signature of healthy dietary patterns and risk of cardiovascular disease in the framingham heart study.,blood-pressure-aging,blood-pressure-aging__curated_recent_update_2026_08_end,intake_pending_curation,retired_from_active_candidate_pool,topic_capacity_limit,,2026-08-28,Git history and prior public-data snapshots
pubmed-42617462,PubMed,42617462,10.1016/j.parkreldis.2026.108939,Association of early adjunctive dopaminergic therapy and 5-year mortality in Parkinson's disease: A nationwide cohort study.,resistance-training-muscle,resistance-training-muscle__curated_recent_update_2026_08_end,intake_pending_curation,retired_from_active_candidate_pool,topic_capacity_limit,,2026-08-28,Git history and prior public-data snapshots
pubmed-42617503,PubMed,42617503,10.1016/j.eplepsyres.2026.107896,Real-world experience with GLP-1 receptor agonists in adults with epilepsy following a modified atkins diet.,glp1-weight-cardiometabolic,glp1-weight-cardiometabolic__curated_recent_update_2026_08_end,intake_pending_curation,retired_from_active_candidate_pool,topic_capacity_limit,,2026-08-28,Git history and prior public-data snapshots
pubmed-42617741,PubMed,42617741,10.1016/j.jbc.2026.113470,Identification of a conserved neutralizing epitope on the ASFV H240R protein by a nanobody that inhibits viral attachment.,microbiome-inflammaging,microbiome-inflammaging__curated_recent_update_2026_08_end,intake_pending_curation,retired_from_active_candidate_pool,topic_capacity_limit,,2026-08-28,Git history and prior public-data snapshots
pubmed-42617978,PubMed,42617978,10.1016/j.arr.2026.103297,Aging in the air we breathe: mechanisms and consequences of air pollution exposure for biological aging.,resistance-training-muscle,resistance-training-muscle__curated_recent_update_2026_08_end,intake_pending_curation,retired_from_active_candidate_pool,topic_capacity_limit,,2026-08-28,Git history and prior public-data snapshots
pubmed-42618017,PubMed,42618017,10.1016/j.jogn.2026.07.002,Biomarkers for Biological Aging in Postmenopausal Women.,microbiome-inflammaging,microbiome-inflammaging__curated_recent_update_2026_08_end,intake_pending_curation,retired_from_active_candidate_pool,topic_capacity_limit,,2026-08-28,Git history and prior public-data snapshots
pubmed-42618336,PubMed,42618336,10.1111/imj.70603,Tigecycline combination therapy for fulminant Clostridioides difficile infection: an Australian experience.,microbiome-inflammaging,microbiome-inflammaging__curated_recent_update_2026_08_end,intake_pending_curation,retired_from_active_candidate_pool,topic_capacity_limit,,2026-08-28,Git history and prior public-data snapshots
pubmed-42618523,PubMed,42618523,10.1002/oby.70277,Major Adverse Liver Outcomes With Tirzepatide and Injectable Semaglutide in Adults With Overweight or Obesity and Type 2 Diabetes.,glp1-weight-cardiometabolic,glp1-weight-cardiometabolic__curated_recent_update_2026_08_end,intake_pending_curation,retired_from_active_candidate_pool,topic_capacity_limit,,2026-08-28,Git history and prior public-data snapshots
pubmed-42618571,PubMed,42618571,10.1038/s41467-026-76108-z,Injury-driven stromal exhaustion disrupts intrinsic regenerative capability.,microbiome-inflammaging,microbiome-inflammaging__curated_recent_update_2026_08_end,intake_pending_curation,retired_from_active_candidate_pool,topic_capacity_limit,,2026-08-28,Git history and prior public-data snapshots
pubmed-42618679,PubMed,42618679,10.1038/s41371-026-01199-6,The association between mobility and asleep blood pressure alterations in frail and non-frail adults 80 years and older.,resistance-training-muscle,resistance-training-muscle__curated_recent_update_2026_08_end,intake_pending_curation,retired_from_active_candidate_pool,topic_capacity_limit,,2026-08-28,Git history and prior public-data snapshots
pubmed-42618722,PubMed,42618722,10.1007/s12630-026-03187-3,Preoperative fasting status and retained gastric contents in patients undergoing endoscopy who are using glucagon-like peptide type 1 receptor agonists: a multicentre retrospective study.,glp1-weight-cardiometabolic,glp1-weight-cardiometabolic__curated_recent_update_2026_08_end,intake_pending_curation,retired_from_active_candidate_pool,topic_capacity_limit,,2026-08-28,Git history and prior public-data snapshots
pubmed-42618772,PubMed,42618772,10.1038/s43587-026-01192-1,Noncircadian BMAL1-YAP activity amplifies persistent inflammation in aged epidermis.,microbiome-inflammaging,microbiome-inflammaging__curated_recent_update_2026_08_end,intake_pending_curation,retired_from_active_candidate_pool,topic_capacity_limit,,2026-08-28,Git history and prior public-data snapshots
pubmed-42618869,PubMed,42618869,10.1007/s11357-026-02437-y,The impact of cumulative obesity and genetic susceptibility on biological aging in Chinese older adults.,epigenetic-clocks,epigenetic-clocks__curated_recent_update_2026_08_end,intake_pending_curation,retired_from_active_candidate_pool,topic_capacity_limit,,2026-08-28,Git history and prior public-data snapshots
pubmed-42618902,PubMed,42618902,10.1186/s12877-026-08107-0,Stakeholder perspectives informing the design and development of a digital self-help intervention for healthy aging and mental well-being among older adults in urban India: a qualitative study.,physical-activity-healthspan,physical-activity-healthspan__curated_recent_update_2026_08_end,intake_pending_curation,retired_from_active_candidate_pool,topic_capacity_limit,,2026-08-28,Git history and prior public-data snapshots
pubmed-42618933,PubMed,42618933,10.1186/s13020-026-01415-y,Modified Gan-Mai-Da-Zao decoction for behavioral and psychological symptoms of dementia: preclinical efficacy and molecular mechanisms.,sleep-aging,sleep-aging__curated_recent_update_2026_08_end,intake_pending_curation,retired_from_active_candidate_pool,topic_capacity_limit,,2026-08-28,Git history and prior public-data snapshots
pubmed-42619255,PubMed,42619255,10.1002/adhm.71594,Mitochondria-Targeted Nanotherapies in Aging Neurodegenerative Disorders: Emerging Prospects and Clinical Potential.,autophagy-mitophagy,autophagy-mitophagy__curated_recent_update_2026_08_end,intake_pending_curation,retired_from_active_candidate_pool,topic_capacity_limit,,2026-08-28,Git history and prior public-data snapshots
pubmed-42619278,PubMed,42619278,10.1002/elps.70144,Coated and Immobilized Polysaccharides-Based Stationary Phases for Planar Metallocenes Enantioseparation in Liquid Chromatography.,microbiome-inflammaging,microbiome-inflammaging__curated_recent_update_2026_08_end,intake_pending_curation,retired_from_active_candidate_pool,topic_capacity_limit,,2026-08-28,Git history and prior public-data snapshots
pubmed-42619286,PubMed,42619286,10.1093/eurheartj/ehag621,Weekly Journal Scan: SURMOUNT and MAINTAIN the summit: tirzepatide after successful bodyweight loss.,glp1-weight-cardiometabolic,glp1-weight-cardiometabolic__curated_recent_update_2026_08_end,intake_pending_curation,retired_from_active_candidate_pool,topic_capacity_limit,,2026-08-28,Git history and prior public-data snapshots
pubmed-42619385,PubMed,42619385,10.1097/CM9.0000000000004273,Targeting interleukin-6 in immune-mediated inflammatory diseases: Current strategies and emerging technologies.,microbiome-inflammaging,microbiome-inflammaging__curated_recent_update_2026_08_end,intake_pending_curation,retired_from_active_candidate_pool,topic_capacity_limit,,2026-08-28,Git history and prior public-data snapshots
pubmed-42619425,PubMed,42619425,10.1080/13696998.2026.2718661,The ongoing challenge of Clostridioides difficile infection in Austria: economic evaluation of two recommended treatment pathways.,microbiome-inflammaging,microbiome-inflammaging__curated_recent_update_2026_08_end,intake_pending_curation,retired_from_active_candidate_pool,topic_capacity_limit,,2026-08-28,Git history and prior public-data snapshots
pubmed-42619634,PubMed,42619634,10.1111/head.70131,Glucagon-like peptide-1 receptor agonists in idiopathic intracranial hypertension: A systematic review and meta-analysis.,glp1-weight-cardiometabolic,glp1-weight-cardiometabolic__curated_recent_update_2026_08_end,intake_pending_curation,retired_from_active_candidate_pool,topic_capacity_limit,,2026-08-28,Git history and prior public-data snapshots
pubmed-42620560,PubMed,42620560,10.1016/j.obpill.2026.100317,Increasing skeletal muscle mass and strength during incretin-based weight loss.,glp1-weight-cardiometabolic,glp1-weight-cardiometabolic__curated_recent_update_2026_08_end,intake_pending_curation,retired_from_active_candidate_pool,topic_capacity_limit,,2026-08-28,Git history and prior public-data snapshots
pubmed-42620943,PubMed,42620943,10.1177/20406207261475903,"Prevalence and factors associated with anemia among people living with HIV taking dolutegravir-based antiretroviral therapy at debre markos compressive specialized hospital, debre markos, northwest Ethiopia, 2024: A cross-sectional study.",microbiome-inflammaging,microbiome-inflammaging__curated_recent_update_2026_08_end,intake_pending_curation,retired_from_active_candidate_pool,topic_capacity_limit,,2026-08-28,Git history and prior public-data snapshots
pubmed-42621201,PubMed,42621201,10.1016/j.isci.2026.116701,Accelerated biological aging predicts poor outcomes in frail ICU patients.,resistance-training-muscle,resistance-training-muscle__curated_recent_update_2026_08_end,intake_pending_curation,retired_from_active_candidate_pool,topic_capacity_limit,,2026-08-28,Git history and prior public-data snapshots
pubmed-42621660,PubMed,42621660,10.1002/smmd.70050,Advancing Treatment of Degenerative Eye Diseases at the Nanoscale.,microbiome-inflammaging,microbiome-inflammaging__curated_recent_update_2026_08_end,intake_pending_curation,retired_from_active_candidate_pool,topic_capacity_limit,,2026-08-28,Git history and prior public-data snapshots
pubmed-42621973,PubMed,42621973,10.2147/COPD.S615741,Questionnaire-Based Assessment of Physical Disability in COPD.,resistance-training-muscle,resistance-training-muscle__curated_recent_update_2026_08_end,intake_pending_curation,retired_from_active_candidate_pool,topic_capacity_limit,,2026-08-28,Git history and prior public-data snapshots
pubmed-42622093,PubMed,42622093,10.1002/1873-3468.70445,The impact of aging on the gut-liver axis in health and disease.,microbiome-inflammaging,microbiome-inflammaging__curated_recent_update_2026_08_end,intake_pending_curation,retired_from_active_candidate_pool,topic_capacity_limit,,2026-08-28,Git history and prior public-data snapshots
pubmed-42622119,PubMed,42622119,10.1161/JAHA.126.049243,Sex Differences in Postoperative Recovery and Mortality After High-Risk Cardiac Surgery: A Propensity Score-Matched Post Hoc Analysis of the SUSTAIN-CSX Trial.,resistance-training-muscle,resistance-training-muscle__curated_recent_update_2026_08_end,intake_pending_curation,retired_from_active_candidate_pool,topic_capacity_limit,,2026-08-28,Git history and prior public-data snapshots
pubmed-42622205,PubMed,42622205,10.1080/00325481.2026.2721720,Oral semaglutide for obesity: clarifying comparative evidence and real-world applicability.,glp1-weight-cardiometabolic,glp1-weight-cardiometabolic__curated_recent_update_2026_08_end,intake_pending_curation,retired_from_active_candidate_pool,topic_capacity_limit,,2026-08-28,Git history and prior public-data snapshots
pubmed-42622637,PubMed,42622637,10.1007/s00103-026-04288-6,[Walkability in older age: built environment factors and function-sensitive assessment in urban areas].,physical-activity-healthspan,physical-activity-healthspan__curated_recent_update_2026_08_end,intake_pending_curation,retired_from_active_candidate_pool,topic_capacity_limit,,2026-08-28,Git history and prior public-data snapshots
pubmed-42622752,PubMed,42622752,10.1007/s11739-026-04499-4,Oral semaglutide vs DPP-4 inhibitors in reducing risk of cognitive impairment in elderly patients with HFpEF and obesity.,glp1-weight-cardiometabolic,glp1-weight-cardiometabolic__curated_recent_update_2026_08_end,intake_pending_curation,retired_from_active_candidate_pool,topic_capacity_limit,,2026-08-28,Git history and prior public-data snapshots
pubmed-42622779,PubMed,42622779,10.1007/s10730-026-09606-8,Biological-Age Scoring and the Risk of Algorithmic Age Discrimination: An Institutional Ethics Framework.,epigenetic-clocks,epigenetic-clocks__curated_recent_update_2026_08_end,intake_pending_curation,retired_from_active_candidate_pool,topic_capacity_limit,,2026-08-28,Git history and prior public-data snapshots
pubmed-42622874,PubMed,42622874,10.1007/s00264-026-06984-z,Investigating the impact of Glucagon-like peptide-1 therapy on total shoulder arthroplasty outcomes.,glp1-weight-cardiometabolic,glp1-weight-cardiometabolic__curated_recent_update_2026_08_end,intake_pending_curation,retired_from_active_candidate_pool,topic_capacity_limit,,2026-08-28,Git history and prior public-data snapshots
pubmed-42622904,PubMed,42622904,10.1007/s12017-026-08945-6,Semaglutide Alleviates LPS-Induced Cognitive Disorder via O-GlcNAcylation of AKT-mTOR Signaling Pathway Components.,glp1-weight-cardiometabolic,glp1-weight-cardiometabolic__curated_recent_update_2026_08_end,intake_pending_curation,retired_from_active_candidate_pool,topic_capacity_limit,,2026-08-28,Git history and prior public-data snapshots
pubmed-42623311,PubMed,42623311,10.1159/crd/absag007,Development and Validation of a Clinical Nomogram for Predicting Angiographic Progression of Coronary Heart Disease.,ldl-apob-cardiovascular-risk,ldl-apob-cardiovascular-risk__curated_recent_update_2026_08_end,intake_pending_curation,retired_from_active_candidate_pool,topic_capacity_limit,,2026-08-28,Git history and prior public-data snapshots
pubmed-42623313,PubMed,42623313,10.1152/ajpendo.00113.2026,A noninvasive (13)C-mannitol breath test to monitor semaglutide treatment-induced delayed oral-cecal transit in mice.,glp1-weight-cardiometabolic,glp1-weight-cardiometabolic__curated_recent_update_2026_08_end,intake_pending_curation,retired_from_active_candidate_pool,topic_capacity_limit,,2026-08-28,Git history and prior public-data snapshots
pubmed-42623523,PubMed,42623523,10.1097/HC9.0000000000001019,The rate of and risk factors for falls among patients with cirrhosis: A multicenter study.,resistance-training-muscle,resistance-training-muscle__curated_recent_update_2026_08_end,intake_pending_curation,retired_from_active_candidate_pool,topic_capacity_limit,,2026-08-28,Git history and prior public-data snapshots
pubmed-42623782,PubMed,42623782,10.1016/j.ric.2026.100054,Behavioral and neuronal biomarkers of aging and disease: Integration with physical performance and function.,resistance-training-muscle,resistance-training-muscle__curated_recent_update_2026_08_end,intake_pending_curation,retired_from_active_candidate_pool,topic_capacity_limit,,2026-08-28,Git history and prior public-data snapshots
pubmed-42623876,PubMed,42623876,10.1016/j.jhazmat.2026.143327,A combined hazard to mariculture: Quality and safety impairment associated with intestinal barrier disruption in fish co-exposed to environmentally relevant microplastics and antibiotics.,microbiome-inflammaging,microbiome-inflammaging__curated_recent_update_2026_08_end,intake_pending_curation,retired_from_active_candidate_pool,topic_capacity_limit,,2026-08-28,Git history and prior public-data snapshots
pubmed-42624212,PubMed,42624212,10.1016/j.bpsc.2026.07.019,Fluctuations in real-life drinking in alcohol use disorder: A one-year longitudinal study using gamified tasks of decision making and cognitive control.,physical-activity-healthspan,physical-activity-healthspan__curated_recent_update_2026_08_end,intake_pending_curation,retired_from_active_candidate_pool,topic_capacity_limit,,2026-08-28,Git history and prior public-data snapshots
pubmed-42624237,PubMed,42624237,10.1016/j.envpol.2026.129002,"Photoaging-induced phytotoxicity of tire wear particles on tomato (Solanum lycopersicum L.): Evidence from oxidative stress, metabolic reprogramming, and microbial shifts.",microbiome-inflammaging,microbiome-inflammaging__curated_recent_update_2026_08_end,intake_pending_curation,retired_from_active_candidate_pool,topic_capacity_limit,,2026-08-28,Git history and prior public-data snapshots
pubmed-42624291,PubMed,42624291,10.1016/j.arr.2026.103312,Mitochondrial dysfunction in neurodegenerative diseases: Mechanisms and therapeutic advances.,autophagy-mitophagy,autophagy-mitophagy__curated_recent_update_2026_08_end,intake_pending_curation,retired_from_active_candidate_pool,topic_capacity_limit,,2026-08-28,Git history and prior public-data snapshots
pubmed-42624300,PubMed,42624300,10.1016/j.bbadis.2026.168421,From protection to progression: How CCT/TRiC shapes therapy-induced senescence in glioblastoma multiforme.,senolytics,senolytics__curated_recent_update_2026_08_end,intake_pending_curation,retired_from_active_candidate_pool,topic_capacity_limit,,2026-08-28,Git history and prior public-data snapshots
pubmed-42624319,PubMed,42624319,10.1016/j.envres.2026.125485,"Beyond heatwaves and cold spells: Long-term exposure to short-duration extremes, behavioural pathways, and hypertension risk in a national Chinese cohort.",sleep-aging,sleep-aging__curated_recent_update_2026_08_end,intake_pending_curation,retired_from_active_candidate_pool,topic_capacity_limit,,2026-08-28,Git history and prior public-data snapshots
pubmed-42624330,PubMed,42624330,10.1016/j.diabres.2026.113504,"Trends in utilization of glucagon-like peptide‑1 receptor agonists, sodium-glucose cotransporter‑2 inhibitors, and metabolic bariatric surgery in U.S. Adults with diabetes and obesity.",glp1-weight-cardiometabolic,glp1-weight-cardiometabolic__curated_recent_update_2026_08_end,intake_pending_curation,retired_from_active_candidate_pool,topic_capacity_limit,,2026-08-28,Git history and prior public-data snapshots
pubmed-42624351,PubMed,42624351,10.1016/j.biosystems.2026.105924,"Aging as cross-hallmark obstruction amplification: A sheaf-theoretic model of repair closure, senescence, inflammation, and regenerative failure.",senolytics,senolytics__curated_recent_update_2026_08_end,intake_pending_curation,retired_from_active_candidate_pool,topic_capacity_limit,,2026-08-28,Git history and prior public-data snapshots
pubmed-42624354,PubMed,42624354,10.1016/j.cardfail.2026.08.005,Machine Learning Predicts Functional Decline and Risk Phenotypes in Older Patients With Heart Failure.,resistance-training-muscle,resistance-training-muscle__curated_recent_update_2026_08_end,intake_pending_curation,retired_from_active_candidate_pool,topic_capacity_limit,,2026-08-28,Git history and prior public-data snapshots
pubmed-42624356,PubMed,42624356,10.1016/j.lfs.2026.124642,"Redox-sensitive coordination of mitochondrial quality control: Integrating ROS, NAD(+), and Ca(2+) signaling in disease.",autophagy-mitophagy,autophagy-mitophagy__curated_recent_update_2026_08_end,intake_pending_curation,retired_from_active_candidate_pool,topic_capacity_limit,,2026-08-28,Git history and prior public-data snapshots
pubmed-42624590,PubMed,42624590,10.1136/bmjopen-2026-122003,Women in healthy transition deep phenotyping cohort study protocol (KiSO-DP): a within-participant multidisciplinary longitudinal cohort study across the menopausal transition.,blood-pressure-aging,blood-pressure-aging__curated_recent_update_2026_08_end,intake_pending_curation,retired_from_active_candidate_pool,non_result_publication_title,,2026-08-28,Git history and prior public-data snapshots
pubmed-42624643,PubMed,42624643,10.1136/bmjresp-2025-004039,"A protocol for the rehabilitation of patients undergoing mechanical ventilation from the ICU to the post-hospital phase: the MOVE-ICUtoHOME, a multicentre randomised controlled trial.",cardiorespiratory-fitness,cardiorespiratory-fitness__curated_recent_update_2026_08_end,intake_pending_curation,retired_from_active_candidate_pool,topic_capacity_limit,,2026-08-28,Git history and prior public-data snapshots
pubmed-42624776,PubMed,42624776,10.1097/CM9.0000000000004152,"Aging-, obesity-, and diabetes-related sarcopenia: Pathogenesis and interventions.",resistance-training-muscle,resistance-training-muscle__curated_recent_update_2026_08_end,intake_pending_curation,retired_from_active_candidate_pool,topic_capacity_limit,,2026-08-28,Git history and prior public-data snapshots
pubmed-42624917,PubMed,42624917,10.1038/s43587-026-01196-x,Inhibiting cyclin D1-CDK6 suppresses senescence-associated inflammatory gene expression and age-related functional decline.,resistance-training-muscle,resistance-training-muscle__curated_recent_update_2026_08_end,intake_pending_curation,retired_from_active_candidate_pool,topic_capacity_limit,,2026-08-28,Git history and prior public-data snapshots
pubmed-42624955,PubMed,42624955,10.1007/s11920-026-01709-w,"GLP-1 and dual GIP/GLP-1 receptor agonists' psychopharmacology and putative neuropsychiatric associated effects: a Bradford Hill-informed, systematic, evaluation.",glp1-weight-cardiometabolic,glp1-weight-cardiometabolic__curated_recent_update_2026_08_end,intake_pending_curation,retired_from_active_candidate_pool,topic_capacity_limit,,2026-08-28,Git history and prior public-data snapshots
pubmed-42624997,PubMed,42624997,10.1007/s11606-026-10734-7,Bridging Social Determinants of Health and Multidimensional Frailty Among Older Adults: A Domain-Specific Latent Class and Network Analysis.,resistance-training-muscle,resistance-training-muscle__curated_recent_update_2026_08_end,intake_pending_curation,retired_from_active_candidate_pool,topic_capacity_limit,,2026-08-28,Git history and prior public-data snapshots
pubmed-42625100,PubMed,42625100,10.1007/s11357-026-02481-8,Examination of DNAm PhenoAge as an epigenetic biomarker for perioperative risk in adult spinal deformity surgeries.,epigenetic-clocks,epigenetic-clocks__curated_recent_update_2026_08_end,intake_pending_curation,retired_from_active_candidate_pool,topic_capacity_limit,,2026-08-28,Git history and prior public-data snapshots
pubmed-42625193,PubMed,42625193,10.1186/s13071-026-07307-2,Comparative proteomic analysis of the angiogenic response in an in vitro model of vascular endothelial cells to excretory/secretory and somatic antigens of Dirofilaria immitis.,resistance-training-muscle,resistance-training-muscle__curated_recent_update_2026_08_end,intake_pending_curation,retired_from_active_candidate_pool,topic_capacity_limit,,2026-08-28,Git history and prior public-data snapshots
pubmed-42625231,PubMed,42625231,10.1186/s13071-026-07314-3,Endothelial proteomic response to Dirofilaria repens somatic antigens and the Dr20/22 protein reveals parasite-driven modulation of angiogenesis.,resistance-training-muscle,resistance-training-muscle__curated_recent_update_2026_08_end,intake_pending_curation,retired_from_active_candidate_pool,topic_capacity_limit,,2026-08-28,Git history and prior public-data snapshots
pubmed-42625269,PubMed,42625269,10.1097/CRD.0000000000001433,"Pediatric Hyperlipidemia Guidelines: A Comprehensive Review of Screening, Diagnosis, and Management.",ldl-apob-cardiovascular-risk,ldl-apob-cardiovascular-risk__curated_recent_update_2026_08_end,intake_pending_curation,retired_from_active_candidate_pool,topic_capacity_limit,,2026-08-28,Git history and prior public-data snapshots
pubmed-42625435,PubMed,42625435,10.1093/gerona/glag205,A generalized approach for estimating the pace of aging.,resistance-training-muscle,resistance-training-muscle__curated_recent_update_2026_08_end,intake_pending_curation,retired_from_active_candidate_pool,topic_capacity_limit,,2026-08-28,Git history and prior public-data snapshots
pubmed-42625443,PubMed,42625443,10.1111/dmcn.70435,Pharmacological and non-pharmacological interventions for managing sleep disorders in children with cerebral palsy: A systematic review.,sleep-aging,sleep-aging__curated_recent_update_2026_08_end,intake_pending_curation,retired_from_active_candidate_pool,topic_capacity_limit,,2026-08-28,Git history and prior public-data snapshots
pubmed-42625519,PubMed,42625519,10.1093/eurheartj/ehag640,Statins and frailty in older adults: from cardioprotection to geroprotection.,resistance-training-muscle,resistance-training-muscle__curated_recent_update_2026_08_end,intake_pending_curation,retired_from_active_candidate_pool,topic_capacity_limit,,2026-08-28,Git history and prior public-data snapshots
pubmed-42625925,PubMed,42625925,10.1002/agm2.70104,Impact of Acute Functional Decline on Frailty and Mortality in Acutely Hospitalized Older Persons.,resistance-training-muscle,resistance-training-muscle__curated_recent_update_2026_08_end,intake_pending_curation,retired_from_active_candidate_pool,topic_capacity_limit,,2026-08-28,Git history and prior public-data snapshots
pubmed-42626086,PubMed,42626086,10.3389/fcell.2026.1912393,Integrative transcriptomic and experimental analyses prioritize TPT1 as a PANoptosis-associated candidate molecular marker in sarcopenia.,resistance-training-muscle,resistance-training-muscle__curated_recent_update_2026_08_end,intake_pending_curation,retired_from_active_candidate_pool,topic_capacity_limit,,2026-08-28,Git history and prior public-data snapshots
pubmed-42626100,PubMed,42626100,10.1177/22799036261480261,Predicting changes in U.S. county health: What does machine learning tell us about multiple determinants of health.,physical-activity-healthspan,physical-activity-healthspan__curated_recent_update_2026_08_end,intake_pending_curation,retired_from_active_candidate_pool,topic_capacity_limit,,2026-08-28,Git history and prior public-data snapshots
pubmed-42626880,PubMed,42626880,10.7189/jogh.16.04187,Comparative neuroprotective effects of antidiabetic medications on Parkinson's disease risk: a Bayesian network meta-analysis.,glp1-weight-cardiometabolic,glp1-weight-cardiometabolic__curated_recent_update_2026_08_end,intake_pending_curation,retired_from_active_candidate_pool,topic_capacity_limit,,2026-08-28,Git history and prior public-data snapshots
pubmed-42626977,PubMed,42626977,10.1002/14651858.CD015065.pub2,Brain-computer interface training for motor recovery after stroke.,resistance-training-muscle,resistance-training-muscle__curated_recent_update_2026_08_end,intake_pending_curation,retired_from_active_candidate_pool,topic_capacity_limit,,2026-08-28,Git history and prior public-data snapshots
pubmed-42627257,PubMed,42627257,10.1097/MOP.0000000000001614,The role of preventive cardiology in children.,physical-activity-healthspan,physical-activity-healthspan__curated_recent_update_2026_08_end,intake_pending_curation,retired_from_active_candidate_pool,topic_capacity_limit,,2026-08-28,Git history and prior public-data snapshots
pubmed-42627303,PubMed,42627303,10.1016/j.jacasi.2026.06.037,Epidemiological Analysis and 2040 Projections of Atrial Fibrillation and Flutter in Asia.,blood-pressure-aging,blood-pressure-aging__curated_recent_update_2026_08_end,intake_pending_curation,retired_from_active_candidate_pool,topic_capacity_limit,,2026-08-28,Git history and prior public-data snapshots
pubmed-42627583,PubMed,42627583,10.1007/s12026-026-09829-4,Hidden Burden: Liver and Gastrointestinal Involvement in Chronic Granulomatous Disease.,microbiome-inflammaging,microbiome-inflammaging__curated_recent_update_2026_08_end,intake_pending_curation,retired_from_active_candidate_pool,topic_capacity_limit,,2026-08-28,Git history and prior public-data snapshots
pubmed-42627586,PubMed,42627586,10.1007/s12012-026-10175-y,"Cardio-Oncology in Cold Climates: Epidemiological Features, Bidirectional Interaction Mechanisms, and Integrated Management Strategies.",microbiome-inflammaging,microbiome-inflammaging__curated_recent_update_2026_08_end,intake_pending_curation,retired_from_active_candidate_pool,topic_capacity_limit,,2026-08-28,Git history and prior public-data snapshots
pubmed-42627709,PubMed,42627709,10.1093/chidev/aacag164,"Peer victimization, school belonging, and epigenetic aging among children of Latino immigrants.",epigenetic-clocks,epigenetic-clocks__curated_recent_update_2026_08_end,intake_pending_curation,retired_from_active_candidate_pool,topic_capacity_limit,,2026-08-28,Git history and prior public-data snapshots
pubmed-42627823,PubMed,42627823,10.1371/journal.pone.0335830,Effects of integrating self-efficacy strategies into multi-joint resistance exercise for overweight and obese older adults: A randomized controlled trial.,resistance-training-muscle,resistance-training-muscle__curated_recent_update_2026_08_end,intake_pending_curation,retired_from_active_candidate_pool,topic_capacity_limit,,2026-08-28,Git history and prior public-data snapshots
pubmed-42627907,PubMed,42627907,10.1126/sciadv.aed3119,A multi-functional oral small molecule targeting energy and lipid metabolism to treat obesity and related metabolic disorders.,glp1-weight-cardiometabolic,glp1-weight-cardiometabolic__curated_recent_update_2026_08_end,intake_pending_curation,retired_from_active_candidate_pool,topic_capacity_limit,,2026-08-28,Git history and prior public-data snapshots
pubmed-42627964,PubMed,42627964,10.1111/phn.70154,Association Between the Dietary Inflammatory Index and Cognitive Frailty in Older Adults: A Cross Sectional Analysis of NHANES Data.,resistance-training-muscle,resistance-training-muscle__curated_recent_update_2026_08_end,intake_pending_curation,retired_from_active_candidate_pool,topic_capacity_limit,,2026-08-28,Git history and prior public-data snapshots
pubmed-42628012,PubMed,42628012,10.1097/BRS.0000000000005833,Effects of Sarcopenia on Surgical Outcomes After Biportal Endoscopic Lumbar Decompression and Fusion: A Retrospective Observational Study.,resistance-training-muscle,resistance-training-muscle__curated_recent_update_2026_08_end,intake_pending_curation,retired_from_active_candidate_pool,topic_capacity_limit,,2026-08-28,Git history and prior public-data snapshots
pubmed-42628267,PubMed,42628267,10.1016/j.medcli.2026.107589,The 3D/3D(+) model: A real-world approach to frailty in emergency care.,resistance-training-muscle,resistance-training-muscle__curated_recent_update_2026_08_end,intake_pending_curation,retired_from_active_candidate_pool,topic_capacity_limit,,2026-08-28,Git history and prior public-data snapshots
pubmed-42628298,PubMed,42628298,10.1016/j.regg.2026.101835,[Polypharmacy and mortality in hospitalized older adults: Systematic review with exploratory meta-analysis].,resistance-training-muscle,resistance-training-muscle__curated_recent_update_2026_08_end,intake_pending_curation,retired_from_active_candidate_pool,topic_capacity_limit,,2026-08-28,Git history and prior public-data snapshots
pubmed-42628299,PubMed,42628299,10.1016/j.regg.2026.101834,Treatment modality in older patients with end-stage kidney disease: Description and retrospective follow-up of a center's cohort.,resistance-training-muscle,resistance-training-muscle__curated_recent_update_2026_08_end,intake_pending_curation,retired_from_active_candidate_pool,topic_capacity_limit,,2026-08-28,Git history and prior public-data snapshots
pubmed-42628444,PubMed,42628444,10.1016/j.jamda.2026.106418,Concern About Falling in a Mexican Clinical Cohort of Adults Aged ≥65 Years: Postfall Syndrome Construct.,resistance-training-muscle,resistance-training-muscle__curated_recent_update_2026_08_end,intake_pending_curation,retired_from_active_candidate_pool,topic_capacity_limit,,2026-08-28,Git history and prior public-data snapshots
pubmed-42628478,PubMed,42628478,10.1016/j.gerinurse.2026.104203,The effect of combined lifestyle intervention among long term care facilities: A systematic review.,physical-activity-healthspan,physical-activity-healthspan__curated_recent_update_2026_08_end,intake_pending_curation,retired_from_active_candidate_pool,topic_capacity_limit,,2026-08-28,Git history and prior public-data snapshots
pubmed-42628483,PubMed,42628483,10.1016/j.gerinurse.2026.104276,Nursing interventions for foot health and self-management in frail older adults with diabetes: A narrative review.,resistance-training-muscle,resistance-training-muscle__curated_recent_update_2026_08_end,intake_pending_curation,retired_from_active_candidate_pool,topic_capacity_limit,,2026-08-28,Git history and prior public-data snapshots
pubmed-42628655,PubMed,42628655,10.1016/j.diabres.2026.113509,"Optimal dose and exercise modality to improve HbA1c in older adults with type 2 diabetes mellitus: a systematic review with pairwise, network, and dose-response meta-analyses.",resistance-training-muscle,resistance-training-muscle__curated_recent_update_2026_08_end,intake_pending_curation,retired_from_active_candidate_pool,topic_capacity_limit,,2026-08-28,Git history and prior public-data snapshots
pubmed-42628720,PubMed,42628720,10.1016/j.joen.2026.08.019,Inflammation and Regeneration in the Dentine-Pulp Complex: Where are we now and where are we going?,microbiome-inflammaging,microbiome-inflammaging__curated_recent_update_2026_08_end,intake_pending_curation,retired_from_active_candidate_pool,topic_capacity_limit,,2026-08-28,Git history and prior public-data snapshots
pubmed-42628735,PubMed,42628735,10.1016/j.clnesp.2026.105056,Postprandial metabolic flexibility during an oral glucose tolerance test in adults with excess body weight and/or excess adiposity: a sex-based comparison using indirect calorimetry.,resistance-training-muscle,resistance-training-muscle__curated_recent_update_2026_08_end,intake_pending_curation,retired_from_active_candidate_pool,topic_capacity_limit,,2026-08-28,Git history and prior public-data snapshots
pubmed-42628736,PubMed,42628736,10.1016/j.clnesp.2026.105058,"Definitions, diagnostic criteria and assessment methods used in the diagnosis of sarcopenia: a scoping review.",resistance-training-muscle,resistance-training-muscle__curated_recent_update_2026_08_end,intake_pending_curation,retired_from_active_candidate_pool,topic_capacity_limit,,2026-08-28,Git history and prior public-data snapshots
pubmed-42628738,PubMed,42628738,10.1016/j.clnesp.2026.105059,Equation-dependent anthropometric muscle-mass estimates and functional screening limitations in home-bound older adults.,resistance-training-muscle,resistance-training-muscle__curated_recent_update_2026_08_end,intake_pending_curation,retired_from_active_candidate_pool,topic_capacity_limit,,2026-08-28,Git history and prior public-data snapshots
pubmed-42628787,PubMed,42628787,10.1016/j.mvr.2026.105004,Ruxolitinib preserves endothelial function in middle-aged and old mice after ischemia/reperfusion injury.,resistance-training-muscle,resistance-training-muscle__curated_recent_update_2026_08_end,intake_pending_curation,retired_from_active_candidate_pool,topic_capacity_limit,,2026-08-28,Git history and prior public-data snapshots
pubmed-42628818,PubMed,42628818,10.1053/j.jrn.2026.08.008,"Malnutrition, protein-energy wasting, sarcopenia and sarcopenic obesity in hemodialysis patients.",resistance-training-muscle,resistance-training-muscle__curated_recent_update_2026_08_end,intake_pending_curation,retired_from_active_candidate_pool,topic_capacity_limit,,2026-08-28,Git history and prior public-data snapshots
pubmed-42628824,PubMed,42628824,10.1016/j.amjcard.2026.08.022,The Cancer-Associated Lipid Paradox: Implications for Cardiovascular Risk and Lipid Management.,ldl-apob-cardiovascular-risk,ldl-apob-cardiovascular-risk__curated_recent_update_2026_08_end,intake_pending_curation,retired_from_active_candidate_pool,topic_capacity_limit,,2026-08-28,Git history and prior public-data snapshots
pubmed-42628827,PubMed,42628827,10.1016/j.exer.2026.111198,Lycium barbarum polysaccharides ameliorates high-fat diet induced lipid accumulation and aging through triggering lipophagy.,autophagy-mitophagy,autophagy-mitophagy__curated_recent_update_2026_08_end,intake_pending_curation,retired_from_active_candidate_pool,topic_capacity_limit,,2026-08-28,Git history and prior public-data snapshots
pubmed-42628848,PubMed,42628848,10.1016/j.arr.2026.103319,E3 Ubiquitin ligases molecular strategies against proteostasis defects of imperfect ageing.,autophagy-mitophagy,autophagy-mitophagy__curated_recent_update_2026_08_end,intake_pending_curation,retired_from_active_candidate_pool,topic_capacity_limit,,2026-08-28,Git history and prior public-data snapshots
pubmed-42628960,PubMed,42628960,10.1163/18762891-bja00132,Study on the regulatory effect of Bifidobacterium animalis subsp. lactis BLa80 on immune function of healthy mice and pathogenicity in animals.,microbiome-inflammaging,microbiome-inflammaging__curated_recent_update_2026_08_end,intake_pending_curation,retired_from_active_candidate_pool,topic_capacity_limit,,2026-08-28,Git history and prior public-data snapshots
pubmed-42629279,PubMed,42629279,10.1016/j.transproceed.2026.06.036,The Effects of Sarcopenia on Postoperative Outcomes in Living Donor Liver Transplantation Recipients: Insights From a Turkish Single-Center Study.,resistance-training-muscle,resistance-training-muscle__curated_recent_update_2026_08_end,intake_pending_curation,retired_from_active_candidate_pool,topic_capacity_limit,,2026-08-28,Git history and prior public-data snapshots
pubmed-42629301,PubMed,42629301,10.1016/j.tcb.2026.08.002,Vitamins tune cell death thresholds.,microbiome-inflammaging,microbiome-inflammaging__curated_recent_update_2026_08_end,intake_pending_curation,retired_from_active_candidate_pool,topic_capacity_limit,,2026-08-28,Git history and prior public-data snapshots
pubmed-42629302,PubMed,42629302,10.1016/j.injury.2026.113601,Risk stratification in older adults with rib fractures: Performance of the STUMBL score.,resistance-training-muscle,resistance-training-muscle__curated_recent_update_2026_08_end,intake_pending_curation,retired_from_active_candidate_pool,topic_capacity_limit,,2026-08-28,Git history and prior public-data snapshots
pubmed-42629305,PubMed,42629305,10.1016/j.ultrasmedbio.2026.07.019,Multi-Parameter Imaging-Derived Muscle Assessment System for Older Adults: A Promising Muscle Function Evaluation Tool.,resistance-training-muscle,resistance-training-muscle__curated_recent_update_2026_08_end,intake_pending_curation,retired_from_active_candidate_pool,topic_capacity_limit,,2026-08-28,Git history and prior public-data snapshots
pubmed-42629315,PubMed,42629315,10.1002/1744-9987.70213,Case Series: Management of Elevated Lipoprotein(a) by Double-Filtration Plasmapheresis in Hemodialysis Patients With Chronic Kidney Disease.,ldl-apob-cardiovascular-risk,ldl-apob-cardiovascular-risk__curated_recent_update_2026_08_end,intake_pending_curation,retired_from_active_candidate_pool,topic_capacity_limit,,2026-08-28,Git history and prior public-data snapshots
pubmed-42629391,PubMed,42629391,10.1038/s41375-026-03123-w,Health status impairments in tyrosine kinase inhibitor-treated chronic myeloid leukemia patients versus blood or marrow transplant survivors and non-cancer controls.,resistance-training-muscle,resistance-training-muscle__curated_recent_update_2026_08_end,intake_pending_curation,retired_from_active_candidate_pool,topic_capacity_limit,,2026-08-28,Git history and prior public-data snapshots
pubmed-42629417,PubMed,42629417,10.1007/s00210-026-05813-9,Psychiatric and eye disorders associated with use of glucagon-like peptide 1 receptor agonists (GLP-1 RAs).,glp1-weight-cardiometabolic,glp1-weight-cardiometabolic__curated_recent_update_2026_08_end,intake_pending_curation,retired_from_active_candidate_pool,topic_capacity_limit,,2026-08-28,Git history and prior public-data snapshots
pubmed-42629421,PubMed,42629421,10.1007/s00210-026-05855-z,A mechanism investigation on the effective strategy for alleviating acute myocardial infarction associated with sleep deprivation.,sleep-aging,sleep-aging__curated_recent_update_2026_08_end,intake_pending_curation,retired_from_active_candidate_pool,topic_capacity_limit,,2026-08-28,Git history and prior public-data snapshots
pubmed-42629519,PubMed,42629519,10.1007/s11357-026-02462-x,Mild cognitive impairment and pre-frailty show distinct plasma multi-omic signatures: a cross-sectional study.,resistance-training-muscle,resistance-training-muscle__curated_recent_update_2026_08_end,intake_pending_curation,retired_from_active_candidate_pool,topic_capacity_limit,,2026-08-28,Git history and prior public-data snapshots
pubmed-42629536,PubMed,42629536,10.1007/s11739-026-04452-5,Integrating comprehensive geriatric care into emergency departments: the GIROT-ED model.,resistance-training-muscle,resistance-training-muscle__curated_recent_update_2026_08_end,intake_pending_curation,retired_from_active_candidate_pool,topic_capacity_limit,,2026-08-28,Git history and prior public-data snapshots
pubmed-42629558,PubMed,42629558,10.1186/s13049-026-01676-4,"Thoracic injuries in elderly trauma patients epidemiology, injury characteristics, in-hospital care and outcome.",blood-pressure-aging,blood-pressure-aging__curated_recent_update_2026_08_end,intake_pending_curation,retired_from_active_candidate_pool,topic_capacity_limit,,2026-08-28,Git history and prior public-data snapshots
pubmed-42629597,PubMed,42629597,10.1177/10398562261479289,Real-world safety profile of trazodone: Evidence from FAERS pharmacovigilance data (2004-2024).,sleep-aging,sleep-aging__curated_recent_update_2026_08_end,intake_pending_curation,retired_from_active_candidate_pool,topic_capacity_limit,,2026-08-28,Git history and prior public-data snapshots
pubmed-42629705,PubMed,42629705,10.1097/MD.0000000000050169,Linking probable respiratory sarcopenia to frailty in older adults: A cross-sectional and longitudinal analysis.,resistance-training-muscle,resistance-training-muscle__curated_recent_update_2026_08_end,intake_pending_curation,retired_from_active_candidate_pool,topic_capacity_limit,,2026-08-28,Git history and prior public-data snapshots
pubmed-42630124,PubMed,42630124,10.1111/imj.70599,Development and application of a frailty index derived from patient-reported outcome measures and comorbidities in oncology patients.,resistance-training-muscle,resistance-training-muscle__curated_recent_update_2026_08_end,intake_pending_curation,retired_from_active_candidate_pool,topic_capacity_limit,,2026-08-28,Git history and prior public-data snapshots
pubmed-42630470,PubMed,42630470,10.3389/fendo.2026.1813608,Sedentary behavior and type 2 diabetes in community-dwelling middle-aged and older adults: indirect cross-sectional correlation of sarcopenic obesity.,resistance-training-muscle,resistance-training-muscle__curated_recent_update_2026_08_end,intake_pending_curation,retired_from_active_candidate_pool,topic_capacity_limit,,2026-08-28,Git history and prior public-data snapshots
pubmed-42630552,PubMed,42630552,10.1177/20552076261479799,Frail older adults' challenges in using telehealth services: A scoping review.,resistance-training-muscle,resistance-training-muscle__curated_recent_update_2026_08_end,intake_pending_curation,retired_from_active_candidate_pool,topic_capacity_limit,,2026-08-28,Git history and prior public-data snapshots
pubmed-42631388,PubMed,42631388,10.1152/japplphysiol.00519.2026,Cardiometabolic Benefits and Risks for Transgender Youth with the Initiation of Gender-Affirming Hormone Therapy: a case series.,ldl-apob-cardiovascular-risk,ldl-apob-cardiovascular-risk__curated_recent_update_2026_08_end,intake_pending_curation,retired_from_active_candidate_pool,topic_capacity_limit,,2026-08-28,Git history and prior public-data snapshots
pubmed-42631701,PubMed,42631701,10.1093/jbmr/zjag127,Osteosarcopenia Revisited: From Mechanisms to Management.,resistance-training-muscle,resistance-training-muscle__curated_recent_update_2026_08_end,intake_pending_curation,retired_from_active_candidate_pool,topic_capacity_limit,,2026-08-28,Git history and prior public-data snapshots
pubmed-42631706,PubMed,42631706,10.1093/sleep/zsag232,Future goals after clear illustrations of morbidity and mortality associated with wearable-measured short sleep duration.,sleep-aging,sleep-aging__curated_recent_update_2026_08_end,intake_pending_curation,retired_from_active_candidate_pool,topic_capacity_limit,,2026-08-28,Git history and prior public-data snapshots
pubmed-42631724,PubMed,42631724,10.1007/s00702-026-03204-1,Frailty in Parkinson's disease: time to integrate it into treatment decision-making?,resistance-training-muscle,resistance-training-muscle__curated_recent_update_2026_08_end,intake_pending_curation,retired_from_active_candidate_pool,topic_capacity_limit,,2026-08-28,Git history and prior public-data snapshots
pubmed-42631799,PubMed,42631799,10.1007/s12325-026-03750-w,Risk of protein intake deficiency during treatment with GLP-1 and GIP/GLP-1 receptor agonists: considerations for secondary sarcopenia.,resistance-training-muscle,resistance-training-muscle__curated_recent_update_2026_08_end,intake_pending_curation,retired_from_active_candidate_pool,topic_capacity_limit,,2026-08-28,Git history and prior public-data snapshots
pubmed-42631814,PubMed,42631814,10.1007/s12975-026-01491-0,Therapeutic Potential of NLRP3 Inhibitor MCC950 in Aging Mice Stroke Outcomes.,microbiome-inflammaging,microbiome-inflammaging__curated_recent_update_2026_08_end,intake_pending_curation,retired_from_active_candidate_pool,topic_capacity_limit,,2026-08-28,Git history and prior public-data snapshots
pubmed-42631826,PubMed,42631826,10.1007/s11357-026-02484-5,Integrating biological aging into clinical practice: a review and path forward for precision longevity medicine.,physical-activity-healthspan,physical-activity-healthspan__curated_recent_update_2026_08_end,intake_pending_curation,retired_from_active_candidate_pool,topic_capacity_limit,,2026-08-28,Git history and prior public-data snapshots
pubmed-42631833,PubMed,42631833,10.1007/s41999-026-01590-z,"Coexisting malnutrition risk, frailty, and probable sarcopenia are associated with previous-year falls in community-dwelling older adults: a retrospective cross-sectional real-world evidence study.",resistance-training-muscle,resistance-training-muscle__curated_recent_update_2026_08_end,intake_pending_curation,retired_from_active_candidate_pool,topic_capacity_limit,,2026-08-28,Git history and prior public-data snapshots
pubmed-42632246,PubMed,42632246,10.1016/j.arr.2026.103320,"Ageing of the skeletal muscle as a barrier to cell therapy: Cell sources, microenvironmental failure and autologous alternatives.",resistance-training-muscle,resistance-training-muscle__curated_recent_update_2026_08_end,intake_pending_curation,retired_from_active_candidate_pool,topic_capacity_limit,,2026-08-28,Git history and prior public-data snapshots
pubmed-42632370,PubMed,42632370,10.1016/j.jgo.2026.103094,Differential effects of social determinants on cancer survival by age at diagnosis: A population-based study in Alabama.,resistance-training-muscle,resistance-training-muscle__curated_recent_update_2026_08_end,intake_pending_curation,retired_from_active_candidate_pool,topic_capacity_limit,,2026-08-28,Git history and prior public-data snapshots
pubmed-42632433,PubMed,42632433,10.1016/j.exger.2026.113291,"Triglyceride-glucose frailty index, metabolic-frailty phenotypes, and mortality in critically ill patients with acute kidney injury: Derivation, interpretation, and external validation.",resistance-training-muscle,resistance-training-muscle__curated_recent_update_2026_08_end,intake_pending_curation,retired_from_active_candidate_pool,topic_capacity_limit,,2026-08-28,Git history and prior public-data snapshots
pubmed-42632460,PubMed,42632460,10.1016/j.arr.2026.103332,The Dark Side of the Matrix: Elastin-Derived Fragments Drive Aging by Igniting the Immune System.,microbiome-inflammaging,microbiome-inflammaging__curated_recent_update_2026_08_end,intake_pending_curation,retired_from_active_candidate_pool,topic_capacity_limit,,2026-08-28,Git history and prior public-data snapshots
pubmed-42632461,PubMed,42632461,10.1016/j.arr.2026.103330,Ambient air pollution exposure and cognitive aging; mediators and possible pathways: a systematic review on the epidemiological studies.,blood-pressure-aging,blood-pressure-aging__curated_recent_update_2026_08_end,intake_pending_curation,retired_from_active_candidate_pool,topic_capacity_limit,,2026-08-28,Git history and prior public-data snapshots
pubmed-42632463,PubMed,42632463,10.1016/j.arr.2026.103318,Counteracting vascular ageing with Traditional Chinese Medicine: Mechanisms at the cellular and molecular levels.,autophagy-mitophagy,autophagy-mitophagy__curated_recent_update_2026_08_end,intake_pending_curation,retired_from_active_candidate_pool,topic_capacity_limit,,2026-08-28,Git history and prior public-data snapshots
pubmed-42632465,PubMed,42632465,10.1016/j.arr.2026.103315,Exercise and p21 signaling in central nervous system aging and senescence: A context- and dose-dependent relationship.,senolytics,senolytics__curated_recent_update_2026_08_end,intake_pending_curation,retired_from_active_candidate_pool,topic_capacity_limit,,2026-08-28,Git history and prior public-data snapshots
pubmed-42632601,PubMed,42632601,10.1016/j.mad.2026.112240,Ensemble DNA methylation clock demonstrates Immune-metabolic aging signatures associated with mortality.,epigenetic-clocks,epigenetic-clocks__curated_recent_update_2026_08_end,intake_pending_curation,retired_from_active_candidate_pool,topic_capacity_limit,,2026-08-28,Git history and prior public-data snapshots
pubmed-42632893,PubMed,42632893,10.1186/s13102-026-01997-y,Trainability of repetitions-in-reserve estimation in younger and older adults: a parallel-group repeated-measures study.,resistance-training-muscle,resistance-training-muscle__curated_recent_update_2026_08_end,intake_pending_curation,retired_from_active_candidate_pool,topic_capacity_limit,,2026-08-28,Git history and prior public-data snapshots
pubmed-42632902,PubMed,42632902,10.1186/s12979-026-00588-2,CD8(+) effector memory and regulatory T cell dynamics predict subclinical atherosclerotic plaque formation in healthy aging.,physical-activity-healthspan,physical-activity-healthspan__curated_recent_update_2026_08_end,intake_pending_curation,retired_from_active_candidate_pool,topic_capacity_limit,,2026-08-28,Git history and prior public-data snapshots
pubmed-42633081,PubMed,42633081,10.1155/humu/7869246,Multiomic Investigation of Shared Genetic Pathways in Paediatric Congenital Heart Disease and Neurodevelopmental Disorders.,epigenetic-clocks,epigenetic-clocks__curated_recent_update_2026_08_end,intake_pending_curation,retired_from_active_candidate_pool,topic_capacity_limit,,2026-08-28,Git history and prior public-data snapshots
pubmed-42633089,PubMed,42633089,10.1515/biol-2025-1366,Protective effect and mechanism of SIRT1 under stress-induced vascular senescence.,autophagy-mitophagy,autophagy-mitophagy__curated_recent_update_2026_08_end,intake_pending_curation,retired_from_active_candidate_pool,topic_capacity_limit,,2026-08-28,Git history and prior public-data snapshots
pubmed-42633386,PubMed,42633386,10.1016/j.jarlif.2026.100083,GLP-1 receptor agonist therapy and skeletal muscle: A narrative review synthesizing adult evidence with implications for older adults.,glp1-weight-cardiometabolic,glp1-weight-cardiometabolic__curated_recent_update_2026_08_end,intake_pending_curation,retired_from_active_candidate_pool,topic_capacity_limit,,2026-08-28,Git history and prior public-data snapshots
pubmed-42633398,PubMed,42633398,10.1016/j.bioactmat.2026.08.008,Therapeutic potential and underlying mechanisms of engineered young plasma-derived exosomes in Alzheimer's disease.,autophagy-mitophagy,autophagy-mitophagy__curated_recent_update_2026_08_end,intake_pending_curation,retired_from_active_candidate_pool,topic_capacity_limit,,2026-08-28,Git history and prior public-data snapshots
pubmed-42633863,PubMed,42633863,10.1016/j.mad.2026.112239,Homeostatic dysregulation and clocks: a distance-based perspective.,epigenetic-clocks,epigenetic-clocks__curated_recent_update_2026_08_end,intake_pending_curation,retired_from_active_candidate_pool,topic_capacity_limit,,2026-08-28,Git history and prior public-data snapshots
pubmed-42633920,PubMed,42633920,10.5582/bst.2026.01148,Immunometabolic reprogramming via GLP-1 receptor agonists in people with HIV: A multidimensional systemic framework.,microbiome-inflammaging,microbiome-inflammaging__curated_recent_update_2026_08_end,intake_pending_curation,retired_from_active_candidate_pool,topic_capacity_limit,,2026-08-28,Git history and prior public-data snapshots
pubmed-42634097,PubMed,42634097,10.1111/obr.70204,Targeting Overweight and Obesity Phenotypes for Secondary Prevention of Cardiovascular Disease: A Call to Action for the Middle East and Beyond.,glp1-weight-cardiometabolic,glp1-weight-cardiometabolic__curated_recent_update_2026_08_end,intake_pending_curation,retired_from_active_candidate_pool,topic_capacity_limit,,2026-08-28,Git history and prior public-data snapshots
pubmed-42634179,PubMed,42634179,10.1093/joneph/aajag108,Impact of the management of advanced kidney disease in patients over 80 years of age: a multicenter Spanish study.,blood-pressure-aging,blood-pressure-aging__curated_recent_update_2026_08_end,intake_pending_curation,retired_from_active_candidate_pool,topic_capacity_limit,,2026-08-28,Git history and prior public-data snapshots
pubmed-42634284,PubMed,42634284,10.1111/dom.71226,Responders Vs. Non-Responders or How to Predict the Response to GLP-1 or GLP-1/GIP Receptor Agonist Therapy.,glp1-weight-cardiometabolic,glp1-weight-cardiometabolic__curated_recent_update_2026_08_end,intake_pending_curation,retired_from_active_candidate_pool,topic_capacity_limit,,2026-08-28,Git history and prior public-data snapshots
pubmed-42634500,PubMed,42634500,10.1080/0886022X.2026.2707677,Association of low calf circumference and underweight with sarcopenia in older adults with chronic kidney disease: a cross-sectional study.,resistance-training-muscle,resistance-training-muscle__curated_recent_update_2026_08_end,intake_pending_curation,retired_from_active_candidate_pool,topic_capacity_limit,,2026-08-28,Git history and prior public-data snapshots
pubmed-42634599,PubMed,42634599,10.1111/dme.70467,Addressing the landscape of diabetes care within community nursing: Learning from a Sussex-based service evaluation.,resistance-training-muscle,resistance-training-muscle__curated_recent_update_2026_08_end,intake_pending_curation,retired_from_active_candidate_pool,topic_capacity_limit,,2026-08-28,Git history and prior public-data snapshots
pubmed-42634795,PubMed,42634795,10.1210/jendso/bvag177,Weight loss outcomes with tirzepatide in women with and without self-reported polycystic ovary syndrome.,glp1-weight-cardiometabolic,glp1-weight-cardiometabolic__curated_recent_update_2026_08_end,intake_pending_curation,retired_from_active_candidate_pool,topic_capacity_limit,,2026-08-28,Git history and prior public-data snapshots
pubmed-42634881,PubMed,42634881,10.1113/JP291437,Musculoskeletal and physiological responses to vortex wave stimulation in older adults.,resistance-training-muscle,resistance-training-muscle__curated_recent_update_2026_08_end,intake_pending_curation,retired_from_active_candidate_pool,topic_capacity_limit,,2026-08-28,Git history and prior public-data snapshots
pubmed-42634934,PubMed,42634934,10.1161/CIRCHEARTFAILURE.126.014620,Multimodal Framework of Left Heart-Pulmonary Vascular Remodeling Underlying Right Ventricular Failure in PH-HFpEF.,physical-activity-healthspan,physical-activity-healthspan__curated_recent_update_2026_08_end,intake_pending_curation,retired_from_active_candidate_pool,topic_capacity_limit,,2026-08-28,Git history and prior public-data snapshots
pubmed-42634937,PubMed,42634937,10.1161/HYPERTENSIONAHA.125.25929,Cf-PWV Versus ba-PWV in Predicting Cardiovascular Events: Insights From a Community-Based Cohort.,blood-pressure-aging,blood-pressure-aging__curated_recent_update_2026_08_end,intake_pending_curation,retired_from_active_candidate_pool,topic_capacity_limit,,2026-08-28,Git history and prior public-data snapshots
pubmed-42634943,PubMed,42634943,10.1161/HYPERTENSIONAHA.126.26866,Explaining Variance in Pulse Wave Velocity in Youth: The Youth Vascular Consortium.,blood-pressure-aging,blood-pressure-aging__curated_recent_update_2026_08_end,intake_pending_curation,retired_from_active_candidate_pool,topic_capacity_limit,,2026-08-28,Git history and prior public-data snapshots
pubmed-42635401,PubMed,42635401,10.1080/19490976.2026.2718620,Fecal filtrate transplantation as salvage therapy for fulminant Clostridioides difficile infection in adult hematological patients during chemotherapy-induced aplasia: a pilot experience.,microbiome-inflammaging,microbiome-inflammaging__curated_recent_update_2026_08_end,intake_pending_curation,retired_from_active_candidate_pool,topic_capacity_limit,,2026-08-28,Git history and prior public-data snapshots
pubmed-42635647,PubMed,42635647,10.1007/s10143-026-04457-w,The molecular basis of arteriovenous malformations (AVMs): Review of inflammation in AVM pathogenesis.,microbiome-inflammaging,microbiome-inflammaging__curated_recent_update_2026_08_end,intake_pending_curation,retired_from_active_candidate_pool,topic_capacity_limit,,2026-08-28,Git history and prior public-data snapshots
pubmed-42635669,PubMed,42635669,10.1007/s00586-026-10293-9,"GLP-1 receptor agonists and outcomes after cervical spine fusion: a systematic review, meta-analysis, and evidence map of real-world evidence.",glp1-weight-cardiometabolic,glp1-weight-cardiometabolic__curated_recent_update_2026_08_end,intake_pending_curation,retired_from_active_candidate_pool,topic_capacity_limit,,2026-08-28,Git history and prior public-data snapshots
pubmed-42635688,PubMed,42635688,10.1002/advs.77271,RSF1-Dependent PAR Turnover Promotes 53BP1 Liquid Condensate Formation at DNA Damage Sites.,microbiome-inflammaging,microbiome-inflammaging__curated_recent_update_2026_08_end,intake_pending_curation,retired_from_active_candidate_pool,topic_capacity_limit,,2026-08-28,Git history and prior public-data snapshots
pubmed-42635802,PubMed,42635802,10.1007/s00383-026-06571-8,Preoperative nutritional status as a predictor of postoperative morbidity in pediatric gastrointestinal surgery: a systematic review and meta-analysis.,microbiome-inflammaging,microbiome-inflammaging__curated_recent_update_2026_08_end,intake_pending_curation,retired_from_active_candidate_pool,topic_capacity_limit,,2026-08-28,Git history and prior public-data snapshots
pubmed-42635922,PubMed,42635922,10.1007/s11739-026-04501-z,Clinically recognized sepsis in older adults admitted to medical wards: patient characteristics and hospital outcomes from the REPOSI register.,resistance-training-muscle,resistance-training-muscle__curated_recent_update_2026_08_end,intake_pending_curation,retired_from_active_candidate_pool,topic_capacity_limit,,2026-08-28,Git history and prior public-data snapshots
pubmed-42635973,PubMed,42635973,10.1177/10538127261476803,Validity and reliability of the six-minute pegboard and ring test for assessing upper limb functional capacity in patients with rheumatoid arthritis.,resistance-training-muscle,resistance-training-muscle__curated_recent_update_2026_08_end,intake_pending_curation,retired_from_active_candidate_pool,topic_capacity_limit,,2026-08-28,Git history and prior public-data snapshots
pubmed-42636157,PubMed,42636157,10.1182/blood.2026034204,Ferroptotic stress promotes hematopoietic stem cell aging through S1P-dependent epigenetic and lipid remodeling.,microbiome-inflammaging,microbiome-inflammaging__curated_recent_update_2026_08_end,intake_pending_curation,retired_from_active_candidate_pool,topic_capacity_limit,,2026-08-28,Git history and prior public-data snapshots
pubmed-42636197,PubMed,42636197,10.1371/journal.pone.0356206,Effect of vision training on visual function in older adults: A pilot randomized trial.,resistance-training-muscle,resistance-training-muscle__curated_recent_update_2026_08_end,intake_pending_curation,retired_from_active_candidate_pool,topic_capacity_limit,,2026-08-28,Git history and prior public-data snapshots
pubmed-42636203,PubMed,42636203,10.1371/journal.pone.0346758,Perspectives of frail older adults and family caregivers on Urinary Incontinence interventions: A qualitative study.,resistance-training-muscle,resistance-training-muscle__curated_recent_update_2026_08_end,intake_pending_curation,retired_from_active_candidate_pool,topic_capacity_limit,,2026-08-28,Git history and prior public-data snapshots
pubmed-42636218,PubMed,42636218,10.1371/journal.pone.0356138,Antidiabetic medications and risk of cognitive disorders in type 2 diabetes: A retrospective cohort study.,metformin-aging,metformin-aging__curated_recent_update_2026_08_end,intake_pending_curation,retired_from_active_candidate_pool,topic_capacity_limit,,2026-08-28,Git history and prior public-data snapshots
pubmed-42636272,PubMed,42636272,10.1080/15504263.2026.2720402,Exploring The Role of GLP-1 Receptor Agonists and DPP4 Inhibitors in the Treatment of Opioid Use Disorder: A Scoping Review.,glp1-weight-cardiometabolic,glp1-weight-cardiometabolic__curated_recent_update_2026_08_end,intake_pending_curation,retired_from_active_candidate_pool,topic_capacity_limit,,2026-08-28,Git history and prior public-data snapshots
pubmed-42636430,PubMed,42636430,10.1080/07399332.2026.2715599,Utilization of maternal healthcare services among women in 33 low-and middle-income countries: A pooled analysis of 2015-2022 demographic and health survey data.,physical-activity-healthspan,physical-activity-healthspan__curated_recent_update_2026_08_end,intake_pending_curation,retired_from_active_candidate_pool,topic_capacity_limit,,2026-08-28,Git history and prior public-data snapshots
pubmed-42636431,PubMed,42636431,10.1080/13607863.2026.2720598,Prevalent physical multimorbidity patterns and depressive symptom trajectories among community dwelling U.S. older adults.,blood-pressure-aging,blood-pressure-aging__curated_recent_update_2026_08_end,intake_pending_curation,retired_from_active_candidate_pool,topic_capacity_limit,,2026-08-28,Git history and prior public-data snapshots
pubmed-42636541,PubMed,42636541,10.1016/j.medcli.2026.107590,Development and validation of a multivariable risk score for postoperative complications in urological surgery in older patients: FRAC cohort study.,resistance-training-muscle,resistance-training-muscle__curated_recent_update_2026_08_end,intake_pending_curation,retired_from_active_candidate_pool,topic_capacity_limit,,2026-08-28,Git history and prior public-data snapshots
pubmed-42636703,PubMed,42636703,10.1016/j.jchromb.2026.125254,Tongxie Yaofang ameliorates chronic relapsing ulcerative colitis by regulating gut microbiota and microbial metabolites.,time-restricted-eating,time-restricted-eating__curated_recent_update_2026_08_end,intake_pending_curation,retired_from_active_candidate_pool,topic_capacity_limit,,2026-08-28,Git history and prior public-data snapshots
pubmed-42636888,PubMed,42636888,10.1016/j.jconrel.2026.115297,Dual-transporter-targeted oral nanomicelles of semaglutide enable enhanced intestinal absorption and metabolic reprogramming in obesity and diabetes.,glp1-weight-cardiometabolic,glp1-weight-cardiometabolic__curated_recent_update_2026_08_end,intake_pending_curation,retired_from_active_candidate_pool,topic_capacity_limit,,2026-08-28,Git history and prior public-data snapshots
pubmed-42636992,PubMed,42636992,10.1016/j.rmed.2026.109126,"COPD and Osteoporosis: Epidemiology, Pathophysiology, Clinical Impact, and Management Strategies: A Narrative Review.",resistance-training-muscle,resistance-training-muscle__curated_recent_update_2026_08_end,intake_pending_curation,retired_from_active_candidate_pool,topic_capacity_limit,,2026-08-28,Git history and prior public-data snapshots
pubmed-42637012,PubMed,42637012,10.1016/j.arr.2026.103336,Mechanisms and therapeutic strategies for VEGFR inhibitor-induced cardiotoxicity and hepatotoxicity in cancer therapy.,resistance-training-muscle,resistance-training-muscle__curated_recent_update_2026_08_end,intake_pending_curation,retired_from_active_candidate_pool,topic_capacity_limit,,2026-08-28,Git history and prior public-data snapshots
pubmed-42637159,PubMed,42637159,10.1016/j.exger.2026.113290,Peripheral blood mitochondrial DNA copy number is associated with cardiac diastolic dysfunction in frail older adults.,resistance-training-muscle,resistance-training-muscle__curated_recent_update_2026_08_end,intake_pending_curation,retired_from_active_candidate_pool,topic_capacity_limit,,2026-08-28,Git history and prior public-data snapshots
pubmed-42637261,PubMed,42637261,10.1136/bmjopen-2025-114655,"Burden, unmet healthcare and associated disabilities among people with prevalent stroke in tea-tribe communities of Cachar district, Assam state, Northeast India: a cross-sectional study.",blood-pressure-aging,blood-pressure-aging__curated_recent_update_2026_08_end,intake_pending_curation,retired_from_active_candidate_pool,topic_capacity_limit,,2026-08-28,Git history and prior public-data snapshots
pubmed-42637526,PubMed,42637526,10.1136/gutjnl-2026-339128,Emerging exposure-driven accelerated colorectal carcinogenesis: a model with implications for screening colonoscopy effectiveness.,microbiome-inflammaging,microbiome-inflammaging__curated_recent_update_2026_08_end,intake_pending_curation,retired_from_active_candidate_pool,topic_capacity_limit,,2026-08-28,Git history and prior public-data snapshots
pubmed-42637918,PubMed,42637918,10.1007/s00113-026-01742-7,[Geriatric care concepts in the treatment of patients with trochanteric femoral fractures].,resistance-training-muscle,resistance-training-muscle__curated_recent_update_2026_08_end,intake_pending_curation,retired_from_active_candidate_pool,topic_capacity_limit,,2026-08-28,Git history and prior public-data snapshots
pubmed-42637965,PubMed,42637965,10.1007/s10439-026-04338-9,Kinematics Limit the Potential to Capitalize on Available Muscle Strength During Sit-to-Stand for Patients Before and After Total Knee Arthroplasty.,resistance-training-muscle,resistance-training-muscle__curated_recent_update_2026_08_end,intake_pending_curation,retired_from_active_candidate_pool,topic_capacity_limit,,2026-08-28,Git history and prior public-data snapshots
pubmed-42637986,PubMed,42637986,10.1007/s10198-026-01986-5,How long retirement lasts matters: the effect of retirement duration on frailty in Europe.,resistance-training-muscle,resistance-training-muscle__curated_recent_update_2026_08_end,intake_pending_curation,retired_from_active_candidate_pool,topic_capacity_limit,,2026-08-28,Git history and prior public-data snapshots
pubmed-42637995,PubMed,42637995,10.1007/s41999-026-01593-w,"Communication strategies amongst healthcare professionals, patients and caregivers in Hospital-at-Home Admission Avoidance models for acutely ill older adults: a scoping review.",resistance-training-muscle,resistance-training-muscle__curated_recent_update_2026_08_end,intake_pending_curation,retired_from_active_candidate_pool,topic_capacity_limit,,2026-08-28,Git history and prior public-data snapshots
pubmed-42638036,PubMed,42638036,10.1002/oby.70289,"Extreme Obesity (BMI ≥ 60 kg/m(2)) Characterization up to and Beyond 80 kg/m(2) in 1,262,454 Bariatric Surgery Patients.",sleep-aging,sleep-aging__curated_recent_update_2026_08_end,intake_pending_curation,retired_from_active_candidate_pool,topic_capacity_limit,,2026-08-28,Git history and prior public-data snapshots
pubmed-42638077,PubMed,42638077,10.1136/ejhpharm-2026-005049,Semaglutide-associated agranulocytosis requiring hospitalisation and granulocyte colony-stimulating factor: a case report.,glp1-weight-cardiometabolic,glp1-weight-cardiometabolic__curated_recent_update_2026_08_end,intake_pending_curation,retired_from_active_candidate_pool,topic_capacity_limit,,2026-08-28,Git history and prior public-data snapshots
pubmed-42638119,PubMed,42638119,10.1186/s40478-026-02412-w,Reduced microvascular coverage links a hypoxia-associated niche to microglial autophagic dysfunction in Parkinson's disease.,autophagy-mitophagy,autophagy-mitophagy__curated_recent_update_2026_08_end,intake_pending_curation,retired_from_active_candidate_pool,topic_capacity_limit,,2026-08-28,Git history and prior public-data snapshots
pubmed-42638356,PubMed,42638356,10.1093/gerona/glag208,Napping Characteristics and Incident Dementia: Results From The National Health and Aging Trends Study.,sleep-aging,sleep-aging__curated_recent_update_2026_08_end,intake_pending_curation,retired_from_active_candidate_pool,topic_capacity_limit,,2026-08-28,Git history and prior public-data snapshots
pubmed-42638665,PubMed,42638665,10.3389/fpubh.2026.1868178,Relationship between mobile phone use and multidimensional frailty: evidence from UK Biobank.,resistance-training-muscle,resistance-training-muscle__curated_recent_update_2026_08_end,intake_pending_curation,retired_from_active_candidate_pool,topic_capacity_limit,,2026-08-28,Git history and prior public-data snapshots
pubmed-42638826,PubMed,42638826,10.3389/fnut.2026.1846471,Nutrition-related clinical laboratory indicators in perioperative management of geriatric hip fractures: a narrative review from risk stratification to precision intervention.,resistance-training-muscle,resistance-training-muscle__curated_recent_update_2026_08_end,intake_pending_curation,retired_from_active_candidate_pool,topic_capacity_limit,,2026-08-28,Git history and prior public-data snapshots
pubmed-42638833,PubMed,42638833,10.1177/1759720X261479921,"Frailty in rheumatoid arthritis, psoriatic arthritis, and axial spondyloarthritis: Current evidence and knowledge gaps.",resistance-training-muscle,resistance-training-muscle__curated_recent_update_2026_08_end,intake_pending_curation,retired_from_active_candidate_pool,topic_capacity_limit,,2026-08-28,Git history and prior public-data snapshots
pubmed-42638927,PubMed,42638927,10.3389/fpubh.2026.1879570,"Parental socioeconomic position, childhood poverty and healthy aging: retrospective and prospective study of six cohorts across 32 wealthy and developing nations.",resistance-training-muscle,resistance-training-muscle__curated_recent_update_2026_08_end,intake_pending_curation,retired_from_active_candidate_pool,topic_capacity_limit,,2026-08-28,Git history and prior public-data snapshots
pubmed-42639133,PubMed,42639133,10.2147/IJN.S625602,Multimodal Bioactive Approaches in Smart Dressings for Diabetic Foot Ulcers.,microbiome-inflammaging,microbiome-inflammaging__curated_recent_update_2026_08_end,intake_pending_curation,retired_from_active_candidate_pool,topic_capacity_limit,,2026-08-28,Git history and prior public-data snapshots
pubmed-42639271,PubMed,42639271,10.1155/arat/9582674,"Prevalence and Correlates of Dyslipidemia in HIV-Positive Patients at Selected Public Hospitals in Addis Ababa, Ethiopia, 2025.",physical-activity-healthspan,physical-activity-healthspan__curated_recent_update_2026_08_end,intake_pending_curation,retired_from_active_candidate_pool,topic_capacity_limit,,2026-08-28,Git history and prior public-data snapshots
pubmed-42639313,PubMed,42639313,10.3389/fsurg.2026.1714967,Maxillomandibular advancement for obstructive sleep apnea: a contemporary review.,sleep-aging,sleep-aging__curated_recent_update_2026_08_end,intake_pending_curation,retired_from_active_candidate_pool,topic_capacity_limit,,2026-08-28,Git history and prior public-data snapshots
pubmed-42639370,PubMed,42639370,10.1155/jnme/6646504,Skeletal Muscle Mass in Women With Breast Cancer: Evaluation of Agreement Between Different Methods.,resistance-training-muscle,resistance-training-muscle__curated_recent_update_2026_08_end,intake_pending_curation,retired_from_active_candidate_pool,topic_capacity_limit,,2026-08-28,Git history and prior public-data snapshots
pubmed-42639462,PubMed,42639462,10.1080/20002297.2026.2717777,"Unveiling the link between oral microbial α-diversity, advanced cardiovascular-kidney-metabolic syndrome, and mortality.",resistance-training-muscle,resistance-training-muscle__curated_recent_update_2026_08_end,intake_pending_curation,retired_from_active_candidate_pool,topic_capacity_limit,,2026-08-28,Git history and prior public-data snapshots
pubmed-42639547,PubMed,42639547,10.2147/IJWH.S619242,Family Harmony Mediates the Association Between Subjective Well-Being and Health-Promoting Behaviors Among Middle-Aged Women in Northern China.,physical-activity-healthspan,physical-activity-healthspan__curated_recent_update_2026_08_end,intake_pending_curation,retired_from_active_candidate_pool,topic_capacity_limit,,2026-08-28,Git history and prior public-data snapshots
pubmed-42639574,PubMed,42639574,10.2147/CCID.S620755,Multi-Omics Reveals That Hydroxypinacolone Retinoate Alleviates UV-Induced Skin Aging via the p38/MMP9/Collagen Axis.,autophagy-mitophagy,autophagy-mitophagy__curated_recent_update_2026_08_end,intake_pending_curation,retired_from_active_candidate_pool,topic_capacity_limit,,2026-08-28,Git history and prior public-data snapshots
pubmed-42639583,PubMed,42639583,10.1590/1980-5764-DN-2026-0482,Hypertension and depression coexistence and its association with frailty in older adults: a cross-sectional study.,resistance-training-muscle,resistance-training-muscle__curated_recent_update_2026_08_end,intake_pending_curation,retired_from_active_candidate_pool,topic_capacity_limit,,2026-08-28,Git history and prior public-data snapshots
pubmed-42639925,PubMed,42639925,10.1080/25310429.2026.2722795,Clinical practice patterns and unmet needs in the use of GLP-1 receptor agonists in sleep medicine: A pan-European survey performed in the European sleep apnoea database network.,sleep-aging,sleep-aging__curated_recent_update_2026_08_end,intake_pending_curation,retired_from_active_candidate_pool,topic_capacity_limit,,2026-08-28,Git history and prior public-data snapshots
pubmed-42640250,PubMed,42640250,,Invasive vs Non-invasive Management of Elderly Patients with Non-ST-Elevation Myocardial Infarction (NSTEMI).,resistance-training-muscle,resistance-training-muscle__curated_recent_update_2026_08_end,intake_pending_curation,retired_from_active_candidate_pool,topic_capacity_limit,,2026-08-28,Git history and prior public-data snapshots
pubmed-42640287,PubMed,42640287,10.1007/s00391-026-02643-5,"[Multicomponent programs in delirium prevention and delirium management in older adults : Evidence, guideline recommendations and perspectives on delirium-sensitive care].",resistance-training-muscle,resistance-training-muscle__curated_recent_update_2026_08_end,intake_pending_curation,retired_from_active_candidate_pool,topic_capacity_limit,,2026-08-28,Git history and prior public-data snapshots
pubmed-42640367,PubMed,42640367,10.1007/s12035-026-06146-7,Beyond the Ribosome: The Expanding Role of the Nucleolus in Neurodegenerative Pathways.,microbiome-inflammaging,microbiome-inflammaging__curated_recent_update_2026_08_end,intake_pending_curation,retired_from_active_candidate_pool,topic_capacity_limit,,2026-08-28,Git history and prior public-data snapshots
pubmed-42640395,PubMed,42640395,10.1007/s10792-026-04215-3,Exosomes in the treatment of age-related ophthalmic diseases: an updated review.,microbiome-inflammaging,microbiome-inflammaging__curated_recent_update_2026_08_end,intake_pending_curation,retired_from_active_candidate_pool,topic_capacity_limit,,2026-08-28,Git history and prior public-data snapshots
pubmed-42640444,PubMed,42640444,10.1007/s12272-026-01632-x,Anti-inflammatory phytochemicals from medicinal herbs based on senoinflammation schema for healthy aging.,microbiome-inflammaging,microbiome-inflammaging__curated_recent_update_2026_08_end,intake_pending_curation,retired_from_active_candidate_pool,topic_capacity_limit,,2026-08-28,Git history and prior public-data snapshots
pubmed-42640526,PubMed,42640526,10.1007/s11325-026-03786-w,Obstructive sleep apnea-related hypoxemia and heart rate dynamics are associated with systemic inflammation in people living with HIV.,sleep-aging,sleep-aging__curated_recent_update_2026_08_end,intake_pending_curation,retired_from_active_candidate_pool,topic_capacity_limit,,2026-08-28,Git history and prior public-data snapshots
pubmed-42640567,PubMed,42640567,10.1093/jnci/djag297,Epigenetic aging of colorectal mucosa in cancer development.,physical-activity-healthspan,physical-activity-healthspan__curated_recent_update_2026_08_end,intake_pending_curation,retired_from_active_candidate_pool,topic_capacity_limit,,2026-08-28,Git history and prior public-data snapshots
pubmed-42640716,PubMed,42640716,10.2215/CJN.0000001208,Glucagon-Like Peptide-1 Receptor Agonist Use and Risks of Hospitalization and Mortality in Patients with End-Stage Kidney Disease.,glp1-weight-cardiometabolic,glp1-weight-cardiometabolic__curated_recent_update_2026_08_end,intake_pending_curation,retired_from_active_candidate_pool,topic_capacity_limit,,2026-08-28,Git history and prior public-data snapshots
pubmed-42640741,PubMed,42640741,10.1177/02841851261478938,CT-derived composite coronary wall thickness as a marker of early vessel wall remodeling in patients with CAD-RADS 0-2.,ldl-apob-cardiovascular-risk,ldl-apob-cardiovascular-risk__curated_recent_update_2026_08_end,intake_pending_curation,retired_from_active_candidate_pool,topic_capacity_limit,,2026-08-28,Git history and prior public-data snapshots
pubmed-42640744,PubMed,42640744,10.1093/eurjpc/zwag441,Worsening Trends in Modifiable Cardiovascular Risk Factors Among Patients Hospitalised for Cardiovascular Disease in Spain (2007-2022): A Nationwide Sex-Specific Analysis.,blood-pressure-aging,blood-pressure-aging__curated_recent_update_2026_08_end,intake_pending_curation,retired_from_active_candidate_pool,topic_capacity_limit,,2026-08-28,Git history and prior public-data snapshots
pubmed-42640857,PubMed,42640857,10.1159/ned/adwag015,Burden of Stroke and Its Subtypes in Young Adults in China: A Systematic Analysis from 1990 to 2023 and Projections to 2050.,blood-pressure-aging,blood-pressure-aging__curated_recent_update_2026_08_end,intake_pending_curation,retired_from_active_candidate_pool,topic_capacity_limit,,2026-08-28,Git history and prior public-data snapshots
pubmed-42640861,PubMed,42640861,10.1159/000553510,"Longitudinal Changes in Body Composition, Adaptive Thermogenesis and Muscle Strength in Patients with Obesity Treated with Semaglutide.",glp1-weight-cardiometabolic,glp1-weight-cardiometabolic__curated_recent_update_2026_08_end,intake_pending_curation,retired_from_active_candidate_pool,topic_capacity_limit,,2026-08-28,Git history and prior public-data snapshots
pubmed-42641078,PubMed,42641078,10.2196/56497,"Feasibility and Preliminary Efficacy of a ""Sit Less"" Program Leveraging Fitbit Tracking and Tailored Text Messages in Cardiometabolic Disease: Findings From 2 Parallel Randomized Controlled Trials in Coronary Artery Disease and Type 2 Diabetes.",physical-activity-healthspan,physical-activity-healthspan__curated_recent_update_2026_08_end,intake_pending_curation,retired_from_active_candidate_pool,topic_capacity_limit,,2026-08-28,Git history and prior public-data snapshots
pubmed-42641328,PubMed,42641328,10.1016/j.gerinurse.2026.104333,Association between hyperhomocysteinemia and frailty in older adults with acute ischemic stroke: A cross-sectional study.,resistance-training-muscle,resistance-training-muscle__curated_recent_update_2026_08_end,intake_pending_curation,retired_from_active_candidate_pool,topic_capacity_limit,,2026-08-28,Git history and prior public-data snapshots
pubmed-42641331,PubMed,42641331,10.1016/j.gerinurse.2026.104271,Brazilian Portuguese version of the Clinical Frailty Scale Classification Tree and the Health Questionnaires: Validity and reliability study.,resistance-training-muscle,resistance-training-muscle__curated_recent_update_2026_08_end,intake_pending_curation,retired_from_active_candidate_pool,topic_capacity_limit,,2026-08-28,Git history and prior public-data snapshots
pubmed-42641765,PubMed,42641765,10.1016/j.arr.2026.103331,Anti-amyloid drugs: Integrated clinical pathways for treating older patients with frailty and dementia.,resistance-training-muscle,resistance-training-muscle__curated_recent_update_2026_08_end,intake_pending_curation,retired_from_active_candidate_pool,topic_capacity_limit,,2026-08-28,Git history and prior public-data snapshots
pubmed-42641826,PubMed,42641826,10.1016/j.exger.2026.113299,Increased TWEAK and decreased MyoG expression in age-related impairment of muscle regeneration and H(2)O(2)-induced senescence-associated changes in C2C12 cells.,resistance-training-muscle,resistance-training-muscle__curated_recent_update_2026_08_end,intake_pending_curation,retired_from_active_candidate_pool,topic_capacity_limit,,2026-08-28,Git history and prior public-data snapshots
pubmed-42641831,PubMed,42641831,10.1016/j.critrevonc.2026.105565,"Immune checkpoint inhibitor combinations across clinically distinct metastatic renal cell carcinoma populations with limited or heterogeneous trial evidence: A systematic review, evidence map, and meta-analysis.",resistance-training-muscle,resistance-training-muscle__curated_recent_update_2026_08_end,intake_pending_curation,retired_from_active_candidate_pool,topic_capacity_limit,,2026-08-28,Git history and prior public-data snapshots
pubmed-42641836,PubMed,42641836,10.1016/j.cpcardiol.2026.103429,"Remote Ischemic Conditioning in Chronic Heart Failure: A Systematic Review of Clinical Outcomes, Biomarkers, and Mechanistic Evidence.",cardiorespiratory-fitness,cardiorespiratory-fitness__curated_recent_update_2026_08_end,intake_pending_curation,retired_from_active_candidate_pool,topic_capacity_limit,,2026-08-28,Git history and prior public-data snapshots
pubmed-42641979,PubMed,42641979,10.1016/j.amjmed.2026.08.010,Inflammation-Associated Cardiovascular Risk Differs According to SSRI Use in Patients with Chronic Kidney Disease.,microbiome-inflammaging,microbiome-inflammaging__curated_recent_update_2026_08_end,intake_pending_curation,retired_from_active_candidate_pool,topic_capacity_limit,,2026-08-28,Git history and prior public-data snapshots
pubmed-42642186,PubMed,42642186,10.7507/1002-1892.202604013,[Predictive value of the pre-injury Barthel index for 1-year postoperative case fatality rate after hip arthroplasty in elderly patients with hip fracture].,blood-pressure-aging,blood-pressure-aging__curated_recent_update_2026_08_end,intake_pending_curation,retired_from_active_candidate_pool,topic_capacity_limit,,2026-08-28,Git history and prior public-data snapshots
pubmed-42642323,PubMed,42642323,10.1016/j.pcd.2026.08.007,Beyond conventional lipid markers: Atherogenic index of plasma and triglyceride-glucose index in relation to cardiometabolic multimorbidity in older adults.,blood-pressure-aging,blood-pressure-aging__curated_recent_update_2026_08_end,intake_pending_curation,retired_from_active_candidate_pool,topic_capacity_limit,,2026-08-28,Git history and prior public-data snapshots
pubmed-42642357,PubMed,42642357,10.1111/dom.71266,Cardiorenal Mortality and Safety Outcomes of GLP-1 Receptor Agonists in Type 2 Diabetes With BMI Below 27 kg/m(2): A Target Trial Emulation.,glp1-weight-cardiometabolic,glp1-weight-cardiometabolic__curated_recent_update_2026_08_end,intake_pending_curation,retired_from_active_candidate_pool,topic_capacity_limit,,2026-08-28,Git history and prior public-data snapshots
pubmed-42642519,PubMed,42642519,10.1038/s43587-026-01206-y,cGAS-deficient mice display premature aging associated with derepression of LINE1 elements and inflammation.,resistance-training-muscle,resistance-training-muscle__curated_recent_update_2026_08_end,intake_pending_curation,retired_from_active_candidate_pool,topic_capacity_limit,,2026-08-28,Git history and prior public-data snapshots
pubmed-42642821,PubMed,42642821,10.3346/jkms.2026.41.e224,"Characteristics, Healthcare Utilization, and Medical Expenditures of Home-Based Primary Care Users in Korea.",resistance-training-muscle,resistance-training-muscle__curated_recent_update_2026_08_end,intake_pending_curation,retired_from_active_candidate_pool,topic_capacity_limit,,2026-08-28,Git history and prior public-data snapshots
pubmed-42642985,PubMed,42642985,10.1080/03007995.2026.2717477,Real-world treatment patterns and outcomes of patients treated with commercial chimeric antigen receptor T-cell therapy for relapsed/refractory multiple myeloma.,resistance-training-muscle,resistance-training-muscle__curated_recent_update_2026_08_end,intake_pending_curation,retired_from_active_candidate_pool,topic_capacity_limit,,2026-08-28,Git history and prior public-data snapshots
pubmed-42643337,PubMed,42643337,10.2147/NSS.S623090,Sleep Instability and Severe Obstructive Sleep Apnea are Associated with Carotid Atherosclerotic Burden but Not Plaque Vulnerability in Acute Ischemic Stroke.,sleep-aging,sleep-aging__curated_recent_update_2026_08_end,intake_pending_curation,retired_from_active_candidate_pool,topic_capacity_limit,,2026-08-28,Git history and prior public-data snapshots
pubmed-42643353,PubMed,42643353,10.2147/CIA.S581799,Development and Validation of a Predictive Risk Score for Poor Functional Outcome After Transcatheter Aortic Valve Replacement in Elderly Patients.,resistance-training-muscle,resistance-training-muscle__curated_recent_update_2026_08_end,intake_pending_curation,retired_from_active_candidate_pool,topic_capacity_limit,,2026-08-28,Git history and prior public-data snapshots
pubmed-42643391,PubMed,42643391,10.3389/fimmu.2026.1903929,Aging-associated immune and stromal programs mark interferon- and remodeling-linked spatial contexts in psoriatic skin.,microbiome-inflammaging,microbiome-inflammaging__curated_recent_update_2026_08_end,intake_pending_curation,retired_from_active_candidate_pool,topic_capacity_limit,,2026-08-28,Git history and prior public-data snapshots
pubmed-42643710,PubMed,42643710,10.2147/JIR.S605710,Targeting the CD47-SIRPα Axis in Atherosclerosis: From Pathogenesis to Therapeutic Implications.,microbiome-inflammaging,microbiome-inflammaging__curated_recent_update_2026_08_end,intake_pending_curation,retired_from_active_candidate_pool,topic_capacity_limit,,2026-08-28,Git history and prior public-data snapshots
pubmed-42643735,PubMed,42643735,10.3389/fneur.2026.1899641,BrainAgeMS: protocol for a prospective comparative study of brain aging in healthy adults and people with multiple sclerosis.,epigenetic-clocks,epigenetic-clocks__curated_recent_update_2026_08_end,intake_pending_curation,retired_from_active_candidate_pool,topic_capacity_limit,,2026-08-28,Git history and prior public-data snapshots
pubmed-42643792,PubMed,42643792,10.1177/20503121261481605,"Hypertension self-care practices and associated factors among people with hypertension on follow-up in selected public healthcare facilities in the Ashanti Region, Ghana. A multicentre cross-sectional survey.",physical-activity-healthspan,physical-activity-healthspan__curated_recent_update_2026_08_end,intake_pending_curation,retired_from_active_candidate_pool,topic_capacity_limit,,2026-08-28,Git history and prior public-data snapshots
pubmed-42644131,PubMed,42644131,10.2147/COPD.S621875,"Coexisting Sarcopenia and Osteoporosis in COPD: Integrated Identification, Risk-Oriented Assessment, and Comprehensive Management-A Structured Narrative Review.",resistance-training-muscle,resistance-training-muscle__curated_recent_update_2026_08_end,intake_pending_curation,retired_from_active_candidate_pool,topic_capacity_limit,,2026-08-28,Git history and prior public-data snapshots
pubmed-42644167,PubMed,42644167,10.1093/ehjdh/ztag128,Multi-horizon machine learning for population-level hypertension risk stratification in the UK Biobank.,physical-activity-healthspan,physical-activity-healthspan__curated_recent_update_2026_08_end,intake_pending_curation,retired_from_active_candidate_pool,topic_capacity_limit,,2026-08-28,Git history and prior public-data snapshots
pubmed-42644357,PubMed,42644357,10.4081/ejtm.2026.15846,"Exercise-induced irisin-BDNF signaling in aging: implications for cognitive decline, sarcopenia, and neurodegeneration. A narrative review.",resistance-training-muscle,resistance-training-muscle__curated_recent_update_2026_08_end,intake_pending_curation,retired_from_active_candidate_pool,topic_capacity_limit,,2026-08-28,Git history and prior public-data snapshots
pubmed-42644417,PubMed,42644417,10.1111/cen.70203,Serum Lipid Profile in Patients With Primary Adrenal Insufficiency Receiving Glucocorticoid Replacement.,ldl-apob-cardiovascular-risk,ldl-apob-cardiovascular-risk__curated_recent_update_2026_08_end,intake_pending_curation,retired_from_active_candidate_pool,topic_capacity_limit,,2026-08-28,Git history and prior public-data snapshots
pubmed-42644556,PubMed,42644556,10.1002/adma.74776,Bioinspired Hemostatic Dressings for Rapid and Safe Bleeding Control Via Nanofiber Bridging of Kaolin and Cotton.,microbiome-inflammaging,microbiome-inflammaging__curated_recent_update_2026_08_end,intake_pending_curation,retired_from_active_candidate_pool,topic_capacity_limit,,2026-08-28,Git history and prior public-data snapshots
pubmed-42645006,PubMed,42645006,10.3390/geriatrics11040102,Autoimmune Oral Mucosal Diseases in Older Patients: An Overview of Early Recognition and Management in the Primary Care Setting.,resistance-training-muscle,resistance-training-muscle__curated_recent_update_2026_08_end,intake_pending_curation,retired_from_active_candidate_pool,topic_capacity_limit,,2026-08-28,Git history and prior public-data snapshots
pubmed-42645010,PubMed,42645010,10.3390/geriatrics11040106,"Beyond Chronological Age: Frailty, Vulnerability, and Invasive Decision-Making in Older Adults with Acute Coronary Syndromes.",resistance-training-muscle,resistance-training-muscle__curated_recent_update_2026_08_end,intake_pending_curation,retired_from_active_candidate_pool,topic_capacity_limit,,2026-08-28,Git history and prior public-data snapshots
pubmed-42645015,PubMed,42645015,10.3390/geriatrics11040111,Navigating Adversity in Older Age: An Integrative Review of Contemporary Resilience Concepts and Measurement Challenges.,resistance-training-muscle,resistance-training-muscle__curated_recent_update_2026_08_end,intake_pending_curation,retired_from_active_candidate_pool,topic_capacity_limit,,2026-08-28,Git history and prior public-data snapshots
pubmed-42645162,PubMed,42645162,10.3390/cells15161434,NCOA4-Mediated Ferritinophagy Contributes to Iron Overload-Driven Ferroptosis of Senescent Myoblasts in Mice.,resistance-training-muscle,resistance-training-muscle__curated_recent_update_2026_08_end,intake_pending_curation,retired_from_active_candidate_pool,topic_capacity_limit,,2026-08-28,Git history and prior public-data snapshots
pubmed-42645174,PubMed,42645174,10.3390/cells15161446,"Engineering Mesenchymal Stem Cells for Healthspan-Relevant Applications: Therapeutic Potential, Challenges, and Future Solutions.",microbiome-inflammaging,microbiome-inflammaging__curated_recent_update_2026_08_end,intake_pending_curation,retired_from_active_candidate_pool,topic_capacity_limit,,2026-08-28,Git history and prior public-data snapshots
pubmed-42645385,PubMed,42645385,10.3390/curroncol33080480,Prognostic Value of Immunonutritional Status and Radiologic Muscle Mass in Older Patients Receiving Immune Checkpoint Inhibitors: A Real-World Study.,resistance-training-muscle,resistance-training-muscle__curated_recent_update_2026_08_end,intake_pending_curation,retired_from_active_candidate_pool,topic_capacity_limit,,2026-08-28,Git history and prior public-data snapshots
pubmed-42645390,PubMed,42645390,10.3390/curroncol33080485,Standard Therapy Plus Adjunctive Vegan Lifestyle Intervention in Metastatic Prostate Cancer: A Case Report.,physical-activity-healthspan,physical-activity-healthspan__curated_recent_update_2026_08_end,intake_pending_curation,retired_from_active_candidate_pool,topic_capacity_limit,,2026-08-28,Git history and prior public-data snapshots
pubmed-42645535,PubMed,42645535,10.1007/s00108-026-02172-8,"[Sarcopenia: diagnosis, clinical implications, and treatment].",resistance-training-muscle,resistance-training-muscle__curated_recent_update_2026_08_end,intake_pending_curation,retired_from_active_candidate_pool,topic_capacity_limit,,2026-08-28,Git history and prior public-data snapshots
pubmed-42645553,PubMed,42645553,10.1007/s10522-026-10497-y,An aging essential 8: closing the gap between geroscience and the public it serves.,epigenetic-clocks,epigenetic-clocks__curated_recent_update_2026_08_end,intake_pending_curation,retired_from_active_candidate_pool,topic_capacity_limit,,2026-08-28,Git history and prior public-data snapshots
pubmed-42645557,PubMed,42645557,10.1007/s00134-026-08598-w,Early mobilization for mechanical ventilation for sepsis or acute respiratory failure (EVER): a multicenter randomized controlled trial with 12-month outcomes.,resistance-training-muscle,resistance-training-muscle__curated_recent_update_2026_08_end,intake_pending_curation,retired_from_active_candidate_pool,topic_capacity_limit,,2026-08-28,Git history and prior public-data snapshots
pubmed-42645635,PubMed,42645635,10.1007/s11912-026-01825-z,GLP-1 Receptor Agonists and Obesity Related Cancers: What We Know So Far.,glp1-weight-cardiometabolic,glp1-weight-cardiometabolic__curated_recent_update_2026_08_end,intake_pending_curation,retired_from_active_candidate_pool,topic_capacity_limit,,2026-08-28,Git history and prior public-data snapshots
pubmed-42645764,PubMed,42645764,10.1007/s11357-026-02473-8,Linking modifiable risk factors to vascular and neurodegenerative brain changes.,blood-pressure-aging,blood-pressure-aging__curated_recent_update_2026_08_end,intake_pending_curation,retired_from_active_candidate_pool,topic_capacity_limit,,2026-08-28,Git history and prior public-data snapshots
pubmed-42645861,PubMed,42645861,10.3390/jcdd13080390,The Limits of Comorbidity Indices in TAVI: How Aggregation Dilutes the Prognostic Power of Individual Biomarkers.,resistance-training-muscle,resistance-training-muscle__curated_recent_update_2026_08_end,intake_pending_curation,retired_from_active_candidate_pool,topic_capacity_limit,,2026-08-28,Git history and prior public-data snapshots
pubmed-42645866,PubMed,42645866,10.3390/jcdd13080395,Diuretics in Cardiovascular Disease: For How Long and at What Dose?,resistance-training-muscle,resistance-training-muscle__curated_recent_update_2026_08_end,intake_pending_curation,retired_from_active_candidate_pool,topic_capacity_limit,,2026-08-28,Git history and prior public-data snapshots
pubmed-42645871,PubMed,42645871,10.3390/jcdd13080400,Discharge AI-ECG-Derived Age and Incidence of Cardiac Allograft Vasculopathy at 3 Years: A Pilot Study.,epigenetic-clocks,epigenetic-clocks__curated_recent_update_2026_08_end,intake_pending_curation,retired_from_active_candidate_pool,topic_capacity_limit,,2026-08-28,Git history and prior public-data snapshots
pubmed-42645929,PubMed,42645929,10.3390/jpm16080435,Total En Bloc Spondylectomy in Modern Spine Oncology: Selection-Relevant Survival Signals and Treatment Burden in a Single-Center Cohort.,resistance-training-muscle,resistance-training-muscle__curated_recent_update_2026_08_end,intake_pending_curation,retired_from_active_candidate_pool,topic_capacity_limit,,2026-08-28,Git history and prior public-data snapshots
pubmed-42646063,PubMed,42646063,10.3390/jox16040149,"Micro- and Nanoplastic Pollution and Renal Health: Human Evidence, Mechanisms, and Clinical Implications.",autophagy-mitophagy,autophagy-mitophagy__curated_recent_update_2026_08_end,intake_pending_curation,retired_from_active_candidate_pool,topic_capacity_limit,,2026-08-28,Git history and prior public-data snapshots
pubmed-42646314,PubMed,42646314,10.3390/metabo16080578,"Dietary Inflammation, Gut Mycobiota, and Microbial Cross-Kingdom Associations with Cardiovascular Health in Older Adults.",physical-activity-healthspan,physical-activity-healthspan__curated_recent_update_2026_08_end,intake_pending_curation,retired_from_active_candidate_pool,topic_capacity_limit,,2026-08-28,Git history and prior public-data snapshots
pubmed-42646500,PubMed,42646500,10.3390/neurosci7040090,"Exercise and Brain Health in Postmenopausal Women: A Review of Cognitive Benefits, Mechanisms, and Neurodegeneration Prevention.",resistance-training-muscle,resistance-training-muscle__curated_recent_update_2026_08_end,intake_pending_curation,retired_from_active_candidate_pool,topic_capacity_limit,,2026-08-28,Git history and prior public-data snapshots
pubmed-42646897,PubMed,42646897,10.3390/sports14080359,Progressive Resistance Exercise Training and Physical and Behavioural Health Components in Adults with Intellectual Disabilities: A Repeated Time-Series Design.,resistance-training-muscle,resistance-training-muscle__curated_recent_update_2026_08_end,intake_pending_curation,retired_from_active_candidate_pool,topic_capacity_limit,,2026-08-28,Git history and prior public-data snapshots
pubmed-42647034,PubMed,42647034,10.1001/jamapsychiatry.2026.2574,"Glucagon-Like Peptide 1 Receptor Agonists, Mortality, and Cardiovascular Outcomes in Serious Mental Illness.",glp1-weight-cardiometabolic,glp1-weight-cardiometabolic__curated_recent_update_2026_08_end,intake_pending_curation,retired_from_active_candidate_pool,topic_capacity_limit,,2026-08-28,Git history and prior public-data snapshots
pubmed-42647082,PubMed,42647082,10.2196/76867,Digital Health Interventions Incorporating Behavior Change Techniques and Gamification for Bladder Health in Adults Aged 50 Years and Older: Rapid Review.,physical-activity-healthspan,physical-activity-healthspan__curated_recent_update_2026_08_end,intake_pending_curation,retired_from_active_candidate_pool,topic_capacity_limit,,2026-08-28,Git history and prior public-data snapshots
pubmed-42647115,PubMed,42647115,10.1080/27697061.2026.2719468,"Why Serum Magnesium Fails: A Narrative Review of Magnesium Biochemistry, Compartmental Exchange, and Endpoint Selection for Supplementation Trials.",sleep-aging,sleep-aging__curated_recent_update_2026_08_end,intake_pending_curation,retired_from_active_candidate_pool,topic_capacity_limit,,2026-08-28,Git history and prior public-data snapshots
pubmed-42647124,PubMed,42647124,10.1073/pnas.2617749123,Parental niche construction buffers microbial and competitive challenges and drives offspring dependence in burying beetles.,microbiome-inflammaging,microbiome-inflammaging__curated_recent_update_2026_08_end,intake_pending_curation,retired_from_active_candidate_pool,topic_capacity_limit,,2026-08-28,Git history and prior public-data snapshots
pubmed-42647137,PubMed,42647137,10.1002/lary.70863,Implementation of a Novel Subspecialty Outpatient Palliative Medicine Head and Neck Cancer Clinic.,resistance-training-muscle,resistance-training-muscle__curated_recent_update_2026_08_end,intake_pending_curation,retired_from_active_candidate_pool,topic_capacity_limit,,2026-08-28,Git history and prior public-data snapshots
pubmed-42647148,PubMed,42647148,10.1093/ehjcvp/pvag055,PharmaPlain: SOUL trial looking at the effect of oral semaglutide on cardiovascular outcomes in people with type 2 diabetes and atherosclerotic cardiovascular disease and/or chronic kidney disease.,glp1-weight-cardiometabolic,glp1-weight-cardiometabolic__curated_recent_update_2026_08_end,intake_pending_curation,retired_from_active_candidate_pool,topic_capacity_limit,,2026-08-28,Git history and prior public-data snapshots
pubmed-42647357,PubMed,42647357,10.3390/jfmk11030316,Efficacy and Cost-Effective Treatment of Isometric Resistance Training for Blood Pressure Control: A Narrative Review in Healthy Individuals and People with Cardiovascular Diseases.,resistance-training-muscle,resistance-training-muscle__curated_recent_update_2026_08_end,intake_pending_curation,retired_from_active_candidate_pool,topic_capacity_limit,,2026-08-28,Git history and prior public-data snapshots
pubmed-42647433,PubMed,42647433,10.1159/ger/acxag002,Melding Geriatrics and Physical Medicine and Rehabilitation to Help Older Adults.,resistance-training-muscle,resistance-training-muscle__curated_recent_update_2026_08_end,intake_pending_curation,retired_from_active_candidate_pool,topic_capacity_limit,,2026-08-28,Git history and prior public-data snapshots
pubmed-42647447,PubMed,42647447,10.1249/MSS.0000000000004118,"Knee Cartilage Composition, Morphology, and Function in Asymptomatic Recreational Runners, Non-Runners, and Obese Adults: A Matched 4HAIE MRI Study.",physical-activity-healthspan,physical-activity-healthspan__curated_recent_update_2026_08_end,intake_pending_curation,retired_from_active_candidate_pool,topic_capacity_limit,,2026-08-28,Git history and prior public-data snapshots
pubmed-42647526,PubMed,42647526,10.1371/journal.pgph.0007191,Effects of community health worker-led interventions on cardiometabolic outcomes in vulnerable populations: A systematic review and meta-analysis.,ldl-apob-cardiovascular-risk,ldl-apob-cardiovascular-risk__curated_recent_update_2026_08_end,intake_pending_curation,retired_from_active_candidate_pool,topic_capacity_limit,,2026-08-28,Git history and prior public-data snapshots
pubmed-42647600,PubMed,42647600,10.1126/scitranslmed.aea1228,Urogenital immune signatures are associated with birth outcomes after maternal urinary tract infection.,microbiome-inflammaging,microbiome-inflammaging__curated_recent_update_2026_08_end,intake_pending_curation,retired_from_active_candidate_pool,topic_capacity_limit,,2026-08-28,Git history and prior public-data snapshots
pubmed-42648014,PubMed,42648014,10.1016/j.msard.2026.107670,Validity of patient-reported outcome measures for pain in multiple sclerosis.,resistance-training-muscle,resistance-training-muscle__curated_recent_update_2026_08_end,intake_pending_curation,retired_from_active_candidate_pool,topic_capacity_limit,,2026-08-28,Git history and prior public-data snapshots
pubmed-42648063,PubMed,42648063,10.1016/j.anl.2026.08.009,Age-stratified clinical interpretation of AWGS2025 sarcopenia criteria in head and neck cancer treated with definitive chemoradiotherapy: Comparison with AWGS2019.,resistance-training-muscle,resistance-training-muscle__curated_recent_update_2026_08_end,intake_pending_curation,retired_from_active_candidate_pool,topic_capacity_limit,,2026-08-28,Git history and prior public-data snapshots
pubmed-42648104,PubMed,42648104,10.1016/j.gerinurse.2026.104313,Disaster preparedness among nurses caring for older adults: a systematic review.,resistance-training-muscle,resistance-training-muscle__curated_recent_update_2026_08_end,intake_pending_curation,retired_from_active_candidate_pool,topic_capacity_limit,,2026-08-28,Git history and prior public-data snapshots
pubmed-42648107,PubMed,42648107,10.1016/j.gerinurse.2026.104331,Unraveling the dynamics: Characteristics of prefrailty transition across different directions.,resistance-training-muscle,resistance-training-muscle__curated_recent_update_2026_08_end,intake_pending_curation,retired_from_active_candidate_pool,topic_capacity_limit,,2026-08-28,Git history and prior public-data snapshots
pubmed-42648109,PubMed,42648109,10.1016/j.gerinurse.2026.104300,"Relationship between frailty, caregiver burden, and depressive symptoms among family caregivers of community-dwelling older adults with frailty: the roles of mastery, competence, and coping styles.",resistance-training-muscle,resistance-training-muscle__curated_recent_update_2026_08_end,intake_pending_curation,retired_from_active_candidate_pool,topic_capacity_limit,,2026-08-28,Git history and prior public-data snapshots
pubmed-42648442,PubMed,42648442,10.1016/j.arr.2026.103335,Computational precision nutrition for sarcopenia and associated multimorbidity in ageing.,resistance-training-muscle,resistance-training-muscle__curated_recent_update_2026_08_end,intake_pending_curation,retired_from_active_candidate_pool,topic_capacity_limit,,2026-08-28,Git history and prior public-data snapshots
pubmed-42648504,PubMed,42648504,10.1016/j.exger.2026.113302,Deep learning-derived magnetic resonance imaging masseter muscle volume is associated with oral impairment and cognitive frailty in older Japanese adults.,resistance-training-muscle,resistance-training-muscle__curated_recent_update_2026_08_end,intake_pending_curation,retired_from_active_candidate_pool,topic_capacity_limit,,2026-08-28,Git history and prior public-data snapshots
pubmed-42648506,PubMed,42648506,10.1016/j.exger.2026.113286,High-intensity interval training preferentially improves cardiac function via enhanced histone lactylation and macrophage polarization in SAMP8 mice.,resistance-training-muscle,resistance-training-muscle__curated_recent_update_2026_08_end,intake_pending_curation,retired_from_active_candidate_pool,topic_capacity_limit,,2026-08-28,Git history and prior public-data snapshots
pubmed-42648525,PubMed,42648525,10.1016/j.cca.2026.121304,Assay-specific reference intervals and evaluation of key preanalytical factors for C-terminal agrin fragment measured using the Abcam ab216945 ELISA.,resistance-training-muscle,resistance-training-muscle__curated_recent_update_2026_08_end,intake_pending_curation,retired_from_active_candidate_pool,topic_capacity_limit,,2026-08-28,Git history and prior public-data snapshots
pubmed-42648635,PubMed,42648635,10.1016/j.redare.2026.502207,Dynamic changes in the internal jugular vein during supine and passive leg raising as predictors of spinal anesthesia-induced hypotension in the elderly: A prospective diagnostic accuracy study.,blood-pressure-aging,blood-pressure-aging__curated_recent_update_2026_08_end,intake_pending_curation,retired_from_active_candidate_pool,topic_capacity_limit,,2026-08-28,Git history and prior public-data snapshots
pubmed-42648728,PubMed,42648728,10.1093/eurjpc/zwag316,Cardiovascular risk management in the elderly: a dilemma in daily clinical practice.,resistance-training-muscle,resistance-training-muscle__curated_recent_update_2026_08_end,intake_pending_curation,retired_from_active_candidate_pool,topic_capacity_limit,,2026-08-28,Git history and prior public-data snapshots
pubmed-42648952,PubMed,42648952,10.1016/j.jfma.2026.08.029,Consensus-based recommendations by the Hematology Society of Taiwan for the management of multiple myeloma in 2026.,resistance-training-muscle,resistance-training-muscle__curated_recent_update_2026_08_end,intake_pending_curation,retired_from_active_candidate_pool,topic_capacity_limit,,2026-08-28,Git history and prior public-data snapshots
pubmed-42649069,PubMed,42649069,10.2169/internalmedicine.7956-26,Gastrointestinal Diseases and Sarcopenia.,resistance-training-muscle,resistance-training-muscle__curated_recent_update_2026_08_end,intake_pending_curation,retired_from_active_candidate_pool,topic_capacity_limit,,2026-08-28,Git history and prior public-data snapshots
pubmed-42649437,PubMed,42649437,10.1007/s11682-026-01195-x,Assessing cognitive impairment in epilepsy using Arterial spin-labeled (ASL) perfusion imaging.,sleep-aging,sleep-aging__curated_recent_update_2026_08_end,intake_pending_curation,retired_from_active_candidate_pool,topic_capacity_limit,,2026-08-28,Git history and prior public-data snapshots
pubmed-42649514,PubMed,42649514,10.1186/s12933-026-03346-2,Disease-modifying anti-diabetic drugs (DMADDs): bridging the SIMPLE approach to disease interception.,glp1-weight-cardiometabolic,glp1-weight-cardiometabolic__curated_recent_update_2026_08_end,intake_pending_curation,retired_from_active_candidate_pool,topic_capacity_limit,,2026-08-28,Git history and prior public-data snapshots
pubmed-42649911,PubMed,42649911,10.3390/cancers18162597,"Relative Melatonergic Status and Systemic Inflammatory, Oxidative, and Biological Aging Burden in Adults: An Exploratory Cross-Sectional Biomarker Analysis.",microbiome-inflammaging,microbiome-inflammaging__curated_recent_update_2026_08_end,intake_pending_curation,retired_from_active_candidate_pool,topic_capacity_limit,,2026-08-28,Git history and prior public-data snapshots
pubmed-42650025,PubMed,42650025,10.3390/cancers18162714,GLP-1 Receptor Agonist Use in Cancer Survivors-Challenges and Opportunities: A Narrative Review.,glp1-weight-cardiometabolic,glp1-weight-cardiometabolic__curated_recent_update_2026_08_end,intake_pending_curation,retired_from_active_candidate_pool,topic_capacity_limit,,2026-08-28,Git history and prior public-data snapshots
pubmed-42650137,PubMed,42650137,10.3390/genes17080944,Transcriptomic Markers of Immunosenescence in Cynomolgus Macaques: A Pilot Study.,microbiome-inflammaging,microbiome-inflammaging__curated_recent_update_2026_08_end,intake_pending_curation,retired_from_active_candidate_pool,topic_capacity_limit,,2026-08-28,Git history and prior public-data snapshots
pubmed-42650156,PubMed,42650156,10.3390/genes17080964,Epigenetic Skeletal Muscle Memory: The Impact of Physical Activity on Aging and Post-Injury Regeneration.,resistance-training-muscle,resistance-training-muscle__curated_recent_update_2026_08_end,intake_pending_curation,retired_from_active_candidate_pool,topic_capacity_limit,,2026-08-28,Git history and prior public-data snapshots
pubmed-42650529,PubMed,42650529,10.3390/foods15162832,Chemical Diversity and Microbial Complexity of Liupao Tea Aroma: A Comprehensive Review.,microbiome-inflammaging,microbiome-inflammaging__curated_recent_update_2026_08_end,intake_pending_curation,retired_from_active_candidate_pool,topic_capacity_limit,,2026-08-28,Git history and prior public-data snapshots
pubmed-42650724,PubMed,42650724,10.3390/antibiotics15080799,Endophytic Fungal Metabolites as Modulators of Key Signaling Pathways in Chronic Diseases and Aging.,microbiome-inflammaging,microbiome-inflammaging__curated_recent_update_2026_08_end,intake_pending_curation,retired_from_active_candidate_pool,topic_capacity_limit,,2026-08-28,Git history and prior public-data snapshots
pubmed-42650872,PubMed,42650872,10.3390/biom16081206,Shared Major Metabolic Pathways and Potential Targeted Therapies in Malignancies and Systemic Lupus Erythematosus.,microbiome-inflammaging,microbiome-inflammaging__curated_recent_update_2026_08_end,intake_pending_curation,retired_from_active_candidate_pool,topic_capacity_limit,,2026-08-28,Git history and prior public-data snapshots
pubmed-42651241,PubMed,42651241,10.3390/healthcare14162472,Physical Capacity Changes Following a Virtual Reality-Assisted Exercise Program in Institutionalized Older Adults: A Pilot Intervention Study.,blood-pressure-aging,blood-pressure-aging__curated_recent_update_2026_08_end,intake_pending_curation,retired_from_active_candidate_pool,topic_capacity_limit,,2026-08-28,Git history and prior public-data snapshots
pubmed-42651265,PubMed,42651265,10.3390/healthcare14162495,Frailty Components as Moderators of the Subjective Cognitive Decline-Depressive Symptoms Association: A Sex-Stratified Population-Based Study.,resistance-training-muscle,resistance-training-muscle__curated_recent_update_2026_08_end,intake_pending_curation,retired_from_active_candidate_pool,topic_capacity_limit,,2026-08-28,Git history and prior public-data snapshots
pubmed-42651337,PubMed,42651337,10.3390/healthcare14162568,Association Between Phase Angle and AWGS 2025-Defined Sarcopenia in Community-Dwelling Older Adults.,resistance-training-muscle,resistance-training-muscle__curated_recent_update_2026_08_end,intake_pending_curation,retired_from_active_candidate_pool,topic_capacity_limit,,2026-08-28,Git history and prior public-data snapshots
pubmed-42651378,PubMed,42651378,10.3390/healthcare14162609,Association Between Oral Function Limitation and Frailty-Related Functional Impairment in Older Koreans: An Analysis of KNHANES 2024.,resistance-training-muscle,resistance-training-muscle__curated_recent_update_2026_08_end,intake_pending_curation,retired_from_active_candidate_pool,topic_capacity_limit,,2026-08-28,Git history and prior public-data snapshots
pubmed-42651432,PubMed,42651432,10.3390/healthcare14162663,Independent Associations of Appendicular Skeletal Muscle Mass Index and Waist Circumference with Site-Specific Bone Mineral Density in Postmenopausal Women: A Real-World Cross-Sectional Study.,resistance-training-muscle,resistance-training-muscle__curated_recent_update_2026_08_end,intake_pending_curation,retired_from_active_candidate_pool,topic_capacity_limit,,2026-08-28,Git history and prior public-data snapshots
pubmed-42652199,PubMed,42652199,10.3390/biomedicines14081817,Role of Oral-Lung Infection Axis on Respiratory Health.,microbiome-inflammaging,microbiome-inflammaging__curated_recent_update_2026_08_end,intake_pending_curation,retired_from_active_candidate_pool,topic_capacity_limit,,2026-08-28,Git history and prior public-data snapshots
pubmed-42652215,PubMed,42652215,10.3390/biomedicines14081834,"Dietary, Nutrient, and Supramolecular Nanofiber Modulation of the Liver Sinusoidal Clearance System in Metabolic Diseases and Aging.",microbiome-inflammaging,microbiome-inflammaging__curated_recent_update_2026_08_end,intake_pending_curation,retired_from_active_candidate_pool,topic_capacity_limit,,2026-08-28,Git history and prior public-data snapshots
pubmed-42652249,PubMed,42652249,10.3390/biomedicines14081868,Non-Pharmacological Strategies in Atherosclerotic Cardiovascular Disease: From Molecular Mechanisms to Clinical Integration.,time-restricted-eating,time-restricted-eating__curated_recent_update_2026_08_end,intake_pending_curation,retired_from_active_candidate_pool,topic_capacity_limit,,2026-08-28,Git history and prior public-data snapshots
pubmed-42652355,PubMed,42652355,10.3390/ijerph23081040,"Prevalence and Risk Factors of Sarcopenia Among Community-Dwelling Older Adults in Nakhon Si Thammarat, Thailand.",resistance-training-muscle,resistance-training-muscle__curated_recent_update_2026_08_end,intake_pending_curation,retired_from_active_candidate_pool,topic_capacity_limit,,2026-08-28,Git history and prior public-data snapshots
pubmed-42652379,PubMed,42652379,10.3390/ijerph23081065,"Body Composition, Strength, Mobility, and Posture Associated with Shoulder Pain and Disability in Community-Dwelling Older Adults: A Narrative Review.",resistance-training-muscle,resistance-training-muscle__curated_recent_update_2026_08_end,intake_pending_curation,retired_from_active_candidate_pool,topic_capacity_limit,,2026-08-28,Git history and prior public-data snapshots
pubmed-42652618,PubMed,42652618,10.3390/jcm15166211,"Artificial Intelligence for Personalized Prediction of Post-TIPS Outcomes: Integrating Clinical, Biochemical, and Radiomics Data-A Narrative Review.",microbiome-inflammaging,microbiome-inflammaging__curated_recent_update_2026_08_end,intake_pending_curation,retired_from_active_candidate_pool,topic_capacity_limit,,2026-08-28,Git history and prior public-data snapshots
pubmed-42652627,PubMed,42652627,10.3390/jcm15166223,Temporal Trends and Predictors of Mortality in Heart Failure with Reduced Ejection Fraction: The Role of Renal Function and Left Ventricular Improvement.,blood-pressure-aging,blood-pressure-aging__curated_recent_update_2026_08_end,intake_pending_curation,retired_from_active_candidate_pool,topic_capacity_limit,,2026-08-28,Git history and prior public-data snapshots
pubmed-42652628,PubMed,42652628,10.3390/jcm15166224,"Antiresorptive Use and Risk of Hip Fracture in Older Women with Osteoporosis: Findings from a Real-World National Database of 21,332 Women.",resistance-training-muscle,resistance-training-muscle__curated_recent_update_2026_08_end,intake_pending_curation,retired_from_active_candidate_pool,topic_capacity_limit,,2026-08-28,Git history and prior public-data snapshots
pubmed-42652652,PubMed,42652652,10.3390/jcm15166247,"Ethnic Differences in Cardiac Rehabilitation Enrolment, Participation, and Mortality: A Retrospective Cohort Study from Auckland, New Zealand.",physical-activity-healthspan,physical-activity-healthspan__curated_recent_update_2026_08_end,intake_pending_curation,retired_from_active_candidate_pool,topic_capacity_limit,,2026-08-28,Git history and prior public-data snapshots
pubmed-42652665,PubMed,42652665,10.3390/jcm15166260,Cardiac Comorbidity Burden and Post-Liver Transplant Outcomes: A Propensity-Matched Multicenter Analysis.,resistance-training-muscle,resistance-training-muscle__curated_recent_update_2026_08_end,intake_pending_curation,retired_from_active_candidate_pool,topic_capacity_limit,,2026-08-28,Git history and prior public-data snapshots
pubmed-42652666,PubMed,42652666,10.3390/jcm15166263,Comparative Analysis of the ASA-PS Score and Clinical Frailty Scale in Predicting Postoperative Intensive Care Unit Requirement in Geriatric Hip Fracture Surgery: A Retrospective Evaluation.,resistance-training-muscle,resistance-training-muscle__curated_recent_update_2026_08_end,intake_pending_curation,retired_from_active_candidate_pool,topic_capacity_limit,,2026-08-28,Git history and prior public-data snapshots
pubmed-42652680,PubMed,42652680,10.3390/jcm15166277,Biologics in Older Adults with Chronic Obstructive Pulmonary Disease: A Narrative Review.,resistance-training-muscle,resistance-training-muscle__curated_recent_update_2026_08_end,intake_pending_curation,retired_from_active_candidate_pool,topic_capacity_limit,,2026-08-28,Git history and prior public-data snapshots
pubmed-42652696,PubMed,42652696,10.3390/jcm15166294,Association Between Immediate Postoperative Pulse Pressure and Three-Year All-Cause Mortality After Hip Fracture Surgery in Older Adults: A Post Hoc Analysis of a Prospective Cohort.,blood-pressure-aging,blood-pressure-aging__curated_recent_update_2026_08_end,intake_pending_curation,retired_from_active_candidate_pool,topic_capacity_limit,,2026-08-28,Git history and prior public-data snapshots
pubmed-42652707,PubMed,42652707,10.3390/jcm15166303,Management of Syncope in Geriatric Patients: Are 2018 European Society of Cardiology Guidelines Still Relevant?,resistance-training-muscle,resistance-training-muscle__curated_recent_update_2026_08_end,intake_pending_curation,retired_from_active_candidate_pool,topic_capacity_limit,,2026-08-28,Git history and prior public-data snapshots
pubmed-42652710,PubMed,42652710,10.3390/jcm15166305,Single-Access Transfemoral TAVI with a Balloon Expandable Valve: Age-Stratified Analysis of Clinical Outcomes.,blood-pressure-aging,blood-pressure-aging__curated_recent_update_2026_08_end,intake_pending_curation,retired_from_active_candidate_pool,topic_capacity_limit,,2026-08-28,Git history and prior public-data snapshots
pubmed-42652722,PubMed,42652722,10.3390/jcm15166317,"Atrial Cardiomyopathy: Pathophysiology, Diagnostic Approaches, and Prognostic Implications-A Narrative Review.",sleep-aging,sleep-aging__curated_recent_update_2026_08_end,intake_pending_curation,retired_from_active_candidate_pool,topic_capacity_limit,,2026-08-28,Git history and prior public-data snapshots
pubmed-42652762,PubMed,42652762,10.3390/jcm15166358,"Residual Atherothrombotic Risk After Myocardial Infarction: Integrating Lipid, Inflammatory and Thrombotic Pathways.",ldl-apob-cardiovascular-risk,ldl-apob-cardiovascular-risk__curated_recent_update_2026_08_end,intake_pending_curation,retired_from_active_candidate_pool,topic_capacity_limit,,2026-08-28,Git history and prior public-data snapshots
pubmed-42652765,PubMed,42652765,10.3390/jcm15166362,"A Review of Sex Differences in Patients with Aortic Stenosis: A Focus on Diagnostic and Treatment Differences, a Narrative Review.",resistance-training-muscle,resistance-training-muscle__curated_recent_update_2026_08_end,intake_pending_curation,retired_from_active_candidate_pool,topic_capacity_limit,,2026-08-28,Git history and prior public-data snapshots
pubmed-42652781,PubMed,42652781,10.3390/jcm15166377,Usefulness of Strain Echocardiography in Heart Failure with Preserved Ejection Fraction.,physical-activity-healthspan,physical-activity-healthspan__curated_recent_update_2026_08_end,intake_pending_curation,retired_from_active_candidate_pool,topic_capacity_limit,,2026-08-28,Git history and prior public-data snapshots
pubmed-42652808,PubMed,42652808,10.3390/jcm15166403,Frailty Assessment in Polymyalgia Rheumatica: Comparative Performance and Determinants of Clinical-Research Frailty Assessment (CRAF) and Kihon Checklist (KCL) Scores.,resistance-training-muscle,resistance-training-muscle__curated_recent_update_2026_08_end,intake_pending_curation,retired_from_active_candidate_pool,topic_capacity_limit,,2026-08-28,Git history and prior public-data snapshots
pubmed-42652849,PubMed,42652849,10.3390/jcm15166446,Insights into Metabolically Healthy Obesity-A Narrative Review.,cardiorespiratory-fitness,cardiorespiratory-fitness__curated_recent_update_2026_08_end,intake_pending_curation,retired_from_active_candidate_pool,topic_capacity_limit,,2026-08-28,Git history and prior public-data snapshots
pubmed-42652890,PubMed,42652890,10.3390/jcm15166487,Explainable Multimodal Machine Learning Predicts 90-Day Treatment Failure in Older Patients with Fragility Fractures of the Pelvis.,resistance-training-muscle,resistance-training-muscle__curated_recent_update_2026_08_end,intake_pending_curation,retired_from_active_candidate_pool,topic_capacity_limit,,2026-08-28,Git history and prior public-data snapshots
pubmed-42653013,PubMed,42653013,10.3390/life16081324,Comparative Analysis by Machine Learning of Geriatric Frailty and Alzheimer's Disease Classification Using Independent Datasets.,resistance-training-muscle,resistance-training-muscle__curated_recent_update_2026_08_end,intake_pending_curation,retired_from_active_candidate_pool,topic_capacity_limit,,2026-08-28,Git history and prior public-data snapshots
pubmed-42653046,PubMed,42653046,10.3390/life16081357,Integrative GWAS Catalog Analysis of Proxy-Trait Intersection in Sarcopenia-Related Musculoskeletal Aging with Multi-Criteria Evidence Integration.,resistance-training-muscle,resistance-training-muscle__curated_recent_update_2026_08_end,intake_pending_curation,retired_from_active_candidate_pool,topic_capacity_limit,,2026-08-28,Git history and prior public-data snapshots
pubmed-42653234,PubMed,42653234,10.3390/ijms27167229,Duration of Caloric Restriction Modulates Brain Redox Adaptation and Frailty During Aging.,resistance-training-muscle,resistance-training-muscle__curated_recent_update_2026_08_end,intake_pending_curation,retired_from_active_candidate_pool,topic_capacity_limit,,2026-08-28,Git history and prior public-data snapshots
pubmed-42653252,PubMed,42653252,10.3390/ijms27167249,"The Brain-Muscle Axis in Neurodegeneration: Linking Dementia, Sarcopenia, and Exercise-Mediated Neuroprotection.",resistance-training-muscle,resistance-training-muscle__curated_recent_update_2026_08_end,intake_pending_curation,retired_from_active_candidate_pool,topic_capacity_limit,,2026-08-28,Git history and prior public-data snapshots
pubmed-42653317,PubMed,42653317,10.3390/ijms27167312,Identification and Validation of Plasma Protein Biomarkers for Abdominal Aortic Aneurysm Using Integrated Proteomics.,microbiome-inflammaging,microbiome-inflammaging__curated_recent_update_2026_08_end,intake_pending_curation,retired_from_active_candidate_pool,topic_capacity_limit,,2026-08-28,Git history and prior public-data snapshots
pubmed-42653500,PubMed,42653500,10.3390/ijms27167503,Serum Periostin as a Complementary Biomarker of Frailty in Type 2 Diabetes: A Pilot Study Using the FRAIL Scale.,resistance-training-muscle,resistance-training-muscle__curated_recent_update_2026_08_end,intake_pending_curation,retired_from_active_candidate_pool,topic_capacity_limit,,2026-08-28,Git history and prior public-data snapshots
pubmed-42653816,PubMed,42653816,10.3390/ph19081321,Effects of Incretin-Based Therapies on Testosterone Levels and Incretin Response in Men with Hypogonadism: A Systematic Literature Review Following PRISMA 2020 Guidelines.,glp1-weight-cardiometabolic,glp1-weight-cardiometabolic__curated_recent_update_2026_08_end,intake_pending_curation,retired_from_active_candidate_pool,topic_capacity_limit,,2026-08-28,Git history and prior public-data snapshots
pubmed-42653915,PubMed,42653915,10.3390/molecules31162833,Novel Insights into the Pleiotropic Neuroprotective Action of Synthetic Halogen Free Thyronamine-like Analogues.,autophagy-mitophagy,autophagy-mitophagy__curated_recent_update_2026_08_end,intake_pending_curation,retired_from_active_candidate_pool,topic_capacity_limit,,2026-08-28,Git history and prior public-data snapshots
pubmed-42654146,PubMed,42654146,10.3390/pharmaceutics18081031,Moxifloxacin-Mediated Downregulation of Intestinal P-Glycoprotein Alters the Pharmacokinetics of Dabigatran Etexilate: Mechanistic Insights in Rats and PBPK Model-Informed Dose Optimization.,microbiome-inflammaging,microbiome-inflammaging__curated_recent_update_2026_08_end,intake_pending_curation,retired_from_active_candidate_pool,topic_capacity_limit,,2026-08-28,Git history and prior public-data snapshots
pubmed-42654194,PubMed,42654194,10.3390/nu18162614,The Effect of an Essential Amino Acid Supplement on Muscle Performance and Inflammation in an Animal Model of Overtraining.,resistance-training-muscle,resistance-training-muscle__curated_recent_update_2026_08_end,intake_pending_curation,retired_from_active_candidate_pool,topic_capacity_limit,,2026-08-28,Git history and prior public-data snapshots
pubmed-42654209,PubMed,42654209,10.3390/nu18162629,Association of Mediterranean Diet Adherence with Self-Reported Muscle-Related Functional Status and Fracture Probability in Postmenopausal Women Evaluated for Osteoporosis: A Cross-Sectional Study.,resistance-training-muscle,resistance-training-muscle__curated_recent_update_2026_08_end,intake_pending_curation,retired_from_active_candidate_pool,topic_capacity_limit,,2026-08-28,Git history and prior public-data snapshots
pubmed-42654212,PubMed,42654212,10.3390/nu18162632,Effects of a Multi-Component Nutraceutical (NUT2) on the Lipid Profile in Adults with Low-to-Moderate Cardiovascular Risk: A Randomized Placebo-Controlled Trial.,ldl-apob-cardiovascular-risk,ldl-apob-cardiovascular-risk__curated_recent_update_2026_08_end,intake_pending_curation,retired_from_active_candidate_pool,topic_capacity_limit,,2026-08-28,Git history and prior public-data snapshots
pubmed-42654223,PubMed,42654223,10.3390/nu18162643,Do Patients Receiving GLP-1 Receptor Agonists for Weight Loss Require Structured Dietetic Care? Lessons from Metabolic and Bariatric Surgery (MBS) Pathways.,glp1-weight-cardiometabolic,glp1-weight-cardiometabolic__curated_recent_update_2026_08_end,intake_pending_curation,retired_from_active_candidate_pool,topic_capacity_limit,,2026-08-28,Git history and prior public-data snapshots
pubmed-42654234,PubMed,42654234,10.3390/nu18162654,Beyond Weight Loss: Skeletal Muscle Health During Incretin-Based Therapy in Patients with Diabesity.,resistance-training-muscle,resistance-training-muscle__curated_recent_update_2026_08_end,intake_pending_curation,retired_from_active_candidate_pool,topic_capacity_limit,,2026-08-28,Git history and prior public-data snapshots
pubmed-42654256,PubMed,42654256,10.3390/nu18162676,Artificial Intelligence-Based Muscle Ultrasound: A Novel Approach to Nutritional Evaluation Beyond Quantity in Neurological Patients.,resistance-training-muscle,resistance-training-muscle__curated_recent_update_2026_08_end,intake_pending_curation,retired_from_active_candidate_pool,topic_capacity_limit,,2026-08-28,Git history and prior public-data snapshots
pubmed-42654264,PubMed,42654264,10.3390/nu18162684,Muscle Strength and Physical Performance in Relation to Dietary Intake Among Older Men and Women.,resistance-training-muscle,resistance-training-muscle__curated_recent_update_2026_08_end,intake_pending_curation,retired_from_active_candidate_pool,topic_capacity_limit,,2026-08-28,Git history and prior public-data snapshots
pubmed-42654291,PubMed,42654291,10.3390/nu18162711,"Beyond Bone Health: Exploring the ""Heart-Brain-Bone"" Axis Modulated by Lipid-Soluble Nutrients (Omega-3, Vitamin D3, and Vitamin K2).",microbiome-inflammaging,microbiome-inflammaging__curated_recent_update_2026_08_end,intake_pending_curation,retired_from_active_candidate_pool,topic_capacity_limit,,2026-08-28,Git history and prior public-data snapshots
pubmed-42654302,PubMed,42654302,10.3390/nu18162722,Dietary Intake as an Undermeasured Potential Mediator: The Ethical Case for Complete and Transparent Dietary Reporting in GLP-1 Receptor Agonist Trials.,glp1-weight-cardiometabolic,glp1-weight-cardiometabolic__curated_recent_update_2026_08_end,intake_pending_curation,retired_from_active_candidate_pool,topic_capacity_limit,,2026-08-28,Git history and prior public-data snapshots
pubmed-42654313,PubMed,42654313,10.3390/nu18162733,Prevalence of Sarcopenia and Its Association with Nutrition Risk in Community-Dwelling Older Adults with Subjective Cognitive Impairment or Living in Retirement Homes.,resistance-training-muscle,resistance-training-muscle__curated_recent_update_2026_08_end,intake_pending_curation,retired_from_active_candidate_pool,topic_capacity_limit,,2026-08-28,Git history and prior public-data snapshots
pubmed-42654433,PubMed,42654433,10.3390/medicina62081536,Is There a Better Day of the Week to Administer Semaglutide or Tirzepatide? A Systematic Literature Review.,glp1-weight-cardiometabolic,glp1-weight-cardiometabolic__curated_recent_update_2026_08_end,intake_pending_curation,retired_from_active_candidate_pool,topic_capacity_limit,,2026-08-28,Git history and prior public-data snapshots
pubmed-42654458,PubMed,42654458,10.3390/medicina62081561,Lipoprotein(a) and Hypertension-Mediated Organ Damage in Patients with Essential Hypertension: Associations with Carotid Plaque and Impaired Nocturnal Blood Pressure Dipping.,ldl-apob-cardiovascular-risk,ldl-apob-cardiovascular-risk__curated_recent_update_2026_08_end,intake_pending_curation,retired_from_active_candidate_pool,topic_capacity_limit,,2026-08-28,Git history and prior public-data snapshots
pubmed-42655421,PubMed,42655421,10.3390/s26165112,Toward Clinically Feasible Assessment of Muscle Mass: Validation of a Seated Bioelectrical Impedance Device Against Dual-Energy X-Ray Absorptiometry (DXA) in Older Adults.,resistance-training-muscle,resistance-training-muscle__curated_recent_update_2026_08_end,intake_pending_curation,retired_from_active_candidate_pool,topic_capacity_limit,,2026-08-28,Git history and prior public-data snapshots
pubmed-42655951,PubMed,42655951,10.1111/dme.70460,The impact of frailty on glycaemic control in older adults with type 1 diabetes: An observational study.,resistance-training-muscle,resistance-training-muscle__curated_recent_update_2026_08_end,intake_pending_curation,retired_from_active_candidate_pool,topic_capacity_limit,,2026-08-28,Git history and prior public-data snapshots
pubmed-42656022,PubMed,42656022,10.1002/ijgo.71328,The womb as the cradle of longevity: Perinatal origins of biological aging.,epigenetic-clocks,epigenetic-clocks__curated_recent_update_2026_08_end,intake_pending_curation,retired_from_active_candidate_pool,topic_capacity_limit,,2026-08-28,Git history and prior public-data snapshots
pubmed-42656071,PubMed,42656071,10.1097/WCO.0000000000001512,Recent advances in adult-onset disorders of muscle lipid metabolism.,physical-activity-healthspan,physical-activity-healthspan__curated_recent_update_2026_08_end,intake_pending_curation,retired_from_active_candidate_pool,topic_capacity_limit,,2026-08-28,Git history and prior public-data snapshots
pubmed-42656234,PubMed,42656234,10.3389/fneur.2026.1885303,Artificial intelligence-integrated multimodal retinal imaging for early detection and risk stratification of systemic vascular and neurodegenerative diseases.,epigenetic-clocks,epigenetic-clocks__curated_recent_update_2026_08_end,intake_pending_curation,retired_from_active_candidate_pool,topic_capacity_limit,,2026-08-28,Git history and prior public-data snapshots
pubmed-42656265,PubMed,42656265,10.3389/fendo.2026.1906385,"Association between sarcopenia and fall history in middle-aged and older adults: a multidimensional clinical analysis of nutritional status, bone health, and medication burden.",resistance-training-muscle,resistance-training-muscle__curated_recent_update_2026_08_end,intake_pending_curation,retired_from_active_candidate_pool,topic_capacity_limit,,2026-08-28,Git history and prior public-data snapshots
pubmed-42656389,PubMed,42656389,10.1016/j.lanwpc.2026.101934,"The impact and evolution of environmental/occupational, behavioural, and metabolic risk factors on CVD burdens in the Asia-Pacific region from 1990 to 2023: a secondary analysis of the Global Burden of Disease Study 2023.",blood-pressure-aging,blood-pressure-aging__curated_recent_update_2026_08_end,intake_pending_curation,retired_from_active_candidate_pool,topic_capacity_limit,,2026-08-28,Git history and prior public-data snapshots
pubmed-42656448,PubMed,42656448,10.3389/fcimb.2026.1916422,A case series study of fever-diarrhea-hematochezia triad as the first presentation in plasma EBV DNA-positive diseases.,ldl-apob-cardiovascular-risk,ldl-apob-cardiovascular-risk__curated_recent_update_2026_08_end,intake_pending_curation,retired_from_active_candidate_pool,topic_capacity_limit,,2026-08-28,Git history and prior public-data snapshots
pubmed-42656532,PubMed,42656532,10.3389/fimmu.2026.1920764,Chronic TLR7 activation promotes expansion of activated CD11c(+) double-negative B cells and autoreactive humoral responses in lupus-like autoimmunity.,microbiome-inflammaging,microbiome-inflammaging__curated_recent_update_2026_08_end,intake_pending_curation,retired_from_active_candidate_pool,topic_capacity_limit,,2026-08-28,Git history and prior public-data snapshots
pubmed-42656588,PubMed,42656588,10.1210/jendso/bvag190,Glycemia-based predictors of T2D development in adults with obesity and prediabetes: SURMOUNT-1 post hoc analysis.,glp1-weight-cardiometabolic,glp1-weight-cardiometabolic__curated_recent_update_2026_08_end,intake_pending_curation,retired_from_active_candidate_pool,topic_capacity_limit,,2026-08-28,Git history and prior public-data snapshots
pubmed-42656613,PubMed,42656613,10.3389/fnagi.2026.1891571,Non-invasive brain stimulation on functional capacity in prefrail older adults: a protocol for a randomised clinical trial.,resistance-training-muscle,resistance-training-muscle__curated_recent_update_2026_08_end,intake_pending_curation,retired_from_active_candidate_pool,topic_capacity_limit,,2026-08-28,Git history and prior public-data snapshots
pubmed-42656624,PubMed,42656624,10.1016/j.ijnsa.2026.100655,Social frailty and related social vulnerabilities among older adults in the Philippines: A narrative review.,resistance-training-muscle,resistance-training-muscle__curated_recent_update_2026_08_end,intake_pending_curation,retired_from_active_candidate_pool,topic_capacity_limit,,2026-08-28,Git history and prior public-data snapshots
pubmed-42656659,PubMed,42656659,10.3389/fsurg.2026.1855285,Prognostic value of preoperative sarcopenia and inflammatory markers in patients undergoing pancreaticoduodenectomy.,resistance-training-muscle,resistance-training-muscle__curated_recent_update_2026_08_end,intake_pending_curation,retired_from_active_candidate_pool,topic_capacity_limit,,2026-08-28,Git history and prior public-data snapshots
pubmed-42656687,PubMed,42656687,10.3389/fcvm.2026.1901995,"Early evolocumab improves lipid profile, inflammation and short-term outcomes in non-revascularized CHIP-NSTEACS patients: a retrospective cohort study.",ldl-apob-cardiovascular-risk,ldl-apob-cardiovascular-risk__curated_recent_update_2026_08_end,intake_pending_curation,retired_from_active_candidate_pool,topic_capacity_limit,,2026-08-28,Git history and prior public-data snapshots
pubmed-42656750,PubMed,42656750,10.3389/fimmu.2026.1903190,"Molecular basis of coronary artery disease-malignancy comorbidity: inflammation, immunometabolism, thrombosis, and cardio-oncology translation.",microbiome-inflammaging,microbiome-inflammaging__curated_recent_update_2026_08_end,intake_pending_curation,retired_from_active_candidate_pool,topic_capacity_limit,,2026-08-28,Git history and prior public-data snapshots
pubmed-42656906,PubMed,42656906,10.1002/hsr2.72851,Association Between Opium Consumption and Lipid Profile: A Systematic Review and Meta-Analysis of Observational Studies.,ldl-apob-cardiovascular-risk,ldl-apob-cardiovascular-risk__curated_recent_update_2026_08_end,intake_pending_curation,retired_from_active_candidate_pool,topic_capacity_limit,,2026-08-28,Git history and prior public-data snapshots
pubmed-42657038,PubMed,42657038,10.2147/JMDH.S619903,Impact of Traditional Korean Medicine on Reducing Polypharmacy and Potentially Inappropriate Medications in Elderly Stroke Patients: A Retrospective Cohort Study.,blood-pressure-aging,blood-pressure-aging__curated_recent_update_2026_08_end,intake_pending_curation,retired_from_active_candidate_pool,topic_capacity_limit,,2026-08-28,Git history and prior public-data snapshots
pubmed-42657148,PubMed,42657148,10.2147/IMCRJ.S607930,Complete Neurological Recovery Following Combined Anterior-Posterior Cervical Corpectomy and Circumferential Stabilization for Severe Cervical Tuberculosis with Grade IV C3-C4 Spondylolisthesis: A Rare Case Report from Somalia.,resistance-training-muscle,resistance-training-muscle__curated_recent_update_2026_08_end,intake_pending_curation,retired_from_active_candidate_pool,topic_capacity_limit,,2026-08-28,Git history and prior public-data snapshots
pubmed-42657207,PubMed,42657207,10.2147/IJWH.S621813,Effect of High Intensity Sweeteners on the Reproductive System: From the Onset of Puberty to Menstrual Health: A Comprehensive Review of Human and Animal Evidence.,microbiome-inflammaging,microbiome-inflammaging__curated_recent_update_2026_08_end,intake_pending_curation,retired_from_active_candidate_pool,topic_capacity_limit,,2026-08-28,Git history and prior public-data snapshots
pubmed-42657484,PubMed,42657484,10.1161/HYPERTENSIONAHA.126.27749,TSP-1 Endothelial Signaling Impairs Brain Angiogenesis in Preeclampsia.,blood-pressure-aging,blood-pressure-aging__curated_recent_update_2026_08_end,intake_pending_curation,retired_from_active_candidate_pool,topic_capacity_limit,,2026-08-28,Git history and prior public-data snapshots
pubmed-42657743,PubMed,42657743,10.1093/eurjpc/zwag429,Low cardiovascular risk in early midlife and quality of life in old age: a life-long follow-up study in men.,resistance-training-muscle,resistance-training-muscle__curated_recent_update_2026_08_end,intake_pending_curation,retired_from_active_candidate_pool,topic_capacity_limit,,2026-08-28,Git history and prior public-data snapshots
pubmed-42657752,PubMed,42657752,10.1161/JAHA.125.047844,AMERICCAASS Registry: A Contemporary View of Heart Failure in the Americas.,physical-activity-healthspan,physical-activity-healthspan__curated_recent_update_2026_08_end,intake_pending_curation,retired_from_active_candidate_pool,topic_capacity_limit,,2026-08-28,Git history and prior public-data snapshots
pubmed-42657770,PubMed,42657770,10.1210/clinem/dgag350,Effects of Semaglutide versus Bariatric Surgery on Noninvasive Markers of Hepatic Steatosis and Fibrosis in Obesity with MASLD.,glp1-weight-cardiometabolic,glp1-weight-cardiometabolic__curated_recent_update_2026_08_end,intake_pending_curation,retired_from_active_candidate_pool,topic_capacity_limit,,2026-08-28,Git history and prior public-data snapshots
pubmed-42657783,PubMed,42657783,10.7554/eLife.105314,A whole-animal phenotypic drug screen identifies suppressors of atherogenic lipoproteins.,ldl-apob-cardiovascular-risk,ldl-apob-cardiovascular-risk__curated_recent_update_2026_08_end,intake_pending_curation,retired_from_active_candidate_pool,topic_capacity_limit,,2026-08-28,Git history and prior public-data snapshots
pubmed-42657993,PubMed,42657993,10.23938/ASSN.1176,Non-pharmacological interventions and quality of life in female survivors of hormone receptor-positive breast cancer receiving adjuvant endocrine therapy: A systematic review.,physical-activity-healthspan,physical-activity-healthspan__curated_recent_update_2026_08_end,intake_pending_curation,retired_from_active_candidate_pool,topic_capacity_limit,,2026-08-28,Git history and prior public-data snapshots
pubmed-42658092,PubMed,42658092,10.1097/JTN.0000000000000939,Frailty Assessment Practices Among Members of the Society of Trauma Nurses: An Exploratory Survey.,resistance-training-muscle,resistance-training-muscle__curated_recent_update_2026_08_end,intake_pending_curation,retired_from_active_candidate_pool,topic_capacity_limit,,2026-08-28,Git history and prior public-data snapshots
pubmed-42658308,PubMed,42658308,10.1007/s10522-026-10469-2,Lifelong dietary interventions selectively reverse age-associated circulating microRNA upregulation in a time-dependent manner in female MMTV-TGF-α mice.,caloric-restriction-human,caloric-restriction-human__curated_recent_update_2026_08_end,intake_pending_curation,retired_from_active_candidate_pool,topic_capacity_limit,,2026-08-28,Git history and prior public-data snapshots
pubmed-42658638,PubMed,42658638,10.1037/hea0001631,"Social isolation, loneliness, and biological aging acceleration.",epigenetic-clocks,epigenetic-clocks__curated_recent_update_2026_08_end,intake_pending_curation,retired_from_active_candidate_pool,topic_capacity_limit,,2026-08-28,Git history and prior public-data snapshots
pubmed-42658689,PubMed,42658689,10.1080/17483107.2026.2719268,Assistive technology for independent community living: a scoping review of needs and solutions related to physical impairments.,resistance-training-muscle,resistance-training-muscle__curated_recent_update_2026_08_end,intake_pending_curation,retired_from_active_candidate_pool,topic_capacity_limit,,2026-08-28,Git history and prior public-data snapshots
pubmed-42658749,PubMed,42658749,10.1159/ocl/aebag001,Redefining Fitness in Chronic Lymphocytic Leukemia: A Treatment-Specific Framework forthe Targeted Therapy Era.,resistance-training-muscle,resistance-training-muscle__curated_recent_update_2026_08_end,intake_pending_curation,retired_from_active_candidate_pool,topic_capacity_limit,,2026-08-28,Git history and prior public-data snapshots
pubmed-42658819,PubMed,42658819,10.1371/journal.pmen.0000693,"Depressive symptoms and association with prevalent cardiovascular disease: A cross-sectional analysis in Port-au-Prince, Haiti.",physical-activity-healthspan,physical-activity-healthspan__curated_recent_update_2026_08_end,intake_pending_curation,retired_from_active_candidate_pool,topic_capacity_limit,,2026-08-28,Git history and prior public-data snapshots
pubmed-42658904,PubMed,42658904,10.2106/JBJS.25.01269,Distal Radial Fracture as an Early Marker of Bone Fragility: A Population-Based Study in Japan.,resistance-training-muscle,resistance-training-muscle__curated_recent_update_2026_08_end,intake_pending_curation,retired_from_active_candidate_pool,topic_capacity_limit,,2026-08-28,Git history and prior public-data snapshots
pubmed-42658951,PubMed,42658951,10.1126/science.aeh4348,Beyond wrinkles.,microbiome-inflammaging,microbiome-inflammaging__curated_recent_update_2026_08_end,intake_pending_curation,retired_from_active_candidate_pool,topic_capacity_limit,,2026-08-28,Git history and prior public-data snapshots
pubmed-7503477,PubMed,7503477,10.7326/0003-4819-124-1_part_1-199601010-00008,Impaired exercise tolerance in hypertensive patients.,cardiorespiratory-fitness,cardiorespiratory-fitness__high_weight_journal,active_candidate_needs_review,retired_from_active_candidate_pool,topic_capacity_limit,,2026-08-28,Git history and prior public-data snapshots
pubmed-8521879,PubMed,8521879,10.1093/eurheartj/16.suppl_f.16,Digitalis--friend or foe?,cardiorespiratory-fitness,cardiorespiratory-fitness__high_weight_journal,active_candidate_needs_review,retired_from_active_candidate_pool,topic_capacity_limit,,2026-08-28,Git history and prior public-data snapshots
