candidate_id,source,pmid,doi,title_en,topic_id,previous_query,previous_status,decision,reason,duplicate_of,retired_date,recovery_source
pubmed-11184113,PubMed,11184113,10.4278/0890-1171-15.1.1,"Sedentary habits, health, and function in older women and men.",cardiorespiratory-fitness,cardiorespiratory-fitness__recent_review_trial,active_candidate_needs_review,retired_from_active_candidate_pool,topic_capacity_limit,,2026-09-21,Git history and prior public-data snapshots
pubmed-11213870,PubMed,11213870,10.2337/diacare.24.2.228,Beneficial effects of a soy-based dietary supplement on lipid levels and cardiovascular risk markers in type 2 diabetic subjects.,ldl-apob-cardiovascular-risk,ldl-apob-cardiovascular-risk__high_design,active_candidate_needs_review,retired_from_active_candidate_pool,topic_capacity_limit,,2026-09-21,Git history and prior public-data snapshots
pubmed-12819249,PubMed,12819249,10.1097/01.asn.0000071515.27754.67,Improved cardiovascular risk profile and renal function in renal transplant patients after randomized conversion from cyclosporine to tacrolimus.,ldl-apob-cardiovascular-risk,ldl-apob-cardiovascular-risk__high_design,active_candidate_needs_review,retired_from_active_candidate_pool,topic_capacity_limit,,2026-09-21,Git history and prior public-data snapshots
pubmed-12819963,PubMed,12819963,10.1007/s00431-003-1257-0,Lipoprotein(a) and cardiovascular risk factors in a cohort of 6-year-old children. The Rivas-Vaciamadrid Study.,ldl-apob-cardiovascular-risk,ldl-apob-cardiovascular-risk__high_design,active_candidate_needs_review,retired_from_active_candidate_pool,topic_capacity_limit,,2026-09-21,Git history and prior public-data snapshots
pubmed-14970839,PubMed,14970839,10.1038/sj.ijo.0802577,Polyphenolics and fat absorption.,ldl-apob-cardiovascular-risk,ldl-apob-cardiovascular-risk__high_design,active_candidate_needs_review,retired_from_active_candidate_pool,topic_capacity_limit,,2026-09-21,Git history and prior public-data snapshots
pubmed-15047679,PubMed,15047679,10.1080/07315724.2004.10719353,Effect of low and high fat diets on nutrient intakes and selected cardiovascular risk factors in sedentary men and women.,ldl-apob-cardiovascular-risk,ldl-apob-cardiovascular-risk__high_design,active_candidate_needs_review,retired_from_active_candidate_pool,topic_capacity_limit,,2026-09-21,Git history and prior public-data snapshots
pubmed-15211365,PubMed,15211365,10.1038/sj.ijo.0802713,"Association between C-reactive protein, metabolic cardiovascular risk factors, obesity and oral contraceptive use in young adults.",ldl-apob-cardiovascular-risk,ldl-apob-cardiovascular-risk__high_design,active_candidate_needs_review,retired_from_active_candidate_pool,topic_capacity_limit,,2026-09-21,Git history and prior public-data snapshots
pubmed-15673344,PubMed,15673344,10.1111/j.1532-5415.2005.53106.x,Relationship between plasma lipids and all-cause mortality in nondemented elderly.,ldl-apob-cardiovascular-risk,ldl-apob-cardiovascular-risk__high_design,active_candidate_needs_review,retired_from_active_candidate_pool,topic_capacity_limit,,2026-09-21,Git history and prior public-data snapshots
pubmed-28315697,PubMed,28315697,10.1016/j.mad.2017.03.005,The role of the TOR pathway in mediating the link between nutrition and longevity.,metformin-aging,metformin-aging__recent_review_trial,active_candidate_needs_review,retired_from_active_candidate_pool,topic_capacity_limit,,2026-09-21,Git history and prior public-data snapshots
pubmed-28544158,PubMed,28544158,10.1111/acel.12601,Molecular and physiological manifestations and measurement of aging in humans.,metformin-aging,metformin-aging__high_weight_journal,active_candidate_needs_review,retired_from_active_candidate_pool,topic_capacity_limit,,2026-09-21,Git history and prior public-data snapshots
pubmed-28947430,PubMed,28947430,10.1161/CIRCULATIONAHA.117.028728,SIRT2 Acts as a Cardioprotective Deacetylase in Pathological Cardiac Hypertrophy.,metformin-aging,metformin-aging__high_weight_journal,active_candidate_needs_review,retired_from_active_candidate_pool,topic_capacity_limit,,2026-09-21,Git history and prior public-data snapshots
pubmed-30725910,PubMed,30725910,,Amitriptyline.,sleep-aging,sleep-aging__curated_recent_update_2026_09_late,intake_pending_curation,retired_from_active_candidate_pool,topic_capacity_limit,,2026-09-21,Git history and prior public-data snapshots
pubmed-30969530,PubMed,30969530,,Sudden Death in Athletes.,physical-activity-healthspan,physical-activity-healthspan__curated_recent_update_2026_09_late,intake_pending_curation,retired_from_active_candidate_pool,topic_capacity_limit,,2026-09-21,Git history and prior public-data snapshots
pubmed-32369550,PubMed,32369550,10.1042/BST20190109,Functional heterogeneity in senescence.,senolytics,senolytics__recent_review_trial,active_candidate_needs_review,retired_from_active_candidate_pool,topic_capacity_limit,,2026-09-21,Git history and prior public-data snapshots
pubmed-32386656,PubMed,32386656,10.1016/j.jaci.2020.03.016,Can blocking inflammation enhance immunity during aging?,senolytics,senolytics__recent_review_trial,active_candidate_needs_review,retired_from_active_candidate_pool,topic_capacity_limit,,2026-09-21,Git history and prior public-data snapshots
pubmed-32541838,PubMed,32541838,10.1038/s41388-020-1354-9,Senescence as a therapeutically relevant response to CDK4/6 inhibitors.,senolytics,senolytics__recent_review_trial,active_candidate_needs_review,retired_from_active_candidate_pool,topic_capacity_limit,,2026-09-21,Git history and prior public-data snapshots
pubmed-32752135,PubMed,32752135,10.3390/cancers12082134,Senescence and Cancer: A Review of Clinical Implications of Senescence and Senotherapies.,senolytics,senolytics__recent_review_trial,active_candidate_needs_review,retired_from_active_candidate_pool,topic_capacity_limit,,2026-09-21,Git history and prior public-data snapshots
pubmed-33534782,PubMed,33534782,10.12659/MSM.928937,"U-Shaped Relationship Between Cardiovascular Mortality and Serum Uric Acid May Be Attributed to Stroke- and Heart-Specific Mortality, Respectively, Among Hypertensive Patients: A Nationally Representative Cohort Study.",blood-pressure-aging,blood-pressure-aging__high_design,active_candidate_needs_review,retired_from_active_candidate_pool,topic_capacity_limit,,2026-09-21,Git history and prior public-data snapshots
pubmed-33714797,PubMed,33714797,10.1016/j.clineuro.2021.106564,Risk factors among stroke subtypes and its impact on the clinical outcome of patients of Northern Portugal under previous aspirin therapy.,blood-pressure-aging,blood-pressure-aging__high_design,active_candidate_needs_review,retired_from_active_candidate_pool,topic_capacity_limit,,2026-09-21,Git history and prior public-data snapshots
pubmed-34128952,PubMed,34128952,10.5830/CVJA-2021-016,"The spectrum, prevalence and in-hospital outcomes of cardiovascular diseases in a South African district hospital: a retrospective study.",blood-pressure-aging,blood-pressure-aging__high_design,active_candidate_needs_review,retired_from_active_candidate_pool,topic_capacity_limit,,2026-09-21,Git history and prior public-data snapshots
pubmed-34237081,PubMed,34237081,10.1371/journal.pone.0253856,Prevalence and incidence of possible vascular dementia among Mexican older adults: Analysis of the Mexican Health and Aging Study.,blood-pressure-aging,blood-pressure-aging__high_design,active_candidate_needs_review,retired_from_active_candidate_pool,topic_capacity_limit,,2026-09-21,Git history and prior public-data snapshots
pubmed-34238444,PubMed,34238444,10.1016/j.amjcard.2021.05.015,"Coronary Revascularization in the Past Two Decades in Japan (From the CREDO-Kyoto PCI/CABG Registries Cohort-1, -2, and -3).",blood-pressure-aging,blood-pressure-aging__high_design,active_candidate_needs_review,retired_from_active_candidate_pool,topic_capacity_limit,,2026-09-21,Git history and prior public-data snapshots
pubmed-34283210,PubMed,34283210,10.1167/iovs.62.9.28,Hypertensive Retinopathy and the Risk of Stroke Among Hypertensive Adults in China.,blood-pressure-aging,blood-pressure-aging__high_design,active_candidate_needs_review,retired_from_active_candidate_pool,topic_capacity_limit,,2026-09-21,Git history and prior public-data snapshots
pubmed-35014565,PubMed,35014565,10.1177/17474930211070682,Vascular risk factors and stroke risk across the life span: A population-representative study of half a million people.,blood-pressure-aging,blood-pressure-aging__high_design,active_candidate_needs_review,retired_from_active_candidate_pool,topic_capacity_limit,,2026-09-21,Git history and prior public-data snapshots
pubmed-35081540,PubMed,35081540,10.1159/000521547,Cardiometabolic and Vascular Disease Factors and Mild Cognitive Impairment and Dementia.,blood-pressure-aging,blood-pressure-aging__high_design,active_candidate_needs_review,retired_from_active_candidate_pool,topic_capacity_limit,,2026-09-21,Git history and prior public-data snapshots
pubmed-35138681,PubMed,35138681,10.1111/joim.13467,Ambient air pollution and cardiovascular diseases: An umbrella review of systematic reviews and meta-analyses.,blood-pressure-aging,blood-pressure-aging__high_design,active_candidate_needs_review,retired_from_active_candidate_pool,topic_capacity_limit,,2026-09-21,Git history and prior public-data snapshots
pubmed-36093703,PubMed,36093703,10.3233/JAD-220548,Associations Between Vascular Diseases and Alzheimer's Disease or Related Dementias in a Large Cohort of Men and Women with Colorectal Cancer.,blood-pressure-aging,blood-pressure-aging__high_design,active_candidate_needs_review,retired_from_active_candidate_pool,topic_capacity_limit,,2026-09-21,Git history and prior public-data snapshots
pubmed-36251836,PubMed,36251836,,Tirzepatide.,glp1-weight-cardiometabolic,glp1-weight-cardiometabolic__curated_recent_update_2026_09_late,intake_pending_curation,retired_from_active_candidate_pool,topic_capacity_limit,,2026-09-21,Git history and prior public-data snapshots
pubmed-36622660,PubMed,36622660,10.1001/jamainternmed.2022.6117,Healthy Eating Patterns and Risk of Total and Cause-Specific Mortality.,dietary-pattern-longevity,dietary-pattern-longevity__high_weight_journal,active_candidate_needs_review,retired_from_active_candidate_pool,topic_capacity_limit,,2026-09-21,Git history and prior public-data snapshots
pubmed-36633311,PubMed,36633311,10.1097/HJH.0000000000003368,Benefit of treatment based on indapamide mostly combined with perindopril on mortality and cardiovascular outcomes: a pooled analysis of four trials.,blood-pressure-aging,blood-pressure-aging__high_design,active_candidate_needs_review,retired_from_active_candidate_pool,topic_capacity_limit,,2026-09-21,Git history and prior public-data snapshots
pubmed-36946446,PubMed,36946446,10.14283/jpad.2023.8,A Large Retrospective Cohort Study on the Risk of Alzheimer's Disease and Related Dementias in Association with Vascular Diseases and Cancer Therapy in Men with Prostate Cancer.,blood-pressure-aging,blood-pressure-aging__high_design,active_candidate_needs_review,retired_from_active_candidate_pool,topic_capacity_limit,,2026-09-21,Git history and prior public-data snapshots
pubmed-37076174,PubMed,37076174,10.1136/bmj-2022-073406,Beverage consumption and mortality among adults with type 2 diabetes: prospective cohort study.,dietary-pattern-longevity,dietary-pattern-longevity__high_weight_journal,active_candidate_needs_review,retired_from_active_candidate_pool,topic_capacity_limit,,2026-09-21,Git history and prior public-data snapshots
pubmed-37439885,PubMed,37439885,10.1007/s10522-023-10041-2,Measuring healthy ageing: current and future tools.,epigenetic-clocks,epigenetic-clocks__recent_review_trial,active_candidate_needs_review,retired_from_active_candidate_pool,topic_capacity_limit,,2026-09-21,Git history and prior public-data snapshots
pubmed-37500973,PubMed,37500973,10.1038/s43587-023-00451-9,Multi-omic rejuvenation and life span extension on exposure to youthful circulation.,epigenetic-clocks,epigenetic-clocks__high_weight_journal,active_candidate_needs_review,retired_from_active_candidate_pool,topic_capacity_limit,,2026-09-21,Git history and prior public-data snapshots
pubmed-37501048,PubMed,37501048,10.1007/s11357-023-00880-9,Systemic inflammation and biological aging in the Health and Retirement Study.,epigenetic-clocks,epigenetic-clocks__high_weight_journal,active_candidate_needs_review,retired_from_active_candidate_pool,topic_capacity_limit,,2026-09-21,Git history and prior public-data snapshots
pubmed-37565451,PubMed,37565451,10.1111/acel.13952,The secretome atlas of two mouse models of progeria.,epigenetic-clocks,epigenetic-clocks__high_weight_journal,active_candidate_needs_review,retired_from_active_candidate_pool,topic_capacity_limit,,2026-09-21,Git history and prior public-data snapshots
pubmed-37594403,PubMed,37594403,10.1111/acel.13964,Bloom syndrome patients and mice display accelerated epigenetic aging.,epigenetic-clocks,epigenetic-clocks__high_weight_journal,active_candidate_needs_review,retired_from_active_candidate_pool,topic_capacity_limit,,2026-09-21,Git history and prior public-data snapshots
pubmed-37657418,PubMed,37657418,10.1016/j.cell.2023.08.003,Biomarkers of aging for the identification and evaluation of longevity interventions.,epigenetic-clocks,epigenetic-clocks__high_weight_journal,active_candidate_needs_review,retired_from_active_candidate_pool,topic_capacity_limit,,2026-09-21,Git history and prior public-data snapshots
pubmed-37688657,PubMed,37688657,10.1007/s11357-023-00913-3,Exposome and unhealthy aging: environmental drivers from air pollution to occupational exposures.,epigenetic-clocks,epigenetic-clocks__high_weight_journal,active_candidate_needs_review,retired_from_active_candidate_pool,topic_capacity_limit,,2026-09-21,Git history and prior public-data snapshots
pubmed-37689801,PubMed,37689801,10.1038/s41598-023-42071-8,Association between cardiovascular diseases and dementia among various age groups: a population-based cohort study in older adults.,blood-pressure-aging,blood-pressure-aging__high_design,active_candidate_needs_review,retired_from_active_candidate_pool,topic_capacity_limit,,2026-09-21,Git history and prior public-data snapshots
pubmed-37952131,PubMed,37952131,10.1056/NEJMoa2307563,Semaglutide and Cardiovascular Outcomes in Obesity without Diabetes.,glp1-weight-cardiometabolic,glp1-weight-cardiometabolic__high_weight_journal,active_candidate_needs_review,retired_from_active_candidate_pool,topic_capacity_limit,,2026-09-21,Git history and prior public-data snapshots
pubmed-37993201,PubMed,37993201,10.1016/j.jacc.2023.09.811,Semaglutide in Patients With Obesity and Heart Failure Across Mildly Reduced or Preserved Ejection Fraction.,glp1-weight-cardiometabolic,glp1-weight-cardiometabolic__high_weight_journal,active_candidate_needs_review,retired_from_active_candidate_pool,topic_capacity_limit,,2026-09-21,Git history and prior public-data snapshots
pubmed-38691368,PubMed,38691368,10.1001/jama.2024.6542,The Women's Health Initiative Randomized Trials and Clinical Practice: A Review.,dietary-pattern-longevity,dietary-pattern-longevity__high_weight_journal,active_candidate_needs_review,retired_from_active_candidate_pool,topic_capacity_limit,,2026-09-21,Git history and prior public-data snapshots
pubmed-39083786,PubMed,39083786,10.1056/NEJMc2406736,Guidance on Energy and Macronutrients across the Life Span. Reply.,dietary-pattern-longevity,dietary-pattern-longevity__high_weight_journal,active_candidate_needs_review,retired_from_active_candidate_pool,topic_capacity_limit,,2026-09-21,Git history and prior public-data snapshots
pubmed-39775037,PubMed,39775037,10.1038/s41591-024-03375-y,"Effects of early, late and self-selected time-restricted eating on visceral adipose tissue and cardiometabolic health in participants with overweight or obesity: a randomized controlled trial.",dietary-pattern-longevity,dietary-pattern-longevity__high_weight_journal,active_candidate_needs_review,retired_from_active_candidate_pool,topic_capacity_limit,,2026-09-21,Git history and prior public-data snapshots
pubmed-40640082,PubMed,40640082,10.1097/CM9.0000000000003648,Perioperative dexmedetomidine reduces the risk of postoperative complications in high-risk patients undergoing non-cardiac surgery: A randomized controlled trial.,sleep-aging,sleep-aging__curated_recent_update_2026_09_late,intake_pending_curation,retired_from_active_candidate_pool,topic_capacity_limit,,2026-09-21,Git history and prior public-data snapshots
pubmed-40795029,PubMed,40795029,10.1093/eurjpc/zwaf441,Prospective associations of daily step count and stepping intensity with overall and type-specific major adverse cardiovascular events in people with hypertension.,physical-activity-healthspan,physical-activity-healthspan__recent_update_2026_09_mid,active_candidate_needs_review,retired_from_active_candidate_pool,topic_capacity_limit,,2026-09-21,Git history and prior public-data snapshots
pubmed-40916738,PubMed,40916738,10.1093/eurjpc/zwaf578,Physical activity and mortality: towards healthspan-oriented metrics and outcomes. A Scientific Statement from the European Association of Preventive Cardiology (EAPC) of the ESC.,physical-activity-healthspan,physical-activity-healthspan__recent_update_2026_09_mid,active_candidate_needs_review,retired_from_active_candidate_pool,topic_capacity_limit,,2026-09-21,Git history and prior public-data snapshots
pubmed-41043795,PubMed,41043795,10.1016/j.exger.2025.112913,Mitochondrial dysfunction drives cellular senescence: Molecular mechanisms of inter-organelle communication.,autophagy-mitophagy,autophagy-mitophagy__recent_review_trial,active_candidate_needs_review,retired_from_active_candidate_pool,topic_capacity_limit,,2026-09-21,Git history and prior public-data snapshots
pubmed-41057029,PubMed,41057029,10.1123/japa.2025-0074,A Comparison of Cardiopulmonary Exercise Testing and Shuttle Walk Test in Older Adults With Amnestic Mild Cognitive Impairment.,physical-activity-healthspan,physical-activity-healthspan__curated_recent_update_2026_08,active_candidate_needs_review,retired_from_active_candidate_pool,topic_capacity_limit,,2026-09-21,Git history and prior public-data snapshots
pubmed-41057652,PubMed,41057652,10.1038/s41556-025-01765-z,Translational regulation in stress biology.,autophagy-mitophagy,autophagy-mitophagy__recent_review_trial,active_candidate_needs_review,retired_from_active_candidate_pool,topic_capacity_limit,,2026-09-21,Git history and prior public-data snapshots
pubmed-41078084,PubMed,41078084,10.1111/acel.70256,The Aging Landscape by scRNAseq of Mesenchymal Lineage Cells in Mouse Bone.,autophagy-mitophagy,autophagy-mitophagy__high_weight_journal,active_candidate_needs_review,retired_from_active_candidate_pool,topic_capacity_limit,,2026-09-21,Git history and prior public-data snapshots
pubmed-41117626,PubMed,41117626,10.1097/CEJ.0000000000000989,The molecular mechanisms of exercise in cancer prevention and management.,physical-activity-healthspan,physical-activity-healthspan__recent_update_2026_09_mid,active_candidate_needs_review,retired_from_active_candidate_pool,topic_capacity_limit,,2026-09-21,Git history and prior public-data snapshots
pubmed-41138161,PubMed,41138161,10.1177/07334648251391867,Sedentary Behaviors and Functional Disability Among Chinese Older Adults (2008-2018): Evidence Including Mahjong.,physical-activity-healthspan,physical-activity-healthspan__recent_update_2026_09_mid,active_candidate_needs_review,retired_from_active_candidate_pool,topic_capacity_limit,,2026-09-21,Git history and prior public-data snapshots
pubmed-41156656,PubMed,41156656,10.3390/pathogens14101045,"Mitochondrial Dysfunction in Aging, HIV, and Long COVID: Mechanisms and Therapeutic Opportunities.",autophagy-mitophagy,autophagy-mitophagy__recent_review_trial,active_candidate_needs_review,retired_from_active_candidate_pool,topic_capacity_limit,,2026-09-21,Git history and prior public-data snapshots
pubmed-41191778,PubMed,41191778,10.1126/scitranslmed.adu6015,The m(6)A demethylase FTO links TLR7 to mitochondrial oxidation driving age-associated B cell formation in systemic lupus erythematosus.,autophagy-mitophagy,autophagy-mitophagy__high_weight_journal,active_candidate_needs_review,retired_from_active_candidate_pool,topic_capacity_limit,,2026-09-21,Git history and prior public-data snapshots
pubmed-41218009,PubMed,41218009,10.1177/02601060251394687,"Physical activity and fruit and vegetable intake in people with severe mental illness: Results from a multicountry survey in India, Bangladesh, and Pakistan.",physical-activity-healthspan,physical-activity-healthspan__recent_update_2026_09_mid,active_candidate_needs_review,retired_from_active_candidate_pool,topic_capacity_limit,,2026-09-21,Git history and prior public-data snapshots
pubmed-41270883,PubMed,41270883,10.1016/j.biochi.2025.11.004,Exercise-driven changes in tryptophan metabolism leading to healthy aging.,physical-activity-healthspan,physical-activity-healthspan__recent_update_2026_09_mid,active_candidate_needs_review,retired_from_active_candidate_pool,topic_capacity_limit,,2026-09-21,Git history and prior public-data snapshots
pubmed-41285310,PubMed,41285310,10.1016/j.jare.2025.11.047,Exploring the role of β2-microglobulin in the relationship between physical activity and DNAm-predicted PhenoAge: Evidence from a population-based and mice single-cell RNA-sequencing study.,physical-activity-healthspan,physical-activity-healthspan__curated_recent_update_2026_08,active_candidate_needs_review,retired_from_active_candidate_pool,topic_capacity_limit,,2026-09-21,Git history and prior public-data snapshots
pubmed-41303566,PubMed,41303566,10.3390/ijms262211084,Mitochondrial Quality Control and Cell Death.,autophagy-mitophagy,autophagy-mitophagy__recent_review_trial,active_candidate_needs_review,retired_from_active_candidate_pool,topic_capacity_limit,,2026-09-21,Git history and prior public-data snapshots
pubmed-41494820,PubMed,41494820,10.1136/archdischild-2025-329747,Ethical considerations for semaglutide use in children.,glp1-weight-cardiometabolic,glp1-weight-cardiometabolic__curated_recent_update_2026_09_late,intake_pending_curation,retired_from_active_candidate_pool,topic_capacity_limit,,2026-09-21,Git history and prior public-data snapshots
pubmed-41526552,PubMed,41526552,10.1007/s10522-025-10380-2,FOXO: a key target in regulating aging and age-related diseases.,autophagy-mitophagy,autophagy-mitophagy__recent_review_trial,active_candidate_needs_review,retired_from_active_candidate_pool,topic_capacity_limit,,2026-09-21,Git history and prior public-data snapshots
pubmed-41610147,PubMed,41610147,10.1093/asj/sjag026,Evaluating the Use of 5-Factor Modified Frailty Index to Predict Wound-Healing Complications in Reduction Mammoplasty.,resistance-training-muscle,resistance-training-muscle__curated_recent_update_2026_09_late,intake_pending_curation,retired_from_active_candidate_pool,topic_capacity_limit,,2026-09-21,Git history and prior public-data snapshots
pubmed-41621779,PubMed,41621779,10.1016/j.jmb.2026.169667,"VarXOmics: A Versatile Web Server for Genomic Data Querying, Analysis, and Variant Prioritization With Multi-omics Insights.",microbiome-inflammaging,microbiome-inflammaging__curated_recent_update_2026_09_late,intake_pending_curation,retired_from_active_candidate_pool,topic_capacity_limit,,2026-09-21,Git history and prior public-data snapshots
pubmed-41628782,PubMed,41628782,10.1016/j.arr.2026.103042,"Aging and neuropathic pain: Mitochondria-to-glia cascade, system mechanisms, and therapeutic strategies.",autophagy-mitophagy,autophagy-mitophagy__recent_review_trial,active_candidate_needs_review,retired_from_active_candidate_pool,topic_capacity_limit,,2026-09-21,Git history and prior public-data snapshots
pubmed-41672527,PubMed,41672527,10.2169/internalmedicine.6577-25,Neutrophil-to-lymphocyte Ratio as a Prognostic Indicator in Patients with Nursing and Healthcare-associated Pneumonia: A Retrospective Study.,blood-pressure-aging,blood-pressure-aging__curated_recent_update_2026_09_late,intake_pending_curation,retired_from_active_candidate_pool,topic_capacity_limit,,2026-09-21,Git history and prior public-data snapshots
pubmed-41771068,PubMed,41771068,10.1093/ejhf/xuaf016,"Rationale and design of a randomized, sham-controlled, clinical trial for evaluation of the Edwards APTURE transcatheter shunt system (ALT-FLOW II).",physical-activity-healthspan,physical-activity-healthspan__curated_recent_update_2026_09_late,intake_pending_curation,retired_from_active_candidate_pool,topic_capacity_limit,,2026-09-21,Git history and prior public-data snapshots
pubmed-41885139,PubMed,41885139,10.1093/eurheartj/ehag144,Senescent obesity signature in breast cancer: a paradigm of reverse cardio-oncology.,senolytics,senolytics__curated_recent_update_2026_09_late,intake_pending_curation,retired_from_active_candidate_pool,topic_capacity_limit,,2026-09-21,Git history and prior public-data snapshots
pubmed-41934630,PubMed,41934630,10.1093/ehjqcco/qcag055,Validating national registry data for randomized trials: comparison of registry-derived cardiovascular events with and without adjudication in the BETAMI-DANBLOCK trial.,blood-pressure-aging,blood-pressure-aging__curated_recent_update_2026_09_late,intake_pending_curation,retired_from_active_candidate_pool,topic_capacity_limit,,2026-09-21,Git history and prior public-data snapshots
pubmed-41944030,PubMed,41944030,10.5009/gnl250341,Prognostic Role of Acute-on-Chronic Liver Failure in Acute Variceal Bleeding: A Multicenter Retrospective Study in Australia.,blood-pressure-aging,blood-pressure-aging__curated_recent_update_2026_09_late,intake_pending_curation,retired_from_active_candidate_pool,topic_capacity_limit,,2026-09-21,Git history and prior public-data snapshots
pubmed-41990363,PubMed,41990363,10.1093/ejhf/xuag114,Hemodynamic changes in response to GLP-1 treatment in ICD and CRT patients: insights from HeartLogic sensor data.,glp1-weight-cardiometabolic,glp1-weight-cardiometabolic__curated_recent_update_2026_09_late,intake_pending_curation,retired_from_active_candidate_pool,topic_capacity_limit,,2026-09-21,Git history and prior public-data snapshots
pubmed-41992281,PubMed,41992281,10.1097/MJT.0000000000002132,Two-Year Biomarker Trends and Kidney/Mortality Outcomes After Semaglutide Versus Phentermine-Topiramate and Naltrexone-Bupropion in People With Obesity and Without Diabetes.,glp1-weight-cardiometabolic,glp1-weight-cardiometabolic__recent_update_2026_09_mid,selected_finding_draft,retired_from_active_candidate_pool,topic_capacity_limit,,2026-09-21,Git history and prior public-data snapshots
pubmed-42035239,PubMed,42035239,10.1093/ehjqcco/qcag074,Tafamidis in women with wild-type transthyretin cardiac amyloidosis: an international cohort study.,blood-pressure-aging,blood-pressure-aging__curated_recent_update_2026_09_late,intake_pending_curation,retired_from_active_candidate_pool,topic_capacity_limit,,2026-09-21,Git history and prior public-data snapshots
pubmed-42060953,PubMed,42060953,10.1016/j.archger.2026.106274,Does insomnia severity increase the risk of dementia? A 7-year longitudinal study.,sleep-aging,sleep-aging__recent_update_2026_09_mid,selected_finding_draft,retired_from_active_candidate_pool,topic_capacity_limit,,2026-09-21,Git history and prior public-data snapshots
pubmed-42071269,PubMed,42071269,10.1002/ijc.70517,Higher Daytime Light Exposure Predicts Lower Risk of Gastrointestinal Cancer Incidence and Mortality.,sleep-aging,sleep-aging__curated_recent_update_2026_09_late,intake_pending_curation,retired_from_active_candidate_pool,topic_capacity_limit,,2026-09-21,Git history and prior public-data snapshots
pubmed-42107753,PubMed,42107753,10.1016/j.jep.2026.121846,Mechanism of Jianpi Qinghua granule in ameliorating metabolic dysfunction-associated fatty liver disease by targeting the DNMT-urea cycle axis.,senolytics,senolytics__curated_recent_update_2026_09_late,intake_pending_curation,retired_from_active_candidate_pool,topic_capacity_limit,,2026-09-21,Git history and prior public-data snapshots
pubmed-42118075,PubMed,42118075,10.1097/BRS.0000000000005733,Incidence and Causes of Death After Cervical or Thoracolumbar Adult Spinal Deformity Surgery.,resistance-training-muscle,resistance-training-muscle__curated_recent_update_2026_09_late,intake_pending_curation,retired_from_active_candidate_pool,topic_capacity_limit,,2026-09-21,Git history and prior public-data snapshots
pubmed-42128075,PubMed,42128075,10.1016/j.jep.2026.121850,Targeting atherosclerosis with medicine and food homology substances: Mechanistic insights and application strategies.,microbiome-inflammaging,microbiome-inflammaging__curated_recent_update_2026_09_late,intake_pending_curation,retired_from_active_candidate_pool,topic_capacity_limit,,2026-09-21,Git history and prior public-data snapshots
pubmed-42134555,PubMed,42134555,10.1016/j.toxicon.2026.109152,Neural and metabolic mechanisms of emetogenic foodborne toxins via the brain-gut axis in ageing and cachexia.,microbiome-inflammaging,microbiome-inflammaging__curated_recent_update_2026_09_late,intake_pending_curation,retired_from_active_candidate_pool,topic_capacity_limit,,2026-09-21,Git history and prior public-data snapshots
pubmed-42142553,PubMed,42142553,10.1016/j.jep.2026.121873,Jintiange ameliorates age-related sarcopenia by inhibiting the cGAS-STING signaling pathway via maintaining mitochondrial homeostasis.,resistance-training-muscle,resistance-training-muscle__curated_recent_update_2026_09_late,intake_pending_curation,retired_from_active_candidate_pool,topic_capacity_limit,,2026-09-21,Git history and prior public-data snapshots
pubmed-42142555,PubMed,42142555,10.1016/j.jep.2026.121869,Host-microbial co-mediated C-sulfonation attenuates celastrol hepatotoxicity while preserving anti-rheumatic efficacy.,microbiome-inflammaging,microbiome-inflammaging__curated_recent_update_2026_09_late,intake_pending_curation,retired_from_active_candidate_pool,topic_capacity_limit,,2026-09-21,Git history and prior public-data snapshots
pubmed-42178112,PubMed,42178112,10.1016/j.ijcard.2026.134573,Transforming post-STEMI care: The IMPACS study design and baseline patient profile.,blood-pressure-aging,blood-pressure-aging__curated_recent_update_2026_09_late,intake_pending_curation,retired_from_active_candidate_pool,topic_capacity_limit,,2026-09-21,Git history and prior public-data snapshots
pubmed-42213742,PubMed,42213742,10.3238/arztebl.m2026.0074,Hepatic Steatosis: A Pandemic Disease Causing Serious Secondary Diseases.,sleep-aging,sleep-aging__curated_recent_update_2026_09_late,intake_pending_curation,retired_from_active_candidate_pool,topic_capacity_limit,,2026-09-21,Git history and prior public-data snapshots
pubmed-42235730,PubMed,42235730,10.1016/j.cca.2026.121139,Inflammatory biomarkers in chronic kidney disease.,microbiome-inflammaging,microbiome-inflammaging__curated_recent_update_2026_09_late,intake_pending_curation,retired_from_active_candidate_pool,topic_capacity_limit,,2026-09-21,Git history and prior public-data snapshots
pubmed-42248063,PubMed,42248063,10.1016/j.ijmedinf.2026.106515,Wearable devices for improving medication adherence in older adults with chronic conditions: A systematic review.,blood-pressure-aging,blood-pressure-aging__curated_recent_update_2026_09_late,intake_pending_curation,retired_from_active_candidate_pool,topic_capacity_limit,,2026-09-21,Git history and prior public-data snapshots
pubmed-42264322,PubMed,42264322,10.1016/j.lfs.2026.124519,ACAT3 controls hepatic cholesterol metabolism and modulates systemic energy homeostasis of male mice.,microbiome-inflammaging,microbiome-inflammaging__curated_recent_update_2026_09_late,intake_pending_curation,retired_from_active_candidate_pool,topic_capacity_limit,,2026-09-21,Git history and prior public-data snapshots
pubmed-42264323,PubMed,42264323,10.1016/j.lfs.2026.124526,Breakfast skipping induces massive rhythmic hypercholesterolemia by hepatic circadian clock and lipid metabolism abnormalities in rats fed a western diet.,time-restricted-eating,time-restricted-eating__curated_recent_update_2026_09_late,intake_pending_curation,retired_from_active_candidate_pool,topic_capacity_limit,,2026-09-21,Git history and prior public-data snapshots
pubmed-42269357,PubMed,42269357,10.1016/j.jns.2026.126051,Clinical implications of delayed insertion of implantable loop recorder: Is it still beneficial when inserted years after a stroke?,blood-pressure-aging,blood-pressure-aging__curated_recent_update_2026_09_late,intake_pending_curation,retired_from_active_candidate_pool,topic_capacity_limit,,2026-09-21,Git history and prior public-data snapshots
pubmed-42302924,PubMed,42302924,10.1016/j.lfs.2026.124542,"Endothelial-to-mesenchymal transition in ischemic diseases: Molecular mechanisms, pathophysiological roles, and emerging therapeutic strategies.",microbiome-inflammaging,microbiome-inflammaging__curated_recent_update_2026_09_late,intake_pending_curation,retired_from_active_candidate_pool,topic_capacity_limit,,2026-09-21,Git history and prior public-data snapshots
pubmed-42310647,PubMed,42310647,10.1186/s12889-026-27904-1,Integration technology into health care: a scoping review of digital interventions for adult obesity management.,time-restricted-eating,time-restricted-eating__high_design__recent_update_2026_06,active_candidate_needs_review,retired_from_active_candidate_pool,topic_capacity_limit,,2026-09-21,Git history and prior public-data snapshots
pubmed-42320461,PubMed,42320461,10.1093/ehjqcco/qcag105,Temporal changes in guideline-directed medical therapy score and clinical outcomes in patients with heart failure.,blood-pressure-aging,blood-pressure-aging__curated_recent_update_2026_09_late,intake_pending_curation,retired_from_active_candidate_pool,topic_capacity_limit,,2026-09-21,Git history and prior public-data snapshots
pubmed-42332950,PubMed,42332950,10.1111/febs.70631,Circadian rhythms of metabolite abundance in Drosophila are largely driven by time of feeding.,time-restricted-eating,time-restricted-eating__high_design__recent_update_2026_06,active_candidate_needs_review,retired_from_active_candidate_pool,topic_capacity_limit,,2026-09-21,Git history and prior public-data snapshots
pubmed-42347893,PubMed,42347893,10.1158/1078-0432.CCR-25-4796,Tumoral and Systemic Immune Correlates of Response to Concurrent Pembrolizumab and Chemoradiotherapy in Patients with Resected High-Risk Head and Neck Squamous Cell Carcinoma.,microbiome-inflammaging,microbiome-inflammaging__curated_recent_update_2026_09_late,intake_pending_curation,retired_from_active_candidate_pool,topic_capacity_limit,,2026-09-21,Git history and prior public-data snapshots
pubmed-42348175,PubMed,42348175,10.1111/dom.71033,Prevalence of Obesity and Related Conditions and GLP-1 Use in Medicare Fee-for-Service Beneficiaries.,glp1-weight-cardiometabolic,glp1-weight-cardiometabolic__recent_update_2026_09_mid,selected_finding_draft,retired_from_active_candidate_pool,topic_capacity_limit,,2026-09-21,Git history and prior public-data snapshots
pubmed-42364470,PubMed,42364470,10.1016/j.foodchem.2026.149828,Nutrients and bioactive compounds in nuts: implications for human health.,blood-pressure-aging,blood-pressure-aging__curated_recent_update_2026_09_late,intake_pending_curation,retired_from_active_candidate_pool,topic_capacity_limit,,2026-09-21,Git history and prior public-data snapshots
pubmed-42377073,PubMed,42377073,10.1158/1078-0432.CCR-26-1352,"Camrelizumab, Apatinib, and Radiotherapy in Locally Advanced, Unresectable Hepatocellular Carcinoma: A Phase II Study.",blood-pressure-aging,blood-pressure-aging__curated_recent_update_2026_09_late,intake_pending_curation,retired_from_active_candidate_pool,topic_capacity_limit,,2026-09-21,Git history and prior public-data snapshots
pubmed-42419304,PubMed,42419304,10.1016/j.chembiol.2026.06.003,GLP-1R and GIPR crosstalk modulates insulinotropic signaling pathways.,glp1-weight-cardiometabolic,glp1-weight-cardiometabolic__curated_recent_update_2026_09_late,intake_pending_curation,retired_from_active_candidate_pool,topic_capacity_limit,,2026-09-21,Git history and prior public-data snapshots
pubmed-42424921,PubMed,42424921,10.1016/j.bioorg.2026.110210,Lead-guided prodrug development of small molecules as GLP-1R agonists.,glp1-weight-cardiometabolic,glp1-weight-cardiometabolic__curated_recent_update_2026_09_late,intake_pending_curation,retired_from_active_candidate_pool,topic_capacity_limit,,2026-09-21,Git history and prior public-data snapshots
pubmed-42429276,PubMed,42429276,10.1097/XCS.0000000000002087,Invited Commentary: Understanding the Relationship Between Frailty and Mortality After Pancreatic Resection.,resistance-training-muscle,resistance-training-muscle__curated_recent_update_2026_09_late,intake_pending_curation,retired_from_active_candidate_pool,topic_capacity_limit,,2026-09-21,Git history and prior public-data snapshots
pubmed-42435980,PubMed,42435980,10.1016/j.amjcard.2026.06.029,The Periprocedural Safety of Continued GLP-1 Receptor Agonist Prior to Cardiac Catheterization.,glp1-weight-cardiometabolic,glp1-weight-cardiometabolic__curated_recent_update_2026_09_late,intake_pending_curation,retired_from_active_candidate_pool,topic_capacity_limit,,2026-09-21,Git history and prior public-data snapshots
pubmed-42475164,PubMed,42475164,10.1556/004.2026.01216,"Impact of Tilapinevirus tilapiae (TiLV) infection on the composition and functional dynamics of gut microbiota in Nile Tilapia (Oreochromis niloticus) (Linnaeus, 1758).",microbiome-inflammaging,microbiome-inflammaging__curated_recent_update_2026_09_late,intake_pending_curation,retired_from_active_candidate_pool,topic_capacity_limit,,2026-09-21,Git history and prior public-data snapshots
pubmed-42481072,PubMed,42481072,10.1136/jnnp-2026-338460,"Frailty and accelerated dementia onset in genetic, sociodemographic and neuropathologic subgroups.",resistance-training-muscle,resistance-training-muscle__curated_recent_update_2026_09_late,intake_pending_curation,retired_from_active_candidate_pool,topic_capacity_limit,,2026-09-21,Git history and prior public-data snapshots
pubmed-42532220,PubMed,42532220,10.1016/j.envres.2026.125356,Cardiovascular risks of plastic-associated chemicals: Integrating mixture modeling and SHAP-explained machine learning to unravel linear and non-linear associations.,blood-pressure-aging,blood-pressure-aging__curated_recent_update_2026_09_late,intake_pending_curation,retired_from_active_candidate_pool,topic_capacity_limit,,2026-09-21,Git history and prior public-data snapshots
pubmed-42542378,PubMed,42542378,10.3899/jrheum.2026-0072,"Bioelectric Phase Angle and Appendicular Skeletal Muscle Mass in Rheumatoid Arthritis: Association With Disease Activity, Impact of Disease, and Functional Disability.",resistance-training-muscle,resistance-training-muscle__curated_recent_update_2026_09_late,intake_pending_curation,retired_from_active_candidate_pool,topic_capacity_limit,,2026-09-21,Git history and prior public-data snapshots
pubmed-42565831,PubMed,42565831,10.1128/jb.00026-26,Monounsaturated fatty acid biosynthesis is critical for streptococcal envelope homeostasis and stress tolerance.,microbiome-inflammaging,microbiome-inflammaging__curated_recent_update_2026_09_late,intake_pending_curation,retired_from_active_candidate_pool,topic_capacity_limit,,2026-09-21,Git history and prior public-data snapshots
pubmed-42572282,PubMed,42572282,10.2176/jns-nmc.2026-0078,Endoscopic Evacuation Under Local Anesthesia for Subacute Lobar Intracerebral Hemorrhage in Older Adults.,resistance-training-muscle,resistance-training-muscle__curated_recent_update_2026_09_late,intake_pending_curation,retired_from_active_candidate_pool,topic_capacity_limit,,2026-09-21,Git history and prior public-data snapshots
pubmed-42575860,PubMed,42575860,10.1097/CM9.0000000000004213,Trends and burden of maternal disorders in China from 1990 to 2023: Analysis of the Global Burden of Disease Study 2023.,blood-pressure-aging,blood-pressure-aging__curated_recent_update_2026_09_late,intake_pending_curation,retired_from_active_candidate_pool,topic_capacity_limit,,2026-09-21,Git history and prior public-data snapshots
pubmed-42606623,PubMed,42606623,10.1007/s00540-026-03873-y,Prebiotic raffinose attenuates surgery-induced delirium-like behaviors through gut microbiota-mediated serotonergic signaling in frail senescence-accelerated mice: an experimental study using SAMP10 mice.,microbiome-inflammaging,microbiome-inflammaging__curated_recent_update_2026_08_end,active_candidate_needs_review,retired_from_active_candidate_pool,topic_capacity_limit,,2026-09-21,Git history and prior public-data snapshots
pubmed-42613453,PubMed,42613453,10.1038/s41409-026-03010-z,Fecal microbiota transplantation in the treatment of acute graft-versus-host disease: A retrospective study performed by the Complications Working Party and Pediatric Diseases Working Party of the EBMT.,microbiome-inflammaging,microbiome-inflammaging__curated_recent_update_2026_08_end,active_candidate_needs_review,retired_from_active_candidate_pool,topic_capacity_limit,,2026-09-21,Git history and prior public-data snapshots
pubmed-42615833,PubMed,42615833,10.1080/19490976.2026.2718621,Microbial metabolite-driven mechanisms linking the gut microbiome to atherosclerosis: multi-omic and translational perspectives.,microbiome-inflammaging,microbiome-inflammaging__curated_recent_update_2026_08_end,active_candidate_needs_review,retired_from_active_candidate_pool,topic_capacity_limit,,2026-09-21,Git history and prior public-data snapshots
pubmed-42617980,PubMed,42617980,10.1016/j.arr.2026.103307,Tryptophan Metabolism Regulates Immunosenescence and Inflammaging: The Macrophage Immunometabolic Axis and Therapeutic Targets.,microbiome-inflammaging,microbiome-inflammaging__curated_recent_update_2026_08_end,active_candidate_needs_review,retired_from_active_candidate_pool,topic_capacity_limit,,2026-09-21,Git history and prior public-data snapshots
pubmed-42617992,PubMed,42617992,10.1016/j.jstrokecerebrovasdis.2026.108731,Immuno-metabolic interactions along the microbiota-gut-brain axis in ischemic stroke: a narrative review.,microbiome-inflammaging,microbiome-inflammaging__curated_recent_update_2026_08_end,active_candidate_needs_review,retired_from_active_candidate_pool,topic_capacity_limit,,2026-09-21,Git history and prior public-data snapshots
pubmed-42621775,PubMed,42621775,10.1002/mds.70496,Pathogenic GBA1 Variants and their Interaction with the Gut-Microbiota-Brain Axis in Parkinson's Disease.,microbiome-inflammaging,microbiome-inflammaging__curated_recent_update_2026_08_end,active_candidate_needs_review,retired_from_active_candidate_pool,topic_capacity_limit,,2026-09-21,Git history and prior public-data snapshots
pubmed-42623424,PubMed,42623424,10.1371/journal.ppat.1014459,Fecal microbiota transplantation alleviates adverse pregnancy outcomes and intestinal injury in experimental malaria.,microbiome-inflammaging,microbiome-inflammaging__curated_recent_update_2026_08_end,active_candidate_needs_review,retired_from_active_candidate_pool,topic_capacity_limit,,2026-09-21,Git history and prior public-data snapshots
pubmed-42623876,PubMed,42623876,10.1016/j.jhazmat.2026.143327,A combined hazard to mariculture: Quality and safety impairment associated with intestinal barrier disruption in fish co-exposed to environmentally relevant microplastics and antibiotics.,microbiome-inflammaging,microbiome-inflammaging__curated_recent_update_2026_09_late,intake_pending_curation,retired_from_active_candidate_pool,topic_capacity_limit,,2026-09-21,Git history and prior public-data snapshots
pubmed-42625955,PubMed,42625955,10.1002/mco2.70950,Predicting Gut Microbiome Diversity and Core Species From the Urine Metabolome.,microbiome-inflammaging,microbiome-inflammaging__curated_recent_update_2026_08_end,active_candidate_needs_review,retired_from_active_candidate_pool,topic_capacity_limit,,2026-09-21,Git history and prior public-data snapshots
pubmed-42626202,PubMed,42626202,10.5662/wjm.v16.i3.118728,"Pancreatic-liver crosstalk, novel molecular mediators, and 2025 therapeutic breakthroughs.",time-restricted-eating,time-restricted-eating__curated_recent_update_2026_09_late,intake_pending_curation,retired_from_active_candidate_pool,topic_capacity_limit,,2026-09-21,Git history and prior public-data snapshots
pubmed-42626264,PubMed,42626264,10.5662/wjm.119385,Glucagon-like receptor-1 agonists and impotence: A meta-analysis.,glp1-weight-cardiometabolic,glp1-weight-cardiometabolic__curated_recent_update_2026_09_late,intake_pending_curation,retired_from_active_candidate_pool,topic_capacity_limit,,2026-09-21,Git history and prior public-data snapshots
pubmed-42628218,PubMed,42628218,10.1016/j.micres.2026.128689,Mechanisms linking the gut microbiota to colorectal cancer development and progression.,microbiome-inflammaging,microbiome-inflammaging__curated_recent_update_2026_08_end,active_candidate_needs_review,retired_from_active_candidate_pool,topic_capacity_limit,,2026-09-21,Git history and prior public-data snapshots
pubmed-42628247,PubMed,42628247,10.1016/j.jnha.2026.100958,"A pilot study of daily blueberry intake modulates the gut microbiota enzyme commissions in older, sedentary adults with mild depressive symptoms.",microbiome-inflammaging,microbiome-inflammaging__curated_recent_update_2026_08_end,active_candidate_needs_review,retired_from_active_candidate_pool,topic_capacity_limit,,2026-09-21,Git history and prior public-data snapshots
pubmed-42629115,PubMed,42629115,10.1016/S1875-5364(26)61206-X,Astragalus polysaccharide ameliorates ischemic stroke via modulating the microbiota-gut-brain axis.,microbiome-inflammaging,microbiome-inflammaging__recent_update_2026_09_mid,active_candidate_needs_review,retired_from_active_candidate_pool,topic_capacity_limit,,2026-09-21,Git history and prior public-data snapshots
pubmed-42662810,PubMed,42662810,10.1016/j.isci.2026.116954,Co-evolving adiposity and frailty trajectories shape stroke risk in middle-aged and older adults.,resistance-training-muscle,resistance-training-muscle__curated_recent_update_2026_09_late,intake_pending_curation,retired_from_active_candidate_pool,topic_capacity_limit,,2026-09-21,Git history and prior public-data snapshots
pubmed-42663994,PubMed,42663994,10.1096/fj.202602078RR,Short Sleep Duration Is Positively Associated With Traditional and Non-Traditional Markers of Adiposity and Cardiometabolic Risk in Individuals at Secondary Healthcare: A Cross-Sectional Study.,sleep-aging,sleep-aging__curated_recent_update_2026_09_late,intake_pending_curation,retired_from_active_candidate_pool,topic_capacity_limit,,2026-09-21,Git history and prior public-data snapshots
pubmed-42668575,PubMed,42668575,10.1016/j.isci.2026.117256,Form and function of actin impacts actin health and aging.,autophagy-mitophagy,autophagy-mitophagy__curated_recent_update_2026_09_late,intake_pending_curation,retired_from_active_candidate_pool,topic_capacity_limit,,2026-09-21,Git history and prior public-data snapshots
pubmed-42697203,PubMed,42697203,10.1016/j.xcrm.2026.103023,"Emerging role of GLP-1 mono, dual, and triple agonists in the management of MASH-related fibrosis.",glp1-weight-cardiometabolic,glp1-weight-cardiometabolic__curated_recent_update_2026_09_late,intake_pending_curation,retired_from_active_candidate_pool,topic_capacity_limit,,2026-09-21,Git history and prior public-data snapshots
pubmed-42698390,PubMed,42698390,10.1096/fj.202600848R,NONcNZO10/LtJ and TALLY-HO/JngJ Mice as Novel Models of Diabetic Peripheral Neuropathy.,caloric-restriction-human,caloric-restriction-human__curated_recent_update_2026_09_late,intake_pending_curation,retired_from_active_candidate_pool,topic_capacity_limit,,2026-09-21,Git history and prior public-data snapshots
pubmed-42703003,PubMed,42703003,10.1080/08923973.2026.2731357,Improvement of post-COVID-19 vaccination dysautonomia with GLP-1 receptor agonist.,glp1-weight-cardiometabolic,glp1-weight-cardiometabolic__curated_recent_update_2026_09_late,intake_pending_curation,retired_from_active_candidate_pool,topic_capacity_limit,,2026-09-21,Git history and prior public-data snapshots
pubmed-42706783,PubMed,42706783,10.24272/j.issn.2095-8137.2025.460,Comprehensive multi-post-translational modifications profiling reveals age-associated remodeling in skeletal muscle.,resistance-training-muscle,resistance-training-muscle__curated_recent_update_2026_09_late,intake_pending_curation,retired_from_active_candidate_pool,topic_capacity_limit,,2026-09-21,Git history and prior public-data snapshots
pubmed-42707073,PubMed,42707073,10.1016/j.isci.2026.117322,The gut-prostate axis in benign prostatic diseases: Mechanistic pathways and therapeutic implications.,microbiome-inflammaging,microbiome-inflammaging__curated_recent_update_2026_09_late,intake_pending_curation,retired_from_active_candidate_pool,topic_capacity_limit,,2026-09-21,Git history and prior public-data snapshots
pubmed-42710621,PubMed,42710621,10.1016/j.clnesp.2026.105106,"Clinical Impact of Preoperative Computed Tomography-Derived Muscle Mass, Strength, and Function in Patients Undergoing Pancreatoduodenectomy: A Prospective follow-up study.",resistance-training-muscle,resistance-training-muscle__recent_update_2026_09_mid,active_candidate_needs_review,retired_from_active_candidate_pool,topic_capacity_limit,,2026-09-21,Git history and prior public-data snapshots
pubmed-42710812,PubMed,42710812,10.1016/j.ijcard.2026.134773,Association of tirzepatide with reverse cardiac remodeling and improved diastolic function in obesity-related HFpEF: A prospective real-world cohort study.,glp1-weight-cardiometabolic,glp1-weight-cardiometabolic__recent_update_2026_09_mid,selected_finding_draft,retired_from_active_candidate_pool,topic_capacity_limit,,2026-09-21,Git history and prior public-data snapshots
pubmed-42710826,PubMed,42710826,10.1016/j.biochi.2026.09.001,Erythrocyte trans fatty acid accumulation in elderly sarcopenic patients: biochemical evidence for oxidative stress-driven cis-trans isomerization of membrane lipids.,resistance-training-muscle,resistance-training-muscle__recent_update_2026_09_mid,active_candidate_needs_review,retired_from_active_candidate_pool,topic_capacity_limit,,2026-09-21,Git history and prior public-data snapshots
pubmed-42710831,PubMed,42710831,10.1016/j.avsg.2026.08.048,Prognostic Value of Frailty in Chronic Limb-Threatening Ischemia (CLTI) Revascularization: A Systematic Review and Meta-Analysis.,resistance-training-muscle,resistance-training-muscle__recent_update_2026_09_mid,active_candidate_needs_review,retired_from_active_candidate_pool,topic_capacity_limit,,2026-09-21,Git history and prior public-data snapshots
pubmed-42711957,PubMed,42711957,10.1111/anae.70346,Pericapsular nerve group block with phenol for non-operative hip fracture management in patients living with frailty: a prospective multicentre cohort study.,resistance-training-muscle,resistance-training-muscle__recent_update_2026_09_mid,active_candidate_needs_review,retired_from_active_candidate_pool,topic_capacity_limit,,2026-09-21,Git history and prior public-data snapshots
pubmed-42712742,PubMed,42712742,10.1007/s40200-026-02067-3,Comparative predictive value of the frailty index combined with non-insulin-based insulin resistance indicators for cardio-renal-metabolic multimorbidity risk: a large nationwide prospective cohort study.,resistance-training-muscle,resistance-training-muscle__recent_update_2026_09_mid,active_candidate_needs_review,retired_from_active_candidate_pool,topic_capacity_limit,,2026-09-21,Git history and prior public-data snapshots
pubmed-42712855,PubMed,42712855,10.2147/IJGM.S620983,Correlation Between Self-Perceived Aging and Oral Frailty in Elderly Chinese Patients with Ischemic Stroke.,resistance-training-muscle,resistance-training-muscle__recent_update_2026_09_mid,active_candidate_needs_review,retired_from_active_candidate_pool,topic_capacity_limit,,2026-09-21,Git history and prior public-data snapshots
pubmed-42714452,PubMed,42714452,10.1161/JAHA.126.049854,Sex Differences in Cardiac Rhythm and Conduction Abnormalities After Noncardioembolic Ischemic Stroke.,blood-pressure-aging,blood-pressure-aging__curated_recent_update_2026_09_late,intake_pending_curation,retired_from_active_candidate_pool,topic_capacity_limit,,2026-09-21,Git history and prior public-data snapshots
pubmed-42714458,PubMed,42714458,10.1161/JAHA.125.044249,Tirzepatide and the Incidence of Atrial Fibrillation in Adults With Overweight or Obesity: An Updated Meta-Analysis of Randomized Controlled Trials.,glp1-weight-cardiometabolic,glp1-weight-cardiometabolic__curated_recent_update_2026_09_late,intake_pending_curation,retired_from_active_candidate_pool,topic_capacity_limit,,2026-09-21,Git history and prior public-data snapshots
pubmed-42714563,PubMed,42714563,10.1161/JAHA.125.048352,Accelerated Aging Fontan Phenotype Is Associated With Systemic Right Ventricles and Adverse Hemodynamics.,epigenetic-clocks,epigenetic-clocks__curated_recent_update_2026_09_late,intake_pending_curation,retired_from_active_candidate_pool,topic_capacity_limit,,2026-09-21,Git history and prior public-data snapshots
pubmed-42714944,PubMed,42714944,10.1093/geronb/gbag188,Competent to care? Grandchild care and frailty trajectory among Chinese middle-aged and older adults through a person-environment fit lens.,resistance-training-muscle,resistance-training-muscle__recent_update_2026_09_mid,active_candidate_needs_review,retired_from_active_candidate_pool,topic_capacity_limit,,2026-09-21,Git history and prior public-data snapshots
pubmed-42715249,PubMed,42715249,10.1371/journal.pone.0356181,Effects of exercise on muscle strength and characteristics in rheumatic diseases and sarcopenia: Protocol for the Care for Muscle (C4M) Study.,resistance-training-muscle,resistance-training-muscle__recent_update_2026_09_mid,active_candidate_needs_review,retired_from_active_candidate_pool,topic_capacity_limit,,2026-09-21,Git history and prior public-data snapshots
pubmed-42715264,PubMed,42715264,10.1097/RNJ.0000000000000562,Frailty and Associated Factors Among Older Adults With Post-Stroke Cognitive Impairment: A Latent Profile Analysis.,resistance-training-muscle,resistance-training-muscle__recent_update_2026_09_mid,active_candidate_needs_review,retired_from_active_candidate_pool,topic_capacity_limit,,2026-09-21,Git history and prior public-data snapshots
pubmed-42715816,PubMed,42715816,10.1016/j.jamda.2026.106479,Routine Hematologic Indices as Scalable Biomarkers for Frailty: A Comprehensive Systematic Review and Meta-Analysis.,resistance-training-muscle,resistance-training-muscle__recent_update_2026_09_mid,active_candidate_needs_review,retired_from_active_candidate_pool,topic_capacity_limit,,2026-09-21,Git history and prior public-data snapshots
pubmed-42716547,PubMed,42716547,10.1183/16000617.0340-2025,Frailty and COPD: a bidirectional relationship in the context of systemic and accelerated ageing.,resistance-training-muscle,resistance-training-muscle__recent_update_2026_09_mid,active_candidate_needs_review,retired_from_active_candidate_pool,topic_capacity_limit,,2026-09-21,Git history and prior public-data snapshots
pubmed-42717432,PubMed,42717432,10.1093/gerona/glag223,Statin use is associated with improved frailty trajectories in people with HIV.,resistance-training-muscle,resistance-training-muscle__recent_update_2026_09_mid,active_candidate_needs_review,retired_from_active_candidate_pool,topic_capacity_limit,,2026-09-21,Git history and prior public-data snapshots
pubmed-42720052,PubMed,42720052,10.1002/ohn.70414,Frailty and Recovery Following Free Flap Reconstruction in Head and Neck Cancer: A Systematic Review.,resistance-training-muscle,resistance-training-muscle__recent_update_2026_09_mid,active_candidate_needs_review,retired_from_active_candidate_pool,topic_capacity_limit,,2026-09-21,Git history and prior public-data snapshots
pubmed-42720545,PubMed,42720545,10.1177/03000605261483168,Heterogeneous associations between domain-specific physical activity and sarcopenia risk in diabetic adults: A causal forest analysis.,resistance-training-muscle,resistance-training-muscle__recent_update_2026_09_mid,active_candidate_needs_review,retired_from_active_candidate_pool,topic_capacity_limit,,2026-09-21,Git history and prior public-data snapshots
pubmed-42721369,PubMed,42721369,10.1080/13506129.2026.2729446,Frailty is a mortality risk factor in tafamidis-treated patients with transthyretin cardiac amyloidosis.,resistance-training-muscle,resistance-training-muscle__recent_update_2026_09_mid,active_candidate_needs_review,retired_from_active_candidate_pool,topic_capacity_limit,,2026-09-21,Git history and prior public-data snapshots
pubmed-42721647,PubMed,42721647,10.1016/j.suronc.2026.102567,Sarcopenia defined by Asian Working Group for Sarcopenia 2025 criteria is associated with postoperative infectious complications after esophagectomy for esophageal cancer.,resistance-training-muscle,resistance-training-muscle__recent_update_2026_09_mid,active_candidate_needs_review,retired_from_active_candidate_pool,topic_capacity_limit,,2026-09-21,Git history and prior public-data snapshots
pubmed-42721722,PubMed,42721722,10.1016/j.sleep.2026.109256,Longitudinal association of self-reported restless sleep and duration with motoric cognitive risk syndrome in Chinese older adults: Evidence from CHARLS.,sleep-aging,sleep-aging__recent_update_2026_09_mid,active_candidate_needs_review,retired_from_active_candidate_pool,topic_capacity_limit,,2026-09-21,Git history and prior public-data snapshots
pubmed-42722633,PubMed,42722633,10.1080/14017431.2026.2709195,Assessment of right atrial function using two-dimensional speckle tracking echocardiography in patients with obstructive sleep apnea hypopnea syndrome.,sleep-aging,sleep-aging__curated_recent_update_2026_09_late,intake_pending_curation,retired_from_active_candidate_pool,topic_capacity_limit,,2026-09-21,Git history and prior public-data snapshots
pubmed-42723149,PubMed,42723149,10.1002/alz.71821,Dynamic frailty exposure and cognitive aging trajectories: A multicohort study.,resistance-training-muscle,resistance-training-muscle__recent_update_2026_09_mid,active_candidate_needs_review,retired_from_active_candidate_pool,topic_capacity_limit,,2026-09-21,Git history and prior public-data snapshots
pubmed-42723340,PubMed,42723340,10.1111/ggi.70834,"Association Between Preoperative Frailty and Postoperative Acute Kidney Injury, Complications, and Resource Utilization in Older Patients Undergoing Hip Fracture Surgery.",resistance-training-muscle,resistance-training-muscle__recent_update_2026_09_mid,active_candidate_needs_review,retired_from_active_candidate_pool,topic_capacity_limit,,2026-09-21,Git history and prior public-data snapshots
pubmed-42724076,PubMed,42724076,10.1253/circrep.CR-26-0130,Association of Admission Anemia Severity With Frailty and Hospitalization-Associated Disability at Discharge and 1-Year Mortality After Discharge in Patients With Heart Failure: A Multicenter Cohort Analysis of the J-Proof HF Registry.,resistance-training-muscle,resistance-training-muscle__recent_update_2026_09_mid,active_candidate_needs_review,retired_from_active_candidate_pool,topic_capacity_limit,,2026-09-21,Git history and prior public-data snapshots
pubmed-42724199,PubMed,42724199,10.1253/circrep.CR-26-0180,Impact of Physical Function and Acute-Phase Treatment on Hospitalization-Associated Disability in Sarcopenic Patients With Cardiovascular Disease: A Stratified Analysis by Prehospital Activities of Daily Living Level.,resistance-training-muscle,resistance-training-muscle__recent_update_2026_09_mid,active_candidate_needs_review,retired_from_active_candidate_pool,topic_capacity_limit,,2026-09-21,Git history and prior public-data snapshots
pubmed-42724362,PubMed,42724362,10.21037/tp-2026-0660,The hypoxic burden algorithm: an integrated index for assessing intermittent hypoxia in pediatric obstructive sleep apnea-a retrospective cohort study.,sleep-aging,sleep-aging__recent_update_2026_09_mid,active_candidate_needs_review,retired_from_active_candidate_pool,topic_capacity_limit,,2026-09-21,Git history and prior public-data snapshots
pubmed-42727208,PubMed,42727208,10.1016/j.knee.2026.104639,Postoperative outcomes after total knee arthroplasty in type 2 diabetes mellitus patients receiving semaglutide versus tirzepatide: a propensity score-matched national research network analysis.,glp1-weight-cardiometabolic,glp1-weight-cardiometabolic__recent_update_2026_09_mid,selected_finding_draft,retired_from_active_candidate_pool,topic_capacity_limit,,2026-09-21,Git history and prior public-data snapshots
pubmed-42727902,PubMed,42727902,10.1016/j.gassur.2026.102584,Preoperative Sarcopenia Predicts Major Postoperative Morbidity in Patients Undergoing Pancreatic Surgery for Chronic Pancreatitis.,resistance-training-muscle,resistance-training-muscle__recent_update_2026_09_mid,active_candidate_needs_review,retired_from_active_candidate_pool,topic_capacity_limit,,2026-09-21,Git history and prior public-data snapshots
pubmed-42728266,PubMed,42728266,10.1038/s41467-026-77401-7,"Urban exposures, frailty, and mental illness in World Trade Center Health Program responders.",resistance-training-muscle,resistance-training-muscle__recent_update_2026_09_mid,active_candidate_needs_review,retired_from_active_candidate_pool,topic_capacity_limit,,2026-09-21,Git history and prior public-data snapshots
pubmed-42732089,PubMed,42732089,10.1515/jpem-2026-0227,GLP-1 receptor agonist use and mental health outcomes in adolescents with obesity: a retrospective review.,glp1-weight-cardiometabolic,glp1-weight-cardiometabolic__curated_recent_update_2026_09_late,intake_pending_curation,retired_from_active_candidate_pool,topic_capacity_limit,,2026-09-21,Git history and prior public-data snapshots
pubmed-42733032,PubMed,42733032,10.1007/s12471-026-02073-3,Effects of GLP-1 receptor agonists on body weight and cardiovascular outcomes: a review.,glp1-weight-cardiometabolic,glp1-weight-cardiometabolic__curated_recent_update_2026_09_late,intake_pending_curation,retired_from_active_candidate_pool,topic_capacity_limit,,2026-09-21,Git history and prior public-data snapshots
pubmed-42733056,PubMed,42733056,10.1038/s41413-026-00582-w,Bone aging: a paradigm of multiscale degeneration and targeted rejuvenation.,senolytics,senolytics__curated_recent_update_2026_09_late,intake_pending_curation,retired_from_active_candidate_pool,topic_capacity_limit,,2026-09-21,Git history and prior public-data snapshots
pubmed-42734347,PubMed,42734347,10.1128/spectrum.02340-25,First characterization of Staphylococcus felis in diabetic foot osteomyelitis: from intracellular persistence to phage treatment.,microbiome-inflammaging,microbiome-inflammaging__curated_recent_update_2026_09_late,intake_pending_curation,retired_from_active_candidate_pool,topic_capacity_limit,,2026-09-21,Git history and prior public-data snapshots
pubmed-42734673,PubMed,42734673,10.1007/s00520-026-11067-1,Pulmonary infections in an acute palliative care unit.,resistance-training-muscle,resistance-training-muscle__curated_recent_update_2026_09_late,intake_pending_curation,retired_from_active_candidate_pool,topic_capacity_limit,,2026-09-21,Git history and prior public-data snapshots
pubmed-42734721,PubMed,42734721,10.1007/s12471-026-02074-2,DUTCH weight control in atrial fibrillation study (DUTCH-WAIST) : Design and rationale of a randomised controlled trial.,glp1-weight-cardiometabolic,glp1-weight-cardiometabolic__curated_recent_update_2026_09_late,intake_pending_curation,retired_from_active_candidate_pool,topic_capacity_limit,,2026-09-21,Git history and prior public-data snapshots
pubmed-42735033,PubMed,42735033,10.2215/CJN.0000001199,"Atherosclerotic Cardiovascular Disease in CKD: Contemporary Insights into Pathogenesis, Diagnosis, and Management.",microbiome-inflammaging,microbiome-inflammaging__curated_recent_update_2026_09_late,intake_pending_curation,retired_from_active_candidate_pool,topic_capacity_limit,,2026-09-21,Git history and prior public-data snapshots
pubmed-42735049,PubMed,42735049,10.3724/abbs.2026160,piR-45962 exacerbates autophagic apoptosis in aged myocardial ischemia-reperfusion injury through modulation of the HNRNPH1/GATA5 signaling axis.,autophagy-mitophagy,autophagy-mitophagy__curated_recent_update_2026_09_late,intake_pending_curation,retired_from_active_candidate_pool,topic_capacity_limit,,2026-09-21,Git history and prior public-data snapshots
pubmed-42735207,PubMed,42735207,10.1080/15502783.2026.2720742,Resistance versus concurrent training with three assigned protein targets in middle-aged and older women: a randomized 2 × 3 factorial trial.,resistance-training-muscle,resistance-training-muscle__curated_recent_update_2026_09_late,intake_pending_curation,retired_from_active_candidate_pool,topic_capacity_limit,,2026-09-21,Git history and prior public-data snapshots
pubmed-42735211,PubMed,42735211,10.1249/MSS.0000000000004144,Strength Training Exercises to Minimize Late Effects of Childhood Leukemia or Lymphoma Among Adolescents: A Multicenter Randomized Controlled Trial.,resistance-training-muscle,resistance-training-muscle__curated_recent_update_2026_09_late,intake_pending_curation,retired_from_active_candidate_pool,topic_capacity_limit,,2026-09-21,Git history and prior public-data snapshots
pubmed-42735561,PubMed,42735561,10.1016/j.tranon.2026.102891,Reversing sarcopenia with megestrol acetate ameliorates systemic inflammation and improves survival in NSCLC.,resistance-training-muscle,resistance-training-muscle__curated_recent_update_2026_09_late,intake_pending_curation,retired_from_active_candidate_pool,topic_capacity_limit,,2026-09-21,Git history and prior public-data snapshots
pubmed-42735804,PubMed,42735804,10.1016/j.exger.2026.113325,"GLP-1 receptor agonists, epigenetic aging, and the prospect of pharmacological healthspan extension.",glp1-weight-cardiometabolic,glp1-weight-cardiometabolic__curated_recent_update_2026_09_late,intake_pending_curation,retired_from_active_candidate_pool,topic_capacity_limit,,2026-09-21,Git history and prior public-data snapshots
pubmed-42735811,PubMed,42735811,10.1016/j.mad.2026.112242,"Loss of Ca(2 +) signaling fidelity during aging: Mitochondrial dysfunction, senescence, and cognitive-motor decline.",resistance-training-muscle,resistance-training-muscle__curated_recent_update_2026_09_late,intake_pending_curation,retired_from_active_candidate_pool,topic_capacity_limit,,2026-09-21,Git history and prior public-data snapshots
pubmed-42735880,PubMed,42735880,10.1016/j.bj.2026.101038,The Incretin Revolution: Integrating Incretin-Based Therapies into Clinical Care.,sleep-aging,sleep-aging__curated_recent_update_2026_09_late,intake_pending_curation,retired_from_active_candidate_pool,topic_capacity_limit,,2026-09-21,Git history and prior public-data snapshots
pubmed-42736019,PubMed,42736019,10.1111/dom.71336,Short-Term Changes in General and Central Adiposity and Subsequent Cardiometabolic Risk in Japanese Adults Undergoing Routine Health Screening.,blood-pressure-aging,blood-pressure-aging__curated_recent_update_2026_09_late,intake_pending_curation,retired_from_active_candidate_pool,topic_capacity_limit,,2026-09-21,Git history and prior public-data snapshots
pubmed-42736119,PubMed,42736119,10.3760/cma.j.cn112137-20260629-01637,[A machine learning-based model for predicting postoperative coronal imbalance in degenerative scoliosis].,resistance-training-muscle,resistance-training-muscle__curated_recent_update_2026_09_late,intake_pending_curation,retired_from_active_candidate_pool,topic_capacity_limit,,2026-09-21,Git history and prior public-data snapshots
pubmed-42736364,PubMed,42736364,10.1038/s41371-026-01214-w,Cardiovascular frailty - an emerging frailty phenotype.,resistance-training-muscle,resistance-training-muscle__curated_recent_update_2026_09_late,intake_pending_curation,retired_from_active_candidate_pool,topic_capacity_limit,,2026-09-21,Git history and prior public-data snapshots
pubmed-42736487,PubMed,42736487,10.1007/s10815-026-04029-3,"Cumulative adverse social determinants of health, prolonged unsuccessful conception, and infertility-related healthcare contact among U.S. women: NHANES 2013-2016.",blood-pressure-aging,blood-pressure-aging__curated_recent_update_2026_09_late,intake_pending_curation,retired_from_active_candidate_pool,topic_capacity_limit,,2026-09-21,Git history and prior public-data snapshots
pubmed-42736566,PubMed,42736566,10.1186/s40104-026-01499-4,Limosilactobacillus reuteri orchestrates IAA-mediated mitochondrial homeostasis and stem cell renewal against intestinal oxidative injury in aged hens.,microbiome-inflammaging,microbiome-inflammaging__curated_recent_update_2026_09_late,intake_pending_curation,retired_from_active_candidate_pool,topic_capacity_limit,,2026-09-21,Git history and prior public-data snapshots
pubmed-42736589,PubMed,42736589,10.1080/0886022X.2025.2536192,Comprehensive trends in Chronic Kidney Disease prevalence and comorbidities across eGFR and albuminuria categories: a 20-year analysis of NHANES data.,blood-pressure-aging,blood-pressure-aging__curated_recent_update_2026_09_late,intake_pending_curation,retired_from_active_candidate_pool,topic_capacity_limit,,2026-09-21,Git history and prior public-data snapshots
pubmed-42736635,PubMed,42736635,10.1177/13872877261484965,APOE:RAAS epistasis as a population specific risk factor for cognitive impairment and cardiovascular health.,blood-pressure-aging,blood-pressure-aging__curated_recent_update_2026_09_late,intake_pending_curation,retired_from_active_candidate_pool,topic_capacity_limit,,2026-09-21,Git history and prior public-data snapshots
pubmed-42740603,PubMed,42740603,10.1080/2162402X.2026.2732727,STAT3 inhibition for the induction of immunogenic cell death in multiple myeloma.,microbiome-inflammaging,microbiome-inflammaging__curated_recent_update_2026_09_late,intake_pending_curation,retired_from_active_candidate_pool,topic_capacity_limit,,2026-09-21,Git history and prior public-data snapshots
pubmed-42740641,PubMed,42740641,10.1515/jbcpp-2025-0190,Microbiome and atherosclerosis: hype or future therapeutic target?,ldl-apob-cardiovascular-risk,ldl-apob-cardiovascular-risk__curated_recent_update_2026_09_late,intake_pending_curation,retired_from_active_candidate_pool,topic_capacity_limit,,2026-09-21,Git history and prior public-data snapshots
pubmed-42741622,PubMed,42741622,10.1183/23120541.00305-2026,Creatine supplementation and respiratory muscle function in health and disease: translational insights from human to mouse.,resistance-training-muscle,resistance-training-muscle__curated_recent_update_2026_09_late,intake_pending_curation,retired_from_active_candidate_pool,topic_capacity_limit,,2026-09-21,Git history and prior public-data snapshots
pubmed-42741835,PubMed,42741835,10.1161/STROKEAHA.126.055765,Early Life Vascular Risk and Midlife Markers of Brain Aging.,blood-pressure-aging,blood-pressure-aging__curated_recent_update_2026_09_late,intake_pending_curation,retired_from_active_candidate_pool,topic_capacity_limit,,2026-09-21,Git history and prior public-data snapshots
pubmed-42741887,PubMed,42741887,10.1111/tmi.70231,Renal and Functional Vulnerability in Hansen Disease: A Framework for Chronic Infectious Disability in Endemic Settings.,resistance-training-muscle,resistance-training-muscle__curated_recent_update_2026_09_late,intake_pending_curation,retired_from_active_candidate_pool,topic_capacity_limit,,2026-09-21,Git history and prior public-data snapshots
pubmed-42741942,PubMed,42741942,10.1172/JCI199854,LSD1-mediated demethylation of the DNA damage response factor ATM promotes senescence and organ aging.,senolytics,senolytics__curated_recent_update_2026_09_late,intake_pending_curation,retired_from_active_candidate_pool,topic_capacity_limit,,2026-09-21,Git history and prior public-data snapshots
pubmed-42742153,PubMed,42742153,10.1093/joneph/aajag036,Serum N-terminal pro-B-type natriuretic peptide and physical performance in middle-aged and older patients with chronic kidney disease.,resistance-training-muscle,resistance-training-muscle__curated_recent_update_2026_09_late,intake_pending_curation,retired_from_active_candidate_pool,topic_capacity_limit,,2026-09-21,Git history and prior public-data snapshots
pubmed-42742660,PubMed,42742660,10.1007/s00737-026-01756-5,Differential trajectories of depression symptoms during pregnancy and prospective associations with postpartum eating disorder symptoms and cardiovascular health behaviors.,sleep-aging,sleep-aging__curated_recent_update_2026_09_late,intake_pending_curation,retired_from_active_candidate_pool,topic_capacity_limit,,2026-09-21,Git history and prior public-data snapshots
pubmed-42742755,PubMed,42742755,10.1007/s00394-026-04096-3,"Effects of 12 weeks of resistance and concurrent training with graded protein intakes on lipid profile, kidney and liver biomarkers in middle-aged to older women.",resistance-training-muscle,resistance-training-muscle__curated_recent_update_2026_09_late,intake_pending_curation,retired_from_active_candidate_pool,topic_capacity_limit,,2026-09-21,Git history and prior public-data snapshots
pubmed-42742830,PubMed,42742830,10.1007/s11695-026-08945-2,Metabolic and Bariatric Surgery and Change in the AI-ECG-Derived Biological-Age Gap: A Longitudinal Cohort Study.,epigenetic-clocks,epigenetic-clocks__curated_recent_update_2026_09_late,intake_pending_curation,retired_from_active_candidate_pool,topic_capacity_limit,,2026-09-21,Git history and prior public-data snapshots
pubmed-42742889,PubMed,42742889,10.1007/s11357-026-02508-0,Association between a disease-specific frailty index and long-term quality of life outcomes in older adult patients with traumatic brain injury: a TRACK-TBI study.,resistance-training-muscle,resistance-training-muscle__curated_recent_update_2026_09_late,intake_pending_curation,retired_from_active_candidate_pool,topic_capacity_limit,,2026-09-21,Git history and prior public-data snapshots
pubmed-42743093,PubMed,42743093,10.1159/nef/adtag006,Sequential liraglutide and setmelanotide therapy in Bardet-Biedl Syndrome: metabolic and renal outcomes in a real-world case report and literature review.,glp1-weight-cardiometabolic,glp1-weight-cardiometabolic__curated_recent_update_2026_09_late,intake_pending_curation,retired_from_active_candidate_pool,topic_capacity_limit,,2026-09-21,Git history and prior public-data snapshots
pubmed-42743234,PubMed,42743234,10.1371/journal.pgph.0007303,Assessing metrics for evaluating the maternal continuum of care in Ethiopia: A scoping review.,physical-activity-healthspan,physical-activity-healthspan__curated_recent_update_2026_09_late,intake_pending_curation,retired_from_active_candidate_pool,topic_capacity_limit,,2026-09-21,Git history and prior public-data snapshots
pubmed-42743332,PubMed,42743332,10.1371/journal.pone.0358118,Development and preliminary psychometric evaluation of the hemodialysis patient care dependency scale (HD-CDS).,blood-pressure-aging,blood-pressure-aging__curated_recent_update_2026_09_late,intake_pending_curation,retired_from_active_candidate_pool,topic_capacity_limit,,2026-09-21,Git history and prior public-data snapshots
pubmed-42743445,PubMed,42743445,10.1212/WNL.0000000000218502,Retinal Optical Coherence Tomography-Angiography and Longitudinal Changes in Cognition and Cerebral Small Vessel Disease.,blood-pressure-aging,blood-pressure-aging__curated_recent_update_2026_09_late,intake_pending_curation,retired_from_active_candidate_pool,topic_capacity_limit,,2026-09-21,Git history and prior public-data snapshots
pubmed-42743686,PubMed,42743686,10.1016/j.clinsp.2026.101149,Sex-specific differences in the anatomical localization and severity of coronary artery disease: differential impact of conventional cardiovascular risk factors.,ldl-apob-cardiovascular-risk,ldl-apob-cardiovascular-risk__curated_recent_update_2026_09_late,intake_pending_curation,retired_from_active_candidate_pool,topic_capacity_limit,,2026-09-21,Git history and prior public-data snapshots
pubmed-42743790,PubMed,42743790,10.1016/j.jnha.2026.100987,Diabetic kidney disease: emerging mechanistic and nutritional perspectives from the Mediterranean diet-mitochondria axis. A narrative review.,autophagy-mitophagy,autophagy-mitophagy__curated_recent_update_2026_09_late,intake_pending_curation,retired_from_active_candidate_pool,topic_capacity_limit,,2026-09-21,Git history and prior public-data snapshots
pubmed-42743792,PubMed,42743792,10.1016/j.jnha.2026.100982,"Biological aging, circulating lipid biomarkers and pancreatic diseases: a prospective cohort study based on the UK Biobank.",epigenetic-clocks,epigenetic-clocks__curated_recent_update_2026_09_late,intake_pending_curation,retired_from_active_candidate_pool,topic_capacity_limit,,2026-09-21,Git history and prior public-data snapshots
pubmed-42744356,PubMed,42744356,10.1136/bmjopen-2026-122686,"Patient expectations assessed before randomisation and after the first treatment session, and their associations with pain outcome at 3 months in patients with tennis elbow: a secondary analysis of a randomised controlled feasibility trial in Norwegian secondary care.",resistance-training-muscle,resistance-training-muscle__curated_recent_update_2026_09_late,intake_pending_curation,retired_from_active_candidate_pool,topic_capacity_limit,,2026-09-21,Git history and prior public-data snapshots
pubmed-42744654,PubMed,42744654,10.1002/hed.70477,Association Between Temporalis Muscle Thickness and Risk of Disability and Mortality in Patients With Oral Cancer.,resistance-training-muscle,resistance-training-muscle__curated_recent_update_2026_09_late,intake_pending_curation,retired_from_active_candidate_pool,topic_capacity_limit,,2026-09-21,Git history and prior public-data snapshots
pubmed-42744726,PubMed,42744726,10.1016/j.orcp.2026.09.001,A multicenter real-world study on the safety and effectiveness of the glucagon-like peptide-1 receptor agonist (liraglutide) in adolescents with obesity in Taiwan.,glp1-weight-cardiometabolic,glp1-weight-cardiometabolic__curated_recent_update_2026_09_late,intake_pending_curation,retired_from_active_candidate_pool,topic_capacity_limit,,2026-09-21,Git history and prior public-data snapshots
pubmed-42744743,PubMed,42744743,10.1111/jgs.70734,Validation of Electronic Frailty Index With Geriatrician Rated Frailty Among Surgical Patients.,resistance-training-muscle,resistance-training-muscle__curated_recent_update_2026_09_late,intake_pending_curation,retired_from_active_candidate_pool,topic_capacity_limit,,2026-09-21,Git history and prior public-data snapshots
pubmed-42744908,PubMed,42744908,10.1038/s42255-026-01603-y,Cagrilintide and retatrutide combination therapy enhances weight loss and metabolic outcomes in obese male rats.,glp1-weight-cardiometabolic,glp1-weight-cardiometabolic__curated_recent_update_2026_09_late,intake_pending_curation,retired_from_active_candidate_pool,topic_capacity_limit,,2026-09-21,Git history and prior public-data snapshots
pubmed-42744939,PubMed,42744939,10.1007/s11906-026-01385-4,Sex Differences in Sleep Duration and Quality: Implications for Hypertension Risk.,sleep-aging,sleep-aging__curated_recent_update_2026_09_late,intake_pending_curation,retired_from_active_candidate_pool,topic_capacity_limit,,2026-09-21,Git history and prior public-data snapshots
pubmed-42744962,PubMed,42744962,10.1007/s11357-026-02545-9,Association between whole-blood NAD+ concentration and frailty in community-dwelling older adults: the Itabashi Longitudinal Study on Aging.,resistance-training-muscle,resistance-training-muscle__curated_recent_update_2026_09_late,intake_pending_curation,retired_from_active_candidate_pool,topic_capacity_limit,,2026-09-21,Git history and prior public-data snapshots
pubmed-42745126,PubMed,42745126,10.1007/s10597-026-01722-6,A Pilot Feasibility Study of a Virtual Lifestyle Intervention for Individuals with Schizophrenia.,physical-activity-healthspan,physical-activity-healthspan__curated_recent_update_2026_09_late,intake_pending_curation,retired_from_active_candidate_pool,topic_capacity_limit,,2026-09-21,Git history and prior public-data snapshots
pubmed-42745326,PubMed,42745326,10.1186/s13195-026-02162-w,Enhancing Alzheimer's disease diagnosis in primary care through targeted screening of people at risk of developing dementia - study design and feasibility assessment of the PREDEM primary care study.,blood-pressure-aging,blood-pressure-aging__curated_recent_update_2026_09_late,intake_pending_curation,retired_from_active_candidate_pool,topic_capacity_limit,,2026-09-21,Git history and prior public-data snapshots
pubmed-42745337,PubMed,42745337,10.1186/s40794-026-00315-1,"Travel vaccination in senior travelers: current evidence, challenges, and prevention.",microbiome-inflammaging,microbiome-inflammaging__curated_recent_update_2026_09_late,intake_pending_curation,retired_from_active_candidate_pool,topic_capacity_limit,,2026-09-21,Git history and prior public-data snapshots
pubmed-42745463,PubMed,42745463,10.1093/ajrccm/aamag474,"Effectiveness of GLP-1 receptor agonists to prevent obstructive sleep apnea in patients with type 2 diabetes: active comparator, new user cohort study.",sleep-aging,sleep-aging__curated_recent_update_2026_09_late,intake_pending_curation,retired_from_active_candidate_pool,topic_capacity_limit,,2026-09-21,Git history and prior public-data snapshots
pubmed-42745504,PubMed,42745504,10.1002/pmic.70181,Unveiling Novel Tumor-Associated Antigens to Overcome Diagnostic Challenges in Barely Seroreactive Colorectal Cancer Patients Using Mass Spectrometry-Based Proteomics.,resistance-training-muscle,resistance-training-muscle__curated_recent_update_2026_09_late,intake_pending_curation,retired_from_active_candidate_pool,topic_capacity_limit,,2026-09-21,Git history and prior public-data snapshots
pubmed-42745683,PubMed,42745683,10.1080/07853890.2026.2732555,"Effect of phenylephrine versus ephedrine on the incidence of postoperative delirium in elderly patients undergoing non-cardiac and non-neurosurgical procedures: protocol for a multicentre, double-blind, randomized, controlled trial.",blood-pressure-aging,blood-pressure-aging__curated_recent_update_2026_09_late,intake_pending_curation,retired_from_active_candidate_pool,topic_capacity_limit,,2026-09-21,Git history and prior public-data snapshots
pubmed-42746141,PubMed,42746141,10.1002/trc2.70312,Effects of long-term daily supplementation with vitamin D3 and marine omega-3 fatty acids on change in ADRD biomarkers: A secondary analysis of a randomized clinical trial.,sleep-aging,sleep-aging__curated_recent_update_2026_09_late,intake_pending_curation,retired_from_active_candidate_pool,topic_capacity_limit,,2026-09-21,Git history and prior public-data snapshots
pubmed-42746961,PubMed,42746961,10.1177/13872877261487350,Insomnia treatment preferences of older adults and people living with dementia: A qualitative study.,sleep-aging,sleep-aging__curated_recent_update_2026_09_late,intake_pending_curation,retired_from_active_candidate_pool,topic_capacity_limit,,2026-09-21,Git history and prior public-data snapshots
pubmed-42747015,PubMed,42747015,10.1177/07334648261488554,Oral Health Indicators as Important Predictors of Frailty in Korean Adults Aged 50 Years and Older: A Sex-Stratified Explainable Machine Learning Approach.,resistance-training-muscle,resistance-training-muscle__curated_recent_update_2026_09_late,intake_pending_curation,retired_from_active_candidate_pool,topic_capacity_limit,,2026-09-21,Git history and prior public-data snapshots
pubmed-42747250,PubMed,42747250,10.1080/08830185.2026.2729156,Immunosenescence and immune-organ axis dysfunction: Potential of algal bioactives and nutritional interventions for healthy ageing.,autophagy-mitophagy,autophagy-mitophagy__curated_recent_update_2026_09_late,intake_pending_curation,retired_from_active_candidate_pool,topic_capacity_limit,,2026-09-21,Git history and prior public-data snapshots
pubmed-42747341,PubMed,42747341,10.1093/ptj/pzag098,Physical Exercise Reduces Fall-Related Outcomes Among People With Stroke: A Systematic Review and Meta-Analysis.,resistance-training-muscle,resistance-training-muscle__curated_recent_update_2026_09_late,intake_pending_curation,retired_from_active_candidate_pool,topic_capacity_limit,,2026-09-21,Git history and prior public-data snapshots
pubmed-42747510,PubMed,42747510,10.1007/s00223-026-01603-w,The Liver-Bone Axis in Steatotic Liver Disease.,resistance-training-muscle,resistance-training-muscle__curated_recent_update_2026_09_late,intake_pending_curation,retired_from_active_candidate_pool,topic_capacity_limit,,2026-09-21,Git history and prior public-data snapshots
pubmed-42747548,PubMed,42747548,10.1007/s00590-026-04958-w,5-Factor Modified Frailty Index predicts 30-day complications after amputation for open lower-extremity fracture: an American College of Surgeons Trauma Quality Improvement Program database study.,resistance-training-muscle,resistance-training-muscle__curated_recent_update_2026_09_late,intake_pending_curation,retired_from_active_candidate_pool,topic_capacity_limit,,2026-09-21,Git history and prior public-data snapshots
pubmed-42747605,PubMed,42747605,10.1007/s00408-026-00939-2,"GLP-1 Receptor Agonists in Pulmonary Hypertension: Mechanistic Rationale, Preclinical Evidence, and Clinical Knowledge Gaps.",glp1-weight-cardiometabolic,glp1-weight-cardiometabolic__curated_recent_update_2026_09_late,intake_pending_curation,retired_from_active_candidate_pool,topic_capacity_limit,,2026-09-21,Git history and prior public-data snapshots
pubmed-42747635,PubMed,42747635,10.1007/s11325-026-03798-6,ECG-based artificial intelligence for obstructive sleep apnea detection: a mechanism-oriented diagnostic meta-analysis.,sleep-aging,sleep-aging__curated_recent_update_2026_09_late,intake_pending_curation,retired_from_active_candidate_pool,topic_capacity_limit,,2026-09-21,Git history and prior public-data snapshots
pubmed-42747716,PubMed,42747716,10.1007/s13679-026-00761-0,"Obesity-Associated Osteoarthritis: Mechanical-Metabolic Pathogenesis, Obesity Memory and Dual-Target Therapy.",glp1-weight-cardiometabolic,glp1-weight-cardiometabolic__curated_recent_update_2026_09_late,intake_pending_curation,retired_from_active_candidate_pool,topic_capacity_limit,,2026-09-21,Git history and prior public-data snapshots
pubmed-42747735,PubMed,42747735,10.1186/s40798-026-01111-z,Percentile-Based Normative Standards for Strength Assessment Beyond Linear Bodyweight Multipliers in Competitive Powerlifters.,resistance-training-muscle,resistance-training-muscle__curated_recent_update_2026_09_late,intake_pending_curation,retired_from_active_candidate_pool,topic_capacity_limit,,2026-09-21,Git history and prior public-data snapshots
pubmed-42747751,PubMed,42747751,10.1007/s11904-026-00797-w,Primary Cardiovascular Prevention in People Living With HIV: Rethinking Statin Therapy in the Post-REPRIEVE Era.,resistance-training-muscle,resistance-training-muscle__curated_recent_update_2026_09_late,intake_pending_curation,retired_from_active_candidate_pool,topic_capacity_limit,,2026-09-21,Git history and prior public-data snapshots
pubmed-42747792,PubMed,42747792,10.1097/JNC.0000000000000695,Prevalence and Correlates of Joint Pain in Chicago Midlife Women With HIV: A Cross-sectional Study.,resistance-training-muscle,resistance-training-muscle__curated_recent_update_2026_09_late,intake_pending_curation,retired_from_active_candidate_pool,topic_capacity_limit,,2026-09-21,Git history and prior public-data snapshots
pubmed-42747817,PubMed,42747817,10.1001/jamacardio.2026.3566,Efficacy and Safety of Semaglutide According to Frailty Status: A Post Hoc Analysis of the SELECT Randomized Clinical Trial.,resistance-training-muscle,resistance-training-muscle__curated_recent_update_2026_09_late,intake_pending_curation,retired_from_active_candidate_pool,topic_capacity_limit,,2026-09-21,Git history and prior public-data snapshots
pubmed-42747887,PubMed,42747887,10.1084/jem.20260071,UA-30 mitigates systemic aging and motor decline by inhibiting RalA signaling in naturally aged mice.,resistance-training-muscle,resistance-training-muscle__curated_recent_update_2026_09_late,intake_pending_curation,retired_from_active_candidate_pool,topic_capacity_limit,,2026-09-21,Git history and prior public-data snapshots
pubmed-42747959,PubMed,42747959,10.1016/j.tjfa.2026.100210,Physical frailty and functional resilience after hip fracture in older adults: a risk-set matched longitudinal study.,resistance-training-muscle,resistance-training-muscle__curated_recent_update_2026_09_late,intake_pending_curation,retired_from_active_candidate_pool,topic_capacity_limit,,2026-09-21,Git history and prior public-data snapshots
pubmed-42748047,PubMed,42748047,10.1093/ejhf/xuag267,Mortality benefit and lifetime survival gains with vericiguat in HFrEF: Bayesian and actuarial analyses of the VICTOR trial.,blood-pressure-aging,blood-pressure-aging__curated_recent_update_2026_09_late,intake_pending_curation,retired_from_active_candidate_pool,topic_capacity_limit,,2026-09-21,Git history and prior public-data snapshots
pubmed-42748066,PubMed,42748066,10.25318/82-003-x202600900001-eng,The missing middle: Exploring light-intensity physical activity and how it relates to health among adults in Canada.,blood-pressure-aging,blood-pressure-aging__curated_recent_update_2026_09_late,intake_pending_curation,retired_from_active_candidate_pool,topic_capacity_limit,,2026-09-21,Git history and prior public-data snapshots
pubmed-42748133,PubMed,42748133,10.1111/prd.70075,From mouth to brain: Linking periodontal and peri-implant dysbiosis to systemic inflammation and neuropathology.,microbiome-inflammaging,microbiome-inflammaging__curated_recent_update_2026_09_late,intake_pending_curation,retired_from_active_candidate_pool,topic_capacity_limit,,2026-09-21,Git history and prior public-data snapshots
pubmed-42748238,PubMed,42748238,10.1126/sciadv.aed1961,Endothelial C/EBPβ/AEP pathway drives vascular deterioration and systemic aging.,resistance-training-muscle,resistance-training-muscle__curated_recent_update_2026_09_late,intake_pending_curation,retired_from_active_candidate_pool,topic_capacity_limit,,2026-09-21,Git history and prior public-data snapshots
pubmed-42748386,PubMed,42748386,10.1212/WNL.0000000000218595,Linking Military Blast Exposure to Veterans Health Administration Diagnoses: Chronic Health Outcomes in the Millennium Cohort Study.,blood-pressure-aging,blood-pressure-aging__curated_recent_update_2026_09_late,intake_pending_curation,retired_from_active_candidate_pool,topic_capacity_limit,,2026-09-21,Git history and prior public-data snapshots
pubmed-42748474,PubMed,42748474,10.1093/eurjpc/zwag495,Low-grade inflammation predicts major cardiovascular events and mortality in recently diagnosed type 2 diabetes: A Danish nationwide cohort study.,physical-activity-healthspan,physical-activity-healthspan__curated_recent_update_2026_09_late,intake_pending_curation,retired_from_active_candidate_pool,topic_capacity_limit,,2026-09-21,Git history and prior public-data snapshots
pubmed-42748745,PubMed,42748745,10.1016/j.jacadv.2026.103194,Objective and Subjective Multidimensional Sleep Health in Women After Myocardial Infarction.,sleep-aging,sleep-aging__curated_recent_update_2026_09_late,intake_pending_curation,retired_from_active_candidate_pool,topic_capacity_limit,,2026-09-21,Git history and prior public-data snapshots
pubmed-42748801,PubMed,42748801,10.1016/j.jgo.2026.104151,Management of hepatocellular carcinoma in older patients - An overview.,resistance-training-muscle,resistance-training-muscle__curated_recent_update_2026_09_late,intake_pending_curation,retired_from_active_candidate_pool,topic_capacity_limit,,2026-09-21,Git history and prior public-data snapshots
pubmed-42748969,PubMed,42748969,10.1055/a-2943-1080,"[GLP-1 Receptor Agonists in Urology and Andrology: Indications, Opportunities and Clinically Relevant Adverse Effects].",glp1-weight-cardiometabolic,glp1-weight-cardiometabolic__curated_recent_update_2026_09_late,intake_pending_curation,retired_from_active_candidate_pool,topic_capacity_limit,,2026-09-21,Git history and prior public-data snapshots
pubmed-42749027,PubMed,42749027,10.1016/j.clindermatol.2026.09.011,From Gila Monster Venom to Dermatology: The History of GLP-1 Receptor Agonists.,glp1-weight-cardiometabolic,glp1-weight-cardiometabolic__curated_recent_update_2026_09_late,intake_pending_curation,retired_from_active_candidate_pool,topic_capacity_limit,,2026-09-21,Git history and prior public-data snapshots
pubmed-42749043,PubMed,42749043,10.1016/j.pneurobio.2026.102952,The dimorphic brain in ischemic stroke: How sex and age shape molecular pathophysiology and therapeutic responsiveness.,senolytics,senolytics__curated_recent_update_2026_09_late,intake_pending_curation,retired_from_active_candidate_pool,topic_capacity_limit,,2026-09-21,Git history and prior public-data snapshots
pubmed-42749075,PubMed,42749075,10.1016/j.envres.2026.125694,Toward ecological realism in microplastic toxicology: Intestinal responses to biofilm-colonized microplastics from distinct environmental compartments in fish.,microbiome-inflammaging,microbiome-inflammaging__curated_recent_update_2026_09_late,intake_pending_curation,retired_from_active_candidate_pool,topic_capacity_limit,,2026-09-21,Git history and prior public-data snapshots
pubmed-42749094,PubMed,42749094,10.1016/j.critrevonc.2026.105599,Temporal Immune Surveillance in Cancer: A Circadian Framework from Mechanisms to Chronotherapeutic Integration.,time-restricted-eating,time-restricted-eating__curated_recent_update_2026_09_late,intake_pending_curation,retired_from_active_candidate_pool,topic_capacity_limit,,2026-09-21,Git history and prior public-data snapshots
pubmed-42749199,PubMed,42749199,10.1016/j.freeradbiomed.2026.09.008,β-Amyloid and glutathione dysregulation cooperatively drive lipid peroxidation and ferroptosis in neuron-like cells.,autophagy-mitophagy,autophagy-mitophagy__curated_recent_update_2026_09_late,intake_pending_curation,retired_from_active_candidate_pool,topic_capacity_limit,,2026-09-21,Git history and prior public-data snapshots
pubmed-42749268,PubMed,42749268,10.1177/02683555261490768,Impact of endovenous radiofrequency ablation on restless legs syndrome severity and sleep quality in patients with chronic venous insufficiency.,sleep-aging,sleep-aging__curated_recent_update_2026_09_late,intake_pending_curation,retired_from_active_candidate_pool,topic_capacity_limit,,2026-09-21,Git history and prior public-data snapshots
pubmed-42749321,PubMed,42749321,10.7507/1002-1892.202604043,[Clinical characteristics and classification of deep branch of ulnar nerve injury].,resistance-training-muscle,resistance-training-muscle__curated_recent_update_2026_09_late,intake_pending_curation,retired_from_active_candidate_pool,topic_capacity_limit,,2026-09-21,Git history and prior public-data snapshots
pubmed-42749326,PubMed,42749326,10.7507/1002-1892.202605002,[Analysis of effectiveness of arthroscopic iliopsoas tendon tenotomy at labral level for iliopsoas cyst complicated with internal snapping hip].,resistance-training-muscle,resistance-training-muscle__curated_recent_update_2026_09_late,intake_pending_curation,retired_from_active_candidate_pool,topic_capacity_limit,,2026-09-21,Git history and prior public-data snapshots
pubmed-42749371,PubMed,42749371,10.1136/bmjopen-2026-118047,Effect of synbiotic supplementation and psychobiotic diet on prenatal and postnatal depression and anxiety in women with gestational diabetes: a three-arm randomised controlled trial protocol.,microbiome-inflammaging,microbiome-inflammaging__curated_recent_update_2026_09_late,intake_pending_curation,retired_from_active_candidate_pool,non_result_publication_title,,2026-09-21,Git history and prior public-data snapshots
pubmed-42749493,PubMed,42749493,10.1111/ejh.70318,Toxicity-Related Treatment Cessation in Newly Diagnosed Multiple Myeloma-Risk Factors and Survival: An Analysis From the APAC and ANZ Myeloma and Related Diseases Registry.,resistance-training-muscle,resistance-training-muscle__curated_recent_update_2026_09_late,intake_pending_curation,retired_from_active_candidate_pool,topic_capacity_limit,,2026-09-21,Git history and prior public-data snapshots
pubmed-42749737,PubMed,42749737,10.1038/s41467-026-77686-8,Quantitative proteomics reveals coordinated changes in the proteome during replicative senescence.,autophagy-mitophagy,autophagy-mitophagy__curated_recent_update_2026_09_late,intake_pending_curation,retired_from_active_candidate_pool,topic_capacity_limit,,2026-09-21,Git history and prior public-data snapshots
pubmed-42750176,PubMed,42750176,10.1080/02640414.2026.2732595,"Effect of blood flow restricted walking on cardiovascular fitness, muscular development, and functional performance in adults: A systematic review with meta-analysis.",resistance-training-muscle,resistance-training-muscle__curated_recent_update_2026_09_late,intake_pending_curation,retired_from_active_candidate_pool,topic_capacity_limit,,2026-09-21,Git history and prior public-data snapshots
pubmed-42750316,PubMed,42750316,10.1002/advs.77774,MAPA: A Semantic Network Framework for Functional Module Discovery and Interpretation in Multi-Omics Data.,microbiome-inflammaging,microbiome-inflammaging__curated_recent_update_2026_09_late,intake_pending_curation,retired_from_active_candidate_pool,topic_capacity_limit,,2026-09-21,Git history and prior public-data snapshots
pubmed-42750336,PubMed,42750336,10.1111/bph.70656,Alamandine/MrgD pathway modulates gut-bone marrow axis in ageing.,microbiome-inflammaging,microbiome-inflammaging__curated_recent_update_2026_09_late,intake_pending_curation,retired_from_active_candidate_pool,topic_capacity_limit,,2026-09-21,Git history and prior public-data snapshots
pubmed-42750643,PubMed,42750643,10.1111/jgs.70713,Eyeballing for Frailty Assessment in Elderly Patients Referred for Coronary Angiography.,resistance-training-muscle,resistance-training-muscle__curated_recent_update_2026_09_late,intake_pending_curation,retired_from_active_candidate_pool,topic_capacity_limit,,2026-09-21,Git history and prior public-data snapshots
pubmed-42750649,PubMed,42750649,10.1111/dom.71305,"Comparative Cardiorenal Efficacy and Safety of Finerenone, SGLT2 Inhibitors, Semaglutide and Their Combination in Diabetic Kidney Disease.",glp1-weight-cardiometabolic,glp1-weight-cardiometabolic__curated_recent_update_2026_09_late,intake_pending_curation,retired_from_active_candidate_pool,topic_capacity_limit,,2026-09-21,Git history and prior public-data snapshots
pubmed-42751094,PubMed,42751094,10.1210/jcemcr/luag261,Postmenopausal bleeding associated with semaglutide: a diagnostic challenge.,glp1-weight-cardiometabolic,glp1-weight-cardiometabolic__curated_recent_update_2026_09_late,intake_pending_curation,retired_from_active_candidate_pool,topic_capacity_limit,,2026-09-21,Git history and prior public-data snapshots
pubmed-42751099,PubMed,42751099,10.1210/jcemcr/luag260,Sustained weight loss exceeding 100 kg with sequential incretin-based therapy in Prader-Willi syndrome.,glp1-weight-cardiometabolic,glp1-weight-cardiometabolic__curated_recent_update_2026_09_late,intake_pending_curation,retired_from_active_candidate_pool,topic_capacity_limit,,2026-09-21,Git history and prior public-data snapshots
pubmed-42751700,PubMed,42751700,10.2490/prm.20260051,Evaluation of Beverage Can-opening Status as a Screening Indicator for Sarcopenia: A Cross-sectional Study.,resistance-training-muscle,resistance-training-muscle__curated_recent_update_2026_09_late,intake_pending_curation,retired_from_active_candidate_pool,topic_capacity_limit,,2026-09-21,Git history and prior public-data snapshots
pubmed-42751734,PubMed,42751734,10.1093/eurjpc/zwag494,Semaglutide and Limb Events: Expanding the Cardiovascular Prevention Paradigm?,glp1-weight-cardiometabolic,glp1-weight-cardiometabolic__curated_recent_update_2026_09_late,intake_pending_curation,retired_from_active_candidate_pool,topic_capacity_limit,,2026-09-21,Git history and prior public-data snapshots
pubmed-42751742,PubMed,42751742,10.1177/21532176261486979,"Nutritional Deficiencies, Complications, and Nutrition Therapy/Counseling in Pediatric Patients Using GLP-1 Receptor Agonists.",glp1-weight-cardiometabolic,glp1-weight-cardiometabolic__curated_recent_update_2026_09_late,intake_pending_curation,retired_from_active_candidate_pool,topic_capacity_limit,,2026-09-21,Git history and prior public-data snapshots
pubmed-42751780,PubMed,42751780,10.1161/CIR.0000000000001471,Women's Kidney Health in Focus: A Scientific Statement From the American Heart Association.,blood-pressure-aging,blood-pressure-aging__curated_recent_update_2026_09_late,intake_pending_curation,retired_from_active_candidate_pool,topic_capacity_limit,,2026-09-21,Git history and prior public-data snapshots
pubmed-42752199,PubMed,42752199,10.1073/pnas.2601943123,Promotion of long-term health in early life.,microbiome-inflammaging,microbiome-inflammaging__curated_recent_update_2026_09_late,intake_pending_curation,retired_from_active_candidate_pool,topic_capacity_limit,,2026-09-21,Git history and prior public-data snapshots
pubmed-42752325,PubMed,42752325,10.1080/07853890.2026.2718576,Biochemical characteristics associated with spironolactone use in hospitalized patients with hypotonic hyponatraemia.,blood-pressure-aging,blood-pressure-aging__curated_recent_update_2026_09_late,intake_pending_curation,retired_from_active_candidate_pool,topic_capacity_limit,,2026-09-21,Git history and prior public-data snapshots
pubmed-42752398,PubMed,42752398,10.2196/92631,The Effect of Integrated Aerobic and Cognitive Training (Activ4Brain) on Cognition and Neurophysiology in Older Adults: Protocol for a Controlled Trial.,physical-activity-healthspan,physical-activity-healthspan__curated_recent_update_2026_09_late,intake_pending_curation,retired_from_active_candidate_pool,topic_capacity_limit,,2026-09-21,Git history and prior public-data snapshots
pubmed-42752400,PubMed,42752400,10.2196/94648,Effects of a Nutritionally Balanced Between-Meal Food Product on Brain Function in Older Adults: Protocol for a Randomized Controlled Trial (the MiniMeal Study).,microbiome-inflammaging,microbiome-inflammaging__curated_recent_update_2026_09_late,intake_pending_curation,retired_from_active_candidate_pool,topic_capacity_limit,,2026-09-21,Git history and prior public-data snapshots
pubmed-42752515,PubMed,42752515,10.1097/QAD.0000000000004624,Effects of semaglutide on subclinical cardiovascular health in people with HIV.,glp1-weight-cardiometabolic,glp1-weight-cardiometabolic__curated_recent_update_2026_09_late,intake_pending_curation,retired_from_active_candidate_pool,topic_capacity_limit,,2026-09-21,Git history and prior public-data snapshots
pubmed-42752532,PubMed,42752532,10.1097/XCS.0000000000002207,Impact of Geriatric Surgery Verification Program Implementation on Vulnerability Assessment Rates: A Multicenter Retrospective Cohort Study.,resistance-training-muscle,resistance-training-muscle__curated_recent_update_2026_09_late,intake_pending_curation,retired_from_active_candidate_pool,topic_capacity_limit,,2026-09-21,Git history and prior public-data snapshots
pubmed-42752565,PubMed,42752565,10.1097/SHK.0000000000002942,"Deletion of interleukin-22 binding protein increases gut permeability, dysbiosis, and mortality in sepsis.",microbiome-inflammaging,microbiome-inflammaging__curated_recent_update_2026_09_late,intake_pending_curation,retired_from_active_candidate_pool,topic_capacity_limit,,2026-09-21,Git history and prior public-data snapshots
pubmed-42752600,PubMed,42752600,10.1093/ptj/pzag093,"REmotely monitored, Mobile health-supported Multidomain Rehabilitation with High Intensity Interval Training for COVID-19 (REMM-HIIT-CoV): Trial Design and Rationale.",resistance-training-muscle,resistance-training-muscle__curated_recent_update_2026_09_late,intake_pending_curation,retired_from_active_candidate_pool,topic_capacity_limit,,2026-09-21,Git history and prior public-data snapshots
pubmed-42752854,PubMed,42752854,10.1007/s41999-026-01609-5,Scoping review on navigation interventions for older adults with cancer in Europe and beyond.,resistance-training-muscle,resistance-training-muscle__curated_recent_update_2026_09_late,intake_pending_curation,retired_from_active_candidate_pool,topic_capacity_limit,,2026-09-21,Git history and prior public-data snapshots
pubmed-42752966,PubMed,42752966,10.1007/s00125-026-06848-6,"Indices of obesity, malnutrition and inflammation are strong predictors of mortality in adults with type 2 diabetes: the FIELD study.",resistance-training-muscle,resistance-training-muscle__curated_recent_update_2026_09_late,intake_pending_curation,retired_from_active_candidate_pool,topic_capacity_limit,,2026-09-21,Git history and prior public-data snapshots
pubmed-42753037,PubMed,42753037,10.1007/s13730-026-01179-2,Highly viscous ascites prompting reconsideration of cardiorenal syndrome in a patient with advanced CKD after TAVI.,blood-pressure-aging,blood-pressure-aging__curated_recent_update_2026_09_late,intake_pending_curation,retired_from_active_candidate_pool,topic_capacity_limit,,2026-09-21,Git history and prior public-data snapshots
pubmed-42753052,PubMed,42753052,10.1007/s11154-026-10080-3,"Skeletal stem and progenitor cell niche organization, regulation and repair.",microbiome-inflammaging,microbiome-inflammaging__curated_recent_update_2026_09_late,intake_pending_curation,retired_from_active_candidate_pool,topic_capacity_limit,,2026-09-21,Git history and prior public-data snapshots
pubmed-42753116,PubMed,42753116,10.1007/s13300-026-01919-8,Comparing Cardiovascular Outcomes in New Users of Oral Semaglutide Versus Other Noninsulin Glucose-Lowering Therapies Among Adults with Type 2 Diabetes and Atherosclerotic Cardiovascular Disease.,glp1-weight-cardiometabolic,glp1-weight-cardiometabolic__curated_recent_update_2026_09_late,intake_pending_curation,retired_from_active_candidate_pool,topic_capacity_limit,,2026-09-21,Git history and prior public-data snapshots
pubmed-42753336,PubMed,42753336,10.1016/j.ecoenv.2026.120807,Molecular perturbations of Daphnia magna in response to glyphosate - In laboratory medium and river water.,metformin-aging,metformin-aging__curated_recent_update_2026_09_late,intake_pending_curation,retired_from_active_candidate_pool,topic_capacity_limit,,2026-09-21,Git history and prior public-data snapshots
pubmed-42753383,PubMed,42753383,10.1016/j.sleep.2026.109272,"Current practice, clinical perspectives and barriers to multi-night testing for obstructive sleep apnea in Europe: a survey across ESADA centers.",sleep-aging,sleep-aging__curated_recent_update_2026_09_late,intake_pending_curation,retired_from_active_candidate_pool,topic_capacity_limit,,2026-09-21,Git history and prior public-data snapshots
pubmed-42753512,PubMed,42753512,10.1016/j.ejso.2026.112134,Long-term quality of life and physical functioning after curative local treatment of colorectal metastases in older patients.,resistance-training-muscle,resistance-training-muscle__curated_recent_update_2026_09_late,intake_pending_curation,retired_from_active_candidate_pool,topic_capacity_limit,,2026-09-21,Git history and prior public-data snapshots
pubmed-42753698,PubMed,42753698,10.1016/j.cell.2026.08.026,An open benchmark and language models for AI in aging biology.,epigenetic-clocks,epigenetic-clocks__curated_recent_update_2026_09_late,intake_pending_curation,retired_from_active_candidate_pool,topic_capacity_limit,,2026-09-21,Git history and prior public-data snapshots
pubmed-42753774,PubMed,42753774,10.1016/j.langlo.2026.104082,"Global inequalities in cardiometabolic care and achievable cardiovascular risk reduction by wealth, region, and sex: a pooled analysis of individual participant data from 76 countries.",blood-pressure-aging,blood-pressure-aging__curated_recent_update_2026_09_late,intake_pending_curation,retired_from_active_candidate_pool,topic_capacity_limit,,2026-09-21,Git history and prior public-data snapshots
pubmed-42753956,PubMed,42753956,10.1016/j.mad.2026.112255,Hierarchical homeostatic failure in Hutchinson-Gilford progeria syndrome: From nuclear lesion to systemic decline.,microbiome-inflammaging,microbiome-inflammaging__curated_recent_update_2026_09_late,intake_pending_curation,retired_from_active_candidate_pool,topic_capacity_limit,,2026-09-21,Git history and prior public-data snapshots
pubmed-42754091,PubMed,42754091,10.1016/j.cmi.2026.09.015,"Sex differences in surgically treated left-sided infective endocarditis: Results from the international, prospective, multicenter BESOS study.",resistance-training-muscle,resistance-training-muscle__curated_recent_update_2026_09_late,intake_pending_curation,retired_from_active_candidate_pool,topic_capacity_limit,,2026-09-21,Git history and prior public-data snapshots
pubmed-42754146,PubMed,42754146,10.1016/j.jshs.2026.101178,Methylome-transcriptome integration reveals molecular signatures of intrinsic aerobic capacity in aged skeletal muscle.,physical-activity-healthspan,physical-activity-healthspan__curated_recent_update_2026_09_late,intake_pending_curation,retired_from_active_candidate_pool,topic_capacity_limit,,2026-09-21,Git history and prior public-data snapshots
pubmed-42754181,PubMed,42754181,10.1016/j.freeradbiomed.2026.09.016,Brown adipocyte Acss1 restoration ameliorates redox-metabolic dysfunction and systemic metabolic decline during aging.,autophagy-mitophagy,autophagy-mitophagy__curated_recent_update_2026_09_late,intake_pending_curation,retired_from_active_candidate_pool,topic_capacity_limit,,2026-09-21,Git history and prior public-data snapshots
pubmed-42754269,PubMed,42754269,10.18632/aging.206422,"Control theory of aging and longevity for gerotherapeutic drug discovery: state space, vector fields, modalities, safety, and the minimum safe cost of functional restoration.",epigenetic-clocks,epigenetic-clocks__curated_recent_update_2026_09_late,intake_pending_curation,retired_from_active_candidate_pool,topic_capacity_limit,,2026-09-21,Git history and prior public-data snapshots
pubmed-42754274,PubMed,42754274,10.1136/bmjopen-2026-123779,"Semaglutide as adjunct treatment for obesity in adolescents receiving antipsychotic medication (the GOAL trial): protocol for a single-arm, open-label feasibility study.",glp1-weight-cardiometabolic,glp1-weight-cardiometabolic__curated_recent_update_2026_09_late,intake_pending_curation,retired_from_active_candidate_pool,topic_capacity_limit,,2026-09-21,Git history and prior public-data snapshots
pubmed-42754384,PubMed,42754384,10.26508/lsa.202603852,Drug-induced metabolic remodeling promotes antimicrobial activity in macrophages and extends longevity in vivo.,autophagy-mitophagy,autophagy-mitophagy__curated_recent_update_2026_09_late,intake_pending_curation,retired_from_active_candidate_pool,topic_capacity_limit,,2026-09-21,Git history and prior public-data snapshots
pubmed-42754392,PubMed,42754392,10.14444/8954,Do Preoperative Glucagon-Like Peptide-1 Receptor Agonists Influence Lumbar Fusion Outcomes? A Systematic Review and Meta-Analysis.,glp1-weight-cardiometabolic,glp1-weight-cardiometabolic__curated_recent_update_2026_09_late,intake_pending_curation,retired_from_active_candidate_pool,topic_capacity_limit,,2026-09-21,Git history and prior public-data snapshots
pubmed-42754544,PubMed,42754544,10.1111/jgs.70722,Mapping the 5Ms: Identifying Gaps in a Geriatric Medicine Curriculum at a U.S. Medical School.,resistance-training-muscle,resistance-training-muscle__curated_recent_update_2026_09_late,intake_pending_curation,retired_from_active_candidate_pool,topic_capacity_limit,,2026-09-21,Git history and prior public-data snapshots
pubmed-42754586,PubMed,42754586,10.1038/s41514-026-00488-1,Validation and refinement of a biomarker panel for frailty assessment and prediction of muscle weakness in older adults.,resistance-training-muscle,resistance-training-muscle__curated_recent_update_2026_09_late,intake_pending_curation,retired_from_active_candidate_pool,topic_capacity_limit,,2026-09-21,Git history and prior public-data snapshots
pubmed-42754596,PubMed,42754596,10.1038/s41514-026-00500-8,Deciphering senescence-associated mechanisms through cell painting & transcriptomics.,senolytics,senolytics__curated_recent_update_2026_09_late,intake_pending_curation,retired_from_active_candidate_pool,topic_capacity_limit,,2026-09-21,Git history and prior public-data snapshots
pubmed-42754613,PubMed,42754613,10.1038/s41514-026-00439-w,"Effects of a three-month exercise programme on cognition, mood and neurogenesis: the NeuroFit randomised controlled trial.",microbiome-inflammaging,microbiome-inflammaging__curated_recent_update_2026_09_late,intake_pending_curation,retired_from_active_candidate_pool,topic_capacity_limit,,2026-09-21,Git history and prior public-data snapshots
pubmed-42754648,PubMed,42754648,10.1007/s00109-026-02714-5,METTL3 mitigates age-related hearing loss by inhibiting NF-κB-mediated inflammatory responses through the m(6)A modification of NFKBIA.,microbiome-inflammaging,microbiome-inflammaging__curated_recent_update_2026_09_late,intake_pending_curation,retired_from_active_candidate_pool,topic_capacity_limit,,2026-09-21,Git history and prior public-data snapshots
pubmed-42754747,PubMed,42754747,10.1007/s13239-026-00859-5,"Cardiovascular Disease and Androgens: Clinical Trends, Potential Mechanisms, and Considerations for Engineering Solutions.",blood-pressure-aging,blood-pressure-aging__curated_recent_update_2026_09_late,intake_pending_curation,retired_from_active_candidate_pool,topic_capacity_limit,,2026-09-21,Git history and prior public-data snapshots
pubmed-42754765,PubMed,42754765,10.1007/s13300-026-01907-y,Exit Interviews Examining Patient Experiences with Tirzepatide and Dulaglutide for Treatment of Type 2 Diabetes in the SURPASS-CVOT Trial.,glp1-weight-cardiometabolic,glp1-weight-cardiometabolic__curated_recent_update_2026_09_late,intake_pending_curation,retired_from_active_candidate_pool,topic_capacity_limit,,2026-09-21,Git history and prior public-data snapshots
pubmed-42754814,PubMed,42754814,10.1007/s40122-026-00891-2,Age-Related Transitions in Low Back Pain Pathology: A Life-Course Narrative Review.,resistance-training-muscle,resistance-training-muscle__curated_recent_update_2026_09_late,intake_pending_curation,retired_from_active_candidate_pool,topic_capacity_limit,,2026-09-21,Git history and prior public-data snapshots
pubmed-42754817,PubMed,42754817,10.1111/jgs.70690,The Mean and Variability of Morning Hour Activity Over 2-3 Days Predict 5-Year Mortality and Frailty Risk in a National Sample of Older Adults.,resistance-training-muscle,resistance-training-muscle__curated_recent_update_2026_09_late,intake_pending_curation,retired_from_active_candidate_pool,topic_capacity_limit,,2026-09-21,Git history and prior public-data snapshots
pubmed-42754840,PubMed,42754840,10.1080/08037051.2026.2721754,OSAS.MAP10 and all-cause mortality risk in hypertensive patients: a retrospective cohort analysis of NHANES.,blood-pressure-aging,blood-pressure-aging__curated_recent_update_2026_09_late,intake_pending_curation,retired_from_active_candidate_pool,topic_capacity_limit,,2026-09-21,Git history and prior public-data snapshots
pubmed-42754908,PubMed,42754908,10.1186/s13073-026-01765-0,Machine learning identifies microbiome and clinical predictors of sustained weight loss following prolonged fasting.,time-restricted-eating,time-restricted-eating__curated_recent_update_2026_09_late,intake_pending_curation,retired_from_active_candidate_pool,topic_capacity_limit,,2026-09-21,Git history and prior public-data snapshots
pubmed-42755069,PubMed,42755069,10.1093/gerona/glag234,DNA methylation variability provides a complementary epigenetic signature of aging heterogeneity: Findings from the Canadian Longitudinal Study on Aging and the Baltimore Longitudinal Study of Aging.,resistance-training-muscle,resistance-training-muscle__curated_recent_update_2026_09_late,intake_pending_curation,retired_from_active_candidate_pool,topic_capacity_limit,,2026-09-21,Git history and prior public-data snapshots
pubmed-42755133,PubMed,42755133,10.1111/jgh.70715,EUS-Guided Cyanoacrylate Injection With Balloon-Compression Sclerotherapy Versus Band Ligation for Gastroesophageal Varices: A Randomized Trial.,microbiome-inflammaging,microbiome-inflammaging__curated_recent_update_2026_09_late,intake_pending_curation,retired_from_active_candidate_pool,topic_capacity_limit,,2026-09-21,Git history and prior public-data snapshots
pubmed-42755136,PubMed,42755136,10.1111/dom.71318,Preferences for Obesity Medications Among People With Overweight or Obesity in the United States: A Discrete-Choice Experiment (OPTIC).,glp1-weight-cardiometabolic,glp1-weight-cardiometabolic__curated_recent_update_2026_09_late,intake_pending_curation,retired_from_active_candidate_pool,topic_capacity_limit,,2026-09-21,Git history and prior public-data snapshots
pubmed-42755258,PubMed,42755258,10.1097/MED.0000000000000979,Normal weight obesity: a South Asian phenotype.,physical-activity-healthspan,physical-activity-healthspan__curated_recent_update_2026_09_late,intake_pending_curation,retired_from_active_candidate_pool,topic_capacity_limit,,2026-09-21,Git history and prior public-data snapshots
pubmed-42755316,PubMed,42755316,10.62713/aic.4560,Effects of Animated Video Instruction Combined With Practical Demonstration Video on Postoperative Functional Exercise Compliance and Rehabilitation Outcomes in Patients Undergoing Arthroscopic Shoulder Surgery.,resistance-training-muscle,resistance-training-muscle__curated_recent_update_2026_09_late,intake_pending_curation,retired_from_active_candidate_pool,topic_capacity_limit,,2026-09-21,Git history and prior public-data snapshots
pubmed-42756500,PubMed,42756500,10.1210/jcemcr/luag284,Simultaneous and recurrent hordeola and chalazia associated with tirzepatide therapy: a case series.,glp1-weight-cardiometabolic,glp1-weight-cardiometabolic__curated_recent_update_2026_09_late,intake_pending_curation,retired_from_active_candidate_pool,topic_capacity_limit,,2026-09-21,Git history and prior public-data snapshots
pubmed-42756549,PubMed,42756549,10.1002/hsr2.73272,Predictors of Short- and Long-Term Major Adverse Cardiac and Cerebrovascular Events (MACCE) After Percutaneous Coronary Intervention: A Cohort Study on the Data of National Persian Registry of Cardiovascular Disease (N-PROVE).,blood-pressure-aging,blood-pressure-aging__curated_recent_update_2026_09_late,intake_pending_curation,retired_from_active_candidate_pool,topic_capacity_limit,,2026-09-21,Git history and prior public-data snapshots
pubmed-42756571,PubMed,42756571,10.1177/20552076261491104,Developing and validating an interpretable machine learning model for frailty risk prediction in patients with chronic diseases.,resistance-training-muscle,resistance-training-muscle__curated_recent_update_2026_09_late,intake_pending_curation,retired_from_active_candidate_pool,topic_capacity_limit,,2026-09-21,Git history and prior public-data snapshots
pubmed-42756715,PubMed,42756715,10.7759/cureus.116396,Improving the Assessment and Management of Constipation in Elderly Inpatients: A Quality Improvement Project in a Geriatric Ward.,resistance-training-muscle,resistance-training-muscle__curated_recent_update_2026_09_late,intake_pending_curation,retired_from_active_candidate_pool,topic_capacity_limit,,2026-09-21,Git history and prior public-data snapshots
pubmed-42756805,PubMed,42756805,10.71480/nmj.v67i5.1419,"Relationship of Sleep Quality and Resting Heart Rate with Academic Performance among Preclinical Medical Students at Yobe State University, Damaturu, Nigeria.",sleep-aging,sleep-aging__curated_recent_update_2026_09_late,intake_pending_curation,retired_from_active_candidate_pool,topic_capacity_limit,,2026-09-21,Git history and prior public-data snapshots
pubmed-42756918,PubMed,42756918,10.1136/wjps-2026-001205,Maternal and perinatal risk factors for necrotizing enterocolitis.,microbiome-inflammaging,microbiome-inflammaging__curated_recent_update_2026_09_late,intake_pending_curation,retired_from_active_candidate_pool,topic_capacity_limit,,2026-09-21,Git history and prior public-data snapshots
pubmed-42757239,PubMed,42757239,10.18332/tid/231379,"Smoking cessation, weight change, and incidence and progression of frailty: A longitudinal analysis of the US Health and Retirement Study.",resistance-training-muscle,resistance-training-muscle__curated_recent_update_2026_09_late,intake_pending_curation,retired_from_active_candidate_pool,topic_capacity_limit,,2026-09-21,Git history and prior public-data snapshots
pubmed-42757386,PubMed,42757386,10.2147/CIA.S643163,"Nutritional Status, Fat-Free Mass Index, and Functional Dependency in Older Adults: A Cross-Sectional Path Analysis.",resistance-training-muscle,resistance-training-muscle__curated_recent_update_2026_09_late,intake_pending_curation,retired_from_active_candidate_pool,topic_capacity_limit,,2026-09-21,Git history and prior public-data snapshots
pubmed-42757472,PubMed,42757472,10.3892/mmr.2026.14020,Mitochondria‑associated endoplasmic reticulum membranes in degenerative musculoskeletal disorders: Mechanistic evidence and therapeutic perspectives (Review).,resistance-training-muscle,resistance-training-muscle__curated_recent_update_2026_09_late,intake_pending_curation,retired_from_active_candidate_pool,topic_capacity_limit,,2026-09-21,Git history and prior public-data snapshots
pubmed-42757508,PubMed,42757508,10.1080/00325481.2026.2724170,Plain language review: non-invasive screening for metabolic dysfunction-associated steatotic liver disease (MASLD) and metabolic dysfunction-associated steatohepatitis (MASH) in primary care.,glp1-weight-cardiometabolic,glp1-weight-cardiometabolic__curated_recent_update_2026_09_late,intake_pending_curation,retired_from_active_candidate_pool,topic_capacity_limit,,2026-09-21,Git history and prior public-data snapshots
pubmed-42757591,PubMed,42757591,10.7189/jogh.16.04326,Association between endometriosis and cardiovascular disease: a population-based cohort study.,blood-pressure-aging,blood-pressure-aging__curated_recent_update_2026_09_late,intake_pending_curation,retired_from_active_candidate_pool,topic_capacity_limit,,2026-09-21,Git history and prior public-data snapshots
pubmed-42757621,PubMed,42757621,10.1097/MPA.0000000000002719,"Commentary on ""Effect of Skeletal Muscle Mass Loss on Outcomes of Patients with Intraductal Papillary Mucinous Neoplasm"".",resistance-training-muscle,resistance-training-muscle__curated_recent_update_2026_09_late,intake_pending_curation,retired_from_active_candidate_pool,non_result_publication_title,,2026-09-21,Git history and prior public-data snapshots
pubmed-42757889,PubMed,42757889,10.1161/JAHA.125.048656,"Association Between Rest-Activity Rhythm and Cardiovascular Disease, Cardiovascular Mortality, and All-Cause Mortality: A Systematic Review and Meta-Analysis.",physical-activity-healthspan,physical-activity-healthspan__curated_recent_update_2026_09_late,intake_pending_curation,retired_from_active_candidate_pool,topic_capacity_limit,,2026-09-21,Git history and prior public-data snapshots
pubmed-42757923,PubMed,42757923,10.1161/JAHA.126.050956,Multivariate Machine Learning Model for Long-Term Risk Prediction of Acute Coronary Syndrome in Patients With Heart Failure With Preserved Ejection Fraction and Obstructive Sleep Apnea.,sleep-aging,sleep-aging__curated_recent_update_2026_09_late,intake_pending_curation,retired_from_active_candidate_pool,topic_capacity_limit,,2026-09-21,Git history and prior public-data snapshots
pubmed-42758011,PubMed,42758011,10.1177/08850666261487160,Critical Care and Transplant Decision-Making in Acute and Acute-on-Chronic Liver Failure: A Scoping Review.,resistance-training-muscle,resistance-training-muscle__curated_recent_update_2026_09_late,intake_pending_curation,retired_from_active_candidate_pool,topic_capacity_limit,,2026-09-21,Git history and prior public-data snapshots
pubmed-42758106,PubMed,42758106,10.1002/bcp.70824,Benzodiazepines use in primary care England: Prescribing patterns and adverse consequences.,sleep-aging,sleep-aging__curated_recent_update_2026_09_late,intake_pending_curation,retired_from_active_candidate_pool,topic_capacity_limit,,2026-09-21,Git history and prior public-data snapshots
pubmed-42758259,PubMed,42758259,10.1007/s11325-026-03811-y,Association of sleep efficiency with cardiac autonomic modulation in young and professional soccer players during pre-season.,sleep-aging,sleep-aging__curated_recent_update_2026_09_late,intake_pending_curation,retired_from_active_candidate_pool,topic_capacity_limit,,2026-09-21,Git history and prior public-data snapshots
pubmed-42758303,PubMed,42758303,10.1007/s00114-026-02160-w,Parental care in Canthon cyanellus cyanellus maintains brood ball moisture and shapes bacterial communities: implications for offspring survival.,microbiome-inflammaging,microbiome-inflammaging__curated_recent_update_2026_09_late,intake_pending_curation,retired_from_active_candidate_pool,topic_capacity_limit,,2026-09-21,Git history and prior public-data snapshots
pubmed-42758304,PubMed,42758304,10.1007/s00125-026-06863-7,Unimolecular GLP-1/APJ receptor co-agonism improves metabolism and dyslipidaemia as well as normalising hepatic triglyceride and aminotransferase elevation in high-fat-fed mice.,glp1-weight-cardiometabolic,glp1-weight-cardiometabolic__curated_recent_update_2026_09_late,intake_pending_curation,retired_from_active_candidate_pool,topic_capacity_limit,,2026-09-21,Git history and prior public-data snapshots
pubmed-42758403,PubMed,42758403,10.1007/s12011-026-05350-9,Selenium Deficiency is a Significant Risk Factor for Sarcopenia: Evidence and Selenoprotein-Mediated Mechanisms.,resistance-training-muscle,resistance-training-muscle__curated_recent_update_2026_09_late,intake_pending_curation,retired_from_active_candidate_pool,topic_capacity_limit,,2026-09-21,Git history and prior public-data snapshots
pubmed-42758431,PubMed,42758431,10.1007/s13679-026-00765-w,When Ultra-Processed Foods are Eaten: The Missing Dimension in Exposure Measurement for Obesity Research.,time-restricted-eating,time-restricted-eating__curated_recent_update_2026_09_late,intake_pending_curation,retired_from_active_candidate_pool,topic_capacity_limit,,2026-09-21,Git history and prior public-data snapshots
pubmed-42758481,PubMed,42758481,10.1080/07380577.2026.2733169,Associations of Cognitive Impairment and Physical Prefrailty with Occupational Dysfunction in Community-Dwelling Older Adults: Accounting for Depressive Tendencies.,resistance-training-muscle,resistance-training-muscle__curated_recent_update_2026_09_late,intake_pending_curation,retired_from_active_candidate_pool,topic_capacity_limit,,2026-09-21,Git history and prior public-data snapshots
pubmed-42758548,PubMed,42758548,10.2215/CJN.0000001220,A Mixed-Methods Study of How Older Adults with Advanced CKD Perceive Kidney Failure Risk.,resistance-training-muscle,resistance-training-muscle__curated_recent_update_2026_09_late,intake_pending_curation,retired_from_active_candidate_pool,topic_capacity_limit,,2026-09-21,Git history and prior public-data snapshots
pubmed-42758549,PubMed,42758549,10.1097/JCN.0000000000001388,"Trajectories of Cognitive Function, Affective Symptoms, and Self-Care in Heart Failure: A Prospective Cohort Study.",resistance-training-muscle,resistance-training-muscle__curated_recent_update_2026_09_late,intake_pending_curation,retired_from_active_candidate_pool,topic_capacity_limit,,2026-09-21,Git history and prior public-data snapshots
pubmed-42759073,PubMed,42759073,10.1016/j.ortho.2026.101245,Efficacy of acetazolamide in adult sleep apnea: A systematic review of randomized controlled trials.,sleep-aging,sleep-aging__curated_recent_update_2026_09_late,intake_pending_curation,retired_from_active_candidate_pool,topic_capacity_limit,,2026-09-21,Git history and prior public-data snapshots
pubmed-42759347,PubMed,42759347,10.1016/j.sleep.2026.109254,A longitudinal case report illustrating diagnostic complexity among overlapping sleep-wake phenotypes.,glp1-weight-cardiometabolic,glp1-weight-cardiometabolic__curated_recent_update_2026_09_late,intake_pending_curation,retired_from_active_candidate_pool,topic_capacity_limit,,2026-09-21,Git history and prior public-data snapshots
pubmed-42759441,PubMed,42759441,10.1016/j.ejso.2026.112156,Spotting the vulnerable: Preoperative risk stratification in non-metastatic colorectal cancer patients aged 80 years and older.,resistance-training-muscle,resistance-training-muscle__curated_recent_update_2026_09_late,intake_pending_curation,retired_from_active_candidate_pool,topic_capacity_limit,,2026-09-21,Git history and prior public-data snapshots
pubmed-42759491,PubMed,42759491,10.1093/g3journal/jkag258,Age-dependent genetic effects contribute to immunosenescence in Drosophila melanogaster.,microbiome-inflammaging,microbiome-inflammaging__curated_recent_update_2026_09_late,intake_pending_curation,retired_from_active_candidate_pool,topic_capacity_limit,,2026-09-21,Git history and prior public-data snapshots
pubmed-42759604,PubMed,42759604,10.1016/j.otsr.2026.104882,Beyond age and comorbidities: frailty and cognitive impairment are associated with early medical complications after surgery for lumbar spinal stenosis in patients aged 75 years and older.,resistance-training-muscle,resistance-training-muscle__curated_recent_update_2026_09_late,intake_pending_curation,retired_from_active_candidate_pool,topic_capacity_limit,,2026-09-21,Git history and prior public-data snapshots
pubmed-42759650,PubMed,42759650,10.1016/j.gastrohep.2026.502855,Prognostic value of the liver fragility index to predict hospitalization and mortality in outpatients with cirrhosis.,resistance-training-muscle,resistance-training-muscle__curated_recent_update_2026_09_late,intake_pending_curation,retired_from_active_candidate_pool,topic_capacity_limit,,2026-09-21,Git history and prior public-data snapshots
pubmed-42759772,PubMed,42759772,10.1016/j.urology.2026.09.014,Trends in the utilization of minimally invasive therapies for overactive bladder among older adults: a national Medicare study.,resistance-training-muscle,resistance-training-muscle__curated_recent_update_2026_09_late,intake_pending_curation,retired_from_active_candidate_pool,topic_capacity_limit,,2026-09-21,Git history and prior public-data snapshots
pubmed-42759776,PubMed,42759776,10.1016/j.bbadis.2026.168470,Oxidative lipoprotein remodelling in atherogenesis: Mechanistic insights and therapeutic potential.,ldl-apob-cardiovascular-risk,ldl-apob-cardiovascular-risk__curated_recent_update_2026_09_late,intake_pending_curation,retired_from_active_candidate_pool,topic_capacity_limit,,2026-09-21,Git history and prior public-data snapshots
pubmed-42759799,PubMed,42759799,10.1016/j.athoracsur.2026.09.026,"Association Between N1 Nodal Assessment, Upstaging, and Survival in Resected Non-Small Cell Lung Cancer.",resistance-training-muscle,resistance-training-muscle__curated_recent_update_2026_09_late,intake_pending_curation,retired_from_active_candidate_pool,topic_capacity_limit,,2026-09-21,Git history and prior public-data snapshots
pubmed-42759809,PubMed,42759809,10.1016/j.prostaglandins.2026.107107,Lifelong Caloric Restriction Reshapes Age-Related Hepatic Oxylipin Profiles and Is Associated with a CYB5R3-Linked Epoxide-Diol Signature.,microbiome-inflammaging,microbiome-inflammaging__curated_recent_update_2026_09_late,intake_pending_curation,retired_from_active_candidate_pool,topic_capacity_limit,,2026-09-21,Git history and prior public-data snapshots
pubmed-42759976,PubMed,42759976,10.1136/bmj-2026-100624,Survival benefit of deceased donor kidney transplantation versus continued dialysis: international target trial emulation.,blood-pressure-aging,blood-pressure-aging__curated_recent_update_2026_09_late,intake_pending_curation,retired_from_active_candidate_pool,topic_capacity_limit,,2026-09-21,Git history and prior public-data snapshots
pubmed-42760082,PubMed,42760082,10.1136/bmjopen-2026-126255,Periodised power training in community-dwelling adults with chronic stroke: a protocol for the Power Exercise for Stroke Recovery (POWER) pilot randomised controlled trial.,resistance-training-muscle,resistance-training-muscle__curated_recent_update_2026_09_late,intake_pending_curation,retired_from_active_candidate_pool,topic_capacity_limit,,2026-09-21,Git history and prior public-data snapshots
pubmed-42760097,PubMed,42760097,10.1136/openhrt-2026-004403,Association between delayed transcatheter aortic valve replacement beyond 6 months and clinical outcomes in severe aortic stenosis: a retrospective observational study.,resistance-training-muscle,resistance-training-muscle__curated_recent_update_2026_09_late,intake_pending_curation,retired_from_active_candidate_pool,topic_capacity_limit,,2026-09-21,Git history and prior public-data snapshots
pubmed-42760144,PubMed,42760144,10.1016/j.ejim.2026.107197,"CKM: Epidemiology, current clinical implications and future burden.",resistance-training-muscle,resistance-training-muscle__curated_recent_update_2026_09_late,intake_pending_curation,retired_from_active_candidate_pool,topic_capacity_limit,,2026-09-21,Git history and prior public-data snapshots
pubmed-42760157,PubMed,42760157,10.1016/j.orcp.2026.09.004,Epigenetic determinants of GLP-1 responsiveness: Integrating dietary modulation beyond genetics.,glp1-weight-cardiometabolic,glp1-weight-cardiometabolic__curated_recent_update_2026_09_late,intake_pending_curation,retired_from_active_candidate_pool,topic_capacity_limit,,2026-09-21,Git history and prior public-data snapshots
pubmed-42760198,PubMed,42760198,10.1016/j.hlc.2026.05.013,Achieving ≥90% of the Age-Predicted Treadmill Time for Commercial Vehicle Operation Does Not Predict Future Cardiovascular Events.,physical-activity-healthspan,physical-activity-healthspan__curated_recent_update_2026_09_late,intake_pending_curation,retired_from_active_candidate_pool,topic_capacity_limit,,2026-09-21,Git history and prior public-data snapshots
pubmed-42760211,PubMed,42760211,10.1016/j.arbres.2026.07.014,Reference Equations for Maximal Sniff Nasal Inspiratory Pressure in Healthy Children and Adolescents.,resistance-training-muscle,resistance-training-muscle__curated_recent_update_2026_09_late,intake_pending_curation,retired_from_active_candidate_pool,topic_capacity_limit,,2026-09-21,Git history and prior public-data snapshots
pubmed-42760258,PubMed,42760258,10.1093/gerona/glag230,Performance of Chronic Conditions Data Warehouse Algorithms in Medicare Advantage and Fee-For-Service Populations.,resistance-training-muscle,resistance-training-muscle__curated_recent_update_2026_09_late,intake_pending_curation,retired_from_active_candidate_pool,topic_capacity_limit,,2026-09-21,Git history and prior public-data snapshots
pubmed-42760270,PubMed,42760270,10.1080/1061186X.2026.2735986,Senescence-Associated Extracellular Vesicles in Skin Aging and Regeneration: From Pathophysiology to Therapeutic Opportunities.,senolytics,senolytics__curated_recent_update_2026_09_late,intake_pending_curation,retired_from_active_candidate_pool,topic_capacity_limit,,2026-09-21,Git history and prior public-data snapshots
pubmed-42760348,PubMed,42760348,10.1038/s41415-026-0083-z,Rethinking systemic adjuncts in periodontitis: a single centre acquisition cost comparison of antimicrobial and non-antimicrobial therapies.,metformin-aging,metformin-aging__curated_recent_update_2026_09_late,intake_pending_curation,retired_from_active_candidate_pool,topic_capacity_limit,,2026-09-21,Git history and prior public-data snapshots
pubmed-42760621,PubMed,42760621,10.1177/10600280261486055,Orforglipron: An Oral GLP-1 Receptor Agonist for Obesity Treatment.,glp1-weight-cardiometabolic,glp1-weight-cardiometabolic__curated_recent_update_2026_09_late,intake_pending_curation,retired_from_active_candidate_pool,topic_capacity_limit,,2026-09-21,Git history and prior public-data snapshots
pubmed-42760691,PubMed,42760691,10.1097/MD.0000000000050662,National mortality trends due to OSA and respiratory failure in U.S adults from 1999-2023: Insights from the CDC-WONDER database.,sleep-aging,sleep-aging__curated_recent_update_2026_09_late,intake_pending_curation,retired_from_active_candidate_pool,topic_capacity_limit,,2026-09-21,Git history and prior public-data snapshots
pubmed-42760692,PubMed,42760692,10.1097/MD.0000000000050756,Monocyte-to-HDL cholesterol ratio and cardiovascular comorbidity in COPD: Evidence from NHANES 2007 to 2018.,blood-pressure-aging,blood-pressure-aging__curated_recent_update_2026_09_late,intake_pending_curation,retired_from_active_candidate_pool,topic_capacity_limit,,2026-09-21,Git history and prior public-data snapshots
pubmed-42760726,PubMed,42760726,10.1097/MD.0000000000050790,"Epidemiological characteristics and clinical implications of Vibrio vulnificus infections in western Gyeongsangnam-do, Korea: A retrospective observational study.",blood-pressure-aging,blood-pressure-aging__curated_recent_update_2026_09_late,intake_pending_curation,retired_from_active_candidate_pool,topic_capacity_limit,,2026-09-21,Git history and prior public-data snapshots
pubmed-42760739,PubMed,42760739,10.1097/MD.0000000000050770,Association between serum uric acid and benign prostatic hyperplasia among Chinese men aged 45 years or older: A prospective cohort study.,blood-pressure-aging,blood-pressure-aging__curated_recent_update_2026_09_late,intake_pending_curation,retired_from_active_candidate_pool,topic_capacity_limit,,2026-09-21,Git history and prior public-data snapshots
pubmed-42761161,PubMed,42761161,10.1002/hsr2.73255,Multidimensional Assessment of Nutritional Status Among Hospitalized Older Adults With Pneumonia at a Tertiary Hospital in Ghana: A Descriptive Cross-Sectional Study.,resistance-training-muscle,resistance-training-muscle__curated_recent_update_2026_09_late,intake_pending_curation,retired_from_active_candidate_pool,topic_capacity_limit,,2026-09-21,Git history and prior public-data snapshots
pubmed-42761967,PubMed,42761967,10.1162/IMAG.a.1352,Brain-age in ultra-low-field MRI: How well does it work?,epigenetic-clocks,epigenetic-clocks__curated_recent_update_2026_09_late,intake_pending_curation,retired_from_active_candidate_pool,topic_capacity_limit,,2026-09-21,Git history and prior public-data snapshots
pubmed-42762145,PubMed,42762145,10.3791/70872,Biopolymeric Approaches for Colon Cancer Treatment: A Comprehensive Review of Polysaccharide-based Delivery Systems.,microbiome-inflammaging,microbiome-inflammaging__curated_recent_update_2026_09_late,intake_pending_curation,retired_from_active_candidate_pool,topic_capacity_limit,,2026-09-21,Git history and prior public-data snapshots
pubmed-42762322,PubMed,42762322,10.1007/s00421-026-06443-y,Eccentric contraction duration in bodyweight resistance exercise training for changes in physical function and health parameters of older adults.,resistance-training-muscle,resistance-training-muscle__curated_recent_update_2026_09_late,intake_pending_curation,retired_from_active_candidate_pool,topic_capacity_limit,,2026-09-21,Git history and prior public-data snapshots
pubmed-42762629,PubMed,42762629,10.1016/j.archger.2026.106414,Characteristics and predictors of frequent emergency department presentation and patient-reported care experiences among older adults: A retrospective cohort and survey study.,resistance-training-muscle,resistance-training-muscle__curated_recent_update_2026_09_late,intake_pending_curation,retired_from_active_candidate_pool,topic_capacity_limit,,2026-09-21,Git history and prior public-data snapshots
pubmed-42762804,PubMed,42762804,10.1016/j.jacadv.2026.103242,Markers of Autonomic Function and Cancer Mortality Risk in Healthy Adults.,cardiorespiratory-fitness,cardiorespiratory-fitness__curated_recent_update_2026_09_late,intake_pending_curation,retired_from_active_candidate_pool,topic_capacity_limit,,2026-09-21,Git history and prior public-data snapshots
pubmed-42762896,PubMed,42762896,10.1016/j.tjnut.2026.101836,"Schisandra chinensis Modulates Cellular Senescence through Integrated Regulation of Redox, Mitochondrial, and Inflammatory Homeostasis.",resistance-training-muscle,resistance-training-muscle__curated_recent_update_2026_09_late,intake_pending_curation,retired_from_active_candidate_pool,topic_capacity_limit,,2026-09-21,Git history and prior public-data snapshots
pubmed-42762980,PubMed,42762980,10.1016/j.eprac.2026.09.006,Changes in Abdominal Adiposity and Associations With Metabolic Health Markers Following Tirzepatide in Japanese Participants With Obesity Disease: Results From the SURMOUNT-J Study.,glp1-weight-cardiometabolic,glp1-weight-cardiometabolic__curated_recent_update_2026_09_late,intake_pending_curation,retired_from_active_candidate_pool,topic_capacity_limit,,2026-09-21,Git history and prior public-data snapshots
pubmed-42762982,PubMed,42762982,10.1016/j.chest.2026.08.050,Multicomponent Pulmonary Rehabilitation for Prolonged Mechanical Ventilation in Patients Aged 80 Years or Older: A Randomized Controlled Trial.,resistance-training-muscle,resistance-training-muscle__curated_recent_update_2026_09_late,intake_pending_curation,retired_from_active_candidate_pool,topic_capacity_limit,,2026-09-21,Git history and prior public-data snapshots
pubmed-42763076,PubMed,42763076,10.1016/j.exger.2026.113331,High BMI-attributable burden of eight diseases relevant to the CKM framework in China: GBD 2023 estimates and projections to 2050.,blood-pressure-aging,blood-pressure-aging__curated_recent_update_2026_09_late,intake_pending_curation,retired_from_active_candidate_pool,topic_capacity_limit,,2026-09-21,Git history and prior public-data snapshots
pubmed-42763326,PubMed,42763326,10.1038/s41388-026-03989-1,"Beyond the blood-brain barrier: humanised mice, the missing link in glioblastoma research.",microbiome-inflammaging,microbiome-inflammaging__curated_recent_update_2026_09_late,intake_pending_curation,retired_from_active_candidate_pool,topic_capacity_limit,,2026-09-21,Git history and prior public-data snapshots
pubmed-42763347,PubMed,42763347,10.1038/s41370-026-00977-1,A dangerous combination: how co-occurring floods and blackouts increase cardiovascular hospitalizations.,blood-pressure-aging,blood-pressure-aging__curated_recent_update_2026_09_late,intake_pending_curation,retired_from_active_candidate_pool,topic_capacity_limit,,2026-09-21,Git history and prior public-data snapshots
pubmed-42763448,PubMed,42763448,10.12688/f1000research.182846.4,"Sex Differences in the Prevalence and Correlates of Sleep Disturbance Among Indonesian Stroke Survivors: A Population-Based Study of 7,147 Individuals.",sleep-aging,sleep-aging__curated_recent_update_2026_09_late,intake_pending_curation,retired_from_active_candidate_pool,topic_capacity_limit,,2026-09-21,Git history and prior public-data snapshots
pubmed-42763636,PubMed,42763636,10.64719/pb.20773,"Auvelity (Dextromethorphan-Bupropion) for Agitation and Aggression in Alzheimer's Disease Dementia: Mechanism, Efficacy, Safety, and Clinical Considerations.",blood-pressure-aging,blood-pressure-aging__curated_recent_update_2026_09_late,intake_pending_curation,retired_from_active_candidate_pool,topic_capacity_limit,,2026-09-21,Git history and prior public-data snapshots
pubmed-42763732,PubMed,42763732,10.2147/DMSO.S616418,Efficacy and Safety of CagriSema for Metabolic Outcomes: Systematic Review and Pairwise Meta-Analysis of Randomized Controlled Trials.,glp1-weight-cardiometabolic,glp1-weight-cardiometabolic__curated_recent_update_2026_09_late,intake_pending_curation,retired_from_active_candidate_pool,topic_capacity_limit,,2026-09-21,Git history and prior public-data snapshots
pubmed-42763880,PubMed,42763880,10.1556/650.2026.33671,"[Observation of the impact of nutritional support with beta-hydroxy-beta-methylbutyrate on lean mass parameters of body composition in patients with obesity, type 2 diabetes mellitus and metabolically associated fatty liver disease].",resistance-training-muscle,resistance-training-muscle__curated_recent_update_2026_09_late,intake_pending_curation,retired_from_active_candidate_pool,topic_capacity_limit,,2026-09-21,Git history and prior public-data snapshots
pubmed-42764081,PubMed,42764081,10.1016/j.exger.2026.113327,Preliminary findings on the enhancement of skeletal muscle structure and function in aged male mice by P7C3 activation of nicotinamide phosphoribosyl transferase (NAMPT).,resistance-training-muscle,resistance-training-muscle__curated_recent_update_2026_09_late,intake_pending_curation,retired_from_active_candidate_pool,topic_capacity_limit,,2026-09-21,Git history and prior public-data snapshots
pubmed-42764083,PubMed,42764083,10.1016/j.ijpharm.2026.127394,Cargo-aware design of dissolving microneedles: an FEA-guided rational framework reveals distinct delivery mechanisms for small and large molecules.,glp1-weight-cardiometabolic,glp1-weight-cardiometabolic__curated_recent_update_2026_09_late,intake_pending_curation,retired_from_active_candidate_pool,topic_capacity_limit,,2026-09-21,Git history and prior public-data snapshots
pubmed-42764089,PubMed,42764089,10.1016/j.abb.2026.111006,A Matter of Balance: Heme Oxygenase-1 at the Crossroads of Healthy and Pathological Aging.,resistance-training-muscle,resistance-training-muscle__curated_recent_update_2026_09_late,intake_pending_curation,retired_from_active_candidate_pool,topic_capacity_limit,,2026-09-21,Git history and prior public-data snapshots
pubmed-42764115,PubMed,42764115,10.1016/j.exer.2026.111242,NAD(+)-sirtuin-mitochondrial quality control in lens epithelial cells: a candidate modulatory network in crystalline lens aging.,autophagy-mitophagy,autophagy-mitophagy__curated_recent_update_2026_09_late,intake_pending_curation,retired_from_active_candidate_pool,topic_capacity_limit,,2026-09-21,Git history and prior public-data snapshots
pubmed-42764136,PubMed,42764136,10.1016/j.bbi.2026.107023,CSenescence-associated-secretory phenotype proteins and inflammatory pathways are involved in psychosis: A transdiagnostic study using the Human Connectome Project for early psychosis (HCP-EP) data.,microbiome-inflammaging,microbiome-inflammaging__curated_recent_update_2026_09_late,intake_pending_curation,retired_from_active_candidate_pool,topic_capacity_limit,,2026-09-21,Git history and prior public-data snapshots
