candidate_id,source,pmid,doi,title_en,topic_id,previous_query,previous_status,decision,reason,duplicate_of,retired_date,recovery_source
clinicaltrials-NCT06693271,ClinicalTrials.gov,,,"Investigating the Combined Effects of Protein, Blueberries, and Exercise on Cardiovascular Health and Frailty in Older Nova Scotians",physical-activity-healthspan,frailty_multidomain,active_candidate_needs_review,retired_from_active_candidate_pool,topic_capacity_limit,,2026-09-13,Git history and prior public-data snapshots
clinicaltrials-NCT06975540,ClinicalTrials.gov,,,Synergy of Exercise and Nutrition in Preventing and Treating Frailty,physical-activity-healthspan,frailty_multidomain,active_candidate_needs_review,retired_from_active_candidate_pool,topic_capacity_limit,,2026-09-13,Git history and prior public-data snapshots
crossref-10.1097/md.0000000000030689,Crossref,,10.1097/md.0000000000030689,Preoperative walking intervention did not appear to improve patient-reported postoperative recovery in older adults with frailty traits: Randomized trial,physical-activity-healthspan,frailty_multidomain_interventions,active_candidate_needs_review,retired_from_active_candidate_pool,topic_capacity_limit,,2026-09-13,Git history and prior public-data snapshots
crossref-10.21203/rs.3.rs-3238684/v1,Crossref,,10.21203/rs.3.rs-3238684/v1,Physical activity interventions to reduce fear of falling in older adults with frailty: a systematic review of randomized controlled trials,physical-activity-healthspan,frailty_multidomain_interventions,active_candidate_needs_review,retired_from_active_candidate_pool,topic_capacity_limit,,2026-09-13,Git history and prior public-data snapshots
pubmed-10353069,PubMed,10353069,10.1177/204748739900600206,Lipoprotein (a) and apoprotein B in an apparently healthy population of fighter pilots and ground personnel: their significance as potential markers of atherosclerosis.,ldl-apob-cardiovascular-risk,ldl-apob-cardiovascular-risk__high_design,active_candidate_needs_review,retired_from_active_candidate_pool,topic_capacity_limit,,2026-09-13,Git history and prior public-data snapshots
pubmed-10389215,PubMed,10389215,,Multilocus approach to cardiovascular risk.,ldl-apob-cardiovascular-risk,ldl-apob-cardiovascular-risk__high_design,active_candidate_needs_review,retired_from_active_candidate_pool,topic_capacity_limit,,2026-09-13,Git history and prior public-data snapshots
pubmed-1645643,PubMed,1645643,10.1016/0197-2456(91)90028-k,Program on the Surgical Control of the Hyperlipidemias (POSCH): patient entry characteristics. The POSCH Group.,ldl-apob-cardiovascular-risk,ldl-apob-cardiovascular-risk__high_design,active_candidate_needs_review,retired_from_active_candidate_pool,topic_capacity_limit,,2026-09-13,Git history and prior public-data snapshots
pubmed-1952472,PubMed,1952472,10.7326/0003-4819-115-11-860,Effects of tamoxifen on cardiovascular risk factors in postmenopausal women.,ldl-apob-cardiovascular-risk,ldl-apob-cardiovascular-risk__high_design,active_candidate_needs_review,retired_from_active_candidate_pool,topic_capacity_limit,,2026-09-13,Git history and prior public-data snapshots
pubmed-20301298,PubMed,20301298,,Dystrophinopathies.,resistance-training-muscle,resistance-training-muscle__recent_update_2026_09_mid,intake_pending_curation,retired_from_active_candidate_pool,topic_capacity_limit,,2026-09-13,Git history and prior public-data snapshots
pubmed-23564803,PubMed,23564803,,Obesity and physical inactivity are related to impaired physical health of breast cancer survivors.,ldl-apob-cardiovascular-risk,ldl-apob-cardiovascular-risk__high_design,active_candidate_needs_review,retired_from_active_candidate_pool,topic_capacity_limit,,2026-09-13,Git history and prior public-data snapshots
pubmed-24374232,PubMed,24374232,10.1016/j.arr.2013.12.005,Redox proteomics and the dynamic molecular landscape of the aging brain.,caloric-restriction-human,caloric-restriction-human__recent_review_trial,active_candidate_needs_review,retired_from_active_candidate_pool,topic_capacity_limit,,2026-09-13,Git history and prior public-data snapshots
pubmed-24388149,PubMed,24388149,10.1016/j.tem.2013.12.001,SIRT1 and other sirtuins in metabolism.,caloric-restriction-human,caloric-restriction-human__recent_review_trial,active_candidate_needs_review,retired_from_active_candidate_pool,topic_capacity_limit,,2026-09-13,Git history and prior public-data snapshots
pubmed-27721062,PubMed,27721062,10.1016/j.arr.2016.09.012,Molecular pathology endpoints useful for aging studies.,metformin-aging,metformin-aging__recent_review_trial,active_candidate_needs_review,retired_from_active_candidate_pool,topic_capacity_limit,,2026-09-13,Git history and prior public-data snapshots
pubmed-27981444,PubMed,27981444,10.1007/s40264-016-0485-y,Hyperglycaemia Induced by Novel Anticancer Agents: An Undesirable Complication or a Potential Therapeutic Opportunity?,metformin-aging,metformin-aging__recent_review_trial,active_candidate_needs_review,retired_from_active_candidate_pool,topic_capacity_limit,,2026-09-13,Git history and prior public-data snapshots
pubmed-28055075,PubMed,28055075,10.7326/M16-1860,Oral Pharmacologic Treatment of Type 2 Diabetes Mellitus: A Clinical Practice Guideline Update From the American College of Physicians.,metformin-aging,metformin-aging__high_weight_journal,active_candidate_needs_review,retired_from_active_candidate_pool,topic_capacity_limit,,2026-09-13,Git history and prior public-data snapshots
pubmed-29906425,PubMed,29906425,10.1016/j.amjmed.2018.05.022,Diastolic Hypotension May Attenuate Benefits from Intensive Systolic Targets: Secondary Analysis of a Randomized Controlled Trial.,blood-pressure-aging,blood-pressure-aging__recent_review_trial,selected_finding_draft,retired_from_active_candidate_pool,topic_capacity_limit,,2026-09-13,Git history and prior public-data snapshots
pubmed-30526770,PubMed,30526770,10.5483/BMBRep.2019.52.1.293,Senotherapeutics: emerging strategy for healthy aging and age-related disease.,senolytics,senolytics__recent_review_trial,active_candidate_needs_review,retired_from_active_candidate_pool,topic_capacity_limit,,2026-09-13,Git history and prior public-data snapshots
pubmed-30806947,PubMed,30806947,10.1007/s11914-019-00504-2,Targeting Cell Senescence for the Treatment of Age-Related Bone Loss.,senolytics,senolytics__recent_review_trial,active_candidate_needs_review,retired_from_active_candidate_pool,topic_capacity_limit,,2026-09-13,Git history and prior public-data snapshots
pubmed-30871021,PubMed,30871021,10.3390/ijms20051239,The Role of Curcumin in the Modulation of Ageing.,senolytics,senolytics__recent_review_trial,active_candidate_needs_review,retired_from_active_candidate_pool,topic_capacity_limit,,2026-09-13,Git history and prior public-data snapshots
pubmed-31211858,PubMed,31211858,10.1002/1873-3468.13498,Mitochondrial dysfunction and cell senescence: deciphering a complex relationship.,senolytics,senolytics__recent_review_trial,active_candidate_needs_review,retired_from_active_candidate_pool,topic_capacity_limit,,2026-09-13,Git history and prior public-data snapshots
pubmed-31230380,PubMed,31230380,10.1002/hep.30834,The Role of Senescence in the Development of Nonalcoholic Fatty Liver Disease and Progression to Nonalcoholic Steatohepatitis.,senolytics,senolytics__recent_review_trial,active_candidate_needs_review,retired_from_active_candidate_pool,topic_capacity_limit,,2026-09-13,Git history and prior public-data snapshots
pubmed-31292558,PubMed,31292558,10.1038/s41586-019-1365-2,From discoveries in ageing research to therapeutics for healthy ageing.,senolytics,senolytics__high_weight_journal,active_candidate_needs_review,retired_from_active_candidate_pool,topic_capacity_limit,,2026-09-13,Git history and prior public-data snapshots
pubmed-31619084,PubMed,31619084,10.1177/2047487319877078,Progression of conventional cardiovascular risk factors and vascular disease risk in individuals: insights from the PROG-IMT consortium.,blood-pressure-aging,blood-pressure-aging__high_design,active_candidate_needs_review,retired_from_active_candidate_pool,topic_capacity_limit,,2026-09-13,Git history and prior public-data snapshots
pubmed-31686375,PubMed,31686375,10.1007/s11357-019-00116-9,Nanodelivery of phytobioactive compounds for treating aging-associated disorders.,senolytics,senolytics__high_weight_journal,active_candidate_needs_review,retired_from_active_candidate_pool,topic_capacity_limit,,2026-09-13,Git history and prior public-data snapshots
pubmed-31699799,PubMed,31699799,10.1136/jech-2019-212825,Ethnicity and risk of diagnosed dementia after stroke: a cohort study using the Clinical Practice Research Datalink.,blood-pressure-aging,blood-pressure-aging__high_design,active_candidate_needs_review,retired_from_active_candidate_pool,topic_capacity_limit,,2026-09-13,Git history and prior public-data snapshots
pubmed-31879264,PubMed,31879264,10.1016/j.semcdb.2019.12.008,Senotherapeutics: Targeting senescence in idiopathic pulmonary fibrosis.,senolytics,senolytics__recent_review_trial,active_candidate_needs_review,retired_from_active_candidate_pool,topic_capacity_limit,,2026-09-13,Git history and prior public-data snapshots
pubmed-31958492,PubMed,31958492,10.1016/j.exger.2020.110836,Cell senescence and fibrotic lung diseases.,senolytics,senolytics__recent_review_trial,active_candidate_needs_review,retired_from_active_candidate_pool,topic_capacity_limit,,2026-09-13,Git history and prior public-data snapshots
pubmed-32171687,PubMed,32171687,10.1016/j.mad.2020.111229,Oncogene-induced senescence: From biology to therapy.,senolytics,senolytics__recent_review_trial,active_candidate_needs_review,retired_from_active_candidate_pool,topic_capacity_limit,,2026-09-13,Git history and prior public-data snapshots
pubmed-32215170,PubMed,32215170,10.1155/2020/2583601,The Emerging Role of Senescence in Ocular Disease.,senolytics,senolytics__recent_review_trial,active_candidate_needs_review,retired_from_active_candidate_pool,topic_capacity_limit,,2026-09-13,Git history and prior public-data snapshots
pubmed-32279618,PubMed,32279618,10.1161/STROKEAHA.119.027791,Association Between Immigration Status and Acute Stroke Care: A Retrospective Study.,blood-pressure-aging,blood-pressure-aging__high_design,active_candidate_needs_review,retired_from_active_candidate_pool,topic_capacity_limit,,2026-09-13,Git history and prior public-data snapshots
pubmed-32356089,PubMed,32356089,10.1007/s11904-020-00496-0,Senotherapeutics and HIV-1 Persistence.,senolytics,senolytics__recent_review_trial,active_candidate_needs_review,retired_from_active_candidate_pool,topic_capacity_limit,,2026-09-13,Git history and prior public-data snapshots
pubmed-32486335,PubMed,32486335,10.3390/ijerph17113893,Habitual Combined Exercise Protects against Age-Associated Decline in Vascular Function and Lipid Profiles in Elderly Postmenopausal Women.,blood-pressure-aging,blood-pressure-aging__high_design,active_candidate_needs_review,retired_from_active_candidate_pool,topic_capacity_limit,,2026-09-13,Git history and prior public-data snapshots
pubmed-32535888,PubMed,32535888,10.1111/eci.13321,Multi-parametric system for risk stratification in mitral regurgitation: A multi-task Gaussian prediction approach.,blood-pressure-aging,blood-pressure-aging__high_design,active_candidate_needs_review,retired_from_active_candidate_pool,topic_capacity_limit,,2026-09-13,Git history and prior public-data snapshots
pubmed-32554949,PubMed,32554949,10.5551/jat.53629,Atrial Fibrillation With and Without Cardiovascular Risk Factors and Stroke Mortality.,blood-pressure-aging,blood-pressure-aging__high_design,active_candidate_needs_review,retired_from_active_candidate_pool,topic_capacity_limit,,2026-09-13,Git history and prior public-data snapshots
pubmed-32600784,PubMed,32600784,10.1016/j.amjcard.2020.05.035,Baseline CHADS2 Score and Risk of Cardiovascular Events in the Population Without Atrial Fibrillation.,blood-pressure-aging,blood-pressure-aging__high_design,active_candidate_needs_review,retired_from_active_candidate_pool,topic_capacity_limit,,2026-09-13,Git history and prior public-data snapshots
pubmed-32732345,PubMed,32732345,10.1136/bjophthalmol-2020-316499,Intraocular pressure and circumpapillary retinal nerve fibre layer thickness in the Northern Ireland Cohort for the Longitudinal Study of Ageing (NICOLA): distributions and associations.,blood-pressure-aging,blood-pressure-aging__high_design,active_candidate_needs_review,retired_from_active_candidate_pool,topic_capacity_limit,,2026-09-13,Git history and prior public-data snapshots
pubmed-32854138,PubMed,32854138,10.1111/joim.13170,"Calcium channel blockers, survival and ischaemic stroke in patients with dementia: a Swedish registry study.",blood-pressure-aging,blood-pressure-aging__high_design,active_candidate_needs_review,retired_from_active_candidate_pool,topic_capacity_limit,,2026-09-13,Git history and prior public-data snapshots
pubmed-32895017,PubMed,32895017,10.1161/HYPERTENSIONAHA.120.14971,Early and Supernormal Vascular Aging: Clinical Characteristics and Association With Incident Cardiovascular Events.,blood-pressure-aging,blood-pressure-aging__high_design,active_candidate_needs_review,retired_from_active_candidate_pool,topic_capacity_limit,,2026-09-13,Git history and prior public-data snapshots
pubmed-32969145,PubMed,32969145,10.1002/art.41529,Cardiovascular and Renal Morbidity in Takayasu Arteritis: A Population-Based Retrospective Cohort Study From the United Kingdom.,blood-pressure-aging,blood-pressure-aging__high_design,active_candidate_needs_review,retired_from_active_candidate_pool,topic_capacity_limit,,2026-09-13,Git history and prior public-data snapshots
pubmed-33041313,PubMed,33041313,10.5551/jat.58958,"Estimation of 10-Year Risk of Death from Coronary Heart Disease, Stroke, and Cardiovascular Disease in a Pooled Analysis of Japanese Cohorts: EPOCH-JAPAN.",blood-pressure-aging,blood-pressure-aging__high_design,active_candidate_needs_review,retired_from_active_candidate_pool,topic_capacity_limit,,2026-09-13,Git history and prior public-data snapshots
pubmed-33069327,PubMed,33069327,10.1016/S0140-6736(20)30752-2,"Global burden of 87 risk factors in 204 countries and territories, 1990-2019: a systematic analysis for the Global Burden of Disease Study 2019.",dietary-pattern-longevity,dietary-pattern-longevity__high_weight_journal,active_candidate_needs_review,retired_from_active_candidate_pool,topic_capacity_limit,,2026-09-13,Git history and prior public-data snapshots
pubmed-33247419,PubMed,33247419,10.1007/s10654-020-00694-5,Hypothetical blood-pressure-lowering interventions and risk of stroke and dementia.,blood-pressure-aging,blood-pressure-aging__high_design,active_candidate_needs_review,retired_from_active_candidate_pool,topic_capacity_limit,,2026-09-13,Git history and prior public-data snapshots
pubmed-33293549,PubMed,33293549,10.1038/s41467-020-19111-2,Cerebral small vessel disease genomics and its implications across the lifespan.,blood-pressure-aging,blood-pressure-aging__high_design,active_candidate_needs_review,retired_from_active_candidate_pool,topic_capacity_limit,,2026-09-13,Git history and prior public-data snapshots
pubmed-33509399,PubMed,33509399,10.1016/j.jacc.2020.09.619,Supplemental Vitamins and Minerals for Cardiovascular Disease Prevention and Treatment: JACC Focus Seminar.,dietary-pattern-longevity,dietary-pattern-longevity__high_weight_journal,active_candidate_needs_review,retired_from_active_candidate_pool,topic_capacity_limit,,2026-09-13,Git history and prior public-data snapshots
pubmed-34144310,PubMed,34144310,10.1016/j.nutres.2021.05.001,Snacking patterns throughout the life span: potential implications on health.,dietary-pattern-longevity,dietary-pattern-longevity__recent_review_trial,active_candidate_needs_review,retired_from_active_candidate_pool,topic_capacity_limit,,2026-09-13,Git history and prior public-data snapshots
pubmed-34326206,PubMed,34326206,10.1126/science.abj1696,"Comment on ""Nicotinamide mononucleotide increases muscle insulin sensitivity in prediabetic women"".",nad-nmn-nr-aging,nad-nmn-nr-aging__high_weight_journal,active_candidate_needs_review,retired_from_active_candidate_pool,non_result_publication_title,,2026-09-13,Git history and prior public-data snapshots
pubmed-35325078,PubMed,35325078,10.1093/eurheartj/ehac113,"Risk factors, cardiovascular disease, and mortality in South America: a PURE substudy.",dietary-pattern-longevity,dietary-pattern-longevity__high_weight_journal,active_candidate_needs_review,retired_from_active_candidate_pool,topic_capacity_limit,,2026-09-13,Git history and prior public-data snapshots
pubmed-35731140,PubMed,35731140,10.1093/eurheartj/ehac268,Modifiable risk factors associated with cardiovascular disease and mortality in China: a PURE substudy.,dietary-pattern-longevity,dietary-pattern-longevity__high_weight_journal,active_candidate_needs_review,retired_from_active_candidate_pool,topic_capacity_limit,,2026-09-13,Git history and prior public-data snapshots
pubmed-35731159,PubMed,35731159,10.1093/eurheartj/ehac249,"Cardiovascular disease, mortality, and their associations with modifiable risk factors in a multi-national South Asia cohort: a PURE substudy.",dietary-pattern-longevity,dietary-pattern-longevity__high_weight_journal,active_candidate_needs_review,retired_from_active_candidate_pool,topic_capacity_limit,,2026-09-13,Git history and prior public-data snapshots
pubmed-35807954,PubMed,35807954,10.3390/nu14132774,Healthy Taiwanese Eating Approach (TEA) toward Total Wellbeing and Healthy Longevity.,dietary-pattern-longevity,dietary-pattern-longevity__recent_review_trial,active_candidate_needs_review,retired_from_active_candidate_pool,topic_capacity_limit,,2026-09-13,Git history and prior public-data snapshots
pubmed-35895871,PubMed,35895871,10.1111/acel.13672,Corrigendum to: 17-a-estradiol late in life extends lifespan in aging UM-HET3 male mice; nicotinamide riboside and three other drugs do not affect lifespan in either sex.,nad-nmn-nr-aging,nad-nmn-nr-aging__high_weight_journal,active_candidate_needs_review,retired_from_active_candidate_pool,non_result_publication_title,,2026-09-13,Git history and prior public-data snapshots
pubmed-36346411,PubMed,36346411,10.1001/jama.2022.19590,Treatment of Hypertension: A Review.,dietary-pattern-longevity,dietary-pattern-longevity__high_weight_journal,active_candidate_needs_review,retired_from_active_candidate_pool,topic_capacity_limit,,2026-09-13,Git history and prior public-data snapshots
pubmed-36638792,PubMed,36638792,10.1016/j.cell.2022.12.027,Loss of epigenetic information as a cause of mammalian aging.,epigenetic-clocks,epigenetic-clocks__high_weight_journal,active_candidate_needs_review,retired_from_active_candidate_pool,topic_capacity_limit,,2026-09-13,Git history and prior public-data snapshots
pubmed-36752898,PubMed,36752898,10.1007/s11357-022-00714-0,Cardiovascular correlates of epigenetic aging across the adult lifespan: a population-based study.,epigenetic-clocks,epigenetic-clocks__high_weight_journal,active_candidate_needs_review,retired_from_active_candidate_pool,topic_capacity_limit,,2026-09-13,Git history and prior public-data snapshots
pubmed-36928450,PubMed,36928450,10.1186/s43044-023-00344-7,"Comment on: ""exercise training and cardiac autonomic function following coronary artery bypass grafting: a systematic review and meta-analysis"".",cardiorespiratory-fitness,cardiorespiratory-fitness__recent_review_trial,active_candidate_needs_review,retired_from_active_candidate_pool,non_result_publication_title,,2026-09-13,Git history and prior public-data snapshots
pubmed-37024597,PubMed,37024597,10.1038/s41591-023-02296-6,Heterogeneous aging across multiple organ systems and prediction of chronic disease and mortality.,epigenetic-clocks,epigenetic-clocks__high_weight_journal,active_candidate_needs_review,retired_from_active_candidate_pool,topic_capacity_limit,,2026-09-13,Git history and prior public-data snapshots
pubmed-37034474,PubMed,37034474,10.1038/s43587-022-00220-0,The relationship between epigenetic age and the hallmarks of aging in human cells.,epigenetic-clocks,epigenetic-clocks__high_weight_journal,active_candidate_needs_review,retired_from_active_candidate_pool,topic_capacity_limit,,2026-09-13,Git history and prior public-data snapshots
pubmed-37082972,PubMed,37082972,10.1089/rej.2022.0059,Epigenetic Modifiers as Game Changers for Healthy Aging.,epigenetic-clocks,epigenetic-clocks__recent_review_trial,active_candidate_needs_review,retired_from_active_candidate_pool,topic_capacity_limit,,2026-09-13,Git history and prior public-data snapshots
pubmed-37129365,PubMed,37129365,10.1111/acel.13861,Age-related telomere attrition in the human putamen.,epigenetic-clocks,epigenetic-clocks__high_weight_journal,active_candidate_needs_review,retired_from_active_candidate_pool,topic_capacity_limit,,2026-09-13,Git history and prior public-data snapshots
pubmed-37265181,PubMed,37265181,10.1097/MOG.0000000000000943,Managing the older adult with inflammatory bowel disease: is age just a number?,epigenetic-clocks,epigenetic-clocks__recent_review_trial,active_candidate_needs_review,retired_from_active_candidate_pool,topic_capacity_limit,,2026-09-13,Git history and prior public-data snapshots
pubmed-37300327,PubMed,37300327,10.1111/acel.13872,Explainable machine learning framework to predict personalized physiological aging.,epigenetic-clocks,epigenetic-clocks__high_weight_journal,active_candidate_needs_review,retired_from_active_candidate_pool,topic_capacity_limit,,2026-09-13,Git history and prior public-data snapshots
pubmed-37319212,PubMed,37319212,10.1126/science.adg0934,Aging Fly Cell Atlas identifies exhaustive aging features at cellular resolution.,epigenetic-clocks,epigenetic-clocks__high_weight_journal,active_candidate_needs_review,retired_from_active_candidate_pool,topic_capacity_limit,,2026-09-13,Git history and prior public-data snapshots
pubmed-37339167,PubMed,37339167,10.1093/eurheartj/ehad361,Subclinical atherosclerosis and accelerated epigenetic age mediated by inflammation: a multi-omics study.,epigenetic-clocks,epigenetic-clocks__high_weight_journal,active_candidate_needs_review,retired_from_active_candidate_pool,topic_capacity_limit,,2026-09-13,Git history and prior public-data snapshots
pubmed-37622681,PubMed,37622681,10.1056/NEJMoa2306963,Semaglutide in Patients with Heart Failure with Preserved Ejection Fraction and Obesity.,glp1-weight-cardiometabolic,glp1-weight-cardiometabolic__high_weight_journal,active_candidate_needs_review,retired_from_active_candidate_pool,topic_capacity_limit,,2026-09-13,Git history and prior public-data snapshots
pubmed-37659049,PubMed,37659049,10.1007/s11934-023-01180-7,"Embracing the Pros and Cons of the New Weight Loss Medications (Semaglutide, Tirzepatide, Etc.).",glp1-weight-cardiometabolic,glp1-weight-cardiometabolic__recent_review_trial,active_candidate_needs_review,retired_from_active_candidate_pool,topic_capacity_limit,,2026-09-13,Git history and prior public-data snapshots
pubmed-37840095,PubMed,37840095,10.1038/s41591-023-02597-w,Tirzepatide after intensive lifestyle intervention in adults with overweight or obesity: the SURMOUNT-3 phase 3 trial.,glp1-weight-cardiometabolic,glp1-weight-cardiometabolic__high_weight_journal,active_candidate_needs_review,retired_from_active_candidate_pool,topic_capacity_limit,,2026-09-13,Git history and prior public-data snapshots
pubmed-39504077,PubMed,39504077,10.1113/EP091731,Exercise training to preserve vitality capacity in ageing.,physical-activity-healthspan,physical-activity-healthspan__recent_review_trial__recent_update_2026_06,active_candidate_needs_review,retired_from_active_candidate_pool,topic_capacity_limit,,2026-09-13,Git history and prior public-data snapshots
pubmed-39554942,PubMed,39554942,10.1177/15598276241232359,Lifestyle Medicine and Vasomotor Symptoms: An Analytic Review.,physical-activity-healthspan,physical-activity-healthspan__recent_update_2026_09_mid,intake_pending_curation,retired_from_active_candidate_pool,topic_capacity_limit,,2026-09-13,Git history and prior public-data snapshots
pubmed-39731847,PubMed,39731847,10.1016/j.schres.2024.12.012,The long-lasting impact of high-intensity training via collaborative care in patients with schizophrenia: A 5-year follow-up study.,physical-activity-healthspan,physical-activity-healthspan__high_design,active_candidate_needs_review,retired_from_active_candidate_pool,topic_capacity_limit,,2026-09-13,Git history and prior public-data snapshots
pubmed-39931753,PubMed,39931753,10.1017/S0029665125000059,The impact of intermittent energy restriction on women's health.,time-restricted-eating,time-restricted-eating__recent_review_trial,active_candidate_needs_review,retired_from_active_candidate_pool,topic_capacity_limit,,2026-09-13,Git history and prior public-data snapshots
pubmed-39985691,PubMed,39985691,10.1007/s11764-025-01756-x,Sedentary behavior and physical activity one year after colorectal cancer diagnosis: results from the ColoCare Study.,physical-activity-healthspan,physical-activity-healthspan__curated_recent_update_2026_08,active_candidate_needs_review,retired_from_active_candidate_pool,topic_capacity_limit,,2026-09-13,Git history and prior public-data snapshots
pubmed-40005049,PubMed,40005049,10.3390/nu17040722,"The Power of Environment: A Comprehensive Review of the Exposome's Role in Healthy Aging, Longevity, and Preventive Medicine-Lessons from Blue Zones and Cilento.",physical-activity-healthspan,physical-activity-healthspan__high_design,active_candidate_needs_review,retired_from_active_candidate_pool,topic_capacity_limit,,2026-09-13,Git history and prior public-data snapshots
pubmed-40011414,PubMed,40011414,10.1007/s11764-025-01768-7,Applied theory of planned behavior to explore associated factor of physical activity level among Chinese childhood cancer survivors.,physical-activity-healthspan,physical-activity-healthspan__curated_recent_update_2026_08,active_candidate_needs_review,retired_from_active_candidate_pool,topic_capacity_limit,,2026-09-13,Git history and prior public-data snapshots
pubmed-40036640,PubMed,40036640,10.1093/eurjpc/zwaf115,Evolution of sarcopenia status and risk of incident cardiovascular disease.,resistance-training-muscle,resistance-training-muscle__recent_update_2026_09_mid,intake_pending_curation,retired_from_active_candidate_pool,topic_capacity_limit,,2026-09-13,Git history and prior public-data snapshots
pubmed-40049721,PubMed,40049721,10.1080/14740338.2025.2469273,Drug-associated pancreatic cancer: insights from real-world pharmacovigilance and network pharmacology.,metformin-aging,metformin-aging__recent_update_2026_09_mid,intake_pending_curation,retired_from_active_candidate_pool,topic_capacity_limit,,2026-09-13,Git history and prior public-data snapshots
pubmed-40053257,PubMed,40053257,10.1007/s11764-025-01771-y,Strategies to improve participation in exercise programmes during chemotherapy: a modified nominal group technique.,physical-activity-healthspan,physical-activity-healthspan__curated_recent_update_2026_08,active_candidate_needs_review,retired_from_active_candidate_pool,topic_capacity_limit,,2026-09-13,Git history and prior public-data snapshots
pubmed-40074972,PubMed,40074972,10.1007/s11764-025-01750-3,Healthcare provider perspectives on a clinical decision tool to support individualized exercise prescriptions and discussions for breast cancer survivors.,physical-activity-healthspan,physical-activity-healthspan__curated_recent_update_2026_08,active_candidate_needs_review,retired_from_active_candidate_pool,topic_capacity_limit,,2026-09-13,Git history and prior public-data snapshots
pubmed-40100747,PubMed,40100747,10.1093/eurjpc/zwaf154,Self-rated physical fitness predicts cardiovascular and all-cause mortality-implications for clinical decision-making.,physical-activity-healthspan,physical-activity-healthspan__recent_update_2026_09_mid,intake_pending_curation,retired_from_active_candidate_pool,topic_capacity_limit,,2026-09-13,Git history and prior public-data snapshots
pubmed-40162491,PubMed,40162491,10.1080/14740338.2025.2487142,Adverse drug reactions linked to fidaxomicin: insights from a retrospective analysis of the FAERS database.,sleep-aging,sleep-aging__recent_update_2026_09_mid,intake_pending_curation,retired_from_active_candidate_pool,topic_capacity_limit,,2026-09-13,Git history and prior public-data snapshots
pubmed-40162571,PubMed,40162571,10.1002/14651858.CD012572.pub3,Withdrawal of antihypertensive drugs in older people.,blood-pressure-aging,blood-pressure-aging__high_design,active_candidate_needs_review,retired_from_active_candidate_pool,non_result_publication_title,,2026-09-13,Git history and prior public-data snapshots
pubmed-40261984,PubMed,40261984,10.1097/HNP.0000000000000738,Vetiver and Orange Blossom Aid in Lowering Blood Pressure and Heart Rate and Improving Sleep Quality.,sleep-aging,sleep-aging__recent_update_2026_09_mid,intake_pending_curation,retired_from_active_candidate_pool,topic_capacity_limit,,2026-09-13,Git history and prior public-data snapshots
pubmed-40358690,PubMed,40358690,10.1007/s00392-025-02674-9,Impact of glp-1 receptor agonists on hospitalization for heart failure and all-cause death in patients with diabetes with and without heart failure: a real-world study.,metformin-aging,metformin-aging__recent_update_2026_09_mid,intake_pending_curation,retired_from_active_candidate_pool,topic_capacity_limit,,2026-09-13,Git history and prior public-data snapshots
pubmed-40367490,PubMed,40367490,10.2196/65636,"Frailty, Fitness, and Quality of Life Outcomes of a Healthy and Productive Aging Program (GrandMove) for Older Adults With Frailty or Prefrailty: Cluster Randomized Controlled Trial.",physical-activity-healthspan,physical-activity-healthspan__high_design,active_candidate_needs_review,retired_from_active_candidate_pool,topic_capacity_limit,,2026-09-13,Git history and prior public-data snapshots
pubmed-40380000,PubMed,40380000,10.1038/s43587-025-00878-2,Large-scale network analysis of the cerebrospinal fluid proteome identifies molecular signatures of frontotemporal lobar degeneration.,autophagy-mitophagy,autophagy-mitophagy__high_weight_journal,active_candidate_needs_review,retired_from_active_candidate_pool,topic_capacity_limit,,2026-09-13,Git history and prior public-data snapshots
pubmed-40418056,PubMed,40418056,10.1002/em.70013,Mitochondria-Nuclear Crosstalk: Orchestrating mtDNA Maintenance.,autophagy-mitophagy,autophagy-mitophagy__recent_review_trial,active_candidate_needs_review,retired_from_active_candidate_pool,topic_capacity_limit,,2026-09-13,Git history and prior public-data snapshots
pubmed-40454770,PubMed,40454770,10.1002/clc.70160,Effectiveness of Cardiac Rehabilitation in Enhancing Adherence and Improving Clinical Outcomes Post-Acute Coronary Syndrome: A Randomized Controlled Trial.,physical-activity-healthspan,physical-activity-healthspan__high_design,active_candidate_needs_review,retired_from_active_candidate_pool,topic_capacity_limit,,2026-09-13,Git history and prior public-data snapshots
pubmed-40467196,PubMed,40467196,10.1016/j.foodres.2025.116572,Anti-aging effect of tea and its phytochemicals.,autophagy-mitophagy,autophagy-mitophagy__recent_review_trial,active_candidate_needs_review,retired_from_active_candidate_pool,topic_capacity_limit,,2026-09-13,Git history and prior public-data snapshots
pubmed-40478215,PubMed,40478215,10.1093/eurjpc/zwaf274,The presence or absence of standard modifiable cardiovascular risk factors in patients with myocardial infarction impacts long-term but not 30-day mortality: a UK Biobank prospective cohort study.,blood-pressure-aging,blood-pressure-aging__recent_update_2026_09_mid,intake_pending_curation,retired_from_active_candidate_pool,topic_capacity_limit,,2026-09-13,Git history and prior public-data snapshots
pubmed-40493069,PubMed,40493069,10.1007/s00392-025-02694-5,Impact of semaglutide on health outcomes and mood in obese heart failure patients: a retrospective analysis.,glp1-weight-cardiometabolic,glp1-weight-cardiometabolic__recent_update_2026_09_mid,intake_pending_curation,retired_from_active_candidate_pool,topic_capacity_limit,,2026-09-13,Git history and prior public-data snapshots
pubmed-40504879,PubMed,40504879,10.1093/eurjpc/zwaf347,Improvements in walking speed reduce mortality in patients with cardiovascular disease during exercise-based secondary prevention: findings from the ITER registry.,physical-activity-healthspan,physical-activity-healthspan__recent_update_2026_09_mid,intake_pending_curation,retired_from_active_candidate_pool,topic_capacity_limit,,2026-09-13,Git history and prior public-data snapshots
pubmed-40514302,PubMed,40514302,10.1016/j.tjpad.2025.100231,Tailoring multidomain intervention programs to reduce cognitive and physical decline in older adults: Examining rural-urban differences in a nationwide cluster-randomized controlled trial.,physical-activity-healthspan,physical-activity-healthspan__high_design,active_candidate_needs_review,retired_from_active_candidate_pool,topic_capacity_limit,,2026-09-13,Git history and prior public-data snapshots
pubmed-40522525,PubMed,40522525,10.1007/s00423-025-03717-5,Individual multimodal prehabilitation in high-risk patients undergoing major abdominal surgery following neoadjuvant treatment - a feasibility study.,physical-activity-healthspan,physical-activity-healthspan__high_design,active_candidate_needs_review,retired_from_active_candidate_pool,topic_capacity_limit,,2026-09-13,Git history and prior public-data snapshots
pubmed-40536597,PubMed,40536597,10.1186/s43556-025-00284-5,"Role of mitochondria in physiological activities, diseases, and therapy.",autophagy-mitophagy,autophagy-mitophagy__recent_review_trial,active_candidate_needs_review,retired_from_active_candidate_pool,topic_capacity_limit,,2026-09-13,Git history and prior public-data snapshots
pubmed-40540721,PubMed,40540721,10.14336/AD.2025.0440,The Mitochondrial Foundations of Parkinson's Disease: Therapeutic Implications.,autophagy-mitophagy,autophagy-mitophagy__recent_review_trial,active_candidate_needs_review,retired_from_active_candidate_pool,topic_capacity_limit,,2026-09-13,Git history and prior public-data snapshots
pubmed-40549581,PubMed,40549581,10.1097/MCG.0000000000002147,"Medications for Weight Loss and MASLD: A National Survey of Hepatology and Gastroenterology Provider Practices, Attitudes, and Knowledge Before Resmetirom.",glp1-weight-cardiometabolic,glp1-weight-cardiometabolic__recent_update_2026_09_mid,intake_pending_curation,retired_from_active_candidate_pool,topic_capacity_limit,,2026-09-13,Git history and prior public-data snapshots
pubmed-40569873,PubMed,40569873,10.1093/eurjpc/zwaf325,Sitting-rising test scores predict natural and cardiovascular causes of deaths in middle-aged and older men and women.,resistance-training-muscle,resistance-training-muscle__recent_update_2026_09_mid,intake_pending_curation,retired_from_active_candidate_pool,topic_capacity_limit,,2026-09-13,Git history and prior public-data snapshots
pubmed-40588652,PubMed,40588652,10.1038/s43587-025-00908-z,Clusterin drives myeloid bias in aged hematopoietic stem cells by regulating mitochondrial function.,autophagy-mitophagy,autophagy-mitophagy__high_weight_journal,active_candidate_needs_review,retired_from_active_candidate_pool,topic_capacity_limit,,2026-09-13,Git history and prior public-data snapshots
pubmed-40590247,PubMed,40590247,10.1093/eurjpc/zwaf399,The ACS EuroPath survey series: time trends in lipid management after an acute coronary syndrome.,ldl-apob-cardiovascular-risk,ldl-apob-cardiovascular-risk__recent_update_2026_09_mid,intake_pending_curation,retired_from_active_candidate_pool,topic_capacity_limit,,2026-09-13,Git history and prior public-data snapshots
pubmed-40623176,PubMed,40623176,10.1073/pnas.2501584122,Acyl-CoA-binding protein as a driver of pathological aging.,autophagy-mitophagy,autophagy-mitophagy__high_weight_journal,active_candidate_needs_review,retired_from_active_candidate_pool,topic_capacity_limit,,2026-09-13,Git history and prior public-data snapshots
pubmed-40670797,PubMed,40670797,10.1038/s41586-025-09261-y,Mitochondrial origins of the pressure to sleep.,autophagy-mitophagy,autophagy-mitophagy__high_weight_journal,active_candidate_needs_review,retired_from_active_candidate_pool,topic_capacity_limit,,2026-09-13,Git history and prior public-data snapshots
pubmed-40721743,PubMed,40721743,10.1186/s11658-025-00771-1,Perspectives on mitochondrial dysfunction in the regeneration of aging skeletal muscle.,autophagy-mitophagy,autophagy-mitophagy__recent_review_trial,active_candidate_needs_review,retired_from_active_candidate_pool,topic_capacity_limit,,2026-09-13,Git history and prior public-data snapshots
pubmed-40774649,PubMed,40774649,10.1016/j.arr.2025.102856,Strategies to rescue mitochondria in Parkinson's disease: The significance of mitochondrial transfer.,autophagy-mitophagy,autophagy-mitophagy__recent_review_trial,active_candidate_needs_review,retired_from_active_candidate_pool,topic_capacity_limit,,2026-09-13,Git history and prior public-data snapshots
pubmed-40875701,PubMed,40875701,10.1159/000547549,Mechanisms of SIRT3 Regulation of Aging and Aging-Related Diseases and Advances in Drug Therapy.,autophagy-mitophagy,autophagy-mitophagy__recent_review_trial,active_candidate_needs_review,retired_from_active_candidate_pool,topic_capacity_limit,,2026-09-13,Git history and prior public-data snapshots
pubmed-40883510,PubMed,40883510,10.1038/s44319-025-00536-z,Dysfunctional mitochondria in ageing T cells: a perspective on mitochondrial quality control mechanisms.,autophagy-mitophagy,autophagy-mitophagy__recent_review_trial,active_candidate_needs_review,retired_from_active_candidate_pool,topic_capacity_limit,,2026-09-13,Git history and prior public-data snapshots
pubmed-40884168,PubMed,40884168,10.1093/eurheartj/ehaf661,Gut microbiota-derived imidazole propionate predicts cardiometabolic risk in patients with coronary artery disease.,microbiome-inflammaging,microbiome-inflammaging__curated_recent_update_2026_08_end,selected_finding_draft,retired_from_active_candidate_pool,topic_capacity_limit,,2026-09-13,Git history and prior public-data snapshots
pubmed-40943559,PubMed,40943559,10.3390/ijms26178638,Connections Between Cellular Senescence and Alzheimer's Disease-A Narrative Review.,autophagy-mitophagy,autophagy-mitophagy__recent_review_trial,active_candidate_needs_review,retired_from_active_candidate_pool,topic_capacity_limit,,2026-09-13,Git history and prior public-data snapshots
pubmed-40959557,PubMed,40959557,10.7150/ijms.114382,Role of Metabolic Abnormalities During the Progression of Chronic Kidney Disease and Preventive Strategies.,time-restricted-eating,time-restricted-eating__recent_review_trial,active_candidate_needs_review,retired_from_active_candidate_pool,topic_capacity_limit,,2026-09-13,Git history and prior public-data snapshots
pubmed-40977345,PubMed,40977345,10.1017/cjn.2025.10390,Prodromal Association of Non-Motor Symptomatology in Adults With Neurodegenerative Diseases.,sleep-aging,sleep-aging__recent_update_2026_09_mid,intake_pending_curation,retired_from_active_candidate_pool,topic_capacity_limit,,2026-09-13,Git history and prior public-data snapshots
pubmed-40987589,PubMed,40987589,10.1136/jnis-2025-024139,"Association between GLP-1 receptor agonist use and neurosurgical intervention in patients with idiopathic intracranial hypertension and obesity: a propensity-matched, multi-institutional, cohort study.",glp1-weight-cardiometabolic,glp1-weight-cardiometabolic__curated_recent_update_2026_08_end,selected_finding_draft,retired_from_active_candidate_pool,topic_capacity_limit,,2026-09-13,Git history and prior public-data snapshots
pubmed-40990154,PubMed,40990154,10.1002/14651858.CD016001,Resistance training for people with stroke.,physical-activity-healthspan,physical-activity-healthspan__high_design,active_candidate_needs_review,retired_from_active_candidate_pool,topic_capacity_limit,,2026-09-13,Git history and prior public-data snapshots
pubmed-41008559,PubMed,41008559,10.3390/biom15091252,Mitochondrial Aging in the CNS: Unravelling Implications for Neurological Health and Disease.,autophagy-mitophagy,autophagy-mitophagy__recent_review_trial,active_candidate_needs_review,retired_from_active_candidate_pool,topic_capacity_limit,,2026-09-13,Git history and prior public-data snapshots
pubmed-41039401,PubMed,41039401,10.1186/s12929-025-01188-w,The impacts of different dietary restriction regimens on aging and longevity: from yeast to humans.,time-restricted-eating,time-restricted-eating__recent_review_trial,active_candidate_needs_review,retired_from_active_candidate_pool,topic_capacity_limit,,2026-09-13,Git history and prior public-data snapshots
pubmed-41043864,PubMed,41043864,10.1136/heartjnl-2025-326402,Role of routine surveillance stress testing in patients with or without imaging-guided or physiology-guided PCI.,physical-activity-healthspan,physical-activity-healthspan__recent_update_2026_09_mid,intake_pending_curation,retired_from_active_candidate_pool,topic_capacity_limit,,2026-09-13,Git history and prior public-data snapshots
pubmed-41072632,PubMed,41072632,10.1016/j.annepidem.2025.10.009,Unequal strides to longevity. The extra mile to health equity.,physical-activity-healthspan,physical-activity-healthspan__high_design,active_candidate_needs_review,retired_from_active_candidate_pool,topic_capacity_limit,,2026-09-13,Git history and prior public-data snapshots
pubmed-41099141,PubMed,41099141,10.1177/00031348251388961,Coronary Artery Disease as a Predictor of Reduced Independent Ambulation After Major Lower Extremity Amputation.,physical-activity-healthspan,physical-activity-healthspan__recent_update_2026_09_mid,intake_pending_curation,retired_from_active_candidate_pool,topic_capacity_limit,,2026-09-13,Git history and prior public-data snapshots
pubmed-41107910,PubMed,41107910,10.1186/s41043-025-01102-y,Circadian nutrition and obesity: timing as a nutritional strategy.,time-restricted-eating,time-restricted-eating__recent_review_trial,active_candidate_needs_review,retired_from_active_candidate_pool,topic_capacity_limit,,2026-09-13,Git history and prior public-data snapshots
pubmed-41120990,PubMed,41120990,10.1186/s12877-025-06471-x,Impact of a functional gait training program as a complementary strategy to improve physical function in older adults: a randomized clinical trial.,physical-activity-healthspan,physical-activity-healthspan__high_design,active_candidate_needs_review,retired_from_active_candidate_pool,topic_capacity_limit,,2026-09-13,Git history and prior public-data snapshots
pubmed-41130025,PubMed,41130025,10.1016/j.jnha.2025.100712,"Diet, nutrition, and healthy aging: Are miRNAs the link? A narrative review.",time-restricted-eating,time-restricted-eating__recent_review_trial,active_candidate_needs_review,retired_from_active_candidate_pool,topic_capacity_limit,,2026-09-13,Git history and prior public-data snapshots
pubmed-41160866,PubMed,41160866,10.36740/WLek/212515,Impact of lifestyle modification interventions on metabolic syndrome and obesity in adults.,time-restricted-eating,time-restricted-eating__recent_review_trial,active_candidate_needs_review,retired_from_active_candidate_pool,topic_capacity_limit,,2026-09-13,Git history and prior public-data snapshots
pubmed-41189318,PubMed,41189318,10.1002/oby.70054,"Weight Loss, Obesity Medication, and Risk of Obesity-Associated Cancer: A Meta-Analysis of Randomized Controlled Trials.",glp1-weight-cardiometabolic,glp1-weight-cardiometabolic__recent_update_2026_09_mid,intake_pending_curation,retired_from_active_candidate_pool,topic_capacity_limit,,2026-09-13,Git history and prior public-data snapshots
pubmed-41288694,PubMed,41288694,10.1007/s00406-025-02163-0,"Investigating the causal associations between neuroticism, schizophrenia, and cardiovascular diseases using Mendelian randomization.",sleep-aging,sleep-aging__recent_update_2026_09_mid,intake_pending_curation,retired_from_active_candidate_pool,topic_capacity_limit,,2026-09-13,Git history and prior public-data snapshots
pubmed-41289530,PubMed,41289530,10.17533/udea.iee.v43n3e06,Evidence-Based Pathways to Healthy Aging: A Systematic Review and Meta-analysis of Lifestyle Interventions for Longevity and Well-Being.,physical-activity-healthspan,physical-activity-healthspan__high_design,active_candidate_needs_review,retired_from_active_candidate_pool,topic_capacity_limit,,2026-09-13,Git history and prior public-data snapshots
pubmed-41307513,PubMed,41307513,10.23736/S2724-6507.25.04376-3,"Efficacy and safety of oral semaglutide as add-on therapy in poorly controlled type 2 diabetes on background SGLT2 inhibitors: a real-world, multi-center, retrospective, observational study (RYS2).",glp1-weight-cardiometabolic,glp1-weight-cardiometabolic__recent_update_2026_09_mid,intake_pending_curation,retired_from_active_candidate_pool,topic_capacity_limit,,2026-09-13,Git history and prior public-data snapshots
pubmed-41329155,PubMed,41329155,10.1097/PRS.0000000000012672,Nutritional Challenges in Post-Massive Weight Loss Body Contouring: Guidance for Plastic Surgeons on GLP-1 Agonists and Sleeve Gastrectomy.,glp1-weight-cardiometabolic,glp1-weight-cardiometabolic__recent_update_2026_09_mid,intake_pending_curation,retired_from_active_candidate_pool,topic_capacity_limit,,2026-09-13,Git history and prior public-data snapshots
pubmed-41378877,PubMed,41378877,10.1080/02640414.2025.2600814,Steps to longevity: Association of daily total steps and bouted steps with all-cause mortality.,physical-activity-healthspan,physical-activity-healthspan__high_design,active_candidate_needs_review,retired_from_active_candidate_pool,topic_capacity_limit,,2026-09-13,Git history and prior public-data snapshots
pubmed-41381044,PubMed,41381044,10.1055/a-2768-2477,Clinical Response to Elevated Lipoprotein(a): Practical Approach for Risk Management in the Absence of Targeted Therapies.,ldl-apob-cardiovascular-risk,ldl-apob-cardiovascular-risk__recent_update_2026_09_mid,intake_pending_curation,retired_from_active_candidate_pool,topic_capacity_limit,,2026-09-13,Git history and prior public-data snapshots
pubmed-41423773,PubMed,41423773,10.1097/HTR.0000000000001140,Higher Cardiovascular Risk Factor Burden Associated With Cumulative Concussion History and Age-Related Differences.,sleep-aging,sleep-aging__recent_update_2026_09_mid,intake_pending_curation,retired_from_active_candidate_pool,topic_capacity_limit,,2026-09-13,Git history and prior public-data snapshots
pubmed-41427921,PubMed,41427921,10.1111/eci.70158,"Reversing frailty: The transformative effects of structured physical-activity-based physiotherapy on physical, cognitive and emotional health in older adults-An evidence-based systematic review.",physical-activity-healthspan,physical-activity-healthspan__high_design,active_candidate_needs_review,retired_from_active_candidate_pool,topic_capacity_limit,,2026-09-13,Git history and prior public-data snapshots
pubmed-41521387,PubMed,41521387,10.1111/acel.70372,Fasting as Medicine: Mitochondrial and Endothelial Rejuvenation in Vascular Aging.,time-restricted-eating,time-restricted-eating__high_weight_journal,active_candidate_needs_review,retired_from_active_candidate_pool,topic_capacity_limit,,2026-09-13,Git history and prior public-data snapshots
pubmed-41537332,PubMed,41537332,10.3324/haematol.2025.288700,Older patients with lymphoma: navigating a landscape of clinical controversies and barriers to innovation.,epigenetic-clocks,epigenetic-clocks__recent_update_2026_09_mid,intake_pending_curation,retired_from_active_candidate_pool,topic_capacity_limit,,2026-09-13,Git history and prior public-data snapshots
pubmed-41547589,PubMed,41547589,10.1016/j.arteri.2025.500873,Atherogenic Risk in Commerce and Industry Workers: Associations with Sociodemographic and Lifestyle Factors in a Large Spanish Occupational Cohort.,ldl-apob-cardiovascular-risk,ldl-apob-cardiovascular-risk__recent_update_2026_09_mid,intake_pending_curation,retired_from_active_candidate_pool,topic_capacity_limit,,2026-09-13,Git history and prior public-data snapshots
pubmed-41564007,PubMed,41564007,10.1093/brain/awag022,Bilateral theta burst stimulation aids neural repair and recovery after ischaemic stroke in primates.,resistance-training-muscle,resistance-training-muscle__recent_update_2026_09_mid,intake_pending_curation,retired_from_active_candidate_pool,topic_capacity_limit,,2026-09-13,Git history and prior public-data snapshots
pubmed-41582061,PubMed,41582061,10.1016/j.arteri.2026.500892,Prevalence of elevated lipoprotein(a) levels and associated atherosclerotic cardiovascular diseases in subjects with metabolic disorders: A real-world study in a lipid unit.,ldl-apob-cardiovascular-risk,ldl-apob-cardiovascular-risk__recent_update_2026_09_mid,intake_pending_curation,retired_from_active_candidate_pool,topic_capacity_limit,,2026-09-13,Git history and prior public-data snapshots
pubmed-41627027,PubMed,41627027,10.1097/JCN.0000000000001288,Motivation to Engage in Self-Care of Heart Failure: An Ecological Momentary Assessment.,physical-activity-healthspan,physical-activity-healthspan__recent_update_2026_09_mid,intake_pending_curation,retired_from_active_candidate_pool,topic_capacity_limit,,2026-09-13,Git history and prior public-data snapshots
pubmed-41640092,PubMed,41640092,10.1002/oby.70098,Safety and Efficacy of Glucagon-Like Peptide-1 Receptor Agonists Use in Elderly People With Obesity-A Meta-Analysis.,glp1-weight-cardiometabolic,glp1-weight-cardiometabolic__recent_update_2026_09_mid,intake_pending_curation,retired_from_active_candidate_pool,topic_capacity_limit,,2026-09-13,Git history and prior public-data snapshots
pubmed-41643939,PubMed,41643939,10.1016/j.jtha.2025.12.035,Long-term course and recovery following pulmonary embolism.,physical-activity-healthspan,physical-activity-healthspan__recent_update_2026_09_mid,intake_pending_curation,retired_from_active_candidate_pool,topic_capacity_limit,,2026-09-13,Git history and prior public-data snapshots
pubmed-41661447,PubMed,41661447,10.1007/s11255-026-05039-x,"Blood pressure variability and frailty: mechanisms, evidence, and clinical implications.",physical-activity-healthspan,physical-activity-healthspan__recent_update_2026_09_mid,intake_pending_curation,retired_from_active_candidate_pool,topic_capacity_limit,,2026-09-13,Git history and prior public-data snapshots
pubmed-41666965,PubMed,41666965,10.1016/j.neubiorev.2026.106601,Effects of different dietary restriction regimens on cognitive function and pathological markers in Alzheimer's disease mouse models: A systematic review and meta-analysis.,time-restricted-eating,time-restricted-eating__high_design__recent_update_2026_06,active_candidate_needs_review,retired_from_active_candidate_pool,topic_capacity_limit,,2026-09-13,Git history and prior public-data snapshots
pubmed-41770196,PubMed,41770196,10.1016/j.pedhc.2026.01.005,Heart Palpitations and Lifestyle Habits Among Jordanian School Children: A Cross-Sectional Study.,sleep-aging,sleep-aging__recent_update_2026_09_mid,intake_pending_curation,retired_from_active_candidate_pool,topic_capacity_limit,,2026-09-13,Git history and prior public-data snapshots
pubmed-41773307,PubMed,41773307,10.1093/ehjci/jeag067,Predictive value of early diastolic mitral annular velocity and body mass index as markers of left ventricular relaxation: validation against invasive time constant of relaxation.,blood-pressure-aging,blood-pressure-aging__high_design__recent_update_2026_07,active_candidate_needs_review,retired_from_active_candidate_pool,topic_capacity_limit,,2026-09-13,Git history and prior public-data snapshots
pubmed-41776164,PubMed,41776164,10.1177/1357633X261424170,Co-designing DESI-Heart: Conversational agent based self-care intervention for people with cardiovascular disease.,physical-activity-healthspan,physical-activity-healthspan__recent_update_2026_09_mid,intake_pending_curation,retired_from_active_candidate_pool,topic_capacity_limit,,2026-09-13,Git history and prior public-data snapshots
pubmed-41789719,PubMed,41789719,10.1111/aos.70113,The impact of systemic long-term medications for the development of age-related macular degeneration.,metformin-aging,metformin-aging__recent_update_2026_09_mid,intake_pending_curation,retired_from_active_candidate_pool,topic_capacity_limit,,2026-09-13,Git history and prior public-data snapshots
pubmed-41793759,PubMed,41793759,10.1093/eurjcn/zvag070,Current status of social frailty and its associated physical-psychological factors in older adult patients hospitalized with heart failure: a cross-sectional study.,resistance-training-muscle,resistance-training-muscle__recent_update_2026_09_mid,intake_pending_curation,retired_from_active_candidate_pool,topic_capacity_limit,,2026-09-13,Git history and prior public-data snapshots
pubmed-41794120,PubMed,41794120,10.1016/j.chest.2026.01.027,Association of a High Cardiovascular Disease Risk OSA Phenotype With Incident Atrial Fibrillation: The Multi-Ethnic Study of Atherosclerosis.,sleep-aging,sleep-aging__recent_update_2026_09_mid,intake_pending_curation,retired_from_active_candidate_pool,topic_capacity_limit,,2026-09-13,Git history and prior public-data snapshots
pubmed-41797511,PubMed,41797511,10.1002/oby.70176,Evaluating the Evolving Real-World Adverse Events of GLP-1RAs Using FDA Adverse Event Reporting System (FAERS).,glp1-weight-cardiometabolic,glp1-weight-cardiometabolic__recent_update_2026_09_mid,intake_pending_curation,retired_from_active_candidate_pool,topic_capacity_limit,,2026-09-13,Git history and prior public-data snapshots
pubmed-41802666,PubMed,41802666,10.1016/j.cjca.2026.03.005,"Diet, Gut Microbiota, and Intestinal Permeability: Emerging Mechanisms in Hypertension Pathogenesis.",microbiome-inflammaging,microbiome-inflammaging__curated_recent_update_2026_08,selected_finding_draft,retired_from_active_candidate_pool,topic_capacity_limit,,2026-09-13,Git history and prior public-data snapshots
pubmed-41803080,PubMed,41803080,10.1097/JOM.0000000000003703,Cardiovascular Risk Factors in 101 Night-shift and Day Workers in Industry: A Cross-sectional Study.,sleep-aging,sleep-aging__recent_update_2026_09_mid,intake_pending_curation,retired_from_active_candidate_pool,topic_capacity_limit,,2026-09-13,Git history and prior public-data snapshots
pubmed-41810943,PubMed,41810943,10.1093/eurheartj/ehag154,Prediction of incident heart failure in individuals without prior cardiovascular disease: the SCORE2-HF risk model.,blood-pressure-aging,blood-pressure-aging__recent_update_2026_09_mid,intake_pending_curation,retired_from_active_candidate_pool,topic_capacity_limit,,2026-09-13,Git history and prior public-data snapshots
pubmed-41812627,PubMed,41812627,10.1016/j.smrv.2026.102266,"Corrigendum to ""The effects of intermittent fasting on sleep quality and cardiometabolic health outcomes in adults with overweight/obesity status: a systematic review and meta-analysis of randomized controlled trials"" [Sleep Medicine Reviews 84 (2025) 102193].",time-restricted-eating,time-restricted-eating__recent_review_trial__recent_update_2026_06,active_candidate_needs_review,retired_from_active_candidate_pool,non_result_publication_title,,2026-09-13,Git history and prior public-data snapshots
pubmed-41812988,PubMed,41812988,10.1016/j.chest.2025.12.060,Association of Sleep-Related Hypoxemia With Survival in Patients With Non-Small Cell Lung Cancer: The NEOSAS Groupe Français de Pneumo-Cancérologie Study Group.,sleep-aging,sleep-aging__recent_update_2026_09_mid,intake_pending_curation,retired_from_active_candidate_pool,topic_capacity_limit,,2026-09-13,Git history and prior public-data snapshots
pubmed-41849657,PubMed,41849657,10.1093/eurjcn/zvag079,Healthcare pathways and health outcomes among people with coronary heart disease and Type 2 diabetes in Australia: a linked data analysis.,metformin-aging,metformin-aging__recent_update_2026_09_mid,intake_pending_curation,retired_from_active_candidate_pool,topic_capacity_limit,,2026-09-13,Git history and prior public-data snapshots
pubmed-41864764,PubMed,41864764,10.1016/j.berh.2026.102134,"Definition, diagnosis, treatment for scleroderma primary heart involvement.",microbiome-inflammaging,microbiome-inflammaging__recent_update_2026_09_mid,intake_pending_curation,retired_from_active_candidate_pool,topic_capacity_limit,,2026-09-13,Git history and prior public-data snapshots
pubmed-41870297,PubMed,41870297,10.1097/JCN.0000000000001275,Lifestyle and Cardiovascular Mortality in Postmenopausal Women With a Previous Cardiovascular Event: A Population-Based Cohort Study.,physical-activity-healthspan,physical-activity-healthspan__recent_update_2026_09_mid,intake_pending_curation,retired_from_active_candidate_pool,topic_capacity_limit,,2026-09-13,Git history and prior public-data snapshots
pubmed-41875394,PubMed,41875394,10.1093/procel/pwag020,Restoring the FOXO1 geroprotective pathway via seno-resistant mesenchymal progenitor cells alleviates primate epididymal aging.,microbiome-inflammaging,microbiome-inflammaging__recent_update_2026_09_mid,intake_pending_curation,retired_from_active_candidate_pool,topic_capacity_limit,,2026-09-13,Git history and prior public-data snapshots
pubmed-41876754,PubMed,41876754,10.1007/s00467-026-07267-w,T-cell receptor Vβ repertoire skewing reflects premature immune senescence in children with chronic kidney disease.,microbiome-inflammaging,microbiome-inflammaging__recent_update_2026_09_mid,intake_pending_curation,retired_from_active_candidate_pool,topic_capacity_limit,,2026-09-13,Git history and prior public-data snapshots
pubmed-41902877,PubMed,41902877,10.1007/s12264-026-01613-6,Decode the Ubiquitinome in Parkinson's Disease: From Pathological Aggregates to Targeted DUB Therapeutics.,autophagy-mitophagy,autophagy-mitophagy__recent_update_2026_09_mid,intake_pending_curation,retired_from_active_candidate_pool,topic_capacity_limit,,2026-09-13,Git history and prior public-data snapshots
pubmed-41902997,PubMed,41902997,10.1007/s12094-026-04314-8,The logarithmic phase as a therapeutic direction: evaluating pharmacological strategies against cancer progression.,senolytics,senolytics__recent_update_2026_09_mid,intake_pending_curation,retired_from_active_candidate_pool,topic_capacity_limit,,2026-09-13,Git history and prior public-data snapshots
pubmed-41903300,PubMed,41903300,10.1016/j.jnha.2026.100825,Prospective study of breakfast frequency and timing and risk of myocardial infarction and coronary artery disease in community-dwelling older adults: The Cardiovascular Health Study.,time-restricted-eating,time-restricted-eating__high_design__recent_update_2026_06,active_candidate_needs_review,retired_from_active_candidate_pool,topic_capacity_limit,,2026-09-13,Git history and prior public-data snapshots
pubmed-41919489,PubMed,41919489,10.1002/oby.70180,Responses to GLP-1RA in White and Black Adults With Obesity: Insights From Generalized Additive Mixed Models of EHR Data.,glp1-weight-cardiometabolic,glp1-weight-cardiometabolic__recent_update_2026_09_mid,intake_pending_curation,retired_from_active_candidate_pool,topic_capacity_limit,,2026-09-13,Git history and prior public-data snapshots
pubmed-41919973,PubMed,41919973,10.1097/JCN.0000000000001321,Association Between Life's Essential 8 Lifestyle Behaviors and Hypertension: A Cross-Sectional Analysis of NHANES Data.,sleep-aging,sleep-aging__recent_update_2026_09_mid,intake_pending_curation,retired_from_active_candidate_pool,topic_capacity_limit,,2026-09-13,Git history and prior public-data snapshots
pubmed-41925420,PubMed,41925420,10.1016/j.molmed.2026.02.002,Harnessing the lung microbiome for precision management of fibrotic lung disease.,microbiome-inflammaging,microbiome-inflammaging__recent_update_2026_09_mid,intake_pending_curation,retired_from_active_candidate_pool,topic_capacity_limit,,2026-09-13,Git history and prior public-data snapshots
pubmed-41925663,PubMed,41925663,10.1016/j.healun.2026.02.005,Management of obesity in the contemporary LVAD era.,physical-activity-healthspan,physical-activity-healthspan__recent_update_2026_09_mid,intake_pending_curation,retired_from_active_candidate_pool,topic_capacity_limit,,2026-09-13,Git history and prior public-data snapshots
pubmed-41925713,PubMed,41925713,10.23736/S2724-6507.26.04501-X,Impact of hypoglycemic agents on glycemic control and cognitive decline in older adults with type 2 diabetes: real-world evidence on glucagon like peptide 1 receptor agonists.,metformin-aging,metformin-aging__recent_update_2026_09_mid,intake_pending_curation,retired_from_active_candidate_pool,topic_capacity_limit,,2026-09-13,Git history and prior public-data snapshots
pubmed-41932647,PubMed,41932647,10.1016/j.jgg.2026.03.023,Probiotic potential of Parabacteroides johnsonii in mitigating age-related ovarian functional decline.,microbiome-inflammaging,microbiome-inflammaging__recent_update_2026_09_mid,intake_pending_curation,retired_from_active_candidate_pool,topic_capacity_limit,,2026-09-13,Git history and prior public-data snapshots
pubmed-41936947,PubMed,41936947,10.1016/j.diabres.2026.113242,"A prospective evaluation of attitudes, behaviors, and clinical outcomes among Jordanian children and adolescents with type 1 diabetes who fasted during Ramadan: a comparison of the 2021 and 2026 IDF-DAR risk scores.",time-restricted-eating,time-restricted-eating__high_design__recent_update_2026_06,active_candidate_needs_review,retired_from_active_candidate_pool,topic_capacity_limit,,2026-09-13,Git history and prior public-data snapshots
pubmed-41950980,PubMed,41950980,10.1016/j.cgh.2026.03.030,"Updated Global Consensus Recommendations for Risk Stratification, Treatment Initiation, and Response Monitoring in Metabolic Dysfunction-Associated Steatotic Liver Disease.",glp1-weight-cardiometabolic,glp1-weight-cardiometabolic__recent_update_2026_09_mid,intake_pending_curation,retired_from_active_candidate_pool,topic_capacity_limit,,2026-09-13,Git history and prior public-data snapshots
pubmed-41962671,PubMed,41962671,10.1016/j.jad.2026.121763,Sustained frailty remission and the risk of significant depressive symptoms in older adults: Evidence from two prospective cohorts.,resistance-training-muscle,resistance-training-muscle__curated_recent_update_2026_08_end,selected_finding_draft,retired_from_active_candidate_pool,topic_capacity_limit,,2026-09-13,Git history and prior public-data snapshots
pubmed-41967728,PubMed,41967728,10.1016/j.jvs.2026.03.617,Associations of antidiabetic medications with abdominal aortic aneurysm growth and clinical outcomes: A systematic review and meta-analysis.,metformin-aging,metformin-aging__recent_update_2026_09_mid,intake_pending_curation,retired_from_active_candidate_pool,topic_capacity_limit,,2026-09-13,Git history and prior public-data snapshots
pubmed-41973033,PubMed,41973033,10.1002/jper.70118,Aging and periodontitis increase brain dissemination of oral bacteria.,microbiome-inflammaging,microbiome-inflammaging__recent_update_2026_09_mid,intake_pending_curation,retired_from_active_candidate_pool,topic_capacity_limit,,2026-09-13,Git history and prior public-data snapshots
pubmed-41973746,PubMed,41973746,10.1177/15578518261442833,Visual and Neurological Outcomes Following Glucagon-Like Peptide-1 Receptor Agonist Therapy and Bariatric Surgery in Idiopathic Intracranial Hypertension: A Network Meta-Analysis.,glp1-weight-cardiometabolic,glp1-weight-cardiometabolic__recent_update_2026_09_mid,intake_pending_curation,retired_from_active_candidate_pool,topic_capacity_limit,,2026-09-13,Git history and prior public-data snapshots
pubmed-41988659,PubMed,41988659,10.1080/10408363.2026.2651307,The complex relationship between oxidative stress and aging: new perspectives on similarities and differences.,autophagy-mitophagy,autophagy-mitophagy__recent_update_2026_09_mid,intake_pending_curation,retired_from_active_candidate_pool,topic_capacity_limit,,2026-09-13,Git history and prior public-data snapshots
pubmed-41989010,PubMed,41989010,10.1002/lary.70571,Risk Analysis Index Versus mFI-5 for Predicting Outcomes After Uvulopalatopharyngoplasty.,sleep-aging,sleep-aging__recent_update_2026_09_mid,intake_pending_curation,retired_from_active_candidate_pool,topic_capacity_limit,,2026-09-13,Git history and prior public-data snapshots
pubmed-42000018,PubMed,42000018,10.1016/j.amjmed.2026.04.013,Elderly-onset seronegative inflammatory arthritis: A narrative review and practical approach.,microbiome-inflammaging,microbiome-inflammaging__recent_update_2026_09_mid,intake_pending_curation,retired_from_active_candidate_pool,topic_capacity_limit,,2026-09-13,Git history and prior public-data snapshots
pubmed-42000463,PubMed,42000463,10.1016/j.cbd.2026.101834,Gut microbial restructuring in white spot syndrome virus-infected Penaeus vannamei: Insights from long-read metagenomics.,microbiome-inflammaging,microbiome-inflammaging__recent_update_2026_09_mid,intake_pending_curation,retired_from_active_candidate_pool,topic_capacity_limit,,2026-09-13,Git history and prior public-data snapshots
pubmed-42002508,PubMed,42002508,10.1016/j.numecd.2026.104718,Association of dietary inflammatory index with severity and mortality among adults with cardiovascular-kidney-metabolic syndrome.,microbiome-inflammaging,microbiome-inflammaging__recent_update_2026_09_mid,intake_pending_curation,retired_from_active_candidate_pool,topic_capacity_limit,,2026-09-13,Git history and prior public-data snapshots
pubmed-42002672,PubMed,42002672,10.1007/s40618-026-02896-2,Leucine supplementation modulates body composition and early weight rebound during GLP-1 receptor agonist therapy in diet-induced obese mice.,glp1-weight-cardiometabolic,glp1-weight-cardiometabolic__recent_update_2026_09_mid,intake_pending_curation,retired_from_active_candidate_pool,topic_capacity_limit,,2026-09-13,Git history and prior public-data snapshots
pubmed-42002929,PubMed,42002929,10.11236/jph.25-138,[Association between health interest and practice of frailty prevention behaviors: A cross-sectional analysis of the Wako Cohort Study].,physical-activity-healthspan,physical-activity-healthspan__recent_update_2026_09_mid,intake_pending_curation,retired_from_active_candidate_pool,topic_capacity_limit,,2026-09-13,Git history and prior public-data snapshots
pubmed-42007192,PubMed,42007192,10.1016/j.cjco.2025.12.009,Exercise Volume and Coronary Artery Calcification: A Systematic Review.,physical-activity-healthspan,physical_activity_longevity,active_candidate_needs_review,retired_from_active_candidate_pool,topic_capacity_limit,,2026-09-13,Git history and prior public-data snapshots
pubmed-42018036,PubMed,42018036,10.1007/s10552-026-02169-6,Pre-diagnosis recreational physical activity and lung cancer survival within the California teachers study.,physical-activity-healthspan,physical_activity_longevity,active_candidate_needs_review,retired_from_active_candidate_pool,topic_capacity_limit,,2026-09-13,Git history and prior public-data snapshots
pubmed-42019429,PubMed,42019429,10.1016/j.maturitas.2026.108951,Associations of mortality with leisure-time physical activity and sitting time in postmenopausal women: Insights from NHANES.,physical-activity-healthspan,physical_activity_longevity,active_candidate_needs_review,retired_from_active_candidate_pool,topic_capacity_limit,,2026-09-13,Git history and prior public-data snapshots
pubmed-42022156,PubMed,42022156,10.1177/15598276261440910,Evaluating Nutrition and Physical Activity Interventions in College Students: A Systematic Review.,physical-activity-healthspan,physical_activity_longevity,active_candidate_needs_review,retired_from_active_candidate_pool,topic_capacity_limit,,2026-09-13,Git history and prior public-data snapshots
pubmed-42026253,PubMed,42026253,10.1038/s41577-026-01291-5,The long-lived immune system of centenarians.,physical-activity-healthspan,physical-activity-healthspan__recent_update_2026_09_mid,intake_pending_curation,retired_from_active_candidate_pool,topic_capacity_limit,,2026-09-13,Git history and prior public-data snapshots
pubmed-42029362,PubMed,42029362,10.1016/j.hrthm.2026.03.1940,Glucagon-like peptide-1 and atrial fibrillation incidence: Associations independent of weight loss.,glp1-weight-cardiometabolic,glp1-weight-cardiometabolic__recent_update_2026_09_mid,intake_pending_curation,retired_from_active_candidate_pool,topic_capacity_limit,,2026-09-13,Git history and prior public-data snapshots
pubmed-42030747,PubMed,42030747,10.1016/j.hrtlng.2026.102811,"Exploring sleep, inflammation and myocardial infarction recurrence among older adults.",sleep-aging,sleep-aging__recent_update_2026_09_mid,intake_pending_curation,retired_from_active_candidate_pool,topic_capacity_limit,,2026-09-13,Git history and prior public-data snapshots
pubmed-42034248,PubMed,42034248,10.1016/j.jad.2026.121846,Associations of lung function abnormalities with the onset and progression of mental disorders in the UK Biobank.,physical-activity-healthspan,physical-activity-healthspan__recent_update_2026_09_mid,intake_pending_curation,retired_from_active_candidate_pool,topic_capacity_limit,,2026-09-13,Git history and prior public-data snapshots
pubmed-42035799,PubMed,42035799,10.1016/j.jad.2026.121858,Integrative multi-kingdom gut microbiome analysis uncovers clinical signatures of major depressive disorder.,microbiome-inflammaging,microbiome-inflammaging__recent_update_2026_09_mid,intake_pending_curation,retired_from_active_candidate_pool,topic_capacity_limit,,2026-09-13,Git history and prior public-data snapshots
pubmed-42053472,PubMed,42053472,10.1016/j.jacc.2026.03.035,Development and Validation of a Clinical Polygenic Risk Report in U.S.-Based Health Systems for 8 Cardiovascular Conditions.,blood-pressure-aging,blood-pressure-aging__recent_update_2026_09_mid,intake_pending_curation,retired_from_active_candidate_pool,topic_capacity_limit,,2026-09-13,Git history and prior public-data snapshots
pubmed-42055201,PubMed,42055201,10.1016/j.cbpc.2026.110551,Subchronic exposure to environmental levels of fluoxetine disturbs gut microbiota-mediated intestinal barrier homeostasis and triggers delayed feeding response in zebrafish (Danio rerio).,microbiome-inflammaging,microbiome-inflammaging__curated_recent_update_2026_08,selected_finding_draft,retired_from_active_candidate_pool,topic_capacity_limit,,2026-09-13,Git history and prior public-data snapshots
pubmed-42055837,PubMed,42055837,10.1016/j.injury.2026.113304,Challenges and learning curve in adopting resuscitative endovascular balloon occlusion of the aorta for trauma patients: A retrospective multicenter study.,physical-activity-healthspan,physical-activity-healthspan__recent_update_2026_09_mid,intake_pending_curation,retired_from_active_candidate_pool,topic_capacity_limit,,2026-09-13,Git history and prior public-data snapshots
pubmed-42059638,PubMed,42059638,10.1093/sleep/zsag122,Event-level nocturnal blood pressure dynamics in obstructive sleep apnea assessed by cuffless monitoring.,sleep-aging,sleep-aging__recent_update_2026_09_mid,intake_pending_curation,retired_from_active_candidate_pool,topic_capacity_limit,,2026-09-13,Git history and prior public-data snapshots
pubmed-42061017,PubMed,42061017,10.1016/j.theriogenology.2026.117957,SIRT7-mediated H3K79 desuccinylation modulates functional activities of goat ovarian granulosa cells.,autophagy-mitophagy,autophagy-mitophagy__recent_update_2026_09_mid,intake_pending_curation,retired_from_active_candidate_pool,topic_capacity_limit,,2026-09-13,Git history and prior public-data snapshots
pubmed-42061317,PubMed,42061317,10.1016/j.hrtlng.2026.102824,The association of accelerated biological aging with heart diseases in adults aged 40-69 years: a population-based cohort study.,epigenetic-clocks,epigenetic-clocks__recent_update_2026_09_mid,intake_pending_curation,retired_from_active_candidate_pool,topic_capacity_limit,,2026-09-13,Git history and prior public-data snapshots
pubmed-42061520,PubMed,42061520,10.1016/j.jad.2026.121898,Clinical utility of a quick and easy-to-use international tool for assessing and identifying impaired physical fitness in people with severe mental illness - The PsychiActive project.,cardiorespiratory-fitness,cardiorespiratory-fitness__recent_update_2026_09_mid,intake_pending_curation,retired_from_active_candidate_pool,topic_capacity_limit,,2026-09-13,Git history and prior public-data snapshots
pubmed-42061603,PubMed,42061603,10.1016/j.tox.2026.154479,Long-chain chlorinated paraffins (LCCPs) exposure induces testicular aging damage by triggering mitochondrial dysfunction.,autophagy-mitophagy,autophagy-mitophagy__recent_update_2026_09_mid,intake_pending_curation,retired_from_active_candidate_pool,topic_capacity_limit,,2026-09-13,Git history and prior public-data snapshots
pubmed-42061677,PubMed,42061677,10.1016/j.jval.2026.03.2249,Assessment of Carbon Emission Impact of Semaglutide in Patients With Type 2 Diabetes in the United Kingdom Using an Innovative Modeling Approach.,glp1-weight-cardiometabolic,glp1-weight-cardiometabolic__recent_update_2026_09_mid,intake_pending_curation,retired_from_active_candidate_pool,topic_capacity_limit,,2026-09-13,Git history and prior public-data snapshots
pubmed-42061699,PubMed,42061699,10.1016/j.chest.2026.04.021,Risk Stratification in Patients With Chronic Thromboembolic Pulmonary Hypertension Following Pulmonary Endarterectomy: The Role of Brain Natriuretic Peptide and High-Sensitivity Troponin I.,cardiorespiratory-fitness,cardiorespiratory-fitness__recent_update_2026_09_mid,intake_pending_curation,retired_from_active_candidate_pool,topic_capacity_limit,,2026-09-13,Git history and prior public-data snapshots
pubmed-42065356,PubMed,42065356,10.1097/NNR.0000000000000915,Genome-Wide Association of Cardiovascular Disease and Lifestyle in Korean Adults With Metabolic Syndrome.,sleep-aging,sleep-aging__recent_update_2026_09_mid,intake_pending_curation,retired_from_active_candidate_pool,topic_capacity_limit,,2026-09-13,Git history and prior public-data snapshots
pubmed-42068690,PubMed,42068690,10.1016/j.hrtlng.2026.102826,"Effect of care bundle in preventing delirium after bypass surgery: a single-blind, non-randomised clinical trial.",sleep-aging,sleep-aging__recent_update_2026_09_mid,intake_pending_curation,retired_from_active_candidate_pool,topic_capacity_limit,,2026-09-13,Git history and prior public-data snapshots
pubmed-42070947,PubMed,42070947,10.1016/j.numecd.2026.104755,Bempedoic acid and increased serum uric acid levels: a matter of concern?,ldl-apob-cardiovascular-risk,ldl-apob-cardiovascular-risk__recent_update_2026_09_mid,intake_pending_curation,retired_from_active_candidate_pool,topic_capacity_limit,,2026-09-13,Git history and prior public-data snapshots
pubmed-42081973,PubMed,42081973,10.1016/j.jtcvs.2026.04.005,Multicenter comparison of hybrid and Norwood procedures in patients with Fontan circulation.,physical-activity-healthspan,physical-activity-healthspan__recent_update_2026_09_mid,intake_pending_curation,retired_from_active_candidate_pool,topic_capacity_limit,,2026-09-13,Git history and prior public-data snapshots
pubmed-42084827,PubMed,42084827,10.1007/s40292-026-00801-9,Characteristics and Determinants of Pulse Wave Velocity in Super Normal Vascular Aging (SUPERNOVA) Patients.,ldl-apob-cardiovascular-risk,ldl-apob-cardiovascular-risk__recent_update_2026_09_mid,intake_pending_curation,retired_from_active_candidate_pool,topic_capacity_limit,,2026-09-13,Git history and prior public-data snapshots
pubmed-42098400,PubMed,42098400,10.1038/s41401-026-01793-x,CYFIP2 deficiency ameliorates renal interstitial fibrosis through attenuating tubular senescence in hypertensive nephropathy.,klotho-il11-aging,klotho-il11-aging__recent_update_2026_09_mid,intake_pending_curation,retired_from_active_candidate_pool,topic_capacity_limit,,2026-09-13,Git history and prior public-data snapshots
pubmed-42101129,PubMed,42101129,10.1111/acel.70531,"Correction to ""Monoamine Oxidase-A Is a Novel Driver of Stress-Induced Premature Senescence Through Inhibition of Parkin-Mediated Mitophagy"".",autophagy-mitophagy,autophagy-mitophagy__high_weight_journal__recent_update_2026_06,active_candidate_needs_review,retired_from_active_candidate_pool,non_result_publication_title,,2026-09-13,Git history and prior public-data snapshots
pubmed-42101655,PubMed,42101655,10.1007/s00535-026-02425-1,"Covert hepatic encephalopathy as a multi-organ syndrome: the gut-liver-muscle-brain axis, diagnosis, treatment, and multidisciplinary care.",microbiome-inflammaging,microbiome-inflammaging__recent_update_2026_09_mid,intake_pending_curation,retired_from_active_candidate_pool,topic_capacity_limit,,2026-09-13,Git history and prior public-data snapshots
pubmed-42102579,PubMed,42102579,10.1016/j.neurobiolaging.2026.04.008,Trehalase-trehalose axis in the human brain: A potential modulator of neuroprotection and neurodegeneration.,autophagy-mitophagy,autophagy-mitophagy__recent_update_2026_09_mid,intake_pending_curation,retired_from_active_candidate_pool,topic_capacity_limit,,2026-09-13,Git history and prior public-data snapshots
pubmed-42105050,PubMed,42105050,10.1007/s40279-026-02443-2,Greatest of All Time: Development of a Ranking System to Determine the Most Successful Olympic and World Championship Runners Since 1896.,physical-activity-healthspan,physical-activity-healthspan__recent_update_2026_09_mid,intake_pending_curation,retired_from_active_candidate_pool,topic_capacity_limit,,2026-09-13,Git history and prior public-data snapshots
pubmed-42106260,PubMed,42106260,10.1053/j.jvca.2026.04.023,Postoperative Respiratory Support After Cardiac Surgery: The BREASE ARC International Survey.,sleep-aging,sleep-aging__recent_update_2026_09_mid,intake_pending_curation,retired_from_active_candidate_pool,topic_capacity_limit,,2026-09-13,Git history and prior public-data snapshots
pubmed-42114256,PubMed,42114256,10.1016/j.genhosppsych.2026.05.002,"Corrigendum to ""Benzodiazepine use for perioperative insomnia and increased risk of post-traumatic stress disorder symptoms after cardiac surgery: A large retrospective cohort study"" [General Hospital Psychiatry 100 (2026) 148-155].",sleep-aging,sleep-aging__high_design__recent_update_2026_06,active_candidate_needs_review,retired_from_active_candidate_pool,non_result_publication_title,,2026-09-13,Git history and prior public-data snapshots
pubmed-42115288,PubMed,42115288,10.1038/s41598-026-51459-1,"Timing of food intake, chrononutritional behavior patterns, and risk of metabolic syndrome in the French NutriNet-Santé cohort.",time-restricted-eating,time-restricted-eating__high_design__recent_update_2026_06,active_candidate_needs_review,retired_from_active_candidate_pool,topic_capacity_limit,,2026-09-13,Git history and prior public-data snapshots
pubmed-42120733,PubMed,42120733,10.1038/s43587-026-01117-y,Brain endothelial cell-derived extracellular vesicles (c-BEEVs) as a promising biomarker for brain vascular pathology and cognitive decline.,blood-pressure-aging,blood-pressure-aging__high_weight_journal__recent_update_2026_06,active_candidate_needs_review,retired_from_active_candidate_pool,topic_capacity_limit,,2026-09-13,Git history and prior public-data snapshots
pubmed-42124061,PubMed,42124061,10.3390/nu18091460,"The Effect of Online Fitness Combining Dietary Intervention on Body Composition, Body Shame and Self-Esteem in Young Adults: A Randomized Controlled Trial.",time-restricted-eating,time-restricted-eating__high_design__recent_update_2026_06,active_candidate_needs_review,retired_from_active_candidate_pool,topic_capacity_limit,,2026-09-13,Git history and prior public-data snapshots
pubmed-42128467,PubMed,42128467,10.1016/j.neurobiolaging.2026.05.002,Sleep quality is associated with default mode and salience network connectivity differently across age and sex.,sleep-aging,sleep-aging__recent_update_2026_09_mid,intake_pending_curation,retired_from_active_candidate_pool,topic_capacity_limit,,2026-09-13,Git history and prior public-data snapshots
pubmed-42130236,PubMed,42130236,10.1097/MNH.0000000000001191,Novel therapeutic approaches for phosphate regulation.,microbiome-inflammaging,microbiome-inflammaging__recent_update_2026_09_mid,intake_pending_curation,retired_from_active_candidate_pool,topic_capacity_limit,,2026-09-13,Git history and prior public-data snapshots
pubmed-42132961,PubMed,42132961,10.1093/eurjcn/zvag098,Ability of the FRAIL scale questionnaire to screen physical frailty and its prognostic value in older patients with cardiovascular disease and cognitive decline.,resistance-training-muscle,resistance-training-muscle__recent_update_2026_09_mid,intake_pending_curation,retired_from_active_candidate_pool,topic_capacity_limit,,2026-09-13,Git history and prior public-data snapshots
pubmed-42139896,PubMed,42139896,10.1016/j.psj.2026.107062,An engineered Escherichia coli-ClyA-NetB outer membrane vesicle delivery system modulates jejunal microbiota in broiler chickens with necrotic enteritis.,microbiome-inflammaging,microbiome-inflammaging__curated_recent_update_2026_08,selected_finding_draft,retired_from_active_candidate_pool,topic_capacity_limit,,2026-09-13,Git history and prior public-data snapshots
pubmed-42140342,PubMed,42140342,10.1053/j.ajkd.2026.03.037,Weight Loss-Independent Mechanisms of Kidney Protection With Glucagon-Like Peptide 1 Receptor Agonists and Implications for Clinical Practice.,glp1-weight-cardiometabolic,glp1-weight-cardiometabolic__recent_update_2026_09_mid,intake_pending_curation,retired_from_active_candidate_pool,topic_capacity_limit,,2026-09-13,Git history and prior public-data snapshots
pubmed-42143630,PubMed,42143630,10.1001/jamainternmed.2026.0207,Life Expectancy in Chronic Obstructive Pulmonary Disease.,blood-pressure-aging,blood-pressure-aging__high_weight_journal__recent_update_2026_06,active_candidate_needs_review,retired_from_active_candidate_pool,topic_capacity_limit,,2026-09-13,Git history and prior public-data snapshots
pubmed-42154633,PubMed,42154633,10.1080/07420528.2026.2674039,Effect of chronotype on nutritional status and eating behaviors among university students of Pakistan.,time-restricted-eating,time-restricted-eating__recent_update_2026_09_mid,intake_pending_curation,retired_from_active_candidate_pool,topic_capacity_limit,,2026-09-13,Git history and prior public-data snapshots
pubmed-42155673,PubMed,42155673,10.1016/j.ijcard.2026.134560,Cost-effectiveness and budget-impact analysis of tirzepatide in heart failure with preserved ejection fraction and obesity in the German health-care system.,glp1-weight-cardiometabolic,glp1-weight-cardiometabolic__recent_update_2026_09_mid,intake_pending_curation,retired_from_active_candidate_pool,topic_capacity_limit,,2026-09-13,Git history and prior public-data snapshots
pubmed-42158974,PubMed,42158974,10.1097/MCP.0000000000001285,Functional testing for interstitial lung disease in 2026.,physical-activity-healthspan,physical-activity-healthspan__recent_update_2026_09_mid,intake_pending_curation,retired_from_active_candidate_pool,topic_capacity_limit,,2026-09-13,Git history and prior public-data snapshots
pubmed-42160229,PubMed,42160229,10.1159/000552614,"Graded Severity of Aortic Valve Sclerosis as an Independent Clinical Marker of Systemic Disease, Diastolic Dysfunction, and Mortality Risk: A Large Echocardiographic Cohort Study.",blood-pressure-aging,blood-pressure-aging__high_design__recent_update_2026_06,selected_finding_draft,retired_from_active_candidate_pool,topic_capacity_limit,,2026-09-13,Git history and prior public-data snapshots
pubmed-42162863,PubMed,42162863,10.1016/j.jjcc.2026.05.002,Cardiomyocyte-specific Fbxl5 deficiency promotes iron overload-driven hypercontractility and late-onset pathological hypertrophy in mice.,physical-activity-healthspan,physical-activity-healthspan__recent_update_2026_09_mid,intake_pending_curation,retired_from_active_candidate_pool,topic_capacity_limit,,2026-09-13,Git history and prior public-data snapshots
pubmed-42165557,PubMed,42165557,10.1080/23744235.2026.2672635,"A comparative analysis of pediatric Klebsiella oxytoca and Klebsiella pneumoniae bacteremia: clinical characteristics, antimicrobial susceptibility, and outcomes.",microbiome-inflammaging,microbiome-inflammaging__recent_update_2026_09_mid,intake_pending_curation,retired_from_active_candidate_pool,topic_capacity_limit,,2026-09-13,Git history and prior public-data snapshots
pubmed-42168641,PubMed,42168641,10.1038/s41574-026-01258-5,Causes and consequences of discontinuation of GLP1RAs or tirzepatide.,glp1-weight-cardiometabolic,glp1-weight-cardiometabolic__recent_update_2026_09_mid,intake_pending_curation,retired_from_active_candidate_pool,topic_capacity_limit,,2026-09-13,Git history and prior public-data snapshots
pubmed-42171094,PubMed,42171094,10.1111/phn.70134,Analyzing Frailty Trajectories and Predictive Factors in Older Chinese Adults: A Group-Based Trajectory Modeling.,physical-activity-healthspan,physical-activity-healthspan__recent_update_2026_09_mid,intake_pending_curation,retired_from_active_candidate_pool,topic_capacity_limit,,2026-09-13,Git history and prior public-data snapshots
pubmed-42171681,PubMed,42171681,10.1007/s40618-026-02891-7,GLP-1 receptor agonists in metabolic dysfunction-associated steatotic liver disease: mechanistic networks and translational implications: a review.,glp1-weight-cardiometabolic,glp1-weight-cardiometabolic__recent_update_2026_09_mid,intake_pending_curation,retired_from_active_candidate_pool,topic_capacity_limit,,2026-09-13,Git history and prior public-data snapshots
pubmed-42171936,PubMed,42171936,10.1007/s11357-026-02326-4,Workaholism as a neglected risk factor for unhealthy aging: implications for the Semmelweis-EUniWell Workplace Health Promotion Program.,blood-pressure-aging,blood-pressure-aging__high_weight_journal__recent_update_2026_06,active_candidate_needs_review,retired_from_active_candidate_pool,topic_capacity_limit,,2026-09-13,Git history and prior public-data snapshots
pubmed-42172727,PubMed,42172727,10.1016/j.ijmedinf.2026.106489,Development and validation of an interpretable machine learning model for early risk prediction of acute myocardial infarction.,ldl-apob-cardiovascular-risk,ldl-apob-cardiovascular-risk__recent_update_2026_09_mid,intake_pending_curation,retired_from_active_candidate_pool,topic_capacity_limit,,2026-09-13,Git history and prior public-data snapshots
pubmed-42173549,PubMed,42173549,10.1097/PSY.0000000000001500,Perceived Social Cohesion Moderates the Association Between Neighborhood Socioeconomic Deprivation and Epigenetic Aging.,epigenetic-clocks,epigenetic-clocks__recent_update_2026_09_mid,intake_pending_curation,retired_from_active_candidate_pool,topic_capacity_limit,,2026-09-13,Git history and prior public-data snapshots
pubmed-42173738,PubMed,42173738,10.1016/j.hlc.2026.02.023,Does a Digital Prehabilitation Solution Informed by Evidence-Based Interventions Reduce the Healthcare Burden and Improve Outcomes for Patients Awaiting Cardiac Surgery?-A Systematic Review.,physical-activity-healthspan,physical-activity-healthspan__recent_update_2026_09_mid,intake_pending_curation,retired_from_active_candidate_pool,topic_capacity_limit,,2026-09-13,Git history and prior public-data snapshots
pubmed-42176392,PubMed,42176392,10.1016/j.sleep.2026.109019,Protocol for Nuestro Sueño: A randomized trial of a couples-based intervention to improve PAP adherence and sleep health among Hispanic patients beginning positive airway pressure (PAP) and their partners.,sleep-aging,sleep-aging__recent_update_2026_09_mid,intake_pending_curation,retired_from_active_candidate_pool,topic_capacity_limit,,2026-09-13,Git history and prior public-data snapshots
pubmed-42176727,PubMed,42176727,10.1016/j.envpol.2026.128407,"Artificial UVC-aging process aggravates the toxicity of polystyrene microplastics to zebrafish, especially females.",microbiome-inflammaging,microbiome-inflammaging__recent_update_2026_09_mid,intake_pending_curation,retired_from_active_candidate_pool,topic_capacity_limit,,2026-09-13,Git history and prior public-data snapshots
pubmed-42183183,PubMed,42183183,10.1016/j.athplu.2026.100569,Expert consensus on Lipoprotein(a) in the Gulf countries: Navigating cardiovascular risk and therapeutic advances.,ldl-apob-cardiovascular-risk,ldl-apob-cardiovascular-risk__recent_update_2026_09_mid,intake_pending_curation,retired_from_active_candidate_pool,topic_capacity_limit,,2026-09-13,Git history and prior public-data snapshots
pubmed-42184952,PubMed,42184952,10.1016/j.jjcc.2026.05.010,Cheyne-Stokes respiration screening using cyclic variation in heart rate detected by Holter electrocardiogram.,sleep-aging,sleep-aging__recent_update_2026_09_mid,intake_pending_curation,retired_from_active_candidate_pool,topic_capacity_limit,,2026-09-13,Git history and prior public-data snapshots
pubmed-42199076,PubMed,42199076,10.1097/MCP.0000000000001287,Association between upper airway obstruction and pulmonary hypertension in children with Down syndrome.,sleep-aging,sleep-aging__recent_update_2026_09_mid,intake_pending_curation,retired_from_active_candidate_pool,topic_capacity_limit,,2026-09-13,Git history and prior public-data snapshots
pubmed-42201287,PubMed,42201287,10.1016/j.jacc.2026.04.015,The Prognostic Value of Serum Interleukin-6 Concentrations for 9 Cardiovascular and Mortality Outcomes: The Cross Cohort Collaboration (CCC).,blood-pressure-aging,blood-pressure-aging__high_weight_journal__recent_update_2026_06,active_candidate_needs_review,retired_from_active_candidate_pool,topic_capacity_limit,,2026-09-13,Git history and prior public-data snapshots
pubmed-42202908,PubMed,42202908,10.1016/j.jaip.2026.05.022,Risk Factors for Secondary Immunodeficiency in the Aged.,microbiome-inflammaging,microbiome-inflammaging__recent_update_2026_09_mid,intake_pending_curation,retired_from_active_candidate_pool,topic_capacity_limit,,2026-09-13,Git history and prior public-data snapshots
pubmed-42208490,PubMed,42208490,10.1016/j.sleep.2026.109023,Sodium-relevant comorbidity risk factors are highly prevalent in individuals with narcolepsy or idiopathic hypersomnia.,sleep-aging,sleep-aging__recent_update_2026_09_mid,intake_pending_curation,retired_from_active_candidate_pool,topic_capacity_limit,,2026-09-13,Git history and prior public-data snapshots
pubmed-42208534,PubMed,42208534,10.1016/j.cmet.2026.05.002,Pro-aging effects of chronic glucocorticoid signaling.,autophagy-mitophagy,autophagy-mitophagy__recent_update_2026_09_mid,intake_pending_curation,retired_from_active_candidate_pool,topic_capacity_limit,,2026-09-13,Git history and prior public-data snapshots
pubmed-42208846,PubMed,42208846,10.1016/j.exer.2026.111090,Mitochondrial transplantation protects the retinal pigment epithelial cells from the oxidative stress induced by NaIO(3).,autophagy-mitophagy,autophagy-mitophagy__recent_update_2026_09_mid,intake_pending_curation,retired_from_active_candidate_pool,topic_capacity_limit,,2026-09-13,Git history and prior public-data snapshots
pubmed-42208907,PubMed,42208907,10.1016/j.jaci.2026.05.015,Skin aging: Mechanistic insights and targeted therapeutic strategies.,microbiome-inflammaging,microbiome-inflammaging__recent_update_2026_09_mid,intake_pending_curation,retired_from_active_candidate_pool,topic_capacity_limit,,2026-09-13,Git history and prior public-data snapshots
pubmed-42210512,PubMed,42210512,10.1002/ps.70934,Silencing LsAtg8 reduces female fecundity and elevates Wolbachia density in embryos of the rice planthopper Laodelphax striatellus.,autophagy-mitophagy,autophagy-mitophagy__recent_update_2026_09_mid,intake_pending_curation,retired_from_active_candidate_pool,topic_capacity_limit,,2026-09-13,Git history and prior public-data snapshots
pubmed-42214766,PubMed,42214766,10.1016/j.bcp.2026.118110,Analyses of orphan GPCRs' function in the pathogenesis of sepsis and their small-molecule therapeutics.,physical-activity-healthspan,physical-activity-healthspan__recent_update_2026_09_mid,intake_pending_curation,retired_from_active_candidate_pool,topic_capacity_limit,,2026-09-13,Git history and prior public-data snapshots
pubmed-42217724,PubMed,42217724,10.1016/j.exer.2026.111094,"Murine models of neovascular AMD revisited: Mechanistic pathways, immune-metabolic crosstalk, and the impact of aging and sex.",epigenetic-clocks,epigenetic-clocks__recent_update_2026_09_mid,intake_pending_curation,retired_from_active_candidate_pool,topic_capacity_limit,,2026-09-13,Git history and prior public-data snapshots
pubmed-42218728,PubMed,42218728,10.1111/acel.70565,Liver Aging Index: A Noninvasive Score for Liver Biological Aging and Liver-Related Outcomes in Multicohorts.,blood-pressure-aging,blood-pressure-aging__high_weight_journal__recent_update_2026_06,active_candidate_needs_review,retired_from_active_candidate_pool,topic_capacity_limit,,2026-09-13,Git history and prior public-data snapshots
pubmed-42219104,PubMed,42219104,10.1016/j.exer.2026.111095,From systemic disease to the eye: Why senescence deserves attention in ocular infections.,senolytics,senolytics__recent_update_2026_09_mid,intake_pending_curation,retired_from_active_candidate_pool,topic_capacity_limit,,2026-09-13,Git history and prior public-data snapshots
pubmed-42224998,PubMed,42224998,10.1016/j.intimp.2026.116939,IL-4/IL-13 signaling suppresses ABT-263-induced apoptosis in senescent human fibroblasts.,senolytics,senolytics__recent_update_2026_09_mid,intake_pending_curation,retired_from_active_candidate_pool,topic_capacity_limit,,2026-09-13,Git history and prior public-data snapshots
pubmed-42225197,PubMed,42225197,10.1016/j.critrevonc.2026.105413,Bile acids in the tumor immune microenvironment of hepatocellular carcinoma: Mechanisms of immunotherapy resistance and therapeutic opportunities.,microbiome-inflammaging,microbiome-inflammaging__recent_update_2026_09_mid,intake_pending_curation,retired_from_active_candidate_pool,topic_capacity_limit,,2026-09-13,Git history and prior public-data snapshots
pubmed-42230256,PubMed,42230256,10.1016/j.trecan.2026.05.003,The impact of aging on antitumor immunity and cancer immunotherapy.,microbiome-inflammaging,microbiome-inflammaging__recent_update_2026_09_mid,intake_pending_curation,retired_from_active_candidate_pool,topic_capacity_limit,,2026-09-13,Git history and prior public-data snapshots
pubmed-42233337,PubMed,42233337,10.1177/21532176261454487,Cost-Effectiveness of Access to Obesity Care and Treatments for Adolescents.,glp1-weight-cardiometabolic,glp1-weight-cardiometabolic__recent_update_2026_09_mid,intake_pending_curation,retired_from_active_candidate_pool,topic_capacity_limit,,2026-09-13,Git history and prior public-data snapshots
pubmed-42233552,PubMed,42233552,10.1016/j.jacc.2026.02.5125,Kidney and Survival Benefits of Semaglutide in Diabetes With Chronic Kidney Disease: FLOW Trial Cardiovascular Subgroup Analyses.,blood-pressure-aging,blood-pressure-aging__high_weight_journal__recent_update_2026_06,active_candidate_needs_review,retired_from_active_candidate_pool,topic_capacity_limit,,2026-09-13,Git history and prior public-data snapshots
pubmed-42234437,PubMed,42234437,10.1001/jamacardio.2026.1365,Finerenone Across Cardiovascular-Kidney-Metabolic Syndrome Stages: Post Hoc Analysis of the FIDELITY Randomized Clinical Trials.,blood-pressure-aging,blood-pressure-aging__high_weight_journal__recent_update_2026_07,active_candidate_needs_review,retired_from_active_candidate_pool,topic_capacity_limit,,2026-09-13,Git history and prior public-data snapshots
pubmed-42237914,PubMed,42237914,10.1161/CIRCULATIONAHA.125.078816,Incremental Prognostic Value of Subendocardial Myocardial Flow Reserve in Patients With Normal Perfusion.,blood-pressure-aging,blood-pressure-aging__high_weight_journal__recent_update_2026_07,active_candidate_needs_review,retired_from_active_candidate_pool,topic_capacity_limit,,2026-09-13,Git history and prior public-data snapshots
pubmed-42241752,PubMed,42241752,10.1016/j.psj.2026.107171,"Immediate and long-term effects of post-hatch feed deprivation on performance, intestinal morphology and nutrient metabolism in on-farm hatched broilers.",epigenetic-clocks,epigenetic-clocks__recent_update_2026_09_mid,intake_pending_curation,retired_from_active_candidate_pool,topic_capacity_limit,,2026-09-13,Git history and prior public-data snapshots
pubmed-42241765,PubMed,42241765,10.1016/j.psj.2026.107182,"Influence of age on eggshell quality in ducks: An analysis based on calcium metabolism, gut microbiota, and uterine transcriptome.",microbiome-inflammaging,microbiome-inflammaging__recent_update_2026_09_mid,intake_pending_curation,retired_from_active_candidate_pool,topic_capacity_limit,,2026-09-13,Git history and prior public-data snapshots
pubmed-42241920,PubMed,42241920,10.1016/j.infbeh.2026.102199,"Characterizing infant leg movements using 72-h wearable sensor data: Descriptive analysis from a large, heterogenous sample of infants 0-2 months of age from the HEALthy Brain and Child Development Study.",physical-activity-healthspan,physical-activity-healthspan__recent_update_2026_09_mid,intake_pending_curation,retired_from_active_candidate_pool,topic_capacity_limit,,2026-09-13,Git history and prior public-data snapshots
pubmed-42242503,PubMed,42242503,10.1016/j.bcp.2026.118131,GLP-1R activation alleviated sepsis-induced cardiac dysfunction by modulating macrophage polarization via the STING/ P65 pathway.,glp1-weight-cardiometabolic,glp1-weight-cardiometabolic__recent_update_2026_09_mid,intake_pending_curation,retired_from_active_candidate_pool,topic_capacity_limit,,2026-09-13,Git history and prior public-data snapshots
pubmed-42244165,PubMed,42244165,10.1002/oby.70253,"Micro Doses, Macro Potential? Considerations for Microdosing Tirzepatide in Multi-Dose Pens.",glp1-weight-cardiometabolic,glp1-weight-cardiometabolic__recent_update_2026_09_mid,intake_pending_curation,retired_from_active_candidate_pool,topic_capacity_limit,,2026-09-13,Git history and prior public-data snapshots
pubmed-42246978,PubMed,42246978,10.1093/eurheartj/ehag400,Predicting lifetime cardiovascular risk and benefits of preventive treatment in patients with established atherosclerotic cardiovascular disease: the SMART-REACH2 model.,blood-pressure-aging,blood-pressure-aging__high_weight_journal__recent_update_2026_06,active_candidate_needs_review,retired_from_active_candidate_pool,topic_capacity_limit,,2026-09-13,Git history and prior public-data snapshots
pubmed-42250338,PubMed,42250338,10.1016/j.smim.2026.102038,Chronic stress at the crossroads: Decoding the HPA-SAM-immune-gut axis in inflammatory bowel disease pathogenesis and therapeutics.,microbiome-inflammaging,microbiome-inflammaging__recent_update_2026_09_mid,intake_pending_curation,retired_from_active_candidate_pool,topic_capacity_limit,,2026-09-13,Git history and prior public-data snapshots
pubmed-42250782,PubMed,42250782,10.1016/j.freeradbiomed.2026.06.012,"Ferro-aging: A novel paradigm linking iron overload, lipid peroxidation and cellular senescence.",microbiome-inflammaging,microbiome-inflammaging__recent_update_2026_09_mid,intake_pending_curation,retired_from_active_candidate_pool,topic_capacity_limit,,2026-09-13,Git history and prior public-data snapshots
pubmed-42251822,PubMed,42251822,10.1016/j.socscimed.2026.119432,Associations of current and birthplace region with immunity in later life in the health and retirement study.,microbiome-inflammaging,microbiome-inflammaging__recent_update_2026_09_mid,intake_pending_curation,retired_from_active_candidate_pool,topic_capacity_limit,,2026-09-13,Git history and prior public-data snapshots
pubmed-42252362,PubMed,42252362,10.1007/s00414-026-03866-2,Chronological age estimation using CpG methylation signatures in Pakistani population.,epigenetic-clocks,epigenetic-clocks__recent_update_2026_09_mid,intake_pending_curation,retired_from_active_candidate_pool,topic_capacity_limit,,2026-09-13,Git history and prior public-data snapshots
pubmed-42258347,PubMed,42258347,10.1001/jama.2026.8806,Survivors of Cyanotic Congenital Heart Disease: A Review.,blood-pressure-aging,blood-pressure-aging__high_weight_journal__recent_update_2026_07,active_candidate_needs_review,retired_from_active_candidate_pool,topic_capacity_limit,,2026-09-13,Git history and prior public-data snapshots
pubmed-42259718,PubMed,42259718,10.1016/j.hlc.2026.02.008,"Implementation of Evidence-Based, Person-Centered Alternative Delivery Models for Cardiac Rehabilitation in a Rural and Remote Population: The Country Heart Attack Prevention (CHAP) Project.",physical-activity-healthspan,physical-activity-healthspan__recent_update_2026_09_mid,intake_pending_curation,retired_from_active_candidate_pool,topic_capacity_limit,,2026-09-13,Git history and prior public-data snapshots
pubmed-42259958,PubMed,42259958,10.1007/s00414-026-03867-1,A dual-marker approach for forensic age prediction: integrating the salivary microbiome and antibiotic resistome.,microbiome-inflammaging,microbiome-inflammaging__recent_update_2026_09_mid,intake_pending_curation,retired_from_active_candidate_pool,topic_capacity_limit,,2026-09-13,Git history and prior public-data snapshots
pubmed-42261654,PubMed,42261654,10.1093/jbcr/irag085,Age as a Determinant: Investigating the Efficacy of Laser Treatment Outcomes for Burn Hypertrophic Scar Across Age Cohorts.,microbiome-inflammaging,microbiome-inflammaging__recent_update_2026_09_mid,intake_pending_curation,retired_from_active_candidate_pool,topic_capacity_limit,,2026-09-13,Git history and prior public-data snapshots
pubmed-42264081,PubMed,42264081,10.1016/j.amjms.2026.06.009,Association between metabolic heterogeneity of obesity and biological aging among adults: a population-based study.,epigenetic-clocks,epigenetic-clocks__recent_update_2026_09_mid,intake_pending_curation,retired_from_active_candidate_pool,topic_capacity_limit,,2026-09-13,Git history and prior public-data snapshots
pubmed-42264573,PubMed,42264573,10.1016/j.chest.2026.04.024,"Corrigendum to: Peker Y, Celik T, Zinchuk A, et al. Association of Hypoxic Burden With Cardiovascular Events: A Risk Stratification Analysis of the Randomized Intervention With CPAP in Coronary Artery Disease and Sleep Apnea Cohort. CHEST. 2025;168(6):1481-1493.",sleep-aging,sleep-aging__high_design__recent_update_2026_06,active_candidate_needs_review,retired_from_active_candidate_pool,non_result_publication_title,,2026-09-13,Git history and prior public-data snapshots
pubmed-42269395,PubMed,42269395,10.1016/j.enzmictec.2026.110924,Bioactivity-oriented extraction of sea buckthorn flavonoids with enhanced β-galactosidase inhibition: A processing strategy for anti-aging functional food ingredients.,senolytics,senolytics__recent_update_2026_09_mid,intake_pending_curation,retired_from_active_candidate_pool,topic_capacity_limit,,2026-09-13,Git history and prior public-data snapshots
pubmed-42269680,PubMed,42269680,10.1111/acel.70586,"Correction to ""Senolytic Treatment Reduces Acute and Chronic Lung Inflammation in an Aged Mouse Model of Influenza"".",senolytics,senolytics__high_weight_journal__recent_update_2026_06,active_candidate_needs_review,retired_from_active_candidate_pool,non_result_publication_title,,2026-09-13,Git history and prior public-data snapshots
pubmed-42269784,PubMed,42269784,10.1016/j.mad.2026.112210,Gut microbiota profiling in patients with bone fragility fracture and severe osteoarthritis: A pilot study.,microbiome-inflammaging,microbiome-inflammaging__curated_recent_update_2026_08,selected_finding_draft,retired_from_active_candidate_pool,topic_capacity_limit,,2026-09-13,Git history and prior public-data snapshots
pubmed-42270270,PubMed,42270270,10.1016/j.foodres.2026.119560,"Effects of rice aging on physicochemical properties, digestibility, and gut microbiota modulation of rice noodles.",microbiome-inflammaging,microbiome-inflammaging__recent_update_2026_09_mid,intake_pending_curation,retired_from_active_candidate_pool,topic_capacity_limit,,2026-09-13,Git history and prior public-data snapshots
pubmed-42273930,PubMed,42273930,10.1111/ggi.70572,"Commentary on ""Association Between Frailty and Chronic Liver Disease Among Middle-Aged and Older Adults in China: A Nationwide Cohort Study Based on the CHARLS"".",resistance-training-muscle,resistance-training-muscle__high_design__recent_update_2026_06,active_candidate_needs_review,retired_from_active_candidate_pool,non_result_publication_title,,2026-09-13,Git history and prior public-data snapshots
pubmed-42274209,PubMed,42274209,10.1158/1940-6207.CAPR-26-0072,"A Neural Network-Enabled, Enzymatic cfDNA Methylation Assay for Colorectal Cancer Early Detection.",ldl-apob-cardiovascular-risk,ldl-apob-cardiovascular-risk__recent_update_2026_09_mid,intake_pending_curation,retired_from_active_candidate_pool,topic_capacity_limit,,2026-09-13,Git history and prior public-data snapshots
pubmed-42275085,PubMed,42275085,10.1093/sleep/zsag159,Sleep duration associations with CSF-tissue coupling flexibility and circadian synchronization: an observational study of glymphatic-related dynamics.,sleep-aging,sleep-aging__recent_update_2026_09_mid,intake_pending_curation,retired_from_active_candidate_pool,topic_capacity_limit,,2026-09-13,Git history and prior public-data snapshots
pubmed-42284133,PubMed,42284133,10.1093/eurheartj/ehag432,Cardiac-targeted delivery of advanced medical therapies for heart disease.,blood-pressure-aging,blood-pressure-aging__high_weight_journal__recent_update_2026_06,active_candidate_needs_review,retired_from_active_candidate_pool,topic_capacity_limit,,2026-09-13,Git history and prior public-data snapshots
pubmed-42288169,PubMed,42288169,10.1016/j.neubiorev.2026.106819,"AQP4-mediated glymphatic clearance: Sleep, neurodegeneration, and the translational gap.",sleep-aging,sleep-aging__recent_update_2026_09_mid,intake_pending_curation,retired_from_active_candidate_pool,topic_capacity_limit,,2026-09-13,Git history and prior public-data snapshots
pubmed-42288204,PubMed,42288204,10.1016/j.exger.2026.113205,Sleep and aging: The role of DNA methylation.,sleep-aging,sleep-aging__recent_update_2026_09_mid,intake_pending_curation,retired_from_active_candidate_pool,topic_capacity_limit,,2026-09-13,Git history and prior public-data snapshots
pubmed-42296014,PubMed,42296014,10.1182/blood.2025031490,FAP-1 loss impairs megakaryocyte demarcation membrane system and platelet function with myelofibrosis-like features.,senolytics,senolytics__recent_update_2026_09_mid,intake_pending_curation,retired_from_active_candidate_pool,topic_capacity_limit,,2026-09-13,Git history and prior public-data snapshots
pubmed-42297735,PubMed,42297735,10.1111/dom.70908,Smartphone-Based Automated Basal Insulin Titration During Ramadan Fasting: Data From Adults With Type 2 Diabetes in Saudi Arabia.,time-restricted-eating,time-restricted-eating__recent_update_2026_09_mid,intake_pending_curation,retired_from_active_candidate_pool,topic_capacity_limit,,2026-09-13,Git history and prior public-data snapshots
pubmed-42297758,PubMed,42297758,10.1111/dom.71015,Electrospun Nanofiber Oral Thin Film Platform for Sublingual Peptide Delivery: A Promising Alternative to Conventional Semaglutide Formulations.,glp1-weight-cardiometabolic,glp1-weight-cardiometabolic__recent_update_2026_09_mid,intake_pending_curation,retired_from_active_candidate_pool,topic_capacity_limit,,2026-09-13,Git history and prior public-data snapshots
pubmed-42297761,PubMed,42297761,10.1111/dom.71017,Temporal Trends and Clinical Characteristics of Incretin-Based Therapy Use in Women With Polycystic Ovary Syndrome: A Real-World Cohort Study From a Polish Private Healthcare Network.,glp1-weight-cardiometabolic,glp1-weight-cardiometabolic__recent_update_2026_09_mid,intake_pending_curation,retired_from_active_candidate_pool,topic_capacity_limit,,2026-09-13,Git history and prior public-data snapshots
pubmed-42298328,PubMed,42298328,10.1097/SLA.0000000000007121,GLP-1 Receptor Agonists versus Bariatric Surgery in Breast Cancer: A Comparative Study of Oncologic Outcomes.,microbiome-inflammaging,microbiome-inflammaging__recent_update_2026_09_mid,intake_pending_curation,retired_from_active_candidate_pool,topic_capacity_limit,,2026-09-13,Git history and prior public-data snapshots
pubmed-42302405,PubMed,42302405,10.1097/HTR.0000000000001185,"Response to Letter to the Editor: ""Assessing Task-Dependent Neurophysiology During Virtual Reality Treadmill Training in Adults With Traumatic Brain Injury: A Functional Near-Infrared Spectroscopy Feasibility Study"".",physical-activity-healthspan,physical-activity-healthspan__recent_update_2026_09_mid,intake_pending_curation,retired_from_active_candidate_pool,topic_capacity_limit,,2026-09-13,Git history and prior public-data snapshots
pubmed-42302955,PubMed,42302955,10.1016/j.neubiorev.2026.106820,"Aging in autism: A systematic review of cognitive, neural, and physical health findings.",blood-pressure-aging,blood-pressure-aging__recent_update_2026_09_mid,intake_pending_curation,retired_from_active_candidate_pool,topic_capacity_limit,,2026-09-13,Git history and prior public-data snapshots
pubmed-42302979,PubMed,42302979,10.1053/j.ajkd.2026.04.007,Comparison of Specific Glucagon-Like Peptide-1 Receptor Agonists on Kidney Outcomes Among Patients With Type 2 Diabetes.,glp1-weight-cardiometabolic,glp1-weight-cardiometabolic__recent_update_2026_09_mid,intake_pending_curation,retired_from_active_candidate_pool,topic_capacity_limit,,2026-09-13,Git history and prior public-data snapshots
pubmed-42303274,PubMed,42303274,10.1111/dom.70991,Tirzepatide for Obesity in Adults ≥ 65 Years: A Post Hoc Analysis of the SURMOUNT and SUMMIT Clinical Trials.,glp1-weight-cardiometabolic,glp1-weight-cardiometabolic__recent_update_2026_09_mid,intake_pending_curation,retired_from_active_candidate_pool,topic_capacity_limit,,2026-09-13,Git history and prior public-data snapshots
pubmed-42304171,PubMed,42304171,10.1111/dom.70957,Comparative Effects of Antidiabetic Drugs on Body Composition: A Systematic Review and Network Meta-Analysis.,glp1-weight-cardiometabolic,glp1-weight-cardiometabolic__recent_update_2026_09_mid,intake_pending_curation,retired_from_active_candidate_pool,topic_capacity_limit,,2026-09-13,Git history and prior public-data snapshots
pubmed-42304551,PubMed,42304551,10.1111/dom.70899,Cardiovascular Outcomes in a SELECT-Like Obesity Cohort: Real-World Insights From the Swedish AROS Database.,glp1-weight-cardiometabolic,glp1-weight-cardiometabolic__recent_update_2026_09_mid,intake_pending_curation,retired_from_active_candidate_pool,topic_capacity_limit,,2026-09-13,Git history and prior public-data snapshots
pubmed-42305028,PubMed,42305028,10.1111/dom.70987,How the First 9 Months Shape the Rest of Your Life: The Impact of Gestational Diabetes on the Metabolic Future.,metformin-aging,metformin-aging__recent_update_2026_09_mid,intake_pending_curation,retired_from_active_candidate_pool,topic_capacity_limit,,2026-09-13,Git history and prior public-data snapshots
pubmed-42305882,PubMed,42305882,10.1016/j.ijcrp.2026.200657,Lipoprotein(a) and premature myocardial infarction: Mechanistic insights and implications for PCI-era residual risk.,ldl-apob-cardiovascular-risk,ldl-apob-cardiovascular-risk__recent_update_2026_09_mid,intake_pending_curation,retired_from_active_candidate_pool,topic_capacity_limit,,2026-09-13,Git history and prior public-data snapshots
pubmed-42306200,PubMed,42306200,10.1016/j.aninu.2026.01.010,Echinacea purpurea polysaccharides regulate the intestinal microbiota and enhance immune function in broilers.,microbiome-inflammaging,microbiome-inflammaging__recent_update_2026_09_mid,intake_pending_curation,retired_from_active_candidate_pool,topic_capacity_limit,,2026-09-13,Git history and prior public-data snapshots
pubmed-42307495,PubMed,42307495,10.1016/j.jacc.2026.04.031,Treatment of Cardiometabolic Risk Factors Among U.S. Adults With Cardiovascular-Kidney-Metabolic Syndrome.,blood-pressure-aging,blood-pressure-aging__high_weight_journal__recent_update_2026_06,active_candidate_needs_review,retired_from_active_candidate_pool,topic_capacity_limit,,2026-09-13,Git history and prior public-data snapshots
pubmed-42308740,PubMed,42308740,10.1016/j.psj.2026.107259,Preventive effects and underlying mechanisms of Ilex rotunda Thunb.-Cyperus rotundus L. herb pair extract on avian colibacillosis in chickens.,microbiome-inflammaging,microbiome-inflammaging__recent_update_2026_09_mid,intake_pending_curation,retired_from_active_candidate_pool,topic_capacity_limit,,2026-09-13,Git history and prior public-data snapshots
pubmed-42310900,PubMed,42310900,10.1111/dom.70986,Pharmacotherapy for Children and Adolescents With Overweight or Obesity: A Systematic Review and Network Meta-Analysis of Randomized Controlled Trials.,glp1-weight-cardiometabolic,glp1-weight-cardiometabolic__recent_update_2026_09_mid,intake_pending_curation,retired_from_active_candidate_pool,topic_capacity_limit,,2026-09-13,Git history and prior public-data snapshots
pubmed-42312951,PubMed,42312951,10.1158/1055-9965.EPI-26-0590,The Impact of Adherence to Cancer Prevention Recommendations on Cancer Incidence and Mortality in a Cohort of Canadian Adults.,physical-activity-healthspan,physical-activity-healthspan__recent_update_2026_09_mid,intake_pending_curation,retired_from_active_candidate_pool,topic_capacity_limit,,2026-09-13,Git history and prior public-data snapshots
pubmed-42315078,PubMed,42315078,10.1016/j.bcp.2026.118172,Semaglutide exerts anti-pulmonary fibrosis effects by inhibiting cellular senescence through activation of the Sirt1/HSF1/HSPs pathway.,glp1-weight-cardiometabolic,glp1-weight-cardiometabolic__recent_update_2026_09_mid,intake_pending_curation,retired_from_active_candidate_pool,topic_capacity_limit,,2026-09-13,Git history and prior public-data snapshots
pubmed-42315124,PubMed,42315124,10.1093/sleep/zsag155,Quantification of ventilatory control in sleep apnea: from physiological insight to computable loop gain.,sleep-aging,sleep-aging__recent_update_2026_09_mid,intake_pending_curation,retired_from_active_candidate_pool,topic_capacity_limit,,2026-09-13,Git history and prior public-data snapshots
pubmed-42320555,PubMed,42320555,10.1016/j.metabol.2026.156679,Dynamic regulation of circulating endotrophin by changes in fat mass in humans.,caloric-restriction-human,caloric-restriction-human__recent_update_2026_09_mid,intake_pending_curation,retired_from_active_candidate_pool,topic_capacity_limit,,2026-09-13,Git history and prior public-data snapshots
pubmed-42320622,PubMed,42320622,10.1016/j.jhepr.2026.101932,Alcohol intake reprograms hepatic immune-metabolic circuits to exacerbate murine atherosclerosis and human cardiovascular risk.,microbiome-inflammaging,microbiome-inflammaging__recent_update_2026_09_mid,intake_pending_curation,retired_from_active_candidate_pool,topic_capacity_limit,,2026-09-13,Git history and prior public-data snapshots
pubmed-42322814,PubMed,42322814,10.1016/j.bbrc.2026.154179,Piperlongumine attenuates knee osteoarthritis progression by eliminating senescent meniscus cells and chondrocytes.,senolytics,senolytics__recent_update_2026_09_mid,intake_pending_curation,retired_from_active_candidate_pool,topic_capacity_limit,,2026-09-13,Git history and prior public-data snapshots
pubmed-42323953,PubMed,42323953,10.1161/CIRCULATIONAHA.125.077394,Contrastive Machine Learning to Quantify Hypertensive Multiorgan Damage and Identify New Disease Phenotypes: A Multinational Multimodal Study.,blood-pressure-aging,blood-pressure-aging__high_weight_journal__recent_update_2026_07,active_candidate_needs_review,retired_from_active_candidate_pool,topic_capacity_limit,,2026-09-13,Git history and prior public-data snapshots
pubmed-42329390,PubMed,42329390,10.1007/s00535-026-02442-0,Prevalence and incidence of chronic kidney disease in patients with primary biliary cholangitis.,blood-pressure-aging,blood-pressure-aging__recent_update_2026_09_mid,intake_pending_curation,retired_from_active_candidate_pool,topic_capacity_limit,,2026-09-13,Git history and prior public-data snapshots
pubmed-42329656,PubMed,42329656,10.1001/jamapediatrics.2026.2248,Obesity Management Pharmacotherapies and Lifestyle Treatment for Pediatric Obesity Management: A Systematic Review and Network Meta-Analysis.,glp1-weight-cardiometabolic,glp1-weight-cardiometabolic__recent_update_2026_09_mid,intake_pending_curation,retired_from_active_candidate_pool,topic_capacity_limit,,2026-09-13,Git history and prior public-data snapshots
pubmed-42331180,PubMed,42331180,10.1016/j.jshs.2026.101152,Commentary on: Associations of accelerometer-measured light-intensity physical activity with mortality and incidence of cardiovascular disease and cancers: A prospective UK Biobank cohort analysis.,physical-activity-healthspan,physical-activity-healthspan__high_design__recent_update_2026_06,active_candidate_needs_review,retired_from_active_candidate_pool,non_result_publication_title,,2026-09-13,Git history and prior public-data snapshots
pubmed-42331709,PubMed,42331709,10.1016/j.numecd.2026.104752,Metabolic dysfunction-associated fatty liver disease and cardiac remodeling in non-ischemic dilated cardiomyopathy.,blood-pressure-aging,blood-pressure-aging__recent_update_2026_09_mid,intake_pending_curation,retired_from_active_candidate_pool,topic_capacity_limit,,2026-09-13,Git history and prior public-data snapshots
pubmed-42333936,PubMed,42333936,10.1111/acel.70597,Cellular Heterogeneity During Arterial Aging.,blood-pressure-aging,blood-pressure-aging__high_weight_journal__recent_update_2026_07,active_candidate_needs_review,retired_from_active_candidate_pool,topic_capacity_limit,,2026-09-13,Git history and prior public-data snapshots
pubmed-42334798,PubMed,42334798,10.1007/s12325-026-03667-4,Peripheral and Autonomic Diabetic Neuropathy and Their Additive Risk of Major Adverse Liver Outcomes in Type 2 Diabetes.,blood-pressure-aging,blood-pressure-aging__recent_update_2026_09_mid,intake_pending_curation,retired_from_active_candidate_pool,topic_capacity_limit,,2026-09-13,Git history and prior public-data snapshots
pubmed-42334799,PubMed,42334799,10.1007/s12325-026-03660-x,Experience with Tirzepatide and Weight Management During and After a Clinical Trial in Japanese Patients with Obesity Disease: A Qualitative Study.,glp1-weight-cardiometabolic,glp1-weight-cardiometabolic__recent_update_2026_09_mid,intake_pending_curation,retired_from_active_candidate_pool,topic_capacity_limit,,2026-09-13,Git history and prior public-data snapshots
pubmed-42335631,PubMed,42335631,10.1016/j.jss.2026.05.057,Discharge Opioid Dosing and New Opioid Use Disorder After Elective Surgery in Opioid-Naive Adults: An Emulated Target Trial.,blood-pressure-aging,blood-pressure-aging__recent_update_2026_09_mid,intake_pending_curation,retired_from_active_candidate_pool,topic_capacity_limit,,2026-09-13,Git history and prior public-data snapshots
pubmed-42335659,PubMed,42335659,10.1016/j.bbrc.2026.154183,CIRBP maintains skeletal muscle mitochondrial energy homeostasis via mt-ATP6 to ameliorate sarcopenia.,resistance-training-muscle,resistance-training-muscle__recent_update_2026_09_mid,intake_pending_curation,retired_from_active_candidate_pool,topic_capacity_limit,,2026-09-13,Git history and prior public-data snapshots
pubmed-42336149,PubMed,42336149,10.1016/j.jhin.2026.06.015,Bacillus-based biocontrol strategy for Pseudomonas aeruginosa-contaminated intensive care unit sink drains: a proof-of-concept study.,microbiome-inflammaging,microbiome-inflammaging__recent_update_2026_09_mid,intake_pending_curation,retired_from_active_candidate_pool,topic_capacity_limit,,2026-09-13,Git history and prior public-data snapshots
pubmed-42338042,PubMed,42338042,10.1111/dom.71032,Hepatic Safety of Orforglipron in Adults With Obesity or Overweight and/or Type 2 Diabetes: A Pooled Analysis of the Orforglipron Phase 3 Clinical Trials.,glp1-weight-cardiometabolic,glp1-weight-cardiometabolic__recent_update_2026_09_mid,intake_pending_curation,retired_from_active_candidate_pool,topic_capacity_limit,,2026-09-13,Git history and prior public-data snapshots
pubmed-42341529,PubMed,42341529,10.1016/j.phymed.2026.158462,Lithospermic acid-induced gut microbiota remodeling alleviates intraplaque inflammation.,microbiome-inflammaging,microbiome-inflammaging__recent_update_2026_09_mid,intake_pending_curation,retired_from_active_candidate_pool,topic_capacity_limit,,2026-09-13,Git history and prior public-data snapshots
pubmed-42341613,PubMed,42341613,10.1016/j.jss.2026.05.045,Risk Factors for Adverse Drug Reactions of Augmented Mean Arterial Pressure Management After Spinal Cord Injury.,blood-pressure-aging,blood-pressure-aging__recent_update_2026_09_mid,intake_pending_curation,retired_from_active_candidate_pool,topic_capacity_limit,,2026-09-13,Git history and prior public-data snapshots
pubmed-42342009,PubMed,42342009,10.1016/j.amjcard.2026.06.015,Semaglutide for the Silent Phenotype: A Translational Signal in Obesity-Driven HFpEF.,glp1-weight-cardiometabolic,glp1-weight-cardiometabolic__recent_update_2026_09_mid,intake_pending_curation,retired_from_active_candidate_pool,topic_capacity_limit,,2026-09-13,Git history and prior public-data snapshots
pubmed-42342093,PubMed,42342093,10.1016/j.exger.2026.113215,Dihydromyricetin alleviates immunosenescence by modulating the TAK1/MAP3K7 Axis.,microbiome-inflammaging,microbiome-inflammaging__recent_update_2026_09_mid,intake_pending_curation,retired_from_active_candidate_pool,topic_capacity_limit,,2026-09-13,Git history and prior public-data snapshots
pubmed-42345544,PubMed,42345544,10.1093/ajh/hpag066,Estimated pulse wave velocity predicts outcomes after acute ischemic stroke: a multinational cohort analysis.,blood-pressure-aging,blood-pressure-aging__recent_update_2026_09_mid,intake_pending_curation,retired_from_active_candidate_pool,topic_capacity_limit,,2026-09-13,Git history and prior public-data snapshots
pubmed-42347906,PubMed,42347906,10.1007/s40618-026-02932-1,Gut microbiota dysbiosis and short-chain fatty acid alterations in pediatric new-onset type 1 diabetes with ketoacidosis.,microbiome-inflammaging,microbiome-inflammaging__recent_update_2026_09_mid,intake_pending_curation,retired_from_active_candidate_pool,topic_capacity_limit,,2026-09-13,Git history and prior public-data snapshots
pubmed-42348593,PubMed,42348593,10.1097/MCO.0000000000001242,Nutrition in cirrhosis: bridging guidelines and practice in hepatic disease.,physical-activity-healthspan,physical-activity-healthspan__recent_update_2026_09_mid,intake_pending_curation,retired_from_active_candidate_pool,topic_capacity_limit,,2026-09-13,Git history and prior public-data snapshots
pubmed-42348726,PubMed,42348726,10.1097/NRL.0000000000000666,Acute Spinal Cord Infarct Secondary to Fibrocartilaginous Embolism Treated With Tenecteplase.,blood-pressure-aging,blood-pressure-aging__recent_update_2026_09_mid,intake_pending_curation,retired_from_active_candidate_pool,topic_capacity_limit,,2026-09-13,Git history and prior public-data snapshots
pubmed-42350670,PubMed,42350670,10.1007/s00125-026-06779-2,Metabolic state determines the brain and direct islet effects of liraglutide on enhanced insulin secretion.,glp1-weight-cardiometabolic,glp1-weight-cardiometabolic__recent_update_2026_09_mid,intake_pending_curation,retired_from_active_candidate_pool,topic_capacity_limit,,2026-09-13,Git history and prior public-data snapshots
pubmed-42362108,PubMed,42362108,10.1016/j.neurad.2026.101583,First-pass reperfusion after endovascular thrombectomy: a real-world analysis with explainable machine learning for intra-procedural decision support.,blood-pressure-aging,blood-pressure-aging__recent_update_2026_09_mid,intake_pending_curation,retired_from_active_candidate_pool,topic_capacity_limit,,2026-09-13,Git history and prior public-data snapshots
pubmed-42362467,PubMed,42362467,10.1016/j.tibs.2026.06.001,Metabolic control of RNA splicing by polyamines.,autophagy-mitophagy,autophagy-mitophagy__recent_update_2026_09_mid,intake_pending_curation,retired_from_active_candidate_pool,topic_capacity_limit,,2026-09-13,Git history and prior public-data snapshots
pubmed-42364737,PubMed,42364737,10.1016/j.rmed.2026.109004,"The lung microbiome in hematopoietic stem cell transplantation: immune interactions, clinical consequences, and emerging interventions.",microbiome-inflammaging,microbiome-inflammaging__recent_update_2026_09_mid,intake_pending_curation,retired_from_active_candidate_pool,topic_capacity_limit,,2026-09-13,Git history and prior public-data snapshots
pubmed-42365820,PubMed,42365820,10.1016/j.medcli.2026.107500,Primary and secondary mesenteric panniculitis: A descriptive cohort study with clinical and prognostic implications.,microbiome-inflammaging,microbiome-inflammaging__recent_update_2026_09_mid,intake_pending_curation,retired_from_active_candidate_pool,topic_capacity_limit,,2026-09-13,Git history and prior public-data snapshots
pubmed-42366180,PubMed,42366180,10.1111/dom.71037,The Ageing Adipose Paradox: Implications for Metabolic Health.,senolytics,senolytics__recent_update_2026_09_mid,intake_pending_curation,retired_from_active_candidate_pool,topic_capacity_limit,,2026-09-13,Git history and prior public-data snapshots
pubmed-42367052,PubMed,42367052,10.1111/imj.70515,Crossover effect: causal machine learning reveals opposing mortality responses to mean arterial pressure targets among phenotypically distinct hypertensive patients with septic shock.,blood-pressure-aging,blood-pressure-aging__recent_update_2026_09_mid,intake_pending_curation,retired_from_active_candidate_pool,topic_capacity_limit,,2026-09-13,Git history and prior public-data snapshots
pubmed-42371397,PubMed,42371397,10.1007/s40263-026-01312-w,Impact of Omaveloxolone on Serum Lipids in Patients with Friedreich Ataxia: A 1-Year Real-World Analysis.,ldl-apob-cardiovascular-risk,ldl-apob-cardiovascular-risk__recent_update_2026_09_mid,intake_pending_curation,retired_from_active_candidate_pool,topic_capacity_limit,,2026-09-13,Git history and prior public-data snapshots
pubmed-42372638,PubMed,42372638,10.1016/j.gerinurse.2026.104171,Perspectives on spatiotemporal and kinematic gait alterations and intrinsic capacity in Chinese older adults: An analysis of cross-sectional study by latent class analysis.,physical-activity-healthspan,physical-activity-healthspan__recent_update_2026_09_mid,intake_pending_curation,retired_from_active_candidate_pool,topic_capacity_limit,,2026-09-13,Git history and prior public-data snapshots
pubmed-42372926,PubMed,42372926,10.1016/j.exger.2026.113223,Gut microbial signature for frailty discrimination: a metagenomic meta-analysis of 28 independent cohorts.,microbiome-inflammaging,microbiome-inflammaging__recent_update_2026_09_mid,intake_pending_curation,retired_from_active_candidate_pool,topic_capacity_limit,,2026-09-13,Git history and prior public-data snapshots
pubmed-42376629,PubMed,42376629,10.1016/j.crwh.2026.e00831,Obstetrical and medical outcomes following GLP-1 receptor agonist exposure in pregnancy: a case series.,glp1-weight-cardiometabolic,glp1-weight-cardiometabolic__recent_update_2026_09_mid,intake_pending_curation,retired_from_active_candidate_pool,topic_capacity_limit,,2026-09-13,Git history and prior public-data snapshots
pubmed-42376726,PubMed,42376726,10.1111/scs.70292,"The Silent Crisis: Loneliness in Older Adults-A Critical Review of Impacts, Strategies and Path Forward.",physical-activity-healthspan,physical-activity-healthspan__recent_update_2026_09_mid,intake_pending_curation,retired_from_active_candidate_pool,topic_capacity_limit,,2026-09-13,Git history and prior public-data snapshots
pubmed-42376863,PubMed,42376863,10.1177/15578100261464019,Synergistic Geroprotectors Mapping through Systems Machine Learning and Graph Neural Networks.,autophagy-mitophagy,autophagy-mitophagy__recent_update_2026_09_mid,intake_pending_curation,retired_from_active_candidate_pool,topic_capacity_limit,,2026-09-13,Git history and prior public-data snapshots
pubmed-42378199,PubMed,42378199,10.1111/jdi.70369,The prevalence of frailty and associated factors in patients with type 2 diabetes mellitus and coronary heart disease: A cross-sectional study.,sleep-aging,sleep-aging__recent_update_2026_09_mid,intake_pending_curation,retired_from_active_candidate_pool,topic_capacity_limit,,2026-09-13,Git history and prior public-data snapshots
pubmed-42378815,PubMed,42378815,10.1016/j.tranon.2026.102886,Mechanisms and advances of drug resistance in colorectal cancer: A systematic overview of multi-layered regulatory networks.,microbiome-inflammaging,microbiome-inflammaging__recent_update_2026_09_mid,intake_pending_curation,retired_from_active_candidate_pool,topic_capacity_limit,,2026-09-13,Git history and prior public-data snapshots
pubmed-42381554,PubMed,42381554,10.1111/jdi.70374,Association between cardiometabolic risk factors cluster and all-cause mortality in type 2 diabetes.,blood-pressure-aging,blood-pressure-aging__recent_update_2026_09_mid,intake_pending_curation,retired_from_active_candidate_pool,topic_capacity_limit,,2026-09-13,Git history and prior public-data snapshots
pubmed-42382663,PubMed,42382663,10.1016/j.obpill.2026.100290,"Micronutrient risk with GLP-1 receptor and dual incretin agonists in obesity: Mechanistic pathways, clinical signals, and a monitoring framework.",glp1-weight-cardiometabolic,glp1-weight-cardiometabolic__recent_update_2026_09_mid,intake_pending_curation,retired_from_active_candidate_pool,topic_capacity_limit,,2026-09-13,Git history and prior public-data snapshots
pubmed-42382665,PubMed,42382665,10.1016/j.obpill.2026.100287,Subclinical left ventricular diastolic dysfunction in adults with overweight or obesity and preserved ejection fraction.,blood-pressure-aging,blood-pressure-aging__recent_update_2026_09_mid,intake_pending_curation,retired_from_active_candidate_pool,topic_capacity_limit,,2026-09-13,Git history and prior public-data snapshots
pubmed-42385914,PubMed,42385914,10.1016/j.bbcan.2026.189654,Senescence in non-cancerous cells within the tumor: What is the real deal?,senolytics,senolytics__recent_update_2026_09_mid,intake_pending_curation,retired_from_active_candidate_pool,topic_capacity_limit,,2026-09-13,Git history and prior public-data snapshots
pubmed-42386393,PubMed,42386393,10.1136/dtb.2022.000065,Pharmacological treatment of polyendocrine metabolic ovarian syndrome in adults.,metformin-aging,metformin-aging__recent_update_2026_09_mid,intake_pending_curation,retired_from_active_candidate_pool,topic_capacity_limit,,2026-09-13,Git history and prior public-data snapshots
pubmed-42387174,PubMed,42387174,10.1111/joim.70133,Social jet lag is associated with incident cardiovascular disease independent of sleep duration and cardiac genetic risk.,sleep-aging,sleep-aging__recent_update_2026_09_mid,intake_pending_curation,retired_from_active_candidate_pool,topic_capacity_limit,,2026-09-13,Git history and prior public-data snapshots
pubmed-42387302,PubMed,42387302,10.1111/dom.71062,Potential Mediators of Efpeglenatide's Cardiovascular Benefit: An Exploratory Analysis of the AMPLITUDE-O Trial.,blood-pressure-aging,blood-pressure-aging__recent_update_2026_09_mid,intake_pending_curation,retired_from_active_candidate_pool,topic_capacity_limit,,2026-09-13,Git history and prior public-data snapshots
pubmed-42387668,PubMed,42387668,10.1002/ccd.70714,Validation of the European Society of Cardiology Ischemic and Bleeding Risk Criteria for Risk Stratification After Endovascular Therapy in Japanese Patients With Lower Extremity Artery Disease.,blood-pressure-aging,blood-pressure-aging__recent_update_2026_09_mid,intake_pending_curation,retired_from_active_candidate_pool,topic_capacity_limit,,2026-09-13,Git history and prior public-data snapshots
pubmed-42388102,PubMed,42388102,10.1097/HCO.0000000000001323,Rebooting blood vessel repair: implications of the SEMA-VR CardioLink-15 trial.,glp1-weight-cardiometabolic,glp1-weight-cardiometabolic__recent_update_2026_09_mid,intake_pending_curation,retired_from_active_candidate_pool,topic_capacity_limit,,2026-09-13,Git history and prior public-data snapshots
pubmed-42390364,PubMed,42390364,10.1177/13872877261465913,Gut microbiota alterations in Alzheimer's disease and mild cognitive impairment: A systematic review and meta-analysis.,microbiome-inflammaging,microbiome-inflammaging__recent_update_2026_09_mid,intake_pending_curation,retired_from_active_candidate_pool,topic_capacity_limit,,2026-09-13,Git history and prior public-data snapshots
pubmed-42390988,PubMed,42390988,10.2337/db26-0229,Females Are Completely Resistant to Semaglutide-Induced Muscle Loss in ob/ob Mice.,glp1-weight-cardiometabolic,glp1-weight-cardiometabolic__recent_update_2026_09_mid,intake_pending_curation,retired_from_active_candidate_pool,topic_capacity_limit,,2026-09-13,Git history and prior public-data snapshots
pubmed-42391673,PubMed,42391673,10.1016/j.tranon.2026.102902,"DAZAP2, regulated by miR-125b, contributes to inflammation-related non-small cell lung cancer progression.",microbiome-inflammaging,microbiome-inflammaging__recent_update_2026_09_mid,intake_pending_curation,retired_from_active_candidate_pool,topic_capacity_limit,,2026-09-13,Git history and prior public-data snapshots
pubmed-42392269,PubMed,42392269,10.1016/j.diabres.2026.113406,Cognitive frailty in diabetic patients: A visual analysis based on CiteSpace.,microbiome-inflammaging,microbiome-inflammaging__recent_update_2026_09_mid,intake_pending_curation,retired_from_active_candidate_pool,topic_capacity_limit,,2026-09-13,Git history and prior public-data snapshots
pubmed-42392921,PubMed,42392921,10.1016/j.medine.2026.502530,The place of the TAPSE/PASP in the diagnosis of right heart dysfunction in critically ill patients.,blood-pressure-aging,blood-pressure-aging__recent_update_2026_09_mid,intake_pending_curation,retired_from_active_candidate_pool,topic_capacity_limit,,2026-09-13,Git history and prior public-data snapshots
pubmed-42394413,PubMed,42394413,10.1111/jdi.70363,Liraglutide combined with dapagliflozin treatment improves myocardial disease and endothelial dysfunction in T2DM mice.,glp1-weight-cardiometabolic,glp1-weight-cardiometabolic__recent_update_2026_09_mid,intake_pending_curation,retired_from_active_candidate_pool,topic_capacity_limit,,2026-09-13,Git history and prior public-data snapshots
pubmed-42398272,PubMed,42398272,10.1016/j.nmd.2026.106485,Aquatic training improves muscle strength and functional mobility in adults with myotonic dystrophy type 1: a pilot randomized trial.,resistance-training-muscle,resistance-training-muscle__curated_recent_update_2026_08,selected_finding_draft,retired_from_active_candidate_pool,topic_capacity_limit,,2026-09-13,Git history and prior public-data snapshots
pubmed-42398378,PubMed,42398378,10.1016/j.gerinurse.2026.104169,Adherence to life's essential 8 and functional disability in older adults: Findings from the ELSI-Brazil study.,sleep-aging,sleep-aging__recent_update_2026_09_mid,intake_pending_curation,retired_from_active_candidate_pool,topic_capacity_limit,,2026-09-13,Git history and prior public-data snapshots
pubmed-42398811,PubMed,42398811,10.1016/j.trsl.2026.07.001,GLP-1 receptor agonists in ADPKD: from metabolic rationale to phenotype-enriched translational testing.,glp1-weight-cardiometabolic,glp1-weight-cardiometabolic__recent_update_2026_09_mid,intake_pending_curation,retired_from_active_candidate_pool,topic_capacity_limit,,2026-09-13,Git history and prior public-data snapshots
pubmed-42400305,PubMed,42400305,10.1111/bph.70560,Glucagon-like peptide-1 improves vascular endothelial dysfunction in hypertensive mice via CREB-driven transcriptional regulation of long non-coding RNA 155383.,glp1-weight-cardiometabolic,glp1-weight-cardiometabolic__recent_update_2026_09_mid,intake_pending_curation,retired_from_active_candidate_pool,topic_capacity_limit,,2026-09-13,Git history and prior public-data snapshots
pubmed-42400355,PubMed,42400355,10.1177/09612033261465925,"Association of systemic lupus erythematosus with 90-day readmission following heart failure hospitalization: A national readmission database (NRD) analysis, 2016-2017.",blood-pressure-aging,blood-pressure-aging__recent_update_2026_09_mid,intake_pending_curation,retired_from_active_candidate_pool,topic_capacity_limit,,2026-09-13,Git history and prior public-data snapshots
pubmed-42407185,PubMed,42407185,10.1016/j.phymed.2026.158526,Deep learning of multiplexed mitochondrial morphology identified natural compound combinations against skin photoaging.,senolytics,senolytics__recent_update_2026_09_mid,intake_pending_curation,retired_from_active_candidate_pool,topic_capacity_limit,,2026-09-13,Git history and prior public-data snapshots
pubmed-42407222,PubMed,42407222,10.1016/j.jamda.2026.106361,Nonlinear Associations Between Sleep Duration and Incident LTCI Certification in Older Adults: Findings From the Iwate-Kenpoku Cohort Study.,blood-pressure-aging,blood-pressure-aging__recent_update_2026_09_mid,intake_pending_curation,retired_from_active_candidate_pool,topic_capacity_limit,,2026-09-13,Git history and prior public-data snapshots
pubmed-42409247,PubMed,42409247,10.1016/j.nbd.2026.107522,CDKN1A protects medium spiny neurons from Huntington's disease pathology.,autophagy-mitophagy,autophagy-mitophagy__recent_update_2026_09_mid,intake_pending_curation,retired_from_active_candidate_pool,topic_capacity_limit,,2026-09-13,Git history and prior public-data snapshots
pubmed-42410323,PubMed,42410323,10.1111/dom.70967,A Sequential Dual GLP-1R/GIPR Agonist-To-Antagonist Molecule Achieves Superior Weight Loss in Obese Mice.,glp1-weight-cardiometabolic,glp1-weight-cardiometabolic__recent_update_2026_09_mid,intake_pending_curation,retired_from_active_candidate_pool,topic_capacity_limit,,2026-09-13,Git history and prior public-data snapshots
pubmed-42410329,PubMed,42410329,10.1111/dom.71065,GLP-1 Receptor Agonists for Weight Loss and Risk of Major Safety Outcomes: A Multicentre Cohort Study.,glp1-weight-cardiometabolic,glp1-weight-cardiometabolic__recent_update_2026_09_mid,intake_pending_curation,retired_from_active_candidate_pool,topic_capacity_limit,,2026-09-13,Git history and prior public-data snapshots
pubmed-42410706,PubMed,42410706,10.1002/ccd.70721,Lower AKI Risk and Higher Survival With Microaxial Flow Pump Support During Elective PCI: A Propensity Score-Matched Study.,blood-pressure-aging,blood-pressure-aging__recent_update_2026_09_mid,intake_pending_curation,retired_from_active_candidate_pool,topic_capacity_limit,,2026-09-13,Git history and prior public-data snapshots
pubmed-42410984,PubMed,42410984,10.1111/ggi.70642,Comment on: Association Between Frailty and Chronic Liver Disease Among Middle-Aged and Older Adults in China: A Nationwide Cohort Study Based on the CHARLS.,resistance-training-muscle,resistance-training-muscle__high_design__recent_update_2026_07,active_candidate_needs_review,retired_from_active_candidate_pool,non_result_publication_title,,2026-09-13,Git history and prior public-data snapshots
pubmed-42412011,PubMed,42412011,10.1002/anie.5484068,Harnessing the Reactivity of Sulfinate Salts With Cystine: An Umpolung Approach to Residue-Specific Peptide Modification.,glp1-weight-cardiometabolic,glp1-weight-cardiometabolic__recent_update_2026_09_mid,intake_pending_curation,retired_from_active_candidate_pool,topic_capacity_limit,,2026-09-13,Git history and prior public-data snapshots
pubmed-42412371,PubMed,42412371,10.1007/s40265-026-02350-w,Ecnoglutide: First Approvals.,glp1-weight-cardiometabolic,glp1-weight-cardiometabolic__recent_update_2026_09_mid,intake_pending_curation,retired_from_active_candidate_pool,topic_capacity_limit,,2026-09-13,Git history and prior public-data snapshots
pubmed-42413216,PubMed,42413216,10.1016/j.phymed.2026.158531,Resveratrol exerts stage- and sex-specific anti-aging and multigenerational effects via epigenetic and metabolic pathways in Drosophila.,autophagy-mitophagy,autophagy-mitophagy__recent_update_2026_09_mid,intake_pending_curation,retired_from_active_candidate_pool,topic_capacity_limit,,2026-09-13,Git history and prior public-data snapshots
pubmed-42413339,PubMed,42413339,10.1016/j.medcli.2026.107495,Sex-based differences in 10-year mortality and risk factors following an initial acute heart failure episode.,blood-pressure-aging,blood-pressure-aging__recent_update_2026_09_mid,intake_pending_curation,retired_from_active_candidate_pool,topic_capacity_limit,,2026-09-13,Git history and prior public-data snapshots
pubmed-42413349,PubMed,42413349,10.1016/j.jdiacomp.2026.109348,Turkish cross-sectional survEy of glycemic and other Metabolic parameters in patients with type 2 Diabetes in 2023: Comparison with 2018 nationwide data (TEMD-2 study).,blood-pressure-aging,blood-pressure-aging__recent_update_2026_09_mid,intake_pending_curation,retired_from_active_candidate_pool,topic_capacity_limit,,2026-09-13,Git history and prior public-data snapshots
pubmed-42413529,PubMed,42413529,10.1016/S2213-8587(26)00098-7,Temporal changes in cortisol secretion and their association with long-term outcomes in benign adrenal incidentalomas: a retrospective cohort study.,blood-pressure-aging,blood-pressure-aging__recent_update_2026_09_mid,intake_pending_curation,retired_from_active_candidate_pool,topic_capacity_limit,,2026-09-13,Git history and prior public-data snapshots
pubmed-42413884,PubMed,42413884,10.1016/j.ejpb.2026.115179,Ageing-driven gastrointestinal variability in Parkinson's disease: implications for oral levodopa pharmacokinetics and formulation design.,microbiome-inflammaging,microbiome-inflammaging__recent_update_2026_09_mid,intake_pending_curation,retired_from_active_candidate_pool,topic_capacity_limit,,2026-09-13,Git history and prior public-data snapshots
pubmed-42415595,PubMed,42415595,10.1002/oby.70212,Glucagon-Like Peptide-1 Receptor Agonist-Based Agents and Body Composition: Filling More Gaps.,glp1-weight-cardiometabolic,glp1-weight-cardiometabolic__recent_update_2026_09_mid,intake_pending_curation,retired_from_active_candidate_pool,topic_capacity_limit,,2026-09-13,Git history and prior public-data snapshots
pubmed-42417042,PubMed,42417042,10.1161/STROKEAHA.125.054852,MAD-MT Score: A Tool to Optimize Patient Selection for Mechanical Thrombectomy in Distal Vessel Occlusions.,blood-pressure-aging,blood-pressure-aging__recent_update_2026_09_mid,intake_pending_curation,retired_from_active_candidate_pool,topic_capacity_limit,,2026-09-13,Git history and prior public-data snapshots
pubmed-42420519,PubMed,42420519,10.1038/s41598-026-61582-8,Pregnancy outcomes following maternal GLP-1 receptor agonist exposure: a systematic review and meta-analysis.,glp1-weight-cardiometabolic,glp1_obesity_cardiometabolic_outcomes,selected_finding_draft,retired_from_active_candidate_pool,topic_capacity_limit,,2026-09-13,Git history and prior public-data snapshots
pubmed-42426654,PubMed,42426654,10.1186/s12872-026-06269-8,Tirzepatide and risk of newly diagnosed aortic stenosis in patients with obesity: a multi-institutional real-world cohort study.,glp1-weight-cardiometabolic,obesity_weight_loss_mortality_aging,selected_finding_draft,retired_from_active_candidate_pool,topic_capacity_limit,,2026-09-13,Git history and prior public-data snapshots
pubmed-42429048,PubMed,42429048,10.3892/ijmm.2026.5916,Single‑cell atlas reveals a Wilms' tumor 1‑mediated axis driving granulosa cell senescence in human ovarian aging.,microbiome-inflammaging,microbiome-inflammaging__recent_update_2026_09_mid,intake_pending_curation,retired_from_active_candidate_pool,topic_capacity_limit,,2026-09-13,Git history and prior public-data snapshots
pubmed-42429052,PubMed,42429052,10.3892/ijmm.2026.5923,Endocrine‑metabolic imbalance drives osteoarthritis: From whole‑joint pathobiology to precision therapy (Review).,microbiome-inflammaging,microbiome-inflammaging__recent_update_2026_09_mid,intake_pending_curation,retired_from_active_candidate_pool,topic_capacity_limit,,2026-09-13,Git history and prior public-data snapshots
pubmed-42430817,PubMed,42430817,10.1016/j.surg.2026.110393,"Outcomes of angioembolization in penetrating hepatic trauma: Equivalent survival, longer hospitalization.",blood-pressure-aging,blood-pressure-aging__recent_update_2026_09_mid,intake_pending_curation,retired_from_active_candidate_pool,topic_capacity_limit,,2026-09-13,Git history and prior public-data snapshots
pubmed-42430878,PubMed,42430878,10.1016/j.bbrc.2026.154243,Hydrogen-rich jelly attenuates adipose tissue inflammation and metabolic dysfunction in high-fat/high-sucrose diet-fed SAMP8 mice.,microbiome-inflammaging,microbiome-inflammaging__recent_update_2026_09_mid,intake_pending_curation,retired_from_active_candidate_pool,topic_capacity_limit,,2026-09-13,Git history and prior public-data snapshots
pubmed-42430979,PubMed,42430979,10.1016/j.legalmed.2026.102917,Fatal amlodypine overdose: forensic and clinical features - a systematic review.,blood-pressure-aging,blood-pressure-aging__recent_update_2026_09_mid,intake_pending_curation,retired_from_active_candidate_pool,topic_capacity_limit,,2026-09-13,Git history and prior public-data snapshots
pubmed-42431106,PubMed,42431106,10.1016/j.phymed.2026.158536,"Phytochemistry, pharmacology, toxicology, and applications of the genus Dendrobium: An updated review from bioactive constituents and mechanisms to translational perspectives.",microbiome-inflammaging,microbiome-inflammaging__recent_update_2026_09_mid,intake_pending_curation,retired_from_active_candidate_pool,topic_capacity_limit,,2026-09-13,Git history and prior public-data snapshots
pubmed-42431404,PubMed,42431404,10.1016/j.tjnut.2026.101721,Anthocyanins and Aging Intervention: Mechanisms and Prospects.,microbiome-inflammaging,microbiome-inflammaging__recent_update_2026_09_mid,intake_pending_curation,retired_from_active_candidate_pool,topic_capacity_limit,,2026-09-13,Git history and prior public-data snapshots
pubmed-42432450,PubMed,42432450,10.1111/jgh.70555,Comparative Effectiveness and Safety of Atezolizumab-Bevacizumab and Durvalumab-Tremelimumab as First-Line Systemic Therapy for Hepatocellular Carcinoma: A Real-World Study.,blood-pressure-aging,blood-pressure-aging__recent_update_2026_09_mid,intake_pending_curation,retired_from_active_candidate_pool,topic_capacity_limit,,2026-09-13,Git history and prior public-data snapshots
pubmed-42434341,PubMed,42434341,10.1016/j.ijcrp.2026.200670,Prevalence and risk factors of hypertensive disorders during pregnancy in Somalia: A multilevel analysis of the 2020 Demographic and Health Survey.,blood-pressure-aging,blood-pressure-aging__recent_update_2026_09_mid,intake_pending_curation,retired_from_active_candidate_pool,topic_capacity_limit,,2026-09-13,Git history and prior public-data snapshots
pubmed-42434480,PubMed,42434480,10.1016/j.metop.2026.100484,Direct effects of glucagon-like Peptide-1 receptor agonists on mitochondrial function in human-derived in vitro models: A systematic review and meta-analysis.,glp1-weight-cardiometabolic,glp1-weight-cardiometabolic__recent_update_2026_09_mid,intake_pending_curation,retired_from_active_candidate_pool,topic_capacity_limit,,2026-09-13,Git history and prior public-data snapshots
pubmed-42435974,PubMed,42435974,10.1016/j.jhepr.2026.101957,The Use of FGF21 Analogues in MASH and MASH Cirrhosis - Metabolic Master Regulators or Liver-Specific Mechanisms? (☆).,klotho-il11-aging,klotho_aging_human,active_candidate_needs_review,retired_from_active_candidate_pool,topic_capacity_limit,,2026-09-13,Git history and prior public-data snapshots
pubmed-42436352,PubMed,42436352,10.1038/s41371-026-01175-0,Mortality trends and demographics due to hypertensive nephrosclerosis in older adults from 1999-2020.,blood-pressure-aging,blood-pressure-aging__recent_update_2026_09_mid,intake_pending_curation,retired_from_active_candidate_pool,topic_capacity_limit,,2026-09-13,Git history and prior public-data snapshots
pubmed-42436668,PubMed,42436668,10.1016/j.metop.2026.100483,Prevalence and associated factors of malnutrition among adults living with HIV on ART: a pilot study.,physical-activity-healthspan,physical-activity-healthspan__recent_update_2026_09_mid,intake_pending_curation,retired_from_active_candidate_pool,topic_capacity_limit,,2026-09-13,Git history and prior public-data snapshots
pubmed-42436850,PubMed,42436850,10.1016/j.obpill.2026.100288,Understanding reasons for initiation and experience with tirzepatide among individuals with obesity or overweight: Results from the PERCEPTIONS survey.,glp1-weight-cardiometabolic,glp1-weight-cardiometabolic__recent_update_2026_09_mid,intake_pending_curation,retired_from_active_candidate_pool,topic_capacity_limit,,2026-09-13,Git history and prior public-data snapshots
pubmed-42437281,PubMed,42437281,10.1016/j.jot.2026.101121,"Corrigendum to ""Metformin prevents mandibular bone loss in a mouse model of accelerated aging by correcting dysregulated AMPK-mTOR signaling and osteoclast differentiation"" [J Orthop Transl 46 (2024) 129-142].",metformin-aging,metformin_aging_longevity,active_candidate_needs_review,retired_from_active_candidate_pool,non_result_publication_title,,2026-09-13,Git history and prior public-data snapshots
pubmed-42437307,PubMed,42437307,10.1016/j.omtn.2026.102992,Decoding preeclampsia: A fusion of multi-view machine learning and multi-omics to identify putative inflammation-related mechanisms.,microbiome-inflammaging,microbiome-inflammaging__recent_update_2026_09_mid,intake_pending_curation,retired_from_active_candidate_pool,topic_capacity_limit,,2026-09-13,Git history and prior public-data snapshots
pubmed-42437837,PubMed,42437837,10.1007/s12098-026-06300-y,Gut Microbiome in Neonatal Necrotizing Enterocolitis - A Comprehensive Review of Evidence.,microbiome-inflammaging,microbiome-inflammaging__recent_update_2026_09_mid,intake_pending_curation,retired_from_active_candidate_pool,topic_capacity_limit,,2026-09-13,Git history and prior public-data snapshots
pubmed-42437951,PubMed,42437951,10.1111/joim.70128,Anti-inflammatory agents in atherosclerosis-and a need for reform: Extraordinary claims require extraordinary evidence.,ldl-apob-cardiovascular-risk,ldl-apob-cardiovascular-risk__recent_update_2026_09_mid,intake_pending_curation,retired_from_active_candidate_pool,topic_capacity_limit,,2026-09-13,Git history and prior public-data snapshots
pubmed-42438359,PubMed,42438359,10.1002/glia.70197,Genetic Deletion of Adenosine A(2A) Receptors Attenuates Aged-Related Alterations of Glial Cells Morphology and of Inflammasome in the Hippocampus and Prefrontal Cortex of Mice.,microbiome-inflammaging,microbiome-inflammaging__recent_update_2026_09_mid,intake_pending_curation,retired_from_active_candidate_pool,topic_capacity_limit,,2026-09-13,Git history and prior public-data snapshots
pubmed-42439896,PubMed,42439896,10.1083/jcb.202605090,PISD acts as a switch between lipophagy and fatty acid transfer to mitochondria.,autophagy-mitophagy,autophagy-mitophagy__recent_update_2026_09_mid,intake_pending_curation,retired_from_active_candidate_pool,topic_capacity_limit,,2026-09-13,Git history and prior public-data snapshots
pubmed-42442303,PubMed,42442303,10.1016/j.biopha.2026.119745,Bidirectional microbiota-cancer crosstalk: Emerging platforms for advanced diagnostics and precision therapeutics in oncology.,microbiome-inflammaging,microbiome-inflammaging__recent_review_trial__recent_update_2026_07,selected_finding_draft,retired_from_active_candidate_pool,topic_capacity_limit,,2026-09-13,Git history and prior public-data snapshots
pubmed-42442544,PubMed,42442544,10.1016/j.jconrel.2026.115174,Nanoparticles as an efficient strategy to eliminate senescent brain endothelial cells.,senolytics,senolytics__recent_update_2026_09_mid,intake_pending_curation,retired_from_active_candidate_pool,topic_capacity_limit,,2026-09-13,Git history and prior public-data snapshots
pubmed-42442548,PubMed,42442548,10.1016/j.jconrel.2026.115178,Enhancing insulin sensitivity by reducing adipocyte senescence using uPAR-targeted nanoparticles in high-fat-diet-induced obese mice.,senolytics,senolytics__recent_update_2026_09_mid,intake_pending_curation,retired_from_active_candidate_pool,topic_capacity_limit,,2026-09-13,Git history and prior public-data snapshots
pubmed-42442575,PubMed,42442575,10.1016/j.ijbiomac.2026.153507,Development of zein-based nanoparticles for oral co-delivery of insulin and liraglutide and preliminary in vivo evaluation in Danio rerio.,glp1-weight-cardiometabolic,glp1-weight-cardiometabolic__recent_update_2026_09_mid,intake_pending_curation,retired_from_active_candidate_pool,topic_capacity_limit,,2026-09-13,Git history and prior public-data snapshots
pubmed-42442577,PubMed,42442577,10.1016/j.ijbiomac.2026.153514,Torreya grandis polysaccharide alleviates acute lung injury via the lung-gut axis: Gut microbiota and immune regulation mechanisms.,microbiome-inflammaging,microbiome-inflammaging__recent_update_2026_09_mid,intake_pending_curation,retired_from_active_candidate_pool,topic_capacity_limit,,2026-09-13,Git history and prior public-data snapshots
pubmed-42442993,PubMed,42442993,10.1016/j.transproceed.2026.06.020,Heart Transplantation in Brazil: Two Decades of Gender Disparities in the World's Largest Public Organ Transplant System.,blood-pressure-aging,blood-pressure-aging__recent_update_2026_09_mid,intake_pending_curation,retired_from_active_candidate_pool,topic_capacity_limit,,2026-09-13,Git history and prior public-data snapshots
pubmed-42443375,PubMed,42443375,10.1038/s41440-026-02725-2,Breakthrough drugs in the treatment of hypertension-related disease.,glp1-weight-cardiometabolic,glp1-weight-cardiometabolic__recent_update_2026_09_mid,intake_pending_curation,retired_from_active_candidate_pool,topic_capacity_limit,,2026-09-13,Git history and prior public-data snapshots
pubmed-42447648,PubMed,42447648,10.1016/j.gassur.2026.102497,Cancer risk of glucagon-like peptide-1 receptor agonists for obesity: comparison with bariatric surgery and other weight-loss drugs.,glp1-weight-cardiometabolic,glp1-weight-cardiometabolic__recent_update_2026_09_mid,intake_pending_curation,retired_from_active_candidate_pool,topic_capacity_limit,,2026-09-13,Git history and prior public-data snapshots
pubmed-42448851,PubMed,42448851,10.1038/s41440-026-02730-5,"Prediction model for aortic dissection, aortic aneurysm, and peripheral artery disease.",physical-activity-healthspan,physical-activity-healthspan__recent_update_2026_09_mid,intake_pending_curation,retired_from_active_candidate_pool,topic_capacity_limit,,2026-09-13,Git history and prior public-data snapshots
pubmed-42454945,PubMed,42454945,10.1128/spectrum.01047-26,"Evaluating the impact of immunization with the ""pan-fungal"" vaccine, NXT-2, on the gut mycobiome and microbiome in non-human primates (NHPs).",microbiome-inflammaging,microbiome-inflammaging__curated_recent_update_2026_08,selected_finding_draft,retired_from_active_candidate_pool,topic_capacity_limit,,2026-09-13,Git history and prior public-data snapshots
pubmed-42455118,PubMed,42455118,10.1002/jcsm.70348,Improving Hip Fracture Prediction by Using Sarcopenia-Specific Cut-Offs of T-Scores for Osteosarcopenia: A Prospective Cohort Study.,resistance-training-muscle,resistance-training-muscle__curated_recent_update_2026_08,selected_finding_draft,retired_from_active_candidate_pool,topic_capacity_limit,,2026-09-13,Git history and prior public-data snapshots
pubmed-42455729,PubMed,42455729,10.20452/pamw.17351,Biomarkers in predicting mortality in hemodialysis patients: recent advances.,klotho-il11-aging,klotho-il11-aging__recent_review_trial__recent_update_2026_07,active_candidate_needs_review,retired_from_active_candidate_pool,topic_capacity_limit,,2026-09-13,Git history and prior public-data snapshots
pubmed-42456831,PubMed,42456831,10.1016/j.rmed.2026.109038,"Sex-based differences in long-term respiratory and pulmonary vascular outcomes after acute pulmonary embolism: A propensity-matched analysis of 795,338 patients.",blood-pressure-aging,blood-pressure-aging__recent_update_2026_09_mid,intake_pending_curation,retired_from_active_candidate_pool,topic_capacity_limit,,2026-09-13,Git history and prior public-data snapshots
pubmed-42457037,PubMed,42457037,10.1016/j.ajcnut.2026.101434,Nutritional Strategies Targeting Glucose Metabolism to Slow Cognitive Aging: A Scoping Review of Human Trials.,blood-pressure-aging,blood-pressure-aging__recent_update_2026_09_mid,intake_pending_curation,retired_from_active_candidate_pool,topic_capacity_limit,,2026-09-13,Git history and prior public-data snapshots
pubmed-42458197,PubMed,42458197,10.1007/s40292-026-00814-4,Exploratory Cardiovascular Risk Modeling of Orforglipron Using the PREVENT Equations Compared with the Pooled Cohort Equations: A Post-Hoc Analysis from a Systematic Review and Meta-analysis.,glp1-weight-cardiometabolic,glp1-weight-cardiometabolic__recent_update_2026_09_mid,intake_pending_curation,retired_from_active_candidate_pool,topic_capacity_limit,,2026-09-13,Git history and prior public-data snapshots
pubmed-42458317,PubMed,42458317,10.1186/s12879-026-14006-x,Admission lipid profile and outcomes in sepsis requiring early invasive source control.,ldl-apob-cardiovascular-risk,ldl-apob-cardiovascular-risk__high_design__recent_update_2026_07,active_candidate_needs_review,retired_from_active_candidate_pool,topic_capacity_limit,,2026-09-13,Git history and prior public-data snapshots
pubmed-42459020,PubMed,42459020,10.7748/ns.2026.e12750,Preventing deconditioning and incontinence in older people in acute care settings.,resistance-training-muscle,resistance-training-muscle__recent_update_2026_09_mid,intake_pending_curation,retired_from_active_candidate_pool,topic_capacity_limit,,2026-09-13,Git history and prior public-data snapshots
pubmed-42461651,PubMed,42461651,10.1001/jamaoto.2026.1777,Hypoglossal Nerve Stimulation and the Incidence of Cardiovascular Disease.,blood-pressure-aging,blood-pressure-aging__recent_update_2026_09_mid,intake_pending_curation,retired_from_active_candidate_pool,topic_capacity_limit,,2026-09-13,Git history and prior public-data snapshots
pubmed-42462859,PubMed,42462859,10.1016/j.bbcan.2026.189663,ROS-mitochondrial nexus in stem cell growth and differentiation and implications in cancer and degenerative diseases.,autophagy-mitophagy,autophagy-mitophagy__recent_update_2026_09_mid,intake_pending_curation,retired_from_active_candidate_pool,topic_capacity_limit,,2026-09-13,Git history and prior public-data snapshots
pubmed-42462923,PubMed,42462923,10.1016/j.diabres.2026.113446,Quality of care and clinical characteristics of adults with type 1 diabetes in Italy: insights from the 2025 AMD Annals initiative.,ldl-apob-cardiovascular-risk,ldl-apob-cardiovascular-risk__recent_update_2026_09_mid,intake_pending_curation,retired_from_active_candidate_pool,topic_capacity_limit,,2026-09-13,Git history and prior public-data snapshots
pubmed-42464660,PubMed,42464660,10.3892/ijmm.2026.5932,Cepharanthine inhibits tick‑borne encephalitis virus infection through modulation of the stress and inflammation response.,klotho-il11-aging,klotho-il11-aging__recent_update_2026_09_mid,intake_pending_curation,retired_from_active_candidate_pool,topic_capacity_limit,,2026-09-13,Git history and prior public-data snapshots
pubmed-42464791,PubMed,42464791,10.1080/13813455.2026.2699137,Meta-Analysis of DNA methylation and gut microbiome data in preterm birth reveals epigenetic and microbial biomarkers for early diagnosis and probiotic-based intervention.,microbiome-inflammaging,microbiome-inflammaging__recent_review_trial__recent_update_2026_07,selected_finding_draft,retired_from_active_candidate_pool,topic_capacity_limit,,2026-09-13,Git history and prior public-data snapshots
pubmed-42464807,PubMed,42464807,10.1161/STROKEAHA.126.055378,Brain Perivascular Space Morphometry Reflects Shared Familial Microvascular Architecture and Neuropsychiatric Influences.,blood-pressure-aging,blood-pressure-aging__recent_update_2026_09_mid,intake_pending_curation,retired_from_active_candidate_pool,topic_capacity_limit,,2026-09-13,Git history and prior public-data snapshots
pubmed-42464971,PubMed,42464971,10.1002/jcu.70344,Effect of Transthoracic Echocardiography on Prognosis Outcomes in Diabetic Patients With Various Cardiovascular Diseases: A Retrospective Cohort Study Based on the MIMIC-IV Database.,blood-pressure-aging,blood-pressure-aging__recent_update_2026_09_mid,intake_pending_curation,retired_from_active_candidate_pool,topic_capacity_limit,,2026-09-13,Git history and prior public-data snapshots
pubmed-42467394,PubMed,42467394,10.1007/s12282-026-01893-w,Interpretable machine-learning survival prediction of breast cancer prognosis from lifestyle factors: evidence from UK biobank.,physical-activity-healthspan,physical-activity-healthspan__recent_update_2026_09_mid,intake_pending_curation,retired_from_active_candidate_pool,topic_capacity_limit,,2026-09-13,Git history and prior public-data snapshots
pubmed-42467646,PubMed,42467646,10.1044/2026_JSLHR-25-00829,Characterizing Submental Neuromuscular Activity of Swallowing Rehabilitation: An Electromyographic Evaluation of Rehabilitative Maneuvers in Healthy Adults.,resistance-training-muscle,resistance-training-muscle__recent_update_2026_09_mid,intake_pending_curation,retired_from_active_candidate_pool,topic_capacity_limit,,2026-09-13,Git history and prior public-data snapshots
pubmed-42467699,PubMed,42467699,10.1371/journal.pone.0352516,Epidemiology and determinants of dyslipidemia in Iranian population: Results from the PERSIAN cohort.,ldl-apob-cardiovascular-risk,ldl-apob-cardiovascular-risk__high_design__recent_update_2026_07,active_candidate_needs_review,retired_from_active_candidate_pool,topic_capacity_limit,,2026-09-13,Git history and prior public-data snapshots
pubmed-42467949,PubMed,42467949,10.1097/COH.0000000000001059,Glucagon-like peptide-1 receptor agonists in the aging population of people with HIV: emerging evidence and clinical implications.,glp1-weight-cardiometabolic,glp1-weight-cardiometabolic__recent_update_2026_09_mid,intake_pending_curation,retired_from_active_candidate_pool,topic_capacity_limit,,2026-09-13,Git history and prior public-data snapshots
pubmed-42468089,PubMed,42468089,10.1016/j.maturitas.2026.109058,"Dyslipidemia across the menopause transition: Mechanisms, trajectories, and opportunities for cardiovascular prevention.",blood-pressure-aging,blood-pressure-aging__recent_update_2026_09_mid,intake_pending_curation,retired_from_active_candidate_pool,topic_capacity_limit,,2026-09-13,Git history and prior public-data snapshots
pubmed-42468198,PubMed,42468198,10.1016/j.vetmic.2026.111137,ST6GALNAC5 promotes Glaesserella parasuis infection by enhancing bacterial adhesion and amplifying host inflammatory responses.,klotho-il11-aging,klotho-il11-aging__recent_update_2026_09_mid,intake_pending_curation,retired_from_active_candidate_pool,topic_capacity_limit,,2026-09-13,Git history and prior public-data snapshots
pubmed-42468545,PubMed,42468545,10.1016/S2215-0366(26)00129-X,Research priorities for metabolic interventions in severe mental illness: results of a James Lind Alliance Priority Setting Partnership.,microbiome-inflammaging,microbiome-inflammaging__recent_update_2026_09_mid,intake_pending_curation,retired_from_active_candidate_pool,topic_capacity_limit,,2026-09-13,Git history and prior public-data snapshots
pubmed-42472268,PubMed,42472268,10.1016/j.dadr.2026.100459,Three-year cardiovascular risk prediction among people who use cocaine or methamphetamine.,blood-pressure-aging,blood-pressure-aging__recent_update_2026_09_mid,intake_pending_curation,retired_from_active_candidate_pool,topic_capacity_limit,,2026-09-13,Git history and prior public-data snapshots
pubmed-42472600,PubMed,42472600,10.1016/j.phrs.2026.108345,"Rethinking frailty as a disorder of mitochondrial adaptability, from energetic congestion to systemic vulnerability.",physical-activity-healthspan,physical-activity-healthspan__recent_update_2026_09_mid,intake_pending_curation,retired_from_active_candidate_pool,topic_capacity_limit,,2026-09-13,Git history and prior public-data snapshots
pubmed-42473028,PubMed,42473028,10.1002/jcsm.70345,Electroacupuncture Treatment on Sarcopenia in Patients Undergoing Maintenance Haemodialysis: An Effective Therapy.,resistance-training-muscle,resistance-training-muscle__curated_recent_update_2026_08,selected_finding_draft,retired_from_active_candidate_pool,topic_capacity_limit,,2026-09-13,Git history and prior public-data snapshots
pubmed-42473582,PubMed,42473582,10.1016/j.ijcrp.2026.200678,Healthcare utilization patterns prior to a first heart failure diagnosis in a 90 day mortality cohort: A retrospective cohort study.,blood-pressure-aging,blood-pressure-aging__recent_update_2026_09_mid,intake_pending_curation,retired_from_active_candidate_pool,topic_capacity_limit,,2026-09-13,Git history and prior public-data snapshots
pubmed-42477226,PubMed,42477226,10.1007/s11695-026-08856-2,Comparative Outcomes of Bariatric Surgery in Individuals with Class 2-3 and Class 4 Obesity : A Retrospective Cohort Study.,blood-pressure-aging,blood-pressure-aging__recent_update_2026_09_mid,intake_pending_curation,retired_from_active_candidate_pool,topic_capacity_limit,,2026-09-13,Git history and prior public-data snapshots
pubmed-42477266,PubMed,42477266,10.1007/s40258-026-01050-6,Active Transport Health Model: Valuing the Health Benefits of Active Transport.,physical-activity-healthspan,physical-activity-healthspan__recent_update_2026_09_mid,intake_pending_curation,retired_from_active_candidate_pool,topic_capacity_limit,,2026-09-13,Git history and prior public-data snapshots
pubmed-42477892,PubMed,42477892,10.1002/jcsm.70350,Plasma Extracellular Vesicles-Derived Complement Proteins as Biomarkers of Sarcopenia Progression in Longitudinal Cohorts.,resistance-training-muscle,resistance-training-muscle__curated_recent_update_2026_08,selected_finding_draft,retired_from_active_candidate_pool,topic_capacity_limit,,2026-09-13,Git history and prior public-data snapshots
pubmed-42478857,PubMed,42478857,10.1128/spectrum.00443-26,Assessment of multiple probiotic strains that protect Montipora capitata coral from infection by Vibrio coralliilyticus.,microbiome-inflammaging,microbiome-inflammaging__recent_update_2026_09_mid,intake_pending_curation,retired_from_active_candidate_pool,topic_capacity_limit,,2026-09-13,Git history and prior public-data snapshots
pubmed-42478861,PubMed,42478861,10.1210/clinem/dgag285,Temporal stability of cardiometabolic risk factors from the perspective of primordial disease prevention in children.,ldl-apob-cardiovascular-risk,ldl-apob-cardiovascular-risk__high_design__recent_update_2026_07,active_candidate_needs_review,retired_from_active_candidate_pool,topic_capacity_limit,,2026-09-13,Git history and prior public-data snapshots
pubmed-42480023,PubMed,42480023,10.1021/acs.jafc.6c04192,A Genomically Safe Lactobacillus johnsonii Lacking Mobile Antimicrobial Resistance Genes Suppresses Escherichia coli and Modulates Gut Microbiota and Diarrhea Incidence in Suckling Piglets.,microbiome-inflammaging,microbiome-inflammaging__curated_recent_update_2026_08,selected_finding_draft,retired_from_active_candidate_pool,topic_capacity_limit,,2026-09-13,Git history and prior public-data snapshots
pubmed-42480329,PubMed,42480329,10.1016/j.jamda.2026.106378,A Systematic Review and Meta-Analysis of Combined Cognitive and Physical Interventions on Cognition Function in Frail Older Adults.,resistance-training-muscle,resistance-training-muscle__recent_review_trial__recent_update_2026_07,selected_finding_draft,retired_from_active_candidate_pool,topic_capacity_limit,,2026-09-13,Git history and prior public-data snapshots
pubmed-42480412,PubMed,42480412,10.1016/j.resinv.2026.101476,"Expanding roles of high-flow nasal cannula beyond acute care: Home use, rehabilitation, and palliative care.",physical-activity-healthspan,physical-activity-healthspan__recent_update_2026_09_mid,intake_pending_curation,retired_from_active_candidate_pool,topic_capacity_limit,,2026-09-13,Git history and prior public-data snapshots
pubmed-42480532,PubMed,42480532,10.1016/j.ymthe.2026.07.015,"FGF21 gene therapy for healthy aging: Great promise, important questions.",klotho-il11-aging,klotho-il11-aging__curated_recent_update_2026_08,active_candidate_needs_review,retired_from_active_candidate_pool,topic_capacity_limit,,2026-09-13,Git history and prior public-data snapshots
pubmed-42480980,PubMed,42480980,10.1002/oby.70265,A CVD Classification Model for Individuals With Obesity: Multi-Ethnic Validation Based on Multiple Metabolic Indicators.,blood-pressure-aging,blood-pressure-aging__recent_update_2026_09_mid,intake_pending_curation,retired_from_active_candidate_pool,topic_capacity_limit,,2026-09-13,Git history and prior public-data snapshots
pubmed-42484827,PubMed,42484827,10.1007/s11695-026-08854-4,Cost-Effectiveness of Endoscopic Bariatric Therapies Compared with Laparoscopic Sleeve Gastrectomy and Semaglutide.,glp1-weight-cardiometabolic,glp1-weight-cardiometabolic__recent_update_2026_09_mid,intake_pending_curation,retired_from_active_candidate_pool,topic_capacity_limit,,2026-09-13,Git history and prior public-data snapshots
pubmed-42485012,PubMed,42485012,10.1001/jamacardio.2026.2527,Treadmill Stress Test in Patients With Asymptomatic Severe Aortic Stenosis: A Prespecified Registry-Based Follow-Up of the EARLY TAVR Randomized Clinical Trial.,physical-activity-healthspan,physical-activity-healthspan__recent_update_2026_09_mid,intake_pending_curation,retired_from_active_candidate_pool,topic_capacity_limit,,2026-09-13,Git history and prior public-data snapshots
pubmed-42486408,PubMed,42486408,10.1016/j.diabres.2026.113457,"Impact of modifiable risk factors, including diabetes, and diabetes-related complications, on dementia risk in older U.S. adults: mutually adjusted estimates from a population-based cohort.",blood-pressure-aging,blood-pressure-aging__recent_update_2026_09_mid,intake_pending_curation,retired_from_active_candidate_pool,topic_capacity_limit,,2026-09-13,Git history and prior public-data snapshots
pubmed-42487281,PubMed,42487281,10.4103/aam.aam_253_26,Comparative Analysis of Lipid Profile in First Time Donors and Frequent Donors - A Prospective Study.,ldl-apob-cardiovascular-risk,ldl-apob-cardiovascular-risk__high_design__recent_update_2026_07,active_candidate_needs_review,retired_from_active_candidate_pool,topic_capacity_limit,,2026-09-13,Git history and prior public-data snapshots
pubmed-42489291,PubMed,42489291,10.1097/JCN.0000000000001323,Health-Related Quality of Life and Its Influencing Factors Among Patients With Coronary Heart Disease and Type 2 Diabetes Mellitus: A Cross-Sectional Study.,sleep-aging,sleep-aging__recent_update_2026_09_mid,intake_pending_curation,retired_from_active_candidate_pool,topic_capacity_limit,,2026-09-13,Git history and prior public-data snapshots
pubmed-42490268,PubMed,42490268,10.1037/hea0001628,Ultra-processed food consumption and frailty in older adults: A systematic review and meta-analysis.,resistance-training-muscle,resistance-training-muscle__recent_review_trial__recent_update_2026_07,selected_finding_draft,retired_from_active_candidate_pool,topic_capacity_limit,,2026-09-13,Git history and prior public-data snapshots
pubmed-42491427,PubMed,42491427,10.1016/j.obpill.2026.100300,Real-world treatment satisfaction and experience with once-weekly tirzepatide: Insights from prescribing physicians and people with obesity or overweight.,glp1-weight-cardiometabolic,glp1-weight-cardiometabolic__recent_update_2026_09_mid,intake_pending_curation,retired_from_active_candidate_pool,topic_capacity_limit,,2026-09-13,Git history and prior public-data snapshots
pubmed-42492153,PubMed,42492153,10.1016/j.chemosphere.2026.144993,"Comparative toxicity of thiamethoxam and abamectin in red swamp crayfish: Bioaccumulation, oxidative stress, and gut microbiota in a rice-crayfish Co-culture system.",microbiome-inflammaging,microbiome-inflammaging__recent_update_2026_09_mid,intake_pending_curation,retired_from_active_candidate_pool,topic_capacity_limit,,2026-09-13,Git history and prior public-data snapshots
pubmed-42492944,PubMed,42492944,10.1136/bmj-2026-100040,Early treatment with rasburicase and risk of kidney replacement therapy and death in adults with tumour lysis syndrome: emulated target trial.,blood-pressure-aging,blood-pressure-aging__high_weight_journal__recent_update_2026_07,active_candidate_needs_review,retired_from_active_candidate_pool,topic_capacity_limit,,2026-09-13,Git history and prior public-data snapshots
pubmed-42494804,PubMed,42494804,10.1016/j.obpill.2026.100304,A survey of primary care physicians' views on supporting patients who lose insurance coverage for Glucagon-Like Peptide-1-based drugs for weight management.,glp1-weight-cardiometabolic,glp1-weight-cardiometabolic__recent_update_2026_09_mid,intake_pending_curation,retired_from_active_candidate_pool,topic_capacity_limit,,2026-09-13,Git history and prior public-data snapshots
pubmed-42494947,PubMed,42494947,10.1002/cdt3.70052,Cardiovascular Risk Assessment and Its Determinants Among Older Adults in India: Evidence From a Nationally Representative Survey.,blood-pressure-aging,blood-pressure-aging__recent_update_2026_09_mid,intake_pending_curation,retired_from_active_candidate_pool,topic_capacity_limit,,2026-09-13,Git history and prior public-data snapshots
pubmed-42495106,PubMed,42495106,10.1016/j.eclinm.2026.104059,"Frailty status, clinical and functional outcomes in cardiac amyloidosis: a systematic review and meta-analysis.",resistance-training-muscle,resistance-training-muscle__recent_review_trial__recent_update_2026_07,selected_finding_draft,retired_from_active_candidate_pool,topic_capacity_limit,,2026-09-13,Git history and prior public-data snapshots
pubmed-42498029,PubMed,42498029,10.1016/j.tjnut.2026.101752,Biological Mechanisms Underlying the Cardiovascular Effects of Branched-Chain Amino Acids: A Proteome-Wide Mendelian Randomization Study.,physical-activity-healthspan,physical-activity-healthspan__recent_update_2026_09_mid,intake_pending_curation,retired_from_active_candidate_pool,topic_capacity_limit,,2026-09-13,Git history and prior public-data snapshots
pubmed-42498366,PubMed,42498366,10.1016/j.jes.2025.10.026,Association between gut microbiota composition and liver dysfunction in school-aged children exposed to triclosan.,microbiome-inflammaging,microbiome-inflammaging__recent_update_2026_09_mid,intake_pending_curation,retired_from_active_candidate_pool,topic_capacity_limit,,2026-09-13,Git history and prior public-data snapshots
pubmed-42498420,PubMed,42498420,10.1016/j.mcna.2026.01.008,Sleep Medicine Basics: Implications for the General Practitioner.,sleep-aging,sleep-aging__recent_update_2026_09_mid,intake_pending_curation,retired_from_active_candidate_pool,topic_capacity_limit,,2026-09-13,Git history and prior public-data snapshots
pubmed-42498424,PubMed,42498424,10.1016/j.mcna.2025.12.003,Systemic Conditions Affecting Sleep: An Overview for the Clinician.,sleep-aging,sleep-aging__recent_update_2026_09_mid,intake_pending_curation,retired_from_active_candidate_pool,topic_capacity_limit,,2026-09-13,Git history and prior public-data snapshots
pubmed-42498426,PubMed,42498426,10.1016/j.mcna.2025.12.011,"Obstructive Sleep Apnea and Snoring: Diagnosis, Treatments, and Prognosis.",sleep-aging,sleep-aging__recent_update_2026_09_mid,intake_pending_curation,retired_from_active_candidate_pool,topic_capacity_limit,,2026-09-13,Git history and prior public-data snapshots
pubmed-42498524,PubMed,42498524,10.1002/resp.70286,"Update on the Pathophysiology, Aetiology and Management of Central Sleep Apnoea.",sleep-aging,sleep-aging__recent_update_2026_09_mid,intake_pending_curation,retired_from_active_candidate_pool,topic_capacity_limit,,2026-09-13,Git history and prior public-data snapshots
pubmed-42500309,PubMed,42500309,10.1016/j.ekir.2026.106679,Severe Undernutrition Predicts Adverse Outcomes in Transplant Norovirus Infection.,microbiome-inflammaging,microbiome-inflammaging__recent_update_2026_09_mid,intake_pending_curation,retired_from_active_candidate_pool,topic_capacity_limit,,2026-09-13,Git history and prior public-data snapshots
pubmed-42500463,PubMed,42500463,10.1016/j.imr.2026.101291,Comparative effectiveness of Chinese herbal medicine versus liraglutide for weight loss in adults with obesity: A 12-month real-world target trial emulation study.,glp1-weight-cardiometabolic,glp1-weight-cardiometabolic__recent_update_2026_09_mid,intake_pending_curation,retired_from_active_candidate_pool,topic_capacity_limit,,2026-09-13,Git history and prior public-data snapshots
pubmed-42500549,PubMed,42500549,10.1016/j.ijcrp.2026.200681,Combination GLP-1 receptor agonist and SGLT2 inhibitor therapy versus GLP-1 receptor agonist monotherapy on arrhythmia outcomes in non-diabetic obese patients: A real-world time-dependent analysis.,glp1-weight-cardiometabolic,glp1-weight-cardiometabolic__recent_update_2026_09_mid,intake_pending_curation,retired_from_active_candidate_pool,topic_capacity_limit,,2026-09-13,Git history and prior public-data snapshots
pubmed-42501825,PubMed,42501825,10.1016/j.tjnut.2026.101747,Differential Associations of Docosahexaenoic and Eicosapentaenoic Acid with Brain Structure in Older Japanese Women.,blood-pressure-aging,blood-pressure-aging__recent_update_2026_09_mid,intake_pending_curation,retired_from_active_candidate_pool,topic_capacity_limit,,2026-09-13,Git history and prior public-data snapshots
pubmed-42502975,PubMed,42502975,10.1002/arch.70196,Brain Transcriptomic Reprogramming and Comb-Associated Microbiome Variation During the Larva-To-Pupa Transition in Apis Mellifera.,microbiome-inflammaging,microbiome-inflammaging__curated_recent_update_2026_08,selected_finding_draft,retired_from_active_candidate_pool,topic_capacity_limit,,2026-09-13,Git history and prior public-data snapshots
pubmed-42503275,PubMed,42503275,10.1016/j.envint.2026.110431,Gestational cadmium exposure triggers POI-Like ovarian dysfunction and accelerated ovarian aging through epigenetic repression of Kl in mice.,klotho-il11-aging,klotho_aging_human,active_candidate_needs_review,retired_from_active_candidate_pool,topic_capacity_limit,,2026-09-13,Git history and prior public-data snapshots
pubmed-42503440,PubMed,42503440,10.1002/nbm.70363,Quantitative MRI to Assess Portal Pressure in Patients With Liver Disease: Validation at 3 T.,blood-pressure-aging,blood-pressure-aging__recent_update_2026_09_mid,intake_pending_curation,retired_from_active_candidate_pool,topic_capacity_limit,,2026-09-13,Git history and prior public-data snapshots
pubmed-42504003,PubMed,42504003,10.1111/os.70379,Cardiometabolic Multimorbidity Increases the Risk of Hip Fracture: A Longitudinal Cohort Study Based on CHARLS.,blood-pressure-aging,blood-pressure-aging__recent_update_2026_09_mid,intake_pending_curation,retired_from_active_candidate_pool,topic_capacity_limit,,2026-09-13,Git history and prior public-data snapshots
pubmed-42508305,PubMed,42508305,10.1016/j.jemermed.2026.05.037,Factors Associated With Survival of Ultrasound-Guided Peripheral Intravenous Catheters.,blood-pressure-aging,blood-pressure-aging__recent_update_2026_09_mid,intake_pending_curation,retired_from_active_candidate_pool,topic_capacity_limit,,2026-09-13,Git history and prior public-data snapshots
pubmed-42508874,PubMed,42508874,10.1016/j.ogc.2026.03.006,Midlife Sleep and Circadian Health: Implications for Cardiovascular and Cognitive Outcomes.,sleep-aging,sleep-aging__recent_update_2026_09_mid,intake_pending_curation,retired_from_active_candidate_pool,topic_capacity_limit,,2026-09-13,Git history and prior public-data snapshots
pubmed-42508877,PubMed,42508877,10.1016/j.ogc.2026.04.003,The Menopausal Transition and Cardiovascular Aging: Implications for Prevention in Midlife.,microbiome-inflammaging,microbiome-inflammaging__recent_update_2026_09_mid,intake_pending_curation,retired_from_active_candidate_pool,topic_capacity_limit,,2026-09-13,Git history and prior public-data snapshots
pubmed-42508987,PubMed,42508987,10.1111/aas.70309,"Positive End-Expiratory Pressure, Tidal Volume, and Fraction of Inspired Oxygen During General Anaesthesia in High-Risk Patients-A Randomised Clinical Feasibility Trial.",blood-pressure-aging,blood-pressure-aging__recent_update_2026_09_mid,intake_pending_curation,retired_from_active_candidate_pool,topic_capacity_limit,,2026-09-13,Git history and prior public-data snapshots
pubmed-42513541,PubMed,42513541,10.3390/jcm15145627,Real-World Attainment of Guideline-Recommended Lipid Targets in Patients with High and Very High Cardiovascular Risk: A Prospective 12-Month Observational Cohort Study.,ldl-apob-cardiovascular-risk,ldl-apob-cardiovascular-risk__high_design__recent_update_2026_07,active_candidate_needs_review,retired_from_active_candidate_pool,topic_capacity_limit,,2026-09-13,Git history and prior public-data snapshots
pubmed-42518361,PubMed,42518361,10.1016/j.obpill.2026.100302,Resolution of anhedonia-like symptoms in patients treated for obesity with tirzepatide: A three-case series.,glp1-weight-cardiometabolic,glp1-weight-cardiometabolic__recent_update_2026_09_mid,intake_pending_curation,retired_from_active_candidate_pool,topic_capacity_limit,,2026-09-13,Git history and prior public-data snapshots
pubmed-42518363,PubMed,42518363,10.1016/j.obpill.2026.100298,Employee perceptions and experiences with tirzepatide treatment for obesity or overweight in the US: Insights from the PERCEPTIONS Survey.,glp1-weight-cardiometabolic,glp1-weight-cardiometabolic__recent_update_2026_09_mid,intake_pending_curation,retired_from_active_candidate_pool,topic_capacity_limit,,2026-09-13,Git history and prior public-data snapshots
pubmed-42520970,PubMed,42520970,10.1016/j.tjnut.2026.101753,Diet Quality and Micronutrient Intake among United States Adults Eligible for GLP-1 Receptor Agonist Antiobesity Medications: A Nationally Representative Analysis.,glp1-weight-cardiometabolic,glp1-weight-cardiometabolic__recent_update_2026_09_mid,intake_pending_curation,retired_from_active_candidate_pool,topic_capacity_limit,,2026-09-13,Git history and prior public-data snapshots
pubmed-42521079,PubMed,42521079,10.1016/j.yjmcc.2026.07.014,Cell-specific ERK2 signaling in vascular smooth muscle cells drives vascular dysfunction and systolic heart failure.,cardiorespiratory-fitness,cardiorespiratory-fitness__recent_update_2026_09_mid,intake_pending_curation,retired_from_active_candidate_pool,topic_capacity_limit,,2026-09-13,Git history and prior public-data snapshots
pubmed-42521161,PubMed,42521161,10.1016/j.fitote.2026.107399,"Chronological lifespan extension evaluation-driven comparative study of five Indian dietary spices for geroprotective action via phytochemical profiling, bioactivity screening and network pharmacology in Saccharomyces cerevisiae.",metformin-aging,metformin-aging__recent_update_2026_09_mid,intake_pending_curation,retired_from_active_candidate_pool,topic_capacity_limit,,2026-09-13,Git history and prior public-data snapshots
pubmed-42521201,PubMed,42521201,10.1123/japa.2025-0058,"Multidimensional Effects of Mind-Body Exercise on Cognitive Function, Physical Function, and Body Composition in Older Adults With Mild Cognitive Impairment: A 12-Week Randomized Controlled Trial.",physical-activity-healthspan,cognitive_decline_dementia_prevention,active_candidate_needs_review,retired_from_active_candidate_pool,topic_capacity_limit,,2026-09-13,Git history and prior public-data snapshots
pubmed-42525305,PubMed,42525305,10.1007/s10552-026-02222-4,Trends and burden of colon and rectum cancer attributable to low physical activity in China: a comprehensive analysis from 1990 to 2021.,physical-activity-healthspan,physical_activity_longevity,active_candidate_needs_review,retired_from_active_candidate_pool,topic_capacity_limit,,2026-09-13,Git history and prior public-data snapshots
pubmed-42525572,PubMed,42525572,10.1159/000553408,Time- vs. Step-Based Physical Activity Metrics for Disability Incidence in Older Adults.,physical-activity-healthspan,physical_activity_longevity,active_candidate_needs_review,retired_from_active_candidate_pool,topic_capacity_limit,,2026-09-13,Git history and prior public-data snapshots
pubmed-42526426,PubMed,42526426,10.1152/ajpendo.00036.2026,PYY(3-36) potentiates semaglutide-mediated mitochondrial modulation in MASLD.,glp1-weight-cardiometabolic,glp1-weight-cardiometabolic__recent_update_2026_09_mid,intake_pending_curation,retired_from_active_candidate_pool,topic_capacity_limit,,2026-09-13,Git history and prior public-data snapshots
pubmed-42526991,PubMed,42526991,10.1016/j.ecl.2026.04.001,Beyond Insulin: Why Type 1 Diabetes Mellitus Needs More?,glp1-weight-cardiometabolic,glp1-weight-cardiometabolic__recent_update_2026_09_mid,intake_pending_curation,retired_from_active_candidate_pool,topic_capacity_limit,,2026-09-13,Git history and prior public-data snapshots
pubmed-42528705,PubMed,42528705,10.3389/fphys.2026.1777058,Optimizing exercise modalities to enhance brain-derived neurotrophic factor levels in older adults: a Bayesian network and dose-response meta-analysis.,physical-activity-healthspan,cognitive_decline_dementia_prevention,active_candidate_needs_review,retired_from_active_candidate_pool,topic_capacity_limit,,2026-09-13,Git history and prior public-data snapshots
pubmed-42529308,PubMed,42529308,10.3389/fpsyg.2026.1844042,"Physical activity and loneliness interrelations with retirement status, health, and personality factors: a theory-based study.",physical-activity-healthspan,physical_activity_longevity,active_candidate_needs_review,retired_from_active_candidate_pool,topic_capacity_limit,,2026-09-13,Git history and prior public-data snapshots
pubmed-42529748,PubMed,42529748,10.1016/j.obpill.2026.100296,Nutritional considerations for glucagon-like peptide-based therapies: An Asian Indian consensus recommendation.,glp1-weight-cardiometabolic,glp1-weight-cardiometabolic__recent_update_2026_09_mid,intake_pending_curation,retired_from_active_candidate_pool,topic_capacity_limit,,2026-09-13,Git history and prior public-data snapshots
pubmed-42530143,PubMed,42530143,10.1152/ajpendo.00067.2026,β-Hydroxybutyrate: a renoprotective hormone in polycystic kidney disease.,time-restricted-eating,time-restricted-eating__recent_update_2026_09_mid,intake_pending_curation,retired_from_active_candidate_pool,topic_capacity_limit,,2026-09-13,Git history and prior public-data snapshots
pubmed-42530606,PubMed,42530606,10.1007/s00535-026-02487-1,Clinical applications of gut microbiome for non-invasive diagnosis of colorectal neoplasia.,microbiome-inflammaging,microbiome-inflammaging__curated_recent_update_2026_08,selected_finding_draft,retired_from_active_candidate_pool,topic_capacity_limit,,2026-09-13,Git history and prior public-data snapshots
pubmed-42531502,PubMed,42531502,10.1152/ajpheart.00036.2026,Pulse waveform characteristics for diagnosis and longitudinal monitoring in heart failure with reduced ejection fraction.,blood-pressure-aging,blood-pressure-aging__recent_update_2026_09_mid,intake_pending_curation,retired_from_active_candidate_pool,topic_capacity_limit,,2026-09-13,Git history and prior public-data snapshots
pubmed-42531848,PubMed,42531848,10.1016/j.ijnurstu.2026.105648,Comparing the effects of different exercises on falls in older adults: A network meta-analysis of randomized controlled trials.,physical-activity-healthspan,physical_activity_longevity,active_candidate_needs_review,retired_from_active_candidate_pool,topic_capacity_limit,,2026-09-13,Git history and prior public-data snapshots
pubmed-42532024,PubMed,42532024,10.1152/japplphysiol.00578.2026,"Beyond hypothermia: mechanisms of death, rescue, and prevention in cold water immersion.",physical-activity-healthspan,physical-activity-healthspan__recent_update_2026_09_mid,intake_pending_curation,retired_from_active_candidate_pool,topic_capacity_limit,,2026-09-13,Git history and prior public-data snapshots
pubmed-42532346,PubMed,42532346,10.1016/j.diabres.2026.113472,Cardiorenal-metabolic phenotypes and risks of mortality and cardiovascular outcomes in type 2 diabetes: a retrospective cohort study.,blood-pressure-aging,blood-pressure-aging__recent_update_2026_09_mid,intake_pending_curation,retired_from_active_candidate_pool,topic_capacity_limit,,2026-09-13,Git history and prior public-data snapshots
pubmed-42532455,PubMed,42532455,10.1016/j.jstrokecerebrovasdis.2026.108713,Ischemic stroke following transient ischemic attack: Sociodemographic and clinical risk factors in a national cohort.,blood-pressure-aging,blood-pressure-aging__recent_update_2026_09_mid,intake_pending_curation,retired_from_active_candidate_pool,topic_capacity_limit,,2026-09-13,Git history and prior public-data snapshots
pubmed-42533096,PubMed,42533096,10.1038/s41422-026-01283-z,Ferroptotic propagation: from single-cell execution to tissue-scale death programs.,microbiome-inflammaging,microbiome-inflammaging__recent_update_2026_09_mid,intake_pending_curation,retired_from_active_candidate_pool,topic_capacity_limit,,2026-09-13,Git history and prior public-data snapshots
pubmed-42533465,PubMed,42533465,10.1002/edm2.70298,Tirzepatide and SGLT2 Inhibitors for Heart Failure With Preserved Ejection Fraction and Obesity: Entering a New Cardiometabolic Therapeutic Era.,glp1-weight-cardiometabolic,glp1-weight-cardiometabolic__recent_update_2026_09_mid,intake_pending_curation,retired_from_active_candidate_pool,topic_capacity_limit,,2026-09-13,Git history and prior public-data snapshots
pubmed-42535038,PubMed,42535038,10.3389/fnagi.2026.1888709,Exercise modalities in mild cognitive impairment: a systematic review and network meta-analysis of comparative effectiveness.,physical-activity-healthspan,cognitive_decline_dementia_prevention,active_candidate_needs_review,retired_from_active_candidate_pool,topic_capacity_limit,,2026-09-13,Git history and prior public-data snapshots
pubmed-42535524,PubMed,42535524,10.1161/JAHA.126.050186,Frailty and 1-Year Prognosis of Patients With Ischemic Stroke: A Multicenter Cohort Study.,resistance-training-muscle,resistance-training-muscle__curated_recent_update_2026_08,selected_finding_draft,retired_from_active_candidate_pool,topic_capacity_limit,,2026-09-13,Git history and prior public-data snapshots
pubmed-42535843,PubMed,42535843,10.1128/mbio.01589-26,Differential pro-tumorigenic effects of Helicobacter pylori and Streptococcus anginosus on AGS cells: contact-dependent versus metabolite-driven mechanisms.,microbiome-inflammaging,microbiome-inflammaging__recent_update_2026_09_mid,intake_pending_curation,retired_from_active_candidate_pool,topic_capacity_limit,,2026-09-13,Git history and prior public-data snapshots
pubmed-42537304,PubMed,42537304,10.1016/j.jhazmat.2026.143121,Ambient PM(2.5) exposure and sleep quality: Evidence from circadian DNA methylation signatures in a population-based study.,sleep-aging,sleep-aging__recent_update_2026_09_mid,intake_pending_curation,retired_from_active_candidate_pool,topic_capacity_limit,,2026-09-13,Git history and prior public-data snapshots
pubmed-42537394,PubMed,42537394,10.1016/j.biopha.2026.119824,Translational consistency of gene therapy strategies targeting inflammation in atrial fibrillation's management.,microbiome-inflammaging,microbiome-inflammaging__recent_update_2026_09_mid,intake_pending_curation,retired_from_active_candidate_pool,topic_capacity_limit,,2026-09-13,Git history and prior public-data snapshots
pubmed-42537529,PubMed,42537529,10.1016/j.lungcan.2026.109553,Low baseline cGAS expression is associated with longer progression-free survival in patients with pleural mesothelioma.,microbiome-inflammaging,microbiome-inflammaging__recent_update_2026_09_mid,intake_pending_curation,retired_from_active_candidate_pool,topic_capacity_limit,,2026-09-13,Git history and prior public-data snapshots
pubmed-42540732,PubMed,42540732,10.1093/braincomms/fcag287,Plasma proteomics reveals molecular overlap between physical activity and dementia risk.,physical-activity-healthspan,cognitive_decline_dementia_prevention,active_candidate_needs_review,retired_from_active_candidate_pool,topic_capacity_limit,,2026-09-13,Git history and prior public-data snapshots
pubmed-42542297,PubMed,42542297,10.1016/j.clnesp.2026.105005,Real-world evaluation of the effectiveness and safety of tirzepatide in patients with obesity: a prospective study.,glp1-weight-cardiometabolic,glp1-weight-cardiometabolic__curated_recent_update_2026_08,selected_finding_draft,retired_from_active_candidate_pool,topic_capacity_limit,,2026-09-13,Git history and prior public-data snapshots
pubmed-42543109,PubMed,42543109,10.1016/j.bbi.2026.106936,Maternal gut microbiota disruption alters postpartum maternal behavior in association with modulation of stress responses and brain tryptophan metabolism in mice.,microbiome-inflammaging,microbiome-inflammaging__curated_recent_update_2026_08,selected_finding_draft,retired_from_active_candidate_pool,topic_capacity_limit,,2026-09-13,Git history and prior public-data snapshots
pubmed-42545008,PubMed,42545008,10.1128/spectrum.00742-26,Ramadan fasting induces temporal gut microbiome remodeling without metabolic improvement in adults with prediabetes.,time-restricted-eating,time-restricted-eating__recent_update_2026_09_mid,intake_pending_curation,retired_from_active_candidate_pool,topic_capacity_limit,,2026-09-13,Git history and prior public-data snapshots
pubmed-42545022,PubMed,42545022,10.1128/spectrum.00343-26,Effects of liraglutide on gut bacterial community dynamics.,glp1-weight-cardiometabolic,glp1-weight-cardiometabolic__recent_update_2026_09_mid,intake_pending_curation,retired_from_active_candidate_pool,topic_capacity_limit,,2026-09-13,Git history and prior public-data snapshots
pubmed-42545610,PubMed,42545610,10.1007/s12602-026-11154-z,"Comparative Assessment of Autochthonous Probiotic Lactic Acid Bacteria on Growth Performance, Blood Biochemistry, and Intestinal Microbiota of Broiler Chickens in Côte d'Ivoire.",microbiome-inflammaging,microbiome-inflammaging__curated_recent_update_2026_08,selected_finding_draft,retired_from_active_candidate_pool,topic_capacity_limit,,2026-09-13,Git history and prior public-data snapshots
pubmed-42545685,PubMed,42545685,10.1001/jama.2026.9350,Addition of High-Dose Vitamin D3 to Standard Treatment in Patients With Metastatic Colorectal Cancer: The SOLARIS Randomized Clinical Trial (Alliance A021703).,blood-pressure-aging,blood-pressure-aging__recent_update_2026_09_mid,intake_pending_curation,retired_from_active_candidate_pool,topic_capacity_limit,,2026-09-13,Git history and prior public-data snapshots
pubmed-42546367,PubMed,42546367,10.1016/j.drugalcdep.2026.113282,Evaluating Utah's.05 BAC law: Alcohol-involved crash fatalities among 21-24y/o drivers compared to contiguous states.,physical-activity-healthspan,physical-activity-healthspan__recent_update_2026_09_mid,intake_pending_curation,retired_from_active_candidate_pool,topic_capacity_limit,,2026-09-13,Git history and prior public-data snapshots
pubmed-42546687,PubMed,42546687,10.1016/j.cell.2026.07.022,Milk osteopontin alters the infant microbiome to drive DC hematopoiesis and disease tolerance.,microbiome-inflammaging,microbiome-inflammaging__curated_recent_update_2026_08,selected_finding_draft,retired_from_active_candidate_pool,topic_capacity_limit,,2026-09-13,Git history and prior public-data snapshots
pubmed-42547499,PubMed,42547499,10.1152/japplphysiol.00351.2026,Cardiovascular and cognitive consequences of steep head-down tilt in awake older men.,blood-pressure-aging,blood-pressure-aging__recent_update_2026_09_mid,intake_pending_curation,retired_from_active_candidate_pool,topic_capacity_limit,,2026-09-13,Git history and prior public-data snapshots
pubmed-42548290,PubMed,42548290,10.1111/jgs.70629,Evaluation of Hospital Readmission and Mortality Risk in Older Frail Patients Using the FIB-4 Index: A Cohort Study.,resistance-training-muscle,resistance-training-muscle__curated_recent_update_2026_08,selected_finding_draft,retired_from_active_candidate_pool,topic_capacity_limit,,2026-09-13,Git history and prior public-data snapshots
pubmed-42551496,PubMed,42551496,10.1177/10538135261473293,Effects of Virtual Reality Versus Whole-Body Vibration on Muscle Strength and Balance in Children with Duchenne Muscular Dystrophy: a Randomized Controlled Trial.,resistance-training-muscle,resistance-training-muscle__curated_recent_update_2026_08,selected_finding_draft,retired_from_active_candidate_pool,topic_capacity_limit,,2026-09-13,Git history and prior public-data snapshots
pubmed-42552002,PubMed,42552002,10.1136/bmjopen-2026-116676,"Association between changes in working status and frailty across different types of employment: a longitudinal study in Korea, the world's most rapidly ageing nation.",resistance-training-muscle,resistance-training-muscle__curated_recent_update_2026_08,selected_finding_draft,retired_from_active_candidate_pool,topic_capacity_limit,,2026-09-13,Git history and prior public-data snapshots
pubmed-42552963,PubMed,42552963,10.1080/0886022X.2026.2706213,Indoxyl sulfate exacerbates chronic inflammation and susceptibility to severe infection via modulating T-cell CD73/adenosine signaling in chronic kidney disease.,microbiome-inflammaging,microbiome-inflammaging__curated_recent_update_2026_08,selected_finding_draft,retired_from_active_candidate_pool,topic_capacity_limit,,2026-09-13,Git history and prior public-data snapshots
pubmed-42555627,PubMed,42555627,10.1002/dmrr.70213,"Weight Loss-Dependent Changes in Body Composition and Bone Health in People With Obesity and Type 1 Diabetes Treated With Liraglutide, Semaglutide, or Tirzepatide.",glp1-weight-cardiometabolic,glp1-weight-cardiometabolic__recent_update_2026_09_mid,intake_pending_curation,retired_from_active_candidate_pool,topic_capacity_limit,,2026-09-13,Git history and prior public-data snapshots
pubmed-42556070,PubMed,42556070,10.1016/j.ctrv.2026.103200,Pharmacological prevention of second primary cancers: From chemoprevention to precision cancer interception.,metformin-aging,metformin-aging__recent_update_2026_09_mid,intake_pending_curation,retired_from_active_candidate_pool,topic_capacity_limit,,2026-09-13,Git history and prior public-data snapshots
pubmed-42556577,PubMed,42556577,10.1016/j.diabres.2026.113463,Heterogeneous impact of incident type 2 diabetes on six age-related diseases: A 27-Country European Cohort study.,blood-pressure-aging,blood-pressure-aging__recent_update_2026_09_mid,intake_pending_curation,retired_from_active_candidate_pool,topic_capacity_limit,,2026-09-13,Git history and prior public-data snapshots
pubmed-42556625,PubMed,42556625,10.1016/j.phrs.2026.108365,The role of GLP-1 and GIP receptor agonists in the treatment of diabetes and obesity.,glp1-weight-cardiometabolic,glp1-weight-cardiometabolic__recent_update_2026_09_mid,intake_pending_curation,retired_from_active_candidate_pool,topic_capacity_limit,,2026-09-13,Git history and prior public-data snapshots
pubmed-42556781,PubMed,42556781,10.1016/j.repc.2026.04.006,Dyslipidemia in primary care patients - Treatment and control (LANTERN study) Algarve.,ldl-apob-cardiovascular-risk,ldl-apob-cardiovascular-risk__recent_update_2026_09_mid,intake_pending_curation,retired_from_active_candidate_pool,topic_capacity_limit,,2026-09-13,Git history and prior public-data snapshots
pubmed-42556784,PubMed,42556784,10.1016/j.repc.2025.11.014,All-cause mortality benefits of attending phase 3 cardiac rehabilitation: A systematic review.,physical-activity-healthspan,physical-activity-healthspan__recent_update_2026_09_mid,intake_pending_curation,retired_from_active_candidate_pool,topic_capacity_limit,,2026-09-13,Git history and prior public-data snapshots
pubmed-42556958,PubMed,42556958,10.1016/j.yasu.2026.03.011,Surgery on Patients Taking Glucagon-Like Peptide-1 Receptor Agonists.,glp1-weight-cardiometabolic,glp1-weight-cardiometabolic__recent_update_2026_09_mid,intake_pending_curation,retired_from_active_candidate_pool,topic_capacity_limit,,2026-09-13,Git history and prior public-data snapshots
pubmed-42557355,PubMed,42557355,10.1038/s41564-026-02431-2,IL-1 family signalling drives mucosal defence against systemic Candida albicans infection.,microbiome-inflammaging,microbiome-inflammaging__recent_update_2026_09_mid,intake_pending_curation,retired_from_active_candidate_pool,topic_capacity_limit,,2026-09-13,Git history and prior public-data snapshots
pubmed-42558048,PubMed,42558048,10.1161/ATVBAHA.126.324797,Endothelial Shear-Stress-Responsive Gene Adenylate Cyclase 4 Suppresses Atherosclerosis by Inhibiting cAMP/PKA-NF-κB Mediated Vascular Inflammation.,glp1-weight-cardiometabolic,glp1-weight-cardiometabolic__recent_update_2026_09_mid,intake_pending_curation,retired_from_active_candidate_pool,topic_capacity_limit,,2026-09-13,Git history and prior public-data snapshots
pubmed-42559616,PubMed,42559616,10.1055/a-2832-4161,"Epidemiology of Peripheral Artery Disease, Risk Factors, and Trends.",blood-pressure-aging,blood-pressure-aging__recent_update_2026_09_mid,intake_pending_curation,retired_from_active_candidate_pool,topic_capacity_limit,,2026-09-13,Git history and prior public-data snapshots
pubmed-42560020,PubMed,42560020,10.1111/dom.71067,Real-World Effectiveness and Treatment Patterns of Tirzepatide in a Large UK Digital Health Cohort.,glp1-weight-cardiometabolic,glp1-weight-cardiometabolic__curated_recent_update_2026_08,selected_finding_draft,retired_from_active_candidate_pool,topic_capacity_limit,,2026-09-13,Git history and prior public-data snapshots
pubmed-42561825,PubMed,42561825,10.1016/j.gerinurse.2026.104212,Relationships between frailty and health-related outcomes over the first two years after hip-fracture surgery: A prospective cohort study.,resistance-training-muscle,resistance-training-muscle__curated_recent_update_2026_08,selected_finding_draft,retired_from_active_candidate_pool,topic_capacity_limit,,2026-09-13,Git history and prior public-data snapshots
pubmed-42561959,PubMed,42561959,10.1016/j.chom.2026.06.018,Lactobacillus gasseri postbiotics ameliorate age-related decline in endometrial receptivity.,microbiome-inflammaging,microbiome-inflammaging__recent_update_2026_09_mid,intake_pending_curation,retired_from_active_candidate_pool,topic_capacity_limit,,2026-09-13,Git history and prior public-data snapshots
pubmed-42561981,PubMed,42561981,10.1016/j.lanhl.2026.100875,Effectiveness of dyadic interventions in improving outcomes for adults with multiple long-term conditions or frailty and their informal carers: a systematic review.,resistance-training-muscle,resistance-training-muscle__curated_recent_update_2026_08,selected_finding_draft,retired_from_active_candidate_pool,topic_capacity_limit,,2026-09-13,Git history and prior public-data snapshots
pubmed-42562960,PubMed,42562960,10.1038/s41371-026-01196-9,Arterial-myocardial coupling in primary light chain amyloidosis: A prospective observational study of vascular involvement.,blood-pressure-aging,blood-pressure-aging__recent_update_2026_09_mid,intake_pending_curation,retired_from_active_candidate_pool,topic_capacity_limit,,2026-09-13,Git history and prior public-data snapshots
pubmed-42563210,PubMed,42563210,10.1111/1541-4337.70589,The Chemistry of Time: Flavor Evolution and Functional Health Benefits in Aged Tea.,microbiome-inflammaging,microbiome-inflammaging__recent_update_2026_09_mid,intake_pending_curation,retired_from_active_candidate_pool,topic_capacity_limit,,2026-09-13,Git history and prior public-data snapshots
pubmed-42565029,PubMed,42565029,10.1016/j.ijcrp.2026.200686,Tocotrienol-rich fraction of vitamin E in diabetes and cardiovascular disease: From molecular mechanisms to clinical application.,ldl-apob-cardiovascular-risk,ldl-apob-cardiovascular-risk__recent_update_2026_09_mid,intake_pending_curation,retired_from_active_candidate_pool,topic_capacity_limit,,2026-09-13,Git history and prior public-data snapshots
pubmed-42565180,PubMed,42565180,10.1016/j.obpill.2026.100308,"Projected budget impact of pharmacotherapy scenarios for obesity and related conditions in Peru: A national survey analysis of 76,819 participants.",glp1-weight-cardiometabolic,glp1-weight-cardiometabolic__recent_update_2026_09_mid,intake_pending_curation,retired_from_active_candidate_pool,topic_capacity_limit,,2026-09-13,Git history and prior public-data snapshots
pubmed-42567622,PubMed,42567622,10.1016/j.jsmc.2026.06.004,"Central Sleep Apnea: Pathophysiology, Diagnosis and Classification.",sleep-aging,sleep-aging__recent_update_2026_09_mid,intake_pending_curation,retired_from_active_candidate_pool,topic_capacity_limit,,2026-09-13,Git history and prior public-data snapshots
pubmed-42567623,PubMed,42567623,10.1016/j.jsmc.2026.06.005,Central Sleep Apnea in Cardiovascular Diseases.,sleep-aging,sleep-aging__recent_update_2026_09_mid,intake_pending_curation,retired_from_active_candidate_pool,topic_capacity_limit,,2026-09-13,Git history and prior public-data snapshots
pubmed-42567624,PubMed,42567624,10.1016/j.jsmc.2026.05.003,Central Sleep Apnea in Renal and Endocrine Disease.,sleep-aging,sleep-aging__recent_update_2026_09_mid,intake_pending_curation,retired_from_active_candidate_pool,topic_capacity_limit,,2026-09-13,Git history and prior public-data snapshots
pubmed-42567626,PubMed,42567626,10.1016/j.jsmc.2026.06.001,Idiopathic Central Sleep Apnea.,sleep-aging,sleep-aging__recent_update_2026_09_mid,intake_pending_curation,retired_from_active_candidate_pool,topic_capacity_limit,,2026-09-13,Git history and prior public-data snapshots
pubmed-42569259,PubMed,42569259,10.1016/j.ynirp.2026.100389,Resting state brain activity and association with transfer of cognitive training gains.,physical-activity-healthspan,physical-activity-healthspan__recent_update_2026_09_mid,intake_pending_curation,retired_from_active_candidate_pool,topic_capacity_limit,,2026-09-13,Git history and prior public-data snapshots
pubmed-42570316,PubMed,42570316,10.1093/sleep/zsag217,Associations of self-reported and actigraphic sleep with gut microbiome composition and diversity among older adults.,microbiome-inflammaging,microbiome-inflammaging__curated_recent_update_2026_08,active_candidate_needs_review,retired_from_active_candidate_pool,topic_capacity_limit,,2026-09-13,Git history and prior public-data snapshots
pubmed-42570448,PubMed,42570448,10.1016/j.jgo.2026.103077,"Time-restricted eating to entrain circadian rhythms, increase physiological responsiveness, and prevent stressor-induced frailty: A pilot randomized controlled trial.",resistance-training-muscle,resistance-training-muscle__curated_recent_update_2026_08,selected_finding_draft,retired_from_active_candidate_pool,topic_capacity_limit,,2026-09-13,Git history and prior public-data snapshots
pubmed-42570529,PubMed,42570529,10.1016/j.maturitas.2026.109078,"Whole-person strengths, challenges, and needs across the reproductive lifespan: A cross-sectional consumer-generated health data study.",physical-activity-healthspan,physical-activity-healthspan__recent_update_2026_09_mid,intake_pending_curation,retired_from_active_candidate_pool,topic_capacity_limit,,2026-09-13,Git history and prior public-data snapshots
pubmed-42570738,PubMed,42570738,10.1016/j.exger.2026.113271,Dynamic trajectories of possible sarcopenia under the AWGS 2025 criteria and long-term prognosis: A national landmark cohort study.,resistance-training-muscle,resistance-training-muscle__curated_recent_update_2026_08,selected_finding_draft,retired_from_active_candidate_pool,topic_capacity_limit,,2026-09-13,Git history and prior public-data snapshots
pubmed-42570745,PubMed,42570745,10.1016/j.critrevonc.2026.105531,"Detection, occurrence, development, diagnosis and treatment of vaginal microbiome in gynecological cancers.",microbiome-inflammaging,microbiome-inflammaging__curated_recent_update_2026_08,selected_finding_draft,retired_from_active_candidate_pool,topic_capacity_limit,,2026-09-13,Git history and prior public-data snapshots
pubmed-42571324,PubMed,42571324,10.1016/j.metop.2026.100487,Metabolic signature across Life's Essential 8 profiles is heterogenous and may predict cardiovascular disease and mortality.,physical-activity-healthspan,physical-activity-healthspan__recent_update_2026_09_mid,intake_pending_curation,retired_from_active_candidate_pool,topic_capacity_limit,,2026-09-13,Git history and prior public-data snapshots
pubmed-42571450,PubMed,42571450,10.1016/j.ijcchd.2026.100699,Prognostic value of serial NT-proBNP assay in adults with congenital heart disease and biventricular physiology.,physical-activity-healthspan,physical-activity-healthspan__recent_update_2026_09_mid,intake_pending_curation,retired_from_active_candidate_pool,topic_capacity_limit,,2026-09-13,Git history and prior public-data snapshots
pubmed-42573249,PubMed,42573249,10.1128/mbio.01127-26,Ecology of protection: probiotic biogeography and sepsis prevention in the neonatal intestine.,microbiome-inflammaging,microbiome-inflammaging__recent_update_2026_09_mid,intake_pending_curation,retired_from_active_candidate_pool,topic_capacity_limit,,2026-09-13,Git history and prior public-data snapshots
pubmed-42574005,PubMed,42574005,10.1093/ntr/ntag174,"Associations of smoking, aging, and their interplay with the gut microbiome and chronic disease risk profiles.",microbiome-inflammaging,microbiome-inflammaging__curated_recent_update_2026_08_end,active_candidate_needs_review,retired_from_active_candidate_pool,topic_capacity_limit,,2026-09-13,Git history and prior public-data snapshots
pubmed-42575344,PubMed,42575344,10.1016/j.diabres.2026.113493,Changes in recorded background glucose-lowering therapy after initiation of a GLP-1 receptor agonist or dual GIP/GLP-1 receptor agonist in adults with type 2 diabetes.,glp1-weight-cardiometabolic,glp1-weight-cardiometabolic__curated_recent_update_2026_08_end,selected_finding_draft,retired_from_active_candidate_pool,topic_capacity_limit,,2026-09-13,Git history and prior public-data snapshots
pubmed-42576025,PubMed,42576025,10.1038/s43587-026-01197-w,Maladaptive trained immunity as a hematopoietic stem cell driver of inflammaging.,microbiome-inflammaging,microbiome-inflammaging__curated_recent_update_2026_08_end,active_candidate_needs_review,retired_from_active_candidate_pool,topic_capacity_limit,,2026-09-13,Git history and prior public-data snapshots
pubmed-42576131,PubMed,42576131,10.1007/s11357-026-02480-9,"Dose-response effects of physical activity intensity and duration on frailty phenotype, frailty index, and survival: representative evidence from a 10-year national cohort of chinese older adults.",resistance-training-muscle,resistance-training-muscle__curated_recent_update_2026_08_end,selected_finding_draft,retired_from_active_candidate_pool,topic_capacity_limit,,2026-09-13,Git history and prior public-data snapshots
pubmed-42576415,PubMed,42576415,10.1097/MOT.0000000000001305,Gut microbiota and complications in kidney transplantation: a balancing act between commensal and pathogenic bacteria.,microbiome-inflammaging,microbiome-inflammaging__curated_recent_update_2026_08_end,active_candidate_needs_review,retired_from_active_candidate_pool,topic_capacity_limit,,2026-09-13,Git history and prior public-data snapshots
pubmed-42576802,PubMed,42576802,10.1111/tra.70045,Mechanism of Autophagic Extracellular Vesicles Revealed.,autophagy-mitophagy,autophagy-mitophagy__recent_update_2026_09_mid,intake_pending_curation,retired_from_active_candidate_pool,topic_capacity_limit,,2026-09-13,Git history and prior public-data snapshots
pubmed-42577959,PubMed,42577959,10.1002/imt2.70166,A gut microbiome-lipid axis in early pregnancy is associated with metabolic dysregulation and diabetes risk.,microbiome-inflammaging,microbiome-inflammaging__curated_recent_update_2026_08_end,selected_finding_draft,retired_from_active_candidate_pool,topic_capacity_limit,,2026-09-13,Git history and prior public-data snapshots
pubmed-42578314,PubMed,42578314,10.1111/jgh.70619,"MAFLD/MASLD: Past, Present, and Future.",glp1-weight-cardiometabolic,glp1-weight-cardiometabolic__recent_update_2026_09_mid,intake_pending_curation,retired_from_active_candidate_pool,topic_capacity_limit,,2026-09-13,Git history and prior public-data snapshots
pubmed-42578670,PubMed,42578670,10.1128/spectrum.03153-24,Exploring the hypothetical role of Bacteroides species in depression progression: insights from metagenomic analysis.,microbiome-inflammaging,microbiome-inflammaging__recent_update_2026_09_mid,intake_pending_curation,retired_from_active_candidate_pool,topic_capacity_limit,,2026-09-13,Git history and prior public-data snapshots
pubmed-42580514,PubMed,42580514,10.1016/j.yjmcc.2026.08.005,Cardiometabolic stress induces HFpEF with impaired bioenergetics and disrupted proteostasis in aged female mice.,autophagy-mitophagy,autophagy-mitophagy__recent_update_2026_09_mid,intake_pending_curation,retired_from_active_candidate_pool,topic_capacity_limit,,2026-09-13,Git history and prior public-data snapshots
pubmed-42580629,PubMed,42580629,10.1016/j.eprac.2026.08.006,Semaglutide vs Metabolic and Bariatric Surgery and Cardiovascular Outcomes in Obesity.,glp1-weight-cardiometabolic,glp1-weight-cardiometabolic__curated_recent_update_2026_08_end,selected_finding_draft,retired_from_active_candidate_pool,topic_capacity_limit,,2026-09-13,Git history and prior public-data snapshots
pubmed-42581286,PubMed,42581286,10.1007/s00784-026-07076-3,"Associations between the oral microbiome, age, and cumulative dental caries experience: a cross-sectional study.",microbiome-inflammaging,microbiome-inflammaging__curated_recent_update_2026_08_end,active_candidate_needs_review,retired_from_active_candidate_pool,topic_capacity_limit,,2026-09-13,Git history and prior public-data snapshots
pubmed-42583998,PubMed,42583998,10.1002/rmv.70195,Oncoviruses at the Crossroads of Ageing and Cancer: Molecular Mechanisms and Key Signalling Pathways.,microbiome-inflammaging,microbiome-inflammaging__recent_update_2026_09_mid,intake_pending_curation,retired_from_active_candidate_pool,topic_capacity_limit,,2026-09-13,Git history and prior public-data snapshots
pubmed-42584186,PubMed,42584186,10.1097/CCM.0000000000007304,Postintensive Care Frailty of Older Patients With Septic Shock: A Post Hoc Analysis of a Multicenter Randomized Controlled Trial.,resistance-training-muscle,resistance-training-muscle__curated_recent_update_2026_08_end,selected_finding_draft,retired_from_active_candidate_pool,topic_capacity_limit,,2026-09-13,Git history and prior public-data snapshots
pubmed-42584791,PubMed,42584791,10.1007/s41999-026-01579-8,Effect of bodyweight interval training on frailty status in older adults: a randomized controlled trial.,resistance-training-muscle,resistance-training-muscle__curated_recent_update_2026_08_end,selected_finding_draft,retired_from_active_candidate_pool,topic_capacity_limit,,2026-09-13,Git history and prior public-data snapshots
pubmed-42584970,PubMed,42584970,10.3724/abbs.2026146,Corrigendum to: Decreased dynamin-related protein 1-related mitophagy induces myocardial apoptosis in the aging heart.,autophagy-mitophagy,autophagy-mitophagy__curated_recent_update_2026_08_end,selected_finding_draft,retired_from_active_candidate_pool,non_result_publication_title,,2026-09-13,Git history and prior public-data snapshots
pubmed-42585188,PubMed,42585188,10.1371/journal.pone.0355745,Effect of reused litter on early cecal microbiota succession and the immune cells distribution in layer chickens.,microbiome-inflammaging,microbiome-inflammaging__curated_recent_update_2026_08_end,active_candidate_needs_review,retired_from_active_candidate_pool,topic_capacity_limit,,2026-09-13,Git history and prior public-data snapshots
pubmed-42586387,PubMed,42586387,10.1016/j.exger.2026.113279,"Age-associated inflammation is accompanied by JAK1-STAT1 signaling activation, megakaryocyte apoptosis, and enhanced thrombopoiesis in naturally aged mice.",klotho-il11-aging,klotho-il11-aging__curated_recent_update_2026_08_end,active_candidate_needs_review,retired_from_active_candidate_pool,topic_capacity_limit,,2026-09-13,Git history and prior public-data snapshots
pubmed-42587158,PubMed,42587158,10.1038/s41586-026-10922-9,Maternal influences on infant gut microbiome and health.,microbiome-inflammaging,microbiome-inflammaging__curated_recent_update_2026_08_end,active_candidate_needs_review,retired_from_active_candidate_pool,topic_capacity_limit,,2026-09-13,Git history and prior public-data snapshots
pubmed-42587241,PubMed,42587241,10.1007/s10519-026-10277-x,Selective Breeding for Voluntary Wheel-Running Behavior in Mice is not Associated with Reduced Lifetime Reproductive Success or Lifespan Under Long-Term Paired Breeding Conditions.,physical-activity-healthspan,physical-activity-healthspan__recent_update_2026_09_mid,intake_pending_curation,retired_from_active_candidate_pool,topic_capacity_limit,,2026-09-13,Git history and prior public-data snapshots
pubmed-42587278,PubMed,42587278,10.1186/s12872-026-06450-z,CMR-based aortic stiffness parameters in a symptomatic high risk obstructive sleep apnea cohort: results from the population-based Hamburg City Health Study.,sleep-aging,sleep-aging__curated_recent_update_2026_08_end,selected_finding_draft,retired_from_active_candidate_pool,topic_capacity_limit,,2026-09-13,Git history and prior public-data snapshots
pubmed-42591629,PubMed,42591629,10.1007/s13205-026-05017-1,Study on the mosquitocidal mechanism of microencapsulated natural plant extracts based on gut microbiota regulation.,microbiome-inflammaging,microbiome-inflammaging__curated_recent_update_2026_08_end,active_candidate_needs_review,retired_from_active_candidate_pool,topic_capacity_limit,,2026-09-13,Git history and prior public-data snapshots
pubmed-42594368,PubMed,42594368,10.26635/6965.7454,Hand grip strength and future hospitalisations in Māori and non-Māori New Zealand octogenarians: the LiLACS NZ cohort study.,resistance-training-muscle,resistance-training-muscle__curated_recent_update_2026_08_end,selected_finding_draft,retired_from_active_candidate_pool,topic_capacity_limit,,2026-09-13,Git history and prior public-data snapshots
pubmed-42594504,PubMed,42594504,10.1016/j.jnha.2026.100943,Effects of a multidomain intervention on physical performance and sarcopenia in long-term care facility residents: The I-COUNT pilot randomized controlled trial.,resistance-training-muscle,resistance-training-muscle__curated_recent_update_2026_08_end,selected_finding_draft,retired_from_active_candidate_pool,topic_capacity_limit,,2026-09-13,Git history and prior public-data snapshots
pubmed-42595561,PubMed,42595561,10.1016/j.arbres.2026.07.002,Combined Assessment of Frailty and Respiratory Function in Idiopathic Pulmonary Fibrosis: A Prospective Cohort Study.,resistance-training-muscle,resistance-training-muscle__curated_recent_update_2026_08_end,selected_finding_draft,retired_from_active_candidate_pool,topic_capacity_limit,,2026-09-13,Git history and prior public-data snapshots
pubmed-42596069,PubMed,42596069,10.1002/adhm.71590,3D-Printable and Bioelectronic-Compatible Graphene-Reinforced PLA Nanocomposites Rejuvenate Aged Bone Regeneration Through Glycolytic Reprogramming.,microbiome-inflammaging,microbiome-inflammaging__recent_update_2026_09_mid,intake_pending_curation,retired_from_active_candidate_pool,topic_capacity_limit,,2026-09-13,Git history and prior public-data snapshots
pubmed-42596870,PubMed,42596870,10.1042/CS20250837,Inorganic phosphate: a link between processed food and exercise intolerance in the modern world.,klotho-il11-aging,klotho-il11-aging__recent_update_2026_09_mid,intake_pending_curation,retired_from_active_candidate_pool,topic_capacity_limit,,2026-09-13,Git history and prior public-data snapshots
pubmed-42598160,PubMed,42598160,10.15537/1658-3175.8842,"Patient Experiences and Safety Concerns Regarding GLP-1 Receptor Agonists for Obesity: A Cross-Sectional Survey in Jeddah, Saudi Arabia.",glp1-weight-cardiometabolic,glp1-weight-cardiometabolic__recent_update_2026_09_mid,intake_pending_curation,retired_from_active_candidate_pool,topic_capacity_limit,,2026-09-13,Git history and prior public-data snapshots
pubmed-42599922,PubMed,42599922,10.1371/journal.pone.0355842,Sex differences in the effects of shift work-like schedules on gut microbiome and intestinal barrier in relation to stroke survival.,microbiome-inflammaging,microbiome-inflammaging__curated_recent_update_2026_08_end,selected_finding_draft,retired_from_active_candidate_pool,topic_capacity_limit,,2026-09-13,Git history and prior public-data snapshots
pubmed-42599973,PubMed,42599973,10.1371/journal.ppat.1014367,Engineered Lactobacillus paracasei 3×pBD1/ΔHLJ-27 as a novel antibiotic alternative for livestock: Dual efficacy in growth promotion and protection against Salmonella infection via integrated host-microbiota-immune regulation.,microbiome-inflammaging,microbiome-inflammaging__curated_recent_update_2026_08_end,selected_finding_draft,retired_from_active_candidate_pool,topic_capacity_limit,,2026-09-13,Git history and prior public-data snapshots
pubmed-42603099,PubMed,42603099,10.1002/1873-3468.70435,The microbiome in human skin aging.,microbiome-inflammaging,microbiome-inflammaging__curated_recent_update_2026_08_end,active_candidate_needs_review,retired_from_active_candidate_pool,topic_capacity_limit,,2026-09-13,Git history and prior public-data snapshots
pubmed-42605908,PubMed,42605908,10.1002/acr.80139,Individuals with Multi-Joint Osteoarthritis Demonstrate Larger Longitudinal Declines in Frailty: Data from the Canadian Longitudinal Study on Aging.,resistance-training-muscle,resistance-training-muscle__curated_recent_update_2026_08_end,selected_finding_draft,retired_from_active_candidate_pool,topic_capacity_limit,,2026-09-13,Git history and prior public-data snapshots
pubmed-42606601,PubMed,42606601,10.1093/gerona/glag196,Modifiable risk factors for mortality across life course: a pooled population-based cohort study.,blood-pressure-aging,blood-pressure-aging__recent_update_2026_09_mid,intake_pending_curation,retired_from_active_candidate_pool,topic_capacity_limit,,2026-09-13,Git history and prior public-data snapshots
pubmed-42607534,PubMed,42607534,10.1016/j.ctarc.2026.101371,"Molecular and clinicopathological insights into oral squamous cell carcinoma: Exploring oxidative stress, ferroptosis, circadian regulation, and novel biomarkers.",klotho-il11-aging,klotho-il11-aging__curated_recent_update_2026_08_end,active_candidate_needs_review,retired_from_active_candidate_pool,topic_capacity_limit,,2026-09-13,Git history and prior public-data snapshots
pubmed-42607665,PubMed,42607665,10.1016/j.cmet.2026.08.005,Protein restriction and the hallmarks of aging: A coordinated physiological adaptive response?,caloric-restriction-human,caloric-restriction-human__recent_update_2026_09_mid,intake_pending_curation,retired_from_active_candidate_pool,topic_capacity_limit,,2026-09-13,Git history and prior public-data snapshots
pubmed-42607669,PubMed,42607669,10.1016/j.stem.2026.07.013,Ovarian aging and systemic health: Mechanisms and emerging intervention strategies.,senolytics,senolytics__recent_update_2026_09_mid,intake_pending_curation,retired_from_active_candidate_pool,topic_capacity_limit,,2026-09-13,Git history and prior public-data snapshots
pubmed-42607684,PubMed,42607684,10.1016/j.molcel.2026.07.027,ER-liquid condensate contacts sequester FAM134B/C and RhoA to govern cell morphology.,autophagy-mitophagy,autophagy-mitophagy__recent_update_2026_09_mid,intake_pending_curation,retired_from_active_candidate_pool,topic_capacity_limit,,2026-09-13,Git history and prior public-data snapshots
pubmed-42607739,PubMed,42607739,10.1016/j.rmed.2026.109109,Sex differences in the association between clinically diagnosed sleep apnea & all-cause mortality: Findings from a national veterans database.,sleep-aging,sleep-aging__curated_recent_update_2026_08_end,selected_finding_draft,retired_from_active_candidate_pool,topic_capacity_limit,,2026-09-13,Git history and prior public-data snapshots
pubmed-42608126,PubMed,42608126,10.1016/j.amj.2026.05.008,A Retrospective Comparison of Etomidate and Ketamine for Prehospital Rapid Sequence Intubation.,blood-pressure-aging,blood-pressure-aging__recent_update_2026_09_mid,intake_pending_curation,retired_from_active_candidate_pool,topic_capacity_limit,,2026-09-13,Git history and prior public-data snapshots
pubmed-42608598,PubMed,42608598,10.1007/s00431-026-07333-3,"Gross motor function, functional level, physical performance, and muscle strength in preschool children newly diagnosed with cancer: Data from the RePlay trial.",resistance-training-muscle,resistance-training-muscle__curated_recent_update_2026_08_end,selected_finding_draft,retired_from_active_candidate_pool,topic_capacity_limit,,2026-09-13,Git history and prior public-data snapshots
pubmed-42609010,PubMed,42609010,10.1177/19386400261471652,Influence of GLP-1 Receptor Agonists on Surgical and Nonsurgical Treatment of Ankle Osteoarthritis.,glp1-weight-cardiometabolic,glp1-weight-cardiometabolic__curated_recent_update_2026_08_end,selected_finding_draft,retired_from_active_candidate_pool,topic_capacity_limit,,2026-09-13,Git history and prior public-data snapshots
pubmed-42609603,PubMed,42609603,10.1002/hsr2.72974,Comparing Two Frailty Tools for the Prediction of Mortality in Older People Admitted to Hospital in Tanzania: A Prospective Cohort Study.,resistance-training-muscle,resistance-training-muscle__curated_recent_update_2026_08_end,selected_finding_draft,retired_from_active_candidate_pool,topic_capacity_limit,,2026-09-13,Git history and prior public-data snapshots
pubmed-42612337,PubMed,42612337,10.1016/j.atherosclerosis.2026.121866,Lipoprotein(a) carries triglyceride species associated with incident cardiovascular disease.,ldl-apob-cardiovascular-risk,ldl-apob-cardiovascular-risk__recent_update_2026_09_mid,intake_pending_curation,retired_from_active_candidate_pool,topic_capacity_limit,,2026-09-13,Git history and prior public-data snapshots
pubmed-42612647,PubMed,42612647,10.1016/S2468-2667(26)00145-3,"Measuring the composition and availability of human resources for health by sex in 204 countries and territories, 1990-2023, and workforce gaps for universal health coverage: a systematic analysis for the Global Burden of Disease Study 2023.",blood-pressure-aging,blood-pressure-aging__recent_update_2026_09_mid,intake_pending_curation,retired_from_active_candidate_pool,topic_capacity_limit,,2026-09-13,Git history and prior public-data snapshots
pubmed-42612648,PubMed,42612648,10.1016/S2468-2667(26)00143-X,Global and regional progress towards reduced burden of oral conditions between 2019 and 2023: a systematic analysis for the Global Burden of Disease Study 2023.,blood-pressure-aging,blood-pressure-aging__recent_update_2026_09_mid,intake_pending_curation,retired_from_active_candidate_pool,topic_capacity_limit,,2026-09-13,Git history and prior public-data snapshots
pubmed-42613745,PubMed,42613745,10.1177/02683555261478716,Association of clinical frailty with the development and adverse outcomes of venous diseases: A systematic review and meta-analysis.,resistance-training-muscle,resistance-training-muscle__curated_recent_update_2026_08_end,selected_finding_draft,retired_from_active_candidate_pool,topic_capacity_limit,,2026-09-13,Git history and prior public-data snapshots
pubmed-42614099,PubMed,42614099,10.1093/ehjacc/zuag108,Frailty Assessment and the Risk of Major Adverse Cardiac Events after Elective Surgery.,resistance-training-muscle,resistance-training-muscle__curated_recent_update_2026_08_end,selected_finding_draft,retired_from_active_candidate_pool,topic_capacity_limit,,2026-09-13,Git history and prior public-data snapshots
pubmed-42614502,PubMed,42614502,10.1177/26416549261448405,Repeated-Dose 28-Day Oral Toxicity Study of a Salmonella enterica Serovar Typhimurium Bacteriophage Cocktail (SE.PC) in BALB/c Mice.,microbiome-inflammaging,microbiome-inflammaging__recent_update_2026_09_mid,intake_pending_curation,retired_from_active_candidate_pool,topic_capacity_limit,,2026-09-13,Git history and prior public-data snapshots
pubmed-42616978,PubMed,42616978,10.4103/npmj.npmj_580_25,Association of 10-year Cardiovascular Risk with Left Ventricular Hypertrophy in a Population of Nigerian Hypertensives.,blood-pressure-aging,blood-pressure-aging__recent_update_2026_09_mid,intake_pending_curation,retired_from_active_candidate_pool,topic_capacity_limit,,2026-09-13,Git history and prior public-data snapshots
pubmed-42618017,PubMed,42618017,10.1016/j.jogn.2026.07.002,Biomarkers for Biological Aging in Postmenopausal Women.,microbiome-inflammaging,microbiome-inflammaging__recent_update_2026_09_mid,intake_pending_curation,retired_from_active_candidate_pool,topic_capacity_limit,,2026-09-13,Git history and prior public-data snapshots
pubmed-42620560,PubMed,42620560,10.1016/j.obpill.2026.100317,Increasing skeletal muscle mass and strength during incretin-based weight loss.,glp1-weight-cardiometabolic,glp1-weight-cardiometabolic__recent_update_2026_09_mid,intake_pending_curation,retired_from_active_candidate_pool,topic_capacity_limit,,2026-09-13,Git history and prior public-data snapshots
pubmed-42622131,PubMed,42622131,10.1161/JAHA.125.045805,Obstructive Sleep Apnea and the Risk of Cardiovascular Disease and Stroke Among Patients With Cancer: Analyses From a Multicenter Electronic Health Care Records-Based Database.,sleep-aging,sleep-aging__curated_recent_update_2026_08_end,selected_finding_draft,retired_from_active_candidate_pool,topic_capacity_limit,,2026-09-13,Git history and prior public-data snapshots
pubmed-42622217,PubMed,42622217,10.1161/JAHA.125.048147,Program to Avoid Cerebrovascular Events Through Systematic Electronic Tracking and Tailoring of an Eminent Risk Factor: A Randomized Trial.,blood-pressure-aging,blood-pressure-aging__recent_update_2026_09_mid,intake_pending_curation,retired_from_active_candidate_pool,topic_capacity_limit,,2026-09-13,Git history and prior public-data snapshots
pubmed-42622235,PubMed,42622235,10.1111/nep.70269,Epidemiological Transition of Renal Mortality in Chiapas (2000-2024): Autonomy of CKDu and the Rise of Hypertensive Nephropathy-A Time-Series Ecological Study.,blood-pressure-aging,blood-pressure-aging__recent_update_2026_09_mid,intake_pending_curation,retired_from_active_candidate_pool,topic_capacity_limit,,2026-09-13,Git history and prior public-data snapshots
pubmed-42622637,PubMed,42622637,10.1007/s00103-026-04288-6,[Walkability in older age: built environment factors and function-sensitive assessment in urban areas].,physical-activity-healthspan,physical-activity-healthspan__recent_update_2026_09_mid,intake_pending_curation,retired_from_active_candidate_pool,topic_capacity_limit,,2026-09-13,Git history and prior public-data snapshots
pubmed-42623710,PubMed,42623710,10.1016/j.archger.2026.106381,The longitudinal association between resilience and frailty in older adults with chronic diseases in China: A national longitudinal study.,resistance-training-muscle,resistance-training-muscle__curated_recent_update_2026_08_end,selected_finding_draft,retired_from_active_candidate_pool,topic_capacity_limit,,2026-09-13,Git history and prior public-data snapshots
pubmed-42623973,PubMed,42623973,10.1016/j.jnha.2026.100957,"Sleep habits and the risk of physical, psychological and cognitive multimorbidities: a national prospective cohort study.",sleep-aging,sleep-aging__curated_recent_update_2026_08_end,selected_finding_draft,retired_from_active_candidate_pool,topic_capacity_limit,,2026-09-13,Git history and prior public-data snapshots
pubmed-42624612,PubMed,42624612,10.1136/bmjment-2026-302828,Cognitive signs and symptoms in people with a psychiatric diagnosis on semaglutide: a retrospective cohort study of 13 007 patients in the USA.,glp1-weight-cardiometabolic,glp1-weight-cardiometabolic__curated_recent_update_2026_08_end,selected_finding_draft,retired_from_active_candidate_pool,topic_capacity_limit,,2026-09-13,Git history and prior public-data snapshots
pubmed-42624958,PubMed,42624958,10.1007/s10072-026-09341-5,The association of self- and interviewer-reported cognitive problems with frailty progression and subsequent all-cause mortality risk: a large-scale cohort study.,resistance-training-muscle,resistance-training-muscle__curated_recent_update_2026_08_end,selected_finding_draft,retired_from_active_candidate_pool,topic_capacity_limit,,2026-09-13,Git history and prior public-data snapshots
pubmed-42625389,PubMed,42625389,10.1111/acel.70674,Molecular Mechanisms of Age-Related Taste Dysfunction Deciphered by Spatiotemporal Transcriptomics.,microbiome-inflammaging,microbiome-inflammaging__recent_update_2026_09_mid,intake_pending_curation,retired_from_active_candidate_pool,topic_capacity_limit,,2026-09-13,Git history and prior public-data snapshots
pubmed-42625400,PubMed,42625400,10.1111/acel.70680,Surviving Fibroblasts After Treatment With Mitomycin C Exhibit SASP-Like Phenotype After Glaucoma Filtration Surgery.,senolytics,senolytics__recent_update_2026_09_mid,intake_pending_curation,retired_from_active_candidate_pool,topic_capacity_limit,,2026-09-13,Git history and prior public-data snapshots
pubmed-42625473,PubMed,42625473,10.1111/risa.70339,When Communication Enables Catastrophe: Nuclear Risk and the Short Lifetimes of Technological Civilizations: A Bayesian Scenario Analysis of Civilizational Survival and the Fermi Paradox.,physical-activity-healthspan,physical-activity-healthspan__recent_update_2026_09_mid,intake_pending_curation,retired_from_active_candidate_pool,topic_capacity_limit,,2026-09-13,Git history and prior public-data snapshots
pubmed-42625929,PubMed,42625929,10.5409/wjcp.118730,Current and forthcoming pharmacotherapies for adolescent obesity: Evidence-based review.,glp1-weight-cardiometabolic,glp1-weight-cardiometabolic__recent_update_2026_09_mid,intake_pending_curation,retired_from_active_candidate_pool,topic_capacity_limit,,2026-09-13,Git history and prior public-data snapshots
pubmed-42626789,PubMed,42626789,10.1002/hon.70239,Epigenetic Rewiring and Context-Dependent Therapeutic Vulnerabilities in Myeloproliferative Neoplasms.,epigenetic-clocks,epigenetic-clocks__recent_update_2026_09_mid,intake_pending_curation,retired_from_active_candidate_pool,topic_capacity_limit,,2026-09-13,Git history and prior public-data snapshots
pubmed-42626943,PubMed,42626943,10.1111/jdi.70424,Frailty and low body mass index as key determinants of sodium-glucose cotransporter 2 inhibitor-specific adverse event-related discontinuation in adults aged ≥75 years: A multicenter real-world retrospective cohort study.,resistance-training-muscle,resistance-training-muscle__curated_recent_update_2026_08_end,selected_finding_draft,retired_from_active_candidate_pool,topic_capacity_limit,,2026-09-13,Git history and prior public-data snapshots
pubmed-42627215,PubMed,42627215,10.1093/ibd/izag167,GLP-1 receptor agonist therapy is associated with increased symptomatic remission in ulcerative colitis: a matched cohort study.,glp1-weight-cardiometabolic,glp1-weight-cardiometabolic__curated_recent_update_2026_08_end,selected_finding_draft,retired_from_active_candidate_pool,topic_capacity_limit,,2026-09-13,Git history and prior public-data snapshots
pubmed-42628474,PubMed,42628474,10.1016/j.gerinurse.2026.104259,An electronic medical record-based frailty index as a locally constructed composite risk score associated with septic shock and mortality in older patients with community-acquired pneumonia.,resistance-training-muscle,resistance-training-muscle__curated_recent_update_2026_08_end,selected_finding_draft,retired_from_active_candidate_pool,topic_capacity_limit,,2026-09-13,Git history and prior public-data snapshots
pubmed-42631046,PubMed,42631046,10.1002/pmf2.70367,"Recurrent hypertensive disorders of pregnancy and subsequent maternal coronary heart disease, stroke, and all-cause mortality.",blood-pressure-aging,blood-pressure-aging__recent_update_2026_09_mid,intake_pending_curation,retired_from_active_candidate_pool,topic_capacity_limit,,2026-09-13,Git history and prior public-data snapshots
pubmed-42632593,PubMed,42632593,10.1016/j.clnesp.2026.105063,ASSOCIATION OF COMBINED FRAILTY AND NUTRITIONAL RISK ASSESSMENT WITH MORTALITY IN CRITICALLY ILL PATIENTS.,resistance-training-muscle,resistance-training-muscle__curated_recent_update_2026_08_end,selected_finding_draft,retired_from_active_candidate_pool,topic_capacity_limit,,2026-09-13,Git history and prior public-data snapshots
pubmed-42633051,PubMed,42633051,10.1016/j.ijcrp.2026.200687,Cost-effectiveness of early inclisiran for the secondary prevention of cardiovascular disease in Aboriginal and Torres Strait Islander Australians: A Markov modelling analysis.,ldl-apob-cardiovascular-risk,ldl-apob-cardiovascular-risk__recent_update_2026_09_mid,intake_pending_curation,retired_from_active_candidate_pool,topic_capacity_limit,,2026-09-13,Git history and prior public-data snapshots
pubmed-42633655,PubMed,42633655,10.1093/geront/gnag205,"Adverse Childhood Experiences, Cognitive Outcomes, and Frailty in Older Adults: A Systematic Review and Meta-analysis.",resistance-training-muscle,resistance-training-muscle__curated_recent_update_2026_08_end,selected_finding_draft,retired_from_active_candidate_pool,topic_capacity_limit,,2026-09-13,Git history and prior public-data snapshots
pubmed-42633989,PubMed,42633989,10.1111/bcpt.70290,"Low-Dose Fisetin Supplementation and Its Association With Chronic Inflammation in Middle-Aged and Older Adults: Study Protocol for a Triple-Blind, Randomised, Placebo-Controlled Trial.",senolytics,senolytics__recent_update_2026_09_mid,intake_pending_curation,retired_from_active_candidate_pool,non_result_publication_title,,2026-09-13,Git history and prior public-data snapshots
pubmed-42634294,PubMed,42634294,10.3349/ymj.2025.0370,Development of a Multimodal Machine Learning Model for Predicting Second Osteoporotic Vertebral Compression Fractures.,physical-activity-healthspan,physical-activity-healthspan__recent_update_2026_09_mid,intake_pending_curation,retired_from_active_candidate_pool,topic_capacity_limit,,2026-09-13,Git history and prior public-data snapshots
pubmed-42634795,PubMed,42634795,10.1210/jendso/bvag177,Weight loss outcomes with tirzepatide in women with and without self-reported polycystic ovary syndrome.,glp1-weight-cardiometabolic,glp1-weight-cardiometabolic__recent_update_2026_09_mid,intake_pending_curation,retired_from_active_candidate_pool,topic_capacity_limit,,2026-09-13,Git history and prior public-data snapshots
pubmed-42635554,PubMed,42635554,10.1093/rheumatology/keag429,Single-cell profiling reveals senescent bone marrow mesenchymal stem cell subpopulations driving pathological ossification in ankylosing spondylitis.,microbiome-inflammaging,microbiome-inflammaging__recent_update_2026_09_mid,intake_pending_curation,retired_from_active_candidate_pool,topic_capacity_limit,,2026-09-13,Git history and prior public-data snapshots
pubmed-42635904,PubMed,42635904,10.1007/s40618-026-02954-9,Muscle strength and HbA1c in geriatric patients with and without diabetes: a retrospective observational cohort study.,resistance-training-muscle,resistance-training-muscle__curated_recent_update_2026_08_end,selected_finding_draft,retired_from_active_candidate_pool,topic_capacity_limit,,2026-09-13,Git history and prior public-data snapshots
pubmed-42636832,PubMed,42636832,10.1016/S1470-2045(26)00278-0,"Durvalumab and tremelimumab, with or without lenvatinib, combined with transarterial chemoembolisation in participants with embolisation-eligible hepatocellular carcinoma (EMERALD-3): a global, randomised, open-label, sponsor-blinded, phase 3 study.",blood-pressure-aging,blood-pressure-aging__recent_update_2026_09_mid,intake_pending_curation,retired_from_active_candidate_pool,topic_capacity_limit,,2026-09-13,Git history and prior public-data snapshots
pubmed-42637491,PubMed,42637491,10.1016/j.jvn.2026.06.004,Coexistence of peripheral artery disease and coronary artery disease: Prevalence and contributing factors.,blood-pressure-aging,blood-pressure-aging__recent_update_2026_09_mid,intake_pending_curation,retired_from_active_candidate_pool,topic_capacity_limit,,2026-09-13,Git history and prior public-data snapshots
pubmed-42638166,PubMed,42638166,10.1111/dom.71250,Trends in Cost of Care With Tirzepatide in Adults Aged Over 55 Years With Obesity or Overweight Without Diabetes: A Matched Cohort Analysis.,glp1-weight-cardiometabolic,glp1-weight-cardiometabolic__curated_recent_update_2026_08_end,selected_finding_draft,retired_from_active_candidate_pool,topic_capacity_limit,,2026-09-13,Git history and prior public-data snapshots
pubmed-42640319,PubMed,42640319,10.1007/s00044-026-03612-8,Centanafadine (Simtriyo®): a first-in-class triple reuptake inhibitor approved for attention-deficit/hyperactivity disorder (ADHD).,sleep-aging,sleep-aging__recent_update_2026_09_mid,intake_pending_curation,retired_from_active_candidate_pool,topic_capacity_limit,,2026-09-13,Git history and prior public-data snapshots
pubmed-42640940,PubMed,42640940,10.1093/sleep/zsag224,Dementia Risk in Patients with Comorbid Insomnia and Obstructive Sleep Apnea: A Propensity Score-Matched Cohort Study.,sleep-aging,sleep-aging__curated_recent_update_2026_08_end,selected_finding_draft,retired_from_active_candidate_pool,topic_capacity_limit,,2026-09-13,Git history and prior public-data snapshots
pubmed-42641329,PubMed,42641329,10.1016/j.gerinurse.2026.104334,Identifying symptom-specific intervention targets for multidimensional frailty in community-dwelling older adults with chronic diseases: A network-based simulation approach.,resistance-training-muscle,resistance-training-muscle__curated_recent_update_2026_08_end,selected_finding_draft,retired_from_active_candidate_pool,topic_capacity_limit,,2026-09-13,Git history and prior public-data snapshots
pubmed-42641413,PubMed,42641413,10.1016/j.ejon.2026.103297,Measurement tools for social frailty in cancer patients: A systematic review.,resistance-training-muscle,resistance-training-muscle__curated_recent_update_2026_08_end,selected_finding_draft,retired_from_active_candidate_pool,topic_capacity_limit,,2026-09-13,Git history and prior public-data snapshots
pubmed-42641835,PubMed,42641835,10.1016/j.cpcardiol.2026.103432,Clinical Frailty Scale for Risk Stratification in Elderly Patients with Heart Failure: A Meta-Analysis.,resistance-training-muscle,resistance-training-muscle__curated_recent_update_2026_08_end,selected_finding_draft,retired_from_active_candidate_pool,topic_capacity_limit,,2026-09-13,Git history and prior public-data snapshots
pubmed-42641925,PubMed,42641925,10.1016/j.ajt.2026.08.014,Performance-Based Frailty Tools Capture Distinct Risk Phenotypes in Kidney Transplant Candidates: A Comparative Analysis of FRAIL and SPPB.,resistance-training-muscle,resistance-training-muscle__curated_recent_update_2026_08_end,selected_finding_draft,retired_from_active_candidate_pool,topic_capacity_limit,,2026-09-13,Git history and prior public-data snapshots
pubmed-42642147,PubMed,42642147,10.1016/j.tjog.2026.02.005,"The addition of bevacizumab to combination chemotherapy in patients with recurrent, persistent, or metastatic cervical cancer: Aretrospective single-arm study.",blood-pressure-aging,blood-pressure-aging__recent_update_2026_09_mid,intake_pending_curation,retired_from_active_candidate_pool,topic_capacity_limit,,2026-09-13,Git history and prior public-data snapshots
pubmed-42642787,PubMed,42642787,10.1111/acel.70684,Aging-Related Myocardial Susceptibility Lowers Cardiac Tolerance to Chronic Intermittent Hypoxia Through Dynamin-Related Protein 1-Associated Mitochondrial Vulnerability.,sleep-aging,sleep-aging__recent_update_2026_09_mid,intake_pending_curation,retired_from_active_candidate_pool,topic_capacity_limit,,2026-09-13,Git history and prior public-data snapshots
pubmed-42643064,PubMed,42643064,10.1111/apt.70938,Clinical Trial: Intensive Supervised Nutritional Therapy Versus Guideline-Based Nutritional Advice for Sarcopenia in Decompensated Cirrhosis-A Randomised Controlled Trial.,resistance-training-muscle,resistance-training-muscle__curated_recent_update_2026_08_end,selected_finding_draft,retired_from_active_candidate_pool,topic_capacity_limit,,2026-09-13,Git history and prior public-data snapshots
pubmed-42643169,PubMed,42643169,10.1016/j.obpill.2026.100315,One-year weight loss and metabolic outcomes after laparoscopic sleeve gastrectomy in adolescents compared with young adults: A propensity score-matched cohort study.,glp1-weight-cardiometabolic,glp1-weight-cardiometabolic__recent_update_2026_09_mid,intake_pending_curation,retired_from_active_candidate_pool,topic_capacity_limit,,2026-09-13,Git history and prior public-data snapshots
pubmed-42644078,PubMed,42644078,10.3389/fpubh.2026.1866159,Prevalence and associated factors of cognitive frailty in older adults with heart failure: a systematic review and meta-analysis.,resistance-training-muscle,resistance-training-muscle__curated_recent_update_2026_08_end,selected_finding_draft,retired_from_active_candidate_pool,topic_capacity_limit,,2026-09-13,Git history and prior public-data snapshots
pubmed-42644350,PubMed,42644350,10.1093/gbe/evag218,Comparative genomics reveals signatures of distinct metabolic strategies and gene loss associated with Hydra immortality.,klotho-il11-aging,klotho-il11-aging__curated_recent_update_2026_08_end,active_candidate_needs_review,retired_from_active_candidate_pool,topic_capacity_limit,,2026-09-13,Git history and prior public-data snapshots
pubmed-42644866,PubMed,42644866,10.1002/oby.70267,Body Composition and Lifestyle Interventions in Pharmacological Treatment of Acquired Hypothalamic Obesity: A Systematic Review of Randomized Controlled Trials.,glp1-weight-cardiometabolic,glp1-weight-cardiometabolic__recent_update_2026_09_mid,intake_pending_curation,retired_from_active_candidate_pool,topic_capacity_limit,,2026-09-13,Git history and prior public-data snapshots
pubmed-42645008,PubMed,42645008,10.3390/geriatrics11040104,Long-Term Physical Activity Patterns and Risk of Future Frailty: A Systematic Review and Age-Stratified Meta-Analysis.,resistance-training-muscle,resistance-training-muscle__curated_recent_update_2026_08_end,selected_finding_draft,retired_from_active_candidate_pool,topic_capacity_limit,,2026-09-13,Git history and prior public-data snapshots
pubmed-42647057,PubMed,42647057,10.1002/jbt.71089,Atmospheric Aerosol Neurotoxicity and Parkinson's Disease: Mechanisms and Perspectives.,autophagy-mitophagy,autophagy-mitophagy__recent_update_2026_09_mid,intake_pending_curation,retired_from_active_candidate_pool,topic_capacity_limit,,2026-09-13,Git history and prior public-data snapshots
pubmed-42647098,PubMed,42647098,10.1002/lary.70810,Nonscarring Alopecia in Adults Treated With GLP-1s: A Propensity Score Matched TriNetX Cohort Study.,glp1-weight-cardiometabolic,glp1-weight-cardiometabolic__curated_recent_update_2026_08_end,selected_finding_draft,retired_from_active_candidate_pool,topic_capacity_limit,,2026-09-13,Git history and prior public-data snapshots
pubmed-42647124,PubMed,42647124,10.1073/pnas.2617749123,Parental niche construction buffers microbial and competitive challenges and drives offspring dependence in burying beetles.,microbiome-inflammaging,microbiome-inflammaging__recent_update_2026_09_mid,intake_pending_curation,retired_from_active_candidate_pool,topic_capacity_limit,,2026-09-13,Git history and prior public-data snapshots
pubmed-42649478,PubMed,42649478,10.1111/acel.70693,Timing-Dependent Clearance of p16-Positive Cells Mitigates Radiation-Induced Accelerated Aging.,senolytics,senolytics__recent_update_2026_09_mid,intake_pending_curation,retired_from_active_candidate_pool,topic_capacity_limit,,2026-09-13,Git history and prior public-data snapshots
pubmed-42655929,PubMed,42655929,10.1002/acr.80147,Associations of Frailty with the Risk of Incident Cancer and Cancer-related Mortality in Veterans with Rheumatoid Arthritis.,resistance-training-muscle,resistance-training-muscle__curated_recent_update_2026_08_end,selected_finding_draft,retired_from_active_candidate_pool,topic_capacity_limit,,2026-09-13,Git history and prior public-data snapshots
pubmed-42655935,PubMed,42655935,10.1002/cam4.72164,Development of a Prognostic Survival Risk Score for Lung Cancer Patients With Type 2 Diabetes Mellitus: A Territory-Wide Retrospective Cohort Study.,blood-pressure-aging,blood-pressure-aging__recent_update_2026_09_mid,intake_pending_curation,retired_from_active_candidate_pool,topic_capacity_limit,,2026-09-13,Git history and prior public-data snapshots
pubmed-42656071,PubMed,42656071,10.1097/WCO.0000000000001512,Recent advances in adult-onset disorders of muscle lipid metabolism.,physical-activity-healthspan,physical-activity-healthspan__recent_update_2026_09_mid,intake_pending_curation,retired_from_active_candidate_pool,topic_capacity_limit,,2026-09-13,Git history and prior public-data snapshots
pubmed-42656389,PubMed,42656389,10.1016/j.lanwpc.2026.101934,"The impact and evolution of environmental/occupational, behavioural, and metabolic risk factors on CVD burdens in the Asia-Pacific region from 1990 to 2023: a secondary analysis of the Global Burden of Disease Study 2023.",blood-pressure-aging,blood-pressure-aging__recent_update_2026_09_mid,intake_pending_curation,retired_from_active_candidate_pool,topic_capacity_limit,,2026-09-13,Git history and prior public-data snapshots
pubmed-42656588,PubMed,42656588,10.1210/jendso/bvag190,Glycemia-based predictors of T2D development in adults with obesity and prediabetes: SURMOUNT-1 post hoc analysis.,glp1-weight-cardiometabolic,glp1-weight-cardiometabolic__recent_update_2026_09_mid,intake_pending_curation,retired_from_active_candidate_pool,topic_capacity_limit,,2026-09-13,Git history and prior public-data snapshots
pubmed-42656906,PubMed,42656906,10.1002/hsr2.72851,Association Between Opium Consumption and Lipid Profile: A Systematic Review and Meta-Analysis of Observational Studies.,ldl-apob-cardiovascular-risk,ldl-apob-cardiovascular-risk__recent_update_2026_09_mid,intake_pending_curation,retired_from_active_candidate_pool,topic_capacity_limit,,2026-09-13,Git history and prior public-data snapshots
pubmed-42657752,PubMed,42657752,10.1161/JAHA.125.047844,AMERICCAASS Registry: A Contemporary View of Heart Failure in the Americas.,physical-activity-healthspan,physical-activity-healthspan__recent_update_2026_09_mid,intake_pending_curation,retired_from_active_candidate_pool,topic_capacity_limit,,2026-09-13,Git history and prior public-data snapshots
pubmed-42658034,PubMed,42658034,10.1080/08037051.2026.2724736,Endothelial function in relation to low-level chronic residential air pollution in a general population: a cohort study.,blood-pressure-aging,blood-pressure-aging__recent_update_2026_09_mid,intake_pending_curation,retired_from_active_candidate_pool,topic_capacity_limit,,2026-09-13,Git history and prior public-data snapshots
pubmed-42658118,PubMed,42658118,10.1016/j.adaj.2026.05.026,Longitudinal association between social frailty and poor oral health-related quality of life among middle-aged and older adults: Exploring the mediating role of cognitive function using a nationally representative cohort in the Republic of Korea.,resistance-training-muscle,resistance-training-muscle__curated_recent_update_2026_08_end,selected_finding_draft,retired_from_active_candidate_pool,topic_capacity_limit,,2026-09-13,Git history and prior public-data snapshots
pubmed-42659046,PubMed,42659046,10.1080/13607863.2026.2720599,"The association of cumulative frailty with subsequent cognitive decline, dementia incidence, and all-cause mortality: a longitudinal cohort study.",resistance-training-muscle,resistance-training-muscle__curated_recent_update_2026_08_end,selected_finding_draft,retired_from_active_candidate_pool,topic_capacity_limit,,2026-09-13,Git history and prior public-data snapshots
pubmed-42660153,PubMed,42660153,10.1016/S0140-6736(26)01071-8,Pre-eclampsia.,physical-activity-healthspan,physical-activity-healthspan__recent_update_2026_09_mid,intake_pending_curation,retired_from_active_candidate_pool,topic_capacity_limit,,2026-09-13,Git history and prior public-data snapshots
pubmed-42661334,PubMed,42661334,10.1111/acel.70658,A Mechanism-Based Framework for Anti-Aging Strategies: From Metabolic Regulation to Senotherapy and Stem Cell-Based Interventions.,caloric-restriction-human,caloric-restriction-human__recent_update_2026_09_mid,intake_pending_curation,retired_from_active_candidate_pool,topic_capacity_limit,,2026-09-13,Git history and prior public-data snapshots
pubmed-42661854,PubMed,42661854,10.1016/j.chpulm.2026.100279,Association Between Insomnia With or Without Comorbid Sleep Apnea and Endothelial Dysfunction in COPD.,sleep-aging,sleep-aging__recent_update_2026_09_mid,intake_pending_curation,retired_from_active_candidate_pool,topic_capacity_limit,,2026-09-13,Git history and prior public-data snapshots
pubmed-42662063,PubMed,42662063,10.1016/j.esmogo.2026.100399,"Structured surveillance in Lynch syndrome: effectiveness, limitations, and unmet needs.",microbiome-inflammaging,microbiome-inflammaging__recent_update_2026_09_mid,intake_pending_curation,retired_from_active_candidate_pool,topic_capacity_limit,,2026-09-13,Git history and prior public-data snapshots
pubmed-42665578,PubMed,42665578,10.1111/echo.70562,First-Phase Ejection Fraction: A Novel Approach to Detecting Early Systolic Dysfunction in Hypertrophic Cardiomyopathy.,blood-pressure-aging,blood-pressure-aging__recent_update_2026_09_mid,intake_pending_curation,retired_from_active_candidate_pool,topic_capacity_limit,,2026-09-13,Git history and prior public-data snapshots
pubmed-42666091,PubMed,42666091,10.1093/eurheartj/ehag741,ESC Guidelines on prevention and rehabilitation in coronary heart disease and current practice: the EUROASPIRE VI survey.,physical-activity-healthspan,physical-activity-healthspan__recent_update_2026_09_mid,intake_pending_curation,retired_from_active_candidate_pool,topic_capacity_limit,,2026-09-13,Git history and prior public-data snapshots
pubmed-42667066,PubMed,42667066,10.1016/j.omtn.2026.103001,ADAR RNA editing for cardiovascular disease: Targeting B4GALT1 to modulate lipid metabolism through reduced galactosyltransferase activity.,ldl-apob-cardiovascular-risk,ldl-apob-cardiovascular-risk__recent_update_2026_09_mid,intake_pending_curation,retired_from_active_candidate_pool,topic_capacity_limit,,2026-09-13,Git history and prior public-data snapshots
pubmed-42667518,PubMed,42667518,10.1007/s11739-026-04502-y,Antidiabetic medications and arterial thrombotic risk reduction: a narrative review.,metformin-aging,metformin-aging__recent_update_2026_09_mid,intake_pending_curation,retired_from_active_candidate_pool,topic_capacity_limit,,2026-09-13,Git history and prior public-data snapshots
pubmed-42667937,PubMed,42667937,10.1016/j.cpcardiol.2026.103436,Cardiac rehabilitation after acute myocardial infarction: a review of its value and clinical impact.,physical-activity-healthspan,physical-activity-healthspan__recent_update_2026_09_mid,intake_pending_curation,retired_from_active_candidate_pool,topic_capacity_limit,,2026-09-13,Git history and prior public-data snapshots
pubmed-42667964,PubMed,42667964,10.1016/j.bcp.2026.118405,"Drug failure in diabetic kidney disease: translational barriers, target validation and trial de-risking strategies.",glp1-weight-cardiometabolic,glp1-weight-cardiometabolic__recent_update_2026_09_mid,intake_pending_curation,retired_from_active_candidate_pool,topic_capacity_limit,,2026-09-13,Git history and prior public-data snapshots
pubmed-42668074,PubMed,42668074,10.1016/j.phrs.2026.108420,Heterogeneous associations of antidiabetic medications with cancer prognosis: Evidence from 61 studies with over 1.1 million patients.,metformin-aging,metformin-aging__recent_update_2026_09_mid,intake_pending_curation,retired_from_active_candidate_pool,topic_capacity_limit,,2026-09-13,Git history and prior public-data snapshots
pubmed-42668122,PubMed,42668122,10.1016/j.arr.2026.103343,Living beyond our evolutionary warranty: Why non-communicable diseases may be the inevitable costs of an extended lifespan.,epigenetic-clocks,epigenetic-clocks__recent_update_2026_09_mid,intake_pending_curation,retired_from_active_candidate_pool,topic_capacity_limit,,2026-09-13,Git history and prior public-data snapshots
pubmed-42668298,PubMed,42668298,10.1038/s41371-026-01204-y,"Global DNA methylation and hypertension control Vis-À-Vis lipids: an exploratory population based study from rural Punjab, India.",ldl-apob-cardiovascular-risk,ldl-apob-cardiovascular-risk__recent_update_2026_09_mid,intake_pending_curation,retired_from_active_candidate_pool,topic_capacity_limit,,2026-09-13,Git history and prior public-data snapshots
pubmed-42668312,PubMed,42668312,10.1038/s41366-026-02189-x,Effects of subcutaneous semaglutide on weight loss and inflammatory markers in adults with overweight or obesity without diabetes: a systematic review and meta-analysis.,glp1-weight-cardiometabolic,glp1-weight-cardiometabolic__recent_update_2026_09_mid,intake_pending_curation,retired_from_active_candidate_pool,topic_capacity_limit,,2026-09-13,Git history and prior public-data snapshots
pubmed-42668427,PubMed,42668427,10.1111/jgs.70685,Preoperative Moderate-Severe Excessive Daytime Sleepiness Is Associated With Postoperative Cognitive Dysfunction in Older Surgical Patients.,sleep-aging,sleep-aging__recent_update_2026_09_mid,intake_pending_curation,retired_from_active_candidate_pool,topic_capacity_limit,,2026-09-13,Git history and prior public-data snapshots
pubmed-42669131,PubMed,42669131,10.1093/eurheartj/ehag736,Cardiovascular Prevention among Healthcare Professionals: the ESC Congress Cardiovascular Health Check 2025.,ldl-apob-cardiovascular-risk,ldl-apob-cardiovascular-risk__recent_update_2026_09_mid,intake_pending_curation,retired_from_active_candidate_pool,topic_capacity_limit,,2026-09-13,Git history and prior public-data snapshots
pubmed-42669320,PubMed,42669320,10.1016/j.ijpharm.2026.127363,"Intranasal delivery of Semaglutide using a thermoresponsive PNPHO nanocarrier: formulation development, characterization and biological evaluation.",glp1-weight-cardiometabolic,glp1-weight-cardiometabolic__recent_update_2026_09_mid,intake_pending_curation,retired_from_active_candidate_pool,topic_capacity_limit,,2026-09-13,Git history and prior public-data snapshots
pubmed-42669746,PubMed,42669746,10.1007/s11325-026-03794-w,Periodic limb movements of sleep and hypertension in patients with obstructive sleep apnea: a hypothesis-generating analysis from a polysomnographic cohort.,sleep-aging,sleep-aging__recent_update_2026_09_mid,intake_pending_curation,retired_from_active_candidate_pool,topic_capacity_limit,,2026-09-13,Git history and prior public-data snapshots
pubmed-42670293,PubMed,42670293,10.1161/CIRCULATIONAHA.126.082436,Effects of Evolocumab on Mortality Outcomes in Patients Without Previous Myocardial Infarction or Stroke: A Prespecified Analysis of the VESALIUS-CV Randomized Clinical Trial.,ldl-apob-cardiovascular-risk,ldl-apob-cardiovascular-risk__recent_update_2026_09_mid,intake_pending_curation,retired_from_active_candidate_pool,topic_capacity_limit,,2026-09-13,Git history and prior public-data snapshots
pubmed-42670558,PubMed,42670558,10.1210/jcemcr/luag245,Tirzepatide non-response with subsequent semaglutide response in class 2 obesity.,glp1-weight-cardiometabolic,glp1-weight-cardiometabolic__recent_update_2026_09_mid,intake_pending_curation,retired_from_active_candidate_pool,topic_capacity_limit,,2026-09-13,Git history and prior public-data snapshots
pubmed-42670686,PubMed,42670686,10.5414/CN112078,Associations of life's crucial 9 and its components with all-cause and cardiovascular mortality in diabetic kidney disease patients.,physical-activity-healthspan,physical-activity-healthspan__recent_update_2026_09_mid,intake_pending_curation,retired_from_active_candidate_pool,topic_capacity_limit,,2026-09-13,Git history and prior public-data snapshots
pubmed-42670762,PubMed,42670762,10.29063/ajrh2026/v30i16.9,"President Xi's Soft Power ""She Power"" initiative's impact on women's maternal health and schoolgirls in Balochistan, Pakistan.",physical-activity-healthspan,physical-activity-healthspan__recent_update_2026_09_mid,intake_pending_curation,retired_from_active_candidate_pool,topic_capacity_limit,,2026-09-13,Git history and prior public-data snapshots
pubmed-42671308,PubMed,42671308,10.1093/annalsats/aaoag259,Neighborhood Disadvantage Association with Sleep Apnea and Longitudinal Cardiovascular Events and Mortality.,sleep-aging,sleep-aging__recent_update_2026_09_mid,intake_pending_curation,retired_from_active_candidate_pool,topic_capacity_limit,,2026-09-13,Git history and prior public-data snapshots
pubmed-42671364,PubMed,42671364,10.1016/j.healun.2026.07.008,Dapagliflozin in pulmonary arterial hypertension and chronic thromboembolic pulmonary hypertension: The DAPAH randomized controlled trial.,cardiorespiratory-fitness,cardiorespiratory-fitness__recent_update_2026_09_mid,intake_pending_curation,retired_from_active_candidate_pool,topic_capacity_limit,,2026-09-13,Git history and prior public-data snapshots
pubmed-42671404,PubMed,42671404,10.4103/mgr.MEDGASRES-D-25-00280,Nitric oxide and hydrogen sulfide signaling pathways are involved in benign prostatic hyperplasia: pathophysiological development and novel therapeutic strategies.,autophagy-mitophagy,autophagy-mitophagy__recent_update_2026_09_mid,intake_pending_curation,retired_from_active_candidate_pool,topic_capacity_limit,,2026-09-13,Git history and prior public-data snapshots
pubmed-42671848,PubMed,42671848,10.1001/jamapediatrics.2026.3918,Biliary Events and GLP-1 Receptor Agonist Therapy in Adolescents and Young Adults.,glp1-weight-cardiometabolic,glp1-weight-cardiometabolic__recent_update_2026_09_mid,intake_pending_curation,retired_from_active_candidate_pool,topic_capacity_limit,,2026-09-13,Git history and prior public-data snapshots
pubmed-42672130,PubMed,42672130,10.2478/enr-2026-0019,Unmasking silent atherosclerosis in type 2 diabetes: the emerging role of adipocyte fatty acid-binding protein.,ldl-apob-cardiovascular-risk,ldl-apob-cardiovascular-risk__recent_update_2026_09_mid,intake_pending_curation,retired_from_active_candidate_pool,topic_capacity_limit,,2026-09-13,Git history and prior public-data snapshots
pubmed-42673111,PubMed,42673111,10.1002/cbdv.71634,Antibacterial and Antibiofilm Activity of a Chemically Characterized Cinnamomum verum Bark Methanolic Extract Against Multidrug-Resistant Bacteria: Preliminary Antibiotic-Interaction Screening and Exploratory Molecular Docking.,senolytics,senolytics__recent_update_2026_09_mid,intake_pending_curation,retired_from_active_candidate_pool,topic_capacity_limit,,2026-09-13,Git history and prior public-data snapshots
pubmed-42673571,PubMed,42673571,10.1002/edm2.70325,Weight Regain Trajectories After Discontinuation of Semaglutide or Tirzepatide: A Reconstructed Aggregate-Data Bayesian Longitudinal Meta-Analysis.,glp1-weight-cardiometabolic,glp1-weight-cardiometabolic__recent_update_2026_09_mid,intake_pending_curation,retired_from_active_candidate_pool,topic_capacity_limit,,2026-09-13,Git history and prior public-data snapshots
pubmed-42673585,PubMed,42673585,10.7326/ANNALS-25-05519,Efficacy and Safety of Glucagon-like Peptide-1 Receptor Agonists and Co-agonists for Weight Loss Among Adults Without Diabetes : An Updated Systematic Review.,glp1-weight-cardiometabolic,glp1-weight-cardiometabolic__recent_update_2026_09_mid,intake_pending_curation,retired_from_active_candidate_pool,topic_capacity_limit,,2026-09-13,Git history and prior public-data snapshots
pubmed-42673608,PubMed,42673608,10.3928/01477447-20260811-01,"Association of GLP-1 Agonists With Postoperative Complications Following Knee Extensor Mechanism Repair:An Analysis of 1,092 Patients.",glp1-weight-cardiometabolic,glp1-weight-cardiometabolic__recent_update_2026_09_mid,intake_pending_curation,retired_from_active_candidate_pool,topic_capacity_limit,,2026-09-13,Git history and prior public-data snapshots
pubmed-42673774,PubMed,42673774,10.1016/j.oraloncology.2026.108119,Exercise prehabilitation in head and neck cancer patients proposed for definitive chemoradiotherapy: The FIT4TREAT randomized controlled trial.,resistance-training-muscle,resistance-training-muscle__recent_update_2026_09_mid,intake_pending_curation,retired_from_active_candidate_pool,topic_capacity_limit,,2026-09-13,Git history and prior public-data snapshots
pubmed-42674085,PubMed,42674085,10.1016/j.annepidem.2026.110270,Do quantitative bias analyses accurately characterize bias due to uncontrolled confounding?,physical-activity-healthspan,physical-activity-healthspan__recent_update_2026_09_mid,intake_pending_curation,retired_from_active_candidate_pool,topic_capacity_limit,,2026-09-13,Git history and prior public-data snapshots
pubmed-42674118,PubMed,42674118,10.1016/j.neuroimage.2026.122188,Effects of strength and balance training on the structure of the aging brain.,resistance-training-muscle,resistance-training-muscle__recent_update_2026_09_mid,intake_pending_curation,retired_from_active_candidate_pool,topic_capacity_limit,,2026-09-13,Git history and prior public-data snapshots
pubmed-42674467,PubMed,42674467,10.1055/s-0046-1827210,Prognostic factors related to neurological disability after the implementation of the first stroke unit in a remote region of Brazil.,blood-pressure-aging,blood-pressure-aging__recent_update_2026_09_mid,intake_pending_curation,retired_from_active_candidate_pool,topic_capacity_limit,,2026-09-13,Git history and prior public-data snapshots
pubmed-42675010,PubMed,42675010,10.1080/25787489.2026.2722768,Barriers and facilitators of cardiovascular disease prevention among people with HIV in the Southern United States: a photo-elicitation study.,blood-pressure-aging,blood-pressure-aging__recent_update_2026_09_mid,intake_pending_curation,retired_from_active_candidate_pool,topic_capacity_limit,,2026-09-13,Git history and prior public-data snapshots
pubmed-42675300,PubMed,42675300,10.1007/s00464-026-13173-x,Obesity is not associated with increased adverse outcomes following paraesophageal hernia repair.,sleep-aging,sleep-aging__recent_update_2026_09_mid,intake_pending_curation,retired_from_active_candidate_pool,topic_capacity_limit,,2026-09-13,Git history and prior public-data snapshots
pubmed-42675346,PubMed,42675346,10.1007/s44470-026-00161-0,Oxygen overshoot burden of central sleep apnea and its association with cardiovascular outcomes.,sleep-aging,sleep-aging__recent_update_2026_09_mid,intake_pending_curation,retired_from_active_candidate_pool,topic_capacity_limit,,2026-09-13,Git history and prior public-data snapshots
pubmed-42675370,PubMed,42675370,10.1007/s40256-026-00825-5,Lipoprotein(a): Cardiovascular Risk and Emerging Targeted Therapies.,ldl-apob-cardiovascular-risk,ldl-apob-cardiovascular-risk__recent_update_2026_09_mid,intake_pending_curation,retired_from_active_candidate_pool,topic_capacity_limit,,2026-09-13,Git history and prior public-data snapshots
pubmed-42675550,PubMed,42675550,10.1111/dom.71287,Glycaemic Changes After Semaglutide Discontinuation in Adults With Type 1 Diabetes Using Automated Insulin Delivery: Analysis of the ADJUST-T1D Extension Study.,glp1-weight-cardiometabolic,glp1-weight-cardiometabolic__recent_update_2026_09_mid,intake_pending_curation,retired_from_active_candidate_pool,topic_capacity_limit,,2026-09-13,Git history and prior public-data snapshots
pubmed-42675995,PubMed,42675995,10.3340/jkns.2026.0170,The Inter-relationship between Sarcopenia and Osteoporosis : Molecular Mechanisms and Therapeutic Interventions.,microbiome-inflammaging,microbiome-inflammaging__recent_update_2026_09_mid,intake_pending_curation,retired_from_active_candidate_pool,topic_capacity_limit,,2026-09-13,Git history and prior public-data snapshots
pubmed-42676065,PubMed,42676065,10.1080/25310429.2026.2719425,The impact of supernormal lung function on mortality risk in adults with and without sleep-disordered breathing.,sleep-aging,sleep-aging__recent_update_2026_09_mid,intake_pending_curation,retired_from_active_candidate_pool,topic_capacity_limit,,2026-09-13,Git history and prior public-data snapshots
pubmed-42676928,PubMed,42676928,10.1155/crie/9628050,Unilateral Graves' Disease Developing During Treatment With Tirzepatide in a Patient With Diabetes: A Case Report.,glp1-weight-cardiometabolic,glp1-weight-cardiometabolic__recent_update_2026_09_mid,intake_pending_curation,retired_from_active_candidate_pool,topic_capacity_limit,,2026-09-13,Git history and prior public-data snapshots
pubmed-42677217,PubMed,42677217,10.26633/RPSP.2026.56,Multisectoral action to prevent noncommunicable diseases in Saint Lucia.,physical-activity-healthspan,physical-activity-healthspan__recent_update_2026_09_mid,intake_pending_curation,retired_from_active_candidate_pool,topic_capacity_limit,,2026-09-13,Git history and prior public-data snapshots
pubmed-42678372,PubMed,42678372,10.1093/gerona/glag216,Effects of Resistance Training Sets on Cognition and Brain-Derived Neurotrophic Factor in Cognitively Impaired Individuals: A Quasi-Experimental Study.,physical-activity-healthspan,physical-activity-healthspan__recent_update_2026_09_mid,intake_pending_curation,retired_from_active_candidate_pool,topic_capacity_limit,,2026-09-13,Git history and prior public-data snapshots
pubmed-42678399,PubMed,42678399,10.1007/s00204-026-04528-3,"Micro- and nanoplastics-induced neurotoxicity: a CNS-centered, evidence-graded adverse outcome pathway framework based on systematic weight-of-evidence assessment.",autophagy-mitophagy,autophagy-mitophagy__recent_update_2026_09_mid,intake_pending_curation,retired_from_active_candidate_pool,topic_capacity_limit,,2026-09-13,Git history and prior public-data snapshots
pubmed-42678502,PubMed,42678502,10.1186/s43556-026-00526-0,Solute Carrier Family 1 Member 5 (SLC1A5)-dependent glutamine transport regulates macrophage senescence and efferocytosis during liver regeneration.,senolytics,senolytics__recent_update_2026_09_mid,intake_pending_curation,retired_from_active_candidate_pool,topic_capacity_limit,,2026-09-13,Git history and prior public-data snapshots
pubmed-42678611,PubMed,42678611,10.1007/s11357-026-02477-4,Reactive agility and motor-cognitive assessments for distinguishing community-dwelling older adults with and without a history of falls: a dual-centre cross-sectional study.,physical-activity-healthspan,physical-activity-healthspan__recent_update_2026_09_mid,intake_pending_curation,retired_from_active_candidate_pool,topic_capacity_limit,,2026-09-13,Git history and prior public-data snapshots
pubmed-42678634,PubMed,42678634,10.1007/s10522-026-10504-2,Berberine and its derivatives as candidate modulators of immunosenescence: a critical evaluation.,autophagy-mitophagy,autophagy-mitophagy__recent_update_2026_09_mid,intake_pending_curation,retired_from_active_candidate_pool,topic_capacity_limit,,2026-09-13,Git history and prior public-data snapshots
pubmed-42678808,PubMed,42678808,10.1016/j.celrep.2026.117930,MGRN1 preserves transiently damaged mitochondria for antioxidant-mediated repair.,autophagy-mitophagy,autophagy-mitophagy__recent_update_2026_09_mid,intake_pending_curation,retired_from_active_candidate_pool,topic_capacity_limit,,2026-09-13,Git history and prior public-data snapshots
pubmed-42678960,PubMed,42678960,10.1371/journal.pgph.0007119,Multimorbidity and health-related quality of life after tuberculosis treatment in Zimbabwe: A cross-sectional study with household comparators.,blood-pressure-aging,blood-pressure-aging__recent_update_2026_09_mid,intake_pending_curation,retired_from_active_candidate_pool,topic_capacity_limit,,2026-09-13,Git history and prior public-data snapshots
pubmed-42679039,PubMed,42679039,10.1073/pnas.2603028123,YTHDF1-mediated m(6)A RNA regulation controls cardiomyocyte remodeling through KLF11-HIF1α.,physical-activity-healthspan,physical-activity-healthspan__recent_update_2026_09_mid,intake_pending_curation,retired_from_active_candidate_pool,topic_capacity_limit,,2026-09-13,Git history and prior public-data snapshots
pubmed-42679138,PubMed,42679138,10.5543/tkda.2026.70716,"Lipid Profiles, Angiographic Characteristics, and in-Hospital Outcomes in Adults Younger Than 45 Years with Myocardial Infarction.",ldl-apob-cardiovascular-risk,ldl-apob-cardiovascular-risk__recent_update_2026_09_mid,intake_pending_curation,retired_from_active_candidate_pool,topic_capacity_limit,,2026-09-13,Git history and prior public-data snapshots
pubmed-42679357,PubMed,42679357,10.1093/eschf/xvag216,New Evidence in Heart Failure: 2026 Update.,blood-pressure-aging,blood-pressure-aging__recent_update_2026_09_mid,intake_pending_curation,retired_from_active_candidate_pool,topic_capacity_limit,,2026-09-13,Git history and prior public-data snapshots
pubmed-42679410,PubMed,42679410,10.1016/j.gerinurse.2026.104269,The feasibility and efficacy of weighted blankets as a sleep intervention for people with behavioural and psychological symptoms of dementia: a pilot randomised crossover trial.,sleep-aging,sleep-aging__recent_update_2026_09_mid,intake_pending_curation,retired_from_active_candidate_pool,topic_capacity_limit,,2026-09-13,Git history and prior public-data snapshots
pubmed-42679726,PubMed,42679726,10.1016/j.jdiacomp.2026.109397,Effects of semaglutide and empagliflozin on markers of endothelial function in persons with type 2 diabetes: A post hoc analysis of a randomized clinical trial.,glp1-weight-cardiometabolic,glp1-weight-cardiometabolic__recent_update_2026_09_mid,intake_pending_curation,retired_from_active_candidate_pool,topic_capacity_limit,,2026-09-13,Git history and prior public-data snapshots
pubmed-42680071,PubMed,42680071,10.1016/j.arr.2026.103344,Targeting senescence-associated biomarkers: Emerging strategies for anti-ageing therapy.,epigenetic-clocks,epigenetic-clocks__recent_update_2026_09_mid,intake_pending_curation,retired_from_active_candidate_pool,topic_capacity_limit,,2026-09-13,Git history and prior public-data snapshots
pubmed-42680072,PubMed,42680072,10.1016/j.arr.2026.103349,The force-producing fraction: Muscle quality as a therapeutic target in sarcopenia and a design framework for trials that can test it.,physical-activity-healthspan,physical-activity-healthspan__recent_update_2026_09_mid,intake_pending_curation,retired_from_active_candidate_pool,topic_capacity_limit,,2026-09-13,Git history and prior public-data snapshots
pubmed-42680110,PubMed,42680110,10.1016/j.neuro.2026.103559,T-2 toxin disrupts Alzheimer's-relevant App/Tau homeostasis via circadian-p53-senescence crosstalk: Evidence from human neuroblastoma cells.,senolytics,senolytics__recent_update_2026_09_mid,intake_pending_curation,retired_from_active_candidate_pool,topic_capacity_limit,,2026-09-13,Git history and prior public-data snapshots
pubmed-42680170,PubMed,42680170,10.1080/08164622.2026.2725047,GLP-1 receptor agonist exposure and non-arteritic anterior ischaemic optic neuropathy: an illustrative case.,glp1-weight-cardiometabolic,glp1-weight-cardiometabolic__recent_update_2026_09_mid,intake_pending_curation,retired_from_active_candidate_pool,topic_capacity_limit,,2026-09-13,Git history and prior public-data snapshots
pubmed-42680187,PubMed,42680187,10.1111/jog.70483,The Landscape of Women's Health Podcasts: A Scoping Review.,physical-activity-healthspan,physical-activity-healthspan__recent_update_2026_09_mid,intake_pending_curation,retired_from_active_candidate_pool,topic_capacity_limit,,2026-09-13,Git history and prior public-data snapshots
pubmed-42680779,PubMed,42680779,10.1038/s43856-026-01758-5,Eating jetlag based on meal timing discrepancies and risk of cardiovascular disease using the prospective cohort NutriNet-Santé.,sleep-aging,sleep-aging__recent_update_2026_09_mid,intake_pending_curation,retired_from_active_candidate_pool,topic_capacity_limit,,2026-09-13,Git history and prior public-data snapshots
pubmed-42680805,PubMed,42680805,10.1038/s44324-026-00131-3,Higher semaglutide dose is associated with lower neuropsychiatric event incidence independent of weight loss.,glp1-weight-cardiometabolic,glp1-weight-cardiometabolic__recent_update_2026_09_mid,intake_pending_curation,retired_from_active_candidate_pool,topic_capacity_limit,,2026-09-13,Git history and prior public-data snapshots
pubmed-42680931,PubMed,42680931,10.1007/s10522-026-10489-y,Closing the gap in aging science: unlocking the potential of nanoparticles in senescence therapy.,senolytics,senolytics__recent_update_2026_09_mid,intake_pending_curation,retired_from_active_candidate_pool,topic_capacity_limit,,2026-09-13,Git history and prior public-data snapshots
pubmed-42680955,PubMed,42680955,10.1007/s11357-026-02500-8,"Frailty assessment in naturally aged mouse models: classification, limitations, and future directions.",resistance-training-muscle,resistance-training-muscle__recent_update_2026_09_mid,intake_pending_curation,retired_from_active_candidate_pool,topic_capacity_limit,,2026-09-13,Git history and prior public-data snapshots
pubmed-42681567,PubMed,42681567,10.1097/JSM.0000000000001461,Effects of Upper Extremity Strength Exercises in Subacromial Impingement Syndrome: A Systematic Review.,resistance-training-muscle,resistance-training-muscle__recent_update_2026_09_mid,intake_pending_curation,retired_from_active_candidate_pool,topic_capacity_limit,,2026-09-13,Git history and prior public-data snapshots
pubmed-42681597,PubMed,42681597,10.1097/CND.0000000000000571,Fatal Myocarditis Relapse in a Patient with Myasthenia Gravis Treated with Efgartigimod Alfa: A Case Report.,physical-activity-healthspan,physical-activity-healthspan__recent_update_2026_09_mid,intake_pending_curation,retired_from_active_candidate_pool,topic_capacity_limit,,2026-09-13,Git history and prior public-data snapshots
pubmed-42681675,PubMed,42681675,10.1186/s40842-026-00333-0,Cardiometabolic outcomes of once-weekly IcoSema in adults with type 2 diabetes: systematic review and meta-analysis of the COMBINE trials.,glp1-weight-cardiometabolic,glp1-weight-cardiometabolic__recent_update_2026_09_mid,intake_pending_curation,retired_from_active_candidate_pool,topic_capacity_limit,,2026-09-13,Git history and prior public-data snapshots
pubmed-42681751,PubMed,42681751,10.1111/dom.71277,"Incretin-Based Therapies as Cardiometabolic Interventions: Outcome Hierarchy, Receptor-Network Pharmacology and Phenotype-Based Clinical Positioning.",glp1-weight-cardiometabolic,glp1-weight-cardiometabolic__recent_update_2026_09_mid,intake_pending_curation,retired_from_active_candidate_pool,topic_capacity_limit,,2026-09-13,Git history and prior public-data snapshots
pubmed-42681820,PubMed,42681820,10.1113/EP093733,Microvascular endothelial function is blunted in postmenopausal females with frequent hot flushes.,blood-pressure-aging,blood-pressure-aging__recent_update_2026_09_mid,intake_pending_curation,retired_from_active_candidate_pool,topic_capacity_limit,,2026-09-13,Git history and prior public-data snapshots
pubmed-42681995,PubMed,42681995,10.1002/wjs.70563,Association of Whole Blood Transfusion With Survival Among Patients Achieving ROSC After Prehospital Traumatic Cardiac Arrest.,blood-pressure-aging,blood-pressure-aging__recent_update_2026_09_mid,intake_pending_curation,retired_from_active_candidate_pool,topic_capacity_limit,,2026-09-13,Git history and prior public-data snapshots
pubmed-42682013,PubMed,42682013,10.14814/phy2.71093,Sex differences in insulin resistance and associated metabolic and inflammatory markers among adults with and without HIV in Zambia.,blood-pressure-aging,blood-pressure-aging__recent_update_2026_09_mid,intake_pending_curation,retired_from_active_candidate_pool,topic_capacity_limit,,2026-09-13,Git history and prior public-data snapshots
pubmed-42682157,PubMed,42682157,10.23876/j.krcp.26.272,Incretin-based therapies in diabetic kidney disease: toward integrated cardio-kidney-metabolic disease modification.,glp1-weight-cardiometabolic,glp1-weight-cardiometabolic__recent_update_2026_09_mid,intake_pending_curation,retired_from_active_candidate_pool,topic_capacity_limit,,2026-09-13,Git history and prior public-data snapshots
pubmed-42682267,PubMed,42682267,10.5009/gnl260189,Multi-Database Pharmacovigilance Analysis of Gastroesophageal Reflux Disease Associated with GLP-1 Receptor Agonists: A Cross-National Signal Validation Study.,glp1-weight-cardiometabolic,glp1-weight-cardiometabolic__recent_update_2026_09_mid,intake_pending_curation,retired_from_active_candidate_pool,topic_capacity_limit,,2026-09-13,Git history and prior public-data snapshots
pubmed-42682659,PubMed,42682659,10.1007/s13167-026-00460-9,Dynamic reversibility of biological aging and risk of cardiovascular disease and stroke: a longitudinal cohort study.,epigenetic-clocks,epigenetic-clocks__recent_update_2026_09_mid,intake_pending_curation,retired_from_active_candidate_pool,topic_capacity_limit,,2026-09-13,Git history and prior public-data snapshots
pubmed-42682802,PubMed,42682802,10.1007/s10068-026-02265-y,Broccoli-licorice-passionflower blend improves mitochondrial function and exerts senotherapeutic effects.,senolytics,senolytics__recent_update_2026_09_mid,intake_pending_curation,retired_from_active_candidate_pool,topic_capacity_limit,,2026-09-13,Git history and prior public-data snapshots
pubmed-42682889,PubMed,42682889,10.1007/s10068-026-02255-0,Digital precision nutrition platform supporting healthy aging: a 12-week pilot study of multidomain physiological adaptation.,physical-activity-healthspan,physical-activity-healthspan__recent_update_2026_09_mid,intake_pending_curation,retired_from_active_candidate_pool,topic_capacity_limit,,2026-09-13,Git history and prior public-data snapshots
pubmed-42683049,PubMed,42683049,10.1002/osp4.70189,Patient-Reported Continuity of GLP-1 Receptor Agonist Therapy.,glp1-weight-cardiometabolic,glp1-weight-cardiometabolic__recent_update_2026_09_mid,intake_pending_curation,retired_from_active_candidate_pool,topic_capacity_limit,,2026-09-13,Git history and prior public-data snapshots
pubmed-42683541,PubMed,42683541,10.1097/BSD.0000000000002145,Investigating the Relationship Between Glucagon-Like Peptide-1 Receptor Agonist Use and Incidence of Vertebral Fractures in Female Patients Aged Over 50 Years With Osteoporosis: A Propensity-Matched Analysis.,glp1-weight-cardiometabolic,glp1-weight-cardiometabolic__recent_update_2026_09_mid,intake_pending_curation,retired_from_active_candidate_pool,topic_capacity_limit,,2026-09-13,Git history and prior public-data snapshots
pubmed-42683763,PubMed,42683763,10.1097/MNH.0000000000001225,Integrating the liver into the cardiovascular-kidney-metabolic syndrome: pathophysiology and therapeutic implications.,glp1-weight-cardiometabolic,glp1-weight-cardiometabolic__recent_update_2026_09_mid,intake_pending_curation,retired_from_active_candidate_pool,topic_capacity_limit,,2026-09-13,Git history and prior public-data snapshots
pubmed-42683814,PubMed,42683814,10.1097/MCP.0000000000001304,"Disparities in sleep-disordered breathing: epidemiology, mechanisms, and pathways toward equity- a narrative review.",sleep-aging,sleep-aging__recent_update_2026_09_mid,intake_pending_curation,retired_from_active_candidate_pool,topic_capacity_limit,,2026-09-13,Git history and prior public-data snapshots
pubmed-42683925,PubMed,42683925,10.1080/16549716.2026.2727758,Factors associated with self-reported mental health difficulties in Somalia: a national health and demographic survey analysis of populations aged 10 years and older.,blood-pressure-aging,blood-pressure-aging__recent_update_2026_09_mid,intake_pending_curation,retired_from_active_candidate_pool,topic_capacity_limit,,2026-09-13,Git history and prior public-data snapshots
pubmed-42683980,PubMed,42683980,10.4103/ijp.ijp_37_26,Pharmacological management of obesity: Current landscape and emerging therapies.,glp1-weight-cardiometabolic,glp1-weight-cardiometabolic__recent_update_2026_09_mid,intake_pending_curation,retired_from_active_candidate_pool,topic_capacity_limit,,2026-09-13,Git history and prior public-data snapshots
pubmed-42684188,PubMed,42684188,10.1515/sjpain-2026-0020,Continuous chronic back pain >1 year and incident cardiovascular disease in elderly men: results from the ULSAM-study.,physical-activity-healthspan,physical-activity-healthspan__recent_update_2026_09_mid,intake_pending_curation,retired_from_active_candidate_pool,topic_capacity_limit,,2026-09-13,Git history and prior public-data snapshots
pubmed-42684404,PubMed,42684404,10.1681/ASN.0000001230,Executive Summary of the ASN Kidney Health Guidance on the Cardiovascular‑Kidney‑Metabolic Syndrome.,resistance-training-muscle,resistance-training-muscle__recent_update_2026_09_mid,intake_pending_curation,retired_from_active_candidate_pool,topic_capacity_limit,,2026-09-13,Git history and prior public-data snapshots
pubmed-42684486,PubMed,42684486,10.1007/s10561-026-10249-9,Establishment of a novel human nervous system tissue bank: University of Debrecen tissue bank-introduction and retrospective data analysis.,blood-pressure-aging,blood-pressure-aging__recent_update_2026_09_mid,intake_pending_curation,retired_from_active_candidate_pool,topic_capacity_limit,,2026-09-13,Git history and prior public-data snapshots
pubmed-42684528,PubMed,42684528,10.1007/s11894-026-01055-0,"Metabolic Dysfunction-Associated Steatotic Liver Disease in the Aging Population: A Narrative Review of Pathophysiological Synergy, Diagnostic Challenges, and Tailored Management.",resistance-training-muscle,resistance-training-muscle__recent_update_2026_09_mid,intake_pending_curation,retired_from_active_candidate_pool,topic_capacity_limit,,2026-09-13,Git history and prior public-data snapshots
pubmed-42684633,PubMed,42684633,10.1007/s11357-026-02444-z,Muscle age acceleration shapes resting-state brain connectivity: an EEG study on older adults.,resistance-training-muscle,resistance-training-muscle__recent_update_2026_09_mid,intake_pending_curation,retired_from_active_candidate_pool,topic_capacity_limit,,2026-09-13,Git history and prior public-data snapshots
pubmed-42684833,PubMed,42684833,10.1556/2060.2026.00867,Poor sleep quality is associated with blunted baroreflex sensitivity during stress cardiovascular reactivity in older adults.,sleep-aging,sleep-aging__recent_update_2026_09_mid,intake_pending_curation,retired_from_active_candidate_pool,topic_capacity_limit,,2026-09-13,Git history and prior public-data snapshots
pubmed-42684972,PubMed,42684972,10.1159/ned/adwag025,"Early cognitive instability predicts persistent decline: a 10 year longitudinal study in a rural, low resource community.",sleep-aging,sleep-aging__recent_update_2026_09_mid,intake_pending_curation,retired_from_active_candidate_pool,topic_capacity_limit,,2026-09-13,Git history and prior public-data snapshots
pubmed-42685253,PubMed,42685253,10.1080/07853890.2026.2723681,The multiple composite risk index estimates the risks of sarcopenia and comorbidities: unveiling the role of oxidative balance score.,resistance-training-muscle,resistance-training-muscle__recent_update_2026_09_mid,intake_pending_curation,retired_from_active_candidate_pool,topic_capacity_limit,,2026-09-13,Git history and prior public-data snapshots
pubmed-42685255,PubMed,42685255,10.1213/ANE.0000000000008287,"Autonomic Vulnerability, Intraoperative Hypotension Burden, and Myocardial Injury After Noncardiac Surgery in Older Adults: A Propensity Score-Matched Retrospective Cohort Study.",blood-pressure-aging,blood-pressure-aging__recent_update_2026_09_mid,intake_pending_curation,retired_from_active_candidate_pool,topic_capacity_limit,,2026-09-13,Git history and prior public-data snapshots
pubmed-42685642,PubMed,42685642,10.1016/j.gerinurse.2026.104321,Digital access and frailty in older adults: A moderated mediation model of digital literacy and social support.,resistance-training-muscle,resistance-training-muscle__recent_update_2026_09_mid,intake_pending_curation,retired_from_active_candidate_pool,topic_capacity_limit,,2026-09-13,Git history and prior public-data snapshots
pubmed-42685819,PubMed,42685819,10.1016/j.metabol.2026.156758,Brca1 heterozygosity leads to hepatic steatosis in male and female mice despite sexually dimorphic effects on systemic metabolism.,glp1-weight-cardiometabolic,glp1-weight-cardiometabolic__recent_update_2026_09_mid,intake_pending_curation,retired_from_active_candidate_pool,topic_capacity_limit,,2026-09-13,Git history and prior public-data snapshots
pubmed-42685870,PubMed,42685870,10.1016/j.exger.2026.113303,Age-related disruptions in ubiquitination and mitochondrial proteostasis are associated with neuronal compartment-specific mitochondrial changes.,autophagy-mitophagy,autophagy-mitophagy__recent_update_2026_09_mid,intake_pending_curation,retired_from_active_candidate_pool,topic_capacity_limit,,2026-09-13,Git history and prior public-data snapshots
pubmed-42685919,PubMed,42685919,10.1016/j.clindermatol.2026.08.013,Where the Future Lies: GLP-1 Receptor Agonists as Therapeutics for Dermatologic Comorbidities.,,glp1-weight-cardiometabolic__recent_update_2026_09_mid,intake_pending_curation,retired_from_active_candidate_pool,duplicate_record,pubmed-42727867,2026-09-13,Git history and prior public-data snapshots
pubmed-42685971,PubMed,42685971,10.1016/j.amjms.2026.08.026,Comprehensive Geriatric Assessment in Older Adults with Rheumatoid Arthritis: A Pilot Cross-Sectional Study.,resistance-training-muscle,resistance-training-muscle__recent_update_2026_09_mid,intake_pending_curation,retired_from_active_candidate_pool,topic_capacity_limit,,2026-09-13,Git history and prior public-data snapshots
pubmed-42686035,PubMed,42686035,10.1016/j.arr.2026.103346,Learning muscle-health trajectories in ageing: Towards AI-guided organ chips.,resistance-training-muscle,resistance-training-muscle__recent_update_2026_09_mid,intake_pending_curation,retired_from_active_candidate_pool,topic_capacity_limit,,2026-09-13,Git history and prior public-data snapshots
pubmed-42686450,PubMed,42686450,10.1016/j.anorl.2026.08.005,Limitations of the Apnea-Hypopnea Index in pediatric obstructive sleep apnea. A critical review: Toward a multiparametric approach.,sleep-aging,sleep-aging__recent_update_2026_09_mid,intake_pending_curation,retired_from_active_candidate_pool,topic_capacity_limit,,2026-09-13,Git history and prior public-data snapshots
pubmed-42686460,PubMed,42686460,10.1016/j.gerinurse.2026.104197,Independent and joint associations of sleep and 24-Hour rest-activity rhythms with reduced kidney function in older adults.,sleep-aging,sleep-aging__recent_update_2026_09_mid,intake_pending_curation,retired_from_active_candidate_pool,topic_capacity_limit,,2026-09-13,Git history and prior public-data snapshots
pubmed-42686639,PubMed,42686639,10.1111/jgs.70694,Identifying Factors Associated With Prolonged Hospitalizations for Community-Dwelling Veterans Living With Dementia.,resistance-training-muscle,resistance-training-muscle__recent_update_2026_09_mid,intake_pending_curation,retired_from_active_candidate_pool,topic_capacity_limit,,2026-09-13,Git history and prior public-data snapshots
pubmed-42686826,PubMed,42686826,10.1038/s41598-026-57340-5,Sex-specific physical activity thresholds influencing muscle function in older adults with XX genotype of ACTN3 R577X.,resistance-training-muscle,resistance-training-muscle__recent_update_2026_09_mid,intake_pending_curation,retired_from_active_candidate_pool,topic_capacity_limit,,2026-09-13,Git history and prior public-data snapshots
pubmed-42686883,PubMed,42686883,10.1007/s00586-026-10339-y,Osteoporotic thoracolumbar fractures: age-modified Osteoporotic Fracture-based treatment decisions and length of hospital stay in elderly patients - a prospective single-centre cohort study.,resistance-training-muscle,resistance-training-muscle__recent_update_2026_09_mid,intake_pending_curation,retired_from_active_candidate_pool,topic_capacity_limit,,2026-09-13,Git history and prior public-data snapshots
pubmed-42686906,PubMed,42686906,10.1038/s41586-026-10940-7,Late-life semaglutide treatment slows ageing and extends lifespan in female mice.,glp1-weight-cardiometabolic,glp1-weight-cardiometabolic__recent_update_2026_09_mid,intake_pending_curation,retired_from_active_candidate_pool,topic_capacity_limit,,2026-09-13,Git history and prior public-data snapshots
pubmed-42687002,PubMed,42687002,10.1038/s41366-026-02201-4,From measured BMI to documented obesity in hospitalized adults: a decade-long analysis and implications for cardiometabolic care.,ldl-apob-cardiovascular-risk,ldl-apob-cardiovascular-risk__recent_update_2026_09_mid,intake_pending_curation,retired_from_active_candidate_pool,topic_capacity_limit,,2026-09-13,Git history and prior public-data snapshots
pubmed-42687024,PubMed,42687024,10.1038/s41586-026-10672-8,Current therapeutic landscape and future treatment perspectives of MASH.,glp1-weight-cardiometabolic,glp1-weight-cardiometabolic__recent_update_2026_09_mid,intake_pending_curation,retired_from_active_candidate_pool,topic_capacity_limit,,2026-09-13,Git history and prior public-data snapshots
pubmed-42687069,PubMed,42687069,10.1007/s11095-026-04185-2,"Semaglutide Bioavailability: Limitations, Formulation Innovation and Future Opportunities.",glp1-weight-cardiometabolic,glp1-weight-cardiometabolic__recent_update_2026_09_mid,intake_pending_curation,retired_from_active_candidate_pool,topic_capacity_limit,,2026-09-13,Git history and prior public-data snapshots
pubmed-42687351,PubMed,42687351,10.12659/MSM.953354,Trends in Comorbidities and Fatalities Among First-Time Hepatitis B Hospitalizations in Poland (2012-2023).,blood-pressure-aging,blood-pressure-aging__recent_update_2026_09_mid,intake_pending_curation,retired_from_active_candidate_pool,topic_capacity_limit,,2026-09-13,Git history and prior public-data snapshots
pubmed-42687632,PubMed,42687632,10.1177/15209156261485635,Optimizing Continuous Glucose Monitoring for Older Adults with Diabetes: From Clinical Evidence to a Practical Implementation Pathway.,resistance-training-muscle,resistance-training-muscle__recent_update_2026_09_mid,intake_pending_curation,retired_from_active_candidate_pool,topic_capacity_limit,,2026-09-13,Git history and prior public-data snapshots
pubmed-42687647,PubMed,42687647,10.4235/agmr.26.0059,"Health dimensions and sex differences in frailty among nursing home residents: a cross-sectional study in Bilbao, Spain.",resistance-training-muscle,resistance-training-muscle__recent_update_2026_09_mid,intake_pending_curation,retired_from_active_candidate_pool,topic_capacity_limit,,2026-09-13,Git history and prior public-data snapshots
pubmed-42687799,PubMed,42687799,10.1111/dom.71303,Postmarketing Safety Signals and Medication-Use Risks of GLP-1-Based Therapies in Diabetes and Obesity: A Multi-Source Pharmacovigilance and Regulatory Evidence-Mapping Study.,glp1-weight-cardiometabolic,glp1-weight-cardiometabolic__recent_update_2026_09_mid,intake_pending_curation,retired_from_active_candidate_pool,topic_capacity_limit,,2026-09-13,Git history and prior public-data snapshots
pubmed-42687813,PubMed,42687813,10.1111/1756-185x.70853,Cross-Sectional and Longitudinal Association Between Biological Aging Acceleration and the Risk of Osteoarthritis: A Cohort Study From UK Biobank.,epigenetic-clocks,epigenetic-clocks__recent_update_2026_09_mid,intake_pending_curation,retired_from_active_candidate_pool,topic_capacity_limit,,2026-09-13,Git history and prior public-data snapshots
pubmed-42688757,PubMed,42688757,10.22540/JFSF-11-263,"Co-Production of A Culturally Tailored Sarcopenia Screening Programme for Older Adults in Luton, UK: A Mixed-Methods Feasibility Study Protocol.",physical-activity-healthspan,physical-activity-healthspan__recent_update_2026_09_mid,intake_pending_curation,retired_from_active_candidate_pool,non_result_publication_title,,2026-09-13,Git history and prior public-data snapshots
pubmed-42688805,PubMed,42688805,10.30476/dentjods.2025.105421.2595,Interleukin-37 Serum Levels in Oral Squamous Cell Carcinoma.,microbiome-inflammaging,microbiome-inflammaging__recent_update_2026_09_mid,intake_pending_curation,retired_from_active_candidate_pool,topic_capacity_limit,,2026-09-13,Git history and prior public-data snapshots
pubmed-42689016,PubMed,42689016,10.1002/agm2.70105,Expert Consensus on the Management of Obesity in Older Adults (2026 Edition).,resistance-training-muscle,resistance-training-muscle__recent_update_2026_09_mid,intake_pending_curation,retired_from_active_candidate_pool,topic_capacity_limit,,2026-09-13,Git history and prior public-data snapshots
pubmed-42689252,PubMed,42689252,10.1093/sexmed/qfag075,Age at first sexual intercourse and frailty: Mendelian randomization and population-based evidence from NHANES and UK Biobank.,resistance-training-muscle,resistance-training-muscle__recent_update_2026_09_mid,intake_pending_curation,retired_from_active_candidate_pool,topic_capacity_limit,,2026-09-13,Git history and prior public-data snapshots
pubmed-42689261,PubMed,42689261,10.1002/agm2.70101,"Association Between Hair Cortisol, Sarcopenia, and Sarcopenic Obesity: Results From the ELSA-Brasil Study.",resistance-training-muscle,resistance-training-muscle__recent_update_2026_09_mid,intake_pending_curation,retired_from_active_candidate_pool,topic_capacity_limit,,2026-09-13,Git history and prior public-data snapshots
pubmed-42689520,PubMed,42689520,10.1002/jgm.70109,Lysosomal Dysfunction Is Associated With Intervertebral Disc Degeneration: Multiomics and Machine Learning Identify Molecular Subtypes and Hub Genes.,autophagy-mitophagy,autophagy-mitophagy__recent_update_2026_09_mid,intake_pending_curation,retired_from_active_candidate_pool,topic_capacity_limit,,2026-09-13,Git history and prior public-data snapshots
pubmed-42690112,PubMed,42690112,10.4103/sjkdt.sjkdt_188_26,Chronic Dehydration in Older Adults: A Silent Threat to Healthy Aging.,physical-activity-healthspan,physical-activity-healthspan__recent_update_2026_09_mid,intake_pending_curation,retired_from_active_candidate_pool,topic_capacity_limit,,2026-09-13,Git history and prior public-data snapshots
pubmed-42690129,PubMed,42690129,10.2340/17453674.2026.46368,Association of treatment method with mortality and functional outcome in patients with displaced femoral neck fracture: a cohort study of 60-69-year-old patients from the Swedish Hip Fracture Register.,physical-activity-healthspan,physical-activity-healthspan__recent_update_2026_09_mid,intake_pending_curation,retired_from_active_candidate_pool,topic_capacity_limit,,2026-09-13,Git history and prior public-data snapshots
pubmed-42690440,PubMed,42690440,10.1007/s00415-026-14102-7,Insomnia symptoms and stress exposure interact in relation to Alzheimer's disease biomarkers.,sleep-aging,sleep-aging__recent_update_2026_09_mid,intake_pending_curation,retired_from_active_candidate_pool,topic_capacity_limit,,2026-09-13,Git history and prior public-data snapshots
pubmed-42690443,PubMed,42690443,10.1007/s00391-026-02637-3,[Long lie: development of a definition using the Delphi method].,resistance-training-muscle,resistance-training-muscle__recent_update_2026_09_mid,intake_pending_curation,retired_from_active_candidate_pool,topic_capacity_limit,,2026-09-13,Git history and prior public-data snapshots
pubmed-42690451,PubMed,42690451,10.1007/s10522-026-10502-4,Stress biology and metabolic ageing in older adults during prolonged crises: Ukraine as an example.,resistance-training-muscle,resistance-training-muscle__recent_update_2026_09_mid,intake_pending_curation,retired_from_active_candidate_pool,topic_capacity_limit,,2026-09-13,Git history and prior public-data snapshots
pubmed-42690550,PubMed,42690550,10.1007/s13679-026-00749-w,Emerging Topics In Obesity Treatment in the Setting of Organ Transplantation.,glp1-weight-cardiometabolic,glp1-weight-cardiometabolic__recent_update_2026_09_mid,intake_pending_curation,retired_from_active_candidate_pool,topic_capacity_limit,,2026-09-13,Git history and prior public-data snapshots
pubmed-42690639,PubMed,42690639,10.1001/jamaoto.2026.2266,Glucagon-Like Peptide-1 Receptor Agonists for Obstructive Sleep Apnea: A Review.,sleep-aging,sleep-aging__recent_update_2026_09_mid,intake_pending_curation,retired_from_active_candidate_pool,topic_capacity_limit,,2026-09-13,Git history and prior public-data snapshots
pubmed-42690722,PubMed,42690722,10.1080/03007995.2026.2727202,From insulin resistance to incretin receptor agonism in the prevention of type 2 diabetes mellitus in obese individuals.,glp1-weight-cardiometabolic,glp1-weight-cardiometabolic__recent_update_2026_09_mid,intake_pending_curation,retired_from_active_candidate_pool,topic_capacity_limit,,2026-09-13,Git history and prior public-data snapshots
pubmed-42690762,PubMed,42690762,10.1177/13872877261481093,Associations between sleep and cognition among middle-aged and older adults in Europe.,sleep-aging,sleep-aging__recent_update_2026_09_mid,intake_pending_curation,retired_from_active_candidate_pool,topic_capacity_limit,,2026-09-13,Git history and prior public-data snapshots
pubmed-42691325,PubMed,42691325,10.1097/AOG.0000000000006418,The Cardiometabolic Effects of Menopause.,blood-pressure-aging,blood-pressure-aging__recent_update_2026_09_mid,intake_pending_curation,retired_from_active_candidate_pool,topic_capacity_limit,,2026-09-13,Git history and prior public-data snapshots
pubmed-42691774,PubMed,42691774,10.1016/j.archger.2026.106397,Longitudinal changes in oral function and their associations with frailty status and out-of-home activity in community-dwelling older adults.,resistance-training-muscle,resistance-training-muscle__recent_update_2026_09_mid,intake_pending_curation,retired_from_active_candidate_pool,topic_capacity_limit,,2026-09-13,Git history and prior public-data snapshots
pubmed-42691806,PubMed,42691806,10.1016/j.jamda.2026.106436,Choose Home: Initial Evaluation of a Novel Home-Based Care Program After Subacute Rehabilitation.,resistance-training-muscle,resistance-training-muscle__recent_update_2026_09_mid,intake_pending_curation,retired_from_active_candidate_pool,topic_capacity_limit,,2026-09-13,Git history and prior public-data snapshots
pubmed-42691837,PubMed,42691837,10.1016/j.ecoenv.2026.120736,Acute and chronic toxicity of nitrate to the stygobiont amphipods Niphargus inopinatus and N. grandii.,microbiome-inflammaging,microbiome-inflammaging__recent_update_2026_09_mid,intake_pending_curation,retired_from_active_candidate_pool,topic_capacity_limit,,2026-09-13,Git history and prior public-data snapshots
pubmed-42691928,PubMed,42691928,10.1016/j.gerinurse.2026.104350,Development and validation of a machine learning-based diagnostic prediction model for frailty in older adults with diabetes.,resistance-training-muscle,resistance-training-muscle__recent_update_2026_09_mid,intake_pending_curation,retired_from_active_candidate_pool,topic_capacity_limit,,2026-09-13,Git history and prior public-data snapshots
pubmed-42692129,PubMed,42692129,10.1016/j.amjcard.2026.08.023,"Mitral Annular Calcification as a Marker of the HFpEF Phenotype: The Interplay of Cardiac Remodeling, Age, and Sex.",blood-pressure-aging,blood-pressure-aging__recent_update_2026_09_mid,intake_pending_curation,retired_from_active_candidate_pool,topic_capacity_limit,,2026-09-13,Git history and prior public-data snapshots
pubmed-42692145,PubMed,42692145,10.1016/j.molmet.2026.102436,Beyond weight loss: Disentangling the direct effects of semaglutide vs equivalent calorie restriction on reproductive systems of male and female rats.,glp1-weight-cardiometabolic,glp1-weight-cardiometabolic__recent_update_2026_09_mid,intake_pending_curation,retired_from_active_candidate_pool,topic_capacity_limit,,2026-09-13,Git history and prior public-data snapshots
pubmed-42692227,PubMed,42692227,10.1016/j.actbio.2026.09.009,Applications and challenges of stage-specific microenvironment-responsive hydrogels for myocardial infarction.,microbiome-inflammaging,microbiome-inflammaging__recent_update_2026_09_mid,intake_pending_curation,retired_from_active_candidate_pool,topic_capacity_limit,,2026-09-13,Git history and prior public-data snapshots
pubmed-42692265,PubMed,42692265,10.1016/j.spinee.2026.08.003,Evaluation of 2D and 3D Measurements of Cervical Sarcopenia and Outcomes in Patients with Acute Type II Odontoid Fractures: A Single-Institution Retrospective Cohort Analysis.,resistance-training-muscle,resistance-training-muscle__recent_update_2026_09_mid,intake_pending_curation,retired_from_active_candidate_pool,topic_capacity_limit,,2026-09-13,Git history and prior public-data snapshots
pubmed-42692277,PubMed,42692277,10.1016/j.clindermatol.2026.08.012,Glucagon-like Peptide-1 Receptor Agonist-Associated Injection Site and Dermatologic Reactions.,glp1-weight-cardiometabolic,glp1-weight-cardiometabolic__recent_update_2026_09_mid,intake_pending_curation,retired_from_active_candidate_pool,topic_capacity_limit,,2026-09-13,Git history and prior public-data snapshots
pubmed-42692381,PubMed,42692381,10.1016/j.neubiorev.2026.106942,Criminal legal system contact and markers of biological aging: A systematic review.,epigenetic-clocks,epigenetic-clocks__recent_update_2026_09_mid,intake_pending_curation,retired_from_active_candidate_pool,topic_capacity_limit,,2026-09-13,Git history and prior public-data snapshots
pubmed-42692442,PubMed,42692442,10.3961/jpmph.26.543,Physical Inactivity and Non-communicable Disease Burden in ASEAN: A 12-Year Panel Analysis Using Structural Equation Modelling and Machine Learning Projections.,physical-activity-healthspan,physical-activity-healthspan__recent_update_2026_09_mid,intake_pending_curation,retired_from_active_candidate_pool,topic_capacity_limit,,2026-09-13,Git history and prior public-data snapshots
pubmed-42692452,PubMed,42692452,10.31128/AJGP-03-26-8068,"Lipoprotein(a): Actionable today, treatable tomorrow?",ldl-apob-cardiovascular-risk,ldl-apob-cardiovascular-risk__recent_update_2026_09_mid,intake_pending_curation,retired_from_active_candidate_pool,topic_capacity_limit,,2026-09-13,Git history and prior public-data snapshots
pubmed-42692477,PubMed,42692477,10.1542/peds.2026-077048,Trends in GLP-1 Receptor Agonist Prescriptions for Children Ages 8 to 11 With Obesity: 2019-2026.,glp1-weight-cardiometabolic,glp1-weight-cardiometabolic__recent_update_2026_09_mid,intake_pending_curation,retired_from_active_candidate_pool,topic_capacity_limit,,2026-09-13,Git history and prior public-data snapshots
pubmed-42692499,PubMed,42692499,10.1136/bmjopen-2026-117339,"Developing culturally appropriate physical activity promotion strategies for older Chinese adults in the UK: an evidence-based, theory-based and person-based intervention development study.",resistance-training-muscle,resistance-training-muscle__recent_update_2026_09_mid,intake_pending_curation,retired_from_active_candidate_pool,topic_capacity_limit,,2026-09-13,Git history and prior public-data snapshots
pubmed-42692503,PubMed,42692503,10.1136/bmjopen-2026-119948,Effect of yoga-based lifestyle intervention on endothelial function and vascular ageing in adults with type 2 diabetes: a study protocol for a randomised controlled (Yoga V-AgE) trial.,physical-activity-healthspan,physical-activity-healthspan__recent_update_2026_09_mid,intake_pending_curation,retired_from_active_candidate_pool,non_result_publication_title,,2026-09-13,Git history and prior public-data snapshots
pubmed-42692515,PubMed,42692515,10.1136/bmjopen-2026-124273,"Prospective evaluation of real-world safety, symptoms improvement and adherence to mavacamten among Iranian patients with hypertrophic obstructive cardiomyopathy (PERSIA-HOCM): protocol of a multicentre observational study.",cardiorespiratory-fitness,cardiorespiratory-fitness__recent_update_2026_09_mid,intake_pending_curation,retired_from_active_candidate_pool,topic_capacity_limit,,2026-09-13,Git history and prior public-data snapshots
pubmed-42692525,PubMed,42692525,10.1136/bmjopen-2026-122368,Mapping longitudinal evidence on multidimensional frailty among community-dwelling older adults: protocol for a scoping review.,resistance-training-muscle,resistance-training-muscle__recent_update_2026_09_mid,intake_pending_curation,retired_from_active_candidate_pool,topic_capacity_limit,,2026-09-13,Git history and prior public-data snapshots
pubmed-42692791,PubMed,42692791,10.1021/acsami.6c10999,Mechanical Regulation of Transient Receptor Potential Vanilloid 4 Function in Aging and Cardiovasculature Disease.,microbiome-inflammaging,microbiome-inflammaging__recent_update_2026_09_mid,intake_pending_curation,retired_from_active_candidate_pool,topic_capacity_limit,,2026-09-13,Git history and prior public-data snapshots
pubmed-42692941,PubMed,42692941,10.1016/j.semnephrol.2026.151720,"Acute Kidney Injury-to-Chronic Kidney Disease Transition: Clinical Evidence, Pathophysiologic Mechanisms, and Emerging Role of Traditional Chinese Medicine.",microbiome-inflammaging,microbiome-inflammaging__recent_update_2026_09_mid,intake_pending_curation,retired_from_active_candidate_pool,topic_capacity_limit,,2026-09-13,Git history and prior public-data snapshots
pubmed-42693099,PubMed,42693099,10.1177/02601060261483849,Antioxidant status and dehydroepiandrosterone sulfate in aging: Evidence from MIDUS 3 biomarkers cohort.,sleep-aging,sleep-aging__recent_update_2026_09_mid,intake_pending_curation,retired_from_active_candidate_pool,topic_capacity_limit,,2026-09-13,Git history and prior public-data snapshots
pubmed-42693261,PubMed,42693261,10.1038/s41440-026-02793-4,Long-term outcomes associated with continued use of ARBs versus CCBs in older adults: a landmark cohort study.,blood-pressure-aging,blood-pressure-aging__recent_update_2026_09_mid,intake_pending_curation,retired_from_active_candidate_pool,topic_capacity_limit,,2026-09-13,Git history and prior public-data snapshots
pubmed-42693435,PubMed,42693435,10.1186/s12933-026-03349-z,"Evaluative performance of triglyceride-glucose-frailty index versus surrogate insulin resistance indices for advanced cardiovascular-kidney-metabolic syndrome, cardiometabolic multimorbidity, and mortality: the role of estimated glomerular filtration rate.",resistance-training-muscle,resistance-training-muscle__recent_update_2026_09_mid,intake_pending_curation,retired_from_active_candidate_pool,topic_capacity_limit,,2026-09-13,Git history and prior public-data snapshots
pubmed-42693520,PubMed,42693520,10.1097/CRD.0000000000001464,Menopausal Hormone Therapy and Cardiovascular Risk: Current Evidence and Treatment Recommendations.,blood-pressure-aging,blood-pressure-aging__recent_update_2026_09_mid,intake_pending_curation,retired_from_active_candidate_pool,topic_capacity_limit,,2026-09-13,Git history and prior public-data snapshots
pubmed-42693608,PubMed,42693608,10.1093/jleuko/qiag121,"Intoxication, Inflamm-aging, and Injury: My Journey through Leukocyte Biology.",microbiome-inflammaging,microbiome-inflammaging__recent_update_2026_09_mid,intake_pending_curation,retired_from_active_candidate_pool,topic_capacity_limit,,2026-09-13,Git history and prior public-data snapshots
pubmed-42693636,PubMed,42693636,10.1177/02676591261485086,Hospital frailty risk score and 90-day mortality in patients receiving venoarterial extracorporeal membrane oxygenation.,resistance-training-muscle,resistance-training-muscle__recent_update_2026_09_mid,intake_pending_curation,retired_from_active_candidate_pool,topic_capacity_limit,,2026-09-13,Git history and prior public-data snapshots
pubmed-42693889,PubMed,42693889,10.1080/17474124.2026.2729331,The role of calf circumference in the measurement of sarcopenia in cirrhosis: a narrative review.,resistance-training-muscle,resistance-training-muscle__recent_update_2026_09_mid,intake_pending_curation,retired_from_active_candidate_pool,topic_capacity_limit,,2026-09-13,Git history and prior public-data snapshots
pubmed-42693935,PubMed,42693935,10.1093/ajrccm/aamag452,Beyond Event Frequency: Respiratory Effort Reveals Mortality Risk in Obstructive Sleep Apnea.,sleep-aging,sleep-aging__recent_update_2026_09_mid,intake_pending_curation,retired_from_active_candidate_pool,topic_capacity_limit,,2026-09-13,Git history and prior public-data snapshots
pubmed-42694012,PubMed,42694012,10.3290/j.ohpd.c_2807,Association of Subjective Oral Status and Oral Health Behaviours With a History of Systemic Disease Among Community-Dwelling Older Adults.,blood-pressure-aging,blood-pressure-aging__recent_update_2026_09_mid,intake_pending_curation,retired_from_active_candidate_pool,topic_capacity_limit,,2026-09-13,Git history and prior public-data snapshots
pubmed-42694045,PubMed,42694045,10.26603/001c.167449,Calcific Patellar Tendinopathy. A Case Report Integrating Diagnostic Ultrasound Throughout a Multi-Modal Treatment Approach.,resistance-training-muscle,resistance-training-muscle__recent_update_2026_09_mid,intake_pending_curation,retired_from_active_candidate_pool,topic_capacity_limit,,2026-09-13,Git history and prior public-data snapshots
pubmed-42694263,PubMed,42694263,10.1177/2050313X261486164,Patulous Eustachian tube dysfunction following rapid weight loss associated with semaglutide use: A case report.,glp1-weight-cardiometabolic,glp1-weight-cardiometabolic__recent_update_2026_09_mid,intake_pending_curation,retired_from_active_candidate_pool,topic_capacity_limit,,2026-09-13,Git history and prior public-data snapshots
pubmed-42694274,PubMed,42694274,10.1177/21514593261487222,Frailty and Time-To-Theatre for Elderly Hip Fracture Patients at a Regional Hospital in Australia: A Retrospective Cohort Study.,resistance-training-muscle,resistance-training-muscle__recent_update_2026_09_mid,intake_pending_curation,retired_from_active_candidate_pool,topic_capacity_limit,,2026-09-13,Git history and prior public-data snapshots
pubmed-42695028,PubMed,42695028,10.1155/da/6154705,Child-To-Adult Body Size Change and Risk of Depression and Anxiety: A Large Prospective Cohort Study.,blood-pressure-aging,blood-pressure-aging__recent_update_2026_09_mid,intake_pending_curation,retired_from_active_candidate_pool,topic_capacity_limit,,2026-09-13,Git history and prior public-data snapshots
pubmed-42695140,PubMed,42695140,10.1177/15209156261486127,Adjunctive Treatments for Patients with Type 1 Diabetes Using Automated Insulin Delivery Systems. A Narrative Review.,glp1-weight-cardiometabolic,glp1-weight-cardiometabolic__recent_update_2026_09_mid,intake_pending_curation,retired_from_active_candidate_pool,topic_capacity_limit,,2026-09-13,Git history and prior public-data snapshots
pubmed-42695375,PubMed,42695375,10.1002/ecy.70477,Soil microbial effects on tree seedling performance during forest secondary succession.,microbiome-inflammaging,microbiome-inflammaging__recent_update_2026_09_mid,intake_pending_curation,retired_from_active_candidate_pool,topic_capacity_limit,,2026-09-13,Git history and prior public-data snapshots
pubmed-42695484,PubMed,42695484,10.1111/acel.70702,Akkermansia muciniphila and Its Bioactive Derivatives: Emerging Regulators of Healthy Aging.,microbiome-inflammaging,microbiome-inflammaging__recent_update_2026_09_mid,intake_pending_curation,retired_from_active_candidate_pool,topic_capacity_limit,,2026-09-13,Git history and prior public-data snapshots
pubmed-42695667,PubMed,42695667,10.1080/17425255.2026.2725922,Preventing drug interactions with antiretrovirals in the aging HIV population: focusing on population pharmacokinetic modeling.,microbiome-inflammaging,microbiome-inflammaging__recent_update_2026_09_mid,intake_pending_curation,retired_from_active_candidate_pool,topic_capacity_limit,,2026-09-13,Git history and prior public-data snapshots
pubmed-42695875,PubMed,42695875,10.1021/acs.jproteome.5c00919,Omics Profiling of Patients with Obstructive Sleep Apnoea Reveals Risks of Diabetes Mellitus and Cardiovascular Diseases.,sleep-aging,sleep-aging__recent_update_2026_09_mid,intake_pending_curation,retired_from_active_candidate_pool,topic_capacity_limit,,2026-09-13,Git history and prior public-data snapshots
pubmed-42695888,PubMed,42695888,10.1021/acs.jproteome.6c00467,Plasma Proteomic Profiling of Comorbid and Noncomorbid COVID-19 Patients in ICU.,blood-pressure-aging,blood-pressure-aging__recent_update_2026_09_mid,intake_pending_curation,retired_from_active_candidate_pool,topic_capacity_limit,,2026-09-13,Git history and prior public-data snapshots
pubmed-42696028,PubMed,42696028,10.1093/eurjpc/zwag462,Lifestyle phenotypes associated with sudden cardiac arrest in the community: a multicentre case-control study.,sleep-aging,sleep-aging__recent_update_2026_09_mid,intake_pending_curation,retired_from_active_candidate_pool,topic_capacity_limit,,2026-09-13,Git history and prior public-data snapshots
pubmed-42696125,PubMed,42696125,10.1007/s00296-026-06292-0,Handgrip strength relative to age- and sex-specific reference values in hospitalised patients with highly active rheumatoid arthritis: a single-centre cross-sectional study.,resistance-training-muscle,resistance-training-muscle__recent_update_2026_09_mid,intake_pending_curation,retired_from_active_candidate_pool,topic_capacity_limit,,2026-09-13,Git history and prior public-data snapshots
pubmed-42696146,PubMed,42696146,10.1080/19490976.2026.2725371,Nutritional regulation of gut-brain immune crosstalk across the lifespan.,microbiome-inflammaging,microbiome-inflammaging__recent_update_2026_09_mid,intake_pending_curation,retired_from_active_candidate_pool,topic_capacity_limit,,2026-09-13,Git history and prior public-data snapshots
pubmed-42696147,PubMed,42696147,10.1007/s00421-026-06413-4,The nuts and bolts of excitation-contraction coupling in skeletal muscle.,resistance-training-muscle,resistance-training-muscle__recent_update_2026_09_mid,intake_pending_curation,retired_from_active_candidate_pool,topic_capacity_limit,,2026-09-13,Git history and prior public-data snapshots
pubmed-42696191,PubMed,42696191,10.1007/s11883-026-01456-6,Oral Incretin-Based Therapies for Weight Management.,glp1-weight-cardiometabolic,glp1-weight-cardiometabolic__recent_update_2026_09_mid,intake_pending_curation,retired_from_active_candidate_pool,topic_capacity_limit,,2026-09-13,Git history and prior public-data snapshots
pubmed-42696244,PubMed,42696244,10.1007/s11845-026-04599-2,Physical fitness and pulmonary function in adolescents with idiopathic scoliosis: a comparative study with healthy peers.,resistance-training-muscle,resistance-training-muscle__recent_update_2026_09_mid,intake_pending_curation,retired_from_active_candidate_pool,topic_capacity_limit,,2026-09-13,Git history and prior public-data snapshots
pubmed-42696378,PubMed,42696378,10.1177/02601060261485350,Association between the global leadership initiative on malnutrition criteria-defined malnutrition and hospitalization-associated disability in older patients: An observational cohort study.,resistance-training-muscle,resistance-training-muscle__recent_update_2026_09_mid,intake_pending_curation,retired_from_active_candidate_pool,topic_capacity_limit,,2026-09-13,Git history and prior public-data snapshots
pubmed-42696446,PubMed,42696446,10.1016/j.tjfa.2026.100184,Effect of seated aerobic exercise on physical endurance in long-term care recipients: secondary analysis of a cluster non-randomized controlled trial.,resistance-training-muscle,resistance-training-muscle__recent_update_2026_09_mid,intake_pending_curation,retired_from_active_candidate_pool,topic_capacity_limit,,2026-09-13,Git history and prior public-data snapshots
pubmed-42696447,PubMed,42696447,10.1016/j.tjfa.2026.100195,"Higher cystatin C, but not creatinine, predicts frailty risk in individuals with normal kidney function.",resistance-training-muscle,resistance-training-muscle__recent_update_2026_09_mid,intake_pending_curation,retired_from_active_candidate_pool,topic_capacity_limit,,2026-09-13,Git history and prior public-data snapshots
pubmed-42696448,PubMed,42696448,10.1016/j.tjfa.2026.100194,Association of plasma growth differentiation factor-15 with the frailty phenotype - Evidence from the COGFRAIL study.,resistance-training-muscle,resistance-training-muscle__recent_update_2026_09_mid,intake_pending_curation,retired_from_active_candidate_pool,topic_capacity_limit,,2026-09-13,Git history and prior public-data snapshots
pubmed-42696449,PubMed,42696449,10.1016/j.tjfa.2026.100201,Fat-free mass index and apixaban exposure in frail hospitalized older adults: An exploratory study.,resistance-training-muscle,resistance-training-muscle__recent_update_2026_09_mid,intake_pending_curation,retired_from_active_candidate_pool,topic_capacity_limit,,2026-09-13,Git history and prior public-data snapshots
pubmed-42696451,PubMed,42696451,10.1016/j.tjfa.2026.100188,Intrinsic capacity and self-perceived health among home-dwelling older adults: The HUNT study.,resistance-training-muscle,resistance-training-muscle__recent_update_2026_09_mid,intake_pending_curation,retired_from_active_candidate_pool,topic_capacity_limit,,2026-09-13,Git history and prior public-data snapshots
pubmed-42696494,PubMed,42696494,10.2196/93638,Nursing Process Data for Health Care Cost Prediction Using Machine Learning: Longitudinal Study.,resistance-training-muscle,resistance-training-muscle__recent_update_2026_09_mid,intake_pending_curation,retired_from_active_candidate_pool,topic_capacity_limit,,2026-09-13,Git history and prior public-data snapshots
pubmed-42696500,PubMed,42696500,10.2196/90009,Evaluation of a Consumer Wearable Smartwatch for Cardiac Interval Measurement in Healthy Adults: Cross-Sectional Method Comparison Study.,physical-activity-healthspan,physical-activity-healthspan__recent_update_2026_09_mid,intake_pending_curation,retired_from_active_candidate_pool,topic_capacity_limit,,2026-09-13,Git history and prior public-data snapshots
pubmed-42696521,PubMed,42696521,10.1080/25787489.2026.2725472,Subclinical cardiovascular risk among adolescents with HIV in Tanzania: the role of sleep behaviour and antiretroviral regimen on arterial stiffness.,sleep-aging,sleep-aging__recent_update_2026_09_mid,intake_pending_curation,retired_from_active_candidate_pool,topic_capacity_limit,,2026-09-13,Git history and prior public-data snapshots
pubmed-42696581,PubMed,42696581,10.1126/sciadv.aeb4011,Impaired liver-muscle lactate metabolism causes sarcopenia via lactic acidosis in skeletal muscle in mice.,resistance-training-muscle,resistance-training-muscle__recent_update_2026_09_mid,intake_pending_curation,retired_from_active_candidate_pool,topic_capacity_limit,,2026-09-13,Git history and prior public-data snapshots
pubmed-42696641,PubMed,42696641,10.1093/ageing/afag259,Effects of the 'ReacStep' training program on balance recovery and fall risk factors in older people: an assessor-blinded randomised controlled trial.,resistance-training-muscle,resistance-training-muscle__recent_update_2026_09_mid,intake_pending_curation,retired_from_active_candidate_pool,topic_capacity_limit,,2026-09-13,Git history and prior public-data snapshots
pubmed-42696642,PubMed,42696642,10.1093/ageing/afag262,Frailty index deficit interchangeability: an empirical test using random survival forests in adults with cardiovascular disease.,resistance-training-muscle,resistance-training-muscle__recent_update_2026_09_mid,intake_pending_curation,retired_from_active_candidate_pool,topic_capacity_limit,,2026-09-13,Git history and prior public-data snapshots
pubmed-42696807,PubMed,42696807,10.1016/j.jamda.2026.106450,"Predicting Mobility and Functional Recovery After Hip Fracture With Handgrip Strength, Calf Circumference, and the SARC-F Questionnaire.",resistance-training-muscle,resistance-training-muscle__recent_update_2026_09_mid,intake_pending_curation,retired_from_active_candidate_pool,topic_capacity_limit,,2026-09-13,Git history and prior public-data snapshots
pubmed-42696829,PubMed,42696829,10.1016/j.jss.2026.08.004,Receipt of Preventive Care and Health Promotion Counseling in Early Stage Breast Cancer Survivors.,physical-activity-healthspan,physical-activity-healthspan__recent_update_2026_09_mid,intake_pending_curation,retired_from_active_candidate_pool,topic_capacity_limit,,2026-09-13,Git history and prior public-data snapshots
pubmed-42696840,PubMed,42696840,10.1016/j.atherosclerosis.2026.121898,Prediabetes: Impact on cardiovascular risk and emerging therapeutic strategies.,physical-activity-healthspan,physical-activity-healthspan__recent_update_2026_09_mid,intake_pending_curation,retired_from_active_candidate_pool,topic_capacity_limit,,2026-09-13,Git history and prior public-data snapshots
pubmed-42696868,PubMed,42696868,10.1016/j.maturitas.2026.109102,"Comprehensive geriatric assessment in older women with breast cancer: frailty, nutritional vulnerability and impact on treatment decision-making.",resistance-training-muscle,resistance-training-muscle__recent_update_2026_09_mid,intake_pending_curation,retired_from_active_candidate_pool,topic_capacity_limit,,2026-09-13,Git history and prior public-data snapshots
pubmed-42696955,PubMed,42696955,10.1016/j.thromres.2026.109824,OPtimal TIming for Reperfusion in Acute Pulmonary Embolism: Rationale and design of the OPTIRAPE registry.,physical-activity-healthspan,physical-activity-healthspan__recent_update_2026_09_mid,intake_pending_curation,retired_from_active_candidate_pool,topic_capacity_limit,,2026-09-13,Git history and prior public-data snapshots
pubmed-42696970,PubMed,42696970,10.1016/j.autneu.2026.103480,Methyldopa for hyperadrenergic postural orthostatic tachycardia syndrome: A case series of five patients.,sleep-aging,sleep-aging__recent_update_2026_09_mid,intake_pending_curation,retired_from_active_candidate_pool,topic_capacity_limit,,2026-09-13,Git history and prior public-data snapshots
pubmed-42697069,PubMed,42697069,10.1016/j.hrtlng.2026.102930,"Mechanisms, outcomes, and management of heart failure-associated dysphagia: a scoping review - revised marked.",resistance-training-muscle,resistance-training-muscle__recent_update_2026_09_mid,intake_pending_curation,retired_from_active_candidate_pool,topic_capacity_limit,,2026-09-13,Git history and prior public-data snapshots
pubmed-42697164,PubMed,42697164,10.1016/j.currproblcancer.2026.101334,Predictors of change in cognitive function for patients with cancer treated with allogeneic hematopoietic cell transplant.,resistance-training-muscle,resistance-training-muscle__recent_update_2026_09_mid,intake_pending_curation,retired_from_active_candidate_pool,topic_capacity_limit,,2026-09-13,Git history and prior public-data snapshots
pubmed-42697174,PubMed,42697174,10.1016/j.jnha.2026.100967,Impact of frailty phenotype on chronic disease accumulation and healthy life years lost: A multi-state analysis of the UK Biobank.,resistance-training-muscle,resistance-training-muscle__recent_update_2026_09_mid,intake_pending_curation,retired_from_active_candidate_pool,topic_capacity_limit,,2026-09-13,Git history and prior public-data snapshots
pubmed-42697176,PubMed,42697176,10.1016/j.tjpad.2026.100666,Integrating frailty into decision-making for disease-modifying therapies in Alzheimer's disease: a proposed expert-opinion based approach.,resistance-training-muscle,resistance-training-muscle__recent_update_2026_09_mid,intake_pending_curation,retired_from_active_candidate_pool,topic_capacity_limit,,2026-09-13,Git history and prior public-data snapshots
pubmed-42697203,PubMed,42697203,10.1016/j.xcrm.2026.103023,"Emerging role of GLP-1 mono, dual, and triple agonists in the management of MASH-related fibrosis.",glp1-weight-cardiometabolic,glp1-weight-cardiometabolic__recent_update_2026_09_mid,intake_pending_curation,retired_from_active_candidate_pool,topic_capacity_limit,,2026-09-13,Git history and prior public-data snapshots
pubmed-42697206,PubMed,42697206,10.1055/a-2928-5204,Recent Advances in Glucagon-Like Peptide-1 Receptor and Melanocortin-4 Receptor Agonists for the Treatment of Obesity and Type 2 Diabetes.,glp1-weight-cardiometabolic,glp1-weight-cardiometabolic__recent_update_2026_09_mid,intake_pending_curation,retired_from_active_candidate_pool,topic_capacity_limit,,2026-09-13,Git history and prior public-data snapshots
pubmed-42697281,PubMed,42697281,10.1016/j.brainresbull.2026.112103,Effects of intrinsic aerobic capacity on an isometric forelimb resistance exercise task and bulbar motor function in aging rats.,resistance-training-muscle,resistance-training-muscle__recent_update_2026_09_mid,intake_pending_curation,retired_from_active_candidate_pool,topic_capacity_limit,,2026-09-13,Git history and prior public-data snapshots
pubmed-42697335,PubMed,42697335,10.1016/j.arr.2026.103359,Targeting the mitochondrial functional network: Decoding upstream pathological mechanisms and novel therapeutic paradigms for Alzheimer's disease.,autophagy-mitophagy,autophagy-mitophagy__recent_update_2026_09_mid,intake_pending_curation,retired_from_active_candidate_pool,topic_capacity_limit,,2026-09-13,Git history and prior public-data snapshots
pubmed-42697418,PubMed,42697418,10.1016/j.phrs.2026.108432,Therapeutic targeting of tauopathies: From druggable biology to precision intervention.,autophagy-mitophagy,autophagy-mitophagy__recent_update_2026_09_mid,intake_pending_curation,retired_from_active_candidate_pool,topic_capacity_limit,,2026-09-13,Git history and prior public-data snapshots
pubmed-42697445,PubMed,42697445,10.1016/j.exger.2026.113312,Endocannabinoid system dysregulation in non-communicable diseases: implications for skeletal muscle health.,physical-activity-healthspan,physical-activity-healthspan__recent_update_2026_09_mid,intake_pending_curation,retired_from_active_candidate_pool,topic_capacity_limit,,2026-09-13,Git history and prior public-data snapshots
pubmed-42697482,PubMed,42697482,10.1016/j.jcjd.2026.08.185,Historical Gaps in Kidney and Cardiovascular Risk Assessment Among Patients with Diabetes and Hypertension: A Real-World Primary Care Study.,ldl-apob-cardiovascular-risk,ldl-apob-cardiovascular-risk__recent_update_2026_09_mid,intake_pending_curation,retired_from_active_candidate_pool,topic_capacity_limit,,2026-09-13,Git history and prior public-data snapshots
pubmed-42697499,PubMed,42697499,10.1016/j.jep.2026.122345,Synaptic remodeling and functional recovery: Huan Le Ning decoction mitigates perimenopausal anxiety and depression symptoms via hippocampal reorganization.,senolytics,senolytics__recent_update_2026_09_mid,intake_pending_curation,retired_from_active_candidate_pool,topic_capacity_limit,,2026-09-13,Git history and prior public-data snapshots
pubmed-42697579,PubMed,42697579,10.1136/bmjopen-2025-114566,Large-scale multiethnic electronic health record resource for diabetes complications research: the North West London Diabetes Cohort (NWLDC) - cohort profile.,blood-pressure-aging,blood-pressure-aging__recent_update_2026_09_mid,intake_pending_curation,retired_from_active_candidate_pool,topic_capacity_limit,,2026-09-13,Git history and prior public-data snapshots
pubmed-42697780,PubMed,42697780,10.1016/j.jfma.2026.08.056,Prevalence and one-year transition of sarcopenic obesity in Taiwan - using new definition from Asia-Oceania sarcopenic obesity consensus.,resistance-training-muscle,resistance-training-muscle__recent_update_2026_09_mid,intake_pending_curation,retired_from_active_candidate_pool,topic_capacity_limit,,2026-09-13,Git history and prior public-data snapshots
pubmed-42698062,PubMed,42698062,10.1007/s41999-026-01601-z,Associations of malnutrition and hydration status with cognitive frailty in older adults.,resistance-training-muscle,resistance-training-muscle__recent_update_2026_09_mid,intake_pending_curation,retired_from_active_candidate_pool,topic_capacity_limit,,2026-09-13,Git history and prior public-data snapshots
pubmed-42698192,PubMed,42698192,10.12659/AJCR.953812,Isolated Psychiatric Presentation of Cerebral Venous Thrombosis in a Patient Without Risk Factors: A Diagnostic Challenge.,sleep-aging,sleep-aging__recent_update_2026_09_mid,intake_pending_curation,retired_from_active_candidate_pool,topic_capacity_limit,,2026-09-13,Git history and prior public-data snapshots
pubmed-42698473,PubMed,42698473,10.1016/j.jccase.2026.05.006,Silent post-infarction ventricular septal rupture obscured by apical thrombus formation: A case report.,physical-activity-healthspan,physical-activity-healthspan__recent_update_2026_09_mid,intake_pending_curation,retired_from_active_candidate_pool,topic_capacity_limit,,2026-09-13,Git history and prior public-data snapshots
pubmed-42698699,PubMed,42698699,10.1177/11795441261481095,Associated Determinants of Sexual Dysfunctions in Non-Specific Low Back Pain Patients in Cameroon: A Cross-Sectional Study.,resistance-training-muscle,resistance-training-muscle__recent_update_2026_09_mid,intake_pending_curation,retired_from_active_candidate_pool,topic_capacity_limit,,2026-09-13,Git history and prior public-data snapshots
pubmed-42698893,PubMed,42698893,10.7759/cureus.115745,Sense of Coherence and Its Association With Adherence to Continuous Positive Airway Pressure (CPAP) Therapy in Patients With Obstructive Sleep Apnoea.,sleep-aging,sleep-aging__recent_update_2026_09_mid,intake_pending_curation,retired_from_active_candidate_pool,topic_capacity_limit,,2026-09-13,Git history and prior public-data snapshots
pubmed-42699277,PubMed,42699277,10.1016/j.bbrep.2026.102753,Mechanism of FXR signaling: from liver inflammation to hepatocellular carcinoma.,senolytics,senolytics__recent_update_2026_09_mid,intake_pending_curation,retired_from_active_candidate_pool,topic_capacity_limit,,2026-09-13,Git history and prior public-data snapshots
pubmed-42699646,PubMed,42699646,10.5334/gh.1582,"Association of Sleep Duration, Metabolic Markers, and Risk of All-Cause and Cause-Specific Mortality in China and the UK.",sleep-aging,sleep-aging__recent_update_2026_09_mid,intake_pending_curation,retired_from_active_candidate_pool,topic_capacity_limit,,2026-09-13,Git history and prior public-data snapshots
pubmed-42700003,PubMed,42700003,10.1097/MD.0000000000050392,Clinical and CT features of patients with pneumatosis intestinalis: A retrospective single-center study.,blood-pressure-aging,blood-pressure-aging__recent_update_2026_09_mid,intake_pending_curation,retired_from_active_candidate_pool,topic_capacity_limit,,2026-09-13,Git history and prior public-data snapshots
pubmed-42700007,PubMed,42700007,10.1097/MD.0000000000050524,Over-hydration as a key modifiable predictor of obstructive sleep apnea severity in dialysis patients with daytime sleepiness.,sleep-aging,sleep-aging__recent_update_2026_09_mid,intake_pending_curation,retired_from_active_candidate_pool,topic_capacity_limit,,2026-09-13,Git history and prior public-data snapshots
pubmed-42700009,PubMed,42700009,10.1097/MD.0000000000050070,Clinical challenges and individualized management of hypertensive emergency complicated by acute ischemic stroke: A case report and literature review.,blood-pressure-aging,blood-pressure-aging__recent_update_2026_09_mid,intake_pending_curation,retired_from_active_candidate_pool,topic_capacity_limit,,2026-09-13,Git history and prior public-data snapshots
pubmed-42700073,PubMed,42700073,10.1097/MD.0000000000050315,"Pre-frailty and frailty as independent predictors of mortality in U.S. breast cancer survivors: Evidence from the national health interview survey, 1997 to 2018: Frailty and all-cause mortality.",resistance-training-muscle,resistance-training-muscle__recent_update_2026_09_mid,intake_pending_curation,retired_from_active_candidate_pool,topic_capacity_limit,,2026-09-13,Git history and prior public-data snapshots
pubmed-42700085,PubMed,42700085,10.1097/MD.0000000000050605,Case report: Tirzepatide-responsive refractory diabetes mellitus in an adult female with prader-willi syndrome.,glp1-weight-cardiometabolic,glp1-weight-cardiometabolic__recent_update_2026_09_mid,intake_pending_curation,retired_from_active_candidate_pool,topic_capacity_limit,,2026-09-13,Git history and prior public-data snapshots
pubmed-42700192,PubMed,42700192,10.1007/s10143-026-04475-8,Survivorship analysis of laminectomy with or without fusion for spinal stenosis or degenerative spondylolisthesis: a national retrospective cohort study.,resistance-training-muscle,resistance-training-muscle__recent_update_2026_09_mid,intake_pending_curation,retired_from_active_candidate_pool,topic_capacity_limit,,2026-09-13,Git history and prior public-data snapshots
pubmed-42700218,PubMed,42700218,10.1007/s11427-025-3398-8,Single-cell multi-omics dissects transcript isoform and immune repertoire dynamics in human immunosenescence.,microbiome-inflammaging,microbiome-inflammaging__recent_update_2026_09_mid,intake_pending_curation,retired_from_active_candidate_pool,topic_capacity_limit,,2026-09-13,Git history and prior public-data snapshots
pubmed-42700278,PubMed,42700278,10.1007/s10072-026-09344-2,"Global burden of subarachnoid hemorrhage in young adults, 1990-2021: disparities, risk factors, and projections to 2050.",blood-pressure-aging,blood-pressure-aging__recent_update_2026_09_mid,intake_pending_curation,retired_from_active_candidate_pool,topic_capacity_limit,,2026-09-13,Git history and prior public-data snapshots
pubmed-42700332,PubMed,42700332,10.1007/s11064-026-04889-2,"Strain-Specific Cognitive and Neurobiological Vulnerabilities to Social Isolation in Late Middle-Aged Wistar, Wistar-Kyoto, and Spontaneously Hypertensive Rats.",blood-pressure-aging,blood-pressure-aging__recent_update_2026_09_mid,intake_pending_curation,retired_from_active_candidate_pool,topic_capacity_limit,,2026-09-13,Git history and prior public-data snapshots
pubmed-42700391,PubMed,42700391,10.1016/j.tjfa.2026.100196,Components and classification of frailty and palliative care.,resistance-training-muscle,resistance-training-muscle__recent_update_2026_09_mid,intake_pending_curation,retired_from_active_candidate_pool,topic_capacity_limit,,2026-09-13,Git history and prior public-data snapshots
pubmed-42700561,PubMed,42700561,10.1016/j.jclinane.2026.112310,Cognitive impairment influences perioperative quality of life in older surgical patients: A multicenter longitudinal study.,resistance-training-muscle,resistance-training-muscle__recent_update_2026_09_mid,intake_pending_curation,retired_from_active_candidate_pool,topic_capacity_limit,,2026-09-13,Git history and prior public-data snapshots
pubmed-42700590,PubMed,42700590,10.1016/j.sleep.2026.109247,Longitudinal NODDI-DTI assessment of brain recovery following CPAP in obstructive sleep apnea: Tissue-compartment changes in white and gray matter.,sleep-aging,sleep-aging__recent_update_2026_09_mid,intake_pending_curation,retired_from_active_candidate_pool,topic_capacity_limit,,2026-09-13,Git history and prior public-data snapshots
pubmed-42700707,PubMed,42700707,10.1016/j.prp.2026.156682,Association of myocardial injury with adverse long-term survival among patients with sarcopenia.,resistance-training-muscle,resistance-training-muscle__recent_update_2026_09_mid,intake_pending_curation,retired_from_active_candidate_pool,topic_capacity_limit,,2026-09-13,Git history and prior public-data snapshots
pubmed-42700817,PubMed,42700817,10.1016/j.tjnut.2026.101822,Long-Term Vegetarian and Vegan Diets in Older Adults Are Associated With Inadequate Intakes of Protein and Micronutrients.,physical-activity-healthspan,physical-activity-healthspan__recent_update_2026_09_mid,intake_pending_curation,retired_from_active_candidate_pool,topic_capacity_limit,,2026-09-13,Git history and prior public-data snapshots
pubmed-42700862,PubMed,42700862,10.1016/j.cct.2026.108465,Effects of resistance training for external snapping hip: protocol for a randomized controlled trial.,resistance-training-muscle,resistance-training-muscle__recent_update_2026_09_mid,intake_pending_curation,retired_from_active_candidate_pool,topic_capacity_limit,,2026-09-13,Git history and prior public-data snapshots
pubmed-42700866,PubMed,42700866,10.1016/j.arr.2026.103352,Mitochondria-endoplasmic reticulum contact sites (MERCS/MAM): Multi-layered upstream regulators of microglial senescence in Alzheimer's disease.,senolytics,senolytics__recent_update_2026_09_mid,intake_pending_curation,retired_from_active_candidate_pool,topic_capacity_limit,,2026-09-13,Git history and prior public-data snapshots
pubmed-42700869,PubMed,42700869,10.1016/j.arr.2026.103353,Postbiotics as a Therapeutic Target in Cognitive Impairment: Exploring into Molecular Pathways and Neuroprotective Effects.,microbiome-inflammaging,microbiome-inflammaging__recent_update_2026_09_mid,intake_pending_curation,retired_from_active_candidate_pool,topic_capacity_limit,,2026-09-13,Git history and prior public-data snapshots
pubmed-42700874,PubMed,42700874,10.1016/j.bbadis.2026.168451,Circular RNAs and SIRT1 in post-transcriptional regulation and human disease.,autophagy-mitophagy,autophagy-mitophagy__recent_update_2026_09_mid,intake_pending_curation,retired_from_active_candidate_pool,topic_capacity_limit,,2026-09-13,Git history and prior public-data snapshots
pubmed-42701071,PubMed,42701071,10.1016/j.ultrasmedbio.2026.08.002,Diaphragm Ultrasound: State-of-the-Art Review.,resistance-training-muscle,resistance-training-muscle__recent_update_2026_09_mid,intake_pending_curation,retired_from_active_candidate_pool,topic_capacity_limit,,2026-09-13,Git history and prior public-data snapshots
pubmed-42701149,PubMed,42701149,10.1007/s11357-026-02514-2,Longitudinal infection trajectories and biological aging acceleration in adults: a prospective cohort study.,epigenetic-clocks,epigenetic-clocks__recent_update_2026_09_mid,intake_pending_curation,retired_from_active_candidate_pool,topic_capacity_limit,,2026-09-13,Git history and prior public-data snapshots
pubmed-42701161,PubMed,42701161,10.1038/s41390-026-05417-2,Epigenetic programming in bronchopulmonary dysplasia: a framework linking early-life exposures to persistent lung disease-a narrative review.,microbiome-inflammaging,microbiome-inflammaging__recent_update_2026_09_mid,intake_pending_curation,retired_from_active_candidate_pool,topic_capacity_limit,,2026-09-13,Git history and prior public-data snapshots
pubmed-42701317,PubMed,42701317,10.1210/clinem/dgag361,Approach to the Patient: Diagnosis and Management of Cushing's Syndrome in the Elderly - How Different Is It?,resistance-training-muscle,resistance-training-muscle__recent_update_2026_09_mid,intake_pending_curation,retired_from_active_candidate_pool,topic_capacity_limit,,2026-09-13,Git history and prior public-data snapshots
pubmed-42701321,PubMed,42701321,10.1080/10408398.2026.2728287,Non-hormonal strategies for menopausal health: the role of phytoestrogens.,microbiome-inflammaging,microbiome-inflammaging__recent_update_2026_09_mid,intake_pending_curation,retired_from_active_candidate_pool,topic_capacity_limit,,2026-09-13,Git history and prior public-data snapshots
pubmed-42701351,PubMed,42701351,10.1002/jgh3.70466,The Evolution of Medications for Obesity Management.,glp1-weight-cardiometabolic,glp1-weight-cardiometabolic__recent_update_2026_09_mid,intake_pending_curation,retired_from_active_candidate_pool,topic_capacity_limit,,2026-09-13,Git history and prior public-data snapshots
pubmed-42701547,PubMed,42701547,10.1016/j.mbm.2026.100208,From biomechanical mechanisms to clinical reasoning: Deciphering mechanobiological drivers of aortic valve calcification for precision therapy.,blood-pressure-aging,blood-pressure-aging__recent_update_2026_09_mid,intake_pending_curation,retired_from_active_candidate_pool,topic_capacity_limit,,2026-09-13,Git history and prior public-data snapshots
pubmed-42701778,PubMed,42701778,10.2147/IJWH.S613820,Clinical and Metabolic Factors Associated with Comorbidities of Thyroid and Breast Diseases in Women Aged 25-55 Years.,blood-pressure-aging,blood-pressure-aging__recent_update_2026_09_mid,intake_pending_curation,retired_from_active_candidate_pool,topic_capacity_limit,,2026-09-13,Git history and prior public-data snapshots
pubmed-42701800,PubMed,42701800,10.2147/VHRM.S623354,"Public Awareness of Stroke Risk Factors, Warning Symptoms, Prevention Measures, and Stroke Management Among Adults in Two Major Cities in Yemen: A Cross-Sectional Study.",blood-pressure-aging,blood-pressure-aging__recent_update_2026_09_mid,intake_pending_curation,retired_from_active_candidate_pool,topic_capacity_limit,,2026-09-13,Git history and prior public-data snapshots
pubmed-42701914,PubMed,42701914,10.1007/s00420-026-02233-3,"Shift work, accelerated biological aging and mortality risk in US adults: a national prospective cohort study.",epigenetic-clocks,epigenetic-clocks__recent_update_2026_09_mid,intake_pending_curation,retired_from_active_candidate_pool,topic_capacity_limit,,2026-09-13,Git history and prior public-data snapshots
pubmed-42701941,PubMed,42701941,10.1007/s40292-026-00819-z,Lean Mass Reduction During Glucagon-like Peptide-1 Receptor Agonists-Induced Weight Loss: Rethinking Its Clinical Significance.,resistance-training-muscle,resistance-training-muscle__recent_update_2026_09_mid,intake_pending_curation,retired_from_active_candidate_pool,topic_capacity_limit,,2026-09-13,Git history and prior public-data snapshots
pubmed-42701956,PubMed,42701956,10.1007/s12094-026-04483-6,Cancer risk and mortality assessment in the overweight population: evaluation of single and integrated models based on inflammatory markers.,microbiome-inflammaging,microbiome-inflammaging__recent_update_2026_09_mid,intake_pending_curation,retired_from_active_candidate_pool,topic_capacity_limit,,2026-09-13,Git history and prior public-data snapshots
pubmed-42702293,PubMed,42702293,10.1016/j.arr.2026.103355,"Vascular frailty: A new paradigm linking biological aging, gero-nephrology, and vascular medicine.",resistance-training-muscle,resistance-training-muscle__recent_update_2026_09_mid,intake_pending_curation,retired_from_active_candidate_pool,topic_capacity_limit,,2026-09-13,Git history and prior public-data snapshots
pubmed-42702341,PubMed,42702341,10.1016/j.phrs.2026.108440,HIF-1 plays a dual regulatory role in hippocampal neuronal PANoptosis in Alzheimer's disease via the HK2/VDAC1/NLRP3 axis and RIPK3 signaling.,glp1-weight-cardiometabolic,glp1-weight-cardiometabolic__recent_update_2026_09_mid,intake_pending_curation,retired_from_active_candidate_pool,topic_capacity_limit,,2026-09-13,Git history and prior public-data snapshots
pubmed-42702559,PubMed,42702559,10.5387/fms.26-00008,The impact of motor function deterioration on swallowing function in older adults: a narrative review.,resistance-training-muscle,resistance-training-muscle__recent_update_2026_09_mid,intake_pending_curation,retired_from_active_candidate_pool,topic_capacity_limit,,2026-09-13,Git history and prior public-data snapshots
pubmed-42702562,PubMed,42702562,10.2188/jea.JE20260157,"Descriptive Epidemiology of solitary death (kodokushi) in Tokyo's 23 wards, Japan, 2016-2023.",blood-pressure-aging,blood-pressure-aging__recent_update_2026_09_mid,intake_pending_curation,retired_from_active_candidate_pool,topic_capacity_limit,,2026-09-13,Git history and prior public-data snapshots
pubmed-42702586,PubMed,42702586,10.1080/10937404.2026.2727613,Risk factors for frailty in aging: from sex and gender and genetic determinants to the exposome.,resistance-training-muscle,resistance-training-muscle__recent_update_2026_09_mid,intake_pending_curation,retired_from_active_candidate_pool,topic_capacity_limit,,2026-09-13,Git history and prior public-data snapshots
pubmed-42702735,PubMed,42702735,10.1111/idh.70163,Rethinking Dental Hygiene Practice: Home-Based Oral Health Care for Older Adults With Complex Care Needs.,resistance-training-muscle,resistance-training-muscle__recent_update_2026_09_mid,intake_pending_curation,retired_from_active_candidate_pool,topic_capacity_limit,,2026-09-13,Git history and prior public-data snapshots
pubmed-42702807,PubMed,42702807,10.1093/cvr/cvag197,Vascular smooth muscle cell-derived osteoprotegerin drives pulmonary arterial hypertension via AKT activation and is attenuated by monoclonal antibody therapy.,autophagy-mitophagy,autophagy-mitophagy__recent_update_2026_09_mid,intake_pending_curation,retired_from_active_candidate_pool,topic_capacity_limit,,2026-09-13,Git history and prior public-data snapshots
pubmed-42703003,PubMed,42703003,10.1080/08923973.2026.2731357,Improvement of post-COVID-19 vaccination dysautonomia with GLP-1 receptor agonist.,glp1-weight-cardiometabolic,glp1-weight-cardiometabolic__recent_update_2026_09_mid,intake_pending_curation,retired_from_active_candidate_pool,topic_capacity_limit,,2026-09-13,Git history and prior public-data snapshots
pubmed-42703057,PubMed,42703057,10.1080/0886022X.2026.2723684,Underdocumentation of laboratory-defined acute kidney injury in internal medicine wards: a retrospective cohort study.,blood-pressure-aging,blood-pressure-aging__recent_update_2026_09_mid,intake_pending_curation,retired_from_active_candidate_pool,topic_capacity_limit,,2026-09-13,Git history and prior public-data snapshots
pubmed-42703211,PubMed,42703211,10.1007/s40653-026-00860-z,Adverse Childhood Experiences: Biological Signatures of Stress.,microbiome-inflammaging,microbiome-inflammaging__recent_update_2026_09_mid,intake_pending_curation,retired_from_active_candidate_pool,topic_capacity_limit,,2026-09-13,Git history and prior public-data snapshots
pubmed-42703386,PubMed,42703386,10.2147/CIA.S624555,Selection of an Appropriate Tool for Assessing Geriatric Frailty in Clinical Practice: A Narrative Review.,resistance-training-muscle,resistance-training-muscle__recent_update_2026_09_mid,intake_pending_curation,retired_from_active_candidate_pool,topic_capacity_limit,,2026-09-13,Git history and prior public-data snapshots
pubmed-42703476,PubMed,42703476,10.21037/jgo-2026-0335,"Global, regional, and national burden of colorectal cancer attributable to modifiable risk factors, 1990-2021: a systematic analysis for the Global Burden of Disease Study 2021.",physical-activity-healthspan,physical-activity-healthspan__recent_update_2026_09_mid,intake_pending_curation,retired_from_active_candidate_pool,topic_capacity_limit,,2026-09-13,Git history and prior public-data snapshots
pubmed-42703559,PubMed,42703559,10.2147/COPD.S636134,Global Research Landscape and Clinical Hotspots in COPD-OSA Overlap Syndrome: A Bibliometric and Visualization Analysis.,sleep-aging,sleep-aging__recent_update_2026_09_mid,intake_pending_curation,retired_from_active_candidate_pool,topic_capacity_limit,,2026-09-13,Git history and prior public-data snapshots
pubmed-42704037,PubMed,42704037,10.2478/raon-2026-0044,Does age have an impact on surgical and oncologic outcomes after curative resection for gastric cancer: a ten-year single-centre retrospective study.,epigenetic-clocks,epigenetic-clocks__recent_update_2026_09_mid,intake_pending_curation,retired_from_active_candidate_pool,topic_capacity_limit,,2026-09-13,Git history and prior public-data snapshots
pubmed-42704039,PubMed,42704039,10.2478/raon-2026-0046,Analysis of the effects of individualized nutrition and physical activities on body composition during the treatment of breast cancer patients.,resistance-training-muscle,resistance-training-muscle__recent_update_2026_09_mid,intake_pending_curation,retired_from_active_candidate_pool,topic_capacity_limit,,2026-09-13,Git history and prior public-data snapshots
pubmed-42704260,PubMed,42704260,10.1093/ageing/afag264,Standing strong and tall-improving mobility and balance in older Aboriginal people through the Ironbark program.,physical-activity-healthspan,physical-activity-healthspan__recent_update_2026_09_mid,intake_pending_curation,retired_from_active_candidate_pool,topic_capacity_limit,,2026-09-13,Git history and prior public-data snapshots
pubmed-42704433,PubMed,42704433,10.1007/s00391-026-02646-2,"Interprofessional geriatric competencies in the DACH region (Germany, Austria and Switzerland) : Insights from a multinational multilingual open online survey.",resistance-training-muscle,resistance-training-muscle__recent_update_2026_09_mid,intake_pending_curation,retired_from_active_candidate_pool,topic_capacity_limit,,2026-09-13,Git history and prior public-data snapshots
pubmed-42704465,PubMed,42704465,10.1007/s00405-026-10552-x,Linking disease severity and mortality in obstructive sleep apnea: the role of the endothelial activation and stress index.,sleep-aging,sleep-aging__recent_update_2026_09_mid,intake_pending_curation,retired_from_active_candidate_pool,topic_capacity_limit,,2026-09-13,Git history and prior public-data snapshots
pubmed-42704495,PubMed,42704495,10.1007/s00415-026-14127-y,GLP-1 receptor agonists vs DPP-4 inhibitors and neuropathic complications in type 2 diabetes.,glp1-weight-cardiometabolic,glp1-weight-cardiometabolic__recent_update_2026_09_mid,intake_pending_curation,retired_from_active_candidate_pool,topic_capacity_limit,,2026-09-13,Git history and prior public-data snapshots
pubmed-42704602,PubMed,42704602,10.1007/s40266-026-01321-w,"Influence of Ageing on the Pharmacology, Efficacy and Safety of Oral Targeted Therapies for Inflammatory Bowel Disease: Focus on Janus Kinase (JAK) Inhibitors and Sphingosine-1-Phosphate (S1P) Receptor Modulators.",resistance-training-muscle,resistance-training-muscle__recent_update_2026_09_mid,intake_pending_curation,retired_from_active_candidate_pool,topic_capacity_limit,,2026-09-13,Git history and prior public-data snapshots
pubmed-42704752,PubMed,42704752,10.1159/kbr/adjag007,Cumulative Vascular Burden: The Prognostic Value of a Time-Weighted Cardio-Ankle Vascular Index in Haemodialysis Patients.,blood-pressure-aging,blood-pressure-aging__recent_update_2026_09_mid,intake_pending_curation,retired_from_active_candidate_pool,topic_capacity_limit,,2026-09-13,Git history and prior public-data snapshots
pubmed-42704817,PubMed,42704817,10.1097/BRS.0000000000005857,Paraspinal Muscle Quality and Functional Outcome After Lumbar Spinal Stenosis Surgery.,resistance-training-muscle,resistance-training-muscle__recent_update_2026_09_mid,intake_pending_curation,retired_from_active_candidate_pool,topic_capacity_limit,,2026-09-13,Git history and prior public-data snapshots
pubmed-42704893,PubMed,42704893,10.1097/BRS.0000000000005859,Optimization is a Moving Target: A Continuous Modifiable Frailty Index (o-ASD-FI) Reflecting Optimization Prior to Complex Adult Spinal Deformity (ASD) Intervention.,resistance-training-muscle,resistance-training-muscle__recent_update_2026_09_mid,intake_pending_curation,retired_from_active_candidate_pool,topic_capacity_limit,,2026-09-13,Git history and prior public-data snapshots
pubmed-42705247,PubMed,42705247,10.1016/S2468-2667(26)00168-4,"Global, regional, and national prevalence of second-hand smoke and attributable disease burden in 204 countries and territories, 1990-2023: a systematic analysis for the Global Burden of Disease Study 2023.",physical-activity-healthspan,physical-activity-healthspan__recent_update_2026_09_mid,intake_pending_curation,retired_from_active_candidate_pool,topic_capacity_limit,,2026-09-13,Git history and prior public-data snapshots
pubmed-42705427,PubMed,42705427,10.1016/j.phrs.2026.108437,Reconfiguring the macrophage-centric intercellular network in pulmonary fibrosis: Emerging perspectives and therapeutic opportunities.,senolytics,senolytics__recent_update_2026_09_mid,intake_pending_curation,retired_from_active_candidate_pool,topic_capacity_limit,,2026-09-13,Git history and prior public-data snapshots
pubmed-42705483,PubMed,42705483,10.1016/j.arr.2026.103354,From self-quantification to predictive ageing: Digital twins as a framework for healthy ageing and longevity.,microbiome-inflammaging,microbiome-inflammaging__recent_update_2026_09_mid,intake_pending_curation,retired_from_active_candidate_pool,topic_capacity_limit,,2026-09-13,Git history and prior public-data snapshots
pubmed-42705490,PubMed,42705490,10.1016/j.rmed.2026.109149,Determinants of sustained smoking among individuals with chronic respiratory diseases and effects on all-cause mortality: a population-based study.,dietary-pattern-longevity,dietary-pattern-longevity__recent_update_2026_09_mid,intake_pending_curation,retired_from_active_candidate_pool,topic_capacity_limit,,2026-09-13,Git history and prior public-data snapshots
pubmed-42705508,PubMed,42705508,10.1016/j.exger.2026.113309,Association between circadian syndrome and frailty progression among middle-aged and older adults in China: A longitudinal study based on CHARLS.,resistance-training-muscle,resistance-training-muscle__recent_update_2026_09_mid,intake_pending_curation,retired_from_active_candidate_pool,topic_capacity_limit,,2026-09-13,Git history and prior public-data snapshots
pubmed-42705550,PubMed,42705550,10.1016/j.spinee.2026.08.009,Impact of GLP-1 Dose Intensity on Perioperative and Long-Term Fusion Outcomes Following ACDF.,glp1-weight-cardiometabolic,glp1-weight-cardiometabolic__recent_update_2026_09_mid,intake_pending_curation,retired_from_active_candidate_pool,topic_capacity_limit,,2026-09-13,Git history and prior public-data snapshots
pubmed-42705666,PubMed,42705666,10.1136/bmjopen-2026-123601,"Anthropometric, functional and lifestyle-related factors associated with testosterone levels among middle-aged men in Uzbekistan: protocol for a population-based cross-sectional study.",resistance-training-muscle,resistance-training-muscle__recent_update_2026_09_mid,intake_pending_curation,retired_from_active_candidate_pool,topic_capacity_limit,,2026-09-13,Git history and prior public-data snapshots
pubmed-42705807,PubMed,42705807,10.1016/j.jaip.2026.06.010,"Asthma in Older Adults: Clinical Patterns, Inflammatory Phenotypes, and Practical Management.",microbiome-inflammaging,microbiome-inflammaging__recent_update_2026_09_mid,intake_pending_curation,retired_from_active_candidate_pool,topic_capacity_limit,,2026-09-13,Git history and prior public-data snapshots
pubmed-42706134,PubMed,42706134,10.3760/cma.j.cn112137-20260430-01184,[Comparison of clinical outcomes of DCB angioplasty versus DES implantation in patients with recently diagnosed cancer and coronary artery disease undergoing PCI].,blood-pressure-aging,blood-pressure-aging__recent_update_2026_09_mid,intake_pending_curation,retired_from_active_candidate_pool,topic_capacity_limit,,2026-09-13,Git history and prior public-data snapshots
pubmed-42706366,PubMed,42706366,10.1038/s41598-026-68952-2,Machine learning identifies plasma-derived exosomal miRNAs associated with low muscle mass in Tibetan patients with rheumatoid arthritis.,resistance-training-muscle,resistance-training-muscle__recent_update_2026_09_mid,intake_pending_curation,retired_from_active_candidate_pool,topic_capacity_limit,,2026-09-13,Git history and prior public-data snapshots
pubmed-42706473,PubMed,42706473,10.1007/s10926-026-10449-w,Predictors of Adherence to a videoconference-Based Therapeutic Exercise Intervention in Eldercare Workers: A Secondary Analysis of Participants in the ReViEEW Randomized Controlled Trial.,resistance-training-muscle,resistance-training-muscle__recent_update_2026_09_mid,intake_pending_curation,retired_from_active_candidate_pool,topic_capacity_limit,,2026-09-13,Git history and prior public-data snapshots
pubmed-42706483,PubMed,42706483,10.1111/acel.70708,Muscle-Specific Upregulation of Timeless Mediates Exercise-Induced Amelioration of Age-Related Circadian Rhythm Disruption and Cardiac Dysfunction in Drosophila.,microbiome-inflammaging,microbiome-inflammaging__recent_update_2026_09_mid,intake_pending_curation,retired_from_active_candidate_pool,topic_capacity_limit,,2026-09-13,Git history and prior public-data snapshots
pubmed-42706511,PubMed,42706511,10.1177/13872877261485493,"Epidemiology, risk determinants, and research trends of dementia in Saudi Arabia: A systematic review.",blood-pressure-aging,blood-pressure-aging__recent_update_2026_09_mid,intake_pending_curation,retired_from_active_candidate_pool,topic_capacity_limit,,2026-09-13,Git history and prior public-data snapshots
pubmed-42706773,PubMed,42706773,10.1111/imj.70623,Association between discharge summary timeliness and clinical outcomes among general medicine patients.,resistance-training-muscle,resistance-training-muscle__recent_update_2026_09_mid,intake_pending_curation,retired_from_active_candidate_pool,topic_capacity_limit,,2026-09-13,Git history and prior public-data snapshots
pubmed-42706998,PubMed,42706998,10.1093/gerona/glag218,Global transitions of concomitant patterns and risk factors of cardio-renal-metabolic conditions among the elderly.,blood-pressure-aging,blood-pressure-aging__recent_update_2026_09_mid,intake_pending_curation,retired_from_active_candidate_pool,topic_capacity_limit,,2026-09-13,Git history and prior public-data snapshots
pubmed-42707033,PubMed,42707033,10.1093/ced/llag388,Frailty scoring in the management of people with skin cancer: a critically appraised topic.,resistance-training-muscle,resistance-training-muscle__recent_update_2026_09_mid,intake_pending_curation,retired_from_active_candidate_pool,topic_capacity_limit,,2026-09-13,Git history and prior public-data snapshots
pubmed-42707305,PubMed,42707305,10.1007/s13205-026-05003-7,Serum uric acid-to-creatinine ratio and sarcopenia risk under AWGS 2025 criteria: a nationwide study on the interaction with physical activity.,resistance-training-muscle,resistance-training-muscle__recent_update_2026_09_mid,intake_pending_curation,retired_from_active_candidate_pool,topic_capacity_limit,,2026-09-13,Git history and prior public-data snapshots
pubmed-42707648,PubMed,42707648,10.1002/osp4.70188,A Systematic Review and Meta-Analysis of Malnutrition and Metabolic Failure in High-Potency Incretin Therapy.,resistance-training-muscle,resistance-training-muscle__recent_update_2026_09_mid,intake_pending_curation,retired_from_active_candidate_pool,topic_capacity_limit,,2026-09-13,Git history and prior public-data snapshots
pubmed-42707726,PubMed,42707726,10.1155/adpp/8990646,"The Leaf Aqueous and Ethanolic Extracts of Tricalysia okelensis Hiern. (Rubiaceae) Reverse L-NAME-Induced Hypertension, Cardiac, and Vascular Remodeling in Rats.",senolytics,senolytics__recent_update_2026_09_mid,intake_pending_curation,retired_from_active_candidate_pool,topic_capacity_limit,,2026-09-13,Git history and prior public-data snapshots
pubmed-42707845,PubMed,42707845,10.5492/wjccm.120866,Integrating frailty and acute illness severity scoring for risk stratification in acute geriatric care: Review and practical guide.,resistance-training-muscle,resistance-training-muscle__recent_update_2026_09_mid,intake_pending_curation,retired_from_active_candidate_pool,topic_capacity_limit,,2026-09-13,Git history and prior public-data snapshots
pubmed-42707855,PubMed,42707855,10.5492/wjccm.120560,Artificial intelligence for early sepsis detection and dynamic prognostication in onco-critical care.,resistance-training-muscle,resistance-training-muscle__recent_update_2026_09_mid,intake_pending_curation,retired_from_active_candidate_pool,topic_capacity_limit,,2026-09-13,Git history and prior public-data snapshots
pubmed-42707858,PubMed,42707858,10.5492/wjccm.123634,"Lactate-to-albumin ratio, C-reactive protein-to-albumin ratio, and prognostic nutritional index in acute and critical care: A focused mini-review.",microbiome-inflammaging,microbiome-inflammaging__recent_update_2026_09_mid,intake_pending_curation,retired_from_active_candidate_pool,topic_capacity_limit,,2026-09-13,Git history and prior public-data snapshots
pubmed-42708001,PubMed,42708001,10.1093/ckj/sfag270,Ten tips for the first hemodialysis sessions.,physical-activity-healthspan,physical-activity-healthspan__recent_update_2026_09_mid,intake_pending_curation,retired_from_active_candidate_pool,topic_capacity_limit,,2026-09-13,Git history and prior public-data snapshots
pubmed-42708272,PubMed,42708272,10.2174/011871529X448903260820091109,The Silent Vascular Shift: Endothelial Dysfunction and Cardiovascular Risk in Menopausal Women.,physical-activity-healthspan,physical-activity-healthspan__recent_update_2026_09_mid,intake_pending_curation,retired_from_active_candidate_pool,topic_capacity_limit,,2026-09-13,Git history and prior public-data snapshots
pubmed-42708296,PubMed,42708296,10.2174/0115680096460380260819114647,MicroRNAs and Their Crosstalk with Oncogenic Pathways in Gastric Cancer.,physical-activity-healthspan,physical-activity-healthspan__recent_update_2026_09_mid,intake_pending_curation,retired_from_active_candidate_pool,topic_capacity_limit,,2026-09-13,Git history and prior public-data snapshots
pubmed-42708337,PubMed,42708337,10.2174/0127724328470308260825053321,Safety and Efficacy of Melatonin for Sleep Disorders in Cancer: A Systematic Review and Meta-Analysis of Randomized Clinical Trials.,sleep-aging,sleep-aging__recent_update_2026_09_mid,intake_pending_curation,retired_from_active_candidate_pool,topic_capacity_limit,,2026-09-13,Git history and prior public-data snapshots
pubmed-42708459,PubMed,42708459,10.1111/cdoe.70108,Global Oral Health Birth Cohort Studies: A Living Scoping Review.,microbiome-inflammaging,microbiome-inflammaging__recent_update_2026_09_mid,intake_pending_curation,retired_from_active_candidate_pool,topic_capacity_limit,,2026-09-13,Git history and prior public-data snapshots
pubmed-42708483,PubMed,42708483,10.3346/jkms.2026.41.e237,"Global, Regional, and National Burden of Aortic Aneurysm, 1990-2021, and Projections to 2050.",blood-pressure-aging,blood-pressure-aging__recent_update_2026_09_mid,intake_pending_curation,retired_from_active_candidate_pool,topic_capacity_limit,,2026-09-13,Git history and prior public-data snapshots
pubmed-42708907,PubMed,42708907,10.1021/acsnano.6c00432,Weight Loss without Food Intake Suppression through Size-Dependent Retention of Anti-Inflammatory Nanomedicines.,glp1-weight-cardiometabolic,glp1-weight-cardiometabolic__recent_update_2026_09_mid,intake_pending_curation,retired_from_active_candidate_pool,topic_capacity_limit,,2026-09-13,Git history and prior public-data snapshots
pubmed-42709188,PubMed,42709188,10.1007/s00204-026-04539-0,Genotoxicity threshold for methyl methacrylate in Chinese workers: a novel multi-endpoint genotoxicity assessment incorporating biological aging.,epigenetic-clocks,epigenetic-clocks__recent_update_2026_09_mid,intake_pending_curation,retired_from_active_candidate_pool,topic_capacity_limit,,2026-09-13,Git history and prior public-data snapshots
pubmed-42709259,PubMed,42709259,10.1007/s11033-026-12723-9,Macrophage heterogeneity in organ fibrosis in the era of single-cell omics.,microbiome-inflammaging,microbiome-inflammaging__recent_update_2026_09_mid,intake_pending_curation,retired_from_active_candidate_pool,topic_capacity_limit,,2026-09-13,Git history and prior public-data snapshots
pubmed-42709261,PubMed,42709261,10.1007/s11883-026-01464-6,"Exercise in Patients with Subclinical Atherosclerosis: Mechanisms, Clinical Evidence, and Practical Recommendations.",resistance-training-muscle,resistance-training-muscle__recent_update_2026_09_mid,intake_pending_curation,retired_from_active_candidate_pool,topic_capacity_limit,,2026-09-13,Git history and prior public-data snapshots
pubmed-42709262,PubMed,42709262,10.1007/s11064-026-04887-4,Low-Dose Digoxin Ameliorates Age-Related Motor Learning Deficits in Mice.,resistance-training-muscle,resistance-training-muscle__recent_update_2026_09_mid,intake_pending_curation,retired_from_active_candidate_pool,topic_capacity_limit,,2026-09-13,Git history and prior public-data snapshots
pubmed-42709273,PubMed,42709273,10.1007/s11883-026-01465-5,Top 10 Concepts in Secondary ASCVD Prevention From the 2026 ACC/AHA Dyslipidemia Guideline: What Is New and Why It Matters.,ldl-apob-cardiovascular-risk,ldl-apob-cardiovascular-risk__recent_update_2026_09_mid,intake_pending_curation,retired_from_active_candidate_pool,topic_capacity_limit,,2026-09-13,Git history and prior public-data snapshots
pubmed-42709302,PubMed,42709302,10.1007/s11250-026-05318-w,"Evaluation of different probiotic administration methods on productive performance, visceral organs, intestinal bacteria, and morphology in broiler chickens.",microbiome-inflammaging,microbiome-inflammaging__recent_update_2026_09_mid,intake_pending_curation,retired_from_active_candidate_pool,topic_capacity_limit,,2026-09-13,Git history and prior public-data snapshots
pubmed-42709408,PubMed,42709408,10.1093/ageing/afag275,Assisted dying practices for individuals living with frailty: prevalence and eligibility.,resistance-training-muscle,resistance-training-muscle__recent_update_2026_09_mid,intake_pending_curation,retired_from_active_candidate_pool,topic_capacity_limit,,2026-09-13,Git history and prior public-data snapshots
pubmed-42709539,PubMed,42709539,10.1080/01443615.2026.2723303,Effects of aromatherapy on menopausal symptoms: a systematic review and meta-analysis.,sleep-aging,sleep-aging__recent_update_2026_09_mid,intake_pending_curation,retired_from_active_candidate_pool,topic_capacity_limit,,2026-09-13,Git history and prior public-data snapshots
pubmed-42709633,PubMed,42709633,10.15585/mmwr.ss7506a1,"Causes of Death Among Stillbirths and Children Aged <5 Years in Africa and South Asia - Child Health and Mortality Prevention Surveillance, Seven Countries, 2016-2024.",blood-pressure-aging,blood-pressure-aging__recent_update_2026_09_mid,intake_pending_curation,retired_from_active_candidate_pool,topic_capacity_limit,,2026-09-13,Git history and prior public-data snapshots
pubmed-42709646,PubMed,42709646,10.1159/crm/abtag009,The Neuroendocrine-Cardiovascular Axis in Chronic Kidney Disease: the role of prolactinand gonadal dysfunction.,resistance-training-muscle,resistance-training-muscle__recent_update_2026_09_mid,intake_pending_curation,retired_from_active_candidate_pool,topic_capacity_limit,,2026-09-13,Git history and prior public-data snapshots
pubmed-42709727,PubMed,42709727,10.1371/journal.pone.0356888,Artificial intelligence-driven identification and mechanistic exploration of synergistic anti-aging compounds from Dengzhan Shengmai formulation.,autophagy-mitophagy,autophagy-mitophagy__recent_update_2026_09_mid,intake_pending_curation,retired_from_active_candidate_pool,topic_capacity_limit,,2026-09-13,Git history and prior public-data snapshots
pubmed-42709845,PubMed,42709845,10.1371/journal.pone.0357899,Beyond traditional criteria: CRP and fibrinogen as biomarkers of metabolic syndrome in ART-treated people living with HIV and their association with HIF-1α rs11549465.,blood-pressure-aging,blood-pressure-aging__recent_update_2026_09_mid,intake_pending_curation,retired_from_active_candidate_pool,topic_capacity_limit,,2026-09-13,Git history and prior public-data snapshots
pubmed-42709936,PubMed,42709936,10.1080/19390211.2026.2729425,The Role of Probiotics in Parkinson's Disease - Current Evidence and Future Perspectives.,microbiome-inflammaging,microbiome-inflammaging__recent_update_2026_09_mid,intake_pending_curation,retired_from_active_candidate_pool,topic_capacity_limit,,2026-09-13,Git history and prior public-data snapshots
pubmed-42710020,PubMed,42710020,10.1097/FJC.0000000000001878,Efficacy of Cardioprotective Drugs in Cancer Patients Receiving Anthracyclines: A Pairwise Meta-Analysis and Network Meta-Analysis.,metformin-aging,metformin-aging__recent_update_2026_09_mid,intake_pending_curation,retired_from_active_candidate_pool,topic_capacity_limit,,2026-09-13,Git history and prior public-data snapshots
pubmed-42710067,PubMed,42710067,10.2196/94085,Enhancing Healthy Longevity: Scoping Review of Practices and Interventions.,physical-activity-healthspan,physical-activity-healthspan__recent_update_2026_09_mid,intake_pending_curation,retired_from_active_candidate_pool,topic_capacity_limit,,2026-09-13,Git history and prior public-data snapshots
pubmed-42710703,PubMed,42710703,10.1016/j.phrs.2026.108443,Senotherapeutic Potential of Anti-Diabetic Medications: Bridging Type 2 Diabetes and Accelerated Aging.,metformin-aging,metformin-aging__recent_update_2026_09_mid,intake_pending_curation,retired_from_active_candidate_pool,topic_capacity_limit,,2026-09-13,Git history and prior public-data snapshots
pubmed-42710827,PubMed,42710827,10.1016/j.biochi.2026.09.002,Selenium in Aging and Longevity.,physical-activity-healthspan,physical-activity-healthspan__recent_update_2026_09_mid,intake_pending_curation,retired_from_active_candidate_pool,topic_capacity_limit,,2026-09-13,Git history and prior public-data snapshots
pubmed-42710965,PubMed,42710965,10.1016/j.cardfail.2026.05.019,Stable Outcomes of Donation After Circulatory Death Heart Transplantation From Early Adoption to National Expansion.,blood-pressure-aging,blood-pressure-aging__recent_update_2026_09_mid,intake_pending_curation,retired_from_active_candidate_pool,topic_capacity_limit,,2026-09-13,Git history and prior public-data snapshots
pubmed-42711219,PubMed,42711219,10.1016/j.tcb.2026.08.008,RNA dysregulation as a determinant of aging and neurodegenerative vulnerability.,microbiome-inflammaging,microbiome-inflammaging__recent_update_2026_09_mid,intake_pending_curation,retired_from_active_candidate_pool,topic_capacity_limit,,2026-09-13,Git history and prior public-data snapshots
pubmed-42711398,PubMed,42711398,10.1038/s12276-026-01830-z,N-terminal thrombospondin-1 enhances muscle function and tissue-specific metabolic adaptation in response to exercise and cold exposure.,resistance-training-muscle,resistance-training-muscle__recent_update_2026_09_mid,intake_pending_curation,retired_from_active_candidate_pool,topic_capacity_limit,,2026-09-13,Git history and prior public-data snapshots
pubmed-42711449,PubMed,42711449,10.1007/s00415-026-14097-1,Blood biomarkers of brain damage in Transient Ischemic Attack: the role of plasma NfL and GFAP.,resistance-training-muscle,resistance-training-muscle__recent_update_2026_09_mid,intake_pending_curation,retired_from_active_candidate_pool,topic_capacity_limit,,2026-09-13,Git history and prior public-data snapshots
pubmed-42711555,PubMed,42711555,10.1007/s11357-026-02517-z,Neural contributions to age-related handgrip weakness revealed by multi-finger force deficit and dual-task testing.,resistance-training-muscle,resistance-training-muscle__recent_update_2026_09_mid,intake_pending_curation,retired_from_active_candidate_pool,topic_capacity_limit,,2026-09-13,Git history and prior public-data snapshots
pubmed-42711561,PubMed,42711561,10.1038/s41390-026-05312-w,Effects of dietary interventions on gut microbiota and related cardiometabolic changes in pediatric obesity: a systematic review and meta-analysis.,caloric-restriction-human,caloric-restriction-human__recent_update_2026_09_mid,intake_pending_curation,retired_from_active_candidate_pool,topic_capacity_limit,,2026-09-13,Git history and prior public-data snapshots
pubmed-42712076,PubMed,42712076,10.1111/dom.71304,"A Biweekly GLP-1R Agonist Designed With Drug-Free Intervals for Enhanced Efficacy, Receptor Homeostasis and Gastrointestinal Tolerability.",glp1-weight-cardiometabolic,glp1-weight-cardiometabolic__recent_update_2026_09_mid,intake_pending_curation,retired_from_active_candidate_pool,topic_capacity_limit,,2026-09-13,Git history and prior public-data snapshots
pubmed-42712125,PubMed,42712125,10.1111/dom.71320,"GLP-1 Receptor Agonists Post-Bariatric Surgery (GRABS) Trial: Rationale, Design and Baseline Characteristics.",glp1-weight-cardiometabolic,glp1-weight-cardiometabolic__recent_update_2026_09_mid,intake_pending_curation,retired_from_active_candidate_pool,topic_capacity_limit,,2026-09-13,Git history and prior public-data snapshots
pubmed-42712176,PubMed,42712176,10.1080/14796678.2026.2727307,Real-world LDL-C goal attainment among hypertensive patients in primary care in Vietnam: a 6-month prospective cohort study.,blood-pressure-aging,blood-pressure-aging__recent_update_2026_09_mid,intake_pending_curation,retired_from_active_candidate_pool,topic_capacity_limit,,2026-09-13,Git history and prior public-data snapshots
pubmed-42712713,PubMed,42712713,10.1002/hsr2.73206,Laboratory-Detected Clostridioides difficile Stool-Test Positivity and Mortality in Sepsis: A Retrospective Cohort Study.,microbiome-inflammaging,microbiome-inflammaging__recent_update_2026_09_mid,intake_pending_curation,retired_from_active_candidate_pool,topic_capacity_limit,,2026-09-13,Git history and prior public-data snapshots
pubmed-42713006,PubMed,42713006,10.1016/j.ijcchd.2026.100705,Meta-analysis of RAAS inhibition in patients with a systemic right ventricle.,cardiorespiratory-fitness,cardiorespiratory-fitness__recent_update_2026_09_mid,intake_pending_curation,retired_from_active_candidate_pool,topic_capacity_limit,,2026-09-13,Git history and prior public-data snapshots
pubmed-42713628,PubMed,42713628,10.1017/S2045796026100821,Adolescent depression as a systemic multimorbidity catalyst: integrated genetic and metabolic pathway analysis.,resistance-training-muscle,resistance-training-muscle__recent_update_2026_09_mid,intake_pending_curation,retired_from_active_candidate_pool,topic_capacity_limit,,2026-09-13,Git history and prior public-data snapshots
pubmed-42713788,PubMed,42713788,10.1097/MCP.0000000000001307,Pulmonary hypertension related to sleep-disordered breathing.,sleep-aging,sleep-aging__recent_update_2026_09_mid,intake_pending_curation,retired_from_active_candidate_pool,topic_capacity_limit,,2026-09-13,Git history and prior public-data snapshots
pubmed-42713933,PubMed,42713933,10.1111/1751-2980.70070,Increasing Global Burden of Inflammatory Bowel Disease and Its Attributable Anemia in Adults Aged 60 Years and Older: A Comprehensive Analysis of the Global Burden of Disease Study 2021.,resistance-training-muscle,resistance-training-muscle__recent_update_2026_09_mid,intake_pending_curation,retired_from_active_candidate_pool,topic_capacity_limit,,2026-09-13,Git history and prior public-data snapshots
pubmed-42714053,PubMed,42714053,10.1097/XCS.0000000000002112,Data-Driven Re-Evaluation of Hemodynamic Instability in the Pediatric Trauma Population.,blood-pressure-aging,blood-pressure-aging__recent_update_2026_09_mid,intake_pending_curation,retired_from_active_candidate_pool,topic_capacity_limit,,2026-09-13,Git history and prior public-data snapshots
pubmed-42714059,PubMed,42714059,10.1093/brain/awag298,ULK1 inhibits depressive behaviours by reversing RYR2-mediated hyperactivity in lateral habenula.,autophagy-mitophagy,autophagy-mitophagy__recent_update_2026_09_mid,intake_pending_curation,retired_from_active_candidate_pool,topic_capacity_limit,,2026-09-13,Git history and prior public-data snapshots
pubmed-42714323,PubMed,42714323,10.1097/DSS.0000000000005339,Reduced Risk in Melanoma and Nonmelanoma Skin Cancers in Obese Patients on Semaglutide and Tirzepatide.,glp1-weight-cardiometabolic,glp1-weight-cardiometabolic__recent_update_2026_09_mid,intake_pending_curation,retired_from_active_candidate_pool,topic_capacity_limit,,2026-09-13,Git history and prior public-data snapshots
pubmed-42714452,PubMed,42714452,10.1161/JAHA.126.049854,Sex Differences in Cardiac Rhythm and Conduction Abnormalities After Noncardioembolic Ischemic Stroke.,blood-pressure-aging,blood-pressure-aging__recent_update_2026_09_mid,intake_pending_curation,retired_from_active_candidate_pool,topic_capacity_limit,,2026-09-13,Git history and prior public-data snapshots
pubmed-42714458,PubMed,42714458,10.1161/JAHA.125.044249,Tirzepatide and the Incidence of Atrial Fibrillation in Adults With Overweight or Obesity: An Updated Meta-Analysis of Randomized Controlled Trials.,glp1-weight-cardiometabolic,glp1-weight-cardiometabolic__recent_update_2026_09_mid,intake_pending_curation,retired_from_active_candidate_pool,topic_capacity_limit,,2026-09-13,Git history and prior public-data snapshots
pubmed-42714474,PubMed,42714474,10.1007/s00134-026-08600-5,Rehabilitation and the post-intensive care syndrome across the recovery continuum: a narrative review.,resistance-training-muscle,resistance-training-muscle__recent_update_2026_09_mid,intake_pending_curation,retired_from_active_candidate_pool,topic_capacity_limit,,2026-09-13,Git history and prior public-data snapshots
pubmed-42714527,PubMed,42714527,10.1021/jacs.6c08989,Blood-Triggered In Vivo Reassembly of Oral Cystine Spherulites with Fasting Synergy Induces Disulfidptosis for Cancer Metabolic Intervention.,time-restricted-eating,time-restricted-eating__recent_update_2026_09_mid,intake_pending_curation,retired_from_active_candidate_pool,topic_capacity_limit,,2026-09-13,Git history and prior public-data snapshots
pubmed-42714563,PubMed,42714563,10.1161/JAHA.125.048352,Accelerated Aging Fontan Phenotype Is Associated With Systemic Right Ventricles and Adverse Hemodynamics.,epigenetic-clocks,epigenetic-clocks__recent_update_2026_09_mid,intake_pending_curation,retired_from_active_candidate_pool,topic_capacity_limit,,2026-09-13,Git history and prior public-data snapshots
pubmed-42714634,PubMed,42714634,10.1007/s00068-026-03330-1,Small bowel obstruction in older adults: similar nonoperative success but worse outcomes across management strategies - insights from the ESTES SnapSBO study.,resistance-training-muscle,resistance-training-muscle__recent_update_2026_09_mid,intake_pending_curation,retired_from_active_candidate_pool,topic_capacity_limit,,2026-09-13,Git history and prior public-data snapshots
pubmed-42714727,PubMed,42714727,10.1007/s10792-026-04270-w,Evaluation of retinal microcirculation in hypertensive patients with obstructive sleep apnea: a subgroup analysis based on asymptomatic organ damage.,sleep-aging,sleep-aging__recent_update_2026_09_mid,intake_pending_curation,retired_from_active_candidate_pool,topic_capacity_limit,,2026-09-13,Git history and prior public-data snapshots
pubmed-42714731,PubMed,42714731,10.1007/s11011-026-01978-7,Postbiotics as a therapeutic frontier in Parkinson's disease: Insights into molecular pathways and neuroprotective effects.,microbiome-inflammaging,microbiome-inflammaging__recent_update_2026_09_mid,intake_pending_curation,retired_from_active_candidate_pool,topic_capacity_limit,,2026-09-13,Git history and prior public-data snapshots
pubmed-42715139,PubMed,42715139,10.1159/dig/acmag014,"Semaglutide and Tirzepatide for the treatment of MASH: What Works, What's Coming, and What's Missing.",glp1-weight-cardiometabolic,glp1-weight-cardiometabolic__recent_update_2026_09_mid,intake_pending_curation,retired_from_active_candidate_pool,topic_capacity_limit,,2026-09-13,Git history and prior public-data snapshots
pubmed-42715144,PubMed,42715144,10.1159/ajn/ablag011,Orforglipron and the Kidney: A Promise or Disappointment? The Need for Trials Examining Renal Outcomes.,glp1-weight-cardiometabolic,glp1-weight-cardiometabolic__recent_update_2026_09_mid,intake_pending_curation,retired_from_active_candidate_pool,topic_capacity_limit,,2026-09-13,Git history and prior public-data snapshots
pubmed-42715219,PubMed,42715219,10.1371/journal.pone.0357917,"Long-term comparative trajectories of health, behavioral, and economic outcomes: From pre-diagnosis to survivorship.",physical-activity-healthspan,physical-activity-healthspan__recent_update_2026_09_mid,intake_pending_curation,retired_from_active_candidate_pool,topic_capacity_limit,,2026-09-13,Git history and prior public-data snapshots
pubmed-42715411,PubMed,42715411,10.2196/71641,Prompted Text-Based Vital Sign Recording Versus Unprompted Electronic Medical Record Entries in Patients With Advanced Heart Failure: Observational Study.,blood-pressure-aging,blood-pressure-aging__recent_update_2026_09_mid,intake_pending_curation,retired_from_active_candidate_pool,topic_capacity_limit,,2026-09-13,Git history and prior public-data snapshots
pubmed-42715455,PubMed,42715455,10.1590/1806-9282.20260695,Recurrence of benign paroxysmal positional vertigo: risk factors and outcomes.,blood-pressure-aging,blood-pressure-aging__recent_update_2026_09_mid,intake_pending_curation,retired_from_active_candidate_pool,topic_capacity_limit,,2026-09-13,Git history and prior public-data snapshots
pubmed-42715610,PubMed,42715610,10.18632/aging.206419,How to live for centuries: common denominators of organisms with exceptional longevity.,physical-activity-healthspan,physical-activity-healthspan__recent_update_2026_09_mid,intake_pending_curation,retired_from_active_candidate_pool,topic_capacity_limit,,2026-09-13,Git history and prior public-data snapshots
pubmed-42715720,PubMed,42715720,10.1016/j.carres.2026.110095,Bioactive structural features of natural polysaccharides: Inspiration for novel polymer strategies against metabolic disorders.,microbiome-inflammaging,microbiome-inflammaging__recent_update_2026_09_mid,intake_pending_curation,retired_from_active_candidate_pool,topic_capacity_limit,,2026-09-13,Git history and prior public-data snapshots
pubmed-42715935,PubMed,42715935,10.1093/eurheartj/ehag563,Nighttime light exposure and cardiac structure and function.,sleep-aging,sleep-aging__recent_update_2026_09_mid,intake_pending_curation,retired_from_active_candidate_pool,topic_capacity_limit,,2026-09-13,Git history and prior public-data snapshots
pubmed-42716026,PubMed,42716026,10.1016/j.chom.2026.08.015,Microbial indole-3-acetamide alleviates polycystic ovary syndrome through HIF-2α-ceramide signaling.,microbiome-inflammaging,microbiome-inflammaging__recent_update_2026_09_mid,intake_pending_curation,retired_from_active_candidate_pool,topic_capacity_limit,,2026-09-13,Git history and prior public-data snapshots
pubmed-42716144,PubMed,42716144,10.1016/j.bbi.2026.107003,Microbial and inflammatory features linked to distal sensory polyneuropathy in people with HIV.,microbiome-inflammaging,microbiome-inflammaging__recent_update_2026_09_mid,intake_pending_curation,retired_from_active_candidate_pool,topic_capacity_limit,,2026-09-13,Git history and prior public-data snapshots
pubmed-42716188,PubMed,42716188,10.1016/j.pharmthera.2026.109123,Cell death-induced chronic inflammation as a therapeutic target for metabolic dysfunction-associated steatohepatitis.,glp1-weight-cardiometabolic,glp1-weight-cardiometabolic__recent_update_2026_09_mid,intake_pending_curation,retired_from_active_candidate_pool,topic_capacity_limit,,2026-09-13,Git history and prior public-data snapshots
pubmed-42716206,PubMed,42716206,10.1016/j.jid.2026.08.015,Aging-related IgG accumulation promotes skin inflammation.,microbiome-inflammaging,microbiome-inflammaging__recent_update_2026_09_mid,intake_pending_curation,retired_from_active_candidate_pool,topic_capacity_limit,,2026-09-13,Git history and prior public-data snapshots
pubmed-42716235,PubMed,42716235,10.1016/j.exger.2026.113318,Epigenetic aging and autosomal methylation remodeling in Anderson-Fabry disease.,epigenetic-clocks,epigenetic-clocks__recent_update_2026_09_mid,intake_pending_curation,retired_from_active_candidate_pool,topic_capacity_limit,,2026-09-13,Git history and prior public-data snapshots
pubmed-42716286,PubMed,42716286,10.3168/jds.2026-28784,Investigating mechanisms of divergent feed efficiency in dairy cows.,microbiome-inflammaging,microbiome-inflammaging__recent_update_2026_09_mid,intake_pending_curation,retired_from_active_candidate_pool,topic_capacity_limit,,2026-09-13,Git history and prior public-data snapshots
pubmed-42716322,PubMed,42716322,10.1016/j.cpcardiol.2026.103451,"Beyond Traditional Risk Factors: Social, Reproductive, and Environmental Determinants of Cardiovascular Health in Women.",blood-pressure-aging,blood-pressure-aging__recent_update_2026_09_mid,intake_pending_curation,retired_from_active_candidate_pool,topic_capacity_limit,,2026-09-13,Git history and prior public-data snapshots
pubmed-42716414,PubMed,42716414,10.1016/j.amjcard.2026.09.002,"Burden of Ischemic Heart Disease and its attributable risk factors from 1990 to 2021, and forecasts till 2050: A comparative analysis of Low versus High Socio-demographic Index (SDI) Regions.",ldl-apob-cardiovascular-risk,ldl-apob-cardiovascular-risk__recent_update_2026_09_mid,intake_pending_curation,retired_from_active_candidate_pool,topic_capacity_limit,,2026-09-13,Git history and prior public-data snapshots
pubmed-42716437,PubMed,42716437,10.1016/j.advnut.2026.100728,"Perspectives on the Nutritional Paradox in Uremia: A ""Sensitize-Then-Feed"" Framework for Protein-Energy Wasting.",microbiome-inflammaging,microbiome-inflammaging__recent_update_2026_09_mid,intake_pending_curation,retired_from_active_candidate_pool,topic_capacity_limit,,2026-09-13,Git history and prior public-data snapshots
pubmed-42716442,PubMed,42716442,10.1016/j.arr.2026.103367,"Canonical Complement C3a-C3AR1 Signalling in Ageing and Age-Related Disease: Cellular Mechanisms, Tissue-Specific Effects and Translational Challenges.",microbiome-inflammaging,microbiome-inflammaging__recent_update_2026_09_mid,intake_pending_curation,retired_from_active_candidate_pool,topic_capacity_limit,,2026-09-13,Git history and prior public-data snapshots
pubmed-42716548,PubMed,42716548,10.1183/16000617.0098-2026,Comorbidities in clinical cohorts of patients with idiopathic pulmonary fibrosis: a systematic review and meta-analysis.,blood-pressure-aging,blood-pressure-aging__recent_update_2026_09_mid,intake_pending_curation,retired_from_active_candidate_pool,topic_capacity_limit,,2026-09-13,Git history and prior public-data snapshots
pubmed-42716678,PubMed,42716678,10.1136/bmjopen-2026-117882,Association between infections and frailty: a systematic review protocol.,resistance-training-muscle,resistance-training-muscle__recent_update_2026_09_mid,intake_pending_curation,retired_from_active_candidate_pool,non_result_publication_title,,2026-09-13,Git history and prior public-data snapshots
pubmed-42716835,PubMed,42716835,10.1016/j.ebiom.2026.106468,Brain-gut crosstalk associated with brain ageing in young and mid-life adults: a multicohort cross-sectional study.,microbiome-inflammaging,microbiome-inflammaging__recent_update_2026_09_mid,intake_pending_curation,retired_from_active_candidate_pool,topic_capacity_limit,,2026-09-13,Git history and prior public-data snapshots
pubmed-42716852,PubMed,42716852,10.1016/j.jacl.2026.08.013,Fish oil supplementation reduces the CERT2 risk score in adults with increased cardiometabolic risk: Findings from the MoKaRi trial.,ldl-apob-cardiovascular-risk,ldl-apob-cardiovascular-risk__recent_update_2026_09_mid,intake_pending_curation,retired_from_active_candidate_pool,topic_capacity_limit,,2026-09-13,Git history and prior public-data snapshots
pubmed-42716913,PubMed,42716913,10.1002/bcp.70811,HIV and anticholinergic burden: Towards a pragmatic stewardship algorithm.,resistance-training-muscle,resistance-training-muscle__recent_update_2026_09_mid,intake_pending_curation,retired_from_active_candidate_pool,topic_capacity_limit,,2026-09-13,Git history and prior public-data snapshots
pubmed-42717076,PubMed,42717076,10.1007/s10735-026-10935-8,Subcellular sirtuin signaling networks: pivotal regulators of cardiovascular homeostasis and remodeling.,microbiome-inflammaging,microbiome-inflammaging__recent_update_2026_09_mid,intake_pending_curation,retired_from_active_candidate_pool,topic_capacity_limit,,2026-09-13,Git history and prior public-data snapshots
pubmed-42717166,PubMed,42717166,10.1007/s11357-026-02503-5,Association between vascular risk factors and white matter integrity among diverse predominantly older Hispanic/Latino adults from the SOL-INCA MRI study.,blood-pressure-aging,blood-pressure-aging__recent_update_2026_09_mid,intake_pending_curation,retired_from_active_candidate_pool,topic_capacity_limit,,2026-09-13,Git history and prior public-data snapshots
pubmed-42717261,PubMed,42717261,10.1111/acel.70706,NAD(+) Metabolic Reprogramming Drives CD8(+) T Cells Senescence and Exacerbates Ulcerative Colitis.,senolytics,senolytics__recent_update_2026_09_mid,intake_pending_curation,retired_from_active_candidate_pool,topic_capacity_limit,,2026-09-13,Git history and prior public-data snapshots
pubmed-42717635,PubMed,42717635,10.1177/13623613261483298,Research Priorities in Autism From a Clinical Setting: Voices of Autistic Adults and Families of Children and Adolescents With Autism Spectrum Disorder.,microbiome-inflammaging,microbiome-inflammaging__recent_update_2026_09_mid,intake_pending_curation,retired_from_active_candidate_pool,topic_capacity_limit,,2026-09-13,Git history and prior public-data snapshots
pubmed-42717774,PubMed,42717774,10.1111/ggi.70816,Ward-Level Variation and Clinical Correlates of Low Serum Zinc Among Long-Term Care Facility Residents: A Five-Year Retrospective Cohort Study.,resistance-training-muscle,resistance-training-muscle__recent_update_2026_09_mid,intake_pending_curation,retired_from_active_candidate_pool,topic_capacity_limit,,2026-09-13,Git history and prior public-data snapshots
pubmed-42717854,PubMed,42717854,10.1111/ics.70137,Chaves thermal spring water formulation: Substantiating anti-ageing and anti-inflammatory effects.,microbiome-inflammaging,microbiome-inflammaging__recent_update_2026_09_mid,intake_pending_curation,retired_from_active_candidate_pool,topic_capacity_limit,,2026-09-13,Git history and prior public-data snapshots
pubmed-42717859,PubMed,42717859,10.1161/CIRCOUTCOMES.126.013409,Cardiovascular Disease Incidence and Risk Factor Contributions in Adults Aged 45 to 59 Years With Low 10-Year and High 30-Year Risk: Findings From REGARDS.,blood-pressure-aging,blood-pressure-aging__recent_update_2026_09_mid,intake_pending_curation,retired_from_active_candidate_pool,topic_capacity_limit,,2026-09-13,Git history and prior public-data snapshots
pubmed-42718819,PubMed,42718819,10.1177/15598276261479304,"Protein Intake Across the Lifespan: Optimizing Health, Function, and Longevity.",physical-activity-healthspan,physical-activity-healthspan__recent_update_2026_09_mid,intake_pending_curation,retired_from_active_candidate_pool,topic_capacity_limit,,2026-09-13,Git history and prior public-data snapshots
pubmed-42718867,PubMed,42718867,10.1002/fsn3.72309,"Therapeutic Effects of Propolis Supplementation on the Inflammatory State, Oxidative Stress, and Uremic Toxins in dialysis Patients: A Systematic Review.",microbiome-inflammaging,microbiome-inflammaging__recent_update_2026_09_mid,intake_pending_curation,retired_from_active_candidate_pool,topic_capacity_limit,,2026-09-13,Git history and prior public-data snapshots
pubmed-42718879,PubMed,42718879,10.1016/j.jgr.2026.101069,Direct targeting of ORAI1 by ginsenoside Rg3 modulates calcium signaling and senescence-associated AMPK-NRF2 activation.,autophagy-mitophagy,autophagy-mitophagy__recent_update_2026_09_mid,intake_pending_curation,retired_from_active_candidate_pool,topic_capacity_limit,,2026-09-13,Git history and prior public-data snapshots
pubmed-42719230,PubMed,42719230,10.1007/s40200-026-02068-2,Polypharmacy status and its related risk factors among elderly patients with dyslipidemia: Iranian multi-center osteoporosis study (IMOS) 2021.,blood-pressure-aging,blood-pressure-aging__recent_update_2026_09_mid,intake_pending_curation,retired_from_active_candidate_pool,topic_capacity_limit,,2026-09-13,Git history and prior public-data snapshots
pubmed-42719337,PubMed,42719337,10.5837/bjc.2026.042,Ironing out the details: a comprehensive review of iron therapy in heart failure.,resistance-training-muscle,resistance-training-muscle__recent_update_2026_09_mid,intake_pending_curation,retired_from_active_candidate_pool,topic_capacity_limit,,2026-09-13,Git history and prior public-data snapshots
pubmed-42720154,PubMed,42720154,10.1002/jmv.71150,Admission Gut and Plasma-Derived Signatures Associated With Severity and 90-day Outcome in Hepatitis A-Related and Drug-Induced Acute Liver Failure.,microbiome-inflammaging,microbiome-inflammaging__recent_update_2026_09_mid,intake_pending_curation,retired_from_active_candidate_pool,topic_capacity_limit,,2026-09-13,Git history and prior public-data snapshots
pubmed-42720156,PubMed,42720156,10.1080/13557858.2026.2729319,'No estamos solos': empowering and supporting Latino immigrants to manage chronic disease through a culturally relevant nutrition and physical activity intervention.,ldl-apob-cardiovascular-risk,ldl-apob-cardiovascular-risk__recent_update_2026_09_mid,intake_pending_curation,retired_from_active_candidate_pool,topic_capacity_limit,,2026-09-13,Git history and prior public-data snapshots
pubmed-42720158,PubMed,42720158,10.1111/acel.70704,Sustained Activation of CaMKII Promotes Skeletal Muscle Contractile Dysfunction in Aging.,resistance-training-muscle,resistance-training-muscle__recent_update_2026_09_mid,intake_pending_curation,retired_from_active_candidate_pool,topic_capacity_limit,,2026-09-13,Git history and prior public-data snapshots
pubmed-42720309,PubMed,42720309,10.1128/mbio.01484-26,Extension of host lifespan by polyamines derived from gut bacteria.,autophagy-mitophagy,autophagy-mitophagy__recent_update_2026_09_mid,intake_pending_curation,retired_from_active_candidate_pool,topic_capacity_limit,,2026-09-13,Git history and prior public-data snapshots
pubmed-42720356,PubMed,42720356,10.1128/msystems.00720-26,Gut microbiome and metabolite profiles are associated with subsequent histologic MASH in a longitudinal mouse model.,time-restricted-eating,time-restricted-eating__recent_update_2026_09_mid,intake_pending_curation,retired_from_active_candidate_pool,topic_capacity_limit,,2026-09-13,Git history and prior public-data snapshots
pubmed-42720540,PubMed,42720540,10.23736/S0026-4806.26.09859-9,"Pulmonary hypertension in interstitial lung disease: today's realities, tomorrow's possibilities.",cardiorespiratory-fitness,cardiorespiratory-fitness__recent_update_2026_09_mid,intake_pending_curation,retired_from_active_candidate_pool,topic_capacity_limit,,2026-09-13,Git history and prior public-data snapshots
pubmed-42720569,PubMed,42720569,10.1177/10538127261488163,"Integrating thoracic mobility into cervical rehabilitation improves mobility, function, and posture in non-specific chronic neck pain: A randomized controlled trial.",resistance-training-muscle,resistance-training-muscle__recent_update_2026_09_mid,intake_pending_curation,retired_from_active_candidate_pool,topic_capacity_limit,,2026-09-13,Git history and prior public-data snapshots
pubmed-42720714,PubMed,42720714,10.1007/s10522-026-10506-0,"Mitochondrial homeodynamics in ageing: mechanisms, resilience, and interventions.",autophagy-mitophagy,autophagy-mitophagy__recent_update_2026_09_mid,intake_pending_curation,retired_from_active_candidate_pool,topic_capacity_limit,,2026-09-13,Git history and prior public-data snapshots
pubmed-42720846,PubMed,42720846,10.1007/s11357-026-02489-0,"High-intensity interval training in aged female mice preserves physical, cognitive, and cardiovascular function.",resistance-training-muscle,resistance-training-muscle__recent_update_2026_09_mid,intake_pending_curation,retired_from_active_candidate_pool,topic_capacity_limit,,2026-09-13,Git history and prior public-data snapshots
pubmed-42720850,PubMed,42720850,10.1007/s41999-026-01596-7,Position paper: a coordinated approach to fracture and fall prevention from seven international organizations.,resistance-training-muscle,resistance-training-muscle__recent_update_2026_09_mid,intake_pending_curation,retired_from_active_candidate_pool,topic_capacity_limit,,2026-09-13,Git history and prior public-data snapshots
pubmed-42720952,PubMed,42720952,10.1001/jamanetworkopen.2026.29363,"Race, Ethnicity, and Language Concordance Between Patients and Physicians and Atrial Fibrillation DOAC Treatment.",blood-pressure-aging,blood-pressure-aging__recent_update_2026_09_mid,intake_pending_curation,retired_from_active_candidate_pool,topic_capacity_limit,,2026-09-13,Git history and prior public-data snapshots
pubmed-42721298,PubMed,42721298,10.1093/joneph/aajag242,"Nephrology review frequency, associated factors, and outcomes among people with chronic kidney disease G5: a population-based cohort study in England.",resistance-training-muscle,resistance-training-muscle__recent_update_2026_09_mid,intake_pending_curation,retired_from_active_candidate_pool,topic_capacity_limit,,2026-09-13,Git history and prior public-data snapshots
pubmed-42721447,PubMed,42721447,10.2196/84466,Comparative Analysis of Cardiometabolic Risk Profiles Among Hypertensive and Normotensive Adults: Cross-Sectional Study.,blood-pressure-aging,blood-pressure-aging__recent_update_2026_09_mid,intake_pending_curation,retired_from_active_candidate_pool,topic_capacity_limit,,2026-09-13,Git history and prior public-data snapshots
pubmed-42721492,PubMed,42721492,10.1139/cjpp-2026-0184,CARDIOVASCULAR EFFECTS OF INCRETIN RECEPTOR AGONISTS: BEYOND GLYCEMIC CONTROL.,glp1-weight-cardiometabolic,glp1-weight-cardiometabolic__recent_update_2026_09_mid,intake_pending_curation,retired_from_active_candidate_pool,topic_capacity_limit,,2026-09-13,Git history and prior public-data snapshots
pubmed-42721535,PubMed,42721535,10.1016/j.jclinane.2026.112319,Surgical exposure and biological aging: A population-based study from the UK Biobank.,resistance-training-muscle,resistance-training-muscle__recent_update_2026_09_mid,intake_pending_curation,retired_from_active_candidate_pool,topic_capacity_limit,,2026-09-13,Git history and prior public-data snapshots
pubmed-42721594,PubMed,42721594,10.1016/j.jamda.2026.106443,Incidence of Herpes Zoster Infections in the Veterans Health Administration Long-Term Care Setting.,blood-pressure-aging,blood-pressure-aging__recent_update_2026_09_mid,intake_pending_curation,retired_from_active_candidate_pool,topic_capacity_limit,,2026-09-13,Git history and prior public-data snapshots
pubmed-42721749,PubMed,42721749,10.1016/j.ejon.2026.103314,Primary care implementation of a cross-sector geriatric assessment with management intervention for older patients undergoing radiotherapy.,resistance-training-muscle,resistance-training-muscle__recent_update_2026_09_mid,intake_pending_curation,retired_from_active_candidate_pool,topic_capacity_limit,,2026-09-13,Git history and prior public-data snapshots
pubmed-42721803,PubMed,42721803,10.1016/j.ijmedinf.2026.106709,A semantic-based carry-forward approach: Uncovering chronic disease burden in real-world data analysis.,resistance-training-muscle,resistance-training-muscle__recent_update_2026_09_mid,intake_pending_curation,retired_from_active_candidate_pool,topic_capacity_limit,,2026-09-13,Git history and prior public-data snapshots
pubmed-42721923,PubMed,42721923,10.1016/j.semerg.2026.102842,[In-hospital clinical and pharmacological determinants of 120-day mortality and institutionalization after hip fracture: functional and pharmacological implications in Primary Care].,resistance-training-muscle,resistance-training-muscle__recent_update_2026_09_mid,intake_pending_curation,retired_from_active_candidate_pool,topic_capacity_limit,,2026-09-13,Git history and prior public-data snapshots
pubmed-42721978,PubMed,42721978,10.1111/ggi.70837,Initial Phase Angle Is Independently Associated With Functional Independence at 6 Months After Stroke.,resistance-training-muscle,resistance-training-muscle__recent_update_2026_09_mid,intake_pending_curation,retired_from_active_candidate_pool,topic_capacity_limit,,2026-09-13,Git history and prior public-data snapshots
pubmed-42722006,PubMed,42722006,10.1152/ajpregu.00220.2026,Increased Energy Expenditure through Intermittent Cold Exposure Does Not Enhance Tirzepatide Induced Weight-loss in Obese Mice.,glp1-weight-cardiometabolic,glp1-weight-cardiometabolic__recent_update_2026_09_mid,intake_pending_curation,retired_from_active_candidate_pool,topic_capacity_limit,,2026-09-13,Git history and prior public-data snapshots
pubmed-42722133,PubMed,42722133,10.1016/j.mad.2026.112252,Fasting and aging: Mechanistic insights into epigenomic and transcriptional regulation of healthspan.,autophagy-mitophagy,autophagy-mitophagy__recent_update_2026_09_mid,intake_pending_curation,retired_from_active_candidate_pool,topic_capacity_limit,,2026-09-13,Git history and prior public-data snapshots
pubmed-42722136,PubMed,42722136,10.1016/j.bbagen.2026.131001,Targeting skeletal muscle wasting: Emerging therapeutics and translational challenges.,resistance-training-muscle,resistance-training-muscle__recent_update_2026_09_mid,intake_pending_curation,retired_from_active_candidate_pool,topic_capacity_limit,,2026-09-13,Git history and prior public-data snapshots
pubmed-42722199,PubMed,42722199,10.1016/j.ajogmf.2026.102107,Pregnancy as a Window to Future Health: Health Disparities and Social Determinants of Health in Cardiometabolic Risk Across the United States.,blood-pressure-aging,blood-pressure-aging__recent_update_2026_09_mid,intake_pending_curation,retired_from_active_candidate_pool,topic_capacity_limit,,2026-09-13,Git history and prior public-data snapshots
pubmed-42722213,PubMed,42722213,10.1016/j.exger.2026.113315,Associations of cognitive reserve with IGF-1 and global cognition differ by early-life conditions and APOE genotype.,physical-activity-healthspan,physical-activity-healthspan__recent_update_2026_09_mid,intake_pending_curation,retired_from_active_candidate_pool,topic_capacity_limit,,2026-09-13,Git history and prior public-data snapshots
pubmed-42722214,PubMed,42722214,10.1016/j.exger.2026.113317,A vascular-muscle-adiposity phenotype and incident stroke risk in middle-aged and older adults: a multi-cohort study.,blood-pressure-aging,blood-pressure-aging__recent_update_2026_09_mid,intake_pending_curation,retired_from_active_candidate_pool,topic_capacity_limit,,2026-09-13,Git history and prior public-data snapshots
pubmed-42722215,PubMed,42722215,10.1016/j.exger.2026.113314,Bazi Bushen attenuates musculoskeletal degeneration in Ercc1(+/-) mice.,resistance-training-muscle,resistance-training-muscle__recent_update_2026_09_mid,intake_pending_curation,retired_from_active_candidate_pool,topic_capacity_limit,,2026-09-13,Git history and prior public-data snapshots
pubmed-42722299,PubMed,42722299,10.1016/j.arr.2026.103366,Sociodemographic and clinical characteristics of participants in blood p-tau217 studies for Alzheimer's disease: A systematic review.,resistance-training-muscle,resistance-training-muscle__recent_update_2026_09_mid,intake_pending_curation,retired_from_active_candidate_pool,topic_capacity_limit,,2026-09-13,Git history and prior public-data snapshots
pubmed-42722807,PubMed,42722807,10.1007/s40273-026-01659-4,Carbon Emission Impact of Semaglutide in People with Obesity in the UK Using a Disease Modelling Approach.,glp1-weight-cardiometabolic,glp1-weight-cardiometabolic__recent_update_2026_09_mid,intake_pending_curation,retired_from_active_candidate_pool,topic_capacity_limit,,2026-09-13,Git history and prior public-data snapshots
pubmed-42723012,PubMed,42723012,10.1186/s12872-026-06386-4,Comparative effects of atorvastatin and rosuvastatin on inflammatory biomarkers: a systematic review and meta-analysis of randomized head-to-head trials.,blood-pressure-aging,blood-pressure-aging__recent_update_2026_09_mid,intake_pending_curation,retired_from_active_candidate_pool,topic_capacity_limit,,2026-09-13,Git history and prior public-data snapshots
pubmed-42723154,PubMed,42723154,10.1002/cam4.72286,Impact of Dyslipidemia on Clinical Outcomes Among Cancer Patients Treated With Immune Checkpoint Inhibitors.,ldl-apob-cardiovascular-risk,ldl-apob-cardiovascular-risk__recent_update_2026_09_mid,intake_pending_curation,retired_from_active_candidate_pool,topic_capacity_limit,,2026-09-13,Git history and prior public-data snapshots
pubmed-42723193,PubMed,42723193,10.1017/S0007114526108113,Leptin associations with body composition and lipid profile changes in women with overweight following dietary and exercise interventions.,resistance-training-muscle,resistance-training-muscle__recent_update_2026_09_mid,intake_pending_curation,retired_from_active_candidate_pool,topic_capacity_limit,,2026-09-13,Git history and prior public-data snapshots
pubmed-42723212,PubMed,42723212,10.1111/ejn.70682,Modifiable Physiological Factors Associated With Human Glymphatic and Interstitial Fluid Dynamics-Related Measures: A Scoping Review.,sleep-aging,sleep-aging__recent_update_2026_09_mid,intake_pending_curation,retired_from_active_candidate_pool,topic_capacity_limit,,2026-09-13,Git history and prior public-data snapshots
pubmed-42723547,PubMed,42723547,10.1111/jdi.70438,Proteostasis in the regulation of pancreatic islet cell plasticity.,autophagy-mitophagy,autophagy-mitophagy__recent_update_2026_09_mid,intake_pending_curation,retired_from_active_candidate_pool,topic_capacity_limit,,2026-09-13,Git history and prior public-data snapshots
pubmed-42723548,PubMed,42723548,10.1113/JP291588,Preserved mitochondrial respiration in presence of oxidative stress and reduced mitochondrial mass after 10-day bed rest in older adults.,autophagy-mitophagy,autophagy-mitophagy__recent_update_2026_09_mid,intake_pending_curation,retired_from_active_candidate_pool,topic_capacity_limit,,2026-09-13,Git history and prior public-data snapshots
pubmed-42723624,PubMed,42723624,10.1161/CIRCINTERVENTIONS.126.017207,Transcatheter Edge-to-Edge Repair in Older Adults With Mitral and Tricuspid Valve Disease.,resistance-training-muscle,resistance-training-muscle__recent_update_2026_09_mid,intake_pending_curation,retired_from_active_candidate_pool,topic_capacity_limit,,2026-09-13,Git history and prior public-data snapshots
pubmed-42724407,PubMed,42724407,10.21037/jtd-2026-1214,Functional outcomes after bullectomy in Group III bullous emphysema: a single-center 24-month follow-up study.,cardiorespiratory-fitness,cardiorespiratory-fitness__recent_update_2026_09_mid,intake_pending_curation,retired_from_active_candidate_pool,topic_capacity_limit,,2026-09-13,Git history and prior public-data snapshots
pubmed-42725314,PubMed,42725314,10.1097/MS9.0000000000005389,Acute pancreatitis following semaglutide therapy: a case report.,glp1-weight-cardiometabolic,glp1-weight-cardiometabolic__recent_update_2026_09_mid,intake_pending_curation,retired_from_active_candidate_pool,topic_capacity_limit,,2026-09-13,Git history and prior public-data snapshots
pubmed-42725387,PubMed,42725387,10.3892/ijmm.2026.5981,[Expression of Concern] Rapamycin‑induced miR‑30a downregulation inhibits senescence of VSMCs by targeting Beclin1.,rapamycin-mtor-aging,rapamycin-mtor-aging__recent_update_2026_09_mid,intake_pending_curation,retired_from_active_candidate_pool,non_result_publication_title,,2026-09-13,Git history and prior public-data snapshots
pubmed-42726071,PubMed,42726071,10.7189/jogh.16.04193,Understanding stillbirths and maternal deaths in Pakistan: evidence from a national household survey.,blood-pressure-aging,blood-pressure-aging__recent_update_2026_09_mid,intake_pending_curation,retired_from_active_candidate_pool,topic_capacity_limit,,2026-09-13,Git history and prior public-data snapshots
pubmed-42726084,PubMed,42726084,10.1177/10538127261485421,Blood flow restriction improves lower limb muscle function in adults with musculoskeletal disorders: A systematic review and meta-analysis.,resistance-training-muscle,resistance-training-muscle__recent_update_2026_09_mid,intake_pending_curation,retired_from_active_candidate_pool,topic_capacity_limit,,2026-09-13,Git history and prior public-data snapshots
pubmed-42726154,PubMed,42726154,10.1007/s00520-026-11216-6,Wearable-derived postdischarge mobility as a digital biomarker for 90-day readmission and mortality in metastatic cancer.,physical-activity-healthspan,physical-activity-healthspan__recent_update_2026_09_mid,intake_pending_curation,retired_from_active_candidate_pool,topic_capacity_limit,,2026-09-13,Git history and prior public-data snapshots
pubmed-42726191,PubMed,42726191,10.1007/s42000-026-00826-8,Improvement of small fiber neuropathy assessed by corneal confocal microscopy following semaglutide treatment: a case report and literature review.,glp1-weight-cardiometabolic,glp1-weight-cardiometabolic__recent_update_2026_09_mid,intake_pending_curation,retired_from_active_candidate_pool,topic_capacity_limit,,2026-09-13,Git history and prior public-data snapshots
pubmed-42726198,PubMed,42726198,10.1007/s11357-026-02501-7,Parental longevity and polygenic longevity scores in relation to ageing-related factors in a population of 70-year-olds followed over six years: The Gothenburg H70 Birth Cohort Study.,blood-pressure-aging,blood-pressure-aging__recent_update_2026_09_mid,intake_pending_curation,retired_from_active_candidate_pool,topic_capacity_limit,,2026-09-13,Git history and prior public-data snapshots
pubmed-42726203,PubMed,42726203,10.1097/CCE.0000000000001481,Vasopressor Use Among Adults With Sepsis in Uganda and Rwanda: A Multicenter Retrospective Cohort Study.,blood-pressure-aging,blood-pressure-aging__recent_update_2026_09_mid,intake_pending_curation,retired_from_active_candidate_pool,topic_capacity_limit,,2026-09-13,Git history and prior public-data snapshots
pubmed-42726290,PubMed,42726290,10.1007/s00401-026-03073-8,Molecular programs in human locus coeruleus link APOE and neuromelanin to Alzheimer's vulnerability.,autophagy-mitophagy,autophagy-mitophagy__recent_update_2026_09_mid,intake_pending_curation,retired_from_active_candidate_pool,topic_capacity_limit,,2026-09-13,Git history and prior public-data snapshots
pubmed-42726446,PubMed,42726446,10.1002/cns.70903,Mediators of the Association Between Stroke and Blood Cells: A Two-Step Multivariable Mendelian Randomization Study.,blood-pressure-aging,blood-pressure-aging__recent_update_2026_09_mid,intake_pending_curation,retired_from_active_candidate_pool,topic_capacity_limit,,2026-09-13,Git history and prior public-data snapshots
pubmed-42726465,PubMed,42726465,10.1007/s12602-026-11209-1,"Safety Assessment on Probiotic Mixture ""Prohep"" and Longitudinal Evaluation on its Gut Microbial Modulation Ability in Mice.",microbiome-inflammaging,microbiome-inflammaging__recent_update_2026_09_mid,intake_pending_curation,retired_from_active_candidate_pool,topic_capacity_limit,,2026-09-13,Git history and prior public-data snapshots
pubmed-42726468,PubMed,42726468,10.1007/s12223-026-01583-2,Gut microecology and cardiovascular disease: core pathogenic mechanisms and clinical intervention strategies.,physical-activity-healthspan,physical-activity-healthspan__recent_update_2026_09_mid,intake_pending_curation,retired_from_active_candidate_pool,topic_capacity_limit,,2026-09-13,Git history and prior public-data snapshots
pubmed-42726760,PubMed,42726760,10.1371/journal.pone.0319542,Body composition of children born HIV-exposed uninfected in rural Zimbabwe.,physical-activity-healthspan,physical-activity-healthspan__recent_update_2026_09_mid,intake_pending_curation,retired_from_active_candidate_pool,topic_capacity_limit,,2026-09-13,Git history and prior public-data snapshots
pubmed-42727097,PubMed,42727097,10.1146/annurev-marine-040825-121115,Translating Bioengineering Principles to Coral Reef Restoration Under Climate Change.,microbiome-inflammaging,microbiome-inflammaging__recent_update_2026_09_mid,intake_pending_curation,retired_from_active_candidate_pool,topic_capacity_limit,,2026-09-13,Git history and prior public-data snapshots
pubmed-42727351,PubMed,42727351,10.1016/j.socscimed.2026.119795,How education gets under the skin: Pathways linking educational advantage to slower biological aging.,epigenetic-clocks,epigenetic-clocks__recent_update_2026_09_mid,intake_pending_curation,retired_from_active_candidate_pool,topic_capacity_limit,,2026-09-13,Git history and prior public-data snapshots
pubmed-42727477,PubMed,42727477,10.1016/j.bbrc.2026.154568,Mitochondria-targeted esculetin mitigates age-associated cardiac remodeling through coordinated activation of AMPK-SIRT1 and inhibition of p38 MAPK signaling.,metformin-aging,metformin-aging__recent_update_2026_09_mid,intake_pending_curation,retired_from_active_candidate_pool,topic_capacity_limit,,2026-09-13,Git history and prior public-data snapshots
pubmed-42727623,PubMed,42727623,10.1016/j.mce.2026.112917,Metabolic Effects of a GLP-1 Analog Combined with Aerobic Training in Ovariectomized Rats.,glp1-weight-cardiometabolic,glp1-weight-cardiometabolic__recent_update_2026_09_mid,intake_pending_curation,retired_from_active_candidate_pool,topic_capacity_limit,,2026-09-13,Git history and prior public-data snapshots
pubmed-42727647,PubMed,42727647,10.1016/j.arr.2026.103347,"Aerobic exercise and the gut-brain axis in Alzheimer's disease: Mechanistic perspectives, evidence appraisal, and future directions.",microbiome-inflammaging,microbiome-inflammaging__recent_update_2026_09_mid,intake_pending_curation,retired_from_active_candidate_pool,topic_capacity_limit,,2026-09-13,Git history and prior public-data snapshots
pubmed-42727707,PubMed,42727707,10.1016/j.jhepr.2026.102031,Prevalence and Significance of Combined Low Muscle Volume and High Muscle Fat in Patients with Child-Pugh A-B Cirrhosis.,resistance-training-muscle,resistance-training-muscle__recent_update_2026_09_mid,intake_pending_curation,retired_from_active_candidate_pool,topic_capacity_limit,,2026-09-13,Git history and prior public-data snapshots
pubmed-42727867,PubMed,42727867,10.1016/j.clindermatol.2026.09.003,Where the Future Lies: GLP-1 Receptor Agonists as Therapeutics for Dermatologic Comorbidities.,glp1-weight-cardiometabolic,glp1-weight-cardiometabolic__recent_update_2026_09_mid,intake_pending_curation,retired_from_active_candidate_pool,topic_capacity_limit,,2026-09-13,Git history and prior public-data snapshots
pubmed-42727883,PubMed,42727883,10.1016/j.jtct.2026.09.011,Integrated analysis of hematopoietic changes following heterochronic bone marrow transplantation between young and aged mice.,microbiome-inflammaging,microbiome-inflammaging__recent_update_2026_09_mid,intake_pending_curation,retired_from_active_candidate_pool,topic_capacity_limit,,2026-09-13,Git history and prior public-data snapshots
pubmed-42727920,PubMed,42727920,10.1016/j.bj.2026.101037,Structural Overview of GLP-1 Analogs.,glp1-weight-cardiometabolic,glp1-weight-cardiometabolic__recent_update_2026_09_mid,intake_pending_curation,retired_from_active_candidate_pool,topic_capacity_limit,,2026-09-13,Git history and prior public-data snapshots
pubmed-42727969,PubMed,42727969,10.1136/bmjopen-2026-120837,Physiotherapist-led education and exercise for patients with MRI-verified hip abductor tendon pathology: a prospective cohort study.,resistance-training-muscle,resistance-training-muscle__recent_update_2026_09_mid,intake_pending_curation,retired_from_active_candidate_pool,topic_capacity_limit,,2026-09-13,Git history and prior public-data snapshots
pubmed-42728001,PubMed,42728001,10.1016/j.soin.2026.07.006,[Identifying cognitive disorders through the WHO ICOPE program].,resistance-training-muscle,resistance-training-muscle__recent_update_2026_09_mid,intake_pending_curation,retired_from_active_candidate_pool,topic_capacity_limit,,2026-09-13,Git history and prior public-data snapshots
pubmed-42728029,PubMed,42728029,10.1136/gutjnl-2026-340031,International expert panel review for the use of resmetirom and semaglutide in the management of MASH-related fibrosis: clinical practice update.,glp1-weight-cardiometabolic,glp1-weight-cardiometabolic__recent_update_2026_09_mid,intake_pending_curation,retired_from_active_candidate_pool,topic_capacity_limit,,2026-09-13,Git history and prior public-data snapshots
pubmed-42728032,PubMed,42728032,10.1080/17474086.2026.2732981,Managing thrombotic risk in myeloproliferative disorders.,resistance-training-muscle,resistance-training-muscle__recent_update_2026_09_mid,intake_pending_curation,retired_from_active_candidate_pool,topic_capacity_limit,,2026-09-13,Git history and prior public-data snapshots
pubmed-42728062,PubMed,42728062,10.46747/cfp.7209534,Deprescribing statins for adults 65 years of age and older: Evidence-based clinical practice guideline.,resistance-training-muscle,resistance-training-muscle__recent_update_2026_09_mid,intake_pending_curation,retired_from_active_candidate_pool,topic_capacity_limit,,2026-09-13,Git history and prior public-data snapshots
pubmed-42728215,PubMed,42728215,10.1152/ajpheart.00226.2026,Between-visit Reproducibility of Cerebrovascular and Cardiovascular Reactivity During the Cold Pressor Test.,physical-activity-healthspan,physical-activity-healthspan__recent_update_2026_09_mid,intake_pending_curation,retired_from_active_candidate_pool,topic_capacity_limit,,2026-09-13,Git history and prior public-data snapshots
pubmed-42728245,PubMed,42728245,10.1111/ggi.70842,Japanese Anticholinergic Risk Scale and Domain-Specific Functional Outcomes in Older Poststroke Patients.,resistance-training-muscle,resistance-training-muscle__recent_update_2026_09_mid,intake_pending_curation,retired_from_active_candidate_pool,topic_capacity_limit,,2026-09-13,Git history and prior public-data snapshots
pubmed-7676547,PubMed,7676547,,[Nutrition and coronary heart disease: how important is diet?].,ldl-apob-cardiovascular-risk,ldl-apob-cardiovascular-risk__high_design,active_candidate_needs_review,retired_from_active_candidate_pool,topic_capacity_limit,,2026-09-13,Git history and prior public-data snapshots
pubmed-7820162,PubMed,7820162,,A two-year clinical study of the effects of two triphasic oral contraceptives on plasma lipids.,ldl-apob-cardiovascular-risk,ldl-apob-cardiovascular-risk__high_design,active_candidate_needs_review,retired_from_active_candidate_pool,topic_capacity_limit,,2026-09-13,Git history and prior public-data snapshots
pubmed-7956631,PubMed,7956631,10.2337/diacare.17.8.859,The effects of enalapril and nifedipine on carbohydrate and lipid metabolism in NIDDM.,ldl-apob-cardiovascular-risk,ldl-apob-cardiovascular-risk__high_design,active_candidate_needs_review,retired_from_active_candidate_pool,topic_capacity_limit,,2026-09-13,Git history and prior public-data snapshots
pubmed-8237628,PubMed,8237628,10.1093/ageing/22.5.365,Prevalence and change of cardiovascular risk factors among men born 1900-19: the Finnish cohorts of the Seven Countries Study.,ldl-apob-cardiovascular-risk,ldl-apob-cardiovascular-risk__high_design,active_candidate_needs_review,retired_from_active_candidate_pool,topic_capacity_limit,,2026-09-13,Git history and prior public-data snapshots
pubmed-8557447,PubMed,8557447,10.1093/ije/24.5.915,Relation of fibrinogen to lifestyles and to cardiovascular risk factors in a working population.,ldl-apob-cardiovascular-risk,ldl-apob-cardiovascular-risk__high_design,active_candidate_needs_review,retired_from_active_candidate_pool,topic_capacity_limit,,2026-09-13,Git history and prior public-data snapshots
pubmed-8733091,PubMed,8733091,10.1093/oxfordjournals.eurheartj.a014911,Cost benefit analysis of single and dual chamber pacing for sick sinus syndrome and atrioventricular block. An economic sensitivity analysis of the literature.,cardiorespiratory-fitness,cardiorespiratory-fitness__high_weight_journal,active_candidate_needs_review,retired_from_active_candidate_pool,topic_capacity_limit,,2026-09-13,Git history and prior public-data snapshots
pubmed-8890812,PubMed,8890812,10.1016/s0735-1097(96)00298-7,Multicenter trial of dynamic cardiomyoplasty for chronic heart failure. The American Cardiomyoplasty Group.,cardiorespiratory-fitness,cardiorespiratory-fitness__high_weight_journal,active_candidate_needs_review,retired_from_active_candidate_pool,topic_capacity_limit,,2026-09-13,Git history and prior public-data snapshots
pubmed-9500316,PubMed,9500316,10.1016/S0140-6736(97)07062-1,Prediction of death and myocardial infarction by screening with exercise-thallium testing after coronary-artery-bypass grafting.,cardiorespiratory-fitness,cardiorespiratory-fitness__high_weight_journal,active_candidate_needs_review,retired_from_active_candidate_pool,topic_capacity_limit,,2026-09-13,Git history and prior public-data snapshots
pubmed-9519973,PubMed,9519973,10.1016/S0140-6736(97)08080-X,"The viable myocardium: epidemiology, detection, and clinical implications.",cardiorespiratory-fitness,cardiorespiratory-fitness__high_weight_journal,active_candidate_needs_review,retired_from_active_candidate_pool,topic_capacity_limit,,2026-09-13,Git history and prior public-data snapshots
