finding_id,candidate_id,pmid,doi,title_en,topic_id,study_type,species,previous_level,decision,reason,retired_date,recovery_source
finding-pubmed-30725910,pubmed-30725910,30725910,,Amitriptyline.,sleep-aging,metadata_only_needs_classification,needs_review,E,retired_from_active_findings,title_topic_signal_missing,2026-09-21,Git history and prior public-data snapshots
finding-pubmed-30969530,pubmed-30969530,30969530,,Sudden Death in Athletes.,physical-activity-healthspan,metadata_only_needs_classification,needs_review,E,retired_from_active_findings,title_topic_signal_missing,2026-09-21,Git history and prior public-data snapshots
finding-pubmed-31070746,pubmed-31070746,31070746,10.1093/jn/nxz051,The Japanese Dietary Pattern Is Associated with Longer Disability-Free Survival Time in the General Elderly Population in the Ohsaki Cohort 2006 Study.,dietary-pattern-longevity,human_cohort,human,B,retired_from_active_findings,topic_capacity_limit,2026-09-21,Git history and prior public-data snapshots
finding-pubmed-36251836,pubmed-36251836,36251836,,Tirzepatide.,glp1-weight-cardiometabolic,metadata_only_needs_classification,needs_review,E,retired_from_active_findings,topic_capacity_limit,2026-09-21,Git history and prior public-data snapshots
finding-pubmed-40272395,pubmed-40272395,40272395,10.1093/ptj/pzaf057,Optimal Dose of Aerobic Exercise Programs to Reduce Pain Intensity and Improve Health Status in Patients With Fibromyalgia: A Dose-Response Meta-Analysis.,physical-activity-healthspan,systematic_review_or_meta_analysis,human,C,retired_from_active_findings,topic_capacity_limit,2026-09-21,Git history and prior public-data snapshots
finding-pubmed-40578653,pubmed-40578653,40578653,10.1016/j.psychsport.2025.102925,The effects of chronic exercise interventions on executive function in healthy older adults and optimal training characteristics: A systematic review based on randomized controlled trials.,physical-activity-healthspan,systematic_review_or_meta_analysis,human,C,retired_from_active_findings,topic_capacity_limit,2026-09-21,Git history and prior public-data snapshots
finding-pubmed-40640082,pubmed-40640082,40640082,10.1097/CM9.0000000000003648,Perioperative dexmedetomidine reduces the risk of postoperative complications in high-risk patients undergoing non-cardiac surgery: A randomized controlled trial.,sleep-aging,human_randomized_or_clinical_trial,human,C,retired_from_active_findings,title_topic_signal_missing,2026-09-21,Git history and prior public-data snapshots
finding-pubmed-41494820,pubmed-41494820,41494820,10.1136/archdischild-2025-329747,Ethical considerations for semaglutide use in children.,glp1-weight-cardiometabolic,narrative_review,human,E,retired_from_active_findings,topic_capacity_limit,2026-09-21,Git history and prior public-data snapshots
finding-pubmed-41610147,pubmed-41610147,41610147,10.1093/asj/sjag026,Evaluating the Use of 5-Factor Modified Frailty Index to Predict Wound-Healing Complications in Reduction Mammoplasty.,resistance-training-muscle,metadata_only_needs_classification,human,E,retired_from_active_findings,topic_scope_mismatch,2026-09-21,Git history and prior public-data snapshots
finding-pubmed-41621779,pubmed-41621779,41621779,10.1016/j.jmb.2026.169667,"VarXOmics: A Versatile Web Server for Genomic Data Querying, Analysis, and Variant Prioritization With Multi-omics Insights.",microbiome-inflammaging,metadata_only_needs_classification,human,E,retired_from_active_findings,title_topic_signal_missing,2026-09-21,Git history and prior public-data snapshots
finding-pubmed-41672527,pubmed-41672527,41672527,10.2169/internalmedicine.6577-25,Neutrophil-to-lymphocyte Ratio as a Prognostic Indicator in Patients with Nursing and Healthcare-associated Pneumonia: A Retrospective Study.,blood-pressure-aging,metadata_only_needs_classification,human,E,retired_from_active_findings,title_topic_signal_missing,2026-09-21,Git history and prior public-data snapshots
finding-pubmed-41771068,pubmed-41771068,41771068,10.1093/ejhf/xuaf016,"Rationale and design of a randomized, sham-controlled, clinical trial for evaluation of the Edwards APTURE transcatheter shunt system (ALT-FLOW II).",physical-activity-healthspan,protocol_or_registered_plan,human,E,retired_from_active_findings,protocol_or_registered_plan,2026-09-21,Git history and prior public-data snapshots
finding-pubmed-41885139,pubmed-41885139,41885139,10.1093/eurheartj/ehag144,Senescent obesity signature in breast cancer: a paradigm of reverse cardio-oncology.,senolytics,narrative_review,human,E,retired_from_active_findings,title_topic_signal_missing,2026-09-21,Git history and prior public-data snapshots
finding-pubmed-41934630,pubmed-41934630,41934630,10.1093/ehjqcco/qcag055,Validating national registry data for randomized trials: comparison of registry-derived cardiovascular events with and without adjudication in the BETAMI-DANBLOCK trial.,blood-pressure-aging,human_randomized_or_clinical_trial,human,B,retired_from_active_findings,title_topic_signal_missing,2026-09-21,Git history and prior public-data snapshots
finding-pubmed-41944030,pubmed-41944030,41944030,10.5009/gnl250341,Prognostic Role of Acute-on-Chronic Liver Failure in Acute Variceal Bleeding: A Multicenter Retrospective Study in Australia.,blood-pressure-aging,metadata_only_needs_classification,human,E,retired_from_active_findings,title_topic_signal_missing,2026-09-21,Git history and prior public-data snapshots
finding-pubmed-41990363,pubmed-41990363,41990363,10.1093/ejhf/xuag114,Hemodynamic changes in response to GLP-1 treatment in ICD and CRT patients: insights from HeartLogic sensor data.,glp1-weight-cardiometabolic,metadata_only_needs_classification,human,E,retired_from_active_findings,topic_capacity_limit,2026-09-21,Git history and prior public-data snapshots
finding-pubmed-41992281,pubmed-41992281,41992281,10.1097/MJT.0000000000002132,Two-Year Biomarker Trends and Kidney/Mortality Outcomes After Semaglutide Versus Phentermine-Topiramate and Naltrexone-Bupropion in People With Obesity and Without Diabetes.,glp1-weight-cardiometabolic,metadata_only_needs_classification,human,C,retired_from_active_findings,topic_capacity_limit,2026-09-21,Git history and prior public-data snapshots
finding-pubmed-42035239,pubmed-42035239,42035239,10.1093/ehjqcco/qcag074,Tafamidis in women with wild-type transthyretin cardiac amyloidosis: an international cohort study.,blood-pressure-aging,human_cohort,human,B,retired_from_active_findings,title_topic_signal_missing,2026-09-21,Git history and prior public-data snapshots
finding-pubmed-42060953,pubmed-42060953,42060953,10.1016/j.archger.2026.106274,Does insomnia severity increase the risk of dementia? A 7-year longitudinal study.,sleep-aging,human_cohort,human,C,retired_from_active_findings,topic_capacity_limit,2026-09-21,Git history and prior public-data snapshots
finding-pubmed-42065687,pubmed-42065687,42065687,10.1016/j.jneb.2026.03.009,Sedentary Behavior Intervention as a Catalyst for Healthier Eating.,physical-activity-healthspan,human_randomized_or_clinical_trial,human,C,retired_from_active_findings,topic_capacity_limit,2026-09-21,Git history and prior public-data snapshots
finding-pubmed-42071269,pubmed-42071269,42071269,10.1002/ijc.70517,Higher Daytime Light Exposure Predicts Lower Risk of Gastrointestinal Cancer Incidence and Mortality.,sleep-aging,human_cohort,human,B,retired_from_active_findings,title_topic_signal_missing,2026-09-21,Git history and prior public-data snapshots
finding-pubmed-42105622,pubmed-42105622,42105622,10.1016/j.theriogenology.2026.117980,"Nicotinamide mononucleotide (NMN) improves the ovarian microenvironment associated with oocyte quality by increasing estrogen signaling, reprogramming ovarian metabolism, reducing oxidative stress, and inhibiting apoptosis in the spotted scat (Scatophagus argus).",nad-nmn-nr-aging,mechanistic_or_cell_study,human,E,retired_from_active_findings,topic_scope_mismatch,2026-09-21,Git history and prior public-data snapshots
finding-pubmed-42107753,pubmed-42107753,42107753,10.1016/j.jep.2026.121846,Mechanism of Jianpi Qinghua granule in ameliorating metabolic dysfunction-associated fatty liver disease by targeting the DNMT-urea cycle axis.,senolytics,animal_study,mouse,D,retired_from_active_findings,title_topic_signal_missing,2026-09-21,Git history and prior public-data snapshots
finding-pubmed-42118075,pubmed-42118075,42118075,10.1097/BRS.0000000000005733,Incidence and Causes of Death After Cervical or Thoracolumbar Adult Spinal Deformity Surgery.,resistance-training-muscle,metadata_only_needs_classification,human,E,retired_from_active_findings,title_topic_signal_missing,2026-09-21,Git history and prior public-data snapshots
finding-pubmed-42128075,pubmed-42128075,42128075,10.1016/j.jep.2026.121850,Targeting atherosclerosis with medicine and food homology substances: Mechanistic insights and application strategies.,microbiome-inflammaging,narrative_review,human,E,retired_from_active_findings,title_topic_signal_missing,2026-09-21,Git history and prior public-data snapshots
finding-pubmed-42134555,pubmed-42134555,42134555,10.1016/j.toxicon.2026.109152,Neural and metabolic mechanisms of emetogenic foodborne toxins via the brain-gut axis in ageing and cachexia.,microbiome-inflammaging,narrative_review,human,E,retired_from_active_findings,title_topic_signal_missing,2026-09-21,Git history and prior public-data snapshots
finding-pubmed-42142553,pubmed-42142553,42142553,10.1016/j.jep.2026.121873,Jintiange ameliorates age-related sarcopenia by inhibiting the cGAS-STING signaling pathway via maintaining mitochondrial homeostasis.,resistance-training-muscle,animal_study,mouse,D,retired_from_active_findings,nonhuman_record_in_human_outcome_topic,2026-09-21,Git history and prior public-data snapshots
finding-pubmed-42142555,pubmed-42142555,42142555,10.1016/j.jep.2026.121869,Host-microbial co-mediated C-sulfonation attenuates celastrol hepatotoxicity while preserving anti-rheumatic efficacy.,microbiome-inflammaging,animal_study,mouse,D,retired_from_active_findings,title_topic_signal_missing,2026-09-21,Git history and prior public-data snapshots
finding-pubmed-42178112,pubmed-42178112,42178112,10.1016/j.ijcard.2026.134573,Transforming post-STEMI care: The IMPACS study design and baseline patient profile.,blood-pressure-aging,metadata_only_needs_classification,human,E,retired_from_active_findings,title_topic_signal_missing,2026-09-21,Git history and prior public-data snapshots
finding-pubmed-42213742,pubmed-42213742,42213742,10.3238/arztebl.m2026.0074,Hepatic Steatosis: A Pandemic Disease Causing Serious Secondary Diseases.,sleep-aging,narrative_review,human,E,retired_from_active_findings,title_topic_signal_missing,2026-09-21,Git history and prior public-data snapshots
finding-pubmed-42217849,pubmed-42217849,42217849,10.1016/j.jocn.2026.112089,GLP-1 receptor agonists and post-endovascular thrombectomy outcomes in acute ischemic stroke: a multicenter propensity score matched analysis.,glp1-weight-cardiometabolic,metadata_only_needs_classification,human,C,retired_from_active_findings,topic_capacity_limit,2026-09-21,Git history and prior public-data snapshots
finding-pubmed-42235730,pubmed-42235730,42235730,10.1016/j.cca.2026.121139,Inflammatory biomarkers in chronic kidney disease.,microbiome-inflammaging,narrative_review,needs_review,E,retired_from_active_findings,title_topic_signal_missing,2026-09-21,Git history and prior public-data snapshots
finding-pubmed-42242808,pubmed-42242808,42242808,10.1016/j.aca.2026.345708,Neutral molecular networks: Polarity-independent tool for mass spectrometry data.,nad-nmn-nr-aging,metadata_only_needs_classification,human,E,retired_from_active_findings,title_topic_signal_missing,2026-09-21,Git history and prior public-data snapshots
finding-pubmed-42248063,pubmed-42248063,42248063,10.1016/j.ijmedinf.2026.106515,Wearable devices for improving medication adherence in older adults with chronic conditions: A systematic review.,blood-pressure-aging,systematic_review_or_meta_analysis,human,E,retired_from_active_findings,title_topic_signal_missing,2026-09-21,Git history and prior public-data snapshots
finding-pubmed-42264139,pubmed-42264139,42264139,10.1016/j.lfs.2026.124527,HDAC2-mediated H3K27ac Governs ZFP42 transcription and autophagy in granulosa cells of pigs.,autophagy-mitophagy,animal_study,animal,D,retired_from_active_findings,topic_scope_mismatch,2026-09-21,Git history and prior public-data snapshots
finding-pubmed-42264322,pubmed-42264322,42264322,10.1016/j.lfs.2026.124519,ACAT3 controls hepatic cholesterol metabolism and modulates systemic energy homeostasis of male mice.,microbiome-inflammaging,animal_study,mouse,D,retired_from_active_findings,title_topic_signal_missing,2026-09-21,Git history and prior public-data snapshots
finding-pubmed-42264323,pubmed-42264323,42264323,10.1016/j.lfs.2026.124526,Breakfast skipping induces massive rhythmic hypercholesterolemia by hepatic circadian clock and lipid metabolism abnormalities in rats fed a western diet.,time-restricted-eating,animal_study,animal,D,retired_from_active_findings,title_topic_signal_missing,2026-09-21,Git history and prior public-data snapshots
finding-pubmed-42269357,pubmed-42269357,42269357,10.1016/j.jns.2026.126051,Clinical implications of delayed insertion of implantable loop recorder: Is it still beneficial when inserted years after a stroke?,blood-pressure-aging,metadata_only_needs_classification,human,E,retired_from_active_findings,title_topic_signal_missing,2026-09-21,Git history and prior public-data snapshots
finding-pubmed-42284759,pubmed-42284759,42284759,10.1016/j.intimp.2026.117022,Systematic review and meta-analysis of protective effects of quercetin in animal models of lung fibrosis and possible mechanism.,senolytics,systematic_review_or_meta_analysis,human,E,retired_from_active_findings,topic_scope_mismatch,2026-09-21,Git history and prior public-data snapshots
finding-pubmed-42290037,pubmed-42290037,42290037,10.1002/oby.70231,"Sex, Not Age, Predicts Weight Loss Outcomes With Tirzepatide: A Retrospective Analysis.",glp1-weight-cardiometabolic,metadata_only_needs_classification,human,D,retired_from_active_findings,topic_capacity_limit,2026-09-21,Git history and prior public-data snapshots
finding-pubmed-42302924,pubmed-42302924,42302924,10.1016/j.lfs.2026.124542,"Endothelial-to-mesenchymal transition in ischemic diseases: Molecular mechanisms, pathophysiological roles, and emerging therapeutic strategies.",microbiome-inflammaging,narrative_review,human,E,retired_from_active_findings,title_topic_signal_missing,2026-09-21,Git history and prior public-data snapshots
finding-pubmed-42308794,pubmed-42308794,42308794,10.1016/j.intimp.2026.117005,Targeting cellular senescence in cervical Cancer: a novel pathway to preserve reproductive potential.,senolytics,narrative_review,human,E,retired_from_active_findings,topic_scope_mismatch,2026-09-21,Git history and prior public-data snapshots
finding-pubmed-42320461,pubmed-42320461,42320461,10.1093/ehjqcco/qcag105,Temporal changes in guideline-directed medical therapy score and clinical outcomes in patients with heart failure.,blood-pressure-aging,narrative_review,human,E,retired_from_active_findings,title_topic_signal_missing,2026-09-21,Git history and prior public-data snapshots
finding-pubmed-42347893,pubmed-42347893,42347893,10.1158/1078-0432.CCR-25-4796,Tumoral and Systemic Immune Correlates of Response to Concurrent Pembrolizumab and Chemoradiotherapy in Patients with Resected High-Risk Head and Neck Squamous Cell Carcinoma.,microbiome-inflammaging,human_randomized_or_clinical_trial,human,C,retired_from_active_findings,title_topic_signal_missing,2026-09-21,Git history and prior public-data snapshots
finding-pubmed-42348175,pubmed-42348175,42348175,10.1111/dom.71033,Prevalence of Obesity and Related Conditions and GLP-1 Use in Medicare Fee-for-Service Beneficiaries.,glp1-weight-cardiometabolic,metadata_only_needs_classification,human,D,retired_from_active_findings,topic_capacity_limit,2026-09-21,Git history and prior public-data snapshots
finding-pubmed-42349084,pubmed-42349084,42349084,10.1016/j.jns.2026.126070,Sex differences in brain frailty measures and outcomes after endovascular thrombectomy: ESCAPE-NA1 analysis.,resistance-training-muscle,human_randomized_or_clinical_trial,human,B,retired_from_active_findings,topic_scope_mismatch,2026-09-21,Git history and prior public-data snapshots
finding-pubmed-42362122,pubmed-42362122,42362122,10.1016/j.rmed.2026.109001,GLP-1 receptor agonists in obstructive sleep apnea: A propensity score-matched real-world analysis.,sleep-aging,metadata_only_needs_classification,human,C,retired_from_active_findings,topic_capacity_limit,2026-09-21,Git history and prior public-data snapshots
finding-pubmed-42364470,pubmed-42364470,42364470,10.1016/j.foodchem.2026.149828,Nutrients and bioactive compounds in nuts: implications for human health.,blood-pressure-aging,narrative_review,human,E,retired_from_active_findings,title_topic_signal_missing,2026-09-21,Git history and prior public-data snapshots
finding-pubmed-42377073,pubmed-42377073,42377073,10.1158/1078-0432.CCR-26-1352,"Camrelizumab, Apatinib, and Radiotherapy in Locally Advanced, Unresectable Hepatocellular Carcinoma: A Phase II Study.",blood-pressure-aging,human_randomized_or_clinical_trial,human,B,retired_from_active_findings,title_topic_signal_missing,2026-09-21,Git history and prior public-data snapshots
finding-pubmed-42419304,pubmed-42419304,42419304,10.1016/j.chembiol.2026.06.003,GLP-1R and GIPR crosstalk modulates insulinotropic signaling pathways.,glp1-weight-cardiometabolic,metadata_only_needs_classification,needs_review,E,retired_from_active_findings,topic_capacity_limit,2026-09-21,Git history and prior public-data snapshots
finding-pubmed-42424921,pubmed-42424921,42424921,10.1016/j.bioorg.2026.110210,Lead-guided prodrug development of small molecules as GLP-1R agonists.,glp1-weight-cardiometabolic,animal_study,animal,D,retired_from_active_findings,nonhuman_record_in_human_outcome_topic,2026-09-21,Git history and prior public-data snapshots
finding-pubmed-42429276,pubmed-42429276,42429276,10.1097/XCS.0000000000002087,Invited Commentary: Understanding the Relationship Between Frailty and Mortality After Pancreatic Resection.,resistance-training-muscle,metadata_only_needs_classification,human,E,retired_from_active_findings,topic_scope_mismatch,2026-09-21,Git history and prior public-data snapshots
finding-pubmed-42435980,pubmed-42435980,42435980,10.1016/j.amjcard.2026.06.029,The Periprocedural Safety of Continued GLP-1 Receptor Agonist Prior to Cardiac Catheterization.,glp1-weight-cardiometabolic,metadata_only_needs_classification,needs_review,E,retired_from_active_findings,topic_capacity_limit,2026-09-21,Git history and prior public-data snapshots
finding-pubmed-42475164,pubmed-42475164,42475164,10.1556/004.2026.01216,"Impact of Tilapinevirus tilapiae (TiLV) infection on the composition and functional dynamics of gut microbiota in Nile Tilapia (Oreochromis niloticus) (Linnaeus, 1758).",microbiome-inflammaging,metadata_only_needs_classification,cell,E,retired_from_active_findings,topic_scope_mismatch,2026-09-21,Git history and prior public-data snapshots
finding-pubmed-42481072,pubmed-42481072,42481072,10.1136/jnnp-2026-338460,"Frailty and accelerated dementia onset in genetic, sociodemographic and neuropathologic subgroups.",resistance-training-muscle,metadata_only_needs_classification,human,E,retired_from_active_findings,topic_scope_mismatch,2026-09-21,Git history and prior public-data snapshots
finding-pubmed-42498182,pubmed-42498182,42498182,10.1016/j.neures.2026.105095,Nonlinear Associations Between Sleep Duration and Dementia: Evidence from the CHARLS and Mendelian Randomization Analysis.,sleep-aging,human_mendelian_randomization,human,C,retired_from_active_findings,topic_capacity_limit,2026-09-21,Git history and prior public-data snapshots
finding-pubmed-42532220,pubmed-42532220,42532220,10.1016/j.envres.2026.125356,Cardiovascular risks of plastic-associated chemicals: Integrating mixture modeling and SHAP-explained machine learning to unravel linear and non-linear associations.,blood-pressure-aging,metadata_only_needs_classification,human,E,retired_from_active_findings,title_topic_signal_missing,2026-09-21,Git history and prior public-data snapshots
finding-pubmed-42542378,pubmed-42542378,42542378,10.3899/jrheum.2026-0072,"Bioelectric Phase Angle and Appendicular Skeletal Muscle Mass in Rheumatoid Arthritis: Association With Disease Activity, Impact of Disease, and Functional Disability.",resistance-training-muscle,metadata_only_needs_classification,human,E,retired_from_active_findings,topic_scope_mismatch,2026-09-21,Git history and prior public-data snapshots
finding-pubmed-42565831,pubmed-42565831,42565831,10.1128/jb.00026-26,Monounsaturated fatty acid biosynthesis is critical for streptococcal envelope homeostasis and stress tolerance.,microbiome-inflammaging,metadata_only_needs_classification,human,E,retired_from_active_findings,title_topic_signal_missing,2026-09-21,Git history and prior public-data snapshots
finding-pubmed-42572282,pubmed-42572282,42572282,10.2176/jns-nmc.2026-0078,Endoscopic Evacuation Under Local Anesthesia for Subacute Lobar Intracerebral Hemorrhage in Older Adults.,resistance-training-muscle,metadata_only_needs_classification,human,E,retired_from_active_findings,title_topic_signal_missing,2026-09-21,Git history and prior public-data snapshots
finding-pubmed-42575860,pubmed-42575860,42575860,10.1097/CM9.0000000000004213,Trends and burden of maternal disorders in China from 1990 to 2023: Analysis of the Global Burden of Disease Study 2023.,blood-pressure-aging,metadata_only_needs_classification,human,E,retired_from_active_findings,title_topic_signal_missing,2026-09-21,Git history and prior public-data snapshots
finding-pubmed-42623876,pubmed-42623876,42623876,10.1016/j.jhazmat.2026.143327,A combined hazard to mariculture: Quality and safety impairment associated with intestinal barrier disruption in fish co-exposed to environmentally relevant microplastics and antibiotics.,microbiome-inflammaging,metadata_only_needs_classification,human,E,retired_from_active_findings,title_topic_signal_missing,2026-09-21,Git history and prior public-data snapshots
finding-pubmed-42626202,pubmed-42626202,42626202,10.5662/wjm.v16.i3.118728,"Pancreatic-liver crosstalk, novel molecular mediators, and 2025 therapeutic breakthroughs.",time-restricted-eating,narrative_review,human,E,retired_from_active_findings,title_topic_signal_missing,2026-09-21,Git history and prior public-data snapshots
finding-pubmed-42626264,pubmed-42626264,42626264,10.5662/wjm.119385,Glucagon-like receptor-1 agonists and impotence: A meta-analysis.,glp1-weight-cardiometabolic,systematic_review_or_meta_analysis,human,E,retired_from_active_findings,title_topic_signal_missing,2026-09-21,Git history and prior public-data snapshots
finding-pubmed-42662810,pubmed-42662810,42662810,10.1016/j.isci.2026.116954,Co-evolving adiposity and frailty trajectories shape stroke risk in middle-aged and older adults.,resistance-training-muscle,metadata_only_needs_classification,human,E,retired_from_active_findings,topic_scope_mismatch,2026-09-21,Git history and prior public-data snapshots
finding-pubmed-42663994,pubmed-42663994,42663994,10.1096/fj.202602078RR,Short Sleep Duration Is Positively Associated With Traditional and Non-Traditional Markers of Adiposity and Cardiometabolic Risk in Individuals at Secondary Healthcare: A Cross-Sectional Study.,sleep-aging,metadata_only_needs_classification,human,E,retired_from_active_findings,topic_capacity_limit,2026-09-21,Git history and prior public-data snapshots
finding-pubmed-42668575,pubmed-42668575,42668575,10.1016/j.isci.2026.117256,Form and function of actin impacts actin health and aging.,autophagy-mitophagy,metadata_only_needs_classification,human,E,retired_from_active_findings,title_topic_signal_missing,2026-09-21,Git history and prior public-data snapshots
finding-pubmed-42679573,pubmed-42679573,42679573,10.1016/j.jhazmat.2026.143426,Microplastic aging drives convergence of the plastisphere microbiome and resistome toward agricultural soils.,microbiome-inflammaging,metadata_only_needs_classification,human,E,retired_from_active_findings,topic_scope_mismatch,2026-09-21,Git history and prior public-data snapshots
finding-pubmed-42697203,pubmed-42697203,42697203,10.1016/j.xcrm.2026.103023,"Emerging role of GLP-1 mono, dual, and triple agonists in the management of MASH-related fibrosis.",glp1-weight-cardiometabolic,narrative_review,human,E,retired_from_active_findings,topic_capacity_limit,2026-09-21,Git history and prior public-data snapshots
finding-pubmed-42698390,pubmed-42698390,42698390,10.1096/fj.202600848R,NONcNZO10/LtJ and TALLY-HO/JngJ Mice as Novel Models of Diabetic Peripheral Neuropathy.,caloric-restriction-human,animal_study,mouse,D,retired_from_active_findings,title_topic_signal_missing,2026-09-21,Git history and prior public-data snapshots
finding-pubmed-42703003,pubmed-42703003,42703003,10.1080/08923973.2026.2731357,Improvement of post-COVID-19 vaccination dysautonomia with GLP-1 receptor agonist.,glp1-weight-cardiometabolic,metadata_only_needs_classification,human,E,retired_from_active_findings,topic_capacity_limit,2026-09-21,Git history and prior public-data snapshots
finding-pubmed-42706783,pubmed-42706783,42706783,10.24272/j.issn.2095-8137.2025.460,Comprehensive multi-post-translational modifications profiling reveals age-associated remodeling in skeletal muscle.,resistance-training-muscle,animal_study,mouse,D,retired_from_active_findings,title_topic_signal_missing,2026-09-21,Git history and prior public-data snapshots
finding-pubmed-42707073,pubmed-42707073,42707073,10.1016/j.isci.2026.117322,The gut-prostate axis in benign prostatic diseases: Mechanistic pathways and therapeutic implications.,microbiome-inflammaging,animal_study,animal,D,retired_from_active_findings,title_topic_signal_missing,2026-09-21,Git history and prior public-data snapshots
finding-pubmed-42710812,pubmed-42710812,42710812,10.1016/j.ijcard.2026.134773,Association of tirzepatide with reverse cardiac remodeling and improved diastolic function in obesity-related HFpEF: A prospective real-world cohort study.,glp1-weight-cardiometabolic,human_cohort,human,C,retired_from_active_findings,topic_capacity_limit,2026-09-21,Git history and prior public-data snapshots
finding-pubmed-42713014,pubmed-42713014,42713014,10.1016/j.isci.2026.117371,Early life high-fat diet exposure modulates adult metabolic phenotypes in Drosophila.,nad-nmn-nr-aging,metadata_only_needs_classification,human,E,retired_from_active_findings,title_topic_signal_missing,2026-09-21,Git history and prior public-data snapshots
finding-pubmed-42714425,pubmed-42714425,42714425,10.1161/JAHA.125.046120,Gut Microbiota and Aldosterone Regulate Natriuretic Peptide B Expression to Drive Mitophagy and Metabolic Reprogramming in Sepsis-Like Model of Myocardial Injury.,microbiome-inflammaging,animal_study,mouse,D,retired_from_active_findings,topic_scope_mismatch,2026-09-21,Git history and prior public-data snapshots
finding-pubmed-42714452,pubmed-42714452,42714452,10.1161/JAHA.126.049854,Sex Differences in Cardiac Rhythm and Conduction Abnormalities After Noncardioembolic Ischemic Stroke.,blood-pressure-aging,metadata_only_needs_classification,human,E,retired_from_active_findings,title_topic_signal_missing,2026-09-21,Git history and prior public-data snapshots
finding-pubmed-42714458,pubmed-42714458,42714458,10.1161/JAHA.125.044249,Tirzepatide and the Incidence of Atrial Fibrillation in Adults With Overweight or Obesity: An Updated Meta-Analysis of Randomized Controlled Trials.,glp1-weight-cardiometabolic,systematic_review_or_meta_analysis,human,E,retired_from_active_findings,topic_capacity_limit,2026-09-21,Git history and prior public-data snapshots
finding-pubmed-42714563,pubmed-42714563,42714563,10.1161/JAHA.125.048352,Accelerated Aging Fontan Phenotype Is Associated With Systemic Right Ventricles and Adverse Hemodynamics.,epigenetic-clocks,metadata_only_needs_classification,human,E,retired_from_active_findings,title_topic_signal_missing,2026-09-21,Git history and prior public-data snapshots
finding-pubmed-42722633,pubmed-42722633,42722633,10.1080/14017431.2026.2709195,Assessment of right atrial function using two-dimensional speckle tracking echocardiography in patients with obstructive sleep apnea hypopnea syndrome.,sleep-aging,metadata_only_needs_classification,human,E,retired_from_active_findings,topic_capacity_limit,2026-09-21,Git history and prior public-data snapshots
finding-pubmed-42726653,pubmed-42726653,42726653,10.1073/pnas.2620112123,Direct activation of SARM1 by dsDNA is not supported by biochemical and cellular evidence.,nad-nmn-nr-aging,metadata_only_needs_classification,cell,E,retired_from_active_findings,title_topic_signal_missing,2026-09-21,Git history and prior public-data snapshots
finding-pubmed-42727208,pubmed-42727208,42727208,10.1016/j.knee.2026.104639,Postoperative outcomes after total knee arthroplasty in type 2 diabetes mellitus patients receiving semaglutide versus tirzepatide: a propensity score-matched national research network analysis.,glp1-weight-cardiometabolic,metadata_only_needs_classification,human,D,retired_from_active_findings,topic_capacity_limit,2026-09-21,Git history and prior public-data snapshots
finding-pubmed-42732089,pubmed-42732089,42732089,10.1515/jpem-2026-0227,GLP-1 receptor agonist use and mental health outcomes in adolescents with obesity: a retrospective review.,glp1-weight-cardiometabolic,narrative_review,human,E,retired_from_active_findings,topic_capacity_limit,2026-09-21,Git history and prior public-data snapshots
finding-pubmed-42733032,pubmed-42733032,42733032,10.1007/s12471-026-02073-3,Effects of GLP-1 receptor agonists on body weight and cardiovascular outcomes: a review.,glp1-weight-cardiometabolic,narrative_review,human,E,retired_from_active_findings,topic_capacity_limit,2026-09-21,Git history and prior public-data snapshots
finding-pubmed-42733040,pubmed-42733040,42733040,10.24272/j.issn.2095-8137.2025.579,Fetal hypoxia causes oocyte oxidative stress damage via the Sirt3/Sod2 pathway and can be alleviated by nicotinamide mononucleotide.,nad-nmn-nr-aging,animal_study,mouse,D,retired_from_active_findings,topic_scope_mismatch,2026-09-21,Git history and prior public-data snapshots
finding-pubmed-42733056,pubmed-42733056,42733056,10.1038/s41413-026-00582-w,Bone aging: a paradigm of multiscale degeneration and targeted rejuvenation.,senolytics,narrative_review,human,E,retired_from_active_findings,title_topic_signal_missing,2026-09-21,Git history and prior public-data snapshots
finding-pubmed-42734347,pubmed-42734347,42734347,10.1128/spectrum.02340-25,First characterization of Staphylococcus felis in diabetic foot osteomyelitis: from intracellular persistence to phage treatment.,microbiome-inflammaging,animal_study,animal,D,retired_from_active_findings,title_topic_signal_missing,2026-09-21,Git history and prior public-data snapshots
finding-pubmed-42734427,pubmed-42734427,42734427,10.1152/ajpcell.00321.2026,5-Fluorouracil-based chemotherapy disrupts autophagy flux and protein synthesis in cultured myotubes: a role for mTORC1 signaling.,autophagy-mitophagy,animal_study,animal,D,retired_from_active_findings,topic_scope_mismatch,2026-09-21,Git history and prior public-data snapshots
finding-pubmed-42734673,pubmed-42734673,42734673,10.1007/s00520-026-11067-1,Pulmonary infections in an acute palliative care unit.,resistance-training-muscle,metadata_only_needs_classification,human,E,retired_from_active_findings,title_topic_signal_missing,2026-09-21,Git history and prior public-data snapshots
finding-pubmed-42734721,pubmed-42734721,42734721,10.1007/s12471-026-02074-2,DUTCH weight control in atrial fibrillation study (DUTCH-WAIST) : Design and rationale of a randomised controlled trial.,glp1-weight-cardiometabolic,human_randomized_or_clinical_trial,human,B,retired_from_active_findings,title_topic_signal_missing,2026-09-21,Git history and prior public-data snapshots
finding-pubmed-42735033,pubmed-42735033,42735033,10.2215/CJN.0000001199,"Atherosclerotic Cardiovascular Disease in CKD: Contemporary Insights into Pathogenesis, Diagnosis, and Management.",microbiome-inflammaging,metadata_only_needs_classification,human,E,retired_from_active_findings,title_topic_signal_missing,2026-09-21,Git history and prior public-data snapshots
finding-pubmed-42735049,pubmed-42735049,42735049,10.3724/abbs.2026160,piR-45962 exacerbates autophagic apoptosis in aged myocardial ischemia-reperfusion injury through modulation of the HNRNPH1/GATA5 signaling axis.,autophagy-mitophagy,animal_study,animal,D,retired_from_active_findings,title_topic_signal_missing,2026-09-21,Git history and prior public-data snapshots
finding-pubmed-42735207,pubmed-42735207,42735207,10.1080/15502783.2026.2720742,Resistance versus concurrent training with three assigned protein targets in middle-aged and older women: a randomized 2 × 3 factorial trial.,resistance-training-muscle,human_randomized_or_clinical_trial,human,C,retired_from_active_findings,title_topic_signal_missing,2026-09-21,Git history and prior public-data snapshots
finding-pubmed-42735211,pubmed-42735211,42735211,10.1249/MSS.0000000000004144,Strength Training Exercises to Minimize Late Effects of Childhood Leukemia or Lymphoma Among Adolescents: A Multicenter Randomized Controlled Trial.,resistance-training-muscle,human_randomized_or_clinical_trial,human,B,retired_from_active_findings,topic_scope_mismatch,2026-09-21,Git history and prior public-data snapshots
finding-pubmed-42735561,pubmed-42735561,42735561,10.1016/j.tranon.2026.102891,Reversing sarcopenia with megestrol acetate ameliorates systemic inflammation and improves survival in NSCLC.,resistance-training-muscle,metadata_only_needs_classification,human,E,retired_from_active_findings,topic_scope_mismatch,2026-09-21,Git history and prior public-data snapshots
finding-pubmed-42735732,pubmed-42735732,42735732,10.1016/j.phrs.2026.108454,NMN mitigates LPS-induced liver injury by inhibiting ferroptosis via suppression of the cGAS-STING-ACSL4 axis.,nad-nmn-nr-aging,animal_study,mouse,D,retired_from_active_findings,topic_scope_mismatch,2026-09-21,Git history and prior public-data snapshots
finding-pubmed-42735804,pubmed-42735804,42735804,10.1016/j.exger.2026.113325,"GLP-1 receptor agonists, epigenetic aging, and the prospect of pharmacological healthspan extension.",glp1-weight-cardiometabolic,narrative_review,human,E,retired_from_active_findings,topic_capacity_limit,2026-09-21,Git history and prior public-data snapshots
finding-pubmed-42735811,pubmed-42735811,42735811,10.1016/j.mad.2026.112242,"Loss of Ca(2 +) signaling fidelity during aging: Mitochondrial dysfunction, senescence, and cognitive-motor decline.",resistance-training-muscle,metadata_only_needs_classification,cell,E,retired_from_active_findings,title_topic_signal_missing,2026-09-21,Git history and prior public-data snapshots
finding-pubmed-42735872,pubmed-42735872,42735872,10.1016/j.arr.2026.103373,Gut microbiota dysregulation in dementia: Molecular mechanism linking the gut-brain axis to neurodegeneration.,microbiome-inflammaging,narrative_review,human,E,retired_from_active_findings,topic_scope_mismatch,2026-09-21,Git history and prior public-data snapshots
finding-pubmed-42735880,pubmed-42735880,42735880,10.1016/j.bj.2026.101038,The Incretin Revolution: Integrating Incretin-Based Therapies into Clinical Care.,sleep-aging,narrative_review,human,E,retired_from_active_findings,title_topic_signal_missing,2026-09-21,Git history and prior public-data snapshots
finding-pubmed-42736019,pubmed-42736019,42736019,10.1111/dom.71336,Short-Term Changes in General and Central Adiposity and Subsequent Cardiometabolic Risk in Japanese Adults Undergoing Routine Health Screening.,blood-pressure-aging,metadata_only_needs_classification,human,E,retired_from_active_findings,title_topic_signal_missing,2026-09-21,Git history and prior public-data snapshots
finding-pubmed-42736119,pubmed-42736119,42736119,10.3760/cma.j.cn112137-20260629-01637,[A machine learning-based model for predicting postoperative coronal imbalance in degenerative scoliosis].,resistance-training-muscle,metadata_only_needs_classification,human,E,retired_from_active_findings,title_topic_signal_missing,2026-09-21,Git history and prior public-data snapshots
finding-pubmed-42736285,pubmed-42736285,42736285,10.1038/s41392-026-02773-7,Hepassocin prevents age-related liver senescence and facilitates liver regeneration by activating AMPK.,rapamycin-mtor-aging,animal_study,mouse,D,retired_from_active_findings,title_topic_signal_missing,2026-09-21,Git history and prior public-data snapshots
finding-pubmed-42736364,pubmed-42736364,42736364,10.1038/s41371-026-01214-w,Cardiovascular frailty - an emerging frailty phenotype.,resistance-training-muscle,narrative_review,human,E,retired_from_active_findings,topic_scope_mismatch,2026-09-21,Git history and prior public-data snapshots
finding-pubmed-42736487,pubmed-42736487,42736487,10.1007/s10815-026-04029-3,"Cumulative adverse social determinants of health, prolonged unsuccessful conception, and infertility-related healthcare contact among U.S. women: NHANES 2013-2016.",blood-pressure-aging,metadata_only_needs_classification,human,E,retired_from_active_findings,title_topic_signal_missing,2026-09-21,Git history and prior public-data snapshots
finding-pubmed-42736566,pubmed-42736566,42736566,10.1186/s40104-026-01499-4,Limosilactobacillus reuteri orchestrates IAA-mediated mitochondrial homeostasis and stem cell renewal against intestinal oxidative injury in aged hens.,microbiome-inflammaging,mechanistic_or_cell_study,human,E,retired_from_active_findings,title_topic_signal_missing,2026-09-21,Git history and prior public-data snapshots
finding-pubmed-42736589,pubmed-42736589,42736589,10.1080/0886022X.2025.2536192,Comprehensive trends in Chronic Kidney Disease prevalence and comorbidities across eGFR and albuminuria categories: a 20-year analysis of NHANES data.,blood-pressure-aging,metadata_only_needs_classification,human,E,retired_from_active_findings,title_topic_signal_missing,2026-09-21,Git history and prior public-data snapshots
finding-pubmed-42736635,pubmed-42736635,42736635,10.1177/13872877261484965,APOE:RAAS epistasis as a population specific risk factor for cognitive impairment and cardiovascular health.,blood-pressure-aging,metadata_only_needs_classification,human,E,retired_from_active_findings,title_topic_signal_missing,2026-09-21,Git history and prior public-data snapshots
finding-pubmed-42740603,pubmed-42740603,42740603,10.1080/2162402X.2026.2732727,STAT3 inhibition for the induction of immunogenic cell death in multiple myeloma.,microbiome-inflammaging,animal_study,animal,D,retired_from_active_findings,title_topic_signal_missing,2026-09-21,Git history and prior public-data snapshots
finding-pubmed-42740641,pubmed-42740641,42740641,10.1515/jbcpp-2025-0190,Microbiome and atherosclerosis: hype or future therapeutic target?,ldl-apob-cardiovascular-risk,narrative_review,human,E,retired_from_active_findings,title_topic_signal_missing,2026-09-21,Git history and prior public-data snapshots
finding-pubmed-42741622,pubmed-42741622,42741622,10.1183/23120541.00305-2026,Creatine supplementation and respiratory muscle function in health and disease: translational insights from human to mouse.,resistance-training-muscle,animal_study,mouse,D,retired_from_active_findings,title_topic_signal_missing,2026-09-21,Git history and prior public-data snapshots
finding-pubmed-42741835,pubmed-42741835,42741835,10.1161/STROKEAHA.126.055765,Early Life Vascular Risk and Midlife Markers of Brain Aging.,blood-pressure-aging,metadata_only_needs_classification,human,E,retired_from_active_findings,title_topic_signal_missing,2026-09-21,Git history and prior public-data snapshots
finding-pubmed-42741887,pubmed-42741887,42741887,10.1111/tmi.70231,Renal and Functional Vulnerability in Hansen Disease: A Framework for Chronic Infectious Disability in Endemic Settings.,resistance-training-muscle,narrative_review,human,E,retired_from_active_findings,title_topic_signal_missing,2026-09-21,Git history and prior public-data snapshots
finding-pubmed-42741938,pubmed-42741938,42741938,10.1172/JCI202787,UA-30 ameliorates motor deficits through RalA-mediated mitophagy in ALS mice.,autophagy-mitophagy,animal_study,mouse,D,retired_from_active_findings,topic_scope_mismatch,2026-09-21,Git history and prior public-data snapshots
finding-pubmed-42741942,pubmed-42741942,42741942,10.1172/JCI199854,LSD1-mediated demethylation of the DNA damage response factor ATM promotes senescence and organ aging.,senolytics,metadata_only_needs_classification,human,E,retired_from_active_findings,title_topic_signal_missing,2026-09-21,Git history and prior public-data snapshots
finding-pubmed-42742054,pubmed-42742054,42742054,10.1021/acsbiomaterials.6c00849,Multidimensional Regulatory Network of Cellular Senescence: From Mechanisms to Theranostics.,senolytics,animal_study,animal,D,retired_from_active_findings,topic_scope_mismatch,2026-09-21,Git history and prior public-data snapshots
finding-pubmed-42742153,pubmed-42742153,42742153,10.1093/joneph/aajag036,Serum N-terminal pro-B-type natriuretic peptide and physical performance in middle-aged and older patients with chronic kidney disease.,resistance-training-muscle,metadata_only_needs_classification,human,E,retired_from_active_findings,title_topic_signal_missing,2026-09-21,Git history and prior public-data snapshots
finding-pubmed-42742264,pubmed-42742264,42742264,10.1093/ismejo/wrag246,Symbiotic interactions and climate change implications of the octocoral microbiome.,microbiome-inflammaging,metadata_only_needs_classification,human,E,retired_from_active_findings,topic_scope_mismatch,2026-09-21,Git history and prior public-data snapshots
finding-pubmed-42742660,pubmed-42742660,42742660,10.1007/s00737-026-01756-5,Differential trajectories of depression symptoms during pregnancy and prospective associations with postpartum eating disorder symptoms and cardiovascular health behaviors.,sleep-aging,metadata_only_needs_classification,human,E,retired_from_active_findings,title_topic_signal_missing,2026-09-21,Git history and prior public-data snapshots
finding-pubmed-42742755,pubmed-42742755,42742755,10.1007/s00394-026-04096-3,"Effects of 12 weeks of resistance and concurrent training with graded protein intakes on lipid profile, kidney and liver biomarkers in middle-aged to older women.",resistance-training-muscle,human_randomized_or_clinical_trial,human,C,retired_from_active_findings,title_topic_signal_missing,2026-09-21,Git history and prior public-data snapshots
finding-pubmed-42742830,pubmed-42742830,42742830,10.1007/s11695-026-08945-2,Metabolic and Bariatric Surgery and Change in the AI-ECG-Derived Biological-Age Gap: A Longitudinal Cohort Study.,epigenetic-clocks,human_cohort,human,C,retired_from_active_findings,title_topic_signal_missing,2026-09-21,Git history and prior public-data snapshots
finding-pubmed-42742866,pubmed-42742866,42742866,10.1007/s11886-026-02419-8,Diet Versus Exercise in Cardiometabolic Disease: Are Two Always Better Than One?,physical-activity-healthspan,narrative_review,human,E,retired_from_active_findings,topic_capacity_limit,2026-09-21,Git history and prior public-data snapshots
finding-pubmed-42742889,pubmed-42742889,42742889,10.1007/s11357-026-02508-0,Association between a disease-specific frailty index and long-term quality of life outcomes in older adult patients with traumatic brain injury: a TRACK-TBI study.,resistance-training-muscle,metadata_only_needs_classification,human,E,retired_from_active_findings,topic_scope_mismatch,2026-09-21,Git history and prior public-data snapshots
finding-pubmed-42743072,pubmed-42743072,42743072,10.1093/nutrit/nuag137,Effects of Time-Restricted Eating Combined with Exercise on Body Composition and Cardiometabolic Health in Adults with Overweight or Obesity: A Systematic Review and Meta-Analysis.,time-restricted-eating,systematic_review_or_meta_analysis,human,E,retired_from_active_findings,topic_capacity_limit,2026-09-21,Git history and prior public-data snapshots
finding-pubmed-42743093,pubmed-42743093,42743093,10.1159/nef/adtag006,Sequential liraglutide and setmelanotide therapy in Bardet-Biedl Syndrome: metabolic and renal outcomes in a real-world case report and literature review.,glp1-weight-cardiometabolic,narrative_review,human,E,retired_from_active_findings,topic_capacity_limit,2026-09-21,Git history and prior public-data snapshots
finding-pubmed-42743234,pubmed-42743234,42743234,10.1371/journal.pgph.0007303,Assessing metrics for evaluating the maternal continuum of care in Ethiopia: A scoping review.,physical-activity-healthspan,narrative_review,human,E,retired_from_active_findings,title_topic_signal_missing,2026-09-21,Git history and prior public-data snapshots
finding-pubmed-42743332,pubmed-42743332,42743332,10.1371/journal.pone.0358118,Development and preliminary psychometric evaluation of the hemodialysis patient care dependency scale (HD-CDS).,blood-pressure-aging,metadata_only_needs_classification,human,E,retired_from_active_findings,title_topic_signal_missing,2026-09-21,Git history and prior public-data snapshots
finding-pubmed-42743445,pubmed-42743445,42743445,10.1212/WNL.0000000000218502,Retinal Optical Coherence Tomography-Angiography and Longitudinal Changes in Cognition and Cerebral Small Vessel Disease.,blood-pressure-aging,human_cohort,human,B,retired_from_active_findings,title_topic_signal_missing,2026-09-21,Git history and prior public-data snapshots
finding-pubmed-42743686,pubmed-42743686,42743686,10.1016/j.clinsp.2026.101149,Sex-specific differences in the anatomical localization and severity of coronary artery disease: differential impact of conventional cardiovascular risk factors.,ldl-apob-cardiovascular-risk,metadata_only_needs_classification,human,E,retired_from_active_findings,title_topic_signal_missing,2026-09-21,Git history and prior public-data snapshots
finding-pubmed-42743790,pubmed-42743790,42743790,10.1016/j.jnha.2026.100987,Diabetic kidney disease: emerging mechanistic and nutritional perspectives from the Mediterranean diet-mitochondria axis. A narrative review.,autophagy-mitophagy,narrative_review,human,E,retired_from_active_findings,title_topic_signal_missing,2026-09-21,Git history and prior public-data snapshots
finding-pubmed-42743792,pubmed-42743792,42743792,10.1016/j.jnha.2026.100982,"Biological aging, circulating lipid biomarkers and pancreatic diseases: a prospective cohort study based on the UK Biobank.",epigenetic-clocks,human_cohort,human,B,retired_from_active_findings,title_topic_signal_missing,2026-09-21,Git history and prior public-data snapshots
finding-pubmed-42743874,pubmed-42743874,42743874,10.1016/j.intimp.2026.117431,Radiation-induced atrial fibrillation is driven by cellular senescence via the GATA4 - NF-κB pathway and rescued by D/Q senolytic therapy.,senolytics,animal_study,mouse,D,retired_from_active_findings,topic_scope_mismatch,2026-09-21,Git history and prior public-data snapshots
finding-pubmed-42743924,pubmed-42743924,42743924,10.1016/j.chembiol.2026.08.012,Rapamycin targetome mining identifies RBBP7 as a druggable epigenetic vulnerability in hepatocellular carcinoma.,rapamycin-mtor-aging,animal_study,mouse,D,retired_from_active_findings,topic_scope_mismatch,2026-09-21,Git history and prior public-data snapshots
finding-pubmed-42744356,pubmed-42744356,42744356,10.1136/bmjopen-2026-122686,"Patient expectations assessed before randomisation and after the first treatment session, and their associations with pain outcome at 3 months in patients with tennis elbow: a secondary analysis of a randomised controlled feasibility trial in Norwegian secondary care.",resistance-training-muscle,human_randomized_or_clinical_trial,human,C,retired_from_active_findings,title_topic_signal_missing,2026-09-21,Git history and prior public-data snapshots
finding-pubmed-42744654,pubmed-42744654,42744654,10.1002/hed.70477,Association Between Temporalis Muscle Thickness and Risk of Disability and Mortality in Patients With Oral Cancer.,resistance-training-muscle,human_cohort,human,B,retired_from_active_findings,title_topic_signal_missing,2026-09-21,Git history and prior public-data snapshots
finding-pubmed-42744726,pubmed-42744726,42744726,10.1016/j.orcp.2026.09.001,A multicenter real-world study on the safety and effectiveness of the glucagon-like peptide-1 receptor agonist (liraglutide) in adolescents with obesity in Taiwan.,glp1-weight-cardiometabolic,metadata_only_needs_classification,human,E,retired_from_active_findings,topic_capacity_limit,2026-09-21,Git history and prior public-data snapshots
finding-pubmed-42744743,pubmed-42744743,42744743,10.1111/jgs.70734,Validation of Electronic Frailty Index With Geriatrician Rated Frailty Among Surgical Patients.,resistance-training-muscle,metadata_only_needs_classification,human,E,retired_from_active_findings,topic_scope_mismatch,2026-09-21,Git history and prior public-data snapshots
finding-pubmed-42744908,pubmed-42744908,42744908,10.1038/s42255-026-01603-y,Cagrilintide and retatrutide combination therapy enhances weight loss and metabolic outcomes in obese male rats.,glp1-weight-cardiometabolic,mixed_human_and_animal_study,mixed_human_animal,D,retired_from_active_findings,nonhuman_record_in_human_outcome_topic,2026-09-21,Git history and prior public-data snapshots
finding-pubmed-42744939,pubmed-42744939,42744939,10.1007/s11906-026-01385-4,Sex Differences in Sleep Duration and Quality: Implications for Hypertension Risk.,sleep-aging,narrative_review,human,E,retired_from_active_findings,topic_capacity_limit,2026-09-21,Git history and prior public-data snapshots
finding-pubmed-42744946,pubmed-42744946,42744946,10.1038/s41371-026-01228-4,Association between physical activity score and incident hypertension among Chinese adults aged 65 years and older: a national prospective cohort study.,physical-activity-healthspan,human_cohort,human,C,retired_from_active_findings,topic_capacity_limit,2026-09-21,Git history and prior public-data snapshots
finding-pubmed-42744962,pubmed-42744962,42744962,10.1007/s11357-026-02545-9,Association between whole-blood NAD+ concentration and frailty in community-dwelling older adults: the Itabashi Longitudinal Study on Aging.,resistance-training-muscle,human_cohort,human,B,retired_from_active_findings,topic_scope_mismatch,2026-09-21,Git history and prior public-data snapshots
finding-pubmed-42744964,pubmed-42744964,42744964,10.1007/s11357-026-02510-6,Retrotransposable element derepression distinguishes DNMT3A-mutant from TET2-mutant clonal haematopoiesis.,rapamycin-mtor-aging,metadata_only_needs_classification,human,E,retired_from_active_findings,title_topic_signal_missing,2026-09-21,Git history and prior public-data snapshots
finding-pubmed-42745126,pubmed-42745126,42745126,10.1007/s10597-026-01722-6,A Pilot Feasibility Study of a Virtual Lifestyle Intervention for Individuals with Schizophrenia.,physical-activity-healthspan,metadata_only_needs_classification,human,E,retired_from_active_findings,title_topic_signal_missing,2026-09-21,Git history and prior public-data snapshots
finding-pubmed-42745313,pubmed-42745313,42745313,10.1186/s12966-026-01980-3,"Intensity-specific physical activity and mortality in 147,414 adults: a pooled accelerometer analysis.",physical-activity-healthspan,metadata_only_needs_classification,human,E,retired_from_active_findings,topic_capacity_limit,2026-09-21,Git history and prior public-data snapshots
finding-pubmed-42745326,pubmed-42745326,42745326,10.1186/s13195-026-02162-w,Enhancing Alzheimer's disease diagnosis in primary care through targeted screening of people at risk of developing dementia - study design and feasibility assessment of the PREDEM primary care study.,blood-pressure-aging,metadata_only_needs_classification,human,E,retired_from_active_findings,title_topic_signal_missing,2026-09-21,Git history and prior public-data snapshots
finding-pubmed-42745337,pubmed-42745337,42745337,10.1186/s40794-026-00315-1,"Travel vaccination in senior travelers: current evidence, challenges, and prevention.",microbiome-inflammaging,narrative_review,human,E,retired_from_active_findings,title_topic_signal_missing,2026-09-21,Git history and prior public-data snapshots
finding-pubmed-42745463,pubmed-42745463,42745463,10.1093/ajrccm/aamag474,"Effectiveness of GLP-1 receptor agonists to prevent obstructive sleep apnea in patients with type 2 diabetes: active comparator, new user cohort study.",sleep-aging,human_cohort,human,C,retired_from_active_findings,topic_capacity_limit,2026-09-21,Git history and prior public-data snapshots
finding-pubmed-42745504,pubmed-42745504,42745504,10.1002/pmic.70181,Unveiling Novel Tumor-Associated Antigens to Overcome Diagnostic Challenges in Barely Seroreactive Colorectal Cancer Patients Using Mass Spectrometry-Based Proteomics.,resistance-training-muscle,metadata_only_needs_classification,human,E,retired_from_active_findings,title_topic_signal_missing,2026-09-21,Git history and prior public-data snapshots
finding-pubmed-42745683,pubmed-42745683,42745683,10.1080/07853890.2026.2732555,"Effect of phenylephrine versus ephedrine on the incidence of postoperative delirium in elderly patients undergoing non-cardiac and non-neurosurgical procedures: protocol for a multicentre, double-blind, randomized, controlled trial.",blood-pressure-aging,protocol_or_registered_plan,human,E,retired_from_active_findings,protocol_or_registered_plan,2026-09-21,Git history and prior public-data snapshots
finding-pubmed-42746141,pubmed-42746141,42746141,10.1002/trc2.70312,Effects of long-term daily supplementation with vitamin D3 and marine omega-3 fatty acids on change in ADRD biomarkers: A secondary analysis of a randomized clinical trial.,sleep-aging,metadata_only_needs_classification,human,E,retired_from_active_findings,title_topic_signal_missing,2026-09-21,Git history and prior public-data snapshots
finding-pubmed-42746281,pubmed-42746281,42746281,10.1002/fsn3.72264,Effect of Intermittent Fasting on Weight Loss in Overweight and Obese Adults: A Systematic Review of Clinical Trials.,time-restricted-eating,systematic_review_or_meta_analysis,human,E,retired_from_active_findings,topic_capacity_limit,2026-09-21,Git history and prior public-data snapshots
finding-pubmed-42746961,pubmed-42746961,42746961,10.1177/13872877261487350,Insomnia treatment preferences of older adults and people living with dementia: A qualitative study.,sleep-aging,metadata_only_needs_classification,human,E,retired_from_active_findings,topic_capacity_limit,2026-09-21,Git history and prior public-data snapshots
finding-pubmed-42747012,pubmed-42747012,42747012,10.1002/smll.75782,Targeted NAD(+) Metabolic Reprogramming Enables Functional Endometrial Regeneration and Fertility Restoration in Intrauterine Adhesions.,nad-nmn-nr-aging,animal_study,mouse,D,retired_from_active_findings,title_topic_signal_missing,2026-09-21,Git history and prior public-data snapshots
finding-pubmed-42747015,pubmed-42747015,42747015,10.1177/07334648261488554,Oral Health Indicators as Important Predictors of Frailty in Korean Adults Aged 50 Years and Older: A Sex-Stratified Explainable Machine Learning Approach.,resistance-training-muscle,metadata_only_needs_classification,human,E,retired_from_active_findings,topic_scope_mismatch,2026-09-21,Git history and prior public-data snapshots
finding-pubmed-42747250,pubmed-42747250,42747250,10.1080/08830185.2026.2729156,Immunosenescence and immune-organ axis dysfunction: Potential of algal bioactives and nutritional interventions for healthy ageing.,autophagy-mitophagy,narrative_review,cell,E,retired_from_active_findings,title_topic_signal_missing,2026-09-21,Git history and prior public-data snapshots
finding-pubmed-42747341,pubmed-42747341,42747341,10.1093/ptj/pzag098,Physical Exercise Reduces Fall-Related Outcomes Among People With Stroke: A Systematic Review and Meta-Analysis.,resistance-training-muscle,systematic_review_or_meta_analysis,human,A,retired_from_active_findings,title_topic_signal_missing,2026-09-21,Git history and prior public-data snapshots
finding-pubmed-42747510,pubmed-42747510,42747510,10.1007/s00223-026-01603-w,The Liver-Bone Axis in Steatotic Liver Disease.,resistance-training-muscle,narrative_review,human,E,retired_from_active_findings,title_topic_signal_missing,2026-09-21,Git history and prior public-data snapshots
finding-pubmed-42747548,pubmed-42747548,42747548,10.1007/s00590-026-04958-w,5-Factor Modified Frailty Index predicts 30-day complications after amputation for open lower-extremity fracture: an American College of Surgeons Trauma Quality Improvement Program database study.,resistance-training-muscle,human_cohort,human,B,retired_from_active_findings,topic_scope_mismatch,2026-09-21,Git history and prior public-data snapshots
finding-pubmed-42747605,pubmed-42747605,42747605,10.1007/s00408-026-00939-2,"GLP-1 Receptor Agonists in Pulmonary Hypertension: Mechanistic Rationale, Preclinical Evidence, and Clinical Knowledge Gaps.",glp1-weight-cardiometabolic,narrative_review,human,E,retired_from_active_findings,topic_capacity_limit,2026-09-21,Git history and prior public-data snapshots
finding-pubmed-42747635,pubmed-42747635,42747635,10.1007/s11325-026-03798-6,ECG-based artificial intelligence for obstructive sleep apnea detection: a mechanism-oriented diagnostic meta-analysis.,sleep-aging,systematic_review_or_meta_analysis,human,E,retired_from_active_findings,topic_capacity_limit,2026-09-21,Git history and prior public-data snapshots
finding-pubmed-42747681,pubmed-42747681,42747681,10.1186/s43556-026-00579-1,Betaine-driven Keap1 methylation promotes p62-mediated autophagy and Nrf2 stabilization to alleviate glutathione-dependent redox dyshomeostasis in liver injury.,autophagy-mitophagy,animal_study,mouse,D,retired_from_active_findings,topic_scope_mismatch,2026-09-21,Git history and prior public-data snapshots
finding-pubmed-42747716,pubmed-42747716,42747716,10.1007/s13679-026-00761-0,"Obesity-Associated Osteoarthritis: Mechanical-Metabolic Pathogenesis, Obesity Memory and Dual-Target Therapy.",glp1-weight-cardiometabolic,narrative_review,human,E,retired_from_active_findings,title_topic_signal_missing,2026-09-21,Git history and prior public-data snapshots
finding-pubmed-42747735,pubmed-42747735,42747735,10.1186/s40798-026-01111-z,Percentile-Based Normative Standards for Strength Assessment Beyond Linear Bodyweight Multipliers in Competitive Powerlifters.,resistance-training-muscle,metadata_only_needs_classification,human,E,retired_from_active_findings,title_topic_signal_missing,2026-09-21,Git history and prior public-data snapshots
finding-pubmed-42747751,pubmed-42747751,42747751,10.1007/s11904-026-00797-w,Primary Cardiovascular Prevention in People Living With HIV: Rethinking Statin Therapy in the Post-REPRIEVE Era.,resistance-training-muscle,narrative_review,human,E,retired_from_active_findings,title_topic_signal_missing,2026-09-21,Git history and prior public-data snapshots
finding-pubmed-42747792,pubmed-42747792,42747792,10.1097/JNC.0000000000000695,Prevalence and Correlates of Joint Pain in Chicago Midlife Women With HIV: A Cross-sectional Study.,resistance-training-muscle,metadata_only_needs_classification,human,E,retired_from_active_findings,title_topic_signal_missing,2026-09-21,Git history and prior public-data snapshots
finding-pubmed-42747817,pubmed-42747817,42747817,10.1001/jamacardio.2026.3566,Efficacy and Safety of Semaglutide According to Frailty Status: A Post Hoc Analysis of the SELECT Randomized Clinical Trial.,resistance-training-muscle,metadata_only_needs_classification,human,E,retired_from_active_findings,topic_scope_mismatch,2026-09-21,Git history and prior public-data snapshots
finding-pubmed-42747887,pubmed-42747887,42747887,10.1084/jem.20260071,UA-30 mitigates systemic aging and motor decline by inhibiting RalA signaling in naturally aged mice.,resistance-training-muscle,animal_study,mouse,D,retired_from_active_findings,title_topic_signal_missing,2026-09-21,Git history and prior public-data snapshots
finding-pubmed-42747959,pubmed-42747959,42747959,10.1016/j.tjfa.2026.100210,Physical frailty and functional resilience after hip fracture in older adults: a risk-set matched longitudinal study.,resistance-training-muscle,human_cohort,human,B,retired_from_active_findings,topic_scope_mismatch,2026-09-21,Git history and prior public-data snapshots
finding-pubmed-42748047,pubmed-42748047,42748047,10.1093/ejhf/xuag267,Mortality benefit and lifetime survival gains with vericiguat in HFrEF: Bayesian and actuarial analyses of the VICTOR trial.,blood-pressure-aging,metadata_only_needs_classification,human,E,retired_from_active_findings,title_topic_signal_missing,2026-09-21,Git history and prior public-data snapshots
finding-pubmed-42748066,pubmed-42748066,42748066,10.25318/82-003-x202600900001-eng,The missing middle: Exploring light-intensity physical activity and how it relates to health among adults in Canada.,blood-pressure-aging,metadata_only_needs_classification,human,E,retired_from_active_findings,title_topic_signal_missing,2026-09-21,Git history and prior public-data snapshots
finding-pubmed-42748133,pubmed-42748133,42748133,10.1111/prd.70075,From mouth to brain: Linking periodontal and peri-implant dysbiosis to systemic inflammation and neuropathology.,microbiome-inflammaging,narrative_review,human,E,retired_from_active_findings,title_topic_signal_missing,2026-09-21,Git history and prior public-data snapshots
finding-pubmed-42748184,pubmed-42748184,42748184,10.1371/journal.pone.0357987,Endothelial and platelet dysfunction in systemic sclerosis with pulmonary hypertension.,blood-pressure-aging,metadata_only_needs_classification,human,E,retired_from_active_findings,topic_scope_mismatch,2026-09-21,Git history and prior public-data snapshots
finding-pubmed-42748238,pubmed-42748238,42748238,10.1126/sciadv.aed1961,Endothelial C/EBPβ/AEP pathway drives vascular deterioration and systemic aging.,resistance-training-muscle,animal_study,mouse,D,retired_from_active_findings,title_topic_signal_missing,2026-09-21,Git history and prior public-data snapshots
finding-pubmed-42748386,pubmed-42748386,42748386,10.1212/WNL.0000000000218595,Linking Military Blast Exposure to Veterans Health Administration Diagnoses: Chronic Health Outcomes in the Millennium Cohort Study.,blood-pressure-aging,human_cohort,human,B,retired_from_active_findings,title_topic_signal_missing,2026-09-21,Git history and prior public-data snapshots
finding-pubmed-42748474,pubmed-42748474,42748474,10.1093/eurjpc/zwag495,Low-grade inflammation predicts major cardiovascular events and mortality in recently diagnosed type 2 diabetes: A Danish nationwide cohort study.,physical-activity-healthspan,human_cohort,human,B,retired_from_active_findings,title_topic_signal_missing,2026-09-21,Git history and prior public-data snapshots
finding-pubmed-42748745,pubmed-42748745,42748745,10.1016/j.jacadv.2026.103194,Objective and Subjective Multidimensional Sleep Health in Women After Myocardial Infarction.,sleep-aging,metadata_only_needs_classification,human,E,retired_from_active_findings,topic_capacity_limit,2026-09-21,Git history and prior public-data snapshots
finding-pubmed-42748801,pubmed-42748801,42748801,10.1016/j.jgo.2026.104151,Management of hepatocellular carcinoma in older patients - An overview.,resistance-training-muscle,narrative_review,human,E,retired_from_active_findings,title_topic_signal_missing,2026-09-21,Git history and prior public-data snapshots
finding-pubmed-42748969,pubmed-42748969,42748969,10.1055/a-2943-1080,"[GLP-1 Receptor Agonists in Urology and Andrology: Indications, Opportunities and Clinically Relevant Adverse Effects].",glp1-weight-cardiometabolic,metadata_only_needs_classification,human,E,retired_from_active_findings,topic_capacity_limit,2026-09-21,Git history and prior public-data snapshots
finding-pubmed-42749027,pubmed-42749027,42749027,10.1016/j.clindermatol.2026.09.011,From Gila Monster Venom to Dermatology: The History of GLP-1 Receptor Agonists.,glp1-weight-cardiometabolic,metadata_only_needs_classification,human,E,retired_from_active_findings,topic_capacity_limit,2026-09-21,Git history and prior public-data snapshots
finding-pubmed-42749043,pubmed-42749043,42749043,10.1016/j.pneurobio.2026.102952,The dimorphic brain in ischemic stroke: How sex and age shape molecular pathophysiology and therapeutic responsiveness.,senolytics,narrative_review,human,E,retired_from_active_findings,title_topic_signal_missing,2026-09-21,Git history and prior public-data snapshots
finding-pubmed-42749075,pubmed-42749075,42749075,10.1016/j.envres.2026.125694,Toward ecological realism in microplastic toxicology: Intestinal responses to biofilm-colonized microplastics from distinct environmental compartments in fish.,microbiome-inflammaging,metadata_only_needs_classification,human,E,retired_from_active_findings,title_topic_signal_missing,2026-09-21,Git history and prior public-data snapshots
finding-pubmed-42749094,pubmed-42749094,42749094,10.1016/j.critrevonc.2026.105599,Temporal Immune Surveillance in Cancer: A Circadian Framework from Mechanisms to Chronotherapeutic Integration.,time-restricted-eating,narrative_review,human,E,retired_from_active_findings,title_topic_signal_missing,2026-09-21,Git history and prior public-data snapshots
finding-pubmed-42749096,pubmed-42749096,42749096,10.1016/j.phrs.2026.108461,Cellular senescence of fibro-adipogenic progenitors by STAT5A/GFPT2/O-GlcNAcylation impairs muscle recovery after glucocorticoid-induced injury.,senolytics,metadata_only_needs_classification,human,E,retired_from_active_findings,topic_scope_mismatch,2026-09-21,Git history and prior public-data snapshots
finding-pubmed-42749175,pubmed-42749175,42749175,10.1016/j.fsi.2026.111724,Seasonal immune dynamics and host-microbiota interactions in the mussel Mytilus galloprovincialis under a warming Mediterranean Sea.,microbiome-inflammaging,metadata_only_needs_classification,human,E,retired_from_active_findings,topic_scope_mismatch,2026-09-21,Git history and prior public-data snapshots
finding-pubmed-42749199,pubmed-42749199,42749199,10.1016/j.freeradbiomed.2026.09.008,β-Amyloid and glutathione dysregulation cooperatively drive lipid peroxidation and ferroptosis in neuron-like cells.,autophagy-mitophagy,metadata_only_needs_classification,human,E,retired_from_active_findings,title_topic_signal_missing,2026-09-21,Git history and prior public-data snapshots
finding-pubmed-42749268,pubmed-42749268,42749268,10.1177/02683555261490768,Impact of endovenous radiofrequency ablation on restless legs syndrome severity and sleep quality in patients with chronic venous insufficiency.,sleep-aging,metadata_only_needs_classification,human,E,retired_from_active_findings,topic_capacity_limit,2026-09-21,Git history and prior public-data snapshots
finding-pubmed-42749321,pubmed-42749321,42749321,10.7507/1002-1892.202604043,[Clinical characteristics and classification of deep branch of ulnar nerve injury].,resistance-training-muscle,metadata_only_needs_classification,human,E,retired_from_active_findings,title_topic_signal_missing,2026-09-21,Git history and prior public-data snapshots
finding-pubmed-42749326,pubmed-42749326,42749326,10.7507/1002-1892.202605002,[Analysis of effectiveness of arthroscopic iliopsoas tendon tenotomy at labral level for iliopsoas cyst complicated with internal snapping hip].,resistance-training-muscle,metadata_only_needs_classification,human,E,retired_from_active_findings,title_topic_signal_missing,2026-09-21,Git history and prior public-data snapshots
finding-pubmed-42749371,pubmed-42749371,42749371,10.1136/bmjopen-2026-118047,Effect of synbiotic supplementation and psychobiotic diet on prenatal and postnatal depression and anxiety in women with gestational diabetes: a three-arm randomised controlled trial protocol.,microbiome-inflammaging,protocol_or_registered_plan,human,E,retired_from_active_findings,non_result_publication_title,2026-09-21,Git history and prior public-data snapshots
finding-pubmed-42749493,pubmed-42749493,42749493,10.1111/ejh.70318,Toxicity-Related Treatment Cessation in Newly Diagnosed Multiple Myeloma-Risk Factors and Survival: An Analysis From the APAC and ANZ Myeloma and Related Diseases Registry.,resistance-training-muscle,metadata_only_needs_classification,human,E,retired_from_active_findings,title_topic_signal_missing,2026-09-21,Git history and prior public-data snapshots
finding-pubmed-42749737,pubmed-42749737,42749737,10.1038/s41467-026-77686-8,Quantitative proteomics reveals coordinated changes in the proteome during replicative senescence.,autophagy-mitophagy,metadata_only_needs_classification,cell,E,retired_from_active_findings,title_topic_signal_missing,2026-09-21,Git history and prior public-data snapshots
finding-pubmed-42749905,pubmed-42749905,42749905,10.1186/s40348-026-00259-8,Maternal metformin treatment in obese pregnant dams normalizes neonatal sensory-motor reflexes.,metformin-aging,animal_study,mouse,D,retired_from_active_findings,topic_scope_mismatch,2026-09-21,Git history and prior public-data snapshots
finding-pubmed-42750176,pubmed-42750176,42750176,10.1080/02640414.2026.2732595,"Effect of blood flow restricted walking on cardiovascular fitness, muscular development, and functional performance in adults: A systematic review with meta-analysis.",resistance-training-muscle,systematic_review_or_meta_analysis,human,A,retired_from_active_findings,title_topic_signal_missing,2026-09-21,Git history and prior public-data snapshots
finding-pubmed-42750184,pubmed-42750184,42750184,10.1002/advs.77687,Proteogenomic Profiling of Idiopathic Pulmonary Arterial Hypertension Identifies Sex-Differential Proteins and Candidate Therapeutic Targets.,blood-pressure-aging,human_mendelian_randomization,human,B,retired_from_active_findings,topic_scope_mismatch,2026-09-21,Git history and prior public-data snapshots
finding-pubmed-42750316,pubmed-42750316,42750316,10.1002/advs.77774,MAPA: A Semantic Network Framework for Functional Module Discovery and Interpretation in Multi-Omics Data.,microbiome-inflammaging,metadata_only_needs_classification,human,E,retired_from_active_findings,title_topic_signal_missing,2026-09-21,Git history and prior public-data snapshots
finding-pubmed-42750336,pubmed-42750336,42750336,10.1111/bph.70656,Alamandine/MrgD pathway modulates gut-bone marrow axis in ageing.,microbiome-inflammaging,animal_study,mouse,D,retired_from_active_findings,title_topic_signal_missing,2026-09-21,Git history and prior public-data snapshots
finding-pubmed-42750643,pubmed-42750643,42750643,10.1111/jgs.70713,Eyeballing for Frailty Assessment in Elderly Patients Referred for Coronary Angiography.,resistance-training-muscle,metadata_only_needs_classification,human,E,retired_from_active_findings,topic_scope_mismatch,2026-09-21,Git history and prior public-data snapshots
finding-pubmed-42750649,pubmed-42750649,42750649,10.1111/dom.71305,"Comparative Cardiorenal Efficacy and Safety of Finerenone, SGLT2 Inhibitors, Semaglutide and Their Combination in Diabetic Kidney Disease.",glp1-weight-cardiometabolic,metadata_only_needs_classification,human,E,retired_from_active_findings,topic_capacity_limit,2026-09-21,Git history and prior public-data snapshots
finding-pubmed-42751094,pubmed-42751094,42751094,10.1210/jcemcr/luag261,Postmenopausal bleeding associated with semaglutide: a diagnostic challenge.,glp1-weight-cardiometabolic,metadata_only_needs_classification,human,E,retired_from_active_findings,topic_capacity_limit,2026-09-21,Git history and prior public-data snapshots
finding-pubmed-42751099,pubmed-42751099,42751099,10.1210/jcemcr/luag260,Sustained weight loss exceeding 100 kg with sequential incretin-based therapy in Prader-Willi syndrome.,glp1-weight-cardiometabolic,metadata_only_needs_classification,needs_review,E,retired_from_active_findings,title_topic_signal_missing,2026-09-21,Git history and prior public-data snapshots
finding-pubmed-42751700,pubmed-42751700,42751700,10.2490/prm.20260051,Evaluation of Beverage Can-opening Status as a Screening Indicator for Sarcopenia: A Cross-sectional Study.,resistance-training-muscle,metadata_only_needs_classification,human,E,retired_from_active_findings,topic_scope_mismatch,2026-09-21,Git history and prior public-data snapshots
finding-pubmed-42751734,pubmed-42751734,42751734,10.1093/eurjpc/zwag494,Semaglutide and Limb Events: Expanding the Cardiovascular Prevention Paradigm?,glp1-weight-cardiometabolic,metadata_only_needs_classification,needs_review,E,retired_from_active_findings,topic_capacity_limit,2026-09-21,Git history and prior public-data snapshots
finding-pubmed-42751742,pubmed-42751742,42751742,10.1177/21532176261486979,"Nutritional Deficiencies, Complications, and Nutrition Therapy/Counseling in Pediatric Patients Using GLP-1 Receptor Agonists.",glp1-weight-cardiometabolic,metadata_only_needs_classification,human,E,retired_from_active_findings,topic_capacity_limit,2026-09-21,Git history and prior public-data snapshots
finding-pubmed-42751780,pubmed-42751780,42751780,10.1161/CIR.0000000000001471,Women's Kidney Health in Focus: A Scientific Statement From the American Heart Association.,blood-pressure-aging,narrative_review,human,E,retired_from_active_findings,title_topic_signal_missing,2026-09-21,Git history and prior public-data snapshots
finding-pubmed-42752199,pubmed-42752199,42752199,10.1073/pnas.2601943123,Promotion of long-term health in early life.,microbiome-inflammaging,metadata_only_needs_classification,human,E,retired_from_active_findings,title_topic_signal_missing,2026-09-21,Git history and prior public-data snapshots
finding-pubmed-42752325,pubmed-42752325,42752325,10.1080/07853890.2026.2718576,Biochemical characteristics associated with spironolactone use in hospitalized patients with hypotonic hyponatraemia.,blood-pressure-aging,human_cohort,human,C,retired_from_active_findings,title_topic_signal_missing,2026-09-21,Git history and prior public-data snapshots
finding-pubmed-42752362,pubmed-42752362,42752362,10.5888/pcd23.250436,"Transportation Walking Among US Adults With and Without Transportation Insecurity, 2022 National Health Interview Survey.",physical-activity-healthspan,metadata_only_needs_classification,human,E,retired_from_active_findings,topic_capacity_limit,2026-09-21,Git history and prior public-data snapshots
finding-pubmed-42752398,pubmed-42752398,42752398,10.2196/92631,The Effect of Integrated Aerobic and Cognitive Training (Activ4Brain) on Cognition and Neurophysiology in Older Adults: Protocol for a Controlled Trial.,physical-activity-healthspan,protocol_or_registered_plan,human,E,retired_from_active_findings,protocol_or_registered_plan,2026-09-21,Git history and prior public-data snapshots
finding-pubmed-42752400,pubmed-42752400,42752400,10.2196/94648,Effects of a Nutritionally Balanced Between-Meal Food Product on Brain Function in Older Adults: Protocol for a Randomized Controlled Trial (the MiniMeal Study).,microbiome-inflammaging,protocol_or_registered_plan,human,E,retired_from_active_findings,protocol_or_registered_plan,2026-09-21,Git history and prior public-data snapshots
finding-pubmed-42752515,pubmed-42752515,42752515,10.1097/QAD.0000000000004624,Effects of semaglutide on subclinical cardiovascular health in people with HIV.,glp1-weight-cardiometabolic,metadata_only_needs_classification,human,E,retired_from_active_findings,topic_capacity_limit,2026-09-21,Git history and prior public-data snapshots
finding-pubmed-42752532,pubmed-42752532,42752532,10.1097/XCS.0000000000002207,Impact of Geriatric Surgery Verification Program Implementation on Vulnerability Assessment Rates: A Multicenter Retrospective Cohort Study.,resistance-training-muscle,human_cohort,human,C,retired_from_active_findings,title_topic_signal_missing,2026-09-21,Git history and prior public-data snapshots
finding-pubmed-42752565,pubmed-42752565,42752565,10.1097/SHK.0000000000002942,"Deletion of interleukin-22 binding protein increases gut permeability, dysbiosis, and mortality in sepsis.",microbiome-inflammaging,animal_study,mouse,D,retired_from_active_findings,title_topic_signal_missing,2026-09-21,Git history and prior public-data snapshots
finding-pubmed-42752600,pubmed-42752600,42752600,10.1093/ptj/pzag093,"REmotely monitored, Mobile health-supported Multidomain Rehabilitation with High Intensity Interval Training for COVID-19 (REMM-HIIT-CoV): Trial Design and Rationale.",resistance-training-muscle,metadata_only_needs_classification,human,E,retired_from_active_findings,title_topic_signal_missing,2026-09-21,Git history and prior public-data snapshots
finding-pubmed-42752699,pubmed-42752699,42752699,10.1007/s00394-026-04093-6,Health co-benefits of sustainable dietary transitions to reduced red and processed meat intake in the United Kingdom: a modelling study.,dietary-pattern-longevity,metadata_only_needs_classification,human,E,retired_from_active_findings,topic_capacity_limit,2026-09-21,Git history and prior public-data snapshots
finding-pubmed-42752854,pubmed-42752854,42752854,10.1007/s41999-026-01609-5,Scoping review on navigation interventions for older adults with cancer in Europe and beyond.,resistance-training-muscle,narrative_review,human,E,retired_from_active_findings,title_topic_signal_missing,2026-09-21,Git history and prior public-data snapshots
finding-pubmed-42752966,pubmed-42752966,42752966,10.1007/s00125-026-06848-6,"Indices of obesity, malnutrition and inflammation are strong predictors of mortality in adults with type 2 diabetes: the FIELD study.",resistance-training-muscle,metadata_only_needs_classification,human,E,retired_from_active_findings,title_topic_signal_missing,2026-09-21,Git history and prior public-data snapshots
finding-pubmed-42753037,pubmed-42753037,42753037,10.1007/s13730-026-01179-2,Highly viscous ascites prompting reconsideration of cardiorenal syndrome in a patient with advanced CKD after TAVI.,blood-pressure-aging,metadata_only_needs_classification,human,E,retired_from_active_findings,title_topic_signal_missing,2026-09-21,Git history and prior public-data snapshots
finding-pubmed-42753052,pubmed-42753052,42753052,10.1007/s11154-026-10080-3,"Skeletal stem and progenitor cell niche organization, regulation and repair.",microbiome-inflammaging,narrative_review,human,E,retired_from_active_findings,title_topic_signal_missing,2026-09-21,Git history and prior public-data snapshots
finding-pubmed-42753068,pubmed-42753068,42753068,10.1007/s12011-026-05311-2,"Comparative Effects of Metformin, Boric Acid, and Lithium Chloride on Oxidative Stress-Mediated Cytotoxicity in HepG2 Hepatocarcinoma Cells.",metformin-aging,metadata_only_needs_classification,human,E,retired_from_active_findings,topic_scope_mismatch,2026-09-21,Git history and prior public-data snapshots
finding-pubmed-42753116,pubmed-42753116,42753116,10.1007/s13300-026-01919-8,Comparing Cardiovascular Outcomes in New Users of Oral Semaglutide Versus Other Noninsulin Glucose-Lowering Therapies Among Adults with Type 2 Diabetes and Atherosclerotic Cardiovascular Disease.,glp1-weight-cardiometabolic,metadata_only_needs_classification,human,E,retired_from_active_findings,topic_capacity_limit,2026-09-21,Git history and prior public-data snapshots
finding-pubmed-42753230,pubmed-42753230,42753230,10.1093/carcin/bgag068,"Ultra-processed Foods, Cancer, and Early-onset Cancer: A Comprehensive Review.",dietary-pattern-longevity,narrative_review,human,E,retired_from_active_findings,topic_capacity_limit,2026-09-21,Git history and prior public-data snapshots
finding-pubmed-42753336,pubmed-42753336,42753336,10.1016/j.ecoenv.2026.120807,Molecular perturbations of Daphnia magna in response to glyphosate - In laboratory medium and river water.,metformin-aging,metadata_only_needs_classification,human,E,retired_from_active_findings,title_topic_signal_missing,2026-09-21,Git history and prior public-data snapshots
finding-pubmed-42753383,pubmed-42753383,42753383,10.1016/j.sleep.2026.109272,"Current practice, clinical perspectives and barriers to multi-night testing for obstructive sleep apnea in Europe: a survey across ESADA centers.",sleep-aging,metadata_only_needs_classification,human,E,retired_from_active_findings,topic_capacity_limit,2026-09-21,Git history and prior public-data snapshots
finding-pubmed-42753423,pubmed-42753423,42753423,10.1016/j.pbi.2026.102964,The crosstalk of autophagy and metabolism in plants.,autophagy-mitophagy,narrative_review,human,E,retired_from_active_findings,topic_scope_mismatch,2026-09-21,Git history and prior public-data snapshots
finding-pubmed-42753512,pubmed-42753512,42753512,10.1016/j.ejso.2026.112134,Long-term quality of life and physical functioning after curative local treatment of colorectal metastases in older patients.,resistance-training-muscle,metadata_only_needs_classification,human,E,retired_from_active_findings,title_topic_signal_missing,2026-09-21,Git history and prior public-data snapshots
finding-pubmed-42753698,pubmed-42753698,42753698,10.1016/j.cell.2026.08.026,An open benchmark and language models for AI in aging biology.,epigenetic-clocks,metadata_only_needs_classification,needs_review,E,retired_from_active_findings,title_topic_signal_missing,2026-09-21,Git history and prior public-data snapshots
finding-pubmed-42753774,pubmed-42753774,42753774,10.1016/j.langlo.2026.104082,"Global inequalities in cardiometabolic care and achievable cardiovascular risk reduction by wealth, region, and sex: a pooled analysis of individual participant data from 76 countries.",blood-pressure-aging,metadata_only_needs_classification,human,E,retired_from_active_findings,title_topic_signal_missing,2026-09-21,Git history and prior public-data snapshots
finding-pubmed-42753935,pubmed-42753935,42753935,10.1016/j.exger.2026.113322,The association between gut microbiota and delirium: A systematic review.,microbiome-inflammaging,systematic_review_or_meta_analysis,human,E,retired_from_active_findings,topic_scope_mismatch,2026-09-21,Git history and prior public-data snapshots
finding-pubmed-42753956,pubmed-42753956,42753956,10.1016/j.mad.2026.112255,Hierarchical homeostatic failure in Hutchinson-Gilford progeria syndrome: From nuclear lesion to systemic decline.,microbiome-inflammaging,metadata_only_needs_classification,human,E,retired_from_active_findings,title_topic_signal_missing,2026-09-21,Git history and prior public-data snapshots
finding-pubmed-42754091,pubmed-42754091,42754091,10.1016/j.cmi.2026.09.015,"Sex differences in surgically treated left-sided infective endocarditis: Results from the international, prospective, multicenter BESOS study.",resistance-training-muscle,metadata_only_needs_classification,human,E,retired_from_active_findings,title_topic_signal_missing,2026-09-21,Git history and prior public-data snapshots
finding-pubmed-42754146,pubmed-42754146,42754146,10.1016/j.jshs.2026.101178,Methylome-transcriptome integration reveals molecular signatures of intrinsic aerobic capacity in aged skeletal muscle.,physical-activity-healthspan,animal_study,animal,D,retired_from_active_findings,title_topic_signal_missing,2026-09-21,Git history and prior public-data snapshots
finding-pubmed-42754181,pubmed-42754181,42754181,10.1016/j.freeradbiomed.2026.09.016,Brown adipocyte Acss1 restoration ameliorates redox-metabolic dysfunction and systemic metabolic decline during aging.,autophagy-mitophagy,animal_study,mouse,D,retired_from_active_findings,title_topic_signal_missing,2026-09-21,Git history and prior public-data snapshots
finding-pubmed-42754269,pubmed-42754269,42754269,10.18632/aging.206422,"Control theory of aging and longevity for gerotherapeutic drug discovery: state space, vector fields, modalities, safety, and the minimum safe cost of functional restoration.",epigenetic-clocks,metadata_only_needs_classification,human,E,retired_from_active_findings,title_topic_signal_missing,2026-09-21,Git history and prior public-data snapshots
finding-pubmed-42754274,pubmed-42754274,42754274,10.1136/bmjopen-2026-123779,"Semaglutide as adjunct treatment for obesity in adolescents receiving antipsychotic medication (the GOAL trial): protocol for a single-arm, open-label feasibility study.",glp1-weight-cardiometabolic,protocol_or_registered_plan,human,E,retired_from_active_findings,protocol_or_registered_plan,2026-09-21,Git history and prior public-data snapshots
finding-pubmed-42754384,pubmed-42754384,42754384,10.26508/lsa.202603852,Drug-induced metabolic remodeling promotes antimicrobial activity in macrophages and extends longevity in vivo.,autophagy-mitophagy,metadata_only_needs_classification,human,E,retired_from_active_findings,title_topic_signal_missing,2026-09-21,Git history and prior public-data snapshots
finding-pubmed-42754392,pubmed-42754392,42754392,10.14444/8954,Do Preoperative Glucagon-Like Peptide-1 Receptor Agonists Influence Lumbar Fusion Outcomes? A Systematic Review and Meta-Analysis.,glp1-weight-cardiometabolic,systematic_review_or_meta_analysis,human,E,retired_from_active_findings,title_topic_signal_missing,2026-09-21,Git history and prior public-data snapshots
finding-pubmed-42754544,pubmed-42754544,42754544,10.1111/jgs.70722,Mapping the 5Ms: Identifying Gaps in a Geriatric Medicine Curriculum at a U.S. Medical School.,resistance-training-muscle,metadata_only_needs_classification,human,E,retired_from_active_findings,title_topic_signal_missing,2026-09-21,Git history and prior public-data snapshots
finding-pubmed-42754586,pubmed-42754586,42754586,10.1038/s41514-026-00488-1,Validation and refinement of a biomarker panel for frailty assessment and prediction of muscle weakness in older adults.,resistance-training-muscle,human_cohort,human,B,retired_from_active_findings,topic_scope_mismatch,2026-09-21,Git history and prior public-data snapshots
finding-pubmed-42754596,pubmed-42754596,42754596,10.1038/s41514-026-00500-8,Deciphering senescence-associated mechanisms through cell painting & transcriptomics.,senolytics,mechanistic_or_cell_study,cell,E,retired_from_active_findings,title_topic_signal_missing,2026-09-21,Git history and prior public-data snapshots
finding-pubmed-42754613,pubmed-42754613,42754613,10.1038/s41514-026-00439-w,"Effects of a three-month exercise programme on cognition, mood and neurogenesis: the NeuroFit randomised controlled trial.",microbiome-inflammaging,human_randomized_or_clinical_trial,human,B,retired_from_active_findings,title_topic_signal_missing,2026-09-21,Git history and prior public-data snapshots
finding-pubmed-42754648,pubmed-42754648,42754648,10.1007/s00109-026-02714-5,METTL3 mitigates age-related hearing loss by inhibiting NF-κB-mediated inflammatory responses through the m(6)A modification of NFKBIA.,microbiome-inflammaging,animal_study,mouse,D,retired_from_active_findings,title_topic_signal_missing,2026-09-21,Git history and prior public-data snapshots
finding-pubmed-42754747,pubmed-42754747,42754747,10.1007/s13239-026-00859-5,"Cardiovascular Disease and Androgens: Clinical Trends, Potential Mechanisms, and Considerations for Engineering Solutions.",blood-pressure-aging,narrative_review,human,E,retired_from_active_findings,title_topic_signal_missing,2026-09-21,Git history and prior public-data snapshots
finding-pubmed-42754765,pubmed-42754765,42754765,10.1007/s13300-026-01907-y,Exit Interviews Examining Patient Experiences with Tirzepatide and Dulaglutide for Treatment of Type 2 Diabetes in the SURPASS-CVOT Trial.,glp1-weight-cardiometabolic,metadata_only_needs_classification,human,E,retired_from_active_findings,topic_capacity_limit,2026-09-21,Git history and prior public-data snapshots
finding-pubmed-42754814,pubmed-42754814,42754814,10.1007/s40122-026-00891-2,Age-Related Transitions in Low Back Pain Pathology: A Life-Course Narrative Review.,resistance-training-muscle,narrative_review,human,E,retired_from_active_findings,title_topic_signal_missing,2026-09-21,Git history and prior public-data snapshots
finding-pubmed-42754817,pubmed-42754817,42754817,10.1111/jgs.70690,The Mean and Variability of Morning Hour Activity Over 2-3 Days Predict 5-Year Mortality and Frailty Risk in a National Sample of Older Adults.,resistance-training-muscle,metadata_only_needs_classification,human,E,retired_from_active_findings,topic_scope_mismatch,2026-09-21,Git history and prior public-data snapshots
finding-pubmed-42754840,pubmed-42754840,42754840,10.1080/08037051.2026.2721754,OSAS.MAP10 and all-cause mortality risk in hypertensive patients: a retrospective cohort analysis of NHANES.,blood-pressure-aging,human_cohort,human,B,retired_from_active_findings,title_topic_signal_missing,2026-09-21,Git history and prior public-data snapshots
finding-pubmed-42754908,pubmed-42754908,42754908,10.1186/s13073-026-01765-0,Machine learning identifies microbiome and clinical predictors of sustained weight loss following prolonged fasting.,time-restricted-eating,human_randomized_or_clinical_trial,human,C,retired_from_active_findings,title_topic_signal_missing,2026-09-21,Git history and prior public-data snapshots
finding-pubmed-42755069,pubmed-42755069,42755069,10.1093/gerona/glag234,DNA methylation variability provides a complementary epigenetic signature of aging heterogeneity: Findings from the Canadian Longitudinal Study on Aging and the Baltimore Longitudinal Study of Aging.,resistance-training-muscle,human_cohort,human,B,retired_from_active_findings,title_topic_signal_missing,2026-09-21,Git history and prior public-data snapshots
finding-pubmed-42755133,pubmed-42755133,42755133,10.1111/jgh.70715,EUS-Guided Cyanoacrylate Injection With Balloon-Compression Sclerotherapy Versus Band Ligation for Gastroesophageal Varices: A Randomized Trial.,microbiome-inflammaging,human_randomized_or_clinical_trial,human,C,retired_from_active_findings,title_topic_signal_missing,2026-09-21,Git history and prior public-data snapshots
finding-pubmed-42755136,pubmed-42755136,42755136,10.1111/dom.71318,Preferences for Obesity Medications Among People With Overweight or Obesity in the United States: A Discrete-Choice Experiment (OPTIC).,glp1-weight-cardiometabolic,metadata_only_needs_classification,human,E,retired_from_active_findings,title_topic_signal_missing,2026-09-21,Git history and prior public-data snapshots
finding-pubmed-42755181,pubmed-42755181,42755181,10.1080/19490976.2026.2732528,Targeting the gut-bone axis in osteoporosis: probiotic interventions and other microbiota-based therapeutic strategies.,microbiome-inflammaging,narrative_review,human,E,retired_from_active_findings,topic_scope_mismatch,2026-09-21,Git history and prior public-data snapshots
finding-pubmed-42755258,pubmed-42755258,42755258,10.1097/MED.0000000000000979,Normal weight obesity: a South Asian phenotype.,physical-activity-healthspan,metadata_only_needs_classification,human,E,retired_from_active_findings,title_topic_signal_missing,2026-09-21,Git history and prior public-data snapshots
finding-pubmed-42755316,pubmed-42755316,42755316,10.62713/aic.4560,Effects of Animated Video Instruction Combined With Practical Demonstration Video on Postoperative Functional Exercise Compliance and Rehabilitation Outcomes in Patients Undergoing Arthroscopic Shoulder Surgery.,resistance-training-muscle,human_randomized_or_clinical_trial,human,C,retired_from_active_findings,title_topic_signal_missing,2026-09-21,Git history and prior public-data snapshots
finding-pubmed-42756500,pubmed-42756500,42756500,10.1210/jcemcr/luag284,Simultaneous and recurrent hordeola and chalazia associated with tirzepatide therapy: a case series.,glp1-weight-cardiometabolic,metadata_only_needs_classification,human,E,retired_from_active_findings,topic_capacity_limit,2026-09-21,Git history and prior public-data snapshots
finding-pubmed-42756549,pubmed-42756549,42756549,10.1002/hsr2.73272,Predictors of Short- and Long-Term Major Adverse Cardiac and Cerebrovascular Events (MACCE) After Percutaneous Coronary Intervention: A Cohort Study on the Data of National Persian Registry of Cardiovascular Disease (N-PROVE).,blood-pressure-aging,human_cohort,human,C,retired_from_active_findings,title_topic_signal_missing,2026-09-21,Git history and prior public-data snapshots
finding-pubmed-42756571,pubmed-42756571,42756571,10.1177/20552076261491104,Developing and validating an interpretable machine learning model for frailty risk prediction in patients with chronic diseases.,resistance-training-muscle,metadata_only_needs_classification,human,E,retired_from_active_findings,topic_scope_mismatch,2026-09-21,Git history and prior public-data snapshots
finding-pubmed-42756715,pubmed-42756715,42756715,10.7759/cureus.116396,Improving the Assessment and Management of Constipation in Elderly Inpatients: A Quality Improvement Project in a Geriatric Ward.,resistance-training-muscle,metadata_only_needs_classification,human,E,retired_from_active_findings,title_topic_signal_missing,2026-09-21,Git history and prior public-data snapshots
finding-pubmed-42756805,pubmed-42756805,42756805,10.71480/nmj.v67i5.1419,"Relationship of Sleep Quality and Resting Heart Rate with Academic Performance among Preclinical Medical Students at Yobe State University, Damaturu, Nigeria.",sleep-aging,metadata_only_needs_classification,human,E,retired_from_active_findings,topic_capacity_limit,2026-09-21,Git history and prior public-data snapshots
finding-pubmed-42756918,pubmed-42756918,42756918,10.1136/wjps-2026-001205,Maternal and perinatal risk factors for necrotizing enterocolitis.,microbiome-inflammaging,narrative_review,human,E,retired_from_active_findings,title_topic_signal_missing,2026-09-21,Git history and prior public-data snapshots
finding-pubmed-42757202,pubmed-42757202,42757202,10.1088/1748-9326/aea587,Health and environmental co-benefits of reducing ultra-processed food consumption in Argentina: a modelling study.,dietary-pattern-longevity,metadata_only_needs_classification,human,E,retired_from_active_findings,topic_capacity_limit,2026-09-21,Git history and prior public-data snapshots
finding-pubmed-42757239,pubmed-42757239,42757239,10.18332/tid/231379,"Smoking cessation, weight change, and incidence and progression of frailty: A longitudinal analysis of the US Health and Retirement Study.",resistance-training-muscle,metadata_only_needs_classification,human,E,retired_from_active_findings,topic_scope_mismatch,2026-09-21,Git history and prior public-data snapshots
finding-pubmed-42757386,pubmed-42757386,42757386,10.2147/CIA.S643163,"Nutritional Status, Fat-Free Mass Index, and Functional Dependency in Older Adults: A Cross-Sectional Path Analysis.",resistance-training-muscle,metadata_only_needs_classification,human,E,retired_from_active_findings,title_topic_signal_missing,2026-09-21,Git history and prior public-data snapshots
finding-pubmed-42757472,pubmed-42757472,42757472,10.3892/mmr.2026.14020,Mitochondria‑associated endoplasmic reticulum membranes in degenerative musculoskeletal disorders: Mechanistic evidence and therapeutic perspectives (Review).,resistance-training-muscle,narrative_review,human,E,retired_from_active_findings,title_topic_signal_missing,2026-09-21,Git history and prior public-data snapshots
finding-pubmed-42757508,pubmed-42757508,42757508,10.1080/00325481.2026.2724170,Plain language review: non-invasive screening for metabolic dysfunction-associated steatotic liver disease (MASLD) and metabolic dysfunction-associated steatohepatitis (MASH) in primary care.,glp1-weight-cardiometabolic,narrative_review,needs_review,E,retired_from_active_findings,title_topic_signal_missing,2026-09-21,Git history and prior public-data snapshots
finding-pubmed-42757591,pubmed-42757591,42757591,10.7189/jogh.16.04326,Association between endometriosis and cardiovascular disease: a population-based cohort study.,blood-pressure-aging,human_cohort,human,C,retired_from_active_findings,title_topic_signal_missing,2026-09-21,Git history and prior public-data snapshots
finding-pubmed-42757621,pubmed-42757621,42757621,10.1097/MPA.0000000000002719,"Commentary on ""Effect of Skeletal Muscle Mass Loss on Outcomes of Patients with Intraductal Papillary Mucinous Neoplasm"".",resistance-training-muscle,metadata_only_needs_classification,human,E,retired_from_active_findings,non_result_publication_title,2026-09-21,Git history and prior public-data snapshots
finding-pubmed-42757889,pubmed-42757889,42757889,10.1161/JAHA.125.048656,"Association Between Rest-Activity Rhythm and Cardiovascular Disease, Cardiovascular Mortality, and All-Cause Mortality: A Systematic Review and Meta-Analysis.",physical-activity-healthspan,systematic_review_or_meta_analysis,human,A,retired_from_active_findings,title_topic_signal_missing,2026-09-21,Git history and prior public-data snapshots
finding-pubmed-42757923,pubmed-42757923,42757923,10.1161/JAHA.126.050956,Multivariate Machine Learning Model for Long-Term Risk Prediction of Acute Coronary Syndrome in Patients With Heart Failure With Preserved Ejection Fraction and Obstructive Sleep Apnea.,sleep-aging,metadata_only_needs_classification,human,E,retired_from_active_findings,topic_capacity_limit,2026-09-21,Git history and prior public-data snapshots
finding-pubmed-42758011,pubmed-42758011,42758011,10.1177/08850666261487160,Critical Care and Transplant Decision-Making in Acute and Acute-on-Chronic Liver Failure: A Scoping Review.,resistance-training-muscle,narrative_review,human,E,retired_from_active_findings,title_topic_signal_missing,2026-09-21,Git history and prior public-data snapshots
finding-pubmed-42758106,pubmed-42758106,42758106,10.1002/bcp.70824,Benzodiazepines use in primary care England: Prescribing patterns and adverse consequences.,sleep-aging,metadata_only_needs_classification,needs_review,E,retired_from_active_findings,title_topic_signal_missing,2026-09-21,Git history and prior public-data snapshots
finding-pubmed-42758145,pubmed-42758145,42758145,10.1093/rheumatology/keag516,Effectiveness of oral anticoagulants in precapillary pulmonary hypertension associated with systemic sclerosis: a EUSTAR cohort study.,blood-pressure-aging,human_cohort,human,C,retired_from_active_findings,topic_scope_mismatch,2026-09-21,Git history and prior public-data snapshots
finding-pubmed-42758259,pubmed-42758259,42758259,10.1007/s11325-026-03811-y,Association of sleep efficiency with cardiac autonomic modulation in young and professional soccer players during pre-season.,sleep-aging,metadata_only_needs_classification,human,E,retired_from_active_findings,topic_capacity_limit,2026-09-21,Git history and prior public-data snapshots
finding-pubmed-42758303,pubmed-42758303,42758303,10.1007/s00114-026-02160-w,Parental care in Canthon cyanellus cyanellus maintains brood ball moisture and shapes bacterial communities: implications for offspring survival.,microbiome-inflammaging,metadata_only_needs_classification,human,E,retired_from_active_findings,title_topic_signal_missing,2026-09-21,Git history and prior public-data snapshots
finding-pubmed-42758304,pubmed-42758304,42758304,10.1007/s00125-026-06863-7,Unimolecular GLP-1/APJ receptor co-agonism improves metabolism and dyslipidaemia as well as normalising hepatic triglyceride and aminotransferase elevation in high-fat-fed mice.,glp1-weight-cardiometabolic,animal_study,mouse,D,retired_from_active_findings,nonhuman_record_in_human_outcome_topic,2026-09-21,Git history and prior public-data snapshots
finding-pubmed-42758403,pubmed-42758403,42758403,10.1007/s12011-026-05350-9,Selenium Deficiency is a Significant Risk Factor for Sarcopenia: Evidence and Selenoprotein-Mediated Mechanisms.,resistance-training-muscle,narrative_review,human,E,retired_from_active_findings,topic_scope_mismatch,2026-09-21,Git history and prior public-data snapshots
finding-pubmed-42758431,pubmed-42758431,42758431,10.1007/s13679-026-00765-w,When Ultra-Processed Foods are Eaten: The Missing Dimension in Exposure Measurement for Obesity Research.,time-restricted-eating,narrative_review,human,E,retired_from_active_findings,title_topic_signal_missing,2026-09-21,Git history and prior public-data snapshots
finding-pubmed-42758481,pubmed-42758481,42758481,10.1080/07380577.2026.2733169,Associations of Cognitive Impairment and Physical Prefrailty with Occupational Dysfunction in Community-Dwelling Older Adults: Accounting for Depressive Tendencies.,resistance-training-muscle,narrative_review,human,E,retired_from_active_findings,topic_scope_mismatch,2026-09-21,Git history and prior public-data snapshots
finding-pubmed-42758548,pubmed-42758548,42758548,10.2215/CJN.0000001220,A Mixed-Methods Study of How Older Adults with Advanced CKD Perceive Kidney Failure Risk.,resistance-training-muscle,metadata_only_needs_classification,human,E,retired_from_active_findings,title_topic_signal_missing,2026-09-21,Git history and prior public-data snapshots
finding-pubmed-42758549,pubmed-42758549,42758549,10.1097/JCN.0000000000001388,"Trajectories of Cognitive Function, Affective Symptoms, and Self-Care in Heart Failure: A Prospective Cohort Study.",resistance-training-muscle,human_cohort,human,B,retired_from_active_findings,title_topic_signal_missing,2026-09-21,Git history and prior public-data snapshots
finding-pubmed-42759073,pubmed-42759073,42759073,10.1016/j.ortho.2026.101245,Efficacy of acetazolamide in adult sleep apnea: A systematic review of randomized controlled trials.,sleep-aging,systematic_review_or_meta_analysis,human,E,retired_from_active_findings,topic_capacity_limit,2026-09-21,Git history and prior public-data snapshots
finding-pubmed-42759347,pubmed-42759347,42759347,10.1016/j.sleep.2026.109254,A longitudinal case report illustrating diagnostic complexity among overlapping sleep-wake phenotypes.,glp1-weight-cardiometabolic,metadata_only_needs_classification,human,E,retired_from_active_findings,title_topic_signal_missing,2026-09-21,Git history and prior public-data snapshots
finding-pubmed-42759441,pubmed-42759441,42759441,10.1016/j.ejso.2026.112156,Spotting the vulnerable: Preoperative risk stratification in non-metastatic colorectal cancer patients aged 80 years and older.,resistance-training-muscle,metadata_only_needs_classification,human,E,retired_from_active_findings,title_topic_signal_missing,2026-09-21,Git history and prior public-data snapshots
finding-pubmed-42759491,pubmed-42759491,42759491,10.1093/g3journal/jkag258,Age-dependent genetic effects contribute to immunosenescence in Drosophila melanogaster.,microbiome-inflammaging,metadata_only_needs_classification,human,E,retired_from_active_findings,title_topic_signal_missing,2026-09-21,Git history and prior public-data snapshots
finding-pubmed-42759604,pubmed-42759604,42759604,10.1016/j.otsr.2026.104882,Beyond age and comorbidities: frailty and cognitive impairment are associated with early medical complications after surgery for lumbar spinal stenosis in patients aged 75 years and older.,resistance-training-muscle,metadata_only_needs_classification,human,E,retired_from_active_findings,topic_scope_mismatch,2026-09-21,Git history and prior public-data snapshots
finding-pubmed-42759650,pubmed-42759650,42759650,10.1016/j.gastrohep.2026.502855,Prognostic value of the liver fragility index to predict hospitalization and mortality in outpatients with cirrhosis.,resistance-training-muscle,metadata_only_needs_classification,human,E,retired_from_active_findings,title_topic_signal_missing,2026-09-21,Git history and prior public-data snapshots
finding-pubmed-42759772,pubmed-42759772,42759772,10.1016/j.urology.2026.09.014,Trends in the utilization of minimally invasive therapies for overactive bladder among older adults: a national Medicare study.,resistance-training-muscle,metadata_only_needs_classification,human,E,retired_from_active_findings,title_topic_signal_missing,2026-09-21,Git history and prior public-data snapshots
finding-pubmed-42759776,pubmed-42759776,42759776,10.1016/j.bbadis.2026.168470,Oxidative lipoprotein remodelling in atherogenesis: Mechanistic insights and therapeutic potential.,ldl-apob-cardiovascular-risk,narrative_review,human,E,retired_from_active_findings,title_topic_signal_missing,2026-09-21,Git history and prior public-data snapshots
finding-pubmed-42759799,pubmed-42759799,42759799,10.1016/j.athoracsur.2026.09.026,"Association Between N1 Nodal Assessment, Upstaging, and Survival in Resected Non-Small Cell Lung Cancer.",resistance-training-muscle,metadata_only_needs_classification,human,E,retired_from_active_findings,title_topic_signal_missing,2026-09-21,Git history and prior public-data snapshots
finding-pubmed-42759809,pubmed-42759809,42759809,10.1016/j.prostaglandins.2026.107107,Lifelong Caloric Restriction Reshapes Age-Related Hepatic Oxylipin Profiles and Is Associated with a CYB5R3-Linked Epoxide-Diol Signature.,microbiome-inflammaging,animal_study,mouse,D,retired_from_active_findings,title_topic_signal_missing,2026-09-21,Git history and prior public-data snapshots
finding-pubmed-42759848,pubmed-42759848,42759848,10.1016/j.nbd.2026.107610,Cellular senescence is an early feature and therapeutic target in amyotrophic lateral sclerosis TDP-43(Q331K) mice.,senolytics,animal_study,mouse,D,retired_from_active_findings,topic_scope_mismatch,2026-09-21,Git history and prior public-data snapshots
finding-pubmed-42759976,pubmed-42759976,42759976,10.1136/bmj-2026-100624,Survival benefit of deceased donor kidney transplantation versus continued dialysis: international target trial emulation.,blood-pressure-aging,metadata_only_needs_classification,human,E,retired_from_active_findings,title_topic_signal_missing,2026-09-21,Git history and prior public-data snapshots
finding-pubmed-42759983,pubmed-42759983,42759983,10.1136/jitc-2026-015212,Frailty of older patients is not reflected in the melanoma tumor microenvironment and treatment response to immune checkpoint blockade therapy.,resistance-training-muscle,metadata_only_needs_classification,human,E,retired_from_active_findings,topic_scope_mismatch,2026-09-21,Git history and prior public-data snapshots
finding-pubmed-42760081,pubmed-42760081,42760081,10.1136/bmjopen-2026-124025,"Effect of fish oil as an adjunct therapy to metformin on vascular and cardiac health in women with polyendocrine metabolic ovarian syndrome: protocol for a randomised, placebo-controlled clinical trial.",metformin-aging,protocol_or_registered_plan,human,E,retired_from_active_findings,protocol_or_registered_plan,2026-09-21,Git history and prior public-data snapshots
finding-pubmed-42760082,pubmed-42760082,42760082,10.1136/bmjopen-2026-126255,Periodised power training in community-dwelling adults with chronic stroke: a protocol for the Power Exercise for Stroke Recovery (POWER) pilot randomised controlled trial.,resistance-training-muscle,protocol_or_registered_plan,human,E,retired_from_active_findings,protocol_or_registered_plan,2026-09-21,Git history and prior public-data snapshots
finding-pubmed-42760097,pubmed-42760097,42760097,10.1136/openhrt-2026-004403,Association between delayed transcatheter aortic valve replacement beyond 6 months and clinical outcomes in severe aortic stenosis: a retrospective observational study.,resistance-training-muscle,metadata_only_needs_classification,human,E,retired_from_active_findings,title_topic_signal_missing,2026-09-21,Git history and prior public-data snapshots
finding-pubmed-42760144,pubmed-42760144,42760144,10.1016/j.ejim.2026.107197,"CKM: Epidemiology, current clinical implications and future burden.",resistance-training-muscle,narrative_review,human,E,retired_from_active_findings,title_topic_signal_missing,2026-09-21,Git history and prior public-data snapshots
finding-pubmed-42760157,pubmed-42760157,42760157,10.1016/j.orcp.2026.09.004,Epigenetic determinants of GLP-1 responsiveness: Integrating dietary modulation beyond genetics.,glp1-weight-cardiometabolic,narrative_review,human,E,retired_from_active_findings,topic_capacity_limit,2026-09-21,Git history and prior public-data snapshots
finding-pubmed-42760198,pubmed-42760198,42760198,10.1016/j.hlc.2026.05.013,Achieving ≥90% of the Age-Predicted Treadmill Time for Commercial Vehicle Operation Does Not Predict Future Cardiovascular Events.,physical-activity-healthspan,metadata_only_needs_classification,human,E,retired_from_active_findings,title_topic_signal_missing,2026-09-21,Git history and prior public-data snapshots
finding-pubmed-42760211,pubmed-42760211,42760211,10.1016/j.arbres.2026.07.014,Reference Equations for Maximal Sniff Nasal Inspiratory Pressure in Healthy Children and Adolescents.,resistance-training-muscle,metadata_only_needs_classification,human,E,retired_from_active_findings,title_topic_signal_missing,2026-09-21,Git history and prior public-data snapshots
finding-pubmed-42760258,pubmed-42760258,42760258,10.1093/gerona/glag230,Performance of Chronic Conditions Data Warehouse Algorithms in Medicare Advantage and Fee-For-Service Populations.,resistance-training-muscle,metadata_only_needs_classification,human,E,retired_from_active_findings,title_topic_signal_missing,2026-09-21,Git history and prior public-data snapshots
finding-pubmed-42760259,pubmed-42760259,42760259,10.1093/gerona/glag229,Performance of Claims-based Frailty Indices in Medicare Advantage and Fee-for-Service Populations.,resistance-training-muscle,metadata_only_needs_classification,human,E,retired_from_active_findings,topic_scope_mismatch,2026-09-21,Git history and prior public-data snapshots
finding-pubmed-42760270,pubmed-42760270,42760270,10.1080/1061186X.2026.2735986,Senescence-Associated Extracellular Vesicles in Skin Aging and Regeneration: From Pathophysiology to Therapeutic Opportunities.,senolytics,narrative_review,human,E,retired_from_active_findings,title_topic_signal_missing,2026-09-21,Git history and prior public-data snapshots
finding-pubmed-42760348,pubmed-42760348,42760348,10.1038/s41415-026-0083-z,Rethinking systemic adjuncts in periodontitis: a single centre acquisition cost comparison of antimicrobial and non-antimicrobial therapies.,metformin-aging,metadata_only_needs_classification,human,E,retired_from_active_findings,title_topic_signal_missing,2026-09-21,Git history and prior public-data snapshots
finding-pubmed-42760434,pubmed-42760434,42760434,10.1186/s40798-026-01103-z,"Effects of Strength Training on Cognitive Function, Brain-Derived Neurotrophic Factor and Insulin-Like Growth Factor 1 in Highly-Trained Young Female Soccer Players.",resistance-training-muscle,metadata_only_needs_classification,human,E,retired_from_active_findings,topic_scope_mismatch,2026-09-21,Git history and prior public-data snapshots
finding-pubmed-42760535,pubmed-42760535,42760535,10.1186/s12877-026-08260-6,Risk factors for frailty in older adults with cancer: a systematic review.,resistance-training-muscle,systematic_review_or_meta_analysis,human,A,retired_from_active_findings,topic_scope_mismatch,2026-09-21,Git history and prior public-data snapshots
finding-pubmed-42760621,pubmed-42760621,42760621,10.1177/10600280261486055,Orforglipron: An Oral GLP-1 Receptor Agonist for Obesity Treatment.,glp1-weight-cardiometabolic,narrative_review,human,E,retired_from_active_findings,topic_capacity_limit,2026-09-21,Git history and prior public-data snapshots
finding-pubmed-42760691,pubmed-42760691,42760691,10.1097/MD.0000000000050662,National mortality trends due to OSA and respiratory failure in U.S adults from 1999-2023: Insights from the CDC-WONDER database.,sleep-aging,metadata_only_needs_classification,human,E,retired_from_active_findings,title_topic_signal_missing,2026-09-21,Git history and prior public-data snapshots
finding-pubmed-42760692,pubmed-42760692,42760692,10.1097/MD.0000000000050756,Monocyte-to-HDL cholesterol ratio and cardiovascular comorbidity in COPD: Evidence from NHANES 2007 to 2018.,blood-pressure-aging,metadata_only_needs_classification,human,E,retired_from_active_findings,title_topic_signal_missing,2026-09-21,Git history and prior public-data snapshots
finding-pubmed-42760726,pubmed-42760726,42760726,10.1097/MD.0000000000050790,"Epidemiological characteristics and clinical implications of Vibrio vulnificus infections in western Gyeongsangnam-do, Korea: A retrospective observational study.",blood-pressure-aging,metadata_only_needs_classification,human,E,retired_from_active_findings,title_topic_signal_missing,2026-09-21,Git history and prior public-data snapshots
finding-pubmed-42760739,pubmed-42760739,42760739,10.1097/MD.0000000000050770,Association between serum uric acid and benign prostatic hyperplasia among Chinese men aged 45 years or older: A prospective cohort study.,blood-pressure-aging,human_cohort,human,C,retired_from_active_findings,title_topic_signal_missing,2026-09-21,Git history and prior public-data snapshots
finding-pubmed-42761161,pubmed-42761161,42761161,10.1002/hsr2.73255,Multidimensional Assessment of Nutritional Status Among Hospitalized Older Adults With Pneumonia at a Tertiary Hospital in Ghana: A Descriptive Cross-Sectional Study.,resistance-training-muscle,metadata_only_needs_classification,human,E,retired_from_active_findings,title_topic_signal_missing,2026-09-21,Git history and prior public-data snapshots
finding-pubmed-42761895,pubmed-42761895,42761895,10.2147/COPD.S612655,Screening Utility of Lower Limb Muscle Ultrasound for Sarcopenia in COPD Patients.,resistance-training-muscle,metadata_only_needs_classification,human,E,retired_from_active_findings,topic_scope_mismatch,2026-09-21,Git history and prior public-data snapshots
finding-pubmed-42761967,pubmed-42761967,42761967,10.1162/IMAG.a.1352,Brain-age in ultra-low-field MRI: How well does it work?,epigenetic-clocks,metadata_only_needs_classification,human,E,retired_from_active_findings,title_topic_signal_missing,2026-09-21,Git history and prior public-data snapshots
finding-pubmed-42762145,pubmed-42762145,42762145,10.3791/70872,Biopolymeric Approaches for Colon Cancer Treatment: A Comprehensive Review of Polysaccharide-based Delivery Systems.,microbiome-inflammaging,narrative_review,human,E,retired_from_active_findings,title_topic_signal_missing,2026-09-21,Git history and prior public-data snapshots
finding-pubmed-42762318,pubmed-42762318,42762318,10.1007/s00421-026-06418-z,Changes in cardiac function before and after hot water immersion and endurance exercise in middle-aged individuals with overweight or obesity.,physical-activity-healthspan,metadata_only_needs_classification,needs_review,E,retired_from_active_findings,topic_capacity_limit,2026-09-21,Git history and prior public-data snapshots
finding-pubmed-42762322,pubmed-42762322,42762322,10.1007/s00421-026-06443-y,Eccentric contraction duration in bodyweight resistance exercise training for changes in physical function and health parameters of older adults.,resistance-training-muscle,metadata_only_needs_classification,human,E,retired_from_active_findings,title_topic_signal_missing,2026-09-21,Git history and prior public-data snapshots
finding-pubmed-42762629,pubmed-42762629,42762629,10.1016/j.archger.2026.106414,Characteristics and predictors of frequent emergency department presentation and patient-reported care experiences among older adults: A retrospective cohort and survey study.,resistance-training-muscle,human_cohort,human,B,retired_from_active_findings,title_topic_signal_missing,2026-09-21,Git history and prior public-data snapshots
finding-pubmed-42762660,pubmed-42762660,42762660,10.1016/j.jgo.2026.104155,Racial and socioeconomic disparities in frailty burden among older women with metastatic breast cancer: A SEER-Medicare analysis.,resistance-training-muscle,metadata_only_needs_classification,human,E,retired_from_active_findings,topic_scope_mismatch,2026-09-21,Git history and prior public-data snapshots
finding-pubmed-42762804,pubmed-42762804,42762804,10.1016/j.jacadv.2026.103242,Markers of Autonomic Function and Cancer Mortality Risk in Healthy Adults.,cardiorespiratory-fitness,metadata_only_needs_classification,human,E,retired_from_active_findings,title_topic_signal_missing,2026-09-21,Git history and prior public-data snapshots
finding-pubmed-42762896,pubmed-42762896,42762896,10.1016/j.tjnut.2026.101836,"Schisandra chinensis Modulates Cellular Senescence through Integrated Regulation of Redox, Mitochondrial, and Inflammatory Homeostasis.",resistance-training-muscle,metadata_only_needs_classification,human,E,retired_from_active_findings,title_topic_signal_missing,2026-09-21,Git history and prior public-data snapshots
finding-pubmed-42762898,pubmed-42762898,42762898,10.1016/j.tjnut.2026.101842,The association between the Global Diet Quality Score and all-cause mortality in Black South African adults.,dietary-pattern-longevity,metadata_only_needs_classification,human,E,retired_from_active_findings,topic_capacity_limit,2026-09-21,Git history and prior public-data snapshots
finding-pubmed-42762980,pubmed-42762980,42762980,10.1016/j.eprac.2026.09.006,Changes in Abdominal Adiposity and Associations With Metabolic Health Markers Following Tirzepatide in Japanese Participants With Obesity Disease: Results From the SURMOUNT-J Study.,glp1-weight-cardiometabolic,metadata_only_needs_classification,human,E,retired_from_active_findings,topic_capacity_limit,2026-09-21,Git history and prior public-data snapshots
finding-pubmed-42762982,pubmed-42762982,42762982,10.1016/j.chest.2026.08.050,Multicomponent Pulmonary Rehabilitation for Prolonged Mechanical Ventilation in Patients Aged 80 Years or Older: A Randomized Controlled Trial.,resistance-training-muscle,human_randomized_or_clinical_trial,human,B,retired_from_active_findings,title_topic_signal_missing,2026-09-21,Git history and prior public-data snapshots
finding-pubmed-42763076,pubmed-42763076,42763076,10.1016/j.exger.2026.113331,High BMI-attributable burden of eight diseases relevant to the CKM framework in China: GBD 2023 estimates and projections to 2050.,blood-pressure-aging,metadata_only_needs_classification,human,E,retired_from_active_findings,title_topic_signal_missing,2026-09-21,Git history and prior public-data snapshots
finding-pubmed-42763222,pubmed-42763222,42763222,10.1016/j.jfma.2026.09.023,Development and pilot implementation of a digitally integrated frailty-triggered comprehensive geriatric assessment system for older inpatients.,resistance-training-muscle,metadata_only_needs_classification,human,E,retired_from_active_findings,topic_scope_mismatch,2026-09-21,Git history and prior public-data snapshots
finding-pubmed-42763326,pubmed-42763326,42763326,10.1038/s41388-026-03989-1,"Beyond the blood-brain barrier: humanised mice, the missing link in glioblastoma research.",microbiome-inflammaging,animal_study,mouse,D,retired_from_active_findings,title_topic_signal_missing,2026-09-21,Git history and prior public-data snapshots
finding-pubmed-42763347,pubmed-42763347,42763347,10.1038/s41370-026-00977-1,A dangerous combination: how co-occurring floods and blackouts increase cardiovascular hospitalizations.,blood-pressure-aging,metadata_only_needs_classification,human,E,retired_from_active_findings,title_topic_signal_missing,2026-09-21,Git history and prior public-data snapshots
finding-pubmed-42763448,pubmed-42763448,42763448,10.12688/f1000research.182846.4,"Sex Differences in the Prevalence and Correlates of Sleep Disturbance Among Indonesian Stroke Survivors: A Population-Based Study of 7,147 Individuals.",sleep-aging,metadata_only_needs_classification,human,E,retired_from_active_findings,topic_capacity_limit,2026-09-21,Git history and prior public-data snapshots
finding-pubmed-42763636,pubmed-42763636,42763636,10.64719/pb.20773,"Auvelity (Dextromethorphan-Bupropion) for Agitation and Aggression in Alzheimer's Disease Dementia: Mechanism, Efficacy, Safety, and Clinical Considerations.",blood-pressure-aging,narrative_review,human,E,retired_from_active_findings,title_topic_signal_missing,2026-09-21,Git history and prior public-data snapshots
finding-pubmed-42763732,pubmed-42763732,42763732,10.2147/DMSO.S616418,Efficacy and Safety of CagriSema for Metabolic Outcomes: Systematic Review and Pairwise Meta-Analysis of Randomized Controlled Trials.,glp1-weight-cardiometabolic,systematic_review_or_meta_analysis,human,E,retired_from_active_findings,title_topic_signal_missing,2026-09-21,Git history and prior public-data snapshots
finding-pubmed-42763880,pubmed-42763880,42763880,10.1556/650.2026.33671,"[Observation of the impact of nutritional support with beta-hydroxy-beta-methylbutyrate on lean mass parameters of body composition in patients with obesity, type 2 diabetes mellitus and metabolically associated fatty liver disease].",resistance-training-muscle,metadata_only_needs_classification,human,E,retired_from_active_findings,title_topic_signal_missing,2026-09-21,Git history and prior public-data snapshots
finding-pubmed-42764080,pubmed-42764080,42764080,10.1016/j.exger.2026.113332,Multimorbidity and long-term condition burden as markers of incident sarcopenia risk: A prospective cohort study.,resistance-training-muscle,human_cohort,human,B,retired_from_active_findings,topic_scope_mismatch,2026-09-21,Git history and prior public-data snapshots
finding-pubmed-42764081,pubmed-42764081,42764081,10.1016/j.exger.2026.113327,Preliminary findings on the enhancement of skeletal muscle structure and function in aged male mice by P7C3 activation of nicotinamide phosphoribosyl transferase (NAMPT).,resistance-training-muscle,animal_study,mouse,D,retired_from_active_findings,title_topic_signal_missing,2026-09-21,Git history and prior public-data snapshots
finding-pubmed-42764083,pubmed-42764083,42764083,10.1016/j.ijpharm.2026.127394,Cargo-aware design of dissolving microneedles: an FEA-guided rational framework reveals distinct delivery mechanisms for small and large molecules.,glp1-weight-cardiometabolic,metadata_only_needs_classification,human,E,retired_from_active_findings,title_topic_signal_missing,2026-09-21,Git history and prior public-data snapshots
finding-pubmed-42764089,pubmed-42764089,42764089,10.1016/j.abb.2026.111006,A Matter of Balance: Heme Oxygenase-1 at the Crossroads of Healthy and Pathological Aging.,resistance-training-muscle,narrative_review,human,E,retired_from_active_findings,title_topic_signal_missing,2026-09-21,Git history and prior public-data snapshots
finding-pubmed-42764115,pubmed-42764115,42764115,10.1016/j.exer.2026.111242,NAD(+)-sirtuin-mitochondrial quality control in lens epithelial cells: a candidate modulatory network in crystalline lens aging.,autophagy-mitophagy,narrative_review,human,E,retired_from_active_findings,title_topic_signal_missing,2026-09-21,Git history and prior public-data snapshots
finding-pubmed-42764136,pubmed-42764136,42764136,10.1016/j.bbi.2026.107023,CSenescence-associated-secretory phenotype proteins and inflammatory pathways are involved in psychosis: A transdiagnostic study using the Human Connectome Project for early psychosis (HCP-EP) data.,microbiome-inflammaging,metadata_only_needs_classification,human,E,retired_from_active_findings,title_topic_signal_missing,2026-09-21,Git history and prior public-data snapshots
