finding_id,candidate_id,pmid,doi,title_en,topic_id,study_type,species,previous_level,decision,reason,retired_date,recovery_source
finding-pubmed-14638559,pubmed-14638559,14638559,10.1001/archinte.163.21.2594,Risk of fatal and nonfatal lactic acidosis with metformin use in type 2 diabetes mellitus: systematic review and meta-analysis.,metformin-aging,systematic_review_or_meta_analysis,human,B,retired_from_active_findings,topic_scope_mismatch,2026-09-13,Git history and prior public-data snapshots
finding-pubmed-15189360,pubmed-15189360,15189360,10.1111/j.1365-2796.2004.01328.x,"The effect of metformin on blood pressure, plasma cholesterol and triglycerides in type 2 diabetes mellitus: a systematic review.",metformin-aging,systematic_review_or_meta_analysis,human,B,retired_from_active_findings,topic_scope_mismatch,2026-09-13,Git history and prior public-data snapshots
finding-pubmed-16153370,pubmed-16153370,16153370,10.1157/13078602,[Metformin for type-2 diabetes mellitus. Systematic review and meta-analysis].,metformin-aging,systematic_review_or_meta_analysis,human,B,retired_from_active_findings,topic_scope_mismatch,2026-09-13,Git history and prior public-data snapshots
finding-pubmed-19290462,pubmed-19290462,19290462,10.1007/s00592-009-0104-9,Failure to metformin and insulin secretagogue monotherapy: an observational cohort study.,metformin-aging,human_randomized_or_clinical_trial,human,C,retired_from_active_findings,topic_scope_mismatch,2026-09-13,Git history and prior public-data snapshots
finding-pubmed-19556031,pubmed-19556031,19556031,10.1016/j.annemergmed.2009.04.023,"Acute metformin overdose: examining serum pH, lactate level, and metformin concentrations in survivors versus nonsurvivors: a systematic review of the literature.",metformin-aging,systematic_review_or_meta_analysis,human,B,retired_from_active_findings,topic_scope_mismatch,2026-09-13,Git history and prior public-data snapshots
finding-pubmed-20301298,pubmed-20301298,20301298,,Dystrophinopathies.,resistance-training-muscle,metadata_only_needs_classification,needs_review,E,retired_from_active_findings,title_topic_signal_missing,2026-09-13,Git history and prior public-data snapshots
finding-pubmed-20947488,pubmed-20947488,20947488,10.1158/1940-6207.CAPR-10-0157,Metformin and cancer risk in diabetic patients: a systematic review and meta-analysis.,metformin-aging,systematic_review_or_meta_analysis,human,B,retired_from_active_findings,topic_scope_mismatch,2026-09-13,Git history and prior public-data snapshots
finding-pubmed-21565945,pubmed-21565945,21565945,10.1093/ndt/gfr188,Lack of association of Klotho gene variants with valvular and vascular calcification in Caucasians: a candidate gene study of the Framingham Offspring Cohort.,klotho-il11-aging,human_cohort,human,C,retired_from_active_findings,topic_scope_mismatch,2026-09-13,Git history and prior public-data snapshots
finding-pubmed-22046219,pubmed-22046219,22046219,,Second-line therapy in patients with type 2 diabetes inadequately controlled with metformin monotherapy: a systematic review and mixed-treatment comparison meta-analysis.,metformin-aging,systematic_review_or_meta_analysis,human,B,retired_from_active_findings,topic_scope_mismatch,2026-09-13,Git history and prior public-data snapshots
finding-pubmed-22448244,pubmed-22448244,22448244,10.1371/journal.pone.0033411,Cancer risk in diabetic patients treated with metformin: a systematic review and meta-analysis.,metformin-aging,systematic_review_or_meta_analysis,human,B,retired_from_active_findings,topic_scope_mismatch,2026-09-13,Git history and prior public-data snapshots
finding-pubmed-22509138,pubmed-22509138,22509138,10.1371/journal.pmed.1001204,Reappraisal of metformin efficacy in the treatment of type 2 diabetes: a meta-analysis of randomised controlled trials.,metformin-aging,systematic_review_or_meta_analysis,human,B,retired_from_active_findings,topic_scope_mismatch,2026-09-13,Git history and prior public-data snapshots
finding-pubmed-22517929,pubmed-22517929,22517929,10.1136/bmj.e1771,Comparison of metformin and insulin versus insulin alone for type 2 diabetes: systematic review of randomised clinical trials with meta-analyses and trial sequential analyses.,metformin-aging,systematic_review_or_meta_analysis,human,B,retired_from_active_findings,topic_scope_mismatch,2026-09-13,Git history and prior public-data snapshots
finding-pubmed-22805526,pubmed-22805526,22805526,10.1123/ijsnem.23.1.73,Effects of quercetin supplementation on endurance performance and maximal oxygen consumption: a meta-analysis.,senolytics,systematic_review_or_meta_analysis,human,C,retired_from_active_findings,topic_scope_mismatch,2026-09-13,Git history and prior public-data snapshots
finding-pubmed-23137049,pubmed-23137049,23137049,10.3109/00365521.2012.719926,Metformin and reduced risk of hepatocellular carcinoma in diabetic patients: a meta-analysis.,metformin-aging,systematic_review_or_meta_analysis,human,B,retired_from_active_findings,topic_scope_mismatch,2026-09-13,Git history and prior public-data snapshots
finding-pubmed-23508758,pubmed-23508758,23508758,10.1161/CIRCHEARTFAILURE.112.000162,"Comparative safety and effectiveness of metformin in patients with diabetes mellitus and heart failure: systematic review of observational studies involving 34,000 patients.",metformin-aging,systematic_review_or_meta_analysis,human,B,retired_from_active_findings,topic_scope_mismatch,2026-09-13,Git history and prior public-data snapshots
finding-pubmed-23696771,pubmed-23696771,23696771,,Choice of therapy in patients with type 2 diabetes inadequately controlled with metformin and a sulphonylurea: a systematic review and mixed-treatment comparison meta-analysis.,metformin-aging,systematic_review_or_meta_analysis,human,B,retired_from_active_findings,topic_scope_mismatch,2026-09-13,Git history and prior public-data snapshots
finding-pubmed-23753040,pubmed-23753040,23753040,10.1158/1055-9965.EPI-13-0347,A cohort study of metformin exposure and survival in patients with stage I-III colorectal cancer.,metformin-aging,human_cohort,human,C,retired_from_active_findings,topic_scope_mismatch,2026-09-13,Git history and prior public-data snapshots
finding-pubmed-23936520,pubmed-23936520,23936520,10.1371/journal.pone.0071583,Metformin therapy and risk of cancer in patients with type 2 diabetes: systematic review.,metformin-aging,systematic_review_or_meta_analysis,human,B,retired_from_active_findings,topic_scope_mismatch,2026-09-13,Git history and prior public-data snapshots
finding-pubmed-24051965,pubmed-24051965,24051965,10.1097/MPA.0b013e3182965a3c,Metformin and survival in pancreatic cancer: a retrospective cohort study.,metformin-aging,human_cohort,human,C,retired_from_active_findings,topic_scope_mismatch,2026-09-13,Git history and prior public-data snapshots
finding-pubmed-24172091,pubmed-24172091,24172091,10.1097/IGC.0b013e3182a80a21,The effects of metformin on ovarian cancer: a systematic review.,metformin-aging,systematic_review_or_meta_analysis,human,C,retired_from_active_findings,topic_scope_mismatch,2026-09-13,Git history and prior public-data snapshots
finding-pubmed-24258613,pubmed-24258613,24258613,10.1634/theoncologist.2013-0111,Metformin is associated with survival benefit in cancer patients with concurrent type 2 diabetes: a systematic review and meta-analysis.,metformin-aging,systematic_review_or_meta_analysis,human,B,retired_from_active_findings,topic_scope_mismatch,2026-09-13,Git history and prior public-data snapshots
finding-pubmed-24460896,pubmed-24460896,24460896,10.1111/dom.12267,The prognostic value of metformin for cancer patients with concurrent diabetes: a systematic review and meta-analysis.,metformin-aging,systematic_review_or_meta_analysis,human,B,retired_from_active_findings,topic_scope_mismatch,2026-09-13,Git history and prior public-data snapshots
finding-pubmed-25545701,pubmed-25545701,25545701,10.1371/journal.pone.0116327,Effect of metformin on cancer risk and treatment outcome of prostate cancer: a meta-analysis of epidemiological observational studies.,metformin-aging,systematic_review_or_meta_analysis,human,B,retired_from_active_findings,topic_scope_mismatch,2026-09-13,Git history and prior public-data snapshots
finding-pubmed-25667109,pubmed-25667109,25667109,10.1038/pcan.2014.52,Impact of metformin on clinical outcomes among men with prostate cancer: a systematic review and meta-analysis.,metformin-aging,systematic_review_or_meta_analysis,human,B,retired_from_active_findings,topic_scope_mismatch,2026-09-13,Git history and prior public-data snapshots
finding-pubmed-25683794,pubmed-25683794,25683794,10.1111/ijcp.12605,"Effectiveness and safety of glimepiride and iDPP4, associated with metformin in second line pharmacotherapy of type 2 diabetes mellitus: systematic review and meta-analysis.",metformin-aging,systematic_review_or_meta_analysis,human,B,retired_from_active_findings,topic_scope_mismatch,2026-09-13,Git history and prior public-data snapshots
finding-pubmed-25684493,pubmed-25684493,25684493,10.7314/apjcp.2015.16.2.595,Metformin association with lower prostate cancer recurrence in type 2 diabetes: a systematic review and meta-analysis.,metformin-aging,systematic_review_or_meta_analysis,human,B,retired_from_active_findings,topic_scope_mismatch,2026-09-13,Git history and prior public-data snapshots
finding-pubmed-25733454,pubmed-25733454,25733454,10.3945/jn.114.205336,The Dietary Patterns Methods Project: synthesis of findings across cohorts and relevance to dietary guidance.,dietary-pattern-longevity,narrative_review,human,B,retired_from_active_findings,topic_capacity_limit,2026-09-13,Git history and prior public-data snapshots
finding-pubmed-26331456,pubmed-26331456,26331456,10.1002/ijc.29720,Metformin use and survival after colorectal cancer: A population-based cohort study.,metformin-aging,human_cohort,human,B,retired_from_active_findings,topic_scope_mismatch,2026-09-13,Git history and prior public-data snapshots
finding-pubmed-26459254,pubmed-26459254,26459254,10.1007/s12094-015-1412-x,Effects of metformin on survival outcomes of lung cancer patients with type 2 diabetes mellitus: a meta-analysis.,metformin-aging,systematic_review_or_meta_analysis,human,C,retired_from_active_findings,topic_scope_mismatch,2026-09-13,Git history and prior public-data snapshots
finding-pubmed-26775158,pubmed-26775158,26775158,10.1186/s13054-015-1180-6,Lactic acidosis and severe septic shock in metformin users: a cohort study.,metformin-aging,human_cohort,human,B,retired_from_active_findings,topic_scope_mismatch,2026-09-13,Git history and prior public-data snapshots
finding-pubmed-26790455,pubmed-26790455,26790455,10.1093/ageing/afv192,Global variation in grip strength: a systematic review and meta-analysis of normative data.,resistance-training-muscle,systematic_review_or_meta_analysis,needs_review,B,retired_from_active_findings,topic_scope_mismatch,2026-09-13,Git history and prior public-data snapshots
finding-pubmed-26845035,pubmed-26845035,26845035,10.1371/journal.pone.0144405,"Behavioural Risk Factors in Mid-Life Associated with Successful Ageing, Disability, Dementia and Frailty in Later Life: A Rapid Systematic Review.",resistance-training-muscle,systematic_review_or_meta_analysis,human,A,retired_from_active_findings,topic_scope_mismatch,2026-09-13,Git history and prior public-data snapshots
finding-pubmed-26886616,pubmed-26886616,26886616,10.1097/MD.0000000000002749,Metformin Is Associated With Slightly Reduced Risk of Colorectal Cancer and Moderate Survival Benefits in Diabetes Mellitus: A Meta-Analysis.,metformin-aging,systematic_review_or_meta_analysis,human,B,retired_from_active_findings,topic_scope_mismatch,2026-09-13,Git history and prior public-data snapshots
finding-pubmed-26973204,pubmed-26973204,26973204,10.1016/j.lungcan.2016.01.012,Metformin use and survival from lung cancer: A population-based cohort study.,metformin-aging,human_cohort,human,B,retired_from_active_findings,topic_scope_mismatch,2026-09-13,Git history and prior public-data snapshots
finding-pubmed-27088241,pubmed-27088241,27088241,10.7326/M15-2650,Diabetes Medications as Monotherapy or Metformin-Based Combination Therapy for Type 2 Diabetes: A Systematic Review and Meta-analysis.,metformin-aging,systematic_review_or_meta_analysis,human,B,retired_from_active_findings,topic_scope_mismatch,2026-09-13,Git history and prior public-data snapshots
finding-pubmed-27150509,pubmed-27150509,27150509,10.1111/dme.13150,Short- and long-term outcomes of metformin compared with insulin alone in pregnancy: a systematic review and meta-analysis.,metformin-aging,systematic_review_or_meta_analysis,human,B,retired_from_active_findings,topic_scope_mismatch,2026-09-13,Git history and prior public-data snapshots
finding-pubmed-27197276,pubmed-27197276,27197276,10.1158/1055-9965.EPI-15-1061,The Effect of Exercise Training on Mediators of Inflammation in Breast Cancer Survivors: A Systematic Review with Meta-analysis.,physical-activity-healthspan,systematic_review_or_meta_analysis,human,C,retired_from_active_findings,topic_capacity_limit,2026-09-13,Git history and prior public-data snapshots
finding-pubmed-27409822,pubmed-27409822,27409822,10.4158/EP151157.RA,"GUT MICROBIOTA, PREBIOTICS, PROBIOTICS, AND SYNBIOTICS IN MANAGEMENT OF OBESITY AND PREDIABETES: REVIEW OF RANDOMIZED CONTROLLED TRIALS.",microbiome-inflammaging,human_randomized_or_clinical_trial,human,C,retired_from_active_findings,topic_scope_mismatch,2026-09-13,Git history and prior public-data snapshots
finding-pubmed-27534835,pubmed-27534835,27534835,10.1111/dom.12764,Metformin-associated risk of acute dialysis in patients with type 2 diabetes: A nationwide cohort study.,metformin-aging,human_cohort,human,B,retired_from_active_findings,topic_scope_mismatch,2026-09-13,Git history and prior public-data snapshots
finding-pubmed-27565939,pubmed-27565939,27565939,10.1016/j.lungcan.2016.07.020,Metformin and survival of people with type 2 diabetes and pleural mesothelioma: A population-based retrospective cohort study.,metformin-aging,human_cohort,human,B,retired_from_active_findings,topic_scope_mismatch,2026-09-13,Git history and prior public-data snapshots
finding-pubmed-28055049,pubmed-28055049,28055049,10.7326/M16-1901,"Clinical Outcomes of Metformin Use in Populations With Chronic Kidney Disease, Congestive Heart Failure, or Chronic Liver Disease: A Systematic Review.",metformin-aging,systematic_review_or_meta_analysis,human,B,retired_from_active_findings,topic_scope_mismatch,2026-09-13,Git history and prior public-data snapshots
finding-pubmed-28103573,pubmed-28103573,28103573,10.18632/oncotarget.14688,Prognostic role of metformin intake in diabetic patients with colorectal cancer: An updated qualitative evidence of cohort studies.,metformin-aging,systematic_review_or_meta_analysis,human,B,retired_from_active_findings,topic_scope_mismatch,2026-09-13,Git history and prior public-data snapshots
finding-pubmed-28271076,pubmed-28271076,28271076,10.1155/2017/5063239,Metformin Improves Overall Survival of Colorectal Cancer Patients with Diabetes: A Meta-Analysis.,metformin-aging,systematic_review_or_meta_analysis,human,B,retired_from_active_findings,topic_scope_mismatch,2026-09-13,Git history and prior public-data snapshots
finding-pubmed-28271326,pubmed-28271326,28271326,10.1007/s11255-017-1548-4,The impact of metformin use on survival in kidney cancer patients with diabetes: a meta-analysis.,metformin-aging,systematic_review_or_meta_analysis,human,B,retired_from_active_findings,topic_scope_mismatch,2026-09-13,Git history and prior public-data snapshots
finding-pubmed-28272215,pubmed-28272215,28272215,10.1097/MD.0000000000006229,No association between metformin use and survival in patients with pancreatic cancer: An observational cohort study.,metformin-aging,human_cohort,human,C,retired_from_active_findings,topic_scope_mismatch,2026-09-13,Git history and prior public-data snapshots
finding-pubmed-28380674,pubmed-28380674,28380674,10.1002/ijc.30724,Metformin use and survival after non-small cell lung cancer: A cohort study in the US Military health system.,metformin-aging,human_cohort,human,B,retired_from_active_findings,topic_scope_mismatch,2026-09-13,Git history and prior public-data snapshots
finding-pubmed-28403788,pubmed-28403788,28403788,10.2174/0929867324666170412145232,Effect of Metformin and Statin Use on Survival in Pancreatic Cancer Patients: a Systematic Literature Review and Meta-analysis.,metformin-aging,systematic_review_or_meta_analysis,human,B,retired_from_active_findings,topic_scope_mismatch,2026-09-13,Git history and prior public-data snapshots
finding-pubmed-28424149,pubmed-28424149,28424149,10.1161/JAHA.116.005379,Comparative Safety of Sulfonylurea and Metformin Monotherapy on the Risk of Heart Failure: A Cohort Study.,metformin-aging,human_cohort,human,B,retired_from_active_findings,topic_scope_mismatch,2026-09-13,Git history and prior public-data snapshots
finding-pubmed-28431289,pubmed-28431289,28431289,10.1016/j.neurobiolaging.2017.02.019,"Klotho, APOEε4, cognitive ability, brain size, atrophy, and survival: a study in the Aberdeen Birth Cohort of 1936.",klotho-il11-aging,human_cohort,human,C,retired_from_active_findings,topic_scope_mismatch,2026-09-13,Git history and prior public-data snapshots
finding-pubmed-28445955,pubmed-28445955,28445955,10.18632/oncotarget.15692,Metformin is associated with survival benefit in pancreatic cancer patients with diabetes: a systematic review and meta-analysis.,metformin-aging,systematic_review_or_meta_analysis,human,B,retired_from_active_findings,topic_scope_mismatch,2026-09-13,Git history and prior public-data snapshots
finding-pubmed-28532299,pubmed-28532299,28532299,10.1080/17461391.2017.1327983,"Role of objectively measured sedentary behaviour in physical performance, frailty and mortality among older adults: A short systematic review.",resistance-training-muscle,systematic_review_or_meta_analysis,human,B,retired_from_active_findings,topic_scope_mismatch,2026-09-13,Git history and prior public-data snapshots
finding-pubmed-28663251,pubmed-28663251,28663251,10.1161/JAHA.116.004947,Gut Microbiota Metabolites and Risk of Major Adverse Cardiovascular Disease Events and Death: A Systematic Review and Meta-Analysis of Prospective Studies.,microbiome-inflammaging,systematic_review_or_meta_analysis,human,B,retired_from_active_findings,topic_scope_mismatch,2026-09-13,Git history and prior public-data snapshots
finding-pubmed-28667023,pubmed-28667023,28667023,,"Autophagy-Inflammasome Interplay in Heart Failure: A Systematic Review on Basics, Pathways, and Therapeutic Perspectives.",autophagy-mitophagy,systematic_review_or_meta_analysis,human,C,retired_from_active_findings,topic_scope_mismatch,2026-09-13,Git history and prior public-data snapshots
finding-pubmed-28770324,pubmed-28770324,28770324,10.1007/s00125-017-4337-9,Impact of metformin on cardiovascular disease: a meta-analysis of randomised trials among people with type 2 diabetes.,metformin-aging,systematic_review_or_meta_analysis,human,B,retired_from_active_findings,topic_scope_mismatch,2026-09-13,Git history and prior public-data snapshots
finding-pubmed-28832637,pubmed-28832637,28832637,10.1371/journal.pone.0183664,A systematic review and meta-analysis of the protective effects of metformin in experimental myocardial infarction.,metformin-aging,systematic_review_or_meta_analysis,human,B,retired_from_active_findings,topic_scope_mismatch,2026-09-13,Git history and prior public-data snapshots
finding-pubmed-29040347,pubmed-29040347,29040347,10.1093/ageing/afx162,Frailty index as a predictor of mortality: a systematic review and meta-analysis.,resistance-training-muscle,systematic_review_or_meta_analysis,human,B,retired_from_active_findings,topic_scope_mismatch,2026-09-13,Git history and prior public-data snapshots
finding-pubmed-29074818,pubmed-29074818,29074818,10.2215/CJN.03030317,Randomized Clinical Trial of Sevelamer Carbonate on Serum Klotho and Fibroblast Growth Factor 23 in CKD.,klotho-il11-aging,human_randomized_or_clinical_trial,human,C,retired_from_active_findings,topic_scope_mismatch,2026-09-13,Git history and prior public-data snapshots
finding-pubmed-29184669,pubmed-29184669,29184669,10.1038/s41514-017-0016-9,"Repeat dose NRPT (nicotinamide riboside and pterostilbene) increases NAD(+) levels in humans safely and sustainably: a randomized, double-blind, placebo-controlled study.",nad-nmn-nr-aging,metadata_only_needs_classification,human,D,retired_from_active_findings,topic_scope_mismatch,2026-09-13,Git history and prior public-data snapshots
finding-pubmed-29199666,pubmed-29199666,29199666,10.4103/0019-509X.219582,Metformin use and survival of lung cancer patients: Meta-analysis findings.,metformin-aging,systematic_review_or_meta_analysis,human,C,retired_from_active_findings,topic_scope_mismatch,2026-09-13,Git history and prior public-data snapshots
finding-pubmed-29407287,pubmed-29407287,29407287,10.1016/j.jpsychires.2018.01.013,Overview and systematic review of studies of microbiome in schizophrenia and bipolar disorder.,microbiome-inflammaging,systematic_review_or_meta_analysis,human,B,retired_from_active_findings,topic_scope_mismatch,2026-09-13,Git history and prior public-data snapshots
finding-pubmed-29486513,pubmed-29486513,29486513,10.1055/s-0044-101466,Combination of Metformin and Lifestyle Intervention for Antipsychotic-Related Weight Gain: A Meta-Analysis of Randomized Controlled Trials.,metformin-aging,systematic_review_or_meta_analysis,human,B,retired_from_active_findings,topic_scope_mismatch,2026-09-13,Git history and prior public-data snapshots
finding-pubmed-29524287,pubmed-29524287,29524287,10.1111/jocd.12530,"Antiaging and antioxidant effects of topical autophagy activator: A randomized, placebo-controlled, double-blinded study.",autophagy-mitophagy,human_randomized_or_clinical_trial,human,C,retired_from_active_findings,topic_scope_mismatch,2026-09-13,Git history and prior public-data snapshots
finding-pubmed-29543545,pubmed-29543545,29543545,10.1080/19490976.2018.1445957,Systematic review: Gut microbiota in fecal samples and detection of colorectal neoplasms.,microbiome-inflammaging,systematic_review_or_meta_analysis,human,B,retired_from_active_findings,topic_scope_mismatch,2026-09-13,Git history and prior public-data snapshots
finding-pubmed-29669520,pubmed-29669520,29669520,10.1186/s12885-018-4334-5,Effect of metformin use on the risk and prognosis of endometrial cancer: a systematic review and meta-analysis.,metformin-aging,systematic_review_or_meta_analysis,human,B,retired_from_active_findings,topic_scope_mismatch,2026-09-13,Git history and prior public-data snapshots
finding-pubmed-29687335,pubmed-29687335,29687335,10.1007/s12325-018-0699-8,"Prospective, Randomized, Single Masked, Parallel Study Exploring the Effects of a Preservative-Free Ophthalmic Solution Containing Hyaluronic Acid 0.4% and Taurine 0.5% on the Ocular Surface of Glaucoma Patients Under Multiple Long-Term Topical Hypotensive Therapy.",autophagy-mitophagy,human_randomized_or_clinical_trial,human,C,retired_from_active_findings,topic_scope_mismatch,2026-09-13,Git history and prior public-data snapshots
finding-pubmed-29703793,pubmed-29703793,29703793,10.1530/EJE-18-0175,Liraglutide increases IVF pregnancy rates in obese PCOS women with poor response to first-line reproductive treatments: a pilot randomized study.,glp1-weight-cardiometabolic,human_randomized_or_clinical_trial,human,C,retired_from_active_findings,topic_capacity_limit,2026-09-13,Git history and prior public-data snapshots
finding-pubmed-29805253,pubmed-29805253,29805253,10.2147/CIA.S157089,Frailty transitions and types of death in Chinese older adults: a population-based cohort study.,resistance-training-muscle,human_cohort,human,B,retired_from_active_findings,topic_scope_mismatch,2026-09-13,Git history and prior public-data snapshots
finding-pubmed-29890554,pubmed-29890554,29890554,10.1055/a-0603-3394,The Effect of Metformin Therapy for Preventing Gestational Diabetes Mellitus in Women with Polycystic Ovary Syndrome: A Meta-Analysis.,metformin-aging,systematic_review_or_meta_analysis,human,B,retired_from_active_findings,topic_scope_mismatch,2026-09-13,Git history and prior public-data snapshots
finding-pubmed-29906425,pubmed-29906425,29906425,10.1016/j.amjmed.2018.05.022,Diastolic Hypotension May Attenuate Benefits from Intensive Systolic Targets: Secondary Analysis of a Randomized Controlled Trial.,blood-pressure-aging,human_randomized_or_clinical_trial,human,B,retired_from_active_findings,title_topic_signal_missing,2026-09-13,Git history and prior public-data snapshots
finding-pubmed-29962352,pubmed-29962352,29962352,10.2174/1874609811666180702101338,Role of Exercise on S-Klotho Protein Regulation: A Systematic Review.,klotho-il11-aging,systematic_review_or_meta_analysis,human,C,retired_from_active_findings,topic_scope_mismatch,2026-09-13,Git history and prior public-data snapshots
finding-pubmed-29992272,pubmed-29992272,29992272,10.1093/ajcn/nqy132,"A randomized placebo-controlled clinical trial of nicotinamide riboside in obese men: safety, insulin-sensitivity, and lipid-mobilizing effects.",nad-nmn-nr-aging,human_randomized_or_clinical_trial,human,C,retired_from_active_findings,topic_scope_mismatch,2026-09-13,Git history and prior public-data snapshots
finding-pubmed-30003896,pubmed-30003896,30003896,10.1016/j.ypmed.2018.07.007,Self-directed exercise programmes in sedentary middle-aged individuals in good overall health; a systematic review.,physical-activity-healthspan,systematic_review_or_meta_analysis,human,C,retired_from_active_findings,topic_capacity_limit,2026-09-13,Git history and prior public-data snapshots
finding-pubmed-30045293,pubmed-30045293,30045293,10.1097/MD.0000000000011596,Association of metformin intake with bladder cancer risk and oncologic outcomes in type 2 diabetes mellitus patients: A systematic review and meta-analysis.,metformin-aging,systematic_review_or_meta_analysis,human,B,retired_from_active_findings,topic_scope_mismatch,2026-09-13,Git history and prior public-data snapshots
finding-pubmed-30173870,pubmed-30173870,30173870,10.1016/j.medcli.2018.06.026,Metformin improves survival in lung cancer patients with type 2 diabetes mellitus: A meta-analysis.,metformin-aging,systematic_review_or_meta_analysis,human,C,retired_from_active_findings,topic_scope_mismatch,2026-09-13,Git history and prior public-data snapshots
finding-pubmed-30184547,pubmed-30184547,30184547,10.1159/000493214,Survival Benefit of Metformin Adjuvant Treatment For Pancreatic Cancer Patients: a Systematic Review and Meta-Analysis.,metformin-aging,systematic_review_or_meta_analysis,human,B,retired_from_active_findings,topic_scope_mismatch,2026-09-13,Git history and prior public-data snapshots
finding-pubmed-30235893,pubmed-30235893,30235893,10.3390/nu10091334,Low Protein Intake Is Associated with Frailty in Older Adults: A Systematic Review and Meta-Analysis of Observational Studies.,resistance-training-muscle,systematic_review_or_meta_analysis,human,A,retired_from_active_findings,topic_scope_mismatch,2026-09-13,Git history and prior public-data snapshots
finding-pubmed-30261905,pubmed-30261905,30261905,10.1186/s13054-018-2167-x,Synbiotics modulate gut microbiota and reduce enteritis and ventilator-associated pneumonia in patients with sepsis: a randomized controlled trial.,microbiome-inflammaging,human_randomized_or_clinical_trial,human,B,retired_from_active_findings,topic_scope_mismatch,2026-09-13,Git history and prior public-data snapshots
finding-pubmed-30510625,pubmed-30510625,30510625,10.1155/2018/7838647,Weighing In on mTOR Complex 2 Signaling: The Expanding Role in Cell Metabolism.,rapamycin-mtor-aging,narrative_review,human,C,retired_from_active_findings,topic_scope_mismatch,2026-09-13,Git history and prior public-data snapshots
finding-pubmed-30563829,pubmed-30563829,30563829,10.1158/2326-6066.CIR-18-0336,Rapamycin Prevents Surgery-Induced Immune Dysfunction in Patients with Bladder Cancer.,rapamycin-mtor-aging,human_randomized_or_clinical_trial,human,C,retired_from_active_findings,topic_scope_mismatch,2026-09-13,Git history and prior public-data snapshots
finding-pubmed-30563932,pubmed-30563932,30563932,10.1158/1078-0432.CCR-18-3339,"PRE-surgical Metformin In Uterine Malignancy (PREMIUM): a Multi-Center, Randomized Double-Blind, Placebo-Controlled Phase III Trial.",metformin-aging,human_randomized_or_clinical_trial,human,B,retired_from_active_findings,topic_scope_mismatch,2026-09-13,Git history and prior public-data snapshots
finding-pubmed-30609721,pubmed-30609721,30609721,10.3390/cells8010018,mTOR: A Cellular Regulator Interface in Health and Disease.,rapamycin-mtor-aging,narrative_review,cell,D,retired_from_active_findings,topic_scope_mismatch,2026-09-13,Git history and prior public-data snapshots
finding-pubmed-30640696,pubmed-30640696,30640696,10.1136/ijgc-2018-000060,Association of metformin use with ovarian cancer incidence and prognosis: a systematic review and meta-analysis.,metformin-aging,systematic_review_or_meta_analysis,human,B,retired_from_active_findings,topic_scope_mismatch,2026-09-13,Git history and prior public-data snapshots
finding-pubmed-30663998,pubmed-30663998,30663998,10.1097/COC.0000000000000512,Metformin Use and Kidney Cancer Survival Outcomes: A Systematic Review and Meta-Analysis.,metformin-aging,systematic_review_or_meta_analysis,human,C,retired_from_active_findings,topic_scope_mismatch,2026-09-13,Git history and prior public-data snapshots
finding-pubmed-30674654,pubmed-30674654,30674654,10.1126/scitranslmed.aar4289,Rapamycin and Alzheimer's disease: Time for a clinical trial?,rapamycin-mtor-aging,narrative_review,human,C,retired_from_active_findings,topic_scope_mismatch,2026-09-13,Git history and prior public-data snapshots
finding-pubmed-30690163,pubmed-30690163,30690163,10.1016/j.ijnurstu.2018.12.014,Defining frailty for healthcare practice and research: A qualitative systematic review with thematic analysis.,resistance-training-muscle,systematic_review_or_meta_analysis,human,B,retired_from_active_findings,topic_scope_mismatch,2026-09-13,Git history and prior public-data snapshots
finding-pubmed-30698254,pubmed-30698254,30698254,10.1590/1413-81232018241.03692017,"Physical Frailty and cognitive performance in older populations, part I: systematic review with meta-analysis.",resistance-training-muscle,systematic_review_or_meta_analysis,human,B,retired_from_active_findings,topic_scope_mismatch,2026-09-13,Git history and prior public-data snapshots
finding-pubmed-30767734,pubmed-30767734,30767734,10.2174/1381612825666190215123759,The Relationship Between Prostate Cancer and Metformin Consumption: A Systematic Review and Meta-analysis Study.,metformin-aging,systematic_review_or_meta_analysis,human,B,retired_from_active_findings,topic_scope_mismatch,2026-09-13,Git history and prior public-data snapshots
finding-pubmed-30778081,pubmed-30778081,30778081,10.1038/s41598-018-38285-w,The effect of metformin therapy on incidence and prognosis in prostate cancer: A systematic review and meta-analysis.,metformin-aging,systematic_review_or_meta_analysis,human,B,retired_from_active_findings,topic_scope_mismatch,2026-09-13,Git history and prior public-data snapshots
finding-pubmed-30781376,pubmed-30781376,30781376,10.3390/ijms20040847,The Cutting Edge: The Role of mTOR Signaling in Laminopathies.,rapamycin-mtor-aging,narrative_review,human,C,retired_from_active_findings,topic_scope_mismatch,2026-09-13,Git history and prior public-data snapshots
finding-pubmed-30864661,pubmed-30864661,30864661,10.1093/gerona/glz069,Brain Protein Synthesis Rates in the UM-HET3 Mouse Following Treatment With Rapamycin or Rapamycin With Metformin.,rapamycin-mtor-aging,animal_study,mouse,D,retired_from_active_findings,topic_scope_mismatch,2026-09-13,Git history and prior public-data snapshots
finding-pubmed-30926290,pubmed-30926290,30926290,10.1016/j.jhin.2019.03.010,Faecal microbiota transplantation for the decolonization of antibiotic-resistant bacteria in the gut: a systematic review and meta-analysis.,microbiome-inflammaging,systematic_review_or_meta_analysis,human,B,retired_from_active_findings,topic_scope_mismatch,2026-09-13,Git history and prior public-data snapshots
finding-pubmed-31006835,pubmed-31006835,31006835,10.1007/s12094-019-02108-9,"The effect of metformin on biomarkers associated with breast cancer outcomes: a systematic review, meta-analysis, and dose-response of randomized clinical trials.",metformin-aging,systematic_review_or_meta_analysis,human,B,retired_from_active_findings,topic_scope_mismatch,2026-09-13,Git history and prior public-data snapshots
finding-pubmed-31075885,pubmed-31075885,31075885,10.3390/cells8050431,mTOR Signaling Pathway in Cancer Targets Photodynamic Therapy In Vitro.,rapamycin-mtor-aging,narrative_review,human,C,retired_from_active_findings,topic_scope_mismatch,2026-09-13,Git history and prior public-data snapshots
finding-pubmed-31170457,pubmed-31170457,31170457,10.1016/j.arr.2019.100914,Telomere length and frailty in older adults-A systematic review and meta-analysis.,resistance-training-muscle,systematic_review_or_meta_analysis,human,B,retired_from_active_findings,topic_scope_mismatch,2026-09-13,Git history and prior public-data snapshots
finding-pubmed-31204184,pubmed-31204184,31204184,10.1016/j.ejvs.2019.03.020,Effect of Low Skeletal Muscle Mass on Post-operative Survival of Patients With Abdominal Aortic Aneurysm: A Prognostic Factor Review and Meta-Analysis of Time-to-Event Data.,resistance-training-muscle,systematic_review_or_meta_analysis,human,B,retired_from_active_findings,topic_scope_mismatch,2026-09-13,Git history and prior public-data snapshots
finding-pubmed-31234232,pubmed-31234232,31234232,10.1002/mds.27770,SNCA and mTOR Pathway Single Nucleotide Polymorphisms Interact to Modulate the Age at Onset of Parkinson's Disease.,rapamycin-mtor-aging,metadata_only_needs_classification,human,D,retired_from_active_findings,topic_scope_mismatch,2026-09-13,Git history and prior public-data snapshots
finding-pubmed-31278280,pubmed-31278280,31278280,10.1038/s41598-019-46120-z,"Safety and Metabolism of Long-term Administration of NIAGEN (Nicotinamide Riboside Chloride) in a Randomized, Double-Blind, Placebo-controlled Clinical Trial of Healthy Overweight Adults.",nad-nmn-nr-aging,human_randomized_or_clinical_trial,human,C,retired_from_active_findings,topic_scope_mismatch,2026-09-13,Git history and prior public-data snapshots
finding-pubmed-31293011,pubmed-31293011,31293011,10.1111/jcpt.12820,Metformin exposure and survival in head and neck cancer: A large population-based cohort study.,metformin-aging,human_cohort,human,B,retired_from_active_findings,topic_scope_mismatch,2026-09-13,Git history and prior public-data snapshots
finding-pubmed-31300371,pubmed-31300371,31300371,10.1016/j.clinre.2019.06.009,"For colorectal cancer patients with type II diabetes, could metformin improve the survival rate? A meta-analysis.",metformin-aging,systematic_review_or_meta_analysis,human,C,retired_from_active_findings,topic_scope_mismatch,2026-09-13,Git history and prior public-data snapshots
finding-pubmed-31333095,pubmed-31333095,31333095,10.2174/1381612825666190716113126,No Effect of Metformin on Ovarian Cancer Survival: A Systematic Review and Meta-Analysis of Cohort Studies.,metformin-aging,systematic_review_or_meta_analysis,human,C,retired_from_active_findings,topic_scope_mismatch,2026-09-13,Git history and prior public-data snapshots
finding-pubmed-31345259,pubmed-31345259,31345259,10.1186/s40463-019-0348-5,Impact of metformin on disease control and survival in patients with head and neck cancer: a retrospective cohort study.,metformin-aging,human_cohort,human,C,retired_from_active_findings,topic_scope_mismatch,2026-09-13,Git history and prior public-data snapshots
finding-pubmed-31406349,pubmed-31406349,31406349,10.1038/s41591-019-0533-0,Gut microbiome alteration in MORDOR I: a community-randomized trial of mass azithromycin distribution.,microbiome-inflammaging,human_randomized_or_clinical_trial,human,B,retired_from_active_findings,topic_scope_mismatch,2026-09-13,Git history and prior public-data snapshots
finding-pubmed-31408724,pubmed-31408724,31408724,10.1016/j.semcancer.2019.07.003,"mTOR: Role in cancer, metastasis and drug resistance.",rapamycin-mtor-aging,narrative_review,human,D,retired_from_active_findings,topic_scope_mismatch,2026-09-13,Git history and prior public-data snapshots
finding-pubmed-31416611,pubmed-31416611,31416611,10.1016/j.medcli.2019.06.006,Impact of intestinal microbiota in patients with heart failure: A systematic review.,microbiome-inflammaging,systematic_review_or_meta_analysis,human,B,retired_from_active_findings,topic_scope_mismatch,2026-09-13,Git history and prior public-data snapshots
finding-pubmed-31454631,pubmed-31454631,31454631,10.1016/j.puhe.2019.06.010,Association between frailty and incident risk of disability in community-dwelling elder people: evidence from a meta-analysis.,resistance-training-muscle,systematic_review_or_meta_analysis,human,B,retired_from_active_findings,topic_scope_mismatch,2026-09-13,Git history and prior public-data snapshots
finding-pubmed-31461151,pubmed-31461151,31461151,10.1001/jamanetworkopen.2019.10297,Survival Associated With Sirolimus Plus Tacrolimus Maintenance Without Induction Therapy Compared With Standard Immunosuppression After Lung Transplant.,rapamycin-mtor-aging,metadata_only_needs_classification,human,C,retired_from_active_findings,topic_scope_mismatch,2026-09-13,Git history and prior public-data snapshots
finding-pubmed-31471973,pubmed-31471973,31471973,10.1111/bcp.14107,Is the use of metformin in patients undergoing dialysis hazardous for life? A systematic review of the safety of metformin in patients undergoing dialysis.,metformin-aging,systematic_review_or_meta_analysis,human,B,retired_from_active_findings,topic_scope_mismatch,2026-09-13,Git history and prior public-data snapshots
finding-pubmed-31472446,pubmed-31472446,31472446,10.1016/j.breast.2019.08.003,A phase II randomized clinical trial of the effect of metformin versus placebo on progression-free survival in women with metastatic breast cancer receiving standard chemotherapy.,metformin-aging,human_randomized_or_clinical_trial,human,B,retired_from_active_findings,topic_scope_mismatch,2026-09-13,Git history and prior public-data snapshots
finding-pubmed-31491730,pubmed-31491730,31491730,10.1016/j.canep.2019.101587,Metformin increases cancer specific survival in colorectal cancer patients-National cohort study.,metformin-aging,human_cohort,human,B,retired_from_active_findings,topic_scope_mismatch,2026-09-13,Git history and prior public-data snapshots
finding-pubmed-31536383,pubmed-31536383,31536383,10.1080/09638288.2019.1665113,Physical activity correlates across the lifespan in people with epilepsy: a systematic review.,physical-activity-healthspan,systematic_review_or_meta_analysis,human,C,retired_from_active_findings,topic_capacity_limit,2026-09-13,Git history and prior public-data snapshots
finding-pubmed-31542391,pubmed-31542391,31542391,10.1016/j.ebiom.2019.08.069,Senolytics decrease senescent cells in humans: Preliminary report from a clinical trial of Dasatinib plus Quercetin in individuals with diabetic kidney disease.,senolytics,metadata_only_needs_classification,human,D,retired_from_active_findings,topic_scope_mismatch,2026-09-13,Git history and prior public-data snapshots
finding-pubmed-31547370,pubmed-31547370,31547370,10.3390/cells8091075,Roles of mTOR Signaling in Tissue Regeneration.,rapamycin-mtor-aging,narrative_review,human,C,retired_from_active_findings,topic_scope_mismatch,2026-09-13,Git history and prior public-data snapshots
finding-pubmed-31583436,pubmed-31583436,31583436,10.1007/s00280-019-03967-3,"A phase I delayed-start, randomized and pharmacodynamic study of metformin and chemotherapy in patients with solid tumors.",metformin-aging,human_randomized_or_clinical_trial,human,C,retired_from_active_findings,topic_scope_mismatch,2026-09-13,Git history and prior public-data snapshots
finding-pubmed-31585361,pubmed-31585361,31585361,10.1016/j.neurobiolaging.2019.08.018,Differential activation of the mTOR/autophagy pathway predicts cognitive performance in APP/PS1 mice.,rapamycin-mtor-aging,animal_study,mouse,D,retired_from_active_findings,topic_scope_mismatch,2026-09-13,Git history and prior public-data snapshots
finding-pubmed-31623569,pubmed-31623569,31623569,10.1186/s12879-019-4548-4,Impact of metformin on the risk and treatment outcomes of tuberculosis in diabetics: a systematic review.,metformin-aging,systematic_review_or_meta_analysis,human,B,retired_from_active_findings,topic_scope_mismatch,2026-09-13,Git history and prior public-data snapshots
finding-pubmed-31635264,pubmed-31635264,31635264,10.3390/nu11102512,Short Chain Fatty Acids and Fecal Microbiota Abundance in Humans with Obesity: A Systematic Review and Meta-Analysis.,microbiome-inflammaging,systematic_review_or_meta_analysis,human,B,retired_from_active_findings,topic_scope_mismatch,2026-09-13,Git history and prior public-data snapshots
finding-pubmed-31786617,pubmed-31786617,31786617,10.1007/s00228-019-02786-y,Impacts of metformin on tuberculosis incidence and clinical outcomes in patients with diabetes: a systematic review and meta-analysis.,metformin-aging,systematic_review_or_meta_analysis,human,B,retired_from_active_findings,topic_scope_mismatch,2026-09-13,Git history and prior public-data snapshots
finding-pubmed-31815634,pubmed-31815634,31815634,10.1186/s12933-019-0972-4,Metformin use and cardiovascular outcomes after acute myocardial infarction in patients with type 2 diabetes: a cohort study.,metformin-aging,human_cohort,human,B,retired_from_active_findings,topic_scope_mismatch,2026-09-13,Git history and prior public-data snapshots
finding-pubmed-31853198,pubmed-31853198,31853198,10.2147/CMAR.S208720,First-In-Human Phase I Study Of A Dual mTOR Kinase And DNA-PK Inhibitor (CC-115) In Advanced Malignancy.,rapamycin-mtor-aging,metadata_only_needs_classification,human,D,retired_from_active_findings,topic_scope_mismatch,2026-09-13,Git history and prior public-data snapshots
finding-pubmed-31886813,pubmed-31886813,31886813,10.1007/s12603-019-1267-x,"Differences in the Prevalence of Sarcopenia in Community-Dwelling, Nursing Home and Hospitalized Individuals. A Systematic Review and Meta-Analysis.",resistance-training-muscle,systematic_review_or_meta_analysis,human,A,retired_from_active_findings,topic_scope_mismatch,2026-09-13,Git history and prior public-data snapshots
finding-pubmed-31902433,pubmed-31902433,31902433,10.1016/j.mayocp.2019.07.017,A Safety Comparison of Metformin vs Sulfonylurea Initiation in Patients With Type 2 Diabetes and Chronic Kidney Disease: A Retrospective Cohort Study.,metformin-aging,human_cohort,human,B,retired_from_active_findings,topic_scope_mismatch,2026-09-13,Git history and prior public-data snapshots
finding-pubmed-31904444,pubmed-31904444,31904444,10.1016/j.diabres.2020.108001,Cardiovascular risk following metformin treatment in patients with type 2 diabetes mellitus: Results from meta-analysis.,metformin-aging,systematic_review_or_meta_analysis,human,B,retired_from_active_findings,topic_scope_mismatch,2026-09-13,Git history and prior public-data snapshots
finding-pubmed-31980358,pubmed-31980358,31980358,10.1016/j.aohep.2019.11.008,Meta-analysis: The efficacy of metformin and other anti-hyperglycemic agents in prolonging the survival of hepatocellular carcinoma patients with type 2 diabetes.,metformin-aging,systematic_review_or_meta_analysis,human,C,retired_from_active_findings,topic_scope_mismatch,2026-09-13,Git history and prior public-data snapshots
finding-pubmed-32060719,pubmed-32060719,32060719,10.1007/s12094-020-02304-y,The effect of metformin on gastric cancer in patients with type 2 diabetes: a systematic review and meta-analysis.,metformin-aging,systematic_review_or_meta_analysis,human,C,retired_from_active_findings,topic_scope_mismatch,2026-09-13,Git history and prior public-data snapshots
finding-pubmed-32196659,pubmed-32196659,32196659,10.1002/ijc.32989,Postdiagnostic metformin use and survival of patients with colorectal cancer: A Nationwide cohort study.,metformin-aging,human_cohort,human,B,retired_from_active_findings,topic_scope_mismatch,2026-09-13,Git history and prior public-data snapshots
finding-pubmed-32246301,pubmed-32246301,32246301,10.1007/s10522-020-09876-w,The roles of MTOR and miRNAs in endothelial cell senescence.,rapamycin-mtor-aging,narrative_review,human,D,retired_from_active_findings,topic_scope_mismatch,2026-09-13,Git history and prior public-data snapshots
finding-pubmed-32369446,pubmed-32369446,32369446,10.1172/jci.insight.133247,Phase II clinical trial of metformin as a cancer stem cell-targeting agent in ovarian cancer.,metformin-aging,human_randomized_or_clinical_trial,human,B,retired_from_active_findings,topic_scope_mismatch,2026-09-13,Git history and prior public-data snapshots
finding-pubmed-32406122,pubmed-32406122,32406122,10.1111/jcpt.13167,The effect of metformin on lung cancer risk and survival in patients with type 2 diabetes mellitus: A meta-analysis.,metformin-aging,systematic_review_or_meta_analysis,human,B,retired_from_active_findings,topic_scope_mismatch,2026-09-13,Git history and prior public-data snapshots
finding-pubmed-32447043,pubmed-32447043,32447043,10.1016/j.bbmt.2020.05.011,The Impact of Antibiotic-Mediated Modification of the Intestinal Microbiome on Outcomes of Allogeneic Hematopoietic Cell Transplantation: Systematic Review and Meta-Analysis.,microbiome-inflammaging,systematic_review_or_meta_analysis,human,B,retired_from_active_findings,topic_scope_mismatch,2026-09-13,Git history and prior public-data snapshots
finding-pubmed-32545510,pubmed-32545510,32545510,10.3390/jcm9061834,Serum Klotho in Living Kidney Donors and Kidney Transplant Recipients: A Meta-Analysis.,klotho-il11-aging,systematic_review_or_meta_analysis,human,C,retired_from_active_findings,topic_scope_mismatch,2026-09-13,Git history and prior public-data snapshots
finding-pubmed-32630768,pubmed-32630768,32630768,10.3390/genes11070738,Experimental Approaches in Delineating mTOR Signaling.,rapamycin-mtor-aging,narrative_review,human,C,retired_from_active_findings,topic_scope_mismatch,2026-09-13,Git history and prior public-data snapshots
finding-pubmed-32675539,pubmed-32675539,32675539,10.1097/SLA.0000000000003642,Frailty Factors and Outcomes in Vascular Surgery Patients: A Systematic Review and Meta-analysis.,resistance-training-muscle,systematic_review_or_meta_analysis,human,B,retired_from_active_findings,topic_scope_mismatch,2026-09-13,Git history and prior public-data snapshots
finding-pubmed-32719079,pubmed-32719079,32719079,10.1136/bmjdrc-2020-001370,Association between metformin and neurodegenerative diseases of observational studies: systematic review and meta-analysis.,metformin-aging,systematic_review_or_meta_analysis,human,B,retired_from_active_findings,topic_scope_mismatch,2026-09-13,Git history and prior public-data snapshots
finding-pubmed-32758236,pubmed-32758236,32758236,10.1186/s12933-020-01100-w,Metformin treatment in heart failure with preserved ejection fraction: a systematic review and meta-regression analysis.,metformin-aging,systematic_review_or_meta_analysis,human,B,retired_from_active_findings,topic_scope_mismatch,2026-09-13,Git history and prior public-data snapshots
finding-pubmed-32791973,pubmed-32791973,32791973,10.1186/s12882-020-02006-1,"Nicotinamide riboside with pterostilbene (NRPT) increases NAD(+) in patients with acute kidney injury (AKI): a randomized, double-blind, placebo-controlled, stepwise safety study of escalating doses of NRPT in patients with AKI.",nad-nmn-nr-aging,human_randomized_or_clinical_trial,human,C,retired_from_active_findings,topic_scope_mismatch,2026-09-13,Git history and prior public-data snapshots
finding-pubmed-32798709,pubmed-32798709,32798709,10.1016/j.cgh.2020.08.026,Effects of Metformin Exposure on Survival in a Large National Cohort of Patients With Diabetes and Cirrhosis.,metformin-aging,human_cohort,human,B,retired_from_active_findings,topic_scope_mismatch,2026-09-13,Git history and prior public-data snapshots
finding-pubmed-32850834,pubmed-32850834,32850834,10.3389/fcell.2020.00715,Mechanism of Activation of Mechanistic Target of Rapamycin Complex 1 by Methionine.,rapamycin-mtor-aging,narrative_review,cell,D,retired_from_active_findings,topic_scope_mismatch,2026-09-13,Git history and prior public-data snapshots
finding-pubmed-32925178,pubmed-32925178,32925178,10.1097/MCO.0000000000000691,Can nicotinamide riboside protect against cognitive impairment?,nad-nmn-nr-aging,animal_study,mouse,D,retired_from_active_findings,topic_scope_mismatch,2026-09-13,Git history and prior public-data snapshots
finding-pubmed-32925714,pubmed-32925714,32925714,10.1097/MD.0000000000021687,Relationships are between metformin use and survival in pancreatic cancer patients concurrent with diabetes: A systematic review and meta-analysis.,metformin-aging,systematic_review_or_meta_analysis,human,B,retired_from_active_findings,topic_scope_mismatch,2026-09-13,Git history and prior public-data snapshots
finding-pubmed-32980534,pubmed-32980534,32980534,10.1016/j.annepidem.2020.09.010,The impact of metformin on survival in patients with melanoma-national cohort study.,metformin-aging,human_cohort,human,B,retired_from_active_findings,topic_scope_mismatch,2026-09-13,Git history and prior public-data snapshots
finding-pubmed-32987284,pubmed-32987284,32987284,10.1016/j.nutres.2020.06.018,Fecal microbiota transplantation improves metabolic syndrome parameters: systematic review with meta-analysis based on randomized clinical trials.,microbiome-inflammaging,systematic_review_or_meta_analysis,human,B,retired_from_active_findings,topic_scope_mismatch,2026-09-13,Git history and prior public-data snapshots
finding-pubmed-33029097,pubmed-33029097,33029097,10.7150/ijms.50338,The addition of metformin to systemic anticancer therapy in advanced or metastatic cancers: a meta-analysis of randomized controlled trials.,metformin-aging,systematic_review_or_meta_analysis,human,B,retired_from_active_findings,topic_scope_mismatch,2026-09-13,Git history and prior public-data snapshots
finding-pubmed-33031791,pubmed-33031791,33031791,10.1016/j.cbi.2020.109282,Rapamycin as a potential repurpose drug candidate for the treatment of COVID-19.,rapamycin-mtor-aging,narrative_review,human,C,retired_from_active_findings,topic_scope_mismatch,2026-09-13,Git history and prior public-data snapshots
finding-pubmed-33032107,pubmed-33032107,33032107,10.1016/j.cyto.2020.155316,Vaginal host immune-microbiome interactions in a cohort of primarily African-American women who ultimately underwent spontaneous preterm birth or delivered at term.,microbiome-inflammaging,human_cohort,human,B,retired_from_active_findings,topic_scope_mismatch,2026-09-13,Git history and prior public-data snapshots
finding-pubmed-33065527,pubmed-33065527,33065527,10.1016/j.suronc.2020.09.023,Metformin reduces the increased risk of oral squamous cell carcinoma recurrence in patients with type 2 diabetes mellitus: A cohort study with propensity score analyses.,metformin-aging,human_cohort,human,C,retired_from_active_findings,topic_scope_mismatch,2026-09-13,Git history and prior public-data snapshots
finding-pubmed-33174130,pubmed-33174130,33174130,10.1007/s12035-020-02188-7,Nicotinamide Riboside and Pterostilbene Cooperatively Delay Motor Neuron Failure in ALS SOD1(G93A) Mice.,nad-nmn-nr-aging,animal_study,mouse,C,retired_from_active_findings,topic_scope_mismatch,2026-09-13,Git history and prior public-data snapshots
finding-pubmed-33183575,pubmed-33183575,33183575,10.1016/j.clnesp.2020.10.003,"The dietary inflammatory index (DII®) and its association with cognition, frailty, and risk of disabilities in older adults: A systematic review.",resistance-training-muscle,systematic_review_or_meta_analysis,human,B,retired_from_active_findings,topic_scope_mismatch,2026-09-13,Git history and prior public-data snapshots
finding-pubmed-33220250,pubmed-33220250,33220250,10.1016/j.metabol.2020.154435,Roles for fibroblast growth factor-23 and α-Klotho in acute kidney injury.,klotho-il11-aging,narrative_review,needs_review,C,retired_from_active_findings,topic_scope_mismatch,2026-09-13,Git history and prior public-data snapshots
finding-pubmed-33230698,pubmed-33230698,33230698,10.1007/s00467-020-04843-6,Fibroblast growth factor 23-Klotho and hypertension: experimental and clinical mechanisms.,klotho-il11-aging,narrative_review,human,C,retired_from_active_findings,topic_scope_mismatch,2026-09-13,Git history and prior public-data snapshots
finding-pubmed-33271078,pubmed-33271078,33271078,10.1016/S2468-2667(20)30113-4,Frailty index and all-cause and cause-specific mortality in Chinese adults: a prospective cohort study.,resistance-training-muscle,human_cohort,human,B,retired_from_active_findings,topic_scope_mismatch,2026-09-13,Git history and prior public-data snapshots
finding-pubmed-33358075,pubmed-33358075,33358075,10.1016/j.ejso.2020.12.009,Metformin as a radiosensitiser for pelvic malignancy: A systematic review of the literature.,metformin-aging,systematic_review_or_meta_analysis,human,C,retired_from_active_findings,topic_scope_mismatch,2026-09-13,Git history and prior public-data snapshots
finding-pubmed-33363078,pubmed-33363078,33363078,10.3389/fpubh.2020.567885,"The Association Between Vaginal Microbiota Dysbiosis, Bacterial Vaginosis, and Aerobic Vaginitis, and Adverse Pregnancy Outcomes of Women Living in Sub-Saharan Africa: A Systematic Review.",microbiome-inflammaging,systematic_review_or_meta_analysis,human,B,retired_from_active_findings,topic_scope_mismatch,2026-09-13,Git history and prior public-data snapshots
finding-pubmed-33378138,pubmed-33378138,33378138,10.1111/acel.13294,Is exercise a senolytic medicine? A systematic review.,senolytics,systematic_review_or_meta_analysis,cell,C,retired_from_active_findings,topic_scope_mismatch,2026-09-13,Git history and prior public-data snapshots
finding-pubmed-33398062,pubmed-33398062,33398062,10.1038/s41416-020-01208-6,Metformin plus lrinotecan in patients with refractory colorectal cancer: a phase 2 clinical trial.,metformin-aging,human_randomized_or_clinical_trial,human,B,retired_from_active_findings,topic_scope_mismatch,2026-09-13,Git history and prior public-data snapshots
finding-pubmed-33414377,pubmed-33414377,33414377,10.1038/s41387-020-00144-x,Exercise intensity regulates cytokine and klotho responses in men.,klotho-il11-aging,human_randomized_or_clinical_trial,human,C,retired_from_active_findings,topic_scope_mismatch,2026-09-13,Git history and prior public-data snapshots
finding-pubmed-33420333,pubmed-33420333,33420333,10.1038/s41598-020-80603-8,Cardiovascular safety and efficacy of metformin-SGLT2i versus metformin-sulfonylureas in type 2 diabetes: systematic review and meta-analysis of randomized controlled trials.,metformin-aging,systematic_review_or_meta_analysis,human,B,retired_from_active_findings,topic_scope_mismatch,2026-09-13,Git history and prior public-data snapshots
finding-pubmed-33423524,pubmed-33423524,33423524,10.1161/HYPERTENSIONAHA.120.16635,Role of Klotho in the Development of Essential Hypertension.,klotho-il11-aging,narrative_review,human,C,retired_from_active_findings,topic_scope_mismatch,2026-09-13,Git history and prior public-data snapshots
finding-pubmed-33439913,pubmed-33439913,33439913,10.1371/journal.pone.0245038,Microbiome and ischemic stroke: A systematic review.,microbiome-inflammaging,systematic_review_or_meta_analysis,needs_review,B,retired_from_active_findings,topic_scope_mismatch,2026-09-13,Git history and prior public-data snapshots
finding-pubmed-33461448,pubmed-33461448,33461448,10.2174/0929867328666210118152653,"NAD Precursors, Mitochondria Targeting Compounds and ADP-Ribosylation Inhibitors in Treatment of Inflammatory Diseases and Cancer.",nad-nmn-nr-aging,narrative_review,human,D,retired_from_active_findings,topic_scope_mismatch,2026-09-13,Git history and prior public-data snapshots
finding-pubmed-33524145,pubmed-33524145,33524145,10.1210/clinem/dgaa960,Nicotinamide Riboside Enhances In Vitro Beta-adrenergic Brown Adipose Tissue Activity in Humans.,nad-nmn-nr-aging,animal_study,mouse,D,retired_from_active_findings,topic_scope_mismatch,2026-09-13,Git history and prior public-data snapshots
finding-pubmed-33559851,pubmed-33559851,33559851,10.1007/s40620-020-00943-6,"Citrate high volume on-line hemodiafiltration modulates serum Interleukin-6 and Klotho levels: the multicenter randomized controlled study ""Hephaestus"".",klotho-il11-aging,human_randomized_or_clinical_trial,human,C,retired_from_active_findings,topic_scope_mismatch,2026-09-13,Git history and prior public-data snapshots
finding-pubmed-33561095,pubmed-33561095,33561095,10.3390/ijerph18031248,Targeting Gut Microbiota to Treat Hypertension: A Systematic Review.,microbiome-inflammaging,systematic_review_or_meta_analysis,human,B,retired_from_active_findings,topic_scope_mismatch,2026-09-13,Git history and prior public-data snapshots
finding-pubmed-33582839,pubmed-33582839,33582839,10.1007/s00592-020-01666-7,Metformin use and risk of COVID-19 among patients with type II diabetes mellitus: an NHIS-COVID-19 database cohort study.,metformin-aging,human_cohort,human,B,retired_from_active_findings,topic_scope_mismatch,2026-09-13,Git history and prior public-data snapshots
finding-pubmed-33665668,pubmed-33665668,33665668,,[The new target of Rapamycin: lysosomal calcium channel TRPML1].,rapamycin-mtor-aging,narrative_review,needs_review,D,retired_from_active_findings,topic_scope_mismatch,2026-09-13,Git history and prior public-data snapshots
finding-pubmed-33709434,pubmed-33709434,33709434,10.1111/eci.13536,Metformin and health outcomes: An umbrella review of systematic reviews with meta-analyses.,metformin-aging,systematic_review_or_meta_analysis,human,B,retired_from_active_findings,topic_scope_mismatch,2026-09-13,Git history and prior public-data snapshots
finding-pubmed-33745615,pubmed-33745615,33745615,10.1016/j.clnesp.2021.01.024,An overview of the level of dietary support in the gut microbiota at different stages of life: A systematic review.,microbiome-inflammaging,systematic_review_or_meta_analysis,human,C,retired_from_active_findings,topic_scope_mismatch,2026-09-13,Git history and prior public-data snapshots
finding-pubmed-33784444,pubmed-33784444,33784444,10.33594/000000352,"Klotho-Dependent Role of 1,25(OH)(2)D(3) in the Brain.",klotho-il11-aging,narrative_review,mouse,C,retired_from_active_findings,topic_scope_mismatch,2026-09-13,Git history and prior public-data snapshots
finding-pubmed-33832412,pubmed-33832412,33832412,10.1134/S0006297921020024,Klotho Protein and Cardio-Vascular System.,klotho-il11-aging,narrative_review,human,C,retired_from_active_findings,topic_scope_mismatch,2026-09-13,Git history and prior public-data snapshots
finding-pubmed-33844069,pubmed-33844069,33844069,10.1007/s00125-021-05452-0,Long-term metformin use and risk of pneumonia and related death in type 2 diabetes: a registry-based cohort study.,metformin-aging,human_cohort,human,B,retired_from_active_findings,topic_scope_mismatch,2026-09-13,Git history and prior public-data snapshots
finding-pubmed-33973870,pubmed-33973870,33973870,10.18632/aging.202945,The different hypoglycemic effects between East Asian and non-Asian type 2 diabetes patients when treated with SGLT-2 inhibitors as an add-on treatment for metformin: a systematic review and meta-analysis of randomized controlled trials.,metformin-aging,systematic_review_or_meta_analysis,human,B,retired_from_active_findings,topic_scope_mismatch,2026-09-13,Git history and prior public-data snapshots
finding-pubmed-34009711,pubmed-34009711,34009711,10.1111/dom.14440,Safety and effectiveness of metformin in patients with reduced renal function: A systematic review.,metformin-aging,systematic_review_or_meta_analysis,human,B,retired_from_active_findings,topic_scope_mismatch,2026-09-13,Git history and prior public-data snapshots
finding-pubmed-34091441,pubmed-34091441,34091441,10.18632/aging.202891,E2F2 inhibition induces autophagy via the PI3K/Akt/mTOR pathway in gastric cancer.,rapamycin-mtor-aging,mechanistic_or_cell_study,cell,D,retired_from_active_findings,topic_scope_mismatch,2026-09-13,Git history and prior public-data snapshots
finding-pubmed-34105233,pubmed-34105233,34105233,10.1111/acel.13417,Advanced maternal age causes premature placental senescence and malformation via dysregulated α-Klotho expression in trophoblasts.,klotho-il11-aging,animal_study,mouse,D,retired_from_active_findings,topic_scope_mismatch,2026-09-13,Git history and prior public-data snapshots
finding-pubmed-34144086,pubmed-34144086,34144086,10.1016/j.diabres.2021.108921,GLP-1 receptor agonists for cardiovascular outcomes with and without metformin. A systematic review and meta-analysis of cardiovascular outcomes trials.,metformin-aging,systematic_review_or_meta_analysis,human,B,retired_from_active_findings,topic_scope_mismatch,2026-09-13,Git history and prior public-data snapshots
finding-pubmed-34186056,pubmed-34186056,34186056,10.1016/j.kint.2021.06.013,Primary results of the randomized trial of metformin administration in polycystic kidney disease (TAME PKD).,metformin-aging,human_randomized_or_clinical_trial,human,B,retired_from_active_findings,topic_scope_mismatch,2026-09-13,Git history and prior public-data snapshots
finding-pubmed-34238308,pubmed-34238308,34238308,10.1186/s12970-021-00442-4,"Nicotinamide mononucleotide supplementation enhances aerobic capacity in amateur runners: a randomized, double-blind study.",nad-nmn-nr-aging,human_randomized_or_clinical_trial,human,C,retired_from_active_findings,topic_scope_mismatch,2026-09-13,Git history and prior public-data snapshots
finding-pubmed-34250734,pubmed-34250734,34250734,10.1111/acel.13431,mTORC2: The other mTOR in autophagy regulation.,rapamycin-mtor-aging,narrative_review,human,C,retired_from_active_findings,topic_scope_mismatch,2026-09-13,Git history and prior public-data snapshots
finding-pubmed-34264392,pubmed-34264392,34264392,10.1007/s00432-021-03728-x,The role of metformin on lung cancer survival: the first systematic review and meta-analysis of observational studies and randomized clinical trials.,metformin-aging,systematic_review_or_meta_analysis,human,B,retired_from_active_findings,topic_scope_mismatch,2026-09-13,Git history and prior public-data snapshots
finding-pubmed-34358827,pubmed-34358827,34358827,10.1016/j.clnu.2021.06.024,"Supplement-based nutritional strategies to tackle frailty: A multifactorial, double-blind, randomized placebo-controlled trial.",resistance-training-muscle,human_randomized_or_clinical_trial,human,B,retired_from_active_findings,topic_scope_mismatch,2026-09-13,Git history and prior public-data snapshots
finding-pubmed-34393755,pubmed-34393755,34393755,10.3389/fnagi.2021.674071,Insights Into Parkin-Mediated Mitophagy in Alzheimer's Disease: A Systematic Review.,autophagy-mitophagy,systematic_review_or_meta_analysis,human,C,retired_from_active_findings,topic_scope_mismatch,2026-09-13,Git history and prior public-data snapshots
finding-pubmed-34482522,pubmed-34482522,34482522,10.1007/s11357-021-00438-7,DNA methylation age analysis of rapamycin in common marmosets.,rapamycin-mtor-aging,animal_study,mouse,D,retired_from_active_findings,topic_scope_mismatch,2026-09-13,Git history and prior public-data snapshots
finding-pubmed-34539972,pubmed-34539972,34539972,10.1155/2021/7536614,Understanding the Stony Bridge between Osteoporosis and Vascular Calcification: Impact of the FGF23/Klotho axis.,klotho-il11-aging,narrative_review,needs_review,C,retired_from_active_findings,topic_scope_mismatch,2026-09-13,Git history and prior public-data snapshots
finding-pubmed-34543887,pubmed-34543887,34543887,10.1016/j.ctarc.2021.100457,A systematic review and meta-analysis on the efficacy and safety of metformin as adjunctive therapy among women with metastatic breast cancer.,metformin-aging,systematic_review_or_meta_analysis,human,B,retired_from_active_findings,topic_scope_mismatch,2026-09-13,Git history and prior public-data snapshots
finding-pubmed-34556498,pubmed-34556498,34556498,10.2215/CJN.05020421,Soluble Klotho and Incident Hypertension.,klotho-il11-aging,metadata_only_needs_classification,human,C,retired_from_active_findings,topic_scope_mismatch,2026-09-13,Git history and prior public-data snapshots
finding-pubmed-34620743,pubmed-34620743,34620743,10.1097/CAD.0000000000001254,Effect of metformin use on the risk and prognosis of colorectal cancer in diabetes mellitus: a meta-analysis.,metformin-aging,systematic_review_or_meta_analysis,human,B,retired_from_active_findings,topic_scope_mismatch,2026-09-13,Git history and prior public-data snapshots
finding-pubmed-34624437,pubmed-34624437,34624437,10.1016/j.bbamcr.2021.119135,The role of proteolysis in interleukin-11 signaling.,klotho-il11-aging,narrative_review,human,D,retired_from_active_findings,topic_scope_mismatch,2026-09-13,Git history and prior public-data snapshots
finding-pubmed-34626279,pubmed-34626279,34626279,10.1007/s10529-021-03191-1,Biological synthesis of nicotinamide mononucleotide.,nad-nmn-nr-aging,narrative_review,cell,D,retired_from_active_findings,topic_scope_mismatch,2026-09-13,Git history and prior public-data snapshots
finding-pubmed-34660791,pubmed-34660791,34660791,10.1155/2021/5311828,The Impact of Metformin Use with Survival Outcomes in Urologic Cancers: A Systematic Review and Meta-Analysis.,metformin-aging,systematic_review_or_meta_analysis,human,B,retired_from_active_findings,topic_scope_mismatch,2026-09-13,Git history and prior public-data snapshots
finding-pubmed-34684434,pubmed-34684434,34684434,10.3390/nu13103435,Nicotinamide Riboside for the Prevention and Treatment of Doxorubicin Cardiomyopathy. Opportunities and Prospects.,nad-nmn-nr-aging,narrative_review,human,C,retired_from_active_findings,topic_scope_mismatch,2026-09-13,Git history and prior public-data snapshots
finding-pubmed-34705249,pubmed-34705249,34705249,10.1007/s40292-021-00479-1,Glucagon-like Peptide-1 Receptor Agonists and Cardioprotective Benefit in Patients with Type 2 Diabetes Without Baseline Metformin: A Systematic Review and Update Meta-analysis.,metformin-aging,systematic_review_or_meta_analysis,human,B,retired_from_active_findings,topic_scope_mismatch,2026-09-13,Git history and prior public-data snapshots
finding-pubmed-34711629,pubmed-34711629,34711629,10.1158/1055-9965.EPI-21-0766,Gut Microbiome-Dependent Metabolic Pathways and Risk of Lethal Prostate Cancer: Prospective Analysis of a PLCO Cancer Screening Trial Cohort.,microbiome-inflammaging,human_randomized_or_clinical_trial,human,B,retired_from_active_findings,topic_scope_mismatch,2026-09-13,Git history and prior public-data snapshots
finding-pubmed-34737707,pubmed-34737707,34737707,10.3389/fphar.2021.755366,Klotho as Potential Autophagy Regulator and Therapeutic Target.,klotho-il11-aging,narrative_review,human,C,retired_from_active_findings,topic_scope_mismatch,2026-09-13,Git history and prior public-data snapshots
finding-pubmed-34866305,pubmed-34866305,34866305,10.1002/iub.2584,The key role of the NAD biosynthetic enzyme nicotinamide mononucleotide adenylyltransferase in regulating cell functions.,nad-nmn-nr-aging,narrative_review,human,C,retired_from_active_findings,topic_scope_mismatch,2026-09-13,Git history and prior public-data snapshots
finding-pubmed-34867481,pubmed-34867481,34867481,10.3389/fphys.2021.775029,Fibroblast Growth Factor-23-Klotho Axis in Cardiorenal Syndrome: Mediators and Potential Therapeutic Targets.,klotho-il11-aging,narrative_review,human,C,retired_from_active_findings,topic_scope_mismatch,2026-09-13,Git history and prior public-data snapshots
finding-pubmed-34951702,pubmed-34951702,34951702,10.1002/jpen.2319,"Effect of dietary fiber on gut barrier function, gut microbiota, short-chain fatty acids, inflammation, and clinical outcomes in critically ill patients: A systematic review and meta-analysis.",microbiome-inflammaging,systematic_review_or_meta_analysis,human,B,retired_from_active_findings,topic_scope_mismatch,2026-09-13,Git history and prior public-data snapshots
finding-pubmed-35002982,pubmed-35002982,35002982,10.3389/fendo.2021.811776,Association of Preadmission Metformin Use and Prognosis in Patients With Sepsis and Diabetes Mellitus: A Systematic Review and Meta-Analysis.,metformin-aging,systematic_review_or_meta_analysis,human,B,retired_from_active_findings,topic_scope_mismatch,2026-09-13,Git history and prior public-data snapshots
finding-pubmed-35025762,pubmed-35025762,35025762,10.1172/JCI139828,Boosting NAD+ blunts TLR4-induced type I IFN in control and systemic lupus erythematosus monocytes.,nad-nmn-nr-aging,animal_study,animal,D,retired_from_active_findings,topic_scope_mismatch,2026-09-13,Git history and prior public-data snapshots
finding-pubmed-35027502,pubmed-35027502,35027502,10.18632/aging.203826,Gut microbiota in patients with Alzheimer's disease spectrum: a systematic review and meta-analysis.,microbiome-inflammaging,systematic_review_or_meta_analysis,human,B,retired_from_active_findings,topic_scope_mismatch,2026-09-13,Git history and prior public-data snapshots
finding-pubmed-35056905,pubmed-35056905,35056905,10.3390/pharmaceutics14010011,Klotho and Mesenchymal Stem Cells: A Review on Cell and Gene Therapy for Chronic Kidney Disease and Acute Kidney Disease.,klotho-il11-aging,narrative_review,human,C,retired_from_active_findings,topic_scope_mismatch,2026-09-13,Git history and prior public-data snapshots
finding-pubmed-35098970,pubmed-35098970,35098970,10.14283/jpad.2021.62,Senolytic Therapy to Modulate the Progression of Alzheimer's Disease (SToMP-AD): A Pilot Clinical Trial.,senolytics,human_randomized_or_clinical_trial,human,C,retired_from_active_findings,topic_scope_mismatch,2026-09-13,Git history and prior public-data snapshots
finding-pubmed-35119137,pubmed-35119137,35119137,10.1002/jbmr.4518,"Analysis of the Associations Between the Human Fecal Microbiome and Bone Density, Structure, and Strength: The Osteoporotic Fractures in Men (MrOS) Cohort.",microbiome-inflammaging,human_cohort,human,B,retired_from_active_findings,topic_scope_mismatch,2026-09-13,Git history and prior public-data snapshots
finding-pubmed-35122284,pubmed-35122284,35122284,10.1111/bcp.15258,Does metformin affect outcomes in COVID-19 patients with new or pre-existing diabetes mellitus? A systematic review and meta-analysis.,metformin-aging,systematic_review_or_meta_analysis,human,B,retired_from_active_findings,topic_scope_mismatch,2026-09-13,Git history and prior public-data snapshots
finding-pubmed-35154625,pubmed-35154625,35154625,10.1177/2040622320940176,The prognostic value of soluble Klotho in patients with haemodialysis: a systematic review and meta-analysis.,klotho-il11-aging,systematic_review_or_meta_analysis,human,C,retired_from_active_findings,topic_scope_mismatch,2026-09-13,Git history and prior public-data snapshots
finding-pubmed-35171074,pubmed-35171074,35171074,10.1080/09638288.2022.2037744,Effectiveness of physical exercise at improving functional capacity in older adults living with Alzheimer's disease: a systematic review of randomized controlled trials.,physical-activity-healthspan,systematic_review_or_meta_analysis,human,C,retired_from_active_findings,topic_capacity_limit,2026-09-13,Git history and prior public-data snapshots
finding-pubmed-35189169,pubmed-35189169,35189169,10.1016/j.ijcard.2022.02.021,Serum Klotho and pulse pressure; insight from NHANES.,klotho-il11-aging,metadata_only_needs_classification,human,E,retired_from_active_findings,topic_scope_mismatch,2026-09-13,Git history and prior public-data snapshots
finding-pubmed-35218870,pubmed-35218870,35218870,10.1016/j.neuint.2022.105311,mTOR signaling as a molecular target for the alleviation of Alzheimer's disease pathogenesis.,rapamycin-mtor-aging,narrative_review,human,D,retired_from_active_findings,topic_scope_mismatch,2026-09-13,Git history and prior public-data snapshots
finding-pubmed-35220641,pubmed-35220641,35220641,10.1111/jocd.14888,Modulation of autophagy by an innovative phytocosmetic preparation (Myrothamnus flabelifolia and Coffea arabica) in human fibroblasts and its effects in a clinical randomized placebo-controlled trial.,autophagy-mitophagy,human_randomized_or_clinical_trial,human,C,retired_from_active_findings,topic_scope_mismatch,2026-09-13,Git history and prior public-data snapshots
finding-pubmed-35235774,pubmed-35235774,35235774,10.1016/j.cmet.2022.02.001,The NADPARK study: A randomized phase I trial of nicotinamide riboside supplementation in Parkinson's disease.,nad-nmn-nr-aging,human_randomized_or_clinical_trial,human,C,retired_from_active_findings,topic_scope_mismatch,2026-09-13,Git history and prior public-data snapshots
finding-pubmed-35242730,pubmed-35242730,35242730,10.3389/fpubh.2022.756318,Biannual Administrations of Azithromycin and the Gastrointestinal Microbiome of Malawian Children: A Nested Cohort Study Within a Randomized Controlled Trial.,microbiome-inflammaging,human_randomized_or_clinical_trial,human,B,retired_from_active_findings,topic_scope_mismatch,2026-09-13,Git history and prior public-data snapshots
finding-pubmed-35263739,pubmed-35263739,35263739,10.1159/000522381,Is There Any Link between Cognitive Impairment and Gut Microbiota? A Systematic Review.,microbiome-inflammaging,systematic_review_or_meta_analysis,human,B,retired_from_active_findings,topic_scope_mismatch,2026-09-13,Git history and prior public-data snapshots
finding-pubmed-35272698,pubmed-35272698,35272698,10.1186/s40001-022-00654-7,"Serum cystatin C, kidney injury molecule-1, neutrophil gelatinase-associated lipocalin, klotho and fibroblast growth factor-23 in the early prediction of acute kidney injury associated with sepsis in a Chinese emergency cohort study.",klotho-il11-aging,human_cohort,human,C,retired_from_active_findings,topic_scope_mismatch,2026-09-13,Git history and prior public-data snapshots
finding-pubmed-35303905,pubmed-35303905,35303905,10.1186/s12986-022-00653-9,Effects of NAD+ precursor supplementation on glucose and lipid metabolism in humans: a meta-analysis.,nad-nmn-nr-aging,systematic_review_or_meta_analysis,human,C,retired_from_active_findings,topic_scope_mismatch,2026-09-13,Git history and prior public-data snapshots
finding-pubmed-35321338,pubmed-35321338,35321338,10.3389/fendo.2022.810914,Metformin Use in Relation to Clinical Outcomes and Hyperinflammatory Syndrome Among COVID-19 Patients With Type 2 Diabetes: A Propensity Score Analysis of a Territory-Wide Cohort.,metformin-aging,human_cohort,human,B,retired_from_active_findings,topic_scope_mismatch,2026-09-13,Git history and prior public-data snapshots
finding-pubmed-35327507,pubmed-35327507,35327507,10.3390/biomedicines10030705,Klotho an Autophagy Stimulator as a Potential Therapeutic Target for Alzheimer's Disease: A Review.,klotho-il11-aging,narrative_review,human,C,retired_from_active_findings,topic_scope_mismatch,2026-09-13,Git history and prior public-data snapshots
finding-pubmed-35348578,pubmed-35348578,35348578,10.1093/ajcn/nqac074,Gut microbiota-derived metabolite trimethylamine-N-oxide and multiple health outcomes: an umbrella review and updated meta-analysis.,microbiome-inflammaging,systematic_review_or_meta_analysis,human,B,retired_from_active_findings,topic_scope_mismatch,2026-09-13,Git history and prior public-data snapshots
finding-pubmed-35365572,pubmed-35365572,35365572,10.1136/gutjnl-2021-326076,Interleukin-11 drives human and mouse alcohol-related liver disease.,klotho-il11-aging,mixed_human_and_animal_study,mixed_human_animal,D,retired_from_active_findings,topic_scope_mismatch,2026-09-13,Git history and prior public-data snapshots
finding-pubmed-35406007,pubmed-35406007,35406007,10.3390/nu14071394,Effect of Serum Spermidine on the Prognosis in Patients with Acute Myocardial Infarction: A Cohort Study.,autophagy-mitophagy,human_cohort,human,C,retired_from_active_findings,topic_scope_mismatch,2026-09-13,Git history and prior public-data snapshots
finding-pubmed-35410255,pubmed-35410255,35410255,10.1186/s12931-022-02001-0,Evaluation for clinical benefit of metformin in patients with idiopathic pulmonary fibrosis and type 2 diabetes mellitus: a national claims-based cohort analysis.,metformin-aging,human_cohort,human,B,retired_from_active_findings,topic_scope_mismatch,2026-09-13,Git history and prior public-data snapshots
finding-pubmed-35416188,pubmed-35416188,35416188,10.1039/d1fo03958j,The effect of quercetin on diabetic nephropathy (DN): a systematic review and meta-analysis of animal studies.,senolytics,systematic_review_or_meta_analysis,human,C,retired_from_active_findings,topic_scope_mismatch,2026-09-13,Git history and prior public-data snapshots
finding-pubmed-35479740,pubmed-35479740,35479740,10.3389/fnut.2022.868640,Oral Administration of Nicotinamide Mononucleotide Is Safe and Efficiently Increases Blood Nicotinamide Adenine Dinucleotide Levels in Healthy Subjects.,nad-nmn-nr-aging,animal_study,mouse,C,retired_from_active_findings,topic_scope_mismatch,2026-09-13,Git history and prior public-data snapshots
finding-pubmed-35562576,pubmed-35562576,35562576,10.1038/s41598-022-12007-9,The vaginal microbiome and the risk of preterm birth: a systematic review and network meta-analysis.,microbiome-inflammaging,systematic_review_or_meta_analysis,human,B,retired_from_active_findings,topic_scope_mismatch,2026-09-13,Git history and prior public-data snapshots
finding-pubmed-35602513,pubmed-35602513,35602513,10.3389/fmed.2022.803016,The Role of Alterations in Alpha-Klotho and FGF-23 in Kidney Transplantation and Kidney Donation.,klotho-il11-aging,narrative_review,human,C,retired_from_active_findings,topic_scope_mismatch,2026-09-13,Git history and prior public-data snapshots
finding-pubmed-35605236,pubmed-35605236,35605236,10.7326/M21-4012,Cardiovascular Outcomes in Patients Initiating First-Line Treatment of Type 2 Diabetes With Sodium-Glucose Cotransporter-2 Inhibitors Versus Metformin : A Cohort Study.,metformin-aging,human_cohort,human,B,retired_from_active_findings,topic_scope_mismatch,2026-09-13,Git history and prior public-data snapshots
finding-pubmed-35608580,pubmed-35608580,35608580,10.1001/jama.2022.6147,Effect of Metformin vs Placebo on Invasive Disease-Free Survival in Patients With Breast Cancer: The MA.32 Randomized Clinical Trial.,metformin-aging,human_randomized_or_clinical_trial,human,B,retired_from_active_findings,topic_scope_mismatch,2026-09-13,Git history and prior public-data snapshots
finding-pubmed-35700594,pubmed-35700594,35700594,10.1016/j.nut.2022.111706,Taurine as a possible antiaging therapy: A controlled clinical trial on taurine antioxidant activity in women ages 55 to 70.,autophagy-mitophagy,human_randomized_or_clinical_trial,human,C,retired_from_active_findings,topic_scope_mismatch,2026-09-13,Git history and prior public-data snapshots
finding-pubmed-35726110,pubmed-35726110,35726110,10.1007/s10741-022-10254-6,The heart and gut relationship: a systematic review of the evaluation of the microbiome and trimethylamine-N-oxide (TMAO) in heart failure.,microbiome-inflammaging,systematic_review_or_meta_analysis,human,B,retired_from_active_findings,topic_scope_mismatch,2026-09-13,Git history and prior public-data snapshots
finding-pubmed-35730144,pubmed-35730144,35730144,10.1111/acel.13658,Nicotinamide riboside and caffeine partially restore diminished NAD availability but not altered energy metabolism in Alzheimer's disease.,nad-nmn-nr-aging,mechanistic_or_cell_study,cell,D,retired_from_active_findings,topic_scope_mismatch,2026-09-13,Git history and prior public-data snapshots
finding-pubmed-35766483,pubmed-35766483,35766483,10.1128/spectrum.00013-22,Meta-Analysis of Altered Gut Microbiota Reveals Microbial and Metabolic Biomarkers for Colorectal Cancer.,microbiome-inflammaging,systematic_review_or_meta_analysis,human,B,retired_from_active_findings,topic_scope_mismatch,2026-09-13,Git history and prior public-data snapshots
finding-pubmed-35807835,pubmed-35807835,35807835,10.3390/nu14132654,Gut Microbiota-Derived Metabolites and Cardiovascular Disease Risk: A Systematic Review of Prospective Cohort Studies.,microbiome-inflammaging,systematic_review_or_meta_analysis,human,B,retired_from_active_findings,topic_scope_mismatch,2026-09-13,Git history and prior public-data snapshots
finding-pubmed-35872753,pubmed-35872753,35872753,10.3389/fmed.2022.904963,Low Klotho/Fibroblast Growth Factor 23 Ratio Is an Independent Risk Factor for Renal Progression in Chronic Kidney Disease: Finding From KNOW-CKD.,klotho-il11-aging,metadata_only_needs_classification,human,C,retired_from_active_findings,topic_scope_mismatch,2026-09-13,Git history and prior public-data snapshots
finding-pubmed-35893737,pubmed-35893737,35893737,10.3390/ph15080912,"Immunomodulatory and Antiaging Mechanisms of Resveratrol, Rapamycin, and Metformin: Focus on mTOR and AMPK Signaling Networks.",rapamycin-mtor-aging,animal_study,animal,D,retired_from_active_findings,topic_scope_mismatch,2026-09-13,Git history and prior public-data snapshots
finding-pubmed-35906886,pubmed-35906886,35906886,10.1111/acel.13680,Sirt1 overexpression improves senescence-associated pulmonary fibrosis induced by vitamin D deficiency through downregulating IL-11 transcription.,klotho-il11-aging,animal_study,mouse,D,retired_from_active_findings,topic_scope_mismatch,2026-09-13,Git history and prior public-data snapshots
finding-pubmed-35918544,pubmed-35918544,35918544,10.1007/s00018-022-04499-5,Balancing NAD(+) deficits with nicotinamide riboside: therapeutic possibilities and limitations.,nad-nmn-nr-aging,narrative_review,human,C,retired_from_active_findings,topic_scope_mismatch,2026-09-13,Git history and prior public-data snapshots
finding-pubmed-35918855,pubmed-35918855,35918855,10.1002/ptr.7569,The construction of preclinical evidence for the treatment of liver fibrosis with quercetin: A systematic review and meta-analysis.,senolytics,systematic_review_or_meta_analysis,human,C,retired_from_active_findings,topic_scope_mismatch,2026-09-13,Git history and prior public-data snapshots
finding-pubmed-35950572,pubmed-35950572,35950572,10.1080/01635581.2022.2108468,Colorectal Cancer and Microbiota Modulation for Clinical Use. A Systematic Review.,microbiome-inflammaging,systematic_review_or_meta_analysis,human,B,retired_from_active_findings,topic_scope_mismatch,2026-09-13,Git history and prior public-data snapshots
finding-pubmed-35961277,pubmed-35961277,35961277,10.1016/j.dsx.2022.102586,The effects of medicinal herbs on gut microbiota and metabolic factors in obesity models: A systematic review.,microbiome-inflammaging,systematic_review_or_meta_analysis,needs_review,C,retired_from_active_findings,topic_scope_mismatch,2026-09-13,Git history and prior public-data snapshots
finding-pubmed-35977879,pubmed-35977879,35977879,10.1002/jcsm.13064,Biomarkers associated with lower limb muscle function in individuals with sarcopenia: a systematic review.,resistance-training-muscle,systematic_review_or_meta_analysis,human,A,retired_from_active_findings,topic_scope_mismatch,2026-09-13,Git history and prior public-data snapshots
finding-pubmed-35992176,pubmed-35992176,35992176,10.3389/fcimb.2022.875225,Efficacy and safety of herbal formulas with the function of gut microbiota regulation for gastric and colorectal cancer: A systematic review and meta-analysis.,microbiome-inflammaging,systematic_review_or_meta_analysis,human,B,retired_from_active_findings,topic_scope_mismatch,2026-09-13,Git history and prior public-data snapshots
finding-pubmed-36002548,pubmed-36002548,36002548,10.1038/s41598-022-18272-y,Safety evaluation of β-nicotinamide mononucleotide oral administration in healthy adult men and women.,nad-nmn-nr-aging,human_randomized_or_clinical_trial,human,C,retired_from_active_findings,topic_scope_mismatch,2026-09-13,Git history and prior public-data snapshots
finding-pubmed-36038662,pubmed-36038662,36038662,10.1038/s41388-022-02440-5,The role of α-klotho in human cancer: molecular and clinical aspects.,klotho-il11-aging,narrative_review,human,D,retired_from_active_findings,topic_scope_mismatch,2026-09-13,Git history and prior public-data snapshots
finding-pubmed-36079752,pubmed-36079752,36079752,10.3390/nu14173494,"The Therapeutic Relevance of Urolithins, Intestinal Metabolites of Ellagitannin-Rich Food: A Systematic Review of In Vivo Studies.",autophagy-mitophagy,systematic_review_or_meta_analysis,human,C,retired_from_active_findings,topic_scope_mismatch,2026-09-13,Git history and prior public-data snapshots
finding-pubmed-36095197,pubmed-36095197,36095197,10.1073/pnas.2204083119,Tissue-restricted inhibition of mTOR using chemical genetics.,rapamycin-mtor-aging,mechanistic_or_cell_study,cell,D,retired_from_active_findings,topic_scope_mismatch,2026-09-13,Git history and prior public-data snapshots
finding-pubmed-36110206,pubmed-36110206,36110206,10.3389/fgene.2022.970699,Recent advances of the mammalian target of rapamycin signaling in mesenchymal stem cells.,rapamycin-mtor-aging,narrative_review,human,C,retired_from_active_findings,topic_scope_mismatch,2026-09-13,Git history and prior public-data snapshots
finding-pubmed-36120844,pubmed-36120844,36120844,10.1002/iub.2667,"Stem cell genes in atheromatosis: The role of Klotho, HIF1α, OCT4, and BMP4.",klotho-il11-aging,narrative_review,human,D,retired_from_active_findings,topic_scope_mismatch,2026-09-13,Git history and prior public-data snapshots
finding-pubmed-36219044,pubmed-36219044,36219044,10.36849/JDD.6870,A Narrative Review of Nicotinamide Adenine Dinucleotide (NAD)+ Intermediates Nicotinamide Riboside and Nicotinamide Mononucleotide for Keratinocyte Carcinoma Risk Reduction.,nad-nmn-nr-aging,narrative_review,human,D,retired_from_active_findings,topic_scope_mismatch,2026-09-13,Git history and prior public-data snapshots
finding-pubmed-36227441,pubmed-36227441,36227441,10.1007/s10557-022-07382-4,The HF-AF ENERGY Trial: Nicotinamide Riboside for the Treatment of Atrial Fibrillation in Heart Failure Patients.,nad-nmn-nr-aging,metadata_only_needs_classification,human,C,retired_from_active_findings,topic_scope_mismatch,2026-09-13,Git history and prior public-data snapshots
finding-pubmed-36235542,pubmed-36235542,36235542,10.3390/nu14193889,Emerging Role of Nicotinamide Riboside in Health and Diseases.,nad-nmn-nr-aging,narrative_review,human,C,retired_from_active_findings,topic_scope_mismatch,2026-09-13,Git history and prior public-data snapshots
finding-pubmed-36242694,pubmed-36242694,36242694,10.1007/s11357-022-00663-8,Oral frailty indicators to target major adverse health-related outcomes in older age: a systematic review.,resistance-training-muscle,systematic_review_or_meta_analysis,human,A,retired_from_active_findings,topic_scope_mismatch,2026-09-13,Git history and prior public-data snapshots
finding-pubmed-36243333,pubmed-36243333,36243333,10.1016/j.phrs.2022.106504,The effects of fisetin on bone and cartilage: A systematic review.,senolytics,systematic_review_or_meta_analysis,human,C,retired_from_active_findings,topic_scope_mismatch,2026-09-13,Git history and prior public-data snapshots
finding-pubmed-36253904,pubmed-36253904,36253904,10.1097/TP.0000000000004331,The Value of Klotho in Kidney Transplantation.,klotho-il11-aging,narrative_review,human,C,retired_from_active_findings,topic_scope_mismatch,2026-09-13,Git history and prior public-data snapshots
finding-pubmed-36266389,pubmed-36266389,36266389,10.1038/s41598-022-22123-1,A systematic review and meta-analysis demonstrating Klotho as an emerging exerkine.,klotho-il11-aging,systematic_review_or_meta_analysis,human,C,retired_from_active_findings,topic_scope_mismatch,2026-09-13,Git history and prior public-data snapshots
finding-pubmed-36272640,pubmed-36272640,36272640,10.1016/j.phrs.2022.106520,"The effect of microbiome-modulating probiotics, prebiotics and synbiotics on glucose homeostasis in type 2 diabetes: A systematic review, meta-analysis, and meta-regression of clinical trials.",microbiome-inflammaging,systematic_review_or_meta_analysis,human,B,retired_from_active_findings,topic_scope_mismatch,2026-09-13,Git history and prior public-data snapshots
finding-pubmed-36280839,pubmed-36280839,36280839,10.1186/s12916-022-02599-4,Efficacy of metformin therapy in patients with cancer: a meta-analysis of 22 randomised controlled trials.,metformin-aging,systematic_review_or_meta_analysis,human,B,retired_from_active_findings,topic_scope_mismatch,2026-09-13,Git history and prior public-data snapshots
finding-pubmed-36281624,pubmed-36281624,36281624,10.1111/acel.13733,Metformin has heterogeneous effects on model organism lifespans and is beneficial when started at an early age in Caenorhabditis elegans: A systematic review and meta-analysis.,metformin-aging,systematic_review_or_meta_analysis,human,B,retired_from_active_findings,topic_scope_mismatch,2026-09-13,Git history and prior public-data snapshots
finding-pubmed-36287641,pubmed-36287641,36287641,10.1093/ije/dyac200,Reassessing the evidence of a survival advantage in Type 2 diabetes treated with metformin compared with controls without diabetes: a retrospective cohort study.,metformin-aging,human_cohort,human,B,retired_from_active_findings,topic_scope_mismatch,2026-09-13,Git history and prior public-data snapshots
finding-pubmed-36314202,pubmed-36314202,36314202,10.3233/JAD-220571,Circulating Klotho Is Higher in Cerebrospinal Fluid than Serum and Elevated Among KLOTHO Heterozygotes in a Cohort with Risk for Alzheimer's Disease.,klotho-il11-aging,human_cohort,human,C,retired_from_active_findings,topic_scope_mismatch,2026-09-13,Git history and prior public-data snapshots
finding-pubmed-36349647,pubmed-36349647,36349647,10.1016/j.arr.2022.101773,Comparison between frail and non-frail older adults' gut microbiota: A systematic review and meta-analysis.,resistance-training-muscle,systematic_review_or_meta_analysis,human,B,retired_from_active_findings,topic_scope_mismatch,2026-09-13,Git history and prior public-data snapshots
finding-pubmed-36510042,pubmed-36510042,36510042,10.1007/s40266-022-00989-0,"Importance of NAD+ Anabolism in Metabolic, Cardiovascular and Neurodegenerative Disorders.",nad-nmn-nr-aging,narrative_review,human,D,retired_from_active_findings,topic_scope_mismatch,2026-09-13,Git history and prior public-data snapshots
finding-pubmed-36515353,pubmed-36515353,36515353,10.1111/acel.13754,Oral nicotinamide riboside raises NAD+ and lowers biomarkers of neurodegenerative pathology in plasma extracellular vesicles enriched for neuronal origin.,nad-nmn-nr-aging,human_randomized_or_clinical_trial,human,C,retired_from_active_findings,topic_scope_mismatch,2026-09-13,Git history and prior public-data snapshots
finding-pubmed-36524489,pubmed-36524489,36524489,10.26355/eurrev_202212_30541,"Effect of quercetin glycosides on cognitive functions and cerebral blood flow: a randomized, double-blind, and placebo-controlled study.",senolytics,human_randomized_or_clinical_trial,human,C,retired_from_active_findings,topic_scope_mismatch,2026-09-13,Git history and prior public-data snapshots
finding-pubmed-36552155,pubmed-36552155,36552155,10.3390/brainsci12121695,The Interrelated Multifactorial Actions of Cortisol and Klotho: Potential Implications in the Pathogenesis of Parkinson's Disease.,klotho-il11-aging,narrative_review,human,C,retired_from_active_findings,topic_scope_mismatch,2026-09-13,Git history and prior public-data snapshots
finding-pubmed-36584204,pubmed-36584204,36584204,10.1371/journal.pone.0270242,Evaluation of the efficacy of Lactobacillus-containing feminine hygiene products on vaginal microbiome and genitourinary symptoms in pre- and postmenopausal women: A pilot randomized controlled trial.,microbiome-inflammaging,human_randomized_or_clinical_trial,human,B,retired_from_active_findings,topic_scope_mismatch,2026-09-13,Git history and prior public-data snapshots
finding-pubmed-36626794,pubmed-36626794,36626794,10.1093/jambio/lxac014,The critical role of gut microbiota dysbiosis in skeletal muscle wasting: a systematic review.,microbiome-inflammaging,systematic_review_or_meta_analysis,human,B,retired_from_active_findings,topic_scope_mismatch,2026-09-13,Git history and prior public-data snapshots
finding-pubmed-36644285,pubmed-36644285,36644285,10.1016/j.jacbts.2022.06.012,Safety and Tolerability of Nicotinamide Riboside in Heart Failure With Reduced Ejection Fraction.,nad-nmn-nr-aging,mechanistic_or_cell_study,cell,D,retired_from_active_findings,topic_scope_mismatch,2026-09-13,Git history and prior public-data snapshots
finding-pubmed-36652938,pubmed-36652938,36652938,10.1159/000528252,Metformin's Role in Hyperlactatemia and Lactic Acidosis in ICU Patients: A Systematic Review.,metformin-aging,systematic_review_or_meta_analysis,human,B,retired_from_active_findings,topic_scope_mismatch,2026-09-13,Git history and prior public-data snapshots
finding-pubmed-36696023,pubmed-36696023,36696023,10.1007/s11033-023-08283-x,Molecular and therapeutic insights of rapamycin: a multi-faceted drug from Streptomyces hygroscopicus.,rapamycin-mtor-aging,narrative_review,human,C,retired_from_active_findings,topic_scope_mismatch,2026-09-13,Git history and prior public-data snapshots
finding-pubmed-36746389,pubmed-36746389,36746389,10.1093/ageing/afad004,Comparative effectiveness of non-pharmacological interventions for frailty: a systematic review and network meta-analysis.,resistance-training-muscle,systematic_review_or_meta_analysis,human,B,retired_from_active_findings,topic_scope_mismatch,2026-09-13,Git history and prior public-data snapshots
finding-pubmed-36764463,pubmed-36764463,36764463,10.1016/j.mad.2023.111789,Klotho ameliorates angiotension-II-induced endothelial senescence via restoration of autophagy by inhibiting Wnt3a/GSK-3β/mTOR signaling: A potential mechanism involved in prognostic performance of Klotho in coronary atherosclerotic disease.,klotho-il11-aging,metadata_only_needs_classification,human,D,retired_from_active_findings,topic_scope_mismatch,2026-09-13,Git history and prior public-data snapshots
finding-pubmed-36768576,pubmed-36768576,36768576,10.3390/ijms24032254,An ELOVL2-Based Epigenetic Clock for Forensic Age Prediction: A Systematic Review.,epigenetic-clocks,systematic_review_or_meta_analysis,human,B,retired_from_active_findings,topic_scope_mismatch,2026-09-13,Git history and prior public-data snapshots
finding-pubmed-36797393,pubmed-36797393,36797393,10.1038/s41598-023-29787-3,"Nicotinamide adenine dinucleotide metabolism and arterial stiffness after long-term nicotinamide mononucleotide supplementation: a randomized, double-blind, placebo-controlled trial.",nad-nmn-nr-aging,human_randomized_or_clinical_trial,human,C,retired_from_active_findings,topic_scope_mismatch,2026-09-13,Git history and prior public-data snapshots
finding-pubmed-36829798,pubmed-36829798,36829798,10.3390/antiox12020239,"Klotho, Oxidative Stress, and Mitochondrial Damage in Kidney Disease.",klotho-il11-aging,narrative_review,human,C,retired_from_active_findings,topic_scope_mismatch,2026-09-13,Git history and prior public-data snapshots
finding-pubmed-36834497,pubmed-36834497,36834497,10.3390/ijms24043084,"Effects of Berries, Phytochemicals, and Probiotics on Atherosclerosis through Gut Microbiota Modification: A Meta-Analysis of Animal Studies.",microbiome-inflammaging,systematic_review_or_meta_analysis,human,B,retired_from_active_findings,topic_scope_mismatch,2026-09-13,Git history and prior public-data snapshots
finding-pubmed-36847087,pubmed-36847087,36847087,10.13345/j.cjb.220880,[Advances in physiological activities and synthesis of β-nicotinamide mononucleotide].,nad-nmn-nr-aging,narrative_review,needs_review,D,retired_from_active_findings,topic_scope_mismatch,2026-09-13,Git history and prior public-data snapshots
finding-pubmed-36857968,pubmed-36857968,36857968,10.1016/j.ebiom.2023.104481,"Senolytics dasatinib and quercetin in idiopathic pulmonary fibrosis: results of a phase I, single-blind, single-center, randomized, placebo-controlled pilot trial on feasibility and tolerability.",senolytics,human_randomized_or_clinical_trial,human,C,retired_from_active_findings,topic_scope_mismatch,2026-09-13,Git history and prior public-data snapshots
finding-pubmed-36934220,pubmed-36934220,36934220,10.1186/s12877-023-03759-8,Effect of frailty status on mortality risk among Chinese community-dwelling older adults: a prospective cohort study.,resistance-training-muscle,human_cohort,human,B,retired_from_active_findings,topic_scope_mismatch,2026-09-13,Git history and prior public-data snapshots
finding-pubmed-36936793,pubmed-36936793,36936793,10.1016/j.isci.2023.106278,Nicotinamide riboside supplementation is not associated with altered methylation homeostasis in Parkinson's disease.,nad-nmn-nr-aging,mechanistic_or_cell_study,cell,D,retired_from_active_findings,topic_scope_mismatch,2026-09-13,Git history and prior public-data snapshots
finding-pubmed-37028607,pubmed-37028607,37028607,10.1016/j.exger.2023.112163,Biomarkers of the ageing immune system and their association with frailty - A systematic review.,resistance-training-muscle,systematic_review_or_meta_analysis,human,B,retired_from_active_findings,topic_scope_mismatch,2026-09-13,Git history and prior public-data snapshots
finding-pubmed-37068054,pubmed-37068054,37068054,10.1093/gerona/glad106,Dietary Supplementation With NAD+-Boosting Compounds in Humans: Current Knowledge and Future Directions.,nad-nmn-nr-aging,narrative_review,human,C,retired_from_active_findings,topic_scope_mismatch,2026-09-13,Git history and prior public-data snapshots
finding-pubmed-37087024,pubmed-37087024,37087024,10.1016/j.exger.2023.112180,Rationale of the association between Mediterranean diet and the risk of frailty in older adults and systematic review and meta-analysis.,resistance-training-muscle,systematic_review_or_meta_analysis,human,B,retired_from_active_findings,topic_scope_mismatch,2026-09-13,Git history and prior public-data snapshots
finding-pubmed-37118287,pubmed-37118287,37118287,10.1038/s43587-022-00286-w,Long-term life history predicts current gut microbiome in a population-based cohort study.,microbiome-inflammaging,human_cohort,human,C,retired_from_active_findings,topic_scope_mismatch,2026-09-13,Git history and prior public-data snapshots
finding-pubmed-37143722,pubmed-37143722,37143722,10.3389/fendo.2023.1180169,Klotho's impact on diabetic nephropathy and its emerging connection to diabetic retinopathy.,klotho-il11-aging,narrative_review,human,C,retired_from_active_findings,topic_scope_mismatch,2026-09-13,Git history and prior public-data snapshots
finding-pubmed-37159264,pubmed-37159264,37159264,10.1172/jci.insight.167274,Randomized crossover clinical trial of coenzyme Q10 and nicotinamide riboside in chronic kidney disease.,nad-nmn-nr-aging,human_randomized_or_clinical_trial,human,C,retired_from_active_findings,topic_scope_mismatch,2026-09-13,Git history and prior public-data snapshots
finding-pubmed-37199584,pubmed-37199584,37199584,10.14336/AD.2023.0306,The Emerging Role of Interleukin-(IL)-11/IL-11R in Bone Metabolism and Homeostasis: From Cytokine to Osteokine.,klotho-il11-aging,narrative_review,cell,D,retired_from_active_findings,topic_scope_mismatch,2026-09-13,Git history and prior public-data snapshots
finding-pubmed-37219756,pubmed-37219756,37219756,10.1007/s40520-023-02421-y,Social frailty as a predictor of adverse outcomes among older adults: a systematic review and meta-analysis.,resistance-training-muscle,systematic_review_or_meta_analysis,human,B,retired_from_active_findings,topic_scope_mismatch,2026-09-13,Git history and prior public-data snapshots
finding-pubmed-37222020,pubmed-37222020,37222020,10.1111/acel.13888,Unbiased evaluation of rapamycin's specificity as an mTOR inhibitor.,rapamycin-mtor-aging,animal_study,mouse,D,retired_from_active_findings,topic_scope_mismatch,2026-09-13,Git history and prior public-data snapshots
finding-pubmed-37234180,pubmed-37234180,37234180,10.1007/s12291-022-01097-x,A Comparative Analysis of Effectiveness of Recombinant Interleukin-11 Versus Papaya Leaf Extract for Treatment of Thrombocytopenia: A Review.,klotho-il11-aging,narrative_review,human,C,retired_from_active_findings,topic_scope_mismatch,2026-09-13,Git history and prior public-data snapshots
finding-pubmed-37273100,pubmed-37273100,37273100,10.1007/s13668-023-00475-y,NAD+ Precursors Nicotinamide Mononucleotide (NMN) and Nicotinamide Riboside (NR): Potential Dietary Contribution to Health.,nad-nmn-nr-aging,narrative_review,human,C,retired_from_active_findings,topic_scope_mismatch,2026-09-13,Git history and prior public-data snapshots
finding-pubmed-37277934,pubmed-37277934,37277934,10.1111/prd.12489,COVID-19 associated oral and oropharyngeal microbiome: Systematic review and meta-analysis.,microbiome-inflammaging,systematic_review_or_meta_analysis,human,B,retired_from_active_findings,topic_scope_mismatch,2026-09-13,Git history and prior public-data snapshots
finding-pubmed-37304948,pubmed-37304948,37304948,10.3389/fcvm.2023.1171697,Roles and mechanism of IL-11 in vascular diseases.,klotho-il11-aging,narrative_review,human,C,retired_from_active_findings,topic_scope_mismatch,2026-09-13,Git history and prior public-data snapshots
finding-pubmed-37335334,pubmed-37335334,37335334,10.1007/s00417-023-06118-w,"Nicotinamide mononucleotide, a potential future treatment in ocular diseases.",nad-nmn-nr-aging,narrative_review,human,D,retired_from_active_findings,topic_scope_mismatch,2026-09-13,Git history and prior public-data snapshots
finding-pubmed-37339345,pubmed-37339345,37339345,10.2337/dc22-2539,Metformin for Treatment of Acute COVID-19: Systematic Review of Clinical Trial Data Against SARS-CoV-2.,metformin-aging,systematic_review_or_meta_analysis,human,B,retired_from_active_findings,topic_scope_mismatch,2026-09-13,Git history and prior public-data snapshots
finding-pubmed-37347262,pubmed-37347262,37347262,10.1007/s00253-023-12612-2,Technology and functional insights into the nicotinamide mononucleotide for human health.,nad-nmn-nr-aging,narrative_review,human,C,retired_from_active_findings,topic_scope_mismatch,2026-09-13,Git history and prior public-data snapshots
finding-pubmed-37349622,pubmed-37349622,37349622,10.1007/s12602-023-10105-2,"Anti-Inflammatory, Antioxidant, Metabolic and Gut Microbiota Modulation Activities of Probiotic in Cardiac Remodeling Condition: Evidence from Systematic Study and Meta-Analysis of Randomized Controlled Trials.",microbiome-inflammaging,systematic_review_or_meta_analysis,human,B,retired_from_active_findings,topic_scope_mismatch,2026-09-13,Git history and prior public-data snapshots
finding-pubmed-37393504,pubmed-37393504,37393504,10.3233/JAD-230322,Klotho Gene Expression Is Decreased in Peripheral Blood Mononuclear Cells in Patients with Alzheimer's Disease and Frontotemporal Dementia.,klotho-il11-aging,metadata_only_needs_classification,human,E,retired_from_active_findings,topic_scope_mismatch,2026-09-13,Git history and prior public-data snapshots
finding-pubmed-37395057,pubmed-37395057,37395057,10.1017/S1368980023001295,Adherence to the Swedish dietary guidelines and the impact on mortality and climate in a population-based cohort study.,dietary-pattern-longevity,narrative_review,human,B,retired_from_active_findings,topic_capacity_limit,2026-09-13,Git history and prior public-data snapshots
finding-pubmed-37425590,pubmed-37425590,37425590,10.7759/cureus.40043,Neuroprotective Role of Klotho on Dementia.,klotho-il11-aging,narrative_review,human,C,retired_from_active_findings,topic_scope_mismatch,2026-09-13,Git history and prior public-data snapshots
finding-pubmed-37442369,pubmed-37442369,37442369,10.1016/j.arr.2023.101989,Therapeutic potential of senolytic agent quercetin in osteoarthritis: A systematic review and meta-analysis of preclinical studies.,senolytics,systematic_review_or_meta_analysis,human,C,retired_from_active_findings,topic_scope_mismatch,2026-09-13,Git history and prior public-data snapshots
finding-pubmed-37445521,pubmed-37445521,37445521,10.3390/jcm12134486,"Time-Dependent Changes of Klotho and FGF-23 Levels after Kidney Transplantation: Role of Cold Ischemia Time, Renal Function and Graft Inflammation.",klotho-il11-aging,metadata_only_needs_classification,human,D,retired_from_active_findings,topic_scope_mismatch,2026-09-13,Git history and prior public-data snapshots
finding-pubmed-37447292,pubmed-37447292,37447292,10.3390/nu15132966,Poor Appetite in Frail Older Persons-A Systematic Review.,resistance-training-muscle,systematic_review_or_meta_analysis,human,A,retired_from_active_findings,topic_scope_mismatch,2026-09-13,Git history and prior public-data snapshots
finding-pubmed-37464539,pubmed-37464539,37464539,10.1111/eci.14064,Causal associations between gut microbiota and sepsis: A two-sample Mendelian randomization study.,microbiome-inflammaging,human_mendelian_randomization,human,B,retired_from_active_findings,topic_scope_mismatch,2026-09-13,Git history and prior public-data snapshots
finding-pubmed-37478182,pubmed-37478182,37478182,10.1126/sciadv.adi4862,What is really known about the effects of nicotinamide riboside supplementation in humans.,nad-nmn-nr-aging,narrative_review,human,C,retired_from_active_findings,topic_scope_mismatch,2026-09-13,Git history and prior public-data snapshots
finding-pubmed-37499149,pubmed-37499149,37499149,,Clinical Efficacy of Different Doses of Canagliflozin Combined with Metformin in the Treatment of Type 2 Diabetes: Meta-Analysis.,metformin-aging,systematic_review_or_meta_analysis,human,B,retired_from_active_findings,topic_scope_mismatch,2026-09-13,Git history and prior public-data snapshots
finding-pubmed-37522130,pubmed-37522130,37522130,10.3389/fendo.2023.1218949,Higher levels of serum α-Klotho are longitudinally associated with less central obesity in girls experiencing weight gain.,klotho-il11-aging,metadata_only_needs_classification,human,D,retired_from_active_findings,topic_scope_mismatch,2026-09-13,Git history and prior public-data snapshots
finding-pubmed-37526857,pubmed-37526857,37526857,10.1007/s12029-023-00955-y,Effect of Metformin Use on Survival and Recurrence Rate of Gastric Cancer After Gastrectomy in Diabetic Patients: A Systematic Review and Meta-analysis of Observational Studies.,metformin-aging,systematic_review_or_meta_analysis,human,B,retired_from_active_findings,topic_scope_mismatch,2026-09-13,Git history and prior public-data snapshots
finding-pubmed-37550964,pubmed-37550964,37550964,10.1080/19490976.2023.2242615,Robust cross-cohort gut microbiome associations with COVID-19 severity.,microbiome-inflammaging,systematic_review_or_meta_analysis,human,B,retired_from_active_findings,topic_scope_mismatch,2026-09-13,Git history and prior public-data snapshots
finding-pubmed-37579883,pubmed-37579883,37579883,10.1016/j.jad.2023.08.061,Role of klotho on antidepressant and antisuicidal effects of low-dose ketamine infusion among patients with treatment-resistant depression and suicidal ideation.,klotho-il11-aging,human_randomized_or_clinical_trial,human,C,retired_from_active_findings,topic_scope_mismatch,2026-09-13,Git history and prior public-data snapshots
finding-pubmed-37588041,pubmed-37588041,37588041,10.3389/ijph.2023.1605964,Prevalence of Frailty Among Chinese Community-Dwelling Older Adults: A Systematic Review and Meta-Analysis.,resistance-training-muscle,systematic_review_or_meta_analysis,human,A,retired_from_active_findings,topic_scope_mismatch,2026-09-13,Git history and prior public-data snapshots
finding-pubmed-37593976,pubmed-37593976,37593976,10.1111/eci.14078,"Effects of NAD+ precursors on blood pressure, C-reactive protein concentration and carotid intima-media thickness: A meta-analysis of randomized controlled trials.",nad-nmn-nr-aging,systematic_review_or_meta_analysis,human,C,retired_from_active_findings,topic_scope_mismatch,2026-09-13,Git history and prior public-data snapshots
finding-pubmed-37616057,pubmed-37616057,37616057,10.18632/aging.204973,"Investigating causal associations among gut microbiota, gut microbiota-derived metabolites, and gestational diabetes mellitus: a bidirectional Mendelian randomization study.",microbiome-inflammaging,human_mendelian_randomization,human,B,retired_from_active_findings,topic_scope_mismatch,2026-09-13,Git history and prior public-data snapshots
finding-pubmed-37619764,pubmed-37619764,37619764,10.1016/j.advnut.2023.08.008,The Safety and Antiaging Effects of Nicotinamide Mononucleotide in Human Clinical Trials: an Update.,nad-nmn-nr-aging,animal_study,animal,D,retired_from_active_findings,topic_scope_mismatch,2026-09-13,Git history and prior public-data snapshots
finding-pubmed-37634130,pubmed-37634130,37634130,10.1161/CIRCULATIONAHA.123.066485,Safety of Switching From a Vitamin K Antagonist to a Non-Vitamin K Antagonist Oral Anticoagulant in Frail Older Patients With Atrial Fibrillation: Results of the FRAIL-AF Randomized Controlled Trial.,resistance-training-muscle,human_randomized_or_clinical_trial,human,B,retired_from_active_findings,topic_scope_mismatch,2026-09-13,Git history and prior public-data snapshots
finding-pubmed-37643509,pubmed-37643509,37643509,10.1016/j.parkreldis.2023.105821,Neuron-derived extracellular vesicles to examine brain mTOR target engagement with sirolimus in patients with multiple system atrophy.,rapamycin-mtor-aging,human_randomized_or_clinical_trial,human,C,retired_from_active_findings,topic_scope_mismatch,2026-09-13,Git history and prior public-data snapshots
finding-pubmed-37648906,pubmed-37648906,37648906,10.1007/s40618-023-02163-8,"The relationship between klotho, testosterone, and sexual health parameters among US adult men.",klotho-il11-aging,metadata_only_needs_classification,human,E,retired_from_active_findings,topic_scope_mismatch,2026-09-13,Git history and prior public-data snapshots
finding-pubmed-37655500,pubmed-37655500,37655500,10.1002/gps.5994,Management of cognitive frailty: A network meta-analysis of randomized controlled trials.,resistance-training-muscle,systematic_review_or_meta_analysis,human,B,retired_from_active_findings,topic_scope_mismatch,2026-09-13,Git history and prior public-data snapshots
finding-pubmed-37660724,pubmed-37660724,37660724,10.1016/j.jamda.2023.08.001,Relationship Between Cognitive Frailty and Mortality in Older Adults: A Systematic Review and Meta-Analysis.,resistance-training-muscle,systematic_review_or_meta_analysis,human,B,retired_from_active_findings,topic_scope_mismatch,2026-09-13,Git history and prior public-data snapshots
finding-pubmed-37695186,pubmed-37695186,37695186,10.23750/abm.v94iS3.14405,Metformin and Covid-19: a systematic review of systematic reviews with meta-analysis.,metformin-aging,systematic_review_or_meta_analysis,human,B,retired_from_active_findings,topic_scope_mismatch,2026-09-13,Git history and prior public-data snapshots
finding-pubmed-37698537,pubmed-37698537,37698537,10.18632/aging.205019,Gut microbiota and hypertensive disorders in pregnancy: evidence from the Mendelian randomization study.,microbiome-inflammaging,human_mendelian_randomization,human,B,retired_from_active_findings,topic_scope_mismatch,2026-09-13,Git history and prior public-data snapshots
finding-pubmed-37721413,pubmed-37721413,37721413,10.1111/cns.14463,mTOR signaling and Alzheimer's disease: What we know and where we are?,rapamycin-mtor-aging,narrative_review,human,C,retired_from_active_findings,topic_scope_mismatch,2026-09-13,Git history and prior public-data snapshots
finding-pubmed-37722166,pubmed-37722166,37722166,10.1016/j.dsx.2023.102854,Emerging role of α-Klotho in energy metabolism and cardiometabolic diseases.,klotho-il11-aging,narrative_review,human,C,retired_from_active_findings,topic_scope_mismatch,2026-09-13,Git history and prior public-data snapshots
finding-pubmed-37770617,pubmed-37770617,37770617,10.1007/s00277-023-05460-7,The association of intestinal microbiota diversity and outcomes of allogeneic hematopoietic cell transplantation: a systematic review and meta-analysis.,microbiome-inflammaging,systematic_review_or_meta_analysis,human,B,retired_from_active_findings,topic_scope_mismatch,2026-09-13,Git history and prior public-data snapshots
finding-pubmed-37770897,pubmed-37770897,37770897,10.1186/s12964-023-01280-4,Meta-analysis of senescent cell secretomes to identify common and specific features of the different senescent phenotypes: a tool for developing new senotherapeutics.,senolytics,systematic_review_or_meta_analysis,human,C,retired_from_active_findings,topic_scope_mismatch,2026-09-13,Git history and prior public-data snapshots
finding-pubmed-37779849,pubmed-37779849,37779849,10.1093/ckj/sfad093,Is there a role in acute kidney injury for FGF23 and Klotho?,klotho-il11-aging,narrative_review,human,C,retired_from_active_findings,topic_scope_mismatch,2026-09-13,Git history and prior public-data snapshots
finding-pubmed-37781358,pubmed-37781358,37781358,10.3389/fimmu.2023.1190230,Causal associations of gut microbiota and metabolites on sepsis: a two-sample Mendelian randomization study.,microbiome-inflammaging,human_mendelian_randomization,human,B,retired_from_active_findings,topic_scope_mismatch,2026-09-13,Git history and prior public-data snapshots
finding-pubmed-37804921,pubmed-37804921,37804921,10.1016/j.exger.2023.112306,Interaction of Klotho and sirtuins.,klotho-il11-aging,narrative_review,human,D,retired_from_active_findings,topic_scope_mismatch,2026-09-13,Git history and prior public-data snapshots
finding-pubmed-37810879,pubmed-37810879,37810879,10.3389/fendo.2023.1237727,"A two-cohort study on the association between the gut microbiota and bone density, microarchitecture, and strength.",microbiome-inflammaging,systematic_review_or_meta_analysis,human,B,retired_from_active_findings,topic_scope_mismatch,2026-09-13,Git history and prior public-data snapshots
finding-pubmed-37810917,pubmed-37810917,37810917,10.3389/fnut.2023.1232184,Effect of the Mediterranean diet supplemented with nicotinamide riboside and pterostilbene and/or coconut oil on anthropometric variables in amyotrophic lateral sclerosis. A pilot study.,nad-nmn-nr-aging,metadata_only_needs_classification,human,C,retired_from_active_findings,topic_scope_mismatch,2026-09-13,Git history and prior public-data snapshots
finding-pubmed-37828993,pubmed-37828993,37828993,10.3389/fimmu.2023.1231848,The causal relationship between gut microbiota and inflammatory dermatoses: a Mendelian randomization study.,microbiome-inflammaging,human_mendelian_randomization,human,B,retired_from_active_findings,topic_scope_mismatch,2026-09-13,Git history and prior public-data snapshots
finding-pubmed-37883777,pubmed-37883777,37883777,,Meta-Analysis of Metformin on Recurrence Risk and Long-Term Survival in Patients with Diabetes and Renal Cell Carcinoma.,metformin-aging,systematic_review_or_meta_analysis,human,C,retired_from_active_findings,topic_scope_mismatch,2026-09-13,Git history and prior public-data snapshots
finding-pubmed-37892163,pubmed-37892163,37892163,10.3390/biom13101481,"A Combined Biomarker That Includes Plasma Fibroblast Growth Factor 23, Erythropoietin, and Klotho Predicts Short- and Long-Term Morbimortality and Development of Chronic Kidney Disease in Critical Care Patients with Sepsis: A Prospective Cohort.",klotho-il11-aging,human_cohort,human,C,retired_from_active_findings,topic_scope_mismatch,2026-09-13,Git history and prior public-data snapshots
finding-pubmed-37894774,pubmed-37894774,37894774,10.3390/ijms242015094,The Role of Short-Chain Fatty Acids in Microbiota-Gut-Brain Cross-Talk with a Focus on Amyotrophic Lateral Sclerosis: A Systematic Review.,microbiome-inflammaging,systematic_review_or_meta_analysis,human,B,retired_from_active_findings,topic_scope_mismatch,2026-09-13,Git history and prior public-data snapshots
finding-pubmed-37894946,pubmed-37894946,37894946,10.3390/ijms242015268,The Importance of α-Klotho in Depression and Cognitive Impairment and Its Connection to Glutamate Neurotransmission-An Up-to-Date Review.,klotho-il11-aging,narrative_review,human,C,retired_from_active_findings,topic_scope_mismatch,2026-09-13,Git history and prior public-data snapshots
finding-pubmed-37899683,pubmed-37899683,37899683,10.1002/mds.29645,Long-Term Nicotinamide Riboside Use Improves Coordination and Eye Movements in Ataxia Telangiectasia.,nad-nmn-nr-aging,human_randomized_or_clinical_trial,human,C,retired_from_active_findings,topic_scope_mismatch,2026-09-13,Git history and prior public-data snapshots
finding-pubmed-37904250,pubmed-37904250,37904250,10.1186/s13058-023-01727-z,mTOR inhibition abrogates human mammary stem cells and early breast cancer progression markers.,rapamycin-mtor-aging,metadata_only_needs_classification,human,D,retired_from_active_findings,topic_scope_mismatch,2026-09-13,Git history and prior public-data snapshots
finding-pubmed-37927483,pubmed-37927483,37927483,10.1002/jmd2.12395,S-adenosylmethionine and nicotinamide riboside therapy in Arts syndrome: A case report and literature review.,nad-nmn-nr-aging,narrative_review,human,C,retired_from_active_findings,topic_scope_mismatch,2026-09-13,Git history and prior public-data snapshots
finding-pubmed-37941788,pubmed-37941788,37941788,10.1515/biol-2022-0655,The fibroblast growth factor-Klotho axis at molecular level.,klotho-il11-aging,narrative_review,cell,D,retired_from_active_findings,topic_scope_mismatch,2026-09-13,Git history and prior public-data snapshots
finding-pubmed-37944568,pubmed-37944568,37944568,10.1016/j.pbiomolbio.2023.10.002,Growth or death? Control of cell destiny by mTOR and autophagy pathways.,rapamycin-mtor-aging,narrative_review,human,C,retired_from_active_findings,topic_scope_mismatch,2026-09-13,Git history and prior public-data snapshots
finding-pubmed-37958470,pubmed-37958470,37958470,10.3390/cancers15215297,PI3K/Akt/mTOR Signaling Pathway in Blood Malignancies-New Therapeutic Possibilities.,rapamycin-mtor-aging,narrative_review,human,C,retired_from_active_findings,topic_scope_mismatch,2026-09-13,Git history and prior public-data snapshots
finding-pubmed-38039845,pubmed-38039845,38039845,10.1016/j.yjmcc.2023.10.011,Mechanistic target of rapamycin in regulating macrophage function in inflammatory cardiovascular diseases.,rapamycin-mtor-aging,narrative_review,human,C,retired_from_active_findings,topic_scope_mismatch,2026-09-13,Git history and prior public-data snapshots
finding-pubmed-38040344,pubmed-38040344,38040344,10.1016/j.mad.2023.111888,"Current senolytics: Mode of action, efficacy and limitations, and their future.",senolytics,animal_study,animal,D,retired_from_active_findings,topic_scope_mismatch,2026-09-13,Git history and prior public-data snapshots
finding-pubmed-38046042,pubmed-38046042,38046042,10.1093/ckj/sfad166,Klotho and lean mass as novel cardiovascular risk factors in hemodialysis patients.,klotho-il11-aging,metadata_only_needs_classification,human,C,retired_from_active_findings,topic_scope_mismatch,2026-09-13,Git history and prior public-data snapshots
finding-pubmed-38049936,pubmed-38049936,38049936,10.34067/KID.0000000000000316,Targeting Senescent Cells as Therapy for CKD.,senolytics,narrative_review,human,C,retired_from_active_findings,topic_scope_mismatch,2026-09-13,Git history and prior public-data snapshots
finding-pubmed-38054591,pubmed-38054591,38054591,10.1042/BCJ20220160,Understanding interleukin 11 as a disease gene and therapeutic target.,klotho-il11-aging,narrative_review,mouse,D,retired_from_active_findings,topic_scope_mismatch,2026-09-13,Git history and prior public-data snapshots
finding-pubmed-38058396,pubmed-38058396,38058396,10.1177/20406223231213246,Potential application of Klotho as a prognostic biomarker for patients with diabetic kidney disease: a meta-analysis of clinical studies.,klotho-il11-aging,systematic_review_or_meta_analysis,human,C,retired_from_active_findings,topic_scope_mismatch,2026-09-13,Git history and prior public-data snapshots
finding-pubmed-38062873,pubmed-38062873,38062873,10.1111/acel.14060,Intermittent supplementation with fisetin improves arterial function in old mice by decreasing cellular senescence.,senolytics,animal_study,mouse,D,retired_from_active_findings,topic_scope_mismatch,2026-09-13,Git history and prior public-data snapshots
finding-pubmed-38115325,pubmed-38115325,38115325,10.1097/MD.0000000000036478,Bibliometrics and visual analysis of metformin and gut microbiota from 2012 to 2022: A systematic review.,metformin-aging,systematic_review_or_meta_analysis,human,B,retired_from_active_findings,topic_scope_mismatch,2026-09-13,Git history and prior public-data snapshots
finding-pubmed-38164616,pubmed-38164616,38164616,10.1124/molpharm.123.000803,Pharmacological Targeting of Senescence with Senolytics as a New Therapeutic Strategy for Neurodegeneration.,senolytics,narrative_review,human,D,retired_from_active_findings,topic_scope_mismatch,2026-09-13,Git history and prior public-data snapshots
finding-pubmed-38169578,pubmed-38169578,38169578,10.7150/ijms.90195,Beneficial effects of physical exercise on the osteo-renal Klotho-FGF-23 axis in Chronic Kidney Disease: A systematic review with meta-analysis.,klotho-il11-aging,systematic_review_or_meta_analysis,human,C,retired_from_active_findings,topic_scope_mismatch,2026-09-13,Git history and prior public-data snapshots
finding-pubmed-38187354,pubmed-38187354,38187354,10.1155/2023/8244545,α-Klotho: An Early Risk-Predictive Biomarker for Acute Kidney Injury in Patients with Acute Myocardial Infarction.,klotho-il11-aging,mixed_human_and_animal_study,mixed_human_animal,C,retired_from_active_findings,topic_scope_mismatch,2026-09-13,Git history and prior public-data snapshots
finding-pubmed-38198148,pubmed-38198148,38198148,10.18632/aging.205417,Genetic support of the causal association between gut microbiota and peripheral artery disease: a bidirectional Mendelian randomization study.,microbiome-inflammaging,human_mendelian_randomization,human,B,retired_from_active_findings,topic_scope_mismatch,2026-09-13,Git history and prior public-data snapshots
finding-pubmed-38215022,pubmed-38215022,38215022,10.1097/CEJ.0000000000000872,Association of metformin and statin uses with the prognosis of colon cancer: a meta-analysis.,metformin-aging,systematic_review_or_meta_analysis,human,B,retired_from_active_findings,topic_scope_mismatch,2026-09-13,Git history and prior public-data snapshots
finding-pubmed-38225896,pubmed-38225896,38225896,10.1111/acel.14037,Senolytic treatment alleviates doxorubicin-induced chemobrain.,senolytics,mechanistic_or_cell_study,cell,D,retired_from_active_findings,topic_scope_mismatch,2026-09-13,Git history and prior public-data snapshots
finding-pubmed-38239055,pubmed-38239055,38239055,10.1177/02184923231225794,Association of metformin use with abdominal aortic aneurysm: A systematic review and meta-analysis.,metformin-aging,systematic_review_or_meta_analysis,human,B,retired_from_active_findings,topic_scope_mismatch,2026-09-13,Git history and prior public-data snapshots
finding-pubmed-38239342,pubmed-38239342,38239342,10.3389/fimmu.2023.1213159,"Investigating causal associations among gut microbiota, metabolites and autoimmune hypothyroidism: a univariable and multivariable Mendelian randomization study.",microbiome-inflammaging,human_mendelian_randomization,human,B,retired_from_active_findings,topic_scope_mismatch,2026-09-13,Git history and prior public-data snapshots
finding-pubmed-38243841,pubmed-38243841,38243841,10.1111/ddg.15294,The cutaneous microbiome in skin cancer - A systematic review.,microbiome-inflammaging,systematic_review_or_meta_analysis,human,B,retired_from_active_findings,topic_scope_mismatch,2026-09-13,Git history and prior public-data snapshots
finding-pubmed-38246042,pubmed-38246042,38246042,10.1016/j.ygyno.2024.01.007,Associations of metformin therapy treatment with endometrial cancer risk and prognosis: A systematic review and meta-analysis.,metformin-aging,systematic_review_or_meta_analysis,human,B,retired_from_active_findings,topic_scope_mismatch,2026-09-13,Git history and prior public-data snapshots
finding-pubmed-38288114,pubmed-38288114,38288114,10.3389/fimmu.2023.1308002,Gut microbiota in combination with blood metabolites reveals characteristics of the disease cluster of coronary artery disease and cognitive impairment: a Mendelian randomization study.,microbiome-inflammaging,human_mendelian_randomization,human,B,retired_from_active_findings,topic_scope_mismatch,2026-09-13,Git history and prior public-data snapshots
finding-pubmed-38306619,pubmed-38306619,38306619,10.1093/gerona/glae037,The Potential Role and Therapeutic Relevance of Cellular Senescence in Skeletal Pathophysiology.,senolytics,narrative_review,human,D,retired_from_active_findings,topic_scope_mismatch,2026-09-13,Git history and prior public-data snapshots
finding-pubmed-38321220,pubmed-38321220,38321220,10.1038/s41591-024-02802-4,Therapeutic targeting of cellular senescence in diabetic macular edema: preclinical and phase 1 trial results.,senolytics,mixed_human_and_animal_study,mixed_human_animal,D,retired_from_active_findings,topic_scope_mismatch,2026-09-13,Git history and prior public-data snapshots
finding-pubmed-38330904,pubmed-38330904,38330904,10.1021/acs.jafc.3c09217,"Biosynthesis of Nicotinamide Mononucleotide: Synthesis Method, Enzyme, and Biocatalytic System.",nad-nmn-nr-aging,narrative_review,human,D,retired_from_active_findings,topic_scope_mismatch,2026-09-13,Git history and prior public-data snapshots
finding-pubmed-38341512,pubmed-38341512,38341512,10.1038/s41598-024-53984-3,Social frailty as a predictor of all-cause mortality and functional disability: a systematic review and meta-analysis.,resistance-training-muscle,systematic_review_or_meta_analysis,human,A,retired_from_active_findings,topic_scope_mismatch,2026-09-13,Git history and prior public-data snapshots
finding-pubmed-38351227,pubmed-38351227,38351227,10.1038/s41598-024-53929-w,Systematic identification of the role of gut microbiota in mental disorders: a TwinsUK cohort study.,microbiome-inflammaging,human_cohort,human,C,retired_from_active_findings,topic_scope_mismatch,2026-09-13,Git history and prior public-data snapshots
finding-pubmed-38351588,pubmed-38351588,38351588,10.1111/ijd.17072,Clinicopathological and cellular senescence biomarkers in chronic stalled wounds.,senolytics,metadata_only_needs_classification,human,D,retired_from_active_findings,topic_scope_mismatch,2026-09-13,Git history and prior public-data snapshots
finding-pubmed-38361921,pubmed-38361921,38361921,10.3389/fimmu.2024.1266230,Gut microbiota and sepsis and sepsis-related death: a Mendelian randomization investigation.,microbiome-inflammaging,human_mendelian_randomization,human,B,retired_from_active_findings,topic_scope_mismatch,2026-09-13,Git history and prior public-data snapshots
finding-pubmed-38364235,pubmed-38364235,38364235,10.18632/aging.205547,Causal relationship between gut microbiota and risk of esophageal cancer: evidence from Mendelian randomization study.,microbiome-inflammaging,human_mendelian_randomization,human,B,retired_from_active_findings,topic_scope_mismatch,2026-09-13,Git history and prior public-data snapshots
finding-pubmed-38366629,pubmed-38366629,38366629,10.1093/jb/mvae015,Therapeutic strategies targeting cellular senescence for cancer and other diseases.,senolytics,narrative_review,human,C,retired_from_active_findings,topic_scope_mismatch,2026-09-13,Git history and prior public-data snapshots
finding-pubmed-38382678,pubmed-38382678,38382678,10.1016/j.arr.2024.102238,Therapeutic effect of dietary ingredients on cellular senescence in animals and humans: A systematic review.,senolytics,systematic_review_or_meta_analysis,cell,C,retired_from_active_findings,topic_scope_mismatch,2026-09-13,Git history and prior public-data snapshots
finding-pubmed-38391047,pubmed-38391047,38391047,10.1111/apa.17167,Faecal microbiota transplantation in children: A systematic review.,microbiome-inflammaging,systematic_review_or_meta_analysis,human,B,retired_from_active_findings,topic_scope_mismatch,2026-09-13,Git history and prior public-data snapshots
finding-pubmed-38394173,pubmed-38394173,38394173,10.1093/gerona/glae060,Longitudinal Quantiles of Frailty Trajectories Considering Death: New Insights into Sex and Cohort Differences in the Reference Curves for Frailty Progression of Older European.,resistance-training-muscle,human_cohort,human,B,retired_from_active_findings,topic_scope_mismatch,2026-09-13,Git history and prior public-data snapshots
finding-pubmed-38398848,pubmed-38398848,38398848,10.3390/nu16040524,A Cohort Study of the Influence of the 12-Component Modified Japanese Diet Index on Oral and Gut Microbiota in the Japanese General Population.,microbiome-inflammaging,human_cohort,human,C,retired_from_active_findings,topic_scope_mismatch,2026-09-13,Git history and prior public-data snapshots
finding-pubmed-38401690,pubmed-38401690,38401690,10.1016/j.mad.2024.111918,Insights into targeting cellular senescence with senolytic therapy: The journey from preclinical trials to clinical practice.,senolytics,narrative_review,human,D,retired_from_active_findings,topic_scope_mismatch,2026-09-13,Git history and prior public-data snapshots
finding-pubmed-38408636,pubmed-38408636,38408636,10.1016/j.lfs.2024.122535,The effect of microbiome therapy on COVID-19-induced gut dysbiosis: A narrative and systematic review.,microbiome-inflammaging,systematic_review_or_meta_analysis,human,B,retired_from_active_findings,topic_scope_mismatch,2026-09-13,Git history and prior public-data snapshots
finding-pubmed-38412992,pubmed-38412992,38412992,10.1111/jog.15918,Cellular senescence in the pathogenesis of ovarian dysfunction.,senolytics,narrative_review,human,C,retired_from_active_findings,topic_scope_mismatch,2026-09-13,Git history and prior public-data snapshots
finding-pubmed-38430320,pubmed-38430320,38430320,10.1007/s11695-024-07137-0,Semaglutide and Tirzepatide for the Management of Weight Recurrence After Sleeve Gastrectomy: A Retrospective Cohort Study.,glp1-weight-cardiometabolic,human_cohort,human,C,retired_from_active_findings,topic_capacity_limit,2026-09-13,Git history and prior public-data snapshots
finding-pubmed-38430946,pubmed-38430946,38430946,10.1016/j.mad.2024.111917,Towards personalized nicotinamide mononucleotide (NMN) supplementation: Nicotinamide adenine dinucleotide (NAD) concentration.,nad-nmn-nr-aging,metadata_only_needs_classification,human,D,retired_from_active_findings,topic_scope_mismatch,2026-09-13,Git history and prior public-data snapshots
finding-pubmed-38432566,pubmed-38432566,38432566,10.1016/j.abb.2024.109953,Network of extracellular vesicles surrounding senescent cells.,senolytics,narrative_review,cell,C,retired_from_active_findings,topic_scope_mismatch,2026-09-13,Git history and prior public-data snapshots
finding-pubmed-38474862,pubmed-38474862,38474862,10.3390/nu16050735,Quercetin in the Prevention of Induced Periodontal Disease in Animal Models: A Systematic Review and Meta-Analysis.,senolytics,systematic_review_or_meta_analysis,human,C,retired_from_active_findings,topic_scope_mismatch,2026-09-13,Git history and prior public-data snapshots
finding-pubmed-38477839,pubmed-38477839,38477839,10.1097/MEG.0000000000002754,Clinical outcomes with metformin use in diabetic patients with compensated cirrhosis: a systematic review and meta-analysis.,metformin-aging,systematic_review_or_meta_analysis,human,B,retired_from_active_findings,topic_scope_mismatch,2026-09-13,Git history and prior public-data snapshots
finding-pubmed-38480995,pubmed-38480995,38480995,10.1093/biolre/ioae025,Cellular senescence in reproduction: a two-edged sword†.,senolytics,narrative_review,human,C,retired_from_active_findings,topic_scope_mismatch,2026-09-13,Git history and prior public-data snapshots
finding-pubmed-38486352,pubmed-38486352,38486352,10.1093/ndt/gfae066,Klotho in pregnancy and intrauterine development-potential clinical implications: a review from the European Renal Association CKD-MBD Working Group.,klotho-il11-aging,narrative_review,human,C,retired_from_active_findings,topic_scope_mismatch,2026-09-13,Git history and prior public-data snapshots
finding-pubmed-38498807,pubmed-38498807,38498807,10.4049/jimmunol.2300693,Targeting NAD+ Metabolism to Modulate Autoimmunity and Inflammation.,nad-nmn-nr-aging,narrative_review,human,C,retired_from_active_findings,topic_scope_mismatch,2026-09-13,Git history and prior public-data snapshots
finding-pubmed-38501099,pubmed-38501099,38501099,10.3389/fendo.2024.1295927,Serum klotho as a novel biomarker for metabolic syndrome: findings from a large national cohort.,klotho-il11-aging,human_cohort,human,C,retired_from_active_findings,topic_scope_mismatch,2026-09-13,Git history and prior public-data snapshots
finding-pubmed-38539200,pubmed-38539200,38539200,10.1186/s12964-024-01526-9,Polyploidy and mTOR signaling: a possible molecular link.,rapamycin-mtor-aging,narrative_review,human,C,retired_from_active_findings,topic_scope_mismatch,2026-09-13,Git history and prior public-data snapshots
finding-pubmed-38540667,pubmed-38540667,38540667,10.3390/biom14030247,The Role of Lung Microbiome in Fibrotic Interstitial Lung Disease-A Systematic Review.,microbiome-inflammaging,systematic_review_or_meta_analysis,human,B,retired_from_active_findings,topic_scope_mismatch,2026-09-13,Git history and prior public-data snapshots
finding-pubmed-38553617,pubmed-38553617,38553617,10.1038/s43018-024-00745-w,Associations of seven measures of biological age acceleration with frailty and all-cause mortality among adult survivors of childhood cancer in the St. Jude Lifetime Cohort.,resistance-training-muscle,human_cohort,human,B,retired_from_active_findings,topic_scope_mismatch,2026-09-13,Git history and prior public-data snapshots
finding-pubmed-38556028,pubmed-38556028,38556028,10.1016/j.bcp.2024.116179,Emerging roles of senolytics/senomorphics in HIV-related co-morbidities.,senolytics,narrative_review,human,C,retired_from_active_findings,topic_scope_mismatch,2026-09-13,Git history and prior public-data snapshots
finding-pubmed-38583756,pubmed-38583756,38583756,10.1053/j.ajkd.2024.02.008,Klotho and Clinical Outcomes in CKD: Findings From the Chronic Renal Insufficiency Cohort (CRIC) Study.,klotho-il11-aging,human_cohort,human,C,retired_from_active_findings,topic_scope_mismatch,2026-09-13,Git history and prior public-data snapshots
finding-pubmed-38589722,pubmed-38589722,38589722,10.1007/s40256-024-00640-w,Evaluation of the Lifetime Benefits of Metformin and SGLT2 Inhibitors in Type 2 Diabetes Mellitus Patients with Cardiovascular Disease: A Systematic Review and Two-Stage Meta-Analysis.,metformin-aging,systematic_review_or_meta_analysis,human,B,retired_from_active_findings,topic_scope_mismatch,2026-09-13,Git history and prior public-data snapshots
finding-pubmed-38604350,pubmed-38604350,38604350,10.1016/j.jstrokecerebrovasdis.2024.107716,The impact of pre-stroke metformin use on clinical outcomes after acute ischemic stroke: A systematic review and meta-analysis.,metformin-aging,systematic_review_or_meta_analysis,human,B,retired_from_active_findings,topic_scope_mismatch,2026-09-13,Git history and prior public-data snapshots
finding-pubmed-38639542,pubmed-38639542,38639542,10.7326/M23-3132,"Effect of Isocaloric, Time-Restricted Eating on Body Weight in Adults With Obesity : A Randomized Controlled Trial.",time-restricted-eating,human_randomized_or_clinical_trial,human,C,retired_from_active_findings,topic_capacity_limit,2026-09-13,Git history and prior public-data snapshots
finding-pubmed-38640155,pubmed-38640155,38640155,10.3233/JAD-231249,Effect and Mechanism of Rapamycin on Cognitive Deficits in Animal Models of Alzheimer's Disease: A Systematic Review and Meta-analysis of Preclinical Studies.,rapamycin-mtor-aging,systematic_review_or_meta_analysis,human,C,retired_from_active_findings,topic_scope_mismatch,2026-09-13,Git history and prior public-data snapshots
finding-pubmed-38669090,pubmed-38669090,38669090,10.18632/aging.205771,Exploring causality in the association between gut microbiota and irritable bowel syndrome risk: a large Mendelian randomization study.,microbiome-inflammaging,human_mendelian_randomization,human,B,retired_from_active_findings,topic_scope_mismatch,2026-09-13,Git history and prior public-data snapshots
finding-pubmed-38672115,pubmed-38672115,38672115,10.3390/biomedicines12040759,Interplay between Senescence and Macrophages in Diabetic Cardiomyopathy: A Review of the Potential Role of GDF-15 and Klotho.,klotho-il11-aging,narrative_review,human,C,retired_from_active_findings,topic_scope_mismatch,2026-09-13,Git history and prior public-data snapshots
finding-pubmed-38683129,pubmed-38683129,38683129,10.18632/aging.205775,Causal association of metformin treatment with diverse cardiovascular diseases: a Mendelian randomization analysis.,metformin-aging,human_mendelian_randomization,human,B,retired_from_active_findings,topic_scope_mismatch,2026-09-13,Git history and prior public-data snapshots
finding-pubmed-38698853,pubmed-38698853,38698853,10.3389/fimmu.2024.1266579,The causality of gut microbiota on onset and progression of sepsis: a bi-directional Mendelian randomization analysis.,microbiome-inflammaging,human_mendelian_randomization,human,B,retired_from_active_findings,topic_scope_mismatch,2026-09-13,Git history and prior public-data snapshots
finding-pubmed-38725159,pubmed-38725159,38725159,10.1111/acel.14173,"Genetically determined blood pressure, antihypertensive drug classes, and frailty: A Mendelian randomization study.",resistance-training-muscle,human_mendelian_randomization,human,B,retired_from_active_findings,topic_scope_mismatch,2026-09-13,Git history and prior public-data snapshots
finding-pubmed-38752873,pubmed-38752873,38752873,10.18632/aging.205827,Senolytic effects of exercise in human muscles require acute inflammation.,senolytics,human_randomized_or_clinical_trial,human,C,retired_from_active_findings,topic_scope_mismatch,2026-09-13,Git history and prior public-data snapshots
finding-pubmed-38761001,pubmed-38761001,38761001,10.1111/acel.14186,Elimination of damaged mitochondria during UVB-induced senescence is orchestrated by NIX-dependent mitophagy.,autophagy-mitophagy,mechanistic_or_cell_study,cell,D,retired_from_active_findings,topic_scope_mismatch,2026-09-13,Git history and prior public-data snapshots
finding-pubmed-38782939,pubmed-38782939,38782939,10.1038/s41522-024-00517-5,Systematic review of associations between gut microbiome composition and stunting in under-five children.,microbiome-inflammaging,systematic_review_or_meta_analysis,human,B,retired_from_active_findings,topic_scope_mismatch,2026-09-13,Git history and prior public-data snapshots
finding-pubmed-38797504,pubmed-38797504,38797504,10.1016/j.arthro.2024.05.010,The Gut Microbiome and Joint Microbiome Show Alterations in Patients With Knee Osteoarthritis Versus Controls: A Systematic Review.,microbiome-inflammaging,systematic_review_or_meta_analysis,human,C,retired_from_active_findings,topic_scope_mismatch,2026-09-13,Git history and prior public-data snapshots
finding-pubmed-38811634,pubmed-38811634,38811634,10.1038/s41598-024-63031-w,"A randomized, controlled clinical trial demonstrates improved owner-assessed cognitive function in senior dogs receiving a senolytic and NAD+ precursor combination.",nad-nmn-nr-aging,animal_study,animal,C,retired_from_active_findings,topic_scope_mismatch,2026-09-13,Git history and prior public-data snapshots
finding-pubmed-38831635,pubmed-38831635,38831635,10.1111/acel.14229,A novel senolytic drug for pulmonary fibrosis: BTSA1 targets apoptosis of senescent myofibroblasts by activating BAX.,senolytics,mechanistic_or_cell_study,cell,D,retired_from_active_findings,topic_scope_mismatch,2026-09-13,Git history and prior public-data snapshots
finding-pubmed-38839644,pubmed-38839644,38839644,10.1007/s11357-024-01221-0,Evaluation of off-label rapamycin use on oral health.,rapamycin-mtor-aging,metadata_only_needs_classification,human,D,retired_from_active_findings,topic_scope_mismatch,2026-09-13,Git history and prior public-data snapshots
finding-pubmed-38851827,pubmed-38851827,38851827,10.1038/s41598-024-64050-3,L-shaped association of systemic immune-inflammation index (SII) with serum soluble α-Klotho in the prospective cohort study from the NHANES database.,klotho-il11-aging,human_cohort,human,C,retired_from_active_findings,topic_scope_mismatch,2026-09-13,Git history and prior public-data snapshots
finding-pubmed-38871717,pubmed-38871717,38871717,10.1038/s41467-024-49092-5,Nicotinamide riboside for peripheral artery disease: the NICE randomized clinical trial.,nad-nmn-nr-aging,human_randomized_or_clinical_trial,human,C,retired_from_active_findings,topic_scope_mismatch,2026-09-13,Git history and prior public-data snapshots
finding-pubmed-38878153,pubmed-38878153,38878153,10.1007/s11357-024-01197-x,The C. elegans Myc-family of transcription factors coordinate a dynamic adaptive response to dietary restriction.,caloric-restriction-human,metadata_only_needs_classification,human,D,retired_from_active_findings,nonhuman_record_in_human_outcome_topic,2026-09-13,Git history and prior public-data snapshots
finding-pubmed-38881464,pubmed-38881464,38881464,10.1111/acel.14252,Casual associations between brain structure and sarcopenia: A large-scale genetic correlation and mendelian randomization study.,resistance-training-muscle,human_mendelian_randomization,human,B,retired_from_active_findings,topic_scope_mismatch,2026-09-13,Git history and prior public-data snapshots
finding-pubmed-38900869,pubmed-38900869,38900869,10.1126/science.adj7050,Cellular senescence in normal physiology.,senolytics,narrative_review,cell,D,retired_from_active_findings,topic_scope_mismatch,2026-09-13,Git history and prior public-data snapshots
finding-pubmed-38907667,pubmed-38907667,38907667,10.1177/10935266241259346,Decreased Alpha Klotho Expression in Placentas Exposed to Severe Maternal Vascular Malperfusion.,klotho-il11-aging,metadata_only_needs_classification,human,D,retired_from_active_findings,topic_scope_mismatch,2026-09-13,Git history and prior public-data snapshots
finding-pubmed-38921475,pubmed-38921475,38921475,10.3390/metabo14060341,Nicotinamide Mononucleotide Supplementation: Understanding Metabolic Variability and Clinical Implications.,nad-nmn-nr-aging,narrative_review,human,C,retired_from_active_findings,topic_scope_mismatch,2026-09-13,Git history and prior public-data snapshots
finding-pubmed-38925209,pubmed-38925209,38925209,10.1016/j.cbi.2024.111118,Nicotinamide riboside ameliorates survival time and motor dysfunction in an MPTP-Induced Parkinson's disease zebrafish model through effects on glucose metabolism and endoplasmic reticulum stress.,nad-nmn-nr-aging,metadata_only_needs_classification,human,D,retired_from_active_findings,topic_scope_mismatch,2026-09-13,Git history and prior public-data snapshots
finding-pubmed-38925919,pubmed-38925919,38925919,10.1136/archdischild-2023-326691,Effect of probiotic supplementation on the gut microbiota in very preterm infants: a systematic review.,microbiome-inflammaging,systematic_review_or_meta_analysis,human,B,retired_from_active_findings,topic_scope_mismatch,2026-09-13,Git history and prior public-data snapshots
finding-pubmed-38932867,pubmed-38932867,38932867,10.1007/s40200-024-01387-6,The interaction between klotho protein and epigenetic alteration in diabetes and treatment options.,klotho-il11-aging,narrative_review,human,C,retired_from_active_findings,topic_scope_mismatch,2026-09-13,Git history and prior public-data snapshots
finding-pubmed-38935094,pubmed-38935094,38935094,10.1097/JS9.0000000000001872,Effect of metformin on hepatocellular carcinoma patients with type II diabetes receiving transarterial chemoembolization: a multicenter retrospective cohort study.,metformin-aging,human_cohort,human,B,retired_from_active_findings,topic_scope_mismatch,2026-09-13,Git history and prior public-data snapshots
finding-pubmed-38935229,pubmed-38935229,38935229,10.1007/s11357-024-01257-2,Testing the amount of nicotinamide mononucleotide and urolithin A as compared to the label claim.,nad-nmn-nr-aging,metadata_only_needs_classification,human,D,retired_from_active_findings,topic_scope_mismatch,2026-09-13,Git history and prior public-data snapshots
finding-pubmed-38936195,pubmed-38936195,38936195,10.1016/j.biopha.2024.116962,Targeting metabolism to influence cellular senescence a promising anti-cancer therapeutic strategy.,senolytics,narrative_review,human,D,retired_from_active_findings,topic_scope_mismatch,2026-09-13,Git history and prior public-data snapshots
finding-pubmed-38954128,pubmed-38954128,38954128,10.1007/s11357-024-01233-w,Extended lifespan in female Drosophila melanogaster through late-life calorie restriction.,caloric-restriction-human,metadata_only_needs_classification,human,C,retired_from_active_findings,nonhuman_record_in_human_outcome_topic,2026-09-13,Git history and prior public-data snapshots
finding-pubmed-38956196,pubmed-38956196,38956196,10.1038/s41591-024-03096-2,Effects of intermittent senolytic therapy on bone metabolism in postmenopausal women: a phase 2 randomized controlled trial.,senolytics,human_randomized_or_clinical_trial,human,C,retired_from_active_findings,topic_scope_mismatch,2026-09-13,Git history and prior public-data snapshots
finding-pubmed-38972207,pubmed-38972207,38972207,10.1016/j.neo.2024.101026,"Metformin use and survival in people with ovarian cancer: A population-based cohort study from British Columbia, Canada.",metformin-aging,human_cohort,human,C,retired_from_active_findings,topic_scope_mismatch,2026-09-13,Git history and prior public-data snapshots
finding-pubmed-38990028,pubmed-38990028,38990028,10.1128/spectrum.03948-23,Unraveling the association between gut microbiota and chemotherapy efficacy: a two-sample Mendelian randomization study.,microbiome-inflammaging,human_mendelian_randomization,human,B,retired_from_active_findings,topic_scope_mismatch,2026-09-13,Git history and prior public-data snapshots
finding-pubmed-39030910,pubmed-39030910,39030910,10.1016/j.xhgg.2024.100333,Clinical and functional studies of MTOR variants in Smith-Kingsmore syndrome reveal deficits of circadian rhythm and sleep-wake behavior.,rapamycin-mtor-aging,metadata_only_needs_classification,human,D,retired_from_active_findings,topic_scope_mismatch,2026-09-13,Git history and prior public-data snapshots
finding-pubmed-39033501,pubmed-39033501,39033501,10.1111/aji.13905,Biomarker Identification for Preterm Birth Susceptibility: Vaginal Microbiome Meta-Analysis Using Systems Biology and Machine Learning Approaches.,microbiome-inflammaging,systematic_review_or_meta_analysis,human,B,retired_from_active_findings,topic_scope_mismatch,2026-09-13,Git history and prior public-data snapshots
finding-pubmed-39053014,pubmed-39053014,39053014,10.1177/00368504241262116,Metformin exposure and the incidence of lactic acidosis in critically ill patients with T2DM: A retrospective cohort study.,metformin-aging,human_cohort,human,B,retired_from_active_findings,topic_scope_mismatch,2026-09-13,Git history and prior public-data snapshots
finding-pubmed-39062798,pubmed-39062798,39062798,10.3390/ijms25147554,"Exploring the Interplay between Cellular Senescence, Immunity, and Fibrosing Interstitial Lung Diseases: Challenges and Opportunities.",senolytics,narrative_review,human,C,retired_from_active_findings,topic_scope_mismatch,2026-09-13,Git history and prior public-data snapshots
finding-pubmed-39063184,pubmed-39063184,39063184,10.3390/ijms25147943,Cellular Senescence and Extracellular Vesicles in the Pathogenesis and Treatment of Obesity-A Narrative Review.,senolytics,narrative_review,cell,D,retired_from_active_findings,topic_scope_mismatch,2026-09-13,Git history and prior public-data snapshots
finding-pubmed-39064797,pubmed-39064797,39064797,10.3390/nu16142354,Advances in the Synthesis and Physiological Metabolic Regulation of Nicotinamide Mononucleotide.,nad-nmn-nr-aging,narrative_review,human,C,retired_from_active_findings,topic_scope_mismatch,2026-09-13,Git history and prior public-data snapshots
finding-pubmed-39068568,pubmed-39068568,39068568,10.31557/APJCP.2024.25.7.2351,Metformin in Combination with Standard Therapy in Patients with Diffuse Large B-Cell Lymphoma: A Randomized Phase II Clinical Trial.,metformin-aging,human_randomized_or_clinical_trial,human,B,retired_from_active_findings,topic_scope_mismatch,2026-09-13,Git history and prior public-data snapshots
finding-pubmed-39113894,pubmed-39113894,39113894,10.7150/ijms.94335,Exploring Causal Links Between Gut Microbiota and Geriatric Syndromes: A Two-Sample Mendelian Randomization Analysis.,microbiome-inflammaging,human_mendelian_randomization,human,B,retired_from_active_findings,topic_scope_mismatch,2026-09-13,Git history and prior public-data snapshots
finding-pubmed-39116016,pubmed-39116016,39116016,10.1080/10408398.2024.2387324,Efficacy of oral nicotinamide mononucleotide supplementation on glucose and lipid metabolism for adults: a systematic review with meta-analysis on randomized controlled trials.,nad-nmn-nr-aging,systematic_review_or_meta_analysis,human,C,retired_from_active_findings,topic_scope_mismatch,2026-09-13,Git history and prior public-data snapshots
finding-pubmed-39118171,pubmed-39118171,39118171,10.1186/s40659-024-00531-z,"Enhancing adipose tissue functionality in obesity: senotherapeutics, autophagy and cellular senescence as a target.",senolytics,narrative_review,human,C,retired_from_active_findings,topic_scope_mismatch,2026-09-13,Git history and prior public-data snapshots
finding-pubmed-39120312,pubmed-39120312,39120312,10.3390/cells13151281,Therapy-Induced Cellular Senescence: Potentiating Tumor Elimination or Driving Cancer Resistance and Recurrence?,senolytics,narrative_review,human,C,retired_from_active_findings,topic_scope_mismatch,2026-09-13,Git history and prior public-data snapshots
finding-pubmed-39121846,pubmed-39121846,39121846,10.1016/j.cell.2024.05.059,Guidelines for minimal information on cellular senescence experimentation in vivo.,senolytics,animal_study,animal,D,retired_from_active_findings,topic_scope_mismatch,2026-09-13,Git history and prior public-data snapshots
finding-pubmed-39126207,pubmed-39126207,39126207,10.1111/acel.14294,β-Hydroxybutyrate enhances chondrocyte mitophagy and reduces cartilage degeneration in osteoarthritis via the HCAR2/AMPK/PINK1/Parkin pathway.,autophagy-mitophagy,animal_study,animal,D,retired_from_active_findings,topic_scope_mismatch,2026-09-13,Git history and prior public-data snapshots
finding-pubmed-39135281,pubmed-39135281,39135281,10.1111/acel.14292,Wide-ranging genetic variation in sensitivity to rapamycin in Drosophila melanogaster.,rapamycin-mtor-aging,metadata_only_needs_classification,human,D,retired_from_active_findings,topic_scope_mismatch,2026-09-13,Git history and prior public-data snapshots
finding-pubmed-39143654,pubmed-39143654,39143654,10.1111/dom.15801,The effects of time-restricted eating alone or in combination with probiotic supplementation in comparison with a calorie-restricted diet on endocrine and metabolic profiles in women with polycystic ovary syndrome: A randomized clinical trial.,time-restricted-eating,human_randomized_or_clinical_trial,human,C,retired_from_active_findings,topic_capacity_limit,2026-09-13,Git history and prior public-data snapshots
finding-pubmed-39153108,pubmed-39153108,39153108,10.1007/s11033-024-09862-2,Klotho: molecular mechanisms and emerging therapeutics in central nervous system diseases.,klotho-il11-aging,narrative_review,human,C,retired_from_active_findings,topic_scope_mismatch,2026-09-13,Git history and prior public-data snapshots
finding-pubmed-39175566,pubmed-39175566,39175566,10.3389/fendo.2024.1355387,Systematic review on the role of the gut microbiota in tumors and their treatment.,microbiome-inflammaging,systematic_review_or_meta_analysis,human,B,retired_from_active_findings,topic_scope_mismatch,2026-09-13,Git history and prior public-data snapshots
finding-pubmed-39176993,pubmed-39176993,39176993,10.1111/apha.14220,Lessons from Klotho mouse models to understand mineral homeostasis.,klotho-il11-aging,animal_study,mouse,D,retired_from_active_findings,topic_scope_mismatch,2026-09-13,Git history and prior public-data snapshots
finding-pubmed-39178854,pubmed-39178854,39178854,10.1016/j.cmet.2024.07.025,A nutrigeroscience approach: Dietary macronutrients and cellular senescence.,senolytics,narrative_review,human,C,retired_from_active_findings,topic_scope_mismatch,2026-09-13,Git history and prior public-data snapshots
finding-pubmed-39189761,pubmed-39189761,39189761,10.1128/spectrum.00083-24,Randomized control trial of moderate dose vitamin D alters microbiota stability and metabolite networks in healthy adults.,microbiome-inflammaging,human_randomized_or_clinical_trial,human,B,retired_from_active_findings,topic_scope_mismatch,2026-09-13,Git history and prior public-data snapshots
finding-pubmed-39199335,pubmed-39199335,39199335,10.3390/biom14080947,"Abnormal Histopathological Expression of Klotho, Ferroptosis, and Circadian Clock Regulators in Pancreatic Ductal Adenocarcinoma: Prognostic Implications and Correlation Analyses.",klotho-il11-aging,human_cohort,human,C,retired_from_active_findings,topic_scope_mismatch,2026-09-13,Git history and prior public-data snapshots
finding-pubmed-39202867,pubmed-39202867,39202867,10.3390/molecules29163788,Nicotinamide Riboside: What It Takes to Incorporate It into RNA.,nad-nmn-nr-aging,narrative_review,human,C,retired_from_active_findings,topic_scope_mismatch,2026-09-13,Git history and prior public-data snapshots
finding-pubmed-39215316,pubmed-39215316,39215316,10.1186/s12967-024-05614-9,Advancements in NMN biotherapy and research updates in the field of digestive system diseases.,nad-nmn-nr-aging,narrative_review,cell,D,retired_from_active_findings,topic_scope_mismatch,2026-09-13,Git history and prior public-data snapshots
finding-pubmed-39216649,pubmed-39216649,39216649,10.1016/j.bbadis.2024.167487,Nicotinamide riboside kinase 2: A unique target for skeletal muscle and cardiometabolic diseases.,nad-nmn-nr-aging,narrative_review,human,C,retired_from_active_findings,topic_scope_mismatch,2026-09-13,Git history and prior public-data snapshots
finding-pubmed-39217404,pubmed-39217404,39217404,10.1186/s12943-024-02096-7,Cellular senescence and SASP in tumor progression and therapeutic opportunities.,senolytics,narrative_review,human,C,retired_from_active_findings,topic_scope_mismatch,2026-09-13,Git history and prior public-data snapshots
finding-pubmed-39227644,pubmed-39227644,39227644,10.1038/s41598-024-71253-1,Causation between the gut microbiota and inguinal hernia: a two-sample double-sided Mendelian randomization study.,microbiome-inflammaging,human_mendelian_randomization,human,B,retired_from_active_findings,topic_scope_mismatch,2026-09-13,Git history and prior public-data snapshots
finding-pubmed-39228730,pubmed-39228730,39228730,10.1101/2024.08.23.24312501,Randomized Crossover Clinical Trial of Nicotinamide Riboside and Coenzyme Q10 on Metabolic Health and Mitochondrial Bioenergetics in CKD.,nad-nmn-nr-aging,metadata_only_needs_classification,human,D,retired_from_active_findings,topic_scope_mismatch,2026-09-13,Git history and prior public-data snapshots
finding-pubmed-39237398,pubmed-39237398,39237398,10.1016/j.identj.2024.08.001,Comparison of Microbiota in Zirconia and Titanium Implants: A Qualitative Systematic Review.,microbiome-inflammaging,systematic_review_or_meta_analysis,human,B,retired_from_active_findings,topic_scope_mismatch,2026-09-13,Git history and prior public-data snapshots
finding-pubmed-39250894,pubmed-39250894,39250894,10.1159/000541298,"Causal Relationships between Gut Microbiotas, Blood Metabolites, and Neuroendocrine Tumors: A Mediated Mendelian Randomization Study.",microbiome-inflammaging,human_mendelian_randomization,human,C,retired_from_active_findings,topic_scope_mismatch,2026-09-13,Git history and prior public-data snapshots
finding-pubmed-39259062,pubmed-39259062,39259062,10.1097/MD.0000000000037825,Gut microbiota metabolites and risk of major adverse cardiovascular events and death: A systematic review and meta-analysis.,microbiome-inflammaging,systematic_review_or_meta_analysis,human,B,retired_from_active_findings,topic_scope_mismatch,2026-09-13,Git history and prior public-data snapshots
finding-pubmed-39265577,pubmed-39265577,39265577,10.1016/j.cell.2024.08.020,TEX264 drives selective autophagy of DNA lesions to promote DNA repair and cell survival.,autophagy-mitophagy,mechanistic_or_cell_study,cell,E,retired_from_active_findings,topic_scope_mismatch,2026-09-13,Git history and prior public-data snapshots
finding-pubmed-39273473,pubmed-39273473,39273473,10.3390/ijms25179526,Nicotinamide Mononucleotide: Research Process in Cardiovascular Diseases.,nad-nmn-nr-aging,animal_study,animal,D,retired_from_active_findings,topic_scope_mismatch,2026-09-13,Git history and prior public-data snapshots
finding-pubmed-39277567,pubmed-39277567,39277567,10.1007/s12020-024-04025-6,Clinical outcomes in type 2 diabetes patients with chronic heart failure treated with metformin: a meta-analysis.,metformin-aging,systematic_review_or_meta_analysis,human,B,retired_from_active_findings,topic_scope_mismatch,2026-09-13,Git history and prior public-data snapshots
finding-pubmed-39278272,pubmed-39278272,39278272,10.1016/j.arr.2024.102502,Targeting senescent cells in atherosclerosis: Pathways to novel therapies.,senolytics,narrative_review,human,C,retired_from_active_findings,topic_scope_mismatch,2026-09-13,Git history and prior public-data snapshots
finding-pubmed-39281418,pubmed-39281418,39281418,10.1093/ckj/sfae255,The association between klotho and kidney and cardiovascular outcomes: a comprehensive systematic review and meta-analysis.,klotho-il11-aging,systematic_review_or_meta_analysis,human,C,retired_from_active_findings,topic_scope_mismatch,2026-09-13,Git history and prior public-data snapshots
finding-pubmed-39287394,pubmed-39287394,39287394,10.2337/DCa24-0032,Prevalent Metformin Use in Adults With Diabetes and the Incidence of Long COVID: An EHR-Based Cohort Study From the RECOVER Program.,metformin-aging,human_cohort,human,B,retired_from_active_findings,topic_scope_mismatch,2026-09-13,Git history and prior public-data snapshots
finding-pubmed-39319538,pubmed-39319538,39319538,10.1002/ijc.35196,Polymorphisms within autophagy-related genes as susceptibility biomarkers for pancreatic cancer: A meta-analysis of three large European cohorts and functional characterization.,autophagy-mitophagy,systematic_review_or_meta_analysis,human,C,retired_from_active_findings,topic_scope_mismatch,2026-09-13,Git history and prior public-data snapshots
finding-pubmed-39332263,pubmed-39332263,39332263,10.1016/j.dsx.2024.103116,Decreased risk of recurrent acute pancreatitis with semaglutide and tirzepatide in people with type 2 diabetes or obesity with a history of acute pancreatitis: A propensity matched global federated TriNetX database-based retrospective cohort study.,glp1-weight-cardiometabolic,human_cohort,human,C,retired_from_active_findings,topic_capacity_limit,2026-09-13,Git history and prior public-data snapshots
finding-pubmed-39334012,pubmed-39334012,39334012,10.1186/s12902-024-01737-8,Gender-specific association between circulating serum Klotho and metabolic components in adults.,klotho-il11-aging,metadata_only_needs_classification,human,D,retired_from_active_findings,topic_scope_mismatch,2026-09-13,Git history and prior public-data snapshots
finding-pubmed-39339726,pubmed-39339726,39339726,10.3390/nu16183126,"Polyphenol-Rich Cranberry Beverage Positively Affected Skin Health, Skin Lipids, Skin Microbiome, Inflammation, and Oxidative Stress in Women in a Randomized Controlled Trial.",microbiome-inflammaging,human_randomized_or_clinical_trial,human,B,retired_from_active_findings,topic_scope_mismatch,2026-09-13,Git history and prior public-data snapshots
finding-pubmed-39342128,pubmed-39342128,39342128,10.1186/s12877-024-05377-4,Multidimensional frailty as a predictor of mortality among older adults: a systematic review and meta-analysis.,resistance-training-muscle,systematic_review_or_meta_analysis,human,A,retired_from_active_findings,topic_scope_mismatch,2026-09-13,Git history and prior public-data snapshots
finding-pubmed-39349637,pubmed-39349637,39349637,10.1038/s41573-024-01033-z,Therapeutic targeting of senescent cells in the CNS.,senolytics,narrative_review,human,C,retired_from_active_findings,topic_scope_mismatch,2026-09-13,Git history and prior public-data snapshots
finding-pubmed-39358364,pubmed-39358364,39358364,10.1038/s41514-024-00165-1,The role of Klotho and sirtuins in sleep-related cardiovascular diseases: a review study.,klotho-il11-aging,narrative_review,human,C,retired_from_active_findings,topic_scope_mismatch,2026-09-13,Git history and prior public-data snapshots
finding-pubmed-39387327,pubmed-39387327,39387327,10.1002/pbc.31369,Feasibility of telehealth exercise and nicotinamide riboside supplementation in survivors of childhood cancer at risk for diabetes: A pilot randomized controlled trial.,nad-nmn-nr-aging,human_randomized_or_clinical_trial,human,C,retired_from_active_findings,topic_scope_mismatch,2026-09-13,Git history and prior public-data snapshots
finding-pubmed-39402753,pubmed-39402753,39402753,10.1111/acel.14361,Senolytic therapy combining Dasatinib and Quercetin restores the chondrogenic phenotype of human osteoarthritic chondrocytes by the release of pro-anabolic mediators.,senolytics,mechanistic_or_cell_study,cell,D,retired_from_active_findings,topic_scope_mismatch,2026-09-13,Git history and prior public-data snapshots
finding-pubmed-39411062,pubmed-39411062,39411062,10.3389/fphar.2024.1436597,"The versatile multi-functional substance NMN: its unique characteristics, metabolic properties, pharmacodynamic effects, clinical trials, and diverse applications.",nad-nmn-nr-aging,narrative_review,human,C,retired_from_active_findings,topic_scope_mismatch,2026-09-13,Git history and prior public-data snapshots
finding-pubmed-39414354,pubmed-39414354,39414354,10.1136/bmj-2024-080127,"Paternal metformin use and risk of congenital malformations in offspring in Norway and Taiwan: population based, cross national cohort study.",metformin-aging,human_cohort,human,B,retired_from_active_findings,topic_scope_mismatch,2026-09-13,Git history and prior public-data snapshots
finding-pubmed-39418305,pubmed-39418305,39418305,10.1073/pnas.2403906121,The neurotrophic factor MANF regulates autophagy and lysosome function to promote proteostasis in Caenorhabditis elegans.,autophagy-mitophagy,mechanistic_or_cell_study,cell,D,retired_from_active_findings,topic_scope_mismatch,2026-09-13,Git history and prior public-data snapshots
finding-pubmed-39422945,pubmed-39422945,39422945,10.3233/JAD-231277,Supplementation with NAD+ Precursors for Treating Alzheimer's Disease: A Metabolic Approach.,nad-nmn-nr-aging,systematic_review_or_meta_analysis,human,C,retired_from_active_findings,topic_scope_mismatch,2026-09-13,Git history and prior public-data snapshots
finding-pubmed-39439195,pubmed-39439195,39439195,10.1111/acel.14385,Cellular senescence contributes to spontaneous repair of the rat meniscus.,senolytics,animal_study,animal,D,retired_from_active_findings,topic_scope_mismatch,2026-09-13,Git history and prior public-data snapshots
finding-pubmed-39444093,pubmed-39444093,39444093,10.1111/acel.14354,Senescence landscape in the liver following sepsis and senolytics as potential therapeutics.,senolytics,animal_study,mouse,C,retired_from_active_findings,topic_scope_mismatch,2026-09-13,Git history and prior public-data snapshots
finding-pubmed-39465174,pubmed-39465174,39465174,10.7717/peerj.18269,"Distinct role of Klotho in long bone and craniofacial bone: skeletal development, repair and regeneration.",klotho-il11-aging,narrative_review,human,C,retired_from_active_findings,topic_scope_mismatch,2026-09-13,Git history and prior public-data snapshots
finding-pubmed-39490050,pubmed-39490050,39490050,10.1016/j.biopha.2024.117608,β-Klotho as novel therapeutic target in Metabolic Dysfunction-Associated Steatotic Liver Disease (MASLD): A narrative review.,klotho-il11-aging,narrative_review,human,D,retired_from_active_findings,topic_scope_mismatch,2026-09-13,Git history and prior public-data snapshots
finding-pubmed-39491727,pubmed-39491727,39491727,10.1016/j.jbiotec.2024.10.014,An overview of engineering microbial production of nicotinamide mononucleotide.,nad-nmn-nr-aging,narrative_review,cell,D,retired_from_active_findings,topic_scope_mismatch,2026-09-13,Git history and prior public-data snapshots
finding-pubmed-39506553,pubmed-39506553,39506553,10.1542/peds.2023-064771,Exercise Interventions and Intelligence in Children and Adolescents: A Meta-Analysis.,physical-activity-healthspan,systematic_review_or_meta_analysis,human,C,retired_from_active_findings,topic_capacity_limit,2026-09-13,Git history and prior public-data snapshots
finding-pubmed-39520151,pubmed-39520151,39520151,10.1080/07853890.2024.2425829,Metformin use and its association with various outcomes in COVID-19 patients with diabetes mellitus: a retrospective cohort study in a tertiary care facility.,metformin-aging,human_cohort,human,B,retired_from_active_findings,topic_scope_mismatch,2026-09-13,Git history and prior public-data snapshots
finding-pubmed-39529379,pubmed-39529379,39529379,10.1177/13872877241289785,Amyloid-β positivity is less prevalent in cognitively unimpaired KLOTHO KL-VS heterozygotes.,klotho-il11-aging,metadata_only_needs_classification,human,D,retired_from_active_findings,topic_scope_mismatch,2026-09-13,Git history and prior public-data snapshots
finding-pubmed-39531138,pubmed-39531138,39531138,10.1007/s11892-024-01557-z,Effects of Nicotinamide Mononucleotide on Glucose and Lipid Metabolism in Adults: A Systematic Review and Meta-analysis of Randomised Controlled Trials.,nad-nmn-nr-aging,systematic_review_or_meta_analysis,human,C,retired_from_active_findings,topic_scope_mismatch,2026-09-13,Git history and prior public-data snapshots
finding-pubmed-39537993,pubmed-39537993,39537993,10.1007/s00277-024-06090-3,mTOR inhibitors potentially preserve fertility in female patients with haematopoietic malignancies: a narrative review.,rapamycin-mtor-aging,narrative_review,human,D,retired_from_active_findings,topic_scope_mismatch,2026-09-13,Git history and prior public-data snapshots
finding-pubmed-39548320,pubmed-39548320,39548320,10.1038/s43587-024-00758-1,"Effect of nicotinamide riboside on airway inflammation in COPD: a randomized, placebo-controlled trial.",nad-nmn-nr-aging,human_randomized_or_clinical_trial,human,C,retired_from_active_findings,topic_scope_mismatch,2026-09-13,Git history and prior public-data snapshots
finding-pubmed-39554942,pubmed-39554942,39554942,10.1177/15598276241232359,Lifestyle Medicine and Vasomotor Symptoms: An Analytic Review.,physical-activity-healthspan,narrative_review,human,E,retired_from_active_findings,title_topic_signal_missing,2026-09-13,Git history and prior public-data snapshots
finding-pubmed-39568081,pubmed-39568081,39568081,10.1186/s40035-024-00447-4,Cellular senescence in Alzheimer's disease: from physiology to pathology.,senolytics,animal_study,animal,D,retired_from_active_findings,topic_scope_mismatch,2026-09-13,Git history and prior public-data snapshots
finding-pubmed-39571180,pubmed-39571180,39571180,10.1111/acel.14398,"Residual microglia following short-term PLX5622 treatment in 5xFAD mice exhibit diminished NLRP3 inflammasome and mTOR signaling, and enhanced autophagy.",rapamycin-mtor-aging,animal_study,mouse,D,retired_from_active_findings,topic_scope_mismatch,2026-09-13,Git history and prior public-data snapshots
finding-pubmed-39578298,pubmed-39578298,39578298,10.1007/s11357-024-01434-3,DEAD-box RNA helicase DDX-23 mediates dietary restriction induced health span in Caenorhabditis elegans.,caloric-restriction-human,metadata_only_needs_classification,human,D,retired_from_active_findings,nonhuman_record_in_human_outcome_topic,2026-09-13,Git history and prior public-data snapshots
finding-pubmed-39586414,pubmed-39586414,39586414,10.1016/j.semcancer.2024.11.002,Remodeling of tumor microenvironment by cellular senescence and immunosenescence in cervical cancer.,senolytics,narrative_review,human,D,retired_from_active_findings,topic_scope_mismatch,2026-09-13,Git history and prior public-data snapshots
finding-pubmed-39603836,pubmed-39603836,39603836,10.4014/jmb.2408.08032,Impacts of Senolytic Phytochemicals on Gut Microbiota: A Comprehensive Review.,senolytics,narrative_review,human,C,retired_from_active_findings,topic_scope_mismatch,2026-09-13,Git history and prior public-data snapshots
finding-pubmed-39612063,pubmed-39612063,39612063,10.1007/s40520-024-02877-6,Gut microbiota and epigenetic age acceleration: a bi-directional Mendelian randomization study.,microbiome-inflammaging,human_mendelian_randomization,human,B,retired_from_active_findings,topic_scope_mismatch,2026-09-13,Git history and prior public-data snapshots
finding-pubmed-39614601,pubmed-39614601,39614601,10.1111/acel.14353,Restoration of hair follicle inductive properties by depletion of senescent cells.,senolytics,mechanistic_or_cell_study,cell,D,retired_from_active_findings,topic_scope_mismatch,2026-09-13,Git history and prior public-data snapshots
finding-pubmed-39653972,pubmed-39653972,39653972,10.1007/s11357-024-01463-y,ADAM10-mediated β-klotho degradation: a key to FGF21 resistance in senescent vascular endothelial cells.,klotho-il11-aging,animal_study,animal,D,retired_from_active_findings,topic_scope_mismatch,2026-09-13,Git history and prior public-data snapshots
finding-pubmed-39654243,pubmed-39654243,39654243,10.1097/MD.0000000000040674,Genetic insights into the roles of fatty acids and gut microbiota in osteoarthritis: A Mendelian randomization study.,microbiome-inflammaging,human_mendelian_randomization,human,B,retired_from_active_findings,topic_scope_mismatch,2026-09-13,Git history and prior public-data snapshots
finding-pubmed-39658986,pubmed-39658986,39658986,10.47391/JPMA.10423,Acupuncture and cellular mechanisms: the role of foxo transcription factors in autophagy and senescence.,autophagy-mitophagy,narrative_review,human,C,retired_from_active_findings,topic_scope_mismatch,2026-09-13,Git history and prior public-data snapshots
finding-pubmed-39662839,pubmed-39662839,39662839,10.1016/j.arr.2024.102637,The complex relationship between gut microbiota and Alzheimer's disease: A systematic review.,microbiome-inflammaging,systematic_review_or_meta_analysis,human,C,retired_from_active_findings,topic_scope_mismatch,2026-09-13,Git history and prior public-data snapshots
finding-pubmed-39675885,pubmed-39675885,39675885,10.1080/07388551.2024.2433993,Biological production of nicotinamide mononucleotide: a review.,nad-nmn-nr-aging,narrative_review,human,D,retired_from_active_findings,topic_scope_mismatch,2026-09-13,Git history and prior public-data snapshots
finding-pubmed-39677633,pubmed-39677633,39677633,10.1101/2024.12.03.626460,Oral supplementation with Nicotinamide Riboside treatment protects RGCs in DBA/2J mouse model.,nad-nmn-nr-aging,animal_study,mouse,D,retired_from_active_findings,topic_scope_mismatch,2026-09-13,Git history and prior public-data snapshots
finding-pubmed-39716898,pubmed-39716898,39716898,10.1002/advs.202409398,Senescent Fibroblasts Drive FAP/OLN Imbalance Through mTOR Signaling to Exacerbate Inflammation and Bone Resorption in Periodontitis.,rapamycin-mtor-aging,human_mendelian_randomization,human,C,retired_from_active_findings,topic_scope_mismatch,2026-09-13,Git history and prior public-data snapshots
finding-pubmed-39723699,pubmed-39723699,39723699,10.1002/jcsm.13644,Distinct Gut Microbiota Profiles in Normal Weight Obesity and Their Association With Cardiometabolic Diseases: Results From Two Independent Cohort Studies.,microbiome-inflammaging,human_cohort,human,B,retired_from_active_findings,topic_scope_mismatch,2026-09-13,Git history and prior public-data snapshots
finding-pubmed-39730824,pubmed-39730824,39730824,10.1038/s43587-024-00747-4,Generation of a selective senolytic platform using a micelle-encapsulated Sudan Black B conjugated analog.,senolytics,animal_study,mouse,D,retired_from_active_findings,topic_scope_mismatch,2026-09-13,Git history and prior public-data snapshots
finding-pubmed-39732594,pubmed-39732594,39732594,10.1016/j.trecan.2024.11.010,Cellular senescence offers distinct immunological vulnerabilities in cancer.,senolytics,narrative_review,human,C,retired_from_active_findings,topic_scope_mismatch,2026-09-13,Git history and prior public-data snapshots
finding-pubmed-39735184,pubmed-39735184,39735184,10.3389/fmicb.2024.1492179,Harnessing lactic acid bacteria for nicotinamide mononucleotide biosynthesis: a review of strategies and future directions.,nad-nmn-nr-aging,narrative_review,human,C,retired_from_active_findings,topic_scope_mismatch,2026-09-13,Git history and prior public-data snapshots
finding-pubmed-39748720,pubmed-39748720,39748720,10.32074/1591-951X-N867,The oral microbiome and its role in oral squamous cell carcinoma: a systematic review of microbial alterations and potential biomarkers.,microbiome-inflammaging,systematic_review_or_meta_analysis,human,B,retired_from_active_findings,topic_scope_mismatch,2026-09-13,Git history and prior public-data snapshots
finding-pubmed-39770918,pubmed-39770918,39770918,10.3390/nu16244297,Investigating the Impact of Glycogen-Depleting Exercise Combined with Prolonged Fasting on Autophagy and Cellular Health in Humans: A Randomised Controlled Crossover Trial.,autophagy-mitophagy,human_randomized_or_clinical_trial,human,C,retired_from_active_findings,topic_scope_mismatch,2026-09-13,Git history and prior public-data snapshots
finding-pubmed-39774829,pubmed-39774829,39774829,10.1371/journal.pone.0310687,Association of metformin use with risk and survival outcome of esophageal cancer in patients with diabetes: A systematic review and meta-analysis.,metformin-aging,systematic_review_or_meta_analysis,human,B,retired_from_active_findings,topic_scope_mismatch,2026-09-13,Git history and prior public-data snapshots
finding-pubmed-39779911,pubmed-39779911,39779911,10.1038/s43587-024-00792-z,Modulating mTOR-dependent astrocyte substate transitions to alleviate neurodegeneration.,rapamycin-mtor-aging,animal_study,mouse,D,retired_from_active_findings,topic_scope_mismatch,2026-09-13,Git history and prior public-data snapshots
finding-pubmed-39789811,pubmed-39789811,39789811,10.1111/acel.14475,Salidroside Improves Oocyte Competence of Reproductively Old Mice by Enhancing Mitophagy.,autophagy-mitophagy,animal_study,mouse,D,retired_from_active_findings,topic_scope_mismatch,2026-09-13,Git history and prior public-data snapshots
finding-pubmed-39792908,pubmed-39792908,39792908,10.1371/journal.pone.0317202,"The efficacy of Lacticaseibacillus paracasei MSMC39-1 and Bifidobacterium animalis TA-1 probiotics in modulating gut microbiota and reducing the risk of the characteristics of metabolic syndrome: A randomized, double-blinded, placebo-controlled study.",microbiome-inflammaging,human_randomized_or_clinical_trial,human,B,retired_from_active_findings,topic_scope_mismatch,2026-09-13,Git history and prior public-data snapshots
finding-pubmed-39794469,pubmed-39794469,39794469,10.1038/s43587-024-00795-w,Gut microbial-derived phenylacetylglutamine accelerates host cellular senescence.,senolytics,animal_study,mouse,D,retired_from_active_findings,topic_scope_mismatch,2026-09-13,Git history and prior public-data snapshots
finding-pubmed-39819905,pubmed-39819905,39819905,10.1136/bmjopen-2024-092214,Effect of metformin on the clinical outcomes of stroke in patients with diabetes: a systematic review and meta-analysis.,metformin-aging,systematic_review_or_meta_analysis,human,B,retired_from_active_findings,topic_scope_mismatch,2026-09-13,Git history and prior public-data snapshots
finding-pubmed-39823170,pubmed-39823170,39823170,10.1111/acel.14489,Characterization of Human Senescent Cell Biomarkers for Clinical Trials.,senolytics,human_randomized_or_clinical_trial,human,C,retired_from_active_findings,topic_scope_mismatch,2026-09-13,Git history and prior public-data snapshots
finding-pubmed-39823737,pubmed-39823737,39823737,10.1016/j.yebeh.2024.110231,Effects of Klotho in epilepsy: An umbrella review of observational and mendelian randomization studies.,klotho-il11-aging,systematic_review_or_meta_analysis,human,C,retired_from_active_findings,topic_scope_mismatch,2026-09-13,Git history and prior public-data snapshots
finding-pubmed-39831661,pubmed-39831661,39831661,10.1080/02640414.2025.2453328,Impact of 24-week supervised concurrent exercise on S-Klotho and vitamin D levels: A randomized controlled trial.,klotho-il11-aging,human_randomized_or_clinical_trial,human,C,retired_from_active_findings,topic_scope_mismatch,2026-09-13,Git history and prior public-data snapshots
finding-pubmed-39847432,pubmed-39847432,39847432,10.2215/CJN.0000000624,A Pilot Trial of Nicotinamide Riboside and Coenzyme Q10 on Inflammation and Oxidative Stress in CKD.,nad-nmn-nr-aging,metadata_only_needs_classification,human,D,retired_from_active_findings,topic_scope_mismatch,2026-09-13,Git history and prior public-data snapshots
finding-pubmed-39852780,pubmed-39852780,39852780,10.3390/vaccines13010001,Decoding NAD+ Metabolism in COVID-19: Implications for Immune Modulation and Therapy.,nad-nmn-nr-aging,narrative_review,human,C,retired_from_active_findings,topic_scope_mismatch,2026-09-13,Git history and prior public-data snapshots
finding-pubmed-39881417,pubmed-39881417,39881417,10.1186/s12967-024-05937-7,Comprehensive analysis of the interaction microbiome and prostate cancer: an initial exploration from multi-cohort metagenome and GWAS studies.,microbiome-inflammaging,human_cohort,human,B,retired_from_active_findings,topic_scope_mismatch,2026-09-13,Git history and prior public-data snapshots
finding-pubmed-39887553,pubmed-39887553,39887553,10.1111/acel.14501,CAV1 Exacerbates Renal Tubular Epithelial Cell Senescence by Suppressing CaMKK2/AMPK-Mediated Autophagy.,autophagy-mitophagy,animal_study,mouse,D,retired_from_active_findings,topic_scope_mismatch,2026-09-13,Git history and prior public-data snapshots
finding-pubmed-39890936,pubmed-39890936,39890936,10.1038/s43587-025-00811-7,A BCL-xL/BCL-2 PROTAC effectively clears senescent cells in the liver and reduces MASH-driven hepatocellular carcinoma in mice.,senolytics,animal_study,mouse,D,retired_from_active_findings,topic_scope_mismatch,2026-09-13,Git history and prior public-data snapshots
finding-pubmed-39900258,pubmed-39900258,39900258,10.1016/j.exger.2025.112699,Association between sex steroid hormones and α-klotho: Results from the NHANES 2013-2016 and Mendelian randomization study.,klotho-il11-aging,human_mendelian_randomization,human,C,retired_from_active_findings,topic_scope_mismatch,2026-09-13,Git history and prior public-data snapshots
finding-pubmed-39957408,pubmed-39957408,39957408,10.1111/acel.70018,"Activated mTOR Signaling in the RPE Drives EMT, Autophagy, and Metabolic Disruption, Resulting in AMD-Like Pathology in Mice.",rapamycin-mtor-aging,animal_study,mouse,D,retired_from_active_findings,topic_scope_mismatch,2026-09-13,Git history and prior public-data snapshots
finding-pubmed-39964720,pubmed-39964720,39964720,10.1073/pnas.2424906122,Stepwise activation of SARM1 for cell death and axon degeneration revealed by a biosynthetic NMN mimic.,nad-nmn-nr-aging,mechanistic_or_cell_study,cell,C,retired_from_active_findings,topic_scope_mismatch,2026-09-13,Git history and prior public-data snapshots
finding-pubmed-39980076,pubmed-39980076,39980076,10.1186/s41065-025-00389-5,The causal relationships between gut microbiota and venous thromboembolism: a Mendelian randomization study.,microbiome-inflammaging,human_mendelian_randomization,human,B,retired_from_active_findings,topic_scope_mismatch,2026-09-13,Git history and prior public-data snapshots
finding-pubmed-39984747,pubmed-39984747,39984747,10.1038/s43587-024-00791-0,A primary cilia-autophagy axis in hippocampal neurons is essential to maintain cognitive resilience.,autophagy-mitophagy,animal_study,mouse,D,retired_from_active_findings,topic_scope_mismatch,2026-09-13,Git history and prior public-data snapshots
finding-pubmed-39987017,pubmed-39987017,39987017,10.1186/s12877-025-05752-9,Associations of frailty and cognitive impairment with all-cause and cardiovascular mortality in older adults: a prospective cohort study from NHANES 2011-2014.,resistance-training-muscle,human_cohort,human,B,retired_from_active_findings,topic_scope_mismatch,2026-09-13,Git history and prior public-data snapshots
finding-pubmed-39995248,pubmed-39995248,39995248,10.1093/eurheartj/ehaf062,Autophagy is required for the therapeutic effects of the NAD+ precursor nicotinamide in obesity-related heart failure with preserved ejection fraction.,nad-nmn-nr-aging,metadata_only_needs_classification,needs_review,D,retired_from_active_findings,topic_scope_mismatch,2026-09-13,Git history and prior public-data snapshots
finding-pubmed-40004457,pubmed-40004457,40004457,10.3390/genes16020128,The Impact of Klotho in Cancer: From Development and Progression to Therapeutic Potential.,klotho-il11-aging,narrative_review,human,C,retired_from_active_findings,topic_scope_mismatch,2026-09-13,Git history and prior public-data snapshots
finding-pubmed-40011387,pubmed-40011387,40011387,10.1007/s11684-024-1117-z,Update of cellular senescence in kidney fibrosis: from mechanism to potential interventions.,senolytics,narrative_review,human,D,retired_from_active_findings,topic_scope_mismatch,2026-09-13,Git history and prior public-data snapshots
finding-pubmed-40022092,pubmed-40022092,40022092,10.1186/s12967-025-06216-9,Inhibition of the FEN1-PBX1 axis elicits cellular senescence in breast cancer via the increased intracellular reactive oxygen species levels.,senolytics,animal_study,animal,D,retired_from_active_findings,topic_scope_mismatch,2026-09-13,Git history and prior public-data snapshots
finding-pubmed-40023279,pubmed-40023279,40023279,10.1016/j.wneu.2025.123842,Metformin as an Adjunct Treatment to Temozolomide for High-Grade Gliomas: A Systematic Review and Meta-Analysis.,metformin-aging,systematic_review_or_meta_analysis,human,B,retired_from_active_findings,topic_scope_mismatch,2026-09-13,Git history and prior public-data snapshots
finding-pubmed-40036640,pubmed-40036640,40036640,10.1093/eurjpc/zwaf115,Evolution of sarcopenia status and risk of incident cardiovascular disease.,resistance-training-muscle,human_mendelian_randomization,human,B,retired_from_active_findings,topic_scope_mismatch,2026-09-13,Git history and prior public-data snapshots
finding-pubmed-40038212,pubmed-40038212,40038212,10.1007/s10787-025-01678-1,Use quercetin for pulmonary fibrosis: a preclinical systematic review and meta-analysis.,senolytics,systematic_review_or_meta_analysis,human,C,retired_from_active_findings,topic_scope_mismatch,2026-09-13,Git history and prior public-data snapshots
finding-pubmed-40048920,pubmed-40048920,40048920,10.1016/j.ajp.2025.104417,Relationship of Klotho with cognition and dementia: A systematic review and meta-analysis.,klotho-il11-aging,systematic_review_or_meta_analysis,human,C,retired_from_active_findings,topic_scope_mismatch,2026-09-13,Git history and prior public-data snapshots
finding-pubmed-40049721,pubmed-40049721,40049721,10.1080/14740338.2025.2469273,Drug-associated pancreatic cancer: insights from real-world pharmacovigilance and network pharmacology.,metformin-aging,metadata_only_needs_classification,needs_review,E,retired_from_active_findings,title_topic_signal_missing,2026-09-13,Git history and prior public-data snapshots
finding-pubmed-40072880,pubmed-40072880,40072880,10.1097/WNF.0000000000000625,Neuroprotective Effects of Metformin in Stroke Patients: A Systematic Review and Meta-analysis of Cohort Studies.,metformin-aging,systematic_review_or_meta_analysis,human,B,retired_from_active_findings,topic_scope_mismatch,2026-09-13,Git history and prior public-data snapshots
finding-pubmed-40076542,pubmed-40076542,40076542,10.3390/ijms26051915,Influence of Klotho Protein Levels in Obesity and Sarcopenia: A Systematic Review.,klotho-il11-aging,systematic_review_or_meta_analysis,human,C,retired_from_active_findings,topic_scope_mismatch,2026-09-13,Git history and prior public-data snapshots
finding-pubmed-40087044,pubmed-40087044,40087044,10.1016/j.numecd.2025.103964,Vitamin E ameliorates blood cholesterol level and alters gut microbiota composition: A randomized controlled trial.,microbiome-inflammaging,human_randomized_or_clinical_trial,human,C,retired_from_active_findings,topic_scope_mismatch,2026-09-13,Git history and prior public-data snapshots
finding-pubmed-40100747,pubmed-40100747,40100747,10.1093/eurjpc/zwaf154,Self-rated physical fitness predicts cardiovascular and all-cause mortality-implications for clinical decision-making.,physical-activity-healthspan,metadata_only_needs_classification,human,E,retired_from_active_findings,title_topic_signal_missing,2026-09-13,Git history and prior public-data snapshots
finding-pubmed-40116178,pubmed-40116178,40116178,10.1177/17448069251332140,Unraveling the role of gut microbiota and plasma metabolites in fibromyalgia: Insights from Mendelian randomization and dietary interventions.,microbiome-inflammaging,human_mendelian_randomization,human,B,retired_from_active_findings,topic_scope_mismatch,2026-09-13,Git history and prior public-data snapshots
finding-pubmed-40116869,pubmed-40116869,40116869,10.1007/s00210-025-04048-4,Klotho mediates the association between serum testosterone and severe abdominal aortic calcification: a cross-sectional study from the NHANES database.,klotho-il11-aging,metadata_only_needs_classification,human,D,retired_from_active_findings,topic_scope_mismatch,2026-09-13,Git history and prior public-data snapshots
finding-pubmed-40119098,pubmed-40119098,40119098,10.1186/s43556-025-00253-y,Klotho antiaging protein: molecular mechanisms and therapeutic potential in diseases.,klotho-il11-aging,narrative_review,human,C,retired_from_active_findings,topic_scope_mismatch,2026-09-13,Git history and prior public-data snapshots
finding-pubmed-40119457,pubmed-40119457,40119457,10.1186/s12967-025-06357-x,Exploring the protective effect of metformin against sarcopenia: insights from cohort studies and genetics.,metformin-aging,human_cohort,human,B,retired_from_active_findings,topic_scope_mismatch,2026-09-13,Git history and prior public-data snapshots
finding-pubmed-40120944,pubmed-40120944,40120944,10.1016/j.bbr.2025.115545,"Molecular mechanisms of neuroprotection: The interplay of Klotho, SIRT-1, Nrf2, and HO-1 in neurological health.",klotho-il11-aging,narrative_review,human,D,retired_from_active_findings,topic_scope_mismatch,2026-09-13,Git history and prior public-data snapshots
finding-pubmed-40122398,pubmed-40122398,40122398,10.1016/j.arr.2025.102732,Mitophagy in Alzheimer's disease and other metabolic disorders: A focus on mitochondrial-targeted therapeutics.,autophagy-mitophagy,narrative_review,human,C,retired_from_active_findings,topic_scope_mismatch,2026-09-13,Git history and prior public-data snapshots
finding-pubmed-40149983,pubmed-40149983,40149983,10.3390/biom15030448,The Regulation of Cellular Senescence in Cancer.,senolytics,narrative_review,human,C,retired_from_active_findings,topic_scope_mismatch,2026-09-13,Git history and prior public-data snapshots
finding-pubmed-40156019,pubmed-40156019,40156019,10.1186/s12931-025-03179-9,Effects of urban airborne particulate matter exposure on the human upper respiratory tract microbiome: a systematic review.,microbiome-inflammaging,systematic_review_or_meta_analysis,human,B,retired_from_active_findings,topic_scope_mismatch,2026-09-13,Git history and prior public-data snapshots
finding-pubmed-40162491,pubmed-40162491,40162491,10.1080/14740338.2025.2487142,Adverse drug reactions linked to fidaxomicin: insights from a retrospective analysis of the FAERS database.,sleep-aging,metadata_only_needs_classification,human,E,retired_from_active_findings,title_topic_signal_missing,2026-09-13,Git history and prior public-data snapshots
finding-pubmed-40168129,pubmed-40168129,40168129,10.1073/pnas.2412818122,Signaling networks in cancer stromal senescent cells establish malignant microenvironment.,senolytics,animal_study,mouse,D,retired_from_active_findings,topic_scope_mismatch,2026-09-13,Git history and prior public-data snapshots
finding-pubmed-40177736,pubmed-40177736,40177736,10.5414/CN111632,"Dissecting causal relationships between gut microbiota, inflammatory factors, and acute kidney injury: A Mendelian randomization study.",microbiome-inflammaging,human_mendelian_randomization,human,B,retired_from_active_findings,topic_scope_mismatch,2026-09-13,Git history and prior public-data snapshots
finding-pubmed-40203825,pubmed-40203825,40203825,10.1016/j.cell.2025.03.009,Quiescent cell re-entry is limited by macroautophagy-induced lysosomal damage.,autophagy-mitophagy,mechanistic_or_cell_study,cell,E,retired_from_active_findings,topic_scope_mismatch,2026-09-13,Git history and prior public-data snapshots
finding-pubmed-40208944,pubmed-40208944,40208944,10.1073/pnas.2411429122,Neddylation modification stabilizes LC3B by antagonizing its ubiquitin-mediated degradation and promoting autophagy in skin.,autophagy-mitophagy,animal_study,mouse,D,retired_from_active_findings,topic_scope_mismatch,2026-09-13,Git history and prior public-data snapshots
finding-pubmed-40214782,pubmed-40214782,40214782,10.1007/s00394-025-03668-z,Associations of alcohol with the human gut microbiome and prospective health outcomes in the FINRISK 2002 cohort.,microbiome-inflammaging,human_cohort,human,B,retired_from_active_findings,topic_scope_mismatch,2026-09-13,Git history and prior public-data snapshots
finding-pubmed-40228393,pubmed-40228393,40228393,10.1016/j.archger.2025.105856,Joint association of frailty index and biological aging with all-cause and cause-specific mortality: a population-based longitudinal cohort study.,resistance-training-muscle,human_cohort,human,B,retired_from_active_findings,topic_scope_mismatch,2026-09-13,Git history and prior public-data snapshots
finding-pubmed-40237164,pubmed-40237164,40237164,10.1021/acssynbio.5c00038,"Microbial Production of Nicotinamide Mononucleotide: Key Enzymes Discovery, Host Cells Selection, and Pathways Design and Optimization.",nad-nmn-nr-aging,narrative_review,human,C,retired_from_active_findings,topic_scope_mismatch,2026-09-13,Git history and prior public-data snapshots
finding-pubmed-40261984,pubmed-40261984,40261984,10.1097/HNP.0000000000000738,Vetiver and Orange Blossom Aid in Lowering Blood Pressure and Heart Rate and Improving Sleep Quality.,sleep-aging,metadata_only_needs_classification,human,E,retired_from_active_findings,topic_capacity_limit,2026-09-13,Git history and prior public-data snapshots
finding-pubmed-40269524,pubmed-40269524,40269524,10.1093/pcp/pcaf038,"Mitochondrial proteases and their roles in mitophagy in plants, animals, and yeast.",autophagy-mitophagy,narrative_review,human,C,retired_from_active_findings,topic_scope_mismatch,2026-09-13,Git history and prior public-data snapshots
finding-pubmed-40274471,pubmed-40274471,40274471,10.1016/j.neurot.2025.e00591,Evaluation of exploratory fluid biomarkers from a phase 1 senolytic trial in mild Alzheimer's disease.,senolytics,human_randomized_or_clinical_trial,human,C,retired_from_active_findings,topic_scope_mismatch,2026-09-13,Git history and prior public-data snapshots
finding-pubmed-40275690,pubmed-40275690,40275690,10.1002/jcsm.13799,The Effect of Nicotinamide Mononucleotide and Riboside on Skeletal Muscle Mass and Function: A Systematic Review and Meta-Analysis.,nad-nmn-nr-aging,systematic_review_or_meta_analysis,human,C,retired_from_active_findings,topic_scope_mismatch,2026-09-13,Git history and prior public-data snapshots
finding-pubmed-40282409,pubmed-40282409,40282409,10.3390/genes16040449,Reduction in Liver Cancer Risk by Quercetin via Modulation of Urate Levels: Insights from Drug-Target Mendelian Randomization.,senolytics,human_mendelian_randomization,human,C,retired_from_active_findings,topic_scope_mismatch,2026-09-13,Git history and prior public-data snapshots
finding-pubmed-40305307,pubmed-40305307,40305307,10.3390/biom15040545,Is Senolytic Therapy in Cardiovascular Diseases Ready for Translation to Clinics?,senolytics,narrative_review,human,C,retired_from_active_findings,topic_scope_mismatch,2026-09-13,Git history and prior public-data snapshots
finding-pubmed-40329164,pubmed-40329164,40329164,10.1186/s12877-025-05996-5,Associations of life's crucial 9 with mortality among older adults with frailty: a prospective cohort study from the NHANES 2007 to 2018.,resistance-training-muscle,human_cohort,human,B,retired_from_active_findings,topic_scope_mismatch,2026-09-13,Git history and prior public-data snapshots
finding-pubmed-40331425,pubmed-40331425,40331425,10.1111/dom.16434,Long-term delirium and survival outcomes in patients treated with GLP-1 receptor agonists versus metformin in type 2 diabetes: A population-based cohort study.,metformin-aging,human_cohort,human,B,retired_from_active_findings,topic_scope_mismatch,2026-09-13,Git history and prior public-data snapshots
finding-pubmed-40358690,pubmed-40358690,40358690,10.1007/s00392-025-02674-9,Impact of glp-1 receptor agonists on hospitalization for heart failure and all-cause death in patients with diabetes with and without heart failure: a real-world study.,metformin-aging,metadata_only_needs_classification,human,E,retired_from_active_findings,title_topic_signal_missing,2026-09-13,Git history and prior public-data snapshots
finding-pubmed-40375481,pubmed-40375481,40375481,10.1111/acel.70108,Quercetin Reduces Vascular Senescence and Inflammation in Symptomatic Male but Not Female Coronary Artery Disease Patients.,senolytics,human_randomized_or_clinical_trial,human,C,retired_from_active_findings,topic_scope_mismatch,2026-09-13,Git history and prior public-data snapshots
finding-pubmed-40375674,pubmed-40375674,40375674,10.1039/d4bm01684j,In vitro senescence and senolytic functional assays.,senolytics,narrative_review,human,C,retired_from_active_findings,topic_scope_mismatch,2026-09-13,Git history and prior public-data snapshots
finding-pubmed-40376197,pubmed-40376197,40376197,10.2147/IJGM.S513497,Inflammation-Induced Klotho Deficiency: A Possible Key Driver of Chronic Kidney Disease Progression.,klotho-il11-aging,narrative_review,human,C,retired_from_active_findings,topic_scope_mismatch,2026-09-13,Git history and prior public-data snapshots
finding-pubmed-40378019,pubmed-40378019,40378019,10.18632/aging.206250,The aspartate superpathway in gut microbiota-related metabolic pathways mediates immune cell protection against COPD and IPF: a Mendelian randomization analysis.,microbiome-inflammaging,human_mendelian_randomization,human,B,retired_from_active_findings,topic_scope_mismatch,2026-09-13,Git history and prior public-data snapshots
finding-pubmed-40394335,pubmed-40394335,40394335,10.1038/s43856-025-00904-9,Rapamycin treatment for Alzheimer's disease and related dementias: a pilot phase 1 clinical trial.,rapamycin-mtor-aging,metadata_only_needs_classification,human,D,retired_from_active_findings,topic_scope_mismatch,2026-09-13,Git history and prior public-data snapshots
finding-pubmed-40399789,pubmed-40399789,40399789,10.1186/s10194-025-02039-7,Unravelling the gut-brain connection: a systematic review of migraine and the gut microbiome.,microbiome-inflammaging,systematic_review_or_meta_analysis,human,B,retired_from_active_findings,topic_scope_mismatch,2026-09-13,Git history and prior public-data snapshots
finding-pubmed-40427517,pubmed-40427517,40427517,10.3390/biom15050624,The Role of Klotho in Oral and Maxillofacial Diseases: Mechanisms and Research Progress.,klotho-il11-aging,narrative_review,cell,D,retired_from_active_findings,topic_scope_mismatch,2026-09-13,Git history and prior public-data snapshots
finding-pubmed-40434612,pubmed-40434612,40434612,10.1007/s10912-025-09959-0,Cutting into Change: Reflection on Surgeon Diet and Professional Identity.,dietary-pattern-longevity,metadata_only_needs_classification,human,E,retired_from_active_findings,topic_capacity_limit,2026-09-13,Git history and prior public-data snapshots
finding-pubmed-40448705,pubmed-40448705,40448705,10.1113/JP288710,The impact of metformin on placental ageing in humans and mice.,metformin-aging,human_randomized_or_clinical_trial,human,B,retired_from_active_findings,nonhuman_record_in_human_outcome_topic,2026-09-13,Git history and prior public-data snapshots
finding-pubmed-40459998,pubmed-40459998,40459998,10.1111/acel.70093,Nicotinamide Riboside Supplementation Benefits in Patients With Werner Syndrome: A Double-Blind Randomized Crossover Placebo-Controlled Trial.,nad-nmn-nr-aging,human_randomized_or_clinical_trial,human,C,retired_from_active_findings,topic_scope_mismatch,2026-09-13,Git history and prior public-data snapshots
finding-pubmed-40465202,pubmed-40465202,40465202,10.1007/s12325-025-03256-x,"Metformin: Old Drug, New Therapeutic Potential in the Skin? A Brief Narrative Review.",metformin-aging,narrative_review,needs_review,C,retired_from_active_findings,topic_scope_mismatch,2026-09-13,Git history and prior public-data snapshots
finding-pubmed-40478215,pubmed-40478215,40478215,10.1093/eurjpc/zwaf274,The presence or absence of standard modifiable cardiovascular risk factors in patients with myocardial infarction impacts long-term but not 30-day mortality: a UK Biobank prospective cohort study.,blood-pressure-aging,human_cohort,human,B,retired_from_active_findings,title_topic_signal_missing,2026-09-13,Git history and prior public-data snapshots
finding-pubmed-40482727,pubmed-40482727,40482727,10.1016/j.mad.2025.112082,Targeting mitophagy in the heart: Exploring the therapeutic potential of MicroRNAs.,autophagy-mitophagy,narrative_review,human,D,retired_from_active_findings,topic_scope_mismatch,2026-09-13,Git history and prior public-data snapshots
finding-pubmed-40488112,pubmed-40488112,40488112,10.1016/j.synbio.2025.04.005,"Network of nicotinamide mononucleotide biosynthesis: substrate tracking, rate-limiting enzyme, and regulatory strategy.",nad-nmn-nr-aging,narrative_review,human,C,retired_from_active_findings,topic_scope_mismatch,2026-09-13,Git history and prior public-data snapshots
finding-pubmed-40489582,pubmed-40489582,40489582,10.1210/clinem/dgaf340,"Glucose Parameters, Inflammation Markers, and Gut Microbiota Changes of Gut Microbiome-Targeted Therapies in Type 2 Diabetes Mellitus: A Systematic Review and Meta-Analysis of Randomized Controlled Trials.",microbiome-inflammaging,systematic_review_or_meta_analysis,human,B,retired_from_active_findings,topic_scope_mismatch,2026-09-13,Git history and prior public-data snapshots
finding-pubmed-40493069,pubmed-40493069,40493069,10.1007/s00392-025-02694-5,Impact of semaglutide on health outcomes and mood in obese heart failure patients: a retrospective analysis.,glp1-weight-cardiometabolic,metadata_only_needs_classification,human,E,retired_from_active_findings,topic_capacity_limit,2026-09-13,Git history and prior public-data snapshots
finding-pubmed-40499220,pubmed-40499220,40499220,10.1016/j.phymed.2025.156945,Molecular mechanisms and therapeutic potential of quercetin in ovarian functions.,senolytics,systematic_review_or_meta_analysis,human,C,retired_from_active_findings,topic_scope_mismatch,2026-09-13,Git history and prior public-data snapshots
finding-pubmed-40504879,pubmed-40504879,40504879,10.1093/eurjpc/zwaf347,Improvements in walking speed reduce mortality in patients with cardiovascular disease during exercise-based secondary prevention: findings from the ITER registry.,physical-activity-healthspan,metadata_only_needs_classification,human,E,retired_from_active_findings,topic_capacity_limit,2026-09-13,Git history and prior public-data snapshots
finding-pubmed-40508198,pubmed-40508198,40508198,10.3390/ijms26115390,Functional Features of Senescent Cells and Implications for Therapy.,senolytics,narrative_review,human,C,retired_from_active_findings,topic_scope_mismatch,2026-09-13,Git history and prior public-data snapshots
finding-pubmed-40531488,pubmed-40531488,40531488,10.1001/jamacardio.2025.1775,Finerenone According to Frailty in Heart Failure: A Prespecified Analysis of the FINEARTS-HF Randomized Clinical Trial.,resistance-training-muscle,human_randomized_or_clinical_trial,human,B,retired_from_active_findings,topic_scope_mismatch,2026-09-13,Git history and prior public-data snapshots
finding-pubmed-40531870,pubmed-40531870,40531870,10.1073/pnas.2425015122,Tumor-promoting UBR4 coordinates impaired mitophagy-associated senescence and lung adenocarcinoma pathogenesis.,autophagy-mitophagy,animal_study,animal,D,retired_from_active_findings,topic_scope_mismatch,2026-09-13,Git history and prior public-data snapshots
finding-pubmed-40538098,pubmed-40538098,40538098,10.1111/acel.70138,Pyrroloquinoline Quinone Is an Effective Senomorphic Agent to Target the Pro-Inflammatory Phenotype of Senescent Cells.,senolytics,mechanistic_or_cell_study,cell,D,retired_from_active_findings,topic_scope_mismatch,2026-09-13,Git history and prior public-data snapshots
finding-pubmed-40541563,pubmed-40541563,40541563,10.1111/acel.70140,Virus-Induced Cellular Senescence Causes Pulmonary Sequelae Post-Influenza Infection.,senolytics,animal_study,mouse,D,retired_from_active_findings,topic_scope_mismatch,2026-09-13,Git history and prior public-data snapshots
finding-pubmed-40547287,pubmed-40547287,40547287,10.2147/COPD.S511383,The Impact of Gut Microbiota on Chronic Obstructive Pulmonary Disease: A Dual-Sample Mendelian Randomization Study.,microbiome-inflammaging,human_mendelian_randomization,human,B,retired_from_active_findings,topic_scope_mismatch,2026-09-13,Git history and prior public-data snapshots
finding-pubmed-40549581,pubmed-40549581,40549581,10.1097/MCG.0000000000002147,"Medications for Weight Loss and MASLD: A National Survey of Hepatology and Gastroenterology Provider Practices, Attitudes, and Knowledge Before Resmetirom.",glp1-weight-cardiometabolic,metadata_only_needs_classification,human,E,retired_from_active_findings,title_topic_signal_missing,2026-09-13,Git history and prior public-data snapshots
finding-pubmed-40556359,pubmed-40556359,40556359,10.1111/1756-185X.70334,Causal Associations Between 141 Gut Microbiota Taxa and 14 Rheumatic Diseases: A Mendelian Randomization Study.,microbiome-inflammaging,human_mendelian_randomization,human,C,retired_from_active_findings,topic_scope_mismatch,2026-09-13,Git history and prior public-data snapshots
finding-pubmed-40569873,pubmed-40569873,40569873,10.1093/eurjpc/zwaf325,Sitting-rising test scores predict natural and cardiovascular causes of deaths in middle-aged and older men and women.,resistance-training-muscle,human_cohort,human,B,retired_from_active_findings,title_topic_signal_missing,2026-09-13,Git history and prior public-data snapshots
finding-pubmed-40578405,pubmed-40578405,40578405,10.1016/j.jclinepi.2025.111880,Metformin to treat breast cancer: an application of the prevalent new-user design for observational studies with no active comparator.,metformin-aging,metadata_only_needs_classification,human,D,retired_from_active_findings,topic_scope_mismatch,2026-09-13,Git history and prior public-data snapshots
finding-pubmed-40588099,pubmed-40588099,40588099,10.1016/j.arr.2025.102818,Targeting autophagy in doxorubicin-induced cardiotoxicity: A comprehensive review of scientific landscapes and therapeutic innovations.,autophagy-mitophagy,narrative_review,human,D,retired_from_active_findings,topic_scope_mismatch,2026-09-13,Git history and prior public-data snapshots
finding-pubmed-40590247,pubmed-40590247,40590247,10.1093/eurjpc/zwaf399,The ACS EuroPath survey series: time trends in lipid management after an acute coronary syndrome.,ldl-apob-cardiovascular-risk,metadata_only_needs_classification,human,E,retired_from_active_findings,title_topic_signal_missing,2026-09-13,Git history and prior public-data snapshots
finding-pubmed-40592340,pubmed-40592340,40592340,10.1016/j.immuni.2025.06.010,More TOR: The expanding role of mTOR in regulating immune responses.,rapamycin-mtor-aging,narrative_review,human,D,retired_from_active_findings,topic_scope_mismatch,2026-09-13,Git history and prior public-data snapshots
finding-pubmed-40604282,pubmed-40604282,40604282,10.1038/s41586-025-09234-1,WSTF nuclear autophagy regulates chronic but not acute inflammation.,autophagy-mitophagy,animal_study,animal,D,retired_from_active_findings,topic_scope_mismatch,2026-09-13,Git history and prior public-data snapshots
finding-pubmed-40621627,pubmed-40621627,40621627,10.1142/S0192415X25500545,Advances and Perspectives on the Anti-Fibrotic Mechanisms of the Quercetin.,senolytics,narrative_review,human,C,retired_from_active_findings,topic_scope_mismatch,2026-09-13,Git history and prior public-data snapshots
finding-pubmed-40625295,pubmed-40625295,40625295,10.1097/CM9.0000000000003698,Cellular senescence in renal ischemia-reperfusion injury.,senolytics,narrative_review,human,C,retired_from_active_findings,topic_scope_mismatch,2026-09-13,Git history and prior public-data snapshots
finding-pubmed-40649724,pubmed-40649724,40649724,10.3390/ijms26135944,Gut Microbiota and Liver Health: Meta-Analysis of Bifidobacterium-Containing Probiotics in NAFLD Management.,microbiome-inflammaging,systematic_review_or_meta_analysis,human,B,retired_from_active_findings,topic_scope_mismatch,2026-09-13,Git history and prior public-data snapshots
finding-pubmed-40668259,pubmed-40668259,40668259,10.1007/s11033-025-10828-1,"Quercetin targets TGFβ-primed human MDA-MB-231 triple-negative breast cancer cells, linking epithelial-mesenchymal transition to cell senescence and fibrosis.",senolytics,mechanistic_or_cell_study,cell,E,retired_from_active_findings,topic_scope_mismatch,2026-09-13,Git history and prior public-data snapshots
finding-pubmed-40673367,pubmed-40673367,40673367,10.1080/07853890.2025.2534091,Sex differences in the association between atherogenic index of plasma and α-klotho: insights from a community-based cohort.,klotho-il11-aging,human_cohort,human,C,retired_from_active_findings,topic_scope_mismatch,2026-09-13,Git history and prior public-data snapshots
finding-pubmed-40694719,pubmed-40694719,40694719,,THE ROLE OF THE VAGINAL MICROBIOTA IN THE PATHOGENESIS OF PRETERM PREMATURE BIRTH IN WOMEN WITH IC: A SYSTEMATIC REVIEW.,microbiome-inflammaging,systematic_review_or_meta_analysis,human,B,retired_from_active_findings,topic_scope_mismatch,2026-09-13,Git history and prior public-data snapshots
finding-pubmed-40696888,pubmed-40696888,40696888,10.1111/ggi.70133,Prefrailty prevalence and all-cause mortality risk in older adults from the general population: A meta-analysis of prospective cohort studies.,resistance-training-muscle,systematic_review_or_meta_analysis,human,B,retired_from_active_findings,topic_scope_mismatch,2026-09-13,Git history and prior public-data snapshots
finding-pubmed-40704394,pubmed-40704394,40704394,10.1111/acel.70183,Rapamycin Does Not Compromise Exercise-Induced Muscular Adaptations in Female Mice.,rapamycin-mtor-aging,animal_study,mouse,C,retired_from_active_findings,topic_scope_mismatch,2026-09-13,Git history and prior public-data snapshots
finding-pubmed-40706815,pubmed-40706815,40706815,10.1016/j.arr.2025.102842,Bidirectional regulation of neuronal autophagy in ischemic stroke: Mechanisms and therapeutic potential.,autophagy-mitophagy,narrative_review,needs_review,C,retired_from_active_findings,topic_scope_mismatch,2026-09-13,Git history and prior public-data snapshots
finding-pubmed-40707556,pubmed-40707556,40707556,10.1038/s41598-025-12770-5,Exercise attenuates bed rest-induced increases in insulin resistance while α-klotho increases in 55 to 65 year-old women and men.,klotho-il11-aging,human_randomized_or_clinical_trial,human,C,retired_from_active_findings,topic_scope_mismatch,2026-09-13,Git history and prior public-data snapshots
finding-pubmed-40710317,pubmed-40710317,40710317,10.3390/cells14141064,Neuroprotective Effects of Metformin Through the Modulation of Neuroinflammation and Oxidative Stress.,metformin-aging,narrative_review,human,B,retired_from_active_findings,topic_scope_mismatch,2026-09-13,Git history and prior public-data snapshots
finding-pubmed-40715737,pubmed-40715737,40715737,10.1111/acel.70184,Aerobic Exercise Attenuates Autophagy-Lysosomal Flux Deficits via β2-AR-Mediated ESCRT-III Subunit CHMP4B in Mice With Human MAPT P301L.,autophagy-mitophagy,animal_study,mouse,D,retired_from_active_findings,topic_scope_mismatch,2026-09-13,Git history and prior public-data snapshots
finding-pubmed-40725895,pubmed-40725895,40725895,10.1097/MD.0000000000043553,Causal effects and immune cells mediators between gut microbiota and sicca syndrome: A Mendelian randomization study.,microbiome-inflammaging,human_mendelian_randomization,human,B,retired_from_active_findings,topic_scope_mismatch,2026-09-13,Git history and prior public-data snapshots
finding-pubmed-40732996,pubmed-40732996,40732996,10.3390/nu17142371,"A Randomized Double-Blind Trial of the Effect of Liupao Tea on Metabolic Parameters, Body Composition, and Gut Microbiota in Adults with Metabolic Syndrome.",microbiome-inflammaging,human_randomized_or_clinical_trial,human,B,retired_from_active_findings,topic_scope_mismatch,2026-09-13,Git history and prior public-data snapshots
finding-pubmed-40746868,pubmed-40746868,40746868,10.1096/fba.2025-00014,Oral MIB-626 (β Nicotinamide Mononucleotide) Safely Raises Blood Nicotinamide Adenine Dinucleotide Levels in Hospitalized Patients With COVID-19 and Acute Kidney Injury: A Randomized Controlled Trial.,nad-nmn-nr-aging,human_randomized_or_clinical_trial,human,C,retired_from_active_findings,topic_scope_mismatch,2026-09-13,Git history and prior public-data snapshots
finding-pubmed-40765265,pubmed-40765265,40765265,10.1111/dom.16647,Protective effect of metformin against dementia in patients with obesity: Results from a global federated health network analysis.,metformin-aging,metadata_only_needs_classification,human,D,retired_from_active_findings,topic_scope_mismatch,2026-09-13,Git history and prior public-data snapshots
finding-pubmed-40765340,pubmed-40765340,40765340,10.31083/FBL37811,Cellular Senescence: A Pathogenic Driver for Pulmonary Fibrosis.,senolytics,narrative_review,human,D,retired_from_active_findings,topic_scope_mismatch,2026-09-13,Git history and prior public-data snapshots
finding-pubmed-40768598,pubmed-40768598,40768598,10.1126/scitranslmed.adv4071,Hematopoietic loss of Y chromosome activates immune checkpoints and contributes to impaired senescent cell clearance and renal disease.,senolytics,human_cohort,human,C,retired_from_active_findings,topic_scope_mismatch,2026-09-13,Git history and prior public-data snapshots
finding-pubmed-40778880,pubmed-40778880,40778880,10.18632/aging.206300,What is the clinical evidence to support off-label rapamycin therapy in healthy adults?,rapamycin-mtor-aging,narrative_review,human,C,retired_from_active_findings,topic_scope_mismatch,2026-09-13,Git history and prior public-data snapshots
finding-pubmed-40784026,pubmed-40784026,40784026,10.33594/000000797,Regulation of αKlotho.,klotho-il11-aging,narrative_review,cell,D,retired_from_active_findings,topic_scope_mismatch,2026-09-13,Git history and prior public-data snapshots
finding-pubmed-40795029,pubmed-40795029,40795029,10.1093/eurjpc/zwaf441,Prospective associations of daily step count and stepping intensity with overall and type-specific major adverse cardiovascular events in people with hypertension.,physical-activity-healthspan,metadata_only_needs_classification,human,E,retired_from_active_findings,topic_capacity_limit,2026-09-13,Git history and prior public-data snapshots
finding-pubmed-40806090,pubmed-40806090,40806090,10.3390/nu17152502,Prebiotics Improve Blood Pressure Control by Modulating Gut Microbiome Composition and Function: A Systematic Review and Meta-Analysis.,microbiome-inflammaging,systematic_review_or_meta_analysis,human,B,retired_from_active_findings,topic_scope_mismatch,2026-09-13,Git history and prior public-data snapshots
finding-pubmed-40808466,pubmed-40808466,40808466,10.4103/NRR.NRR-D-25-00343,Amelioration of behavioral and neural deficits in animal models of neurodegenerative disease by nanoformulations of curcumin and quercetin.,senolytics,metadata_only_needs_classification,human,D,retired_from_active_findings,topic_scope_mismatch,2026-09-13,Git history and prior public-data snapshots
finding-pubmed-40814128,pubmed-40814128,40814128,10.1097/CM9.0000000000003746,Cellular senescence in kidney diseases.,senolytics,narrative_review,human,C,retired_from_active_findings,topic_scope_mismatch,2026-09-13,Git history and prior public-data snapshots
finding-pubmed-40816210,pubmed-40816210,40816210,10.1016/j.clnu.2025.08.004,"Effects of fasting-mimicking diets with low and high protein content on cardiometabolic health and autophagy: A randomized, parallel group study.",autophagy-mitophagy,human_randomized_or_clinical_trial,human,C,retired_from_active_findings,topic_scope_mismatch,2026-09-13,Git history and prior public-data snapshots
finding-pubmed-40825663,pubmed-40825663,40825663,10.1523/ENEURO.0586-24.2025,Gut Microbiota and White Matter Integrity: A Two-Sample Mendelian Randomization Analysis.,microbiome-inflammaging,human_mendelian_randomization,human,B,retired_from_active_findings,topic_scope_mismatch,2026-09-13,Git history and prior public-data snapshots
finding-pubmed-40826128,pubmed-40826128,40826128,10.1186/s13054-025-05548-8,Composition and diversity of the pulmonary microbiome in acute respiratory distress syndrome: a systematic review.,microbiome-inflammaging,systematic_review_or_meta_analysis,human,B,retired_from_active_findings,topic_scope_mismatch,2026-09-13,Git history and prior public-data snapshots
finding-pubmed-40835019,pubmed-40835019,40835019,10.1016/j.neuroscience.2025.08.028,The role of mitophagy in perioperative neurocognitive disorder: from mechanisms to implications.,autophagy-mitophagy,narrative_review,human,C,retired_from_active_findings,topic_scope_mismatch,2026-09-13,Git history and prior public-data snapshots
finding-pubmed-40839339,pubmed-40839339,40839339,10.1007/s40279-025-02292-5,"Evaluating the Impact of Urolithin A Supplementation on Running Performance, Recovery, and Mitochondrial Biomarkers in Highly Trained Male Distance Runners.",autophagy-mitophagy,human_randomized_or_clinical_trial,human,C,retired_from_active_findings,topic_scope_mismatch,2026-09-13,Git history and prior public-data snapshots
finding-pubmed-40841629,pubmed-40841629,40841629,10.1186/s12885-025-14468-3,Metformin for the treatment of breast cancer: a scoping review of randomized clinical trials.,metformin-aging,narrative_review,human,C,retired_from_active_findings,topic_scope_mismatch,2026-09-13,Git history and prior public-data snapshots
finding-pubmed-40851222,pubmed-40851222,40851222,10.1002/kjm2.70097,"Impact of Baseline Nutritional Status, Psychological Health, Fatigue, and Insomnia on Outcomes of Immune Checkpoint Inhibitors in Advanced Non-Small Cell Lung Cancer: A Retrospective Cohort Study.",sleep-aging,human_cohort,human,C,retired_from_active_findings,topic_capacity_limit,2026-09-13,Git history and prior public-data snapshots
finding-pubmed-40855191,pubmed-40855191,40855191,10.1038/s41591-025-03873-7,Immunotherapy and senolytics in head and neck squamous cell carcinoma: phase 2 trial results.,senolytics,human_randomized_or_clinical_trial,human,C,retired_from_active_findings,topic_scope_mismatch,2026-09-13,Git history and prior public-data snapshots
finding-pubmed-40867620,pubmed-40867620,40867620,10.3390/biom15081176,The Role of Senolytics in Osteoporosis.,senolytics,narrative_review,human,C,retired_from_active_findings,topic_scope_mismatch,2026-09-13,Git history and prior public-data snapshots
finding-pubmed-40880576,pubmed-40880576,40880576,10.5492/wjccm.v14.i3.103458,Klotho: A multifaceted protector in sepsis-induced organ damage and a potential therapeutic target.,klotho-il11-aging,narrative_review,needs_review,D,retired_from_active_findings,topic_scope_mismatch,2026-09-13,Git history and prior public-data snapshots
finding-pubmed-40882922,pubmed-40882922,40882922,10.1016/j.jhep.2025.08.021,Cellular senescence in liver diseases: From molecular drivers to therapeutic targeting.,senolytics,narrative_review,human,C,retired_from_active_findings,topic_scope_mismatch,2026-09-13,Git history and prior public-data snapshots
finding-pubmed-40884168,pubmed-40884168,40884168,10.1093/eurheartj/ehaf661,Gut microbiota-derived imidazole propionate predicts cardiometabolic risk in patients with coronary artery disease.,microbiome-inflammaging,metadata_only_needs_classification,human,C,retired_from_active_findings,topic_scope_mismatch,2026-09-13,Git history and prior public-data snapshots
finding-pubmed-40889447,pubmed-40889447,40889447,10.1016/j.archger.2025.106004,Adverse health outcomes of oral frailty in community-dwelling older adults: a systematic review and meta-analysis.,resistance-training-muscle,systematic_review_or_meta_analysis,human,B,retired_from_active_findings,topic_scope_mismatch,2026-09-13,Git history and prior public-data snapshots
finding-pubmed-40905331,pubmed-40905331,40905331,10.1111/acel.70203,Asparaginase and Autophagy Inhibitors Effectively Remove Senescent Cells by Synergistically Limiting Asparagine Supply.,autophagy-mitophagy,animal_study,mouse,D,retired_from_active_findings,topic_scope_mismatch,2026-09-13,Git history and prior public-data snapshots
finding-pubmed-40910268,pubmed-40910268,40910268,10.3892/ijmm.2025.5623,Role of cellular senescence in hepatic diseases (Review).,senolytics,narrative_review,human,C,retired_from_active_findings,topic_scope_mismatch,2026-09-13,Git history and prior public-data snapshots
finding-pubmed-40916738,pubmed-40916738,40916738,10.1093/eurjpc/zwaf578,Physical activity and mortality: towards healthspan-oriented metrics and outcomes. A Scientific Statement from the European Association of Preventive Cardiology (EAPC) of the ESC.,physical-activity-healthspan,narrative_review,human,E,retired_from_active_findings,topic_capacity_limit,2026-09-13,Git history and prior public-data snapshots
finding-pubmed-40926125,pubmed-40926125,40926125,10.1038/s43587-025-00964-5,Towards a personalized approach in senolytic trials.,senolytics,metadata_only_needs_classification,needs_review,E,retired_from_active_findings,topic_scope_mismatch,2026-09-13,Git history and prior public-data snapshots
finding-pubmed-40926366,pubmed-40926366,40926366,10.1002/cam4.71223,Cellular Senescence and Immunosenescence in Melanoma: Insights From the Tumor Microenvironment.,senolytics,systematic_review_or_meta_analysis,human,C,retired_from_active_findings,topic_scope_mismatch,2026-09-13,Git history and prior public-data snapshots
finding-pubmed-40937171,pubmed-40937171,40937171,10.1016/j.gastha.2025.100745,Beta-Klotho Protein Expression in Healthy Human Tissues and Liver Biopsies From Patients With MASLD or MASH.,klotho-il11-aging,metadata_only_needs_classification,human,D,retired_from_active_findings,topic_scope_mismatch,2026-09-13,Git history and prior public-data snapshots
finding-pubmed-40938107,pubmed-40938107,40938107,10.1128/msystems.00677-25,Composition of the human milk microbiome in the GUSTO cohort is shaped by intrapartum antibiotic prophylaxis and breastfeeding exclusivity.,microbiome-inflammaging,human_cohort,human,C,retired_from_active_findings,topic_scope_mismatch,2026-09-13,Git history and prior public-data snapshots
finding-pubmed-40945487,pubmed-40945487,40945487,10.1016/j.clnu.2025.08.033,Alternate-day fasting elicits larger changes in fat mass than time-restricted eating in adults without obesity - A randomized clinical trial.,time-restricted-eating,human_randomized_or_clinical_trial,human,C,retired_from_active_findings,topic_capacity_limit,2026-09-13,Git history and prior public-data snapshots
finding-pubmed-40959856,pubmed-40959856,40959856,10.14670/HH-18-988,"Differential expression of ferroptosis markers, circadian regulators, KLOTHO, and classical tumor suppressors in colorectal cancer according to tumor stage: Influence of age, anatomical location, and correlation patterns.",klotho-il11-aging,metadata_only_needs_classification,human,D,retired_from_active_findings,topic_scope_mismatch,2026-09-13,Git history and prior public-data snapshots
finding-pubmed-40976463,pubmed-40976463,40976463,10.1016/j.phrs.2025.107966,Interleukin-11: A central integrative hub driving pathological progression from pulmonary inflammation and fibrosis to cancer.,klotho-il11-aging,narrative_review,human,D,retired_from_active_findings,topic_scope_mismatch,2026-09-13,Git history and prior public-data snapshots
finding-pubmed-40976470,pubmed-40976470,40976470,10.1016/j.mad.2025.112115,Increased mTOR signaling secondary to a human ILK missense variant inhibits nephrogenesis with decreased metabolism.,rapamycin-mtor-aging,animal_study,mouse,D,retired_from_active_findings,topic_scope_mismatch,2026-09-13,Git history and prior public-data snapshots
finding-pubmed-40977345,pubmed-40977345,40977345,10.1017/cjn.2025.10390,Prodromal Association of Non-Motor Symptomatology in Adults With Neurodegenerative Diseases.,sleep-aging,human_cohort,human,C,retired_from_active_findings,title_topic_signal_missing,2026-09-13,Git history and prior public-data snapshots
finding-pubmed-40987589,pubmed-40987589,40987589,10.1136/jnis-2025-024139,"Association between GLP-1 receptor agonist use and neurosurgical intervention in patients with idiopathic intracranial hypertension and obesity: a propensity-matched, multi-institutional, cohort study.",glp1-weight-cardiometabolic,human_cohort,human,C,retired_from_active_findings,topic_capacity_limit,2026-09-13,Git history and prior public-data snapshots
finding-pubmed-41009660,pubmed-41009660,41009660,10.3390/ijms26189098,The Roles of Moonlighting Nicotinamide Mononucleotide Adenylyl Transferases in Cell Physiology.,nad-nmn-nr-aging,narrative_review,human,C,retired_from_active_findings,topic_scope_mismatch,2026-09-13,Git history and prior public-data snapshots
finding-pubmed-41017694,pubmed-41017694,41017694,10.4103/NRR.NRR-D-25-00338,Hedgehog signaling activation rescues hypoxia-induced ferroptosis in human brain organoids.,rapamycin-mtor-aging,mechanistic_or_cell_study,human,E,retired_from_active_findings,title_topic_signal_missing,2026-09-13,Git history and prior public-data snapshots
finding-pubmed-41026812,pubmed-41026812,41026812,10.1073/pnas.2502841122,Mitochondrial ROS triggers mitophagy through activating the DNA damage response signaling pathway.,autophagy-mitophagy,animal_study,animal,D,retired_from_active_findings,topic_scope_mismatch,2026-09-13,Git history and prior public-data snapshots
finding-pubmed-41043864,pubmed-41043864,41043864,10.1136/heartjnl-2025-326402,Role of routine surveillance stress testing in patients with or without imaging-guided or physiology-guided PCI.,physical-activity-healthspan,human_randomized_or_clinical_trial,human,B,retired_from_active_findings,title_topic_signal_missing,2026-09-13,Git history and prior public-data snapshots
finding-pubmed-41046300,pubmed-41046300,41046300,10.1007/s11357-025-01911-3,Pharmacokinetic analysis of intermittent rapamycin administration in early-stage Alzheimer's Disease.,rapamycin-mtor-aging,metadata_only_needs_classification,human,D,retired_from_active_findings,topic_scope_mismatch,2026-09-13,Git history and prior public-data snapshots
finding-pubmed-41053277,pubmed-41053277,41053277,10.1038/s41574-025-01187-9,Translating cellular senescence research into clinical practice for metabolic disease.,senolytics,narrative_review,human,C,retired_from_active_findings,topic_scope_mismatch,2026-09-13,Git history and prior public-data snapshots
finding-pubmed-41053928,pubmed-41053928,41053928,10.1002/ana.78013,Mutations in the Key Autophagy Tethering Factor EPG5 Link Neurodevelopmental and Neurodegenerative Disorders Including Early-Onset Parkinsonism.,autophagy-mitophagy,animal_study,mouse,D,retired_from_active_findings,topic_scope_mismatch,2026-09-13,Git history and prior public-data snapshots
finding-pubmed-41057939,pubmed-41057939,41057939,10.1186/s13054-025-05662-7,Beyond diabetes: harnessing the power of metformin in burn care.,metformin-aging,narrative_review,human,C,retired_from_active_findings,topic_scope_mismatch,2026-09-13,Git history and prior public-data snapshots
finding-pubmed-41061307,pubmed-41061307,41061307,10.1016/j.prp.2025.156256,"The interplay of NAD+, hyperuricemia, and renal damage: A scientific review.",nad-nmn-nr-aging,narrative_review,human,D,retired_from_active_findings,topic_scope_mismatch,2026-09-13,Git history and prior public-data snapshots
finding-pubmed-41067166,pubmed-41067166,41067166,10.1016/j.medcli.2025.107189,Metformin: Paradigm of therapeutic pleiotropism (1922-2025).,metformin-aging,narrative_review,human,C,retired_from_active_findings,topic_scope_mismatch,2026-09-13,Git history and prior public-data snapshots
finding-pubmed-41097011,pubmed-41097011,41097011,10.3390/ijms26199748,From Diabetes to Degenerative Diseases: The Multifaceted Action of Metformin.,metformin-aging,narrative_review,human,C,retired_from_active_findings,topic_scope_mismatch,2026-09-13,Git history and prior public-data snapshots
finding-pubmed-41099141,pubmed-41099141,41099141,10.1177/00031348251388961,Coronary Artery Disease as a Predictor of Reduced Independent Ambulation After Major Lower Extremity Amputation.,physical-activity-healthspan,metadata_only_needs_classification,human,E,retired_from_active_findings,title_topic_signal_missing,2026-09-13,Git history and prior public-data snapshots
finding-pubmed-41116673,pubmed-41116673,41116673,10.1002/cph4.70060,The Emerging Role of α-Klotho as a Therapeutic Target for Sarcopenia: Underlying Mechanisms and Clinical Prospects.,klotho-il11-aging,narrative_review,cell,D,retired_from_active_findings,topic_scope_mismatch,2026-09-13,Git history and prior public-data snapshots
finding-pubmed-41117626,pubmed-41117626,41117626,10.1097/CEJ.0000000000000989,The molecular mechanisms of exercise in cancer prevention and management.,physical-activity-healthspan,narrative_review,human,E,retired_from_active_findings,topic_capacity_limit,2026-09-13,Git history and prior public-data snapshots
finding-pubmed-41138161,pubmed-41138161,41138161,10.1177/07334648251391867,Sedentary Behaviors and Functional Disability Among Chinese Older Adults (2008-2018): Evidence Including Mahjong.,physical-activity-healthspan,metadata_only_needs_classification,human,E,retired_from_active_findings,topic_capacity_limit,2026-09-13,Git history and prior public-data snapshots
finding-pubmed-41138217,pubmed-41138217,41138217,10.1152/physiol.00017.2025,Cellular Senescence and Interorgan Communication in Health and Disease.,senolytics,narrative_review,cell,D,retired_from_active_findings,topic_scope_mismatch,2026-09-13,Git history and prior public-data snapshots
finding-pubmed-41160202,pubmed-41160202,41160202,10.1007/s10815-025-03720-1,NMN supplementation as a strategy to improve oocyte quality: a systematic review and transcriptomic analysis.,nad-nmn-nr-aging,systematic_review_or_meta_analysis,human,C,retired_from_active_findings,topic_scope_mismatch,2026-09-13,Git history and prior public-data snapshots
finding-pubmed-41163367,pubmed-41163367,41163367,10.1080/19490976.2025.2570862,Gut enterotype- and body mass index (BMI)-dependent effects of anthocyanin supplementation on gut microbiota composition in individuals at risk for cognitive decline: a randomized placebo-controlled trial.,microbiome-inflammaging,human_randomized_or_clinical_trial,human,B,retired_from_active_findings,topic_scope_mismatch,2026-09-13,Git history and prior public-data snapshots
finding-pubmed-41164085,pubmed-41164085,41164085,10.3389/fragi.2025.1673230,Sirolimus use in allogeneic hematopoietic cell transplant recipients: assessing its senotherapeutic role in a high risk population.,rapamycin-mtor-aging,metadata_only_needs_classification,human,D,retired_from_active_findings,topic_scope_mismatch,2026-09-13,Git history and prior public-data snapshots
finding-pubmed-41166665,pubmed-41166665,41166665,10.1200/JCO-25-01070,Metformin Active Surveillance Trial in Low-Risk Prostate Cancer.,metformin-aging,human_randomized_or_clinical_trial,human,C,retired_from_active_findings,topic_scope_mismatch,2026-09-13,Git history and prior public-data snapshots
finding-pubmed-41176741,pubmed-41176741,41176741,10.1007/s00415-025-13491-5,Associations between gut microbiota and multiple system atrophy: a Mendelian randomization study.,microbiome-inflammaging,human_mendelian_randomization,human,C,retired_from_active_findings,topic_scope_mismatch,2026-09-13,Git history and prior public-data snapshots
finding-pubmed-41178701,pubmed-41178701,41178701,10.1111/dom.70267,Synergistic associations of metformin and GLP-1 receptor agonist use with adiposity-related cancer incidence in people living with type 2 diabetes.,metformin-aging,metadata_only_needs_classification,human,C,retired_from_active_findings,topic_scope_mismatch,2026-09-13,Git history and prior public-data snapshots
finding-pubmed-41189318,pubmed-41189318,41189318,10.1002/oby.70054,"Weight Loss, Obesity Medication, and Risk of Obesity-Associated Cancer: A Meta-Analysis of Randomized Controlled Trials.",glp1-weight-cardiometabolic,systematic_review_or_meta_analysis,human,E,retired_from_active_findings,title_topic_signal_missing,2026-09-13,Git history and prior public-data snapshots
finding-pubmed-41197911,pubmed-41197911,41197911,10.1016/j.jad.2025.120478,Blood metabolites mediate gut microbiota effects on depression: A Mendelian randomization study.,microbiome-inflammaging,human_mendelian_randomization,human,C,retired_from_active_findings,topic_scope_mismatch,2026-09-13,Git history and prior public-data snapshots
finding-pubmed-41205146,pubmed-41205146,41205146,10.1001/jama.2025.21358,Metformin to Improve Walking Performance in Lower Extremity Peripheral Artery Disease: The PERMET Randomized Clinical Trial.,metformin-aging,human_randomized_or_clinical_trial,human,B,retired_from_active_findings,topic_scope_mismatch,2026-09-13,Git history and prior public-data snapshots
finding-pubmed-41218009,pubmed-41218009,41218009,10.1177/02601060251394687,"Physical activity and fruit and vegetable intake in people with severe mental illness: Results from a multicountry survey in India, Bangladesh, and Pakistan.",physical-activity-healthspan,metadata_only_needs_classification,human,E,retired_from_active_findings,topic_capacity_limit,2026-09-13,Git history and prior public-data snapshots
finding-pubmed-41240794,pubmed-41240794,41240794,10.1016/j.acthis.2025.152298,Immunofluorescent characterization of Klotho and FGF23 in clear cell renal cell carcinoma: A pilot study.,klotho-il11-aging,metadata_only_needs_classification,human,E,retired_from_active_findings,topic_scope_mismatch,2026-09-13,Git history and prior public-data snapshots
finding-pubmed-41249682,pubmed-41249682,41249682,10.1007/s10238-025-01926-2,CDKN1A and cellular senescence are associated with immune resistance in advanced lung adenocarcinoma.,senolytics,metadata_only_needs_classification,human,D,retired_from_active_findings,topic_scope_mismatch,2026-09-13,Git history and prior public-data snapshots
finding-pubmed-41250277,pubmed-41250277,41250277,10.1111/jnc.70298,"Taurine Intake, Plasma Taurine Concentration, and Dementia Risk: Findings From the Malmö Diet and Cancer Study.",autophagy-mitophagy,human_cohort,human,C,retired_from_active_findings,topic_scope_mismatch,2026-09-13,Git history and prior public-data snapshots
finding-pubmed-41265278,pubmed-41265278,41265278,10.1016/j.clinsp.2025.100811,Causal effects of gut microbiome on aortic dissection: A mendelian randomization study.,microbiome-inflammaging,human_mendelian_randomization,human,B,retired_from_active_findings,topic_scope_mismatch,2026-09-13,Git history and prior public-data snapshots
finding-pubmed-41269489,pubmed-41269489,41269489,10.1007/s40520-025-03216-z,Effect of host and gut microbiota-altering interventions on sarcopenia or its defining parameters: a systematic review and meta-analysis of nutrition-based intervention studies.,microbiome-inflammaging,systematic_review_or_meta_analysis,human,B,retired_from_active_findings,topic_scope_mismatch,2026-09-13,Git history and prior public-data snapshots
finding-pubmed-41270883,pubmed-41270883,41270883,10.1016/j.biochi.2025.11.004,Exercise-driven changes in tryptophan metabolism leading to healthy aging.,physical-activity-healthspan,narrative_review,needs_review,E,retired_from_active_findings,topic_capacity_limit,2026-09-13,Git history and prior public-data snapshots
finding-pubmed-41277110,pubmed-41277110,41277110,10.1080/15548627.2025.2581217,"Autophagy and mitophagy at the synapse and beyond: implications for learning, memory and neurological disorders.",autophagy-mitophagy,narrative_review,human,C,retired_from_active_findings,topic_scope_mismatch,2026-09-13,Git history and prior public-data snapshots
finding-pubmed-41286580,pubmed-41286580,41286580,10.1097/PAI.0000000000001293,Klotho and LRP6 as Emerging Biomarkers in Gastric Adenocarcinoma: Expression Patterns and Clinical Relevance.,klotho-il11-aging,metadata_only_needs_classification,human,E,retired_from_active_findings,topic_scope_mismatch,2026-09-13,Git history and prior public-data snapshots
finding-pubmed-41288694,pubmed-41288694,41288694,10.1007/s00406-025-02163-0,"Investigating the causal associations between neuroticism, schizophrenia, and cardiovascular diseases using Mendelian randomization.",sleep-aging,human_mendelian_randomization,human,B,retired_from_active_findings,title_topic_signal_missing,2026-09-13,Git history and prior public-data snapshots
finding-pubmed-41305374,pubmed-41305374,41305374,10.3390/pathogens14111137,"Gut Microbiotas, Plasma Metabolites, and Autism Spectrum Disorder: A Bidirectional Mendelian Randomization Analysis.",microbiome-inflammaging,human_mendelian_randomization,human,B,retired_from_active_findings,topic_scope_mismatch,2026-09-13,Git history and prior public-data snapshots
finding-pubmed-41307513,pubmed-41307513,41307513,10.23736/S2724-6507.25.04376-3,"Efficacy and safety of oral semaglutide as add-on therapy in poorly controlled type 2 diabetes on background SGLT2 inhibitors: a real-world, multi-center, retrospective, observational study (RYS2).",glp1-weight-cardiometabolic,metadata_only_needs_classification,human,E,retired_from_active_findings,topic_capacity_limit,2026-09-13,Git history and prior public-data snapshots
finding-pubmed-41317088,pubmed-41317088,41317088,10.1080/15384101.2025.2597989,"The interplay between autophagy, p16(INK4a), and senescence in tumor cells: a systematic review.",autophagy-mitophagy,systematic_review_or_meta_analysis,human,C,retired_from_active_findings,topic_scope_mismatch,2026-09-13,Git history and prior public-data snapshots
finding-pubmed-41329155,pubmed-41329155,41329155,10.1097/PRS.0000000000012672,Nutritional Challenges in Post-Massive Weight Loss Body Contouring: Guidance for Plastic Surgeons on GLP-1 Agonists and Sleeve Gastrectomy.,glp1-weight-cardiometabolic,narrative_review,human,E,retired_from_active_findings,topic_capacity_limit,2026-09-13,Git history and prior public-data snapshots
finding-pubmed-41334446,pubmed-41334446,41334446,10.3389/fendo.2025.1700349,"Remnant cholesterol shows inverse and nonlinear associations with leukocyte telomere length and serum α-Klotho, mediated by inflammation and oxidative stress.",klotho-il11-aging,metadata_only_needs_classification,human,D,retired_from_active_findings,topic_scope_mismatch,2026-09-13,Git history and prior public-data snapshots
finding-pubmed-41341128,pubmed-41341128,41341128,10.3389/fendo.2025.1645711,The role of mitophagy in female reproductive system diseases: from molecular mechanisms to therapeutic strategies.,autophagy-mitophagy,narrative_review,human,C,retired_from_active_findings,topic_scope_mismatch,2026-09-13,Git history and prior public-data snapshots
finding-pubmed-41353197,pubmed-41353197,41353197,10.1186/s13062-025-00703-1,Autophagy and mitophagy in dermatological disease: a comprehensive review from molecular pathways to therapeutic frontiers.,autophagy-mitophagy,narrative_review,human,C,retired_from_active_findings,topic_scope_mismatch,2026-09-13,Git history and prior public-data snapshots
finding-pubmed-41356921,pubmed-41356921,41356921,10.7759/cureus.96018,The Role of Mammalian Target of Rapamycin (mTOR) and Adenosine Monophosphate-Activated Protein Kinase (AMPK) Signaling in Skeletal Muscle Hypertrophy: A Literature Review With Implications for Health and Disease.,rapamycin-mtor-aging,narrative_review,human,C,retired_from_active_findings,topic_scope_mismatch,2026-09-13,Git history and prior public-data snapshots
finding-pubmed-41357061,pubmed-41357061,41357061,10.15605/jafes.040.02.10,Multiple Therapeutic Applications of Metformin Moving Beyond Its Anti-Diabetic Role: A Systematic Review.,metformin-aging,systematic_review_or_meta_analysis,human,B,retired_from_active_findings,topic_scope_mismatch,2026-09-13,Git history and prior public-data snapshots
finding-pubmed-41357333,pubmed-41357333,41357333,10.1016/j.eclinm.2025.103633,"Effects of nicotinamide riboside on NAD+ levels, cognition, and symptom recovery in long-COVID: a randomized controlled trial.",nad-nmn-nr-aging,human_randomized_or_clinical_trial,human,C,retired_from_active_findings,topic_scope_mismatch,2026-09-13,Git history and prior public-data snapshots
finding-pubmed-41381044,pubmed-41381044,41381044,10.1055/a-2768-2477,Clinical Response to Elevated Lipoprotein(a): Practical Approach for Risk Management in the Absence of Targeted Therapies.,ldl-apob-cardiovascular-risk,narrative_review,human,E,retired_from_active_findings,title_topic_signal_missing,2026-09-13,Git history and prior public-data snapshots
finding-pubmed-41388677,pubmed-41388677,41388677,10.1080/07853890.2025.2565437,Cellular senescence and polycystic ovary syndrome: mechanisms and therapeutic strategies from a new perspective.,senolytics,narrative_review,human,C,retired_from_active_findings,topic_scope_mismatch,2026-09-13,Git history and prior public-data snapshots
finding-pubmed-41398791,pubmed-41398791,41398791,10.1097/MD.0000000000046523,"Causal effects of the gut microbiota, circulating metabolites, and cardiometabolic diseases: A Mendelian randomization study.",microbiome-inflammaging,human_mendelian_randomization,human,B,retired_from_active_findings,topic_scope_mismatch,2026-09-13,Git history and prior public-data snapshots
finding-pubmed-41408188,pubmed-41408188,41408188,10.1186/s12876-025-04551-1,Exploring the biliary microbiome in hepatopancreatobiliary disorders: a comprehensive systematic review of microbial signatures and diagnostic potential.,microbiome-inflammaging,systematic_review_or_meta_analysis,human,B,retired_from_active_findings,topic_scope_mismatch,2026-09-13,Git history and prior public-data snapshots
finding-pubmed-41417059,pubmed-41417059,41417059,10.1007/s00421-025-06092-7,"Effects of low-carbohydrate time-restricted eating, with or without sprint interval training, on resting cardiac biomarkers in young adults: a sex-stratified randomized controlled trial.",time-restricted-eating,human_randomized_or_clinical_trial,human,C,retired_from_active_findings,topic_capacity_limit,2026-09-13,Git history and prior public-data snapshots
finding-pubmed-41420207,pubmed-41420207,41420207,10.1186/s12877-025-06878-6,"Associations of lifestyles and frailty status with survival among older adults in China: a nationwide, community-based, prospective cohort study.",resistance-training-muscle,human_cohort,human,B,retired_from_active_findings,topic_scope_mismatch,2026-09-13,Git history and prior public-data snapshots
finding-pubmed-41420809,pubmed-41420809,41420809,10.1080/07853890.2025.2599557,From mechanisms to therapeutics: a narrative review on pyroptosis and autophagy in osteoporosis.,autophagy-mitophagy,systematic_review_or_meta_analysis,human,C,retired_from_active_findings,topic_scope_mismatch,2026-09-13,Git history and prior public-data snapshots
finding-pubmed-41423773,pubmed-41423773,41423773,10.1097/HTR.0000000000001140,Higher Cardiovascular Risk Factor Burden Associated With Cumulative Concussion History and Age-Related Differences.,sleep-aging,metadata_only_needs_classification,human,E,retired_from_active_findings,title_topic_signal_missing,2026-09-13,Git history and prior public-data snapshots
finding-pubmed-41435858,pubmed-41435858,41435858,10.1093/jisesa/ieaf093,Meta-analysis of sources and transmission pathways of Apis mellifera (Hymenoptera: Apidae) microbiota based on 16S sequencing data.,microbiome-inflammaging,systematic_review_or_meta_analysis,human,B,retired_from_active_findings,topic_scope_mismatch,2026-09-13,Git history and prior public-data snapshots
finding-pubmed-41438297,pubmed-41438297,41438297,10.3389/fendo.2025.1740415,Klotho in diabetes mellitus: research progress and clinical implications.,klotho-il11-aging,narrative_review,human,C,retired_from_active_findings,topic_scope_mismatch,2026-09-13,Git history and prior public-data snapshots
finding-pubmed-41439715,pubmed-41439715,41439715,10.1073/pnas.2501312122,Distinct classes of gut bacterial molybdenum-dependent enzymes produce urolithins.,autophagy-mitophagy,metadata_only_needs_classification,human,D,retired_from_active_findings,topic_scope_mismatch,2026-09-13,Git history and prior public-data snapshots
finding-pubmed-41469379,pubmed-41469379,41469379,10.1038/s41392-025-02493-4,mTOR signaling networks: mechanistic insights and translational frontiers in disease therapeutics.,rapamycin-mtor-aging,narrative_review,human,C,retired_from_active_findings,topic_scope_mismatch,2026-09-13,Git history and prior public-data snapshots
finding-pubmed-41470845,pubmed-41470845,41470845,10.3390/nu17243900,The Effect of Routine High-Soy-Protein Soymilk Intake on the Skeletal Muscle Index (SMI) in Japanese Pre-Frail Elderly Individuals with an Ordinary Life: A Post Hoc Analysis of a Randomized Controlled Trial.,resistance-training-muscle,human_randomized_or_clinical_trial,human,B,retired_from_active_findings,topic_scope_mismatch,2026-09-13,Git history and prior public-data snapshots
finding-pubmed-41486294,pubmed-41486294,41486294,10.1038/s41422-025-01203-7,Mitophagy in the pathogenesis and management of disease.,autophagy-mitophagy,narrative_review,human,C,retired_from_active_findings,topic_scope_mismatch,2026-09-13,Git history and prior public-data snapshots
finding-pubmed-41496261,pubmed-41496261,41496261,10.1016/j.ctarc.2025.101073,The impact of metformin use on survival outcomes in colorectal cancer: A systematic review and meta-analysis.,metformin-aging,systematic_review_or_meta_analysis,human,B,retired_from_active_findings,topic_scope_mismatch,2026-09-13,Git history and prior public-data snapshots
finding-pubmed-41502156,pubmed-41502156,41502156,10.1111/jns.70101,Evaluation of Nicotinamide Riboside in Prevention of Small Nerve Fiber Axon Degeneration and Promotion of Nerve Regeneration.,nad-nmn-nr-aging,human_randomized_or_clinical_trial,human,C,retired_from_active_findings,topic_scope_mismatch,2026-09-13,Git history and prior public-data snapshots
finding-pubmed-41504323,pubmed-41504323,41504323,10.1097/PSY.0000000000001463,Gut Microbiota and Psychological Distress in Fibromyalgia: A Systematic Review.,microbiome-inflammaging,systematic_review_or_meta_analysis,human,C,retired_from_active_findings,topic_scope_mismatch,2026-09-13,Git history and prior public-data snapshots
finding-pubmed-41505439,pubmed-41505439,41505439,10.1093/eurjpc/zwag016,The proteomic profile of leisure time physical activity across two decades: implications for future cardiovascular risk and mortality.,physical-activity-healthspan,metadata_only_needs_classification,human,E,retired_from_active_findings,topic_capacity_limit,2026-09-13,Git history and prior public-data snapshots
finding-pubmed-41532675,pubmed-41532675,41532675,10.1080/13685538.2026.2615561,Genetic relationships between the gut microbiota and prostate cancer: Mendelian randomization combined with bioinformatics analysis.,microbiome-inflammaging,human_mendelian_randomization,human,B,retired_from_active_findings,topic_scope_mismatch,2026-09-13,Git history and prior public-data snapshots
finding-pubmed-41534643,pubmed-41534643,41534643,10.1016/j.cca.2026.120840,Klotho protein and insulin resistance.,klotho-il11-aging,narrative_review,human,C,retired_from_active_findings,topic_scope_mismatch,2026-09-13,Git history and prior public-data snapshots
finding-pubmed-41537332,pubmed-41537332,41537332,10.3324/haematol.2025.288700,Older patients with lymphoma: navigating a landscape of clinical controversies and barriers to innovation.,epigenetic-clocks,narrative_review,human,E,retired_from_active_findings,title_topic_signal_missing,2026-09-13,Git history and prior public-data snapshots
finding-pubmed-41547589,pubmed-41547589,41547589,10.1016/j.arteri.2025.500873,Atherogenic Risk in Commerce and Industry Workers: Associations with Sociodemographic and Lifestyle Factors in a Large Spanish Occupational Cohort.,ldl-apob-cardiovascular-risk,human_cohort,human,C,retired_from_active_findings,title_topic_signal_missing,2026-09-13,Git history and prior public-data snapshots
finding-pubmed-41548682,pubmed-41548682,41548682,10.1016/j.ejphar.2026.178560,Safety of metformin in chronic kidney disease and type 2 diabetes mellitus: a systematic review and meta-analysis.,metformin-aging,systematic_review_or_meta_analysis,human,B,retired_from_active_findings,topic_scope_mismatch,2026-09-13,Git history and prior public-data snapshots
finding-pubmed-41558613,pubmed-41558613,41558613,10.1016/j.arr.2026.103027,Proteolysis-targeting chimera (PROTAC): A promising senolytic strategy.,senolytics,narrative_review,human,D,retired_from_active_findings,topic_scope_mismatch,2026-09-13,Git history and prior public-data snapshots
finding-pubmed-41564007,pubmed-41564007,41564007,10.1093/brain/awag022,Bilateral theta burst stimulation aids neural repair and recovery after ischaemic stroke in primates.,resistance-training-muscle,animal_study,animal,D,retired_from_active_findings,title_topic_signal_missing,2026-09-13,Git history and prior public-data snapshots
finding-pubmed-41582061,pubmed-41582061,41582061,10.1016/j.arteri.2026.500892,Prevalence of elevated lipoprotein(a) levels and associated atherosclerotic cardiovascular diseases in subjects with metabolic disorders: A real-world study in a lipid unit.,ldl-apob-cardiovascular-risk,metadata_only_needs_classification,human,E,retired_from_active_findings,title_topic_signal_missing,2026-09-13,Git history and prior public-data snapshots
finding-pubmed-41620649,pubmed-41620649,41620649,10.1186/s12885-026-15650-x,Senogenic-senolytic treatment strategies enhance tumor control and can improve survival in murine cancer models: a systematic review.,senolytics,systematic_review_or_meta_analysis,human,C,retired_from_active_findings,topic_scope_mismatch,2026-09-13,Git history and prior public-data snapshots
finding-pubmed-41627027,pubmed-41627027,41627027,10.1097/JCN.0000000000001288,Motivation to Engage in Self-Care of Heart Failure: An Ecological Momentary Assessment.,physical-activity-healthspan,metadata_only_needs_classification,human,E,retired_from_active_findings,title_topic_signal_missing,2026-09-13,Git history and prior public-data snapshots
finding-pubmed-41633616,pubmed-41633616,41633616,10.4103/neurol-india.Neurol-India-D-24-00850,Mendelian Randomization Analysis Uncovers the Causal Link Between Gut Microbiota and Cerebrovascular Diseases.,microbiome-inflammaging,narrative_review,human,C,retired_from_active_findings,topic_scope_mismatch,2026-09-13,Git history and prior public-data snapshots
finding-pubmed-41640092,pubmed-41640092,41640092,10.1002/oby.70098,Safety and Efficacy of Glucagon-Like Peptide-1 Receptor Agonists Use in Elderly People With Obesity-A Meta-Analysis.,glp1-weight-cardiometabolic,systematic_review_or_meta_analysis,human,A,retired_from_active_findings,title_topic_signal_missing,2026-09-13,Git history and prior public-data snapshots
finding-pubmed-41643939,pubmed-41643939,41643939,10.1016/j.jtha.2025.12.035,Long-term course and recovery following pulmonary embolism.,physical-activity-healthspan,narrative_review,human,E,retired_from_active_findings,title_topic_signal_missing,2026-09-13,Git history and prior public-data snapshots
finding-pubmed-41661447,pubmed-41661447,41661447,10.1007/s11255-026-05039-x,"Blood pressure variability and frailty: mechanisms, evidence, and clinical implications.",physical-activity-healthspan,narrative_review,human,E,retired_from_active_findings,title_topic_signal_missing,2026-09-13,Git history and prior public-data snapshots
finding-pubmed-41671712,pubmed-41671712,41671712,10.1016/j.drup.2026.101363,Cellular senescence in cancer: Friend or fraud?,senolytics,narrative_review,human,C,retired_from_active_findings,topic_scope_mismatch,2026-09-13,Git history and prior public-data snapshots
finding-pubmed-41684077,pubmed-41684077,41684077,10.1017/neu.2026.10060,The effect of GLP-1 receptor agonists on autophagy: insights gathered from research evaluating neurodegenerative disorders with these agents.,autophagy-mitophagy,systematic_review_or_meta_analysis,human,C,retired_from_active_findings,topic_scope_mismatch,2026-09-13,Git history and prior public-data snapshots
finding-pubmed-41704678,pubmed-41704678,41704678,10.3389/fragi.2026.1652582,Intravenous infusion of nicotinamide adenine dinucleotide (NAD(+)) versus nicotinamide riboside (NR): a retrospective tolerability pilot study in a real-world setting.,nad-nmn-nr-aging,mechanistic_or_cell_study,cell,D,retired_from_active_findings,topic_scope_mismatch,2026-09-13,Git history and prior public-data snapshots
finding-pubmed-41705654,pubmed-41705654,41705654,10.1080/15502783.2026.2632284,Anti-inflammatory effects of nicotinamide mononucleotide (NMN) in human skeletal muscle after BFR-exercise.,nad-nmn-nr-aging,human_randomized_or_clinical_trial,human,C,retired_from_active_findings,topic_scope_mismatch,2026-09-13,Git history and prior public-data snapshots
finding-pubmed-41726922,pubmed-41726922,41726922,10.64898/2026.02.05.704104,BAP1 Loss Induces Senescence and Enhances the Response to Radiation Therapy and Senolytics.,senolytics,metadata_only_needs_classification,human,D,retired_from_active_findings,topic_scope_mismatch,2026-09-13,Git history and prior public-data snapshots
finding-pubmed-41733728,pubmed-41733728,41733728,10.1007/s12031-026-02487-z,Klotho Function in Neurogenesis and Oligodendrogenesis: A Mini-Review Update.,klotho-il11-aging,narrative_review,human,C,retired_from_active_findings,topic_scope_mismatch,2026-09-13,Git history and prior public-data snapshots
finding-pubmed-41745094,pubmed-41745094,41745094,10.3390/diseases14020056,Mitochondrial Resilience in Glaucoma: Targeting NAD(+) Metabolism and Oxidative Stress in Retinal Ganglion Cell Degeneration with Nicotinamide Riboside and Berberine: Preliminary Clinical Evidence.,nad-nmn-nr-aging,human_cohort,human,C,retired_from_active_findings,topic_scope_mismatch,2026-09-13,Git history and prior public-data snapshots
finding-pubmed-41759822,pubmed-41759822,41759822,10.1016/j.tjnut.2026.101431,"Immune Preconditioning with Oral Quercetin Supplement and COVID-19 mRNA Vaccine Responses: A Randomized, Double-Blind, Placebo-Controlled Trial.",senolytics,human_randomized_or_clinical_trial,human,C,retired_from_active_findings,topic_scope_mismatch,2026-09-13,Git history and prior public-data snapshots
finding-pubmed-41762913,pubmed-41762913,41762913,10.1016/j.tice.2026.103415,CCL18 binding to MAPT promotes chronic obstructive pulmonary disease by inhibiting autophagy and triggering cell senescence.,autophagy-mitophagy,animal_study,animal,D,retired_from_active_findings,topic_scope_mismatch,2026-09-13,Git history and prior public-data snapshots
finding-pubmed-41770196,pubmed-41770196,41770196,10.1016/j.pedhc.2026.01.005,Heart Palpitations and Lifestyle Habits Among Jordanian School Children: A Cross-Sectional Study.,sleep-aging,metadata_only_needs_classification,human,E,retired_from_active_findings,title_topic_signal_missing,2026-09-13,Git history and prior public-data snapshots
finding-pubmed-41772755,pubmed-41772755,41772755,10.1111/birt.70065,Interventions to Optimize Dietary Patterns in Black Pregnant Individuals: An Integrative Review.,dietary-pattern-longevity,systematic_review_or_meta_analysis,human,E,retired_from_active_findings,topic_capacity_limit,2026-09-13,Git history and prior public-data snapshots
finding-pubmed-41774762,pubmed-41774762,41774762,10.1093/eurjpc/zwag131,Accelerometer-derived weekend warrior physical activity pattern and all-cause and cause-specific mortality in patients with cardiovascular disease.,physical-activity-healthspan,metadata_only_needs_classification,human,E,retired_from_active_findings,topic_capacity_limit,2026-09-13,Git history and prior public-data snapshots
finding-pubmed-41776164,pubmed-41776164,41776164,10.1177/1357633X261424170,Co-designing DESI-Heart: Conversational agent based self-care intervention for people with cardiovascular disease.,physical-activity-healthspan,metadata_only_needs_classification,human,E,retired_from_active_findings,title_topic_signal_missing,2026-09-13,Git history and prior public-data snapshots
finding-pubmed-41789719,pubmed-41789719,41789719,10.1111/aos.70113,The impact of systemic long-term medications for the development of age-related macular degeneration.,metformin-aging,metadata_only_needs_classification,human,E,retired_from_active_findings,title_topic_signal_missing,2026-09-13,Git history and prior public-data snapshots
finding-pubmed-41793759,pubmed-41793759,41793759,10.1093/eurjcn/zvag070,Current status of social frailty and its associated physical-psychological factors in older adult patients hospitalized with heart failure: a cross-sectional study.,resistance-training-muscle,metadata_only_needs_classification,human,E,retired_from_active_findings,topic_scope_mismatch,2026-09-13,Git history and prior public-data snapshots
finding-pubmed-41794120,pubmed-41794120,41794120,10.1016/j.chest.2026.01.027,Association of a High Cardiovascular Disease Risk OSA Phenotype With Incident Atrial Fibrillation: The Multi-Ethnic Study of Atherosclerosis.,sleep-aging,metadata_only_needs_classification,human,E,retired_from_active_findings,title_topic_signal_missing,2026-09-13,Git history and prior public-data snapshots
finding-pubmed-41794475,pubmed-41794475,41794475,10.1016/j.foodres.2026.118594,The effect of jaboticaba peel and seed powder intake for three weeks on urolithin metabotype and excretion in normoweight and overweight/obese Brazilians.,autophagy-mitophagy,human_randomized_or_clinical_trial,human,C,retired_from_active_findings,topic_scope_mismatch,2026-09-13,Git history and prior public-data snapshots
finding-pubmed-41797511,pubmed-41797511,41797511,10.1002/oby.70176,Evaluating the Evolving Real-World Adverse Events of GLP-1RAs Using FDA Adverse Event Reporting System (FAERS).,glp1-weight-cardiometabolic,metadata_only_needs_classification,human,E,retired_from_active_findings,topic_capacity_limit,2026-09-13,Git history and prior public-data snapshots
finding-pubmed-41797680,pubmed-41797680,41797680,10.1093/infdis/jiag133,Changes in Cellular Senescence Biomarkers Across Individuals at Different Stages of HIV Infection Before and After a Year on Antiretroviral Therapy.,senolytics,metadata_only_needs_classification,human,E,retired_from_active_findings,topic_scope_mismatch,2026-09-13,Git history and prior public-data snapshots
finding-pubmed-41802666,pubmed-41802666,41802666,10.1016/j.cjca.2026.03.005,"Diet, Gut Microbiota, and Intestinal Permeability: Emerging Mechanisms in Hypertension Pathogenesis.",microbiome-inflammaging,narrative_review,human,C,retired_from_active_findings,topic_scope_mismatch,2026-09-13,Git history and prior public-data snapshots
finding-pubmed-41803080,pubmed-41803080,41803080,10.1097/JOM.0000000000003703,Cardiovascular Risk Factors in 101 Night-shift and Day Workers in Industry: A Cross-sectional Study.,sleep-aging,metadata_only_needs_classification,needs_review,E,retired_from_active_findings,title_topic_signal_missing,2026-09-13,Git history and prior public-data snapshots
finding-pubmed-41810430,pubmed-41810430,41810430,10.1016/j.jhepr.2025.101717,The KLB rs12152703 variant confers protection against hepatic inflammation in patients with MASLD by boosting Klotho-beta expression.,klotho-il11-aging,mechanistic_or_cell_study,cell,D,retired_from_active_findings,topic_scope_mismatch,2026-09-13,Git history and prior public-data snapshots
finding-pubmed-41810943,pubmed-41810943,41810943,10.1093/eurheartj/ehag154,Prediction of incident heart failure in individuals without prior cardiovascular disease: the SCORE2-HF risk model.,blood-pressure-aging,human_cohort,human,C,retired_from_active_findings,title_topic_signal_missing,2026-09-13,Git history and prior public-data snapshots
finding-pubmed-41812988,pubmed-41812988,41812988,10.1016/j.chest.2025.12.060,Association of Sleep-Related Hypoxemia With Survival in Patients With Non-Small Cell Lung Cancer: The NEOSAS Groupe Français de Pneumo-Cancérologie Study Group.,sleep-aging,metadata_only_needs_classification,human,E,retired_from_active_findings,topic_capacity_limit,2026-09-13,Git history and prior public-data snapshots
finding-pubmed-41849657,pubmed-41849657,41849657,10.1093/eurjcn/zvag079,Healthcare pathways and health outcomes among people with coronary heart disease and Type 2 diabetes in Australia: a linked data analysis.,metformin-aging,metadata_only_needs_classification,human,E,retired_from_active_findings,title_topic_signal_missing,2026-09-13,Git history and prior public-data snapshots
finding-pubmed-41856872,pubmed-41856872,41856872,10.1016/j.clgc.2026.102517,A Systematic Review and Meta-Analysis of the Significance of Diabetes on Kidney Cancer Outcomes and the Role of Metformin.,metformin-aging,systematic_review_or_meta_analysis,human,C,retired_from_active_findings,topic_scope_mismatch,2026-09-13,Git history and prior public-data snapshots
finding-pubmed-41864764,pubmed-41864764,41864764,10.1016/j.berh.2026.102134,"Definition, diagnosis, treatment for scleroderma primary heart involvement.",microbiome-inflammaging,narrative_review,human,E,retired_from_active_findings,title_topic_signal_missing,2026-09-13,Git history and prior public-data snapshots
finding-pubmed-41870297,pubmed-41870297,41870297,10.1097/JCN.0000000000001275,Lifestyle and Cardiovascular Mortality in Postmenopausal Women With a Previous Cardiovascular Event: A Population-Based Cohort Study.,physical-activity-healthspan,human_cohort,human,B,retired_from_active_findings,title_topic_signal_missing,2026-09-13,Git history and prior public-data snapshots
finding-pubmed-41872986,pubmed-41872986,41872986,10.1111/dom.70698,GLP-1 Receptor/Dual Agonists for Weight Loss: A Systematic Review and Network Meta-Analysis of RCTs.,glp1-weight-cardiometabolic,systematic_review_or_meta_analysis,human,C,retired_from_active_findings,topic_capacity_limit,2026-09-13,Git history and prior public-data snapshots
finding-pubmed-41875394,pubmed-41875394,41875394,10.1093/procel/pwag020,Restoring the FOXO1 geroprotective pathway via seno-resistant mesenchymal progenitor cells alleviates primate epididymal aging.,microbiome-inflammaging,animal_study,animal,D,retired_from_active_findings,title_topic_signal_missing,2026-09-13,Git history and prior public-data snapshots
finding-pubmed-41876754,pubmed-41876754,41876754,10.1007/s00467-026-07267-w,T-cell receptor Vβ repertoire skewing reflects premature immune senescence in children with chronic kidney disease.,microbiome-inflammaging,metadata_only_needs_classification,human,E,retired_from_active_findings,title_topic_signal_missing,2026-09-13,Git history and prior public-data snapshots
finding-pubmed-41879310,pubmed-41879310,41879310,10.1128/msystems.01563-25,The respiratory microbiome in pulmonary tuberculosis: a meta-analysis reveals niche-specific microbial and functional signatures.,microbiome-inflammaging,systematic_review_or_meta_analysis,human,B,retired_from_active_findings,topic_scope_mismatch,2026-09-13,Git history and prior public-data snapshots
finding-pubmed-41880862,pubmed-41880862,41880862,10.1016/j.tice.2026.103468,Quercetin targets the TNF-a/TNF pathway to activate mitochondrial autophagy to improve nucleus pulposus cell function and delay disc degeneration.,senolytics,animal_study,animal,D,retired_from_active_findings,topic_scope_mismatch,2026-09-13,Git history and prior public-data snapshots
finding-pubmed-41885944,pubmed-41885944,41885944,10.1007/s00795-026-00458-2,Upregulated Klotho expression reflects a potential compensatory renal response in Trimethyltin-exposed rats.,klotho-il11-aging,animal_study,animal,D,retired_from_active_findings,topic_scope_mismatch,2026-09-13,Git history and prior public-data snapshots
finding-pubmed-41887671,pubmed-41887671,41887671,10.1183/13993003.02233-2025,Prognostic factors in interstitial lung disease-associated pulmonary hypertension: data from the HYPID cohort and the French Pulmonary Hypertension Registry.,blood-pressure-aging,human_cohort,human,B,retired_from_active_findings,topic_scope_mismatch,2026-09-13,Git history and prior public-data snapshots
finding-pubmed-41898346,pubmed-41898346,41898346,10.3390/biomedicines14030701,Causal Effects of a Hepatic Senescence Gene Set on MASLD Fibrosis: A Mendelian Randomization Study and Quercetin Molecular Docking Analysis.,senolytics,human_mendelian_randomization,human,C,retired_from_active_findings,topic_scope_mismatch,2026-09-13,Git history and prior public-data snapshots
finding-pubmed-41902877,pubmed-41902877,41902877,10.1007/s12264-026-01613-6,Decode the Ubiquitinome in Parkinson's Disease: From Pathological Aggregates to Targeted DUB Therapeutics.,autophagy-mitophagy,narrative_review,human,E,retired_from_active_findings,title_topic_signal_missing,2026-09-13,Git history and prior public-data snapshots
finding-pubmed-41902997,pubmed-41902997,41902997,10.1007/s12094-026-04314-8,The logarithmic phase as a therapeutic direction: evaluating pharmacological strategies against cancer progression.,senolytics,narrative_review,human,E,retired_from_active_findings,title_topic_signal_missing,2026-09-13,Git history and prior public-data snapshots
finding-pubmed-41903334,pubmed-41903334,41903334,10.1016/j.tice.2026.103497,Autofluorescence and cell size-based sorting eliminates senescent cells in synovial mesenchymal stem cells from patients with osteoarthritis.,senolytics,metadata_only_needs_classification,human,E,retired_from_active_findings,topic_scope_mismatch,2026-09-13,Git history and prior public-data snapshots
finding-pubmed-41904795,pubmed-41904795,41904795,10.1161/CIRCULATIONAHA.126.079918,"Sotatercept for Combined Post- and Precapillary Pulmonary Hypertension Associated With Heart Failure: Results From the Phase 2, Randomized, Placebo-Controlled CADENCE Study.",blood-pressure-aging,human_randomized_or_clinical_trial,human,B,retired_from_active_findings,topic_scope_mismatch,2026-09-13,Git history and prior public-data snapshots
finding-pubmed-41905460,pubmed-41905460,41905460,10.1016/j.avsg.2026.03.010,The Combined Effect of Renin Angiotensin System Blockade and Metformin on Abdominal Aortic Aneurysm Growth Rate in People with Diabetes Mellitus-A Propensity-Matched Retrospective Cohort Study.,metformin-aging,human_cohort,human,C,retired_from_active_findings,topic_scope_mismatch,2026-09-13,Git history and prior public-data snapshots
finding-pubmed-41916860,pubmed-41916860,41916860,10.1053/j.jvca.2026.03.012,Comparing Echocardiography and Right Heart Catheterization for Mortality Prediction in Pulmonary Hypertension.,blood-pressure-aging,human_cohort,human,B,retired_from_active_findings,topic_scope_mismatch,2026-09-13,Git history and prior public-data snapshots
finding-pubmed-41919489,pubmed-41919489,41919489,10.1002/oby.70180,Responses to GLP-1RA in White and Black Adults With Obesity: Insights From Generalized Additive Mixed Models of EHR Data.,glp1-weight-cardiometabolic,metadata_only_needs_classification,human,E,retired_from_active_findings,topic_capacity_limit,2026-09-13,Git history and prior public-data snapshots
finding-pubmed-41919973,pubmed-41919973,41919973,10.1097/JCN.0000000000001321,Association Between Life's Essential 8 Lifestyle Behaviors and Hypertension: A Cross-Sectional Analysis of NHANES Data.,sleep-aging,metadata_only_needs_classification,human,E,retired_from_active_findings,title_topic_signal_missing,2026-09-13,Git history and prior public-data snapshots
finding-pubmed-41925420,pubmed-41925420,41925420,10.1016/j.molmed.2026.02.002,Harnessing the lung microbiome for precision management of fibrotic lung disease.,microbiome-inflammaging,narrative_review,human,E,retired_from_active_findings,topic_scope_mismatch,2026-09-13,Git history and prior public-data snapshots
finding-pubmed-41925663,pubmed-41925663,41925663,10.1016/j.healun.2026.02.005,Management of obesity in the contemporary LVAD era.,physical-activity-healthspan,narrative_review,human,E,retired_from_active_findings,title_topic_signal_missing,2026-09-13,Git history and prior public-data snapshots
finding-pubmed-41925713,pubmed-41925713,41925713,10.23736/S2724-6507.26.04501-X,Impact of hypoglycemic agents on glycemic control and cognitive decline in older adults with type 2 diabetes: real-world evidence on glucagon like peptide 1 receptor agonists.,metformin-aging,metadata_only_needs_classification,human,E,retired_from_active_findings,title_topic_signal_missing,2026-09-13,Git history and prior public-data snapshots
finding-pubmed-41930879,pubmed-41930879,41930879,10.1016/j.jcis.2026.140418,Enzyme catalysis facilitates multi-heteroatom engineering: a green path for high-performance biomass-derived carbon-based supercapacitors.,nad-nmn-nr-aging,metadata_only_needs_classification,human,E,retired_from_active_findings,title_topic_signal_missing,2026-09-13,Git history and prior public-data snapshots
finding-pubmed-41932647,pubmed-41932647,41932647,10.1016/j.jgg.2026.03.023,Probiotic potential of Parabacteroides johnsonii in mitigating age-related ovarian functional decline.,microbiome-inflammaging,human_mendelian_randomization,human,C,retired_from_active_findings,title_topic_signal_missing,2026-09-13,Git history and prior public-data snapshots
finding-pubmed-41950980,pubmed-41950980,41950980,10.1016/j.cgh.2026.03.030,"Updated Global Consensus Recommendations for Risk Stratification, Treatment Initiation, and Response Monitoring in Metabolic Dysfunction-Associated Steatotic Liver Disease.",glp1-weight-cardiometabolic,metadata_only_needs_classification,human,E,retired_from_active_findings,title_topic_signal_missing,2026-09-13,Git history and prior public-data snapshots
finding-pubmed-41962671,pubmed-41962671,41962671,10.1016/j.jad.2026.121763,Sustained frailty remission and the risk of significant depressive symptoms in older adults: Evidence from two prospective cohorts.,resistance-training-muscle,human_cohort,human,B,retired_from_active_findings,topic_scope_mismatch,2026-09-13,Git history and prior public-data snapshots
finding-pubmed-41966535,pubmed-41966535,41966535,10.1016/j.tice.2026.103525,Fisetin promotes liver regeneration by inducing β-catenin-mediated inhibition of p53 and suppression of TGF-β.,senolytics,animal_study,animal,C,retired_from_active_findings,topic_scope_mismatch,2026-09-13,Git history and prior public-data snapshots
finding-pubmed-41967728,pubmed-41967728,41967728,10.1016/j.jvs.2026.03.617,Associations of antidiabetic medications with abdominal aortic aneurysm growth and clinical outcomes: A systematic review and meta-analysis.,metformin-aging,systematic_review_or_meta_analysis,human,A,retired_from_active_findings,title_topic_signal_missing,2026-09-13,Git history and prior public-data snapshots
finding-pubmed-41973033,pubmed-41973033,41973033,10.1002/jper.70118,Aging and periodontitis increase brain dissemination of oral bacteria.,microbiome-inflammaging,animal_study,mouse,D,retired_from_active_findings,title_topic_signal_missing,2026-09-13,Git history and prior public-data snapshots
finding-pubmed-41973746,pubmed-41973746,41973746,10.1177/15578518261442833,Visual and Neurological Outcomes Following Glucagon-Like Peptide-1 Receptor Agonist Therapy and Bariatric Surgery in Idiopathic Intracranial Hypertension: A Network Meta-Analysis.,glp1-weight-cardiometabolic,systematic_review_or_meta_analysis,human,E,retired_from_active_findings,title_topic_signal_missing,2026-09-13,Git history and prior public-data snapshots
finding-pubmed-41977388,pubmed-41977388,41977388,10.3390/ijms27073205,Chronic Kidney Disease and Cellular Senescence.,senolytics,narrative_review,human,C,retired_from_active_findings,topic_scope_mismatch,2026-09-13,Git history and prior public-data snapshots
finding-pubmed-41980370,pubmed-41980370,41980370,10.1016/j.bioadv.2026.214880,Cardiac targeting extracellular vesicles combined with quercetin co-delivery system enhances the therapeutic efficacy of myocardial infarction.,senolytics,metadata_only_needs_classification,human,E,retired_from_active_findings,topic_scope_mismatch,2026-09-13,Git history and prior public-data snapshots
finding-pubmed-41988659,pubmed-41988659,41988659,10.1080/10408363.2026.2651307,The complex relationship between oxidative stress and aging: new perspectives on similarities and differences.,autophagy-mitophagy,narrative_review,human,E,retired_from_active_findings,title_topic_signal_missing,2026-09-13,Git history and prior public-data snapshots
finding-pubmed-41989010,pubmed-41989010,41989010,10.1002/lary.70571,Risk Analysis Index Versus mFI-5 for Predicting Outcomes After Uvulopalatopharyngoplasty.,sleep-aging,metadata_only_needs_classification,human,E,retired_from_active_findings,title_topic_signal_missing,2026-09-13,Git history and prior public-data snapshots
finding-pubmed-41999744,pubmed-41999744,41999744,10.1016/j.cell.2026.03.041,Gut microbiome is associated with recurrence-free survival in patients with resected high-risk melanoma receiving adjuvant immune checkpoint blockade.,microbiome-inflammaging,human_randomized_or_clinical_trial,human,B,retired_from_active_findings,topic_scope_mismatch,2026-09-13,Git history and prior public-data snapshots
finding-pubmed-42000018,pubmed-42000018,42000018,10.1016/j.amjmed.2026.04.013,Elderly-onset seronegative inflammatory arthritis: A narrative review and practical approach.,microbiome-inflammaging,narrative_review,human,E,retired_from_active_findings,title_topic_signal_missing,2026-09-13,Git history and prior public-data snapshots
finding-pubmed-42000463,pubmed-42000463,42000463,10.1016/j.cbd.2026.101834,Gut microbial restructuring in white spot syndrome virus-infected Penaeus vannamei: Insights from long-read metagenomics.,microbiome-inflammaging,metadata_only_needs_classification,needs_review,E,retired_from_active_findings,title_topic_signal_missing,2026-09-13,Git history and prior public-data snapshots
finding-pubmed-42002470,pubmed-42002470,42002470,10.1016/j.tcb.2026.03.015,"Senescent cell heterogeneity: origins, detection, and therapeutic implications.",senolytics,animal_study,mouse,D,retired_from_active_findings,topic_scope_mismatch,2026-09-13,Git history and prior public-data snapshots
finding-pubmed-42002508,pubmed-42002508,42002508,10.1016/j.numecd.2026.104718,Association of dietary inflammatory index with severity and mortality among adults with cardiovascular-kidney-metabolic syndrome.,microbiome-inflammaging,metadata_only_needs_classification,human,E,retired_from_active_findings,title_topic_signal_missing,2026-09-13,Git history and prior public-data snapshots
finding-pubmed-42002672,pubmed-42002672,42002672,10.1007/s40618-026-02896-2,Leucine supplementation modulates body composition and early weight rebound during GLP-1 receptor agonist therapy in diet-induced obese mice.,glp1-weight-cardiometabolic,animal_study,mouse,D,retired_from_active_findings,nonhuman_record_in_human_outcome_topic,2026-09-13,Git history and prior public-data snapshots
finding-pubmed-42002910,pubmed-42002910,42002910,10.1249/MSS.0000000000004009,Step Counts and Stepping Intensity among U.S. Adults: National Health and Nutrition Examination Survey 2011-2014.,physical-activity-healthspan,metadata_only_needs_classification,human,E,retired_from_active_findings,topic_capacity_limit,2026-09-13,Git history and prior public-data snapshots
finding-pubmed-42002929,pubmed-42002929,42002929,10.11236/jph.25-138,[Association between health interest and practice of frailty prevention behaviors: A cross-sectional analysis of the Wako Cohort Study].,physical-activity-healthspan,human_cohort,human,B,retired_from_active_findings,title_topic_signal_missing,2026-09-13,Git history and prior public-data snapshots
finding-pubmed-42006013,pubmed-42006013,42006013,10.1016/j.bioactmat.2026.03.060,Metformin alleviates aging-associated periodontitis via NRF2-mediated restoration of the IRE1α dependent unfolded protein response.,metformin-aging,animal_study,mouse,D,retired_from_active_findings,nonhuman_record_in_human_outcome_topic,2026-09-13,Git history and prior public-data snapshots
finding-pubmed-42023516,pubmed-42023516,42023516,10.1039/d5fo04952k,Acid hydrolysis of jaboticaba (Myrciaria jaboticaba) peel and seed powder increases urolithin excretion in a cross-over clinical trial with normoweight subjects.,autophagy-mitophagy,human_randomized_or_clinical_trial,human,C,retired_from_active_findings,topic_scope_mismatch,2026-09-13,Git history and prior public-data snapshots
finding-pubmed-42026253,pubmed-42026253,42026253,10.1038/s41577-026-01291-5,The long-lived immune system of centenarians.,physical-activity-healthspan,narrative_review,human,E,retired_from_active_findings,title_topic_signal_missing,2026-09-13,Git history and prior public-data snapshots
finding-pubmed-42026897,pubmed-42026897,42026897,10.1002/resp.70255,Right Atrial Pressure/Pulmonary Artery Wedge Pressure Ratio Correlates With Early Outcomes After Pulmonary Endarterectomy for Chronic Thromboembolic Pulmonary Hypertension.,blood-pressure-aging,metadata_only_needs_classification,human,C,retired_from_active_findings,topic_scope_mismatch,2026-09-13,Git history and prior public-data snapshots
finding-pubmed-42029362,pubmed-42029362,42029362,10.1016/j.hrthm.2026.03.1940,Glucagon-like peptide-1 and atrial fibrillation incidence: Associations independent of weight loss.,glp1-weight-cardiometabolic,human_cohort,human,B,retired_from_active_findings,title_topic_signal_missing,2026-09-13,Git history and prior public-data snapshots
finding-pubmed-42030747,pubmed-42030747,42030747,10.1016/j.hrtlng.2026.102811,"Exploring sleep, inflammation and myocardial infarction recurrence among older adults.",sleep-aging,metadata_only_needs_classification,human,E,retired_from_active_findings,topic_capacity_limit,2026-09-13,Git history and prior public-data snapshots
finding-pubmed-42034248,pubmed-42034248,42034248,10.1016/j.jad.2026.121846,Associations of lung function abnormalities with the onset and progression of mental disorders in the UK Biobank.,physical-activity-healthspan,human_cohort,human,B,retired_from_active_findings,title_topic_signal_missing,2026-09-13,Git history and prior public-data snapshots
finding-pubmed-42035799,pubmed-42035799,42035799,10.1016/j.jad.2026.121858,Integrative multi-kingdom gut microbiome analysis uncovers clinical signatures of major depressive disorder.,microbiome-inflammaging,metadata_only_needs_classification,human,E,retired_from_active_findings,topic_scope_mismatch,2026-09-13,Git history and prior public-data snapshots
finding-pubmed-42048163,pubmed-42048163,42048163,10.1172/jci.insight.203826,NAD+ augmentation by nicotinamide riboside engages SLIT2/ROBO1 signaling to attenuate Th17 inflammation in psoriasis.,nad-nmn-nr-aging,mixed_human_and_animal_study,mixed_human_animal,C,retired_from_active_findings,topic_scope_mismatch,2026-09-13,Git history and prior public-data snapshots
finding-pubmed-42053472,pubmed-42053472,42053472,10.1016/j.jacc.2026.03.035,Development and Validation of a Clinical Polygenic Risk Report in U.S.-Based Health Systems for 8 Cardiovascular Conditions.,blood-pressure-aging,metadata_only_needs_classification,human,E,retired_from_active_findings,title_topic_signal_missing,2026-09-13,Git history and prior public-data snapshots
finding-pubmed-42055201,pubmed-42055201,42055201,10.1016/j.cbpc.2026.110551,Subchronic exposure to environmental levels of fluoxetine disturbs gut microbiota-mediated intestinal barrier homeostasis and triggers delayed feeding response in zebrafish (Danio rerio).,microbiome-inflammaging,metadata_only_needs_classification,human,D,retired_from_active_findings,topic_scope_mismatch,2026-09-13,Git history and prior public-data snapshots
finding-pubmed-42055837,pubmed-42055837,42055837,10.1016/j.injury.2026.113304,Challenges and learning curve in adopting resuscitative endovascular balloon occlusion of the aorta for trauma patients: A retrospective multicenter study.,physical-activity-healthspan,metadata_only_needs_classification,human,E,retired_from_active_findings,title_topic_signal_missing,2026-09-13,Git history and prior public-data snapshots
finding-pubmed-42056497,pubmed-42056497,42056497,10.1038/s41591-026-04366-x,Low-dose oral nicotinamide mononucleotide for immune thrombocytopenia: a phase 1/2 trial.,nad-nmn-nr-aging,human_randomized_or_clinical_trial,human,C,retired_from_active_findings,topic_scope_mismatch,2026-09-13,Git history and prior public-data snapshots
finding-pubmed-42056922,pubmed-42056922,42056922,10.1080/15548627.2026.2667721,Cardiac fibroblast-derived CCN1 aggravates diabetic cardiomyopathy through ITGAV-ITGB1/integrin αvβ1-mediated autophagy inhibition.,autophagy-mitophagy,animal_study,mouse,D,retired_from_active_findings,topic_scope_mismatch,2026-09-13,Git history and prior public-data snapshots
finding-pubmed-42059638,pubmed-42059638,42059638,10.1093/sleep/zsag122,Event-level nocturnal blood pressure dynamics in obstructive sleep apnea assessed by cuffless monitoring.,sleep-aging,metadata_only_needs_classification,human,E,retired_from_active_findings,topic_capacity_limit,2026-09-13,Git history and prior public-data snapshots
finding-pubmed-42061017,pubmed-42061017,42061017,10.1016/j.theriogenology.2026.117957,SIRT7-mediated H3K79 desuccinylation modulates functional activities of goat ovarian granulosa cells.,autophagy-mitophagy,animal_study,animal,D,retired_from_active_findings,title_topic_signal_missing,2026-09-13,Git history and prior public-data snapshots
finding-pubmed-42061317,pubmed-42061317,42061317,10.1016/j.hrtlng.2026.102824,The association of accelerated biological aging with heart diseases in adults aged 40-69 years: a population-based cohort study.,epigenetic-clocks,human_cohort,human,C,retired_from_active_findings,title_topic_signal_missing,2026-09-13,Git history and prior public-data snapshots
finding-pubmed-42061520,pubmed-42061520,42061520,10.1016/j.jad.2026.121898,Clinical utility of a quick and easy-to-use international tool for assessing and identifying impaired physical fitness in people with severe mental illness - The PsychiActive project.,cardiorespiratory-fitness,metadata_only_needs_classification,human,E,retired_from_active_findings,title_topic_signal_missing,2026-09-13,Git history and prior public-data snapshots
finding-pubmed-42061603,pubmed-42061603,42061603,10.1016/j.tox.2026.154479,Long-chain chlorinated paraffins (LCCPs) exposure induces testicular aging damage by triggering mitochondrial dysfunction.,autophagy-mitophagy,animal_study,mouse,D,retired_from_active_findings,title_topic_signal_missing,2026-09-13,Git history and prior public-data snapshots
finding-pubmed-42061677,pubmed-42061677,42061677,10.1016/j.jval.2026.03.2249,Assessment of Carbon Emission Impact of Semaglutide in Patients With Type 2 Diabetes in the United Kingdom Using an Innovative Modeling Approach.,glp1-weight-cardiometabolic,metadata_only_needs_classification,human,E,retired_from_active_findings,topic_capacity_limit,2026-09-13,Git history and prior public-data snapshots
finding-pubmed-42061699,pubmed-42061699,42061699,10.1016/j.chest.2026.04.021,Risk Stratification in Patients With Chronic Thromboembolic Pulmonary Hypertension Following Pulmonary Endarterectomy: The Role of Brain Natriuretic Peptide and High-Sensitivity Troponin I.,cardiorespiratory-fitness,metadata_only_needs_classification,human,E,retired_from_active_findings,title_topic_signal_missing,2026-09-13,Git history and prior public-data snapshots
finding-pubmed-42065356,pubmed-42065356,42065356,10.1097/NNR.0000000000000915,Genome-Wide Association of Cardiovascular Disease and Lifestyle in Korean Adults With Metabolic Syndrome.,sleep-aging,metadata_only_needs_classification,human,E,retired_from_active_findings,title_topic_signal_missing,2026-09-13,Git history and prior public-data snapshots
finding-pubmed-42067671,pubmed-42067671,42067671,10.1007/s13105-026-01182-2,"Effects of acute, subacute, and chronic exercise on plasma s-Klotho levels: a systematic review and meta-analysis.",klotho-il11-aging,systematic_review_or_meta_analysis,human,C,retired_from_active_findings,topic_scope_mismatch,2026-09-13,Git history and prior public-data snapshots
finding-pubmed-42068648,pubmed-42068648,42068648,10.1016/j.euroneuro.2026.112853,Effectiveness of GLP-1RA vs metformin for diabetes prevention in antipsychotic-treated patients.,metformin-aging,human_cohort,human,B,retired_from_active_findings,topic_scope_mismatch,2026-09-13,Git history and prior public-data snapshots
finding-pubmed-42068690,pubmed-42068690,42068690,10.1016/j.hrtlng.2026.102826,"Effect of care bundle in preventing delirium after bypass surgery: a single-blind, non-randomised clinical trial.",sleep-aging,metadata_only_needs_classification,human,E,retired_from_active_findings,title_topic_signal_missing,2026-09-13,Git history and prior public-data snapshots
finding-pubmed-42069852,pubmed-42069852,42069852,10.1038/s41598-026-51600-0,IL-11 receptor is a novel target for drug development with pharmacological activity in fibro-inflammatory disease.,klotho-il11-aging,narrative_review,human,C,retired_from_active_findings,topic_scope_mismatch,2026-09-13,Git history and prior public-data snapshots
finding-pubmed-42070152,pubmed-42070152,42070152,10.1080/15548627.2026.2660849,The autophagy-inhibitory tissue hormone DBI/ACBP is essential for glucocorticoid-induced immunosuppression.,autophagy-mitophagy,animal_study,mouse,D,retired_from_active_findings,topic_scope_mismatch,2026-09-13,Git history and prior public-data snapshots
finding-pubmed-42070947,pubmed-42070947,42070947,10.1016/j.numecd.2026.104755,Bempedoic acid and increased serum uric acid levels: a matter of concern?,ldl-apob-cardiovascular-risk,narrative_review,needs_review,E,retired_from_active_findings,title_topic_signal_missing,2026-09-13,Git history and prior public-data snapshots
finding-pubmed-42081973,pubmed-42081973,42081973,10.1016/j.jtcvs.2026.04.005,Multicenter comparison of hybrid and Norwood procedures in patients with Fontan circulation.,physical-activity-healthspan,metadata_only_needs_classification,human,E,retired_from_active_findings,title_topic_signal_missing,2026-09-13,Git history and prior public-data snapshots
finding-pubmed-42084827,pubmed-42084827,42084827,10.1007/s40292-026-00801-9,Characteristics and Determinants of Pulse Wave Velocity in Super Normal Vascular Aging (SUPERNOVA) Patients.,ldl-apob-cardiovascular-risk,metadata_only_needs_classification,human,E,retired_from_active_findings,title_topic_signal_missing,2026-09-13,Git history and prior public-data snapshots
finding-pubmed-42085824,pubmed-42085824,42085824,10.1016/j.archger.2026.106264,Fractal cardiac activity regulation during exercise and delirium risk in older adults.,physical-activity-healthspan,human_cohort,human,C,retired_from_active_findings,topic_capacity_limit,2026-09-13,Git history and prior public-data snapshots
finding-pubmed-42086371,pubmed-42086371,42086371,10.1016/j.ejim.2026.106906,Relationship between T90 and systemic hypertension in patients with obstructive sleep apnea: Data from the European sleep apnea database.,sleep-aging,metadata_only_needs_classification,human,E,retired_from_active_findings,topic_capacity_limit,2026-09-13,Git history and prior public-data snapshots
finding-pubmed-42086971,pubmed-42086971,42086971,10.1007/s43032-026-02075-x,A Systematic Review of the Role of Senescent Cells in Uterine Leiomyomas: Deciphering Molecular Pathways and Exploring Therapeutic Prospects.,senolytics,systematic_review_or_meta_analysis,human,C,retired_from_active_findings,topic_scope_mismatch,2026-09-13,Git history and prior public-data snapshots
finding-pubmed-42098400,pubmed-42098400,42098400,10.1038/s41401-026-01793-x,CYFIP2 deficiency ameliorates renal interstitial fibrosis through attenuating tubular senescence in hypertensive nephropathy.,klotho-il11-aging,animal_study,mouse,D,retired_from_active_findings,title_topic_signal_missing,2026-09-13,Git history and prior public-data snapshots
finding-pubmed-42101153,pubmed-42101153,42101153,10.1111/acel.70538,Targeting Hyperoxia-Induced Cellular Senescence in Developing Human Airway Cells: Senomorphics Versus Senolytics Versus Antioxidants.,senolytics,mechanistic_or_cell_study,cell,C,retired_from_active_findings,topic_scope_mismatch,2026-09-13,Git history and prior public-data snapshots
finding-pubmed-42101655,pubmed-42101655,42101655,10.1007/s00535-026-02425-1,"Covert hepatic encephalopathy as a multi-organ syndrome: the gut-liver-muscle-brain axis, diagnosis, treatment, and multidisciplinary care.",microbiome-inflammaging,narrative_review,human,E,retired_from_active_findings,title_topic_signal_missing,2026-09-13,Git history and prior public-data snapshots
finding-pubmed-42101746,pubmed-42101746,42101746,10.1007/s11357-026-02289-6,Senolytic treatment with dasatinib and quercetin selectively improves cardiac autonomic balance in obesity.,senolytics,animal_study,mouse,D,retired_from_active_findings,topic_scope_mismatch,2026-09-13,Git history and prior public-data snapshots
finding-pubmed-42102579,pubmed-42102579,42102579,10.1016/j.neurobiolaging.2026.04.008,Trehalase-trehalose axis in the human brain: A potential modulator of neuroprotection and neurodegeneration.,autophagy-mitophagy,metadata_only_needs_classification,human,E,retired_from_active_findings,title_topic_signal_missing,2026-09-13,Git history and prior public-data snapshots
finding-pubmed-42105050,pubmed-42105050,42105050,10.1007/s40279-026-02443-2,Greatest of All Time: Development of a Ranking System to Determine the Most Successful Olympic and World Championship Runners Since 1896.,physical-activity-healthspan,animal_study,animal,D,retired_from_active_findings,title_topic_signal_missing,2026-09-13,Git history and prior public-data snapshots
finding-pubmed-42106260,pubmed-42106260,42106260,10.1053/j.jvca.2026.04.023,Postoperative Respiratory Support After Cardiac Surgery: The BREASE ARC International Survey.,sleep-aging,metadata_only_needs_classification,human,E,retired_from_active_findings,title_topic_signal_missing,2026-09-13,Git history and prior public-data snapshots
finding-pubmed-42113991,pubmed-42113991,42113991,10.1073/pnas.2527503123,Chaperone-mediated autophagy protects against retinal photoreceptor degeneration by modulating proteostasis of glucose metabolism enzymes.,autophagy-mitophagy,animal_study,mouse,D,retired_from_active_findings,topic_scope_mismatch,2026-09-13,Git history and prior public-data snapshots
finding-pubmed-42128467,pubmed-42128467,42128467,10.1016/j.neurobiolaging.2026.05.002,Sleep quality is associated with default mode and salience network connectivity differently across age and sex.,sleep-aging,metadata_only_needs_classification,human,E,retired_from_active_findings,topic_capacity_limit,2026-09-13,Git history and prior public-data snapshots
finding-pubmed-42128620,pubmed-42128620,42128620,10.1136/jnnp-2025-337861,Evaluation of metformin for epilepsy prevention or seizure control in people without evidence of diabetes: retrospective cohort study.,metformin-aging,human_cohort,human,B,retired_from_active_findings,topic_scope_mismatch,2026-09-13,Git history and prior public-data snapshots
finding-pubmed-42130236,pubmed-42130236,42130236,10.1097/MNH.0000000000001191,Novel therapeutic approaches for phosphate regulation.,microbiome-inflammaging,narrative_review,human,E,retired_from_active_findings,title_topic_signal_missing,2026-09-13,Git history and prior public-data snapshots
finding-pubmed-42132961,pubmed-42132961,42132961,10.1093/eurjcn/zvag098,Ability of the FRAIL scale questionnaire to screen physical frailty and its prognostic value in older patients with cardiovascular disease and cognitive decline.,resistance-training-muscle,human_cohort,human,B,retired_from_active_findings,topic_scope_mismatch,2026-09-13,Git history and prior public-data snapshots
finding-pubmed-42135576,pubmed-42135576,42135576,10.1038/s43587-026-01108-z,Reduced ULK1 links impaired autophagy and mitophagy to Alzheimer's disease pathology.,autophagy-mitophagy,animal_study,mouse,D,retired_from_active_findings,topic_scope_mismatch,2026-09-13,Git history and prior public-data snapshots
finding-pubmed-42139896,pubmed-42139896,42139896,10.1016/j.psj.2026.107062,An engineered Escherichia coli-ClyA-NetB outer membrane vesicle delivery system modulates jejunal microbiota in broiler chickens with necrotic enteritis.,microbiome-inflammaging,metadata_only_needs_classification,needs_review,D,retired_from_active_findings,topic_scope_mismatch,2026-09-13,Git history and prior public-data snapshots
finding-pubmed-42140185,pubmed-42140185,42140185,10.1016/j.cmet.2026.04.013,Adipokine IL-11/IL-11Ra constrains sphingolipid metabolism to limit the thermogenic capacity of beige adipocytes.,klotho-il11-aging,animal_study,mouse,D,retired_from_active_findings,topic_scope_mismatch,2026-09-13,Git history and prior public-data snapshots
finding-pubmed-42140342,pubmed-42140342,42140342,10.1053/j.ajkd.2026.03.037,Weight Loss-Independent Mechanisms of Kidney Protection With Glucagon-Like Peptide 1 Receptor Agonists and Implications for Clinical Practice.,glp1-weight-cardiometabolic,narrative_review,human,E,retired_from_active_findings,title_topic_signal_missing,2026-09-13,Git history and prior public-data snapshots
finding-pubmed-42148707,pubmed-42148707,42148707,10.1080/15548627.2026.2672700,Peptide-mediated inhibition of aberrant chaperone-mediated autophagy in pericytes prevents glioblastoma progression through MAPT/tau secretion.,autophagy-mitophagy,animal_study,mouse,D,retired_from_active_findings,topic_scope_mismatch,2026-09-13,Git history and prior public-data snapshots
finding-pubmed-42151413,pubmed-42151413,42151413,10.1038/s41573-026-01449-9,Autophagy modulation in cancer.,autophagy-mitophagy,narrative_review,human,E,retired_from_active_findings,topic_scope_mismatch,2026-09-13,Git history and prior public-data snapshots
finding-pubmed-42154633,pubmed-42154633,42154633,10.1080/07420528.2026.2674039,Effect of chronotype on nutritional status and eating behaviors among university students of Pakistan.,time-restricted-eating,metadata_only_needs_classification,needs_review,E,retired_from_active_findings,title_topic_signal_missing,2026-09-13,Git history and prior public-data snapshots
finding-pubmed-42155673,pubmed-42155673,42155673,10.1016/j.ijcard.2026.134560,Cost-effectiveness and budget-impact analysis of tirzepatide in heart failure with preserved ejection fraction and obesity in the German health-care system.,glp1-weight-cardiometabolic,metadata_only_needs_classification,human,E,retired_from_active_findings,topic_capacity_limit,2026-09-13,Git history and prior public-data snapshots
finding-pubmed-42158974,pubmed-42158974,42158974,10.1097/MCP.0000000000001285,Functional testing for interstitial lung disease in 2026.,physical-activity-healthspan,narrative_review,human,E,retired_from_active_findings,title_topic_signal_missing,2026-09-13,Git history and prior public-data snapshots
finding-pubmed-42160229,pubmed-42160229,42160229,10.1159/000552614,"Graded Severity of Aortic Valve Sclerosis as an Independent Clinical Marker of Systemic Disease, Diastolic Dysfunction, and Mortality Risk: A Large Echocardiographic Cohort Study.",blood-pressure-aging,human_cohort,human,B,retired_from_active_findings,title_topic_signal_missing,2026-09-13,Git history and prior public-data snapshots
finding-pubmed-42160453,pubmed-42160453,42160453,10.1126/scitranslmed.ads5175,Sotatercept reduces bone morphogenetic protein signaling in patients with pulmonary arterial hypertension.,blood-pressure-aging,metadata_only_needs_classification,human,D,retired_from_active_findings,topic_scope_mismatch,2026-09-13,Git history and prior public-data snapshots
finding-pubmed-42162863,pubmed-42162863,42162863,10.1016/j.jjcc.2026.05.002,Cardiomyocyte-specific Fbxl5 deficiency promotes iron overload-driven hypercontractility and late-onset pathological hypertrophy in mice.,physical-activity-healthspan,animal_study,mouse,D,retired_from_active_findings,title_topic_signal_missing,2026-09-13,Git history and prior public-data snapshots
finding-pubmed-42165557,pubmed-42165557,42165557,10.1080/23744235.2026.2672635,"A comparative analysis of pediatric Klebsiella oxytoca and Klebsiella pneumoniae bacteremia: clinical characteristics, antimicrobial susceptibility, and outcomes.",microbiome-inflammaging,metadata_only_needs_classification,human,E,retired_from_active_findings,title_topic_signal_missing,2026-09-13,Git history and prior public-data snapshots
finding-pubmed-42168641,pubmed-42168641,42168641,10.1038/s41574-026-01258-5,Causes and consequences of discontinuation of GLP1RAs or tirzepatide.,glp1-weight-cardiometabolic,narrative_review,human,E,retired_from_active_findings,topic_capacity_limit,2026-09-13,Git history and prior public-data snapshots
finding-pubmed-42171094,pubmed-42171094,42171094,10.1111/phn.70134,Analyzing Frailty Trajectories and Predictive Factors in Older Chinese Adults: A Group-Based Trajectory Modeling.,physical-activity-healthspan,metadata_only_needs_classification,human,E,retired_from_active_findings,title_topic_signal_missing,2026-09-13,Git history and prior public-data snapshots
finding-pubmed-42171541,pubmed-42171541,42171541,10.1016/j.jchf.2026.103151,"Refining the Definition for ""Low Risk"" in Pulmonary Arterial Hypertension: Time to Reduce Morbidity and Mortality.",blood-pressure-aging,metadata_only_needs_classification,human,C,retired_from_active_findings,topic_scope_mismatch,2026-09-13,Git history and prior public-data snapshots
finding-pubmed-42171681,pubmed-42171681,42171681,10.1007/s40618-026-02891-7,GLP-1 receptor agonists in metabolic dysfunction-associated steatotic liver disease: mechanistic networks and translational implications: a review.,glp1-weight-cardiometabolic,narrative_review,human,E,retired_from_active_findings,topic_capacity_limit,2026-09-13,Git history and prior public-data snapshots
finding-pubmed-42172727,pubmed-42172727,42172727,10.1016/j.ijmedinf.2026.106489,Development and validation of an interpretable machine learning model for early risk prediction of acute myocardial infarction.,ldl-apob-cardiovascular-risk,human_cohort,human,C,retired_from_active_findings,title_topic_signal_missing,2026-09-13,Git history and prior public-data snapshots
finding-pubmed-42173315,pubmed-42173315,42173315,10.1016/j.jand.2026.156377,Both Empirical Dietary Patterns and the 2018 World Cancer Research Fund/American Institute for Cancer Research Score Are Associated With Adiposity in Older Adults in New Zealand.,dietary-pattern-longevity,metadata_only_needs_classification,human,E,retired_from_active_findings,topic_capacity_limit,2026-09-13,Git history and prior public-data snapshots
finding-pubmed-42173549,pubmed-42173549,42173549,10.1097/PSY.0000000000001500,Perceived Social Cohesion Moderates the Association Between Neighborhood Socioeconomic Deprivation and Epigenetic Aging.,epigenetic-clocks,metadata_only_needs_classification,human,E,retired_from_active_findings,title_topic_signal_missing,2026-09-13,Git history and prior public-data snapshots
finding-pubmed-42173738,pubmed-42173738,42173738,10.1016/j.hlc.2026.02.023,Does a Digital Prehabilitation Solution Informed by Evidence-Based Interventions Reduce the Healthcare Burden and Improve Outcomes for Patients Awaiting Cardiac Surgery?-A Systematic Review.,physical-activity-healthspan,systematic_review_or_meta_analysis,human,E,retired_from_active_findings,title_topic_signal_missing,2026-09-13,Git history and prior public-data snapshots
finding-pubmed-42176392,pubmed-42176392,42176392,10.1016/j.sleep.2026.109019,Protocol for Nuestro Sueño: A randomized trial of a couples-based intervention to improve PAP adherence and sleep health among Hispanic patients beginning positive airway pressure (PAP) and their partners.,sleep-aging,protocol_or_registered_plan,human,E,retired_from_active_findings,protocol_or_registered_plan,2026-09-13,Git history and prior public-data snapshots
finding-pubmed-42176453,pubmed-42176453,42176453,10.1016/j.canep.2026.103114,Serum metabolites related to ultra-processed food intake in association with mortality: A prospective cohort study in the UK biobank.,dietary-pattern-longevity,human_cohort,human,B,retired_from_active_findings,topic_capacity_limit,2026-09-13,Git history and prior public-data snapshots
finding-pubmed-42176727,pubmed-42176727,42176727,10.1016/j.envpol.2026.128407,"Artificial UVC-aging process aggravates the toxicity of polystyrene microplastics to zebrafish, especially females.",microbiome-inflammaging,metadata_only_needs_classification,human,E,retired_from_active_findings,title_topic_signal_missing,2026-09-13,Git history and prior public-data snapshots
finding-pubmed-42183183,pubmed-42183183,42183183,10.1016/j.athplu.2026.100569,Expert consensus on Lipoprotein(a) in the Gulf countries: Navigating cardiovascular risk and therapeutic advances.,ldl-apob-cardiovascular-risk,metadata_only_needs_classification,human,E,retired_from_active_findings,title_topic_signal_missing,2026-09-13,Git history and prior public-data snapshots
finding-pubmed-42184952,pubmed-42184952,42184952,10.1016/j.jjcc.2026.05.010,Cheyne-Stokes respiration screening using cyclic variation in heart rate detected by Holter electrocardiogram.,sleep-aging,metadata_only_needs_classification,human,E,retired_from_active_findings,title_topic_signal_missing,2026-09-13,Git history and prior public-data snapshots
finding-pubmed-42194879,pubmed-42194879,42194879,10.3390/jcm15103918,The Autophagy-Inflammation Axis in Kawasaki Disease: Pathogenic Mechanisms and Translational Opportunities.,autophagy-mitophagy,narrative_review,human,C,retired_from_active_findings,topic_scope_mismatch,2026-09-13,Git history and prior public-data snapshots
finding-pubmed-42199076,pubmed-42199076,42199076,10.1097/MCP.0000000000001287,Association between upper airway obstruction and pulmonary hypertension in children with Down syndrome.,sleep-aging,narrative_review,human,E,retired_from_active_findings,title_topic_signal_missing,2026-09-13,Git history and prior public-data snapshots
finding-pubmed-42202908,pubmed-42202908,42202908,10.1016/j.jaip.2026.05.022,Risk Factors for Secondary Immunodeficiency in the Aged.,microbiome-inflammaging,narrative_review,human,E,retired_from_active_findings,title_topic_signal_missing,2026-09-13,Git history and prior public-data snapshots
finding-pubmed-42204218,pubmed-42204218,42204218,10.1038/s41598-026-54703-w,Gene deletion of Klotho in the dentate gyrus does not affect the number of adult-born granule cells.,klotho-il11-aging,animal_study,mouse,D,retired_from_active_findings,topic_scope_mismatch,2026-09-13,Git history and prior public-data snapshots
finding-pubmed-42208490,pubmed-42208490,42208490,10.1016/j.sleep.2026.109023,Sodium-relevant comorbidity risk factors are highly prevalent in individuals with narcolepsy or idiopathic hypersomnia.,sleep-aging,metadata_only_needs_classification,human,E,retired_from_active_findings,title_topic_signal_missing,2026-09-13,Git history and prior public-data snapshots
finding-pubmed-42208534,pubmed-42208534,42208534,10.1016/j.cmet.2026.05.002,Pro-aging effects of chronic glucocorticoid signaling.,autophagy-mitophagy,narrative_review,cell,E,retired_from_active_findings,title_topic_signal_missing,2026-09-13,Git history and prior public-data snapshots
finding-pubmed-42208846,pubmed-42208846,42208846,10.1016/j.exer.2026.111090,Mitochondrial transplantation protects the retinal pigment epithelial cells from the oxidative stress induced by NaIO(3).,autophagy-mitophagy,metadata_only_needs_classification,human,E,retired_from_active_findings,title_topic_signal_missing,2026-09-13,Git history and prior public-data snapshots
finding-pubmed-42208907,pubmed-42208907,42208907,10.1016/j.jaci.2026.05.015,Skin aging: Mechanistic insights and targeted therapeutic strategies.,microbiome-inflammaging,narrative_review,human,E,retired_from_active_findings,title_topic_signal_missing,2026-09-13,Git history and prior public-data snapshots
finding-pubmed-42210512,pubmed-42210512,42210512,10.1002/ps.70934,Silencing LsAtg8 reduces female fecundity and elevates Wolbachia density in embryos of the rice planthopper Laodelphax striatellus.,autophagy-mitophagy,metadata_only_needs_classification,human,E,retired_from_active_findings,title_topic_signal_missing,2026-09-13,Git history and prior public-data snapshots
finding-pubmed-42211736,pubmed-42211736,42211736,10.3389/fragi.2026.1773667,"Nicotinamide riboside and pterostilbene reduces frequency and severity of undesirable symptoms of the menopause transition: an open-label, pilot clinical trial.",nad-nmn-nr-aging,human_randomized_or_clinical_trial,human,C,retired_from_active_findings,topic_scope_mismatch,2026-09-13,Git history and prior public-data snapshots
finding-pubmed-42212393,pubmed-42212393,42212393,10.1161/STROKEAHA.126.055632,Intensive Versus Conventional Blood Pressure Lowering After Successful Endovascular Thrombectomy: OPTIMAL-BP 1-Year Outcomes.,blood-pressure-aging,human_randomized_or_clinical_trial,human,C,retired_from_active_findings,topic_scope_mismatch,2026-09-13,Git history and prior public-data snapshots
finding-pubmed-42214766,pubmed-42214766,42214766,10.1016/j.bcp.2026.118110,Analyses of orphan GPCRs' function in the pathogenesis of sepsis and their small-molecule therapeutics.,physical-activity-healthspan,narrative_review,human,E,retired_from_active_findings,title_topic_signal_missing,2026-09-13,Git history and prior public-data snapshots
finding-pubmed-42216231,pubmed-42216231,42216231,10.1186/s13098-026-02195-z,Metformin versus DPP-4 inhibitors and risk of parkinsonism in type 2 diabetes: an active-comparator cohort study with a landmark design.,metformin-aging,human_cohort,human,B,retired_from_active_findings,topic_scope_mismatch,2026-09-13,Git history and prior public-data snapshots
finding-pubmed-42217268,pubmed-42217268,42217268,10.1016/j.sleep.2026.109020,Exercise-derived autonomic recovery during CPAP therapy in coronary artery disease patients with OSA: Does sleepiness matter?,sleep-aging,metadata_only_needs_classification,human,E,retired_from_active_findings,topic_capacity_limit,2026-09-13,Git history and prior public-data snapshots
finding-pubmed-42217339,pubmed-42217339,42217339,10.1016/j.intimp.2026.116954,Codonopsis pilosula as the sovereign herb in Shenling Baizhu formula ameliorates DSS-induced ulcerative colitis via spermidine-AMPK-mediated mitophagy to inhibit the cGAS-STING inflammatory axis.,autophagy-mitophagy,animal_study,mouse,D,retired_from_active_findings,topic_scope_mismatch,2026-09-13,Git history and prior public-data snapshots
finding-pubmed-42217724,pubmed-42217724,42217724,10.1016/j.exer.2026.111094,"Murine models of neovascular AMD revisited: Mechanistic pathways, immune-metabolic crosstalk, and the impact of aging and sex.",epigenetic-clocks,animal_study,mouse,D,retired_from_active_findings,title_topic_signal_missing,2026-09-13,Git history and prior public-data snapshots
finding-pubmed-42219104,pubmed-42219104,42219104,10.1016/j.exer.2026.111095,From systemic disease to the eye: Why senescence deserves attention in ocular infections.,senolytics,narrative_review,human,E,retired_from_active_findings,title_topic_signal_missing,2026-09-13,Git history and prior public-data snapshots
finding-pubmed-42224998,pubmed-42224998,42224998,10.1016/j.intimp.2026.116939,IL-4/IL-13 signaling suppresses ABT-263-induced apoptosis in senescent human fibroblasts.,senolytics,metadata_only_needs_classification,human,E,retired_from_active_findings,title_topic_signal_missing,2026-09-13,Git history and prior public-data snapshots
finding-pubmed-42225197,pubmed-42225197,42225197,10.1016/j.critrevonc.2026.105413,Bile acids in the tumor immune microenvironment of hepatocellular carcinoma: Mechanisms of immunotherapy resistance and therapeutic opportunities.,microbiome-inflammaging,narrative_review,human,E,retired_from_active_findings,title_topic_signal_missing,2026-09-13,Git history and prior public-data snapshots
finding-pubmed-42228345,pubmed-42228345,42228345,10.1007/s40273-026-01621-4,Cost-Effectiveness and Budget-Impact Analysis of Semaglutide in Heart Failure with Preserved Ejection Fraction and Obesity in the German Health-Care System.,glp1-weight-cardiometabolic,metadata_only_needs_classification,human,E,retired_from_active_findings,topic_capacity_limit,2026-09-13,Git history and prior public-data snapshots
finding-pubmed-42230256,pubmed-42230256,42230256,10.1016/j.trecan.2026.05.003,The impact of aging on antitumor immunity and cancer immunotherapy.,microbiome-inflammaging,narrative_review,human,E,retired_from_active_findings,title_topic_signal_missing,2026-09-13,Git history and prior public-data snapshots
finding-pubmed-42231576,pubmed-42231576,42231576,10.1016/j.ymthe.2026.05.026,Nicotinamide riboside enhances adoptive T cell therapy by promoting memory differentiation and metabolic fitness.,nad-nmn-nr-aging,metadata_only_needs_classification,human,D,retired_from_active_findings,topic_scope_mismatch,2026-09-13,Git history and prior public-data snapshots
finding-pubmed-42233337,pubmed-42233337,42233337,10.1177/21532176261454487,Cost-Effectiveness of Access to Obesity Care and Treatments for Adolescents.,glp1-weight-cardiometabolic,metadata_only_needs_classification,human,E,retired_from_active_findings,title_topic_signal_missing,2026-09-13,Git history and prior public-data snapshots
finding-pubmed-42235230,pubmed-42235230,42235230,10.1016/j.foodchem.2026.149657,"Spermidine in food and health: biosynthesis, dietary sources, production, and biological functions.",autophagy-mitophagy,animal_study,animal,D,retired_from_active_findings,topic_scope_mismatch,2026-09-13,Git history and prior public-data snapshots
finding-pubmed-42235680,pubmed-42235680,42235680,10.1016/j.biochi.2026.05.008,Combined senolytics induce varied phenotypic and functional responses on senescent phenotypes of mesenchymal stromal cell populations.,senolytics,animal_study,mouse,D,retired_from_active_findings,topic_scope_mismatch,2026-09-13,Git history and prior public-data snapshots
finding-pubmed-42241752,pubmed-42241752,42241752,10.1016/j.psj.2026.107171,"Immediate and long-term effects of post-hatch feed deprivation on performance, intestinal morphology and nutrient metabolism in on-farm hatched broilers.",epigenetic-clocks,metadata_only_needs_classification,human,E,retired_from_active_findings,title_topic_signal_missing,2026-09-13,Git history and prior public-data snapshots
finding-pubmed-42241765,pubmed-42241765,42241765,10.1016/j.psj.2026.107182,"Influence of age on eggshell quality in ducks: An analysis based on calcium metabolism, gut microbiota, and uterine transcriptome.",microbiome-inflammaging,metadata_only_needs_classification,needs_review,E,retired_from_active_findings,topic_scope_mismatch,2026-09-13,Git history and prior public-data snapshots
finding-pubmed-42241920,pubmed-42241920,42241920,10.1016/j.infbeh.2026.102199,"Characterizing infant leg movements using 72-h wearable sensor data: Descriptive analysis from a large, heterogenous sample of infants 0-2 months of age from the HEALthy Brain and Child Development Study.",physical-activity-healthspan,metadata_only_needs_classification,human,E,retired_from_active_findings,title_topic_signal_missing,2026-09-13,Git history and prior public-data snapshots
finding-pubmed-42241923,pubmed-42241923,42241923,10.1016/j.jnha.2026.100893,Associations of oxidative balance score and sleep duration with cognitive impairment in aging adults: a prospective cohort study.,sleep-aging,human_cohort,human,C,retired_from_active_findings,topic_capacity_limit,2026-09-13,Git history and prior public-data snapshots
finding-pubmed-42242503,pubmed-42242503,42242503,10.1016/j.bcp.2026.118131,GLP-1R activation alleviated sepsis-induced cardiac dysfunction by modulating macrophage polarization via the STING/ P65 pathway.,glp1-weight-cardiometabolic,animal_study,mouse,D,retired_from_active_findings,nonhuman_record_in_human_outcome_topic,2026-09-13,Git history and prior public-data snapshots
finding-pubmed-42242955,pubmed-42242955,42242955,10.1016/j.ejim.2026.106962,Physical activity in older patients: Push your performance capacity to prevent and limit frailty!,physical-activity-healthspan,narrative_review,human,E,retired_from_active_findings,topic_capacity_limit,2026-09-13,Git history and prior public-data snapshots
finding-pubmed-42243007,pubmed-42243007,42243007,10.1016/j.ard.2026.05.014,Mitochondrial-impaired ductal epithelium fuels TLS formation in Sjögren's disease.,nad-nmn-nr-aging,animal_study,mouse,D,retired_from_active_findings,title_topic_signal_missing,2026-09-13,Git history and prior public-data snapshots
finding-pubmed-42244165,pubmed-42244165,42244165,10.1002/oby.70253,"Micro Doses, Macro Potential? Considerations for Microdosing Tirzepatide in Multi-Dose Pens.",glp1-weight-cardiometabolic,metadata_only_needs_classification,needs_review,E,retired_from_active_findings,topic_capacity_limit,2026-09-13,Git history and prior public-data snapshots
finding-pubmed-42247370,pubmed-42247370,42247370,10.1002/jmri.70376,Infant Brain Age Estimation With T1w/T2w Ratio MRI: A Myelination-Aware Deep Learning Approach.,epigenetic-clocks,metadata_only_needs_classification,human,E,retired_from_active_findings,title_topic_signal_missing,2026-09-13,Git history and prior public-data snapshots
finding-pubmed-42250076,pubmed-42250076,42250076,10.1007/s12325-026-03644-x,Once-Weekly Subcutaneous Semaglutide 2.4 mg Injection is Cost-Effective for Weight Management in Spain.,glp1-weight-cardiometabolic,metadata_only_needs_classification,human,E,retired_from_active_findings,topic_capacity_limit,2026-09-13,Git history and prior public-data snapshots
finding-pubmed-42250263,pubmed-42250263,42250263,10.1002/rmv.70172,Metformin for COVID-19: An Updated Systematic Review and Meta-Analysis of Randomized Controlled Trials.,metformin-aging,systematic_review_or_meta_analysis,human,B,retired_from_active_findings,topic_scope_mismatch,2026-09-13,Git history and prior public-data snapshots
finding-pubmed-42250338,pubmed-42250338,42250338,10.1016/j.smim.2026.102038,Chronic stress at the crossroads: Decoding the HPA-SAM-immune-gut axis in inflammatory bowel disease pathogenesis and therapeutics.,microbiome-inflammaging,narrative_review,human,E,retired_from_active_findings,title_topic_signal_missing,2026-09-13,Git history and prior public-data snapshots
finding-pubmed-42250782,pubmed-42250782,42250782,10.1016/j.freeradbiomed.2026.06.012,"Ferro-aging: A novel paradigm linking iron overload, lipid peroxidation and cellular senescence.",microbiome-inflammaging,narrative_review,cell,E,retired_from_active_findings,title_topic_signal_missing,2026-09-13,Git history and prior public-data snapshots
finding-pubmed-42251822,pubmed-42251822,42251822,10.1016/j.socscimed.2026.119432,Associations of current and birthplace region with immunity in later life in the health and retirement study.,microbiome-inflammaging,metadata_only_needs_classification,human,E,retired_from_active_findings,title_topic_signal_missing,2026-09-13,Git history and prior public-data snapshots
finding-pubmed-42252362,pubmed-42252362,42252362,10.1007/s00414-026-03866-2,Chronological age estimation using CpG methylation signatures in Pakistani population.,epigenetic-clocks,metadata_only_needs_classification,human,E,retired_from_active_findings,title_topic_signal_missing,2026-09-13,Git history and prior public-data snapshots
finding-pubmed-42259388,pubmed-42259388,42259388,10.1055/a-2891-4165,Endoscopic Sleeve Gastroplasty Versus Oral Semaglutide for Obesity: A Real-World Comparative Cohort Study.,glp1-weight-cardiometabolic,human_cohort,human,C,retired_from_active_findings,topic_capacity_limit,2026-09-13,Git history and prior public-data snapshots
finding-pubmed-42259718,pubmed-42259718,42259718,10.1016/j.hlc.2026.02.008,"Implementation of Evidence-Based, Person-Centered Alternative Delivery Models for Cardiac Rehabilitation in a Rural and Remote Population: The Country Heart Attack Prevention (CHAP) Project.",physical-activity-healthspan,human_cohort,human,B,retired_from_active_findings,title_topic_signal_missing,2026-09-13,Git history and prior public-data snapshots
finding-pubmed-42259958,pubmed-42259958,42259958,10.1007/s00414-026-03867-1,A dual-marker approach for forensic age prediction: integrating the salivary microbiome and antibiotic resistome.,microbiome-inflammaging,metadata_only_needs_classification,needs_review,E,retired_from_active_findings,topic_scope_mismatch,2026-09-13,Git history and prior public-data snapshots
finding-pubmed-42261654,pubmed-42261654,42261654,10.1093/jbcr/irag085,Age as a Determinant: Investigating the Efficacy of Laser Treatment Outcomes for Burn Hypertrophic Scar Across Age Cohorts.,microbiome-inflammaging,human_cohort,human,C,retired_from_active_findings,title_topic_signal_missing,2026-09-13,Git history and prior public-data snapshots
finding-pubmed-42264081,pubmed-42264081,42264081,10.1016/j.amjms.2026.06.009,Association between metabolic heterogeneity of obesity and biological aging among adults: a population-based study.,epigenetic-clocks,metadata_only_needs_classification,human,E,retired_from_active_findings,title_topic_signal_missing,2026-09-13,Git history and prior public-data snapshots
finding-pubmed-42268173,pubmed-42268173,42268173,10.1016/j.jcmg.2026.04.016,Prognostic Value of Tricuspid Regurgitation in Pulmonary Hypertension and Among the Different WHO Groups.,blood-pressure-aging,metadata_only_needs_classification,human,D,retired_from_active_findings,topic_scope_mismatch,2026-09-13,Git history and prior public-data snapshots
finding-pubmed-42269395,pubmed-42269395,42269395,10.1016/j.enzmictec.2026.110924,Bioactivity-oriented extraction of sea buckthorn flavonoids with enhanced β-galactosidase inhibition: A processing strategy for anti-aging functional food ingredients.,senolytics,metadata_only_needs_classification,cell,E,retired_from_active_findings,title_topic_signal_missing,2026-09-13,Git history and prior public-data snapshots
finding-pubmed-42269784,pubmed-42269784,42269784,10.1016/j.mad.2026.112210,Gut microbiota profiling in patients with bone fragility fracture and severe osteoarthritis: A pilot study.,microbiome-inflammaging,metadata_only_needs_classification,human,D,retired_from_active_findings,topic_scope_mismatch,2026-09-13,Git history and prior public-data snapshots
finding-pubmed-42270270,pubmed-42270270,42270270,10.1016/j.foodres.2026.119560,"Effects of rice aging on physicochemical properties, digestibility, and gut microbiota modulation of rice noodles.",microbiome-inflammaging,mechanistic_or_cell_study,human,E,retired_from_active_findings,topic_scope_mismatch,2026-09-13,Git history and prior public-data snapshots
finding-pubmed-42274209,pubmed-42274209,42274209,10.1158/1940-6207.CAPR-26-0072,"A Neural Network-Enabled, Enzymatic cfDNA Methylation Assay for Colorectal Cancer Early Detection.",ldl-apob-cardiovascular-risk,metadata_only_needs_classification,human,E,retired_from_active_findings,title_topic_signal_missing,2026-09-13,Git history and prior public-data snapshots
finding-pubmed-42275085,pubmed-42275085,42275085,10.1093/sleep/zsag159,Sleep duration associations with CSF-tissue coupling flexibility and circadian synchronization: an observational study of glymphatic-related dynamics.,sleep-aging,metadata_only_needs_classification,human,E,retired_from_active_findings,topic_capacity_limit,2026-09-13,Git history and prior public-data snapshots
finding-pubmed-42284759,pubmed-42284759,42284759,10.1016/j.intimp.2026.117022,Systematic review and meta-analysis of protective effects of quercetin in animal models of lung fibrosis and possible mechanism.,senolytics,systematic_review_or_meta_analysis,human,C,retired_from_active_findings,topic_scope_mismatch,2026-09-13,Git history and prior public-data snapshots
finding-pubmed-42285194,pubmed-42285194,42285194,10.1016/j.ymben.2026.102488,Development of a noncanonical redox cofactor platform in Saccharomyces cerevisiae.,nad-nmn-nr-aging,metadata_only_needs_classification,human,E,retired_from_active_findings,title_topic_signal_missing,2026-09-13,Git history and prior public-data snapshots
finding-pubmed-42288169,pubmed-42288169,42288169,10.1016/j.neubiorev.2026.106819,"AQP4-mediated glymphatic clearance: Sleep, neurodegeneration, and the translational gap.",sleep-aging,narrative_review,human,E,retired_from_active_findings,topic_capacity_limit,2026-09-13,Git history and prior public-data snapshots
finding-pubmed-42288204,pubmed-42288204,42288204,10.1016/j.exger.2026.113205,Sleep and aging: The role of DNA methylation.,sleep-aging,narrative_review,human,E,retired_from_active_findings,topic_capacity_limit,2026-09-13,Git history and prior public-data snapshots
finding-pubmed-42295772,pubmed-42295772,42295772,10.1001/jama.2026.8492,Lifestyle and Metformin Interventions and Risk of Multimorbidity in Adults With Prediabetes.,metformin-aging,human_randomized_or_clinical_trial,human,B,retired_from_active_findings,topic_scope_mismatch,2026-09-13,Git history and prior public-data snapshots
finding-pubmed-42296014,pubmed-42296014,42296014,10.1182/blood.2025031490,FAP-1 loss impairs megakaryocyte demarcation membrane system and platelet function with myelofibrosis-like features.,senolytics,mixed_human_and_animal_study,mixed_human_animal,D,retired_from_active_findings,title_topic_signal_missing,2026-09-13,Git history and prior public-data snapshots
finding-pubmed-42296845,pubmed-42296845,42296845,10.1016/j.smim.2026.102047,Interleukin-1-mediated inflammatory memory: Protective training or maladaptive tumor imprinting?,partial-reprogramming,narrative_review,human,E,retired_from_active_findings,title_topic_signal_missing,2026-09-13,Git history and prior public-data snapshots
finding-pubmed-42297735,pubmed-42297735,42297735,10.1111/dom.70908,Smartphone-Based Automated Basal Insulin Titration During Ramadan Fasting: Data From Adults With Type 2 Diabetes in Saudi Arabia.,time-restricted-eating,metadata_only_needs_classification,human,E,retired_from_active_findings,title_topic_signal_missing,2026-09-13,Git history and prior public-data snapshots
finding-pubmed-42297758,pubmed-42297758,42297758,10.1111/dom.71015,Electrospun Nanofiber Oral Thin Film Platform for Sublingual Peptide Delivery: A Promising Alternative to Conventional Semaglutide Formulations.,glp1-weight-cardiometabolic,metadata_only_needs_classification,human,E,retired_from_active_findings,topic_capacity_limit,2026-09-13,Git history and prior public-data snapshots
finding-pubmed-42297761,pubmed-42297761,42297761,10.1111/dom.71017,Temporal Trends and Clinical Characteristics of Incretin-Based Therapy Use in Women With Polycystic Ovary Syndrome: A Real-World Cohort Study From a Polish Private Healthcare Network.,glp1-weight-cardiometabolic,human_cohort,human,C,retired_from_active_findings,title_topic_signal_missing,2026-09-13,Git history and prior public-data snapshots
finding-pubmed-42298328,pubmed-42298328,42298328,10.1097/SLA.0000000000007121,GLP-1 Receptor Agonists versus Bariatric Surgery in Breast Cancer: A Comparative Study of Oncologic Outcomes.,microbiome-inflammaging,metadata_only_needs_classification,human,E,retired_from_active_findings,title_topic_signal_missing,2026-09-13,Git history and prior public-data snapshots
finding-pubmed-42302405,pubmed-42302405,42302405,10.1097/HTR.0000000000001185,"Response to Letter to the Editor: ""Assessing Task-Dependent Neurophysiology During Virtual Reality Treadmill Training in Adults With Traumatic Brain Injury: A Functional Near-Infrared Spectroscopy Feasibility Study"".",physical-activity-healthspan,metadata_only_needs_classification,human,E,retired_from_active_findings,title_topic_signal_missing,2026-09-13,Git history and prior public-data snapshots
finding-pubmed-42302955,pubmed-42302955,42302955,10.1016/j.neubiorev.2026.106820,"Aging in autism: A systematic review of cognitive, neural, and physical health findings.",blood-pressure-aging,systematic_review_or_meta_analysis,human,A,retired_from_active_findings,title_topic_signal_missing,2026-09-13,Git history and prior public-data snapshots
finding-pubmed-42302979,pubmed-42302979,42302979,10.1053/j.ajkd.2026.04.007,Comparison of Specific Glucagon-Like Peptide-1 Receptor Agonists on Kidney Outcomes Among Patients With Type 2 Diabetes.,glp1-weight-cardiometabolic,metadata_only_needs_classification,human,E,retired_from_active_findings,title_topic_signal_missing,2026-09-13,Git history and prior public-data snapshots
finding-pubmed-42303274,pubmed-42303274,42303274,10.1111/dom.70991,Tirzepatide for Obesity in Adults ≥ 65 Years: A Post Hoc Analysis of the SURMOUNT and SUMMIT Clinical Trials.,glp1-weight-cardiometabolic,metadata_only_needs_classification,human,E,retired_from_active_findings,topic_capacity_limit,2026-09-13,Git history and prior public-data snapshots
finding-pubmed-42304075,pubmed-42304075,42304075,10.1038/s41598-026-57552-9,Sublingual NMN administration increases early circulating terminal catabolites 2PY and 4PY compared with oral administration in healthy adult men.,nad-nmn-nr-aging,metadata_only_needs_classification,human,E,retired_from_active_findings,topic_scope_mismatch,2026-09-13,Git history and prior public-data snapshots
finding-pubmed-42304162,pubmed-42304162,42304162,10.1111/acel.70590,"Human iPSC-NSC-Derived Extracellular Vesicles Can Alleviate Alzheimer's Disease-Linked Impairments in Mitochondria, mTOR Signaling, Autophagy, and Hippocampal Neurogenesis.",rapamycin-mtor-aging,animal_study,mouse,D,retired_from_active_findings,topic_scope_mismatch,2026-09-13,Git history and prior public-data snapshots
finding-pubmed-42304171,pubmed-42304171,42304171,10.1111/dom.70957,Comparative Effects of Antidiabetic Drugs on Body Composition: A Systematic Review and Network Meta-Analysis.,glp1-weight-cardiometabolic,systematic_review_or_meta_analysis,human,E,retired_from_active_findings,title_topic_signal_missing,2026-09-13,Git history and prior public-data snapshots
finding-pubmed-42304551,pubmed-42304551,42304551,10.1111/dom.70899,Cardiovascular Outcomes in a SELECT-Like Obesity Cohort: Real-World Insights From the Swedish AROS Database.,glp1-weight-cardiometabolic,human_cohort,human,B,retired_from_active_findings,title_topic_signal_missing,2026-09-13,Git history and prior public-data snapshots
finding-pubmed-42305028,pubmed-42305028,42305028,10.1111/dom.70987,How the First 9 Months Shape the Rest of Your Life: The Impact of Gestational Diabetes on the Metabolic Future.,metformin-aging,narrative_review,human,E,retired_from_active_findings,title_topic_signal_missing,2026-09-13,Git history and prior public-data snapshots
finding-pubmed-42305882,pubmed-42305882,42305882,10.1016/j.ijcrp.2026.200657,Lipoprotein(a) and premature myocardial infarction: Mechanistic insights and implications for PCI-era residual risk.,ldl-apob-cardiovascular-risk,narrative_review,human,E,retired_from_active_findings,title_topic_signal_missing,2026-09-13,Git history and prior public-data snapshots
finding-pubmed-42306200,pubmed-42306200,42306200,10.1016/j.aninu.2026.01.010,Echinacea purpurea polysaccharides regulate the intestinal microbiota and enhance immune function in broilers.,microbiome-inflammaging,human_randomized_or_clinical_trial,human,B,retired_from_active_findings,topic_scope_mismatch,2026-09-13,Git history and prior public-data snapshots
finding-pubmed-42308740,pubmed-42308740,42308740,10.1016/j.psj.2026.107259,Preventive effects and underlying mechanisms of Ilex rotunda Thunb.-Cyperus rotundus L. herb pair extract on avian colibacillosis in chickens.,microbiome-inflammaging,metadata_only_needs_classification,human,E,retired_from_active_findings,title_topic_signal_missing,2026-09-13,Git history and prior public-data snapshots
finding-pubmed-42309121,pubmed-42309121,42309121,10.1016/S2213-8587(26)00030-6,"1-year outcomes of semaglutide, tirzepatide, and sleeve gastrectomy in obesity in type 2 diabetes: a retrospective cohort study.",glp1-weight-cardiometabolic,human_cohort,human,C,retired_from_active_findings,topic_capacity_limit,2026-09-13,Git history and prior public-data snapshots
finding-pubmed-42310900,pubmed-42310900,42310900,10.1111/dom.70986,Pharmacotherapy for Children and Adolescents With Overweight or Obesity: A Systematic Review and Network Meta-Analysis of Randomized Controlled Trials.,glp1-weight-cardiometabolic,systematic_review_or_meta_analysis,human,E,retired_from_active_findings,title_topic_signal_missing,2026-09-13,Git history and prior public-data snapshots
finding-pubmed-42312951,pubmed-42312951,42312951,10.1158/1055-9965.EPI-26-0590,The Impact of Adherence to Cancer Prevention Recommendations on Cancer Incidence and Mortality in a Cohort of Canadian Adults.,physical-activity-healthspan,human_cohort,human,B,retired_from_active_findings,title_topic_signal_missing,2026-09-13,Git history and prior public-data snapshots
finding-pubmed-42315078,pubmed-42315078,42315078,10.1016/j.bcp.2026.118172,Semaglutide exerts anti-pulmonary fibrosis effects by inhibiting cellular senescence through activation of the Sirt1/HSF1/HSPs pathway.,glp1-weight-cardiometabolic,animal_study,mouse,D,retired_from_active_findings,nonhuman_record_in_human_outcome_topic,2026-09-13,Git history and prior public-data snapshots
finding-pubmed-42315124,pubmed-42315124,42315124,10.1093/sleep/zsag155,Quantification of ventilatory control in sleep apnea: from physiological insight to computable loop gain.,sleep-aging,narrative_review,human,E,retired_from_active_findings,topic_capacity_limit,2026-09-13,Git history and prior public-data snapshots
finding-pubmed-42320555,pubmed-42320555,42320555,10.1016/j.metabol.2026.156679,Dynamic regulation of circulating endotrophin by changes in fat mass in humans.,caloric-restriction-human,human_randomized_or_clinical_trial,human,C,retired_from_active_findings,title_topic_signal_missing,2026-09-13,Git history and prior public-data snapshots
finding-pubmed-42320622,pubmed-42320622,42320622,10.1016/j.jhepr.2026.101932,Alcohol intake reprograms hepatic immune-metabolic circuits to exacerbate murine atherosclerosis and human cardiovascular risk.,microbiome-inflammaging,mixed_human_and_animal_study,mixed_human_animal,D,retired_from_active_findings,title_topic_signal_missing,2026-09-13,Git history and prior public-data snapshots
finding-pubmed-42322814,pubmed-42322814,42322814,10.1016/j.bbrc.2026.154179,Piperlongumine attenuates knee osteoarthritis progression by eliminating senescent meniscus cells and chondrocytes.,senolytics,animal_study,animal,D,retired_from_active_findings,title_topic_signal_missing,2026-09-13,Git history and prior public-data snapshots
finding-pubmed-42327979,pubmed-42327979,42327979,10.1016/j.gendis.2025.101886,The therapeutic effect of nicotinamide riboside chloride on ameliorating alcohol-induced neuronal damage with a focus on mitochondrial unfolded protein response and mitophagy.,nad-nmn-nr-aging,mechanistic_or_cell_study,human,E,retired_from_active_findings,topic_scope_mismatch,2026-09-13,Git history and prior public-data snapshots
finding-pubmed-42329390,pubmed-42329390,42329390,10.1007/s00535-026-02442-0,Prevalence and incidence of chronic kidney disease in patients with primary biliary cholangitis.,blood-pressure-aging,metadata_only_needs_classification,human,E,retired_from_active_findings,title_topic_signal_missing,2026-09-13,Git history and prior public-data snapshots
finding-pubmed-42329656,pubmed-42329656,42329656,10.1001/jamapediatrics.2026.2248,Obesity Management Pharmacotherapies and Lifestyle Treatment for Pediatric Obesity Management: A Systematic Review and Network Meta-Analysis.,glp1-weight-cardiometabolic,systematic_review_or_meta_analysis,human,E,retired_from_active_findings,title_topic_signal_missing,2026-09-13,Git history and prior public-data snapshots
finding-pubmed-42331709,pubmed-42331709,42331709,10.1016/j.numecd.2026.104752,Metabolic dysfunction-associated fatty liver disease and cardiac remodeling in non-ischemic dilated cardiomyopathy.,blood-pressure-aging,metadata_only_needs_classification,human,E,retired_from_active_findings,title_topic_signal_missing,2026-09-13,Git history and prior public-data snapshots
finding-pubmed-42331842,pubmed-42331842,42331842,10.1038/s41467-026-74698-2,AOC1 regulates labor initiation through spermidine-induced autophagy of placental trophoblast cells via EIF5A hypusination.,autophagy-mitophagy,animal_study,mouse,D,retired_from_active_findings,topic_scope_mismatch,2026-09-13,Git history and prior public-data snapshots
finding-pubmed-42333946,pubmed-42333946,42333946,10.1111/acel.70601,Humanin Mitigates Aβ-Induced Retinal Pigment Epithelium Injury via AMPK-Beclin1-Dependent Mitophagy.,autophagy-mitophagy,mechanistic_or_cell_study,cell,D,retired_from_active_findings,topic_scope_mismatch,2026-09-13,Git history and prior public-data snapshots
finding-pubmed-42334798,pubmed-42334798,42334798,10.1007/s12325-026-03667-4,Peripheral and Autonomic Diabetic Neuropathy and Their Additive Risk of Major Adverse Liver Outcomes in Type 2 Diabetes.,blood-pressure-aging,human_cohort,human,C,retired_from_active_findings,title_topic_signal_missing,2026-09-13,Git history and prior public-data snapshots
finding-pubmed-42334799,pubmed-42334799,42334799,10.1007/s12325-026-03660-x,Experience with Tirzepatide and Weight Management During and After a Clinical Trial in Japanese Patients with Obesity Disease: A Qualitative Study.,glp1-weight-cardiometabolic,metadata_only_needs_classification,human,E,retired_from_active_findings,topic_capacity_limit,2026-09-13,Git history and prior public-data snapshots
finding-pubmed-42335631,pubmed-42335631,42335631,10.1016/j.jss.2026.05.057,Discharge Opioid Dosing and New Opioid Use Disorder After Elective Surgery in Opioid-Naive Adults: An Emulated Target Trial.,blood-pressure-aging,human_cohort,human,C,retired_from_active_findings,title_topic_signal_missing,2026-09-13,Git history and prior public-data snapshots
finding-pubmed-42335659,pubmed-42335659,42335659,10.1016/j.bbrc.2026.154183,CIRBP maintains skeletal muscle mitochondrial energy homeostasis via mt-ATP6 to ameliorate sarcopenia.,resistance-training-muscle,animal_study,mouse,D,retired_from_active_findings,topic_scope_mismatch,2026-09-13,Git history and prior public-data snapshots
finding-pubmed-42336149,pubmed-42336149,42336149,10.1016/j.jhin.2026.06.015,Bacillus-based biocontrol strategy for Pseudomonas aeruginosa-contaminated intensive care unit sink drains: a proof-of-concept study.,microbiome-inflammaging,metadata_only_needs_classification,human,E,retired_from_active_findings,title_topic_signal_missing,2026-09-13,Git history and prior public-data snapshots
finding-pubmed-42338042,pubmed-42338042,42338042,10.1111/dom.71032,Hepatic Safety of Orforglipron in Adults With Obesity or Overweight and/or Type 2 Diabetes: A Pooled Analysis of the Orforglipron Phase 3 Clinical Trials.,glp1-weight-cardiometabolic,human_randomized_or_clinical_trial,human,C,retired_from_active_findings,title_topic_signal_missing,2026-09-13,Git history and prior public-data snapshots
finding-pubmed-42338596,pubmed-42338596,42338596,10.3389/fimmu.2026.1850303,TPPU protects against seizures and seizure-associated comorbidities by inhibiting the Akt/mTOR signaling pathway in KA-induced convulsant mice.,rapamycin-mtor-aging,animal_study,mouse,D,retired_from_active_findings,topic_scope_mismatch,2026-09-13,Git history and prior public-data snapshots
finding-pubmed-42340094,pubmed-42340094,42340094,10.1002/clc.70393,Evaluate the Prognostic Value of serumγKlotho on Long-Term Prognosis of Patients With Multivessel Coronary Artery Disease and Establish a Prognostic Model.,klotho-il11-aging,metadata_only_needs_classification,human,D,retired_from_active_findings,topic_scope_mismatch,2026-09-13,Git history and prior public-data snapshots
finding-pubmed-42341521,pubmed-42341521,42341521,10.1016/j.phymed.2026.158453,Icariin ameliorates sarcopenia via activation of the estrogen receptor α/fatty acid transport protein 1 pathway.,rapamycin-mtor-aging,animal_study,mouse,D,retired_from_active_findings,title_topic_signal_missing,2026-09-13,Git history and prior public-data snapshots
finding-pubmed-42341529,pubmed-42341529,42341529,10.1016/j.phymed.2026.158462,Lithospermic acid-induced gut microbiota remodeling alleviates intraplaque inflammation.,microbiome-inflammaging,animal_study,mouse,D,retired_from_active_findings,topic_scope_mismatch,2026-09-13,Git history and prior public-data snapshots
finding-pubmed-42341613,pubmed-42341613,42341613,10.1016/j.jss.2026.05.045,Risk Factors for Adverse Drug Reactions of Augmented Mean Arterial Pressure Management After Spinal Cord Injury.,blood-pressure-aging,human_cohort,human,B,retired_from_active_findings,title_topic_signal_missing,2026-09-13,Git history and prior public-data snapshots
finding-pubmed-42342009,pubmed-42342009,42342009,10.1016/j.amjcard.2026.06.015,Semaglutide for the Silent Phenotype: A Translational Signal in Obesity-Driven HFpEF.,glp1-weight-cardiometabolic,systematic_review_or_meta_analysis,human,E,retired_from_active_findings,topic_capacity_limit,2026-09-13,Git history and prior public-data snapshots
finding-pubmed-42342093,pubmed-42342093,42342093,10.1016/j.exger.2026.113215,Dihydromyricetin alleviates immunosenescence by modulating the TAK1/MAP3K7 Axis.,microbiome-inflammaging,metadata_only_needs_classification,human,E,retired_from_active_findings,title_topic_signal_missing,2026-09-13,Git history and prior public-data snapshots
finding-pubmed-42344918,pubmed-42344918,42344918,10.3389/fimmu.2026.1819805,Implications of systolic pulmonary artery pressure trajectories in systemic lupus erythematosus-associated pulmonary hypertension: a CSTAR-PAH cohort study.,blood-pressure-aging,human_cohort,human,B,retired_from_active_findings,topic_scope_mismatch,2026-09-13,Git history and prior public-data snapshots
finding-pubmed-42345544,pubmed-42345544,42345544,10.1093/ajh/hpag066,Estimated pulse wave velocity predicts outcomes after acute ischemic stroke: a multinational cohort analysis.,blood-pressure-aging,human_cohort,human,B,retired_from_active_findings,title_topic_signal_missing,2026-09-13,Git history and prior public-data snapshots
finding-pubmed-42347906,pubmed-42347906,42347906,10.1007/s40618-026-02932-1,Gut microbiota dysbiosis and short-chain fatty acid alterations in pediatric new-onset type 1 diabetes with ketoacidosis.,microbiome-inflammaging,metadata_only_needs_classification,human,E,retired_from_active_findings,topic_scope_mismatch,2026-09-13,Git history and prior public-data snapshots
finding-pubmed-42348390,pubmed-42348390,42348390,10.1152/function.017.2026,Cellular senescence links muscle atrophy and posttraumatic osteoarthritis after ACL injury.,senolytics,metadata_only_needs_classification,human,D,retired_from_active_findings,topic_scope_mismatch,2026-09-13,Git history and prior public-data snapshots
finding-pubmed-42348593,pubmed-42348593,42348593,10.1097/MCO.0000000000001242,Nutrition in cirrhosis: bridging guidelines and practice in hepatic disease.,physical-activity-healthspan,narrative_review,human,E,retired_from_active_findings,title_topic_signal_missing,2026-09-13,Git history and prior public-data snapshots
finding-pubmed-42348726,pubmed-42348726,42348726,10.1097/NRL.0000000000000666,Acute Spinal Cord Infarct Secondary to Fibrocartilaginous Embolism Treated With Tenecteplase.,blood-pressure-aging,metadata_only_needs_classification,human,E,retired_from_active_findings,title_topic_signal_missing,2026-09-13,Git history and prior public-data snapshots
finding-pubmed-42350670,pubmed-42350670,42350670,10.1007/s00125-026-06779-2,Metabolic state determines the brain and direct islet effects of liraglutide on enhanced insulin secretion.,glp1-weight-cardiometabolic,animal_study,mouse,D,retired_from_active_findings,nonhuman_record_in_human_outcome_topic,2026-09-13,Git history and prior public-data snapshots
finding-pubmed-42357990,pubmed-42357990,42357990,10.1097/DAD.0000000000003336,Dermal Interstitial Glycogenosis and Stromal Senescence-Associated Marker Expression in Fibrofolliculomas: Implications for Pathogenesis and mTOR-Targeted Therapy.,rapamycin-mtor-aging,metadata_only_needs_classification,human,E,retired_from_active_findings,topic_scope_mismatch,2026-09-13,Git history and prior public-data snapshots
finding-pubmed-42360509,pubmed-42360509,42360509,10.1007/s00726-026-03542-0,Effects of taurine on skeletal muscle in senescence-accelerated mice and C2C12 myoblasts and myotubes.,autophagy-mitophagy,animal_study,mouse,D,retired_from_active_findings,topic_scope_mismatch,2026-09-13,Git history and prior public-data snapshots
finding-pubmed-42361830,pubmed-42361830,42361830,10.1016/S2213-8587(26)00119-1,Intermittent fasting to treat diabetes: time to update clinical practice guidelines.,time-restricted-eating,narrative_review,human,E,retired_from_active_findings,topic_capacity_limit,2026-09-13,Git history and prior public-data snapshots
finding-pubmed-42362108,pubmed-42362108,42362108,10.1016/j.neurad.2026.101583,First-pass reperfusion after endovascular thrombectomy: a real-world analysis with explainable machine learning for intra-procedural decision support.,blood-pressure-aging,metadata_only_needs_classification,human,E,retired_from_active_findings,title_topic_signal_missing,2026-09-13,Git history and prior public-data snapshots
finding-pubmed-42362467,pubmed-42362467,42362467,10.1016/j.tibs.2026.06.001,Metabolic control of RNA splicing by polyamines.,autophagy-mitophagy,metadata_only_needs_classification,needs_review,E,retired_from_active_findings,title_topic_signal_missing,2026-09-13,Git history and prior public-data snapshots
finding-pubmed-42363074,pubmed-42363074,42363074,10.1186/s11658-026-00968-y,Mitigating nucleus pulposus cell senescence in intervertebral disk degeneration: the role of nodakenin in SIRT6 and PINK1/Parkin-associated mitophagy signaling.,autophagy-mitophagy,mechanistic_or_cell_study,cell,E,retired_from_active_findings,topic_scope_mismatch,2026-09-13,Git history and prior public-data snapshots
finding-pubmed-42364737,pubmed-42364737,42364737,10.1016/j.rmed.2026.109004,"The lung microbiome in hematopoietic stem cell transplantation: immune interactions, clinical consequences, and emerging interventions.",microbiome-inflammaging,narrative_review,human,E,retired_from_active_findings,topic_scope_mismatch,2026-09-13,Git history and prior public-data snapshots
finding-pubmed-42365820,pubmed-42365820,42365820,10.1016/j.medcli.2026.107500,Primary and secondary mesenteric panniculitis: A descriptive cohort study with clinical and prognostic implications.,microbiome-inflammaging,human_cohort,human,B,retired_from_active_findings,title_topic_signal_missing,2026-09-13,Git history and prior public-data snapshots
finding-pubmed-42366180,pubmed-42366180,42366180,10.1111/dom.71037,The Ageing Adipose Paradox: Implications for Metabolic Health.,senolytics,narrative_review,human,E,retired_from_active_findings,title_topic_signal_missing,2026-09-13,Git history and prior public-data snapshots
finding-pubmed-42367052,pubmed-42367052,42367052,10.1111/imj.70515,Crossover effect: causal machine learning reveals opposing mortality responses to mean arterial pressure targets among phenotypically distinct hypertensive patients with septic shock.,blood-pressure-aging,human_cohort,human,B,retired_from_active_findings,title_topic_signal_missing,2026-09-13,Git history and prior public-data snapshots
finding-pubmed-42367814,pubmed-42367814,42367814,10.3389/fimmu.2026.1825690,Cellular senescence in Crohn's disease: a double-edged sword in intestinal fibrosis.,senolytics,narrative_review,human,C,retired_from_active_findings,topic_scope_mismatch,2026-09-13,Git history and prior public-data snapshots
finding-pubmed-42368570,pubmed-42368570,42368570,10.1016/j.apsb.2026.03.050,Advanced drug delivery platforms targeting cellular senescence: A promising strategy for cancer therapy.,senolytics,narrative_review,human,C,retired_from_active_findings,topic_scope_mismatch,2026-09-13,Git history and prior public-data snapshots
finding-pubmed-42371397,pubmed-42371397,42371397,10.1007/s40263-026-01312-w,Impact of Omaveloxolone on Serum Lipids in Patients with Friedreich Ataxia: A 1-Year Real-World Analysis.,ldl-apob-cardiovascular-risk,metadata_only_needs_classification,human,E,retired_from_active_findings,title_topic_signal_missing,2026-09-13,Git history and prior public-data snapshots
finding-pubmed-42372238,pubmed-42372238,42372238,10.14336/AD.2026.0150,Targeting Cellular Senescence as a Therapeutic Strategy to Attenuate Pulmonary Fibrosis Associated with Metabolic Syndrome.,senolytics,animal_study,mouse,D,retired_from_active_findings,topic_scope_mismatch,2026-09-13,Git history and prior public-data snapshots
finding-pubmed-42372638,pubmed-42372638,42372638,10.1016/j.gerinurse.2026.104171,Perspectives on spatiotemporal and kinematic gait alterations and intrinsic capacity in Chinese older adults: An analysis of cross-sectional study by latent class analysis.,physical-activity-healthspan,metadata_only_needs_classification,human,E,retired_from_active_findings,title_topic_signal_missing,2026-09-13,Git history and prior public-data snapshots
finding-pubmed-42372926,pubmed-42372926,42372926,10.1016/j.exger.2026.113223,Gut microbial signature for frailty discrimination: a metagenomic meta-analysis of 28 independent cohorts.,microbiome-inflammaging,systematic_review_or_meta_analysis,human,A,retired_from_active_findings,title_topic_signal_missing,2026-09-13,Git history and prior public-data snapshots
finding-pubmed-42376629,pubmed-42376629,42376629,10.1016/j.crwh.2026.e00831,Obstetrical and medical outcomes following GLP-1 receptor agonist exposure in pregnancy: a case series.,glp1-weight-cardiometabolic,metadata_only_needs_classification,human,E,retired_from_active_findings,topic_capacity_limit,2026-09-13,Git history and prior public-data snapshots
finding-pubmed-42376726,pubmed-42376726,42376726,10.1111/scs.70292,"The Silent Crisis: Loneliness in Older Adults-A Critical Review of Impacts, Strategies and Path Forward.",physical-activity-healthspan,narrative_review,human,E,retired_from_active_findings,title_topic_signal_missing,2026-09-13,Git history and prior public-data snapshots
finding-pubmed-42376863,pubmed-42376863,42376863,10.1177/15578100261464019,Synergistic Geroprotectors Mapping through Systems Machine Learning and Graph Neural Networks.,autophagy-mitophagy,metadata_only_needs_classification,needs_review,E,retired_from_active_findings,title_topic_signal_missing,2026-09-13,Git history and prior public-data snapshots
finding-pubmed-42378199,pubmed-42378199,42378199,10.1111/jdi.70369,The prevalence of frailty and associated factors in patients with type 2 diabetes mellitus and coronary heart disease: A cross-sectional study.,sleep-aging,metadata_only_needs_classification,human,E,retired_from_active_findings,title_topic_signal_missing,2026-09-13,Git history and prior public-data snapshots
finding-pubmed-42378815,pubmed-42378815,42378815,10.1016/j.tranon.2026.102886,Mechanisms and advances of drug resistance in colorectal cancer: A systematic overview of multi-layered regulatory networks.,microbiome-inflammaging,narrative_review,human,E,retired_from_active_findings,title_topic_signal_missing,2026-09-13,Git history and prior public-data snapshots
finding-pubmed-42378850,pubmed-42378850,42378850,10.1016/j.tice.2026.103742,Spermidine mitigates glucocorticoid-induced bone osteoporosis by targeting oxidative stress and RANKL/OPG pathway.,autophagy-mitophagy,animal_study,animal,D,retired_from_active_findings,topic_scope_mismatch,2026-09-13,Git history and prior public-data snapshots
finding-pubmed-42381554,pubmed-42381554,42381554,10.1111/jdi.70374,Association between cardiometabolic risk factors cluster and all-cause mortality in type 2 diabetes.,blood-pressure-aging,metadata_only_needs_classification,human,E,retired_from_active_findings,title_topic_signal_missing,2026-09-13,Git history and prior public-data snapshots
finding-pubmed-42382663,pubmed-42382663,42382663,10.1016/j.obpill.2026.100290,"Micronutrient risk with GLP-1 receptor and dual incretin agonists in obesity: Mechanistic pathways, clinical signals, and a monitoring framework.",glp1-weight-cardiometabolic,narrative_review,human,E,retired_from_active_findings,topic_capacity_limit,2026-09-13,Git history and prior public-data snapshots
finding-pubmed-42382665,pubmed-42382665,42382665,10.1016/j.obpill.2026.100287,Subclinical left ventricular diastolic dysfunction in adults with overweight or obesity and preserved ejection fraction.,blood-pressure-aging,metadata_only_needs_classification,human,E,retired_from_active_findings,title_topic_signal_missing,2026-09-13,Git history and prior public-data snapshots
finding-pubmed-42383246,pubmed-42383246,42383246,10.1093/nargab/lqag068,An epigenetic clock for chronological age estimation in East Asian populations.,epigenetic-clocks,metadata_only_needs_classification,human,E,retired_from_active_findings,topic_scope_mismatch,2026-09-13,Git history and prior public-data snapshots
finding-pubmed-42385914,pubmed-42385914,42385914,10.1016/j.bbcan.2026.189654,Senescence in non-cancerous cells within the tumor: What is the real deal?,senolytics,narrative_review,human,E,retired_from_active_findings,title_topic_signal_missing,2026-09-13,Git history and prior public-data snapshots
finding-pubmed-42386393,pubmed-42386393,42386393,10.1136/dtb.2022.000065,Pharmacological treatment of polyendocrine metabolic ovarian syndrome in adults.,metformin-aging,narrative_review,human,E,retired_from_active_findings,title_topic_signal_missing,2026-09-13,Git history and prior public-data snapshots
finding-pubmed-42387174,pubmed-42387174,42387174,10.1111/joim.70133,Social jet lag is associated with incident cardiovascular disease independent of sleep duration and cardiac genetic risk.,sleep-aging,metadata_only_needs_classification,human,E,retired_from_active_findings,topic_capacity_limit,2026-09-13,Git history and prior public-data snapshots
finding-pubmed-42387302,pubmed-42387302,42387302,10.1111/dom.71062,Potential Mediators of Efpeglenatide's Cardiovascular Benefit: An Exploratory Analysis of the AMPLITUDE-O Trial.,blood-pressure-aging,human_randomized_or_clinical_trial,human,B,retired_from_active_findings,title_topic_signal_missing,2026-09-13,Git history and prior public-data snapshots
finding-pubmed-42387668,pubmed-42387668,42387668,10.1002/ccd.70714,Validation of the European Society of Cardiology Ischemic and Bleeding Risk Criteria for Risk Stratification After Endovascular Therapy in Japanese Patients With Lower Extremity Artery Disease.,blood-pressure-aging,metadata_only_needs_classification,human,E,retired_from_active_findings,title_topic_signal_missing,2026-09-13,Git history and prior public-data snapshots
finding-pubmed-42388102,pubmed-42388102,42388102,10.1097/HCO.0000000000001323,Rebooting blood vessel repair: implications of the SEMA-VR CardioLink-15 trial.,glp1-weight-cardiometabolic,narrative_review,cell,E,retired_from_active_findings,title_topic_signal_missing,2026-09-13,Git history and prior public-data snapshots
finding-pubmed-42389703,pubmed-42389703,42389703,10.3389/fnut.2026.1778338,The nutritional and health benefits of ready-to-eat-cereal consumption: an updated technical review of global evidence.,dietary-pattern-longevity,narrative_review,human,B,retired_from_active_findings,topic_capacity_limit,2026-09-13,Git history and prior public-data snapshots
finding-pubmed-42389730,pubmed-42389730,42389730,10.3389/fragi.2026.1842955,Resetting the epigenetic clock: cellular senescence and regenerative strategies in intervertebral disc degeneration.,senolytics,narrative_review,human,C,retired_from_active_findings,topic_scope_mismatch,2026-09-13,Git history and prior public-data snapshots
finding-pubmed-42390364,pubmed-42390364,42390364,10.1177/13872877261465913,Gut microbiota alterations in Alzheimer's disease and mild cognitive impairment: A systematic review and meta-analysis.,microbiome-inflammaging,systematic_review_or_meta_analysis,human,E,retired_from_active_findings,topic_scope_mismatch,2026-09-13,Git history and prior public-data snapshots
finding-pubmed-42390988,pubmed-42390988,42390988,10.2337/db26-0229,Females Are Completely Resistant to Semaglutide-Induced Muscle Loss in ob/ob Mice.,glp1-weight-cardiometabolic,animal_study,mouse,D,retired_from_active_findings,nonhuman_record_in_human_outcome_topic,2026-09-13,Git history and prior public-data snapshots
finding-pubmed-42391447,pubmed-42391447,42391447,10.1002/mc.70134,Acylglycerol Kinase Sensitizes Glioblastoma to Temozolomide via Limiting Mitochondrial Damage Related Cellular Senescence.,senolytics,metadata_only_needs_classification,human,E,retired_from_active_findings,topic_scope_mismatch,2026-09-13,Git history and prior public-data snapshots
finding-pubmed-42391673,pubmed-42391673,42391673,10.1016/j.tranon.2026.102902,"DAZAP2, regulated by miR-125b, contributes to inflammation-related non-small cell lung cancer progression.",microbiome-inflammaging,animal_study,animal,D,retired_from_active_findings,title_topic_signal_missing,2026-09-13,Git history and prior public-data snapshots
finding-pubmed-42392269,pubmed-42392269,42392269,10.1016/j.diabres.2026.113406,Cognitive frailty in diabetic patients: A visual analysis based on CiteSpace.,microbiome-inflammaging,narrative_review,human,E,retired_from_active_findings,title_topic_signal_missing,2026-09-13,Git history and prior public-data snapshots
finding-pubmed-42392921,pubmed-42392921,42392921,10.1016/j.medine.2026.502530,The place of the TAPSE/PASP in the diagnosis of right heart dysfunction in critically ill patients.,blood-pressure-aging,metadata_only_needs_classification,human,E,retired_from_active_findings,title_topic_signal_missing,2026-09-13,Git history and prior public-data snapshots
finding-pubmed-42393941,pubmed-42393941,42393941,10.1002/ccd.70725,Retrograde Balloon Pulmonary Angioplasty for Otherwise Uncrossable Lesions in Chronic Thromboembolic Pulmonary Hypertension.,blood-pressure-aging,metadata_only_needs_classification,human,E,retired_from_active_findings,topic_scope_mismatch,2026-09-13,Git history and prior public-data snapshots
finding-pubmed-42394266,pubmed-42394266,42394266,10.1093/ehjci/jeag174,Risk stratification in aortic stenosis: exercise haemodynamics to refine risk in early cardiac damage stages.,physical-activity-healthspan,metadata_only_needs_classification,human,E,retired_from_active_findings,topic_capacity_limit,2026-09-13,Git history and prior public-data snapshots
finding-pubmed-42394413,pubmed-42394413,42394413,10.1111/jdi.70363,Liraglutide combined with dapagliflozin treatment improves myocardial disease and endothelial dysfunction in T2DM mice.,glp1-weight-cardiometabolic,animal_study,mouse,D,retired_from_active_findings,nonhuman_record_in_human_outcome_topic,2026-09-13,Git history and prior public-data snapshots
finding-pubmed-42395350,pubmed-42395350,42395350,10.64898/2026.06.23.733858,mTOR drives cerebrovascular dysfunction and blood-brain barrier breakdown in a model of Alzheimer's disease with cerebral amyloid angiopathy.,rapamycin-mtor-aging,animal_study,mouse,C,retired_from_active_findings,topic_scope_mismatch,2026-09-13,Git history and prior public-data snapshots
finding-pubmed-42398272,pubmed-42398272,42398272,10.1016/j.nmd.2026.106485,Aquatic training improves muscle strength and functional mobility in adults with myotonic dystrophy type 1: a pilot randomized trial.,resistance-training-muscle,human_randomized_or_clinical_trial,human,B,retired_from_active_findings,topic_scope_mismatch,2026-09-13,Git history and prior public-data snapshots
finding-pubmed-42398378,pubmed-42398378,42398378,10.1016/j.gerinurse.2026.104169,Adherence to life's essential 8 and functional disability in older adults: Findings from the ELSI-Brazil study.,sleep-aging,metadata_only_needs_classification,human,E,retired_from_active_findings,title_topic_signal_missing,2026-09-13,Git history and prior public-data snapshots
finding-pubmed-42398811,pubmed-42398811,42398811,10.1016/j.trsl.2026.07.001,GLP-1 receptor agonists in ADPKD: from metabolic rationale to phenotype-enriched translational testing.,glp1-weight-cardiometabolic,narrative_review,human,E,retired_from_active_findings,topic_capacity_limit,2026-09-13,Git history and prior public-data snapshots
finding-pubmed-42400142,pubmed-42400142,42400142,10.1177/08901171261462604,"Supervised Exercise Interventions: Evidence, Outcomes, and Policy Implications for Chronic Disease Management.",physical-activity-healthspan,narrative_review,human,E,retired_from_active_findings,topic_capacity_limit,2026-09-13,Git history and prior public-data snapshots
finding-pubmed-42400305,pubmed-42400305,42400305,10.1111/bph.70560,Glucagon-like peptide-1 improves vascular endothelial dysfunction in hypertensive mice via CREB-driven transcriptional regulation of long non-coding RNA 155383.,glp1-weight-cardiometabolic,animal_study,mouse,D,retired_from_active_findings,title_topic_signal_missing,2026-09-13,Git history and prior public-data snapshots
finding-pubmed-42400355,pubmed-42400355,42400355,10.1177/09612033261465925,"Association of systemic lupus erythematosus with 90-day readmission following heart failure hospitalization: A national readmission database (NRD) analysis, 2016-2017.",blood-pressure-aging,human_cohort,human,B,retired_from_active_findings,title_topic_signal_missing,2026-09-13,Git history and prior public-data snapshots
finding-pubmed-42400944,pubmed-42400944,42400944,10.2478/aite-2026-0016,"Heteronemin, a Scalarane Sesterterpenoid, Activates Apoptosis and Non-Apoptotic Ferroptosis and Inhibits Cytoprotective Autophagy in Oral Cancer Cells.",autophagy-mitophagy,mechanistic_or_cell_study,cell,D,retired_from_active_findings,topic_scope_mismatch,2026-09-13,Git history and prior public-data snapshots
finding-pubmed-42404028,pubmed-42404028,42404028,10.1016/j.ijcrp.2026.200664,"Accelerated biological aging, genetic susceptibility, and the risk of peripheral arterial disease: Evidence from the UK Biobank cohort study.",epigenetic-clocks,human_cohort,human,C,retired_from_active_findings,title_topic_signal_missing,2026-09-13,Git history and prior public-data snapshots
finding-pubmed-42407185,pubmed-42407185,42407185,10.1016/j.phymed.2026.158526,Deep learning of multiplexed mitochondrial morphology identified natural compound combinations against skin photoaging.,senolytics,animal_study,mouse,D,retired_from_active_findings,title_topic_signal_missing,2026-09-13,Git history and prior public-data snapshots
finding-pubmed-42407222,pubmed-42407222,42407222,10.1016/j.jamda.2026.106361,Nonlinear Associations Between Sleep Duration and Incident LTCI Certification in Older Adults: Findings From the Iwate-Kenpoku Cohort Study.,blood-pressure-aging,human_cohort,human,C,retired_from_active_findings,title_topic_signal_missing,2026-09-13,Git history and prior public-data snapshots
finding-pubmed-42409241,pubmed-42409241,42409241,10.1016/j.jconrel.2026.115161,"Asymmetric hydrogel with ""spear-shield"" properties promotes diabetic foot ulcer healing by modulating macrophage autophagy.",autophagy-mitophagy,metadata_only_needs_classification,human,E,retired_from_active_findings,topic_scope_mismatch,2026-09-13,Git history and prior public-data snapshots
finding-pubmed-42409247,pubmed-42409247,42409247,10.1016/j.nbd.2026.107522,CDKN1A protects medium spiny neurons from Huntington's disease pathology.,autophagy-mitophagy,metadata_only_needs_classification,human,E,retired_from_active_findings,title_topic_signal_missing,2026-09-13,Git history and prior public-data snapshots
finding-pubmed-42409311,pubmed-42409311,42409311,10.1016/j.jjcc.2026.07.004,Mitophagy in Cardiovascular Disease: From Mechanistic Insights to Therapeutic Horizons.,autophagy-mitophagy,narrative_review,cell,C,retired_from_active_findings,topic_scope_mismatch,2026-09-13,Git history and prior public-data snapshots
finding-pubmed-42410323,pubmed-42410323,42410323,10.1111/dom.70967,A Sequential Dual GLP-1R/GIPR Agonist-To-Antagonist Molecule Achieves Superior Weight Loss in Obese Mice.,glp1-weight-cardiometabolic,animal_study,mouse,D,retired_from_active_findings,nonhuman_record_in_human_outcome_topic,2026-09-13,Git history and prior public-data snapshots
finding-pubmed-42410329,pubmed-42410329,42410329,10.1111/dom.71065,GLP-1 Receptor Agonists for Weight Loss and Risk of Major Safety Outcomes: A Multicentre Cohort Study.,glp1-weight-cardiometabolic,human_cohort,human,C,retired_from_active_findings,topic_capacity_limit,2026-09-13,Git history and prior public-data snapshots
finding-pubmed-42410706,pubmed-42410706,42410706,10.1002/ccd.70721,Lower AKI Risk and Higher Survival With Microaxial Flow Pump Support During Elective PCI: A Propensity Score-Matched Study.,blood-pressure-aging,metadata_only_needs_classification,human,E,retired_from_active_findings,title_topic_signal_missing,2026-09-13,Git history and prior public-data snapshots
finding-pubmed-42412011,pubmed-42412011,42412011,10.1002/anie.5484068,Harnessing the Reactivity of Sulfinate Salts With Cystine: An Umpolung Approach to Residue-Specific Peptide Modification.,glp1-weight-cardiometabolic,metadata_only_needs_classification,human,E,retired_from_active_findings,title_topic_signal_missing,2026-09-13,Git history and prior public-data snapshots
finding-pubmed-42412329,pubmed-42412329,42412329,10.1007/s10753-026-02548-w,"Mitophagy in Metabolic Dysfunction-Associated Fatty Liver Disease: Mechanisms, Regulatory Networks, and Therapeutic Perspectives.",autophagy-mitophagy,narrative_review,cell,D,retired_from_active_findings,topic_scope_mismatch,2026-09-13,Git history and prior public-data snapshots
finding-pubmed-42412371,pubmed-42412371,42412371,10.1007/s40265-026-02350-w,Ecnoglutide: First Approvals.,glp1-weight-cardiometabolic,narrative_review,human,E,retired_from_active_findings,title_topic_signal_missing,2026-09-13,Git history and prior public-data snapshots
finding-pubmed-42413216,pubmed-42413216,42413216,10.1016/j.phymed.2026.158531,Resveratrol exerts stage- and sex-specific anti-aging and multigenerational effects via epigenetic and metabolic pathways in Drosophila.,autophagy-mitophagy,metadata_only_needs_classification,human,E,retired_from_active_findings,title_topic_signal_missing,2026-09-13,Git history and prior public-data snapshots
finding-pubmed-42413339,pubmed-42413339,42413339,10.1016/j.medcli.2026.107495,Sex-based differences in 10-year mortality and risk factors following an initial acute heart failure episode.,blood-pressure-aging,metadata_only_needs_classification,human,E,retired_from_active_findings,title_topic_signal_missing,2026-09-13,Git history and prior public-data snapshots
finding-pubmed-42413349,pubmed-42413349,42413349,10.1016/j.jdiacomp.2026.109348,Turkish cross-sectional survEy of glycemic and other Metabolic parameters in patients with type 2 Diabetes in 2023: Comparison with 2018 nationwide data (TEMD-2 study).,blood-pressure-aging,metadata_only_needs_classification,human,E,retired_from_active_findings,title_topic_signal_missing,2026-09-13,Git history and prior public-data snapshots
finding-pubmed-42413529,pubmed-42413529,42413529,10.1016/S2213-8587(26)00098-7,Temporal changes in cortisol secretion and their association with long-term outcomes in benign adrenal incidentalomas: a retrospective cohort study.,blood-pressure-aging,human_cohort,human,B,retired_from_active_findings,title_topic_signal_missing,2026-09-13,Git history and prior public-data snapshots
finding-pubmed-42413884,pubmed-42413884,42413884,10.1016/j.ejpb.2026.115179,Ageing-driven gastrointestinal variability in Parkinson's disease: implications for oral levodopa pharmacokinetics and formulation design.,microbiome-inflammaging,narrative_review,human,E,retired_from_active_findings,title_topic_signal_missing,2026-09-13,Git history and prior public-data snapshots
finding-pubmed-42415595,pubmed-42415595,42415595,10.1002/oby.70212,Glucagon-Like Peptide-1 Receptor Agonist-Based Agents and Body Composition: Filling More Gaps.,glp1-weight-cardiometabolic,narrative_review,human,E,retired_from_active_findings,title_topic_signal_missing,2026-09-13,Git history and prior public-data snapshots
finding-pubmed-42415933,pubmed-42415933,42415933,10.3389/fnagi.2026.1838285,"Klotho deficiency and cognitive impairment in dialysis patients: mechanisms, clinical evidence, and therapeutic implications.",klotho-il11-aging,narrative_review,human,C,retired_from_active_findings,topic_scope_mismatch,2026-09-13,Git history and prior public-data snapshots
finding-pubmed-42417039,pubmed-42417039,42417039,10.1177/13872877261465674,One-month early time-restricted eating enhances long-term memory by modulating brain fluid dynamics in males with metabolic syndrome: Evidence from perivascular diffusion and global blood-oxygen-level-dependent-cerebrospinal fluid coupling.,time-restricted-eating,metadata_only_needs_classification,human,E,retired_from_active_findings,topic_capacity_limit,2026-09-13,Git history and prior public-data snapshots
finding-pubmed-42417042,pubmed-42417042,42417042,10.1161/STROKEAHA.125.054852,MAD-MT Score: A Tool to Optimize Patient Selection for Mechanical Thrombectomy in Distal Vessel Occlusions.,blood-pressure-aging,human_cohort,human,B,retired_from_active_findings,title_topic_signal_missing,2026-09-13,Git history and prior public-data snapshots
finding-pubmed-42417965,pubmed-42417965,42417965,10.1007/s11357-026-02379-5,Targeting cellular senescence in dermatology: senolytic and senomorphic strategies.,senolytics,mechanistic_or_cell_study,cell,D,retired_from_active_findings,topic_scope_mismatch,2026-09-13,Git history and prior public-data snapshots
finding-pubmed-42419491,pubmed-42419491,42419491,10.1016/j.arr.2026.103248,The autophagy-senescence-inflammasome axis: A novel triad in neurodegenerative diseases?,autophagy-mitophagy,narrative_review,needs_review,C,retired_from_active_findings,topic_scope_mismatch,2026-09-13,Git history and prior public-data snapshots
finding-pubmed-42420489,pubmed-42420489,42420489,10.1038/s44318-026-00847-4,Local autophagy impairment triggers brain-wide presynaptic remodeling and resilience.,autophagy-mitophagy,metadata_only_needs_classification,human,E,retired_from_active_findings,topic_scope_mismatch,2026-09-13,Git history and prior public-data snapshots
finding-pubmed-42420519,pubmed-42420519,42420519,10.1038/s41598-026-61582-8,Pregnancy outcomes following maternal GLP-1 receptor agonist exposure: a systematic review and meta-analysis.,glp1-weight-cardiometabolic,systematic_review_or_meta_analysis,human,C,retired_from_active_findings,topic_capacity_limit,2026-09-13,Git history and prior public-data snapshots
finding-pubmed-42421928,pubmed-42421928,42421928,10.3389/fnut.2026.1839336,Degalactosylated whey protein increases α-Klotho concentrations in the plasma and kidney in mice.,klotho-il11-aging,animal_study,mouse,D,retired_from_active_findings,topic_scope_mismatch,2026-09-13,Git history and prior public-data snapshots
finding-pubmed-42422113,pubmed-42422113,42422113,10.3389/fnagi.2026.1865383,Rethinking PINK1/Parkin-mediated mitophagy in Parkinson's disease: functional continuity and activation-clearance uncoupling.,autophagy-mitophagy,narrative_review,human,C,retired_from_active_findings,topic_scope_mismatch,2026-09-13,Git history and prior public-data snapshots
finding-pubmed-42426654,pubmed-42426654,42426654,10.1186/s12872-026-06269-8,Tirzepatide and risk of newly diagnosed aortic stenosis in patients with obesity: a multi-institutional real-world cohort study.,glp1-weight-cardiometabolic,human_cohort,human,C,retired_from_active_findings,topic_capacity_limit,2026-09-13,Git history and prior public-data snapshots
finding-pubmed-42429048,pubmed-42429048,42429048,10.3892/ijmm.2026.5916,Single‑cell atlas reveals a Wilms' tumor 1‑mediated axis driving granulosa cell senescence in human ovarian aging.,microbiome-inflammaging,animal_study,mouse,D,retired_from_active_findings,title_topic_signal_missing,2026-09-13,Git history and prior public-data snapshots
finding-pubmed-42429052,pubmed-42429052,42429052,10.3892/ijmm.2026.5923,Endocrine‑metabolic imbalance drives osteoarthritis: From whole‑joint pathobiology to precision therapy (Review).,microbiome-inflammaging,narrative_review,human,E,retired_from_active_findings,title_topic_signal_missing,2026-09-13,Git history and prior public-data snapshots
finding-pubmed-42430532,pubmed-42430532,42430532,10.3855/jidc.21933,Causal association between 473 types of gut microbiota and neonatal bacterial sepsis: a bidirectional two-sample Mendelian randomization study.,microbiome-inflammaging,human_mendelian_randomization,human,B,retired_from_active_findings,topic_scope_mismatch,2026-09-13,Git history and prior public-data snapshots
finding-pubmed-42430817,pubmed-42430817,42430817,10.1016/j.surg.2026.110393,"Outcomes of angioembolization in penetrating hepatic trauma: Equivalent survival, longer hospitalization.",blood-pressure-aging,human_cohort,human,B,retired_from_active_findings,title_topic_signal_missing,2026-09-13,Git history and prior public-data snapshots
finding-pubmed-42430878,pubmed-42430878,42430878,10.1016/j.bbrc.2026.154243,Hydrogen-rich jelly attenuates adipose tissue inflammation and metabolic dysfunction in high-fat/high-sucrose diet-fed SAMP8 mice.,microbiome-inflammaging,animal_study,mouse,D,retired_from_active_findings,title_topic_signal_missing,2026-09-13,Git history and prior public-data snapshots
finding-pubmed-42430979,pubmed-42430979,42430979,10.1016/j.legalmed.2026.102917,Fatal amlodypine overdose: forensic and clinical features - a systematic review.,blood-pressure-aging,systematic_review_or_meta_analysis,human,E,retired_from_active_findings,title_topic_signal_missing,2026-09-13,Git history and prior public-data snapshots
finding-pubmed-42431015,pubmed-42431015,42431015,10.1016/j.cytogfr.2026.07.003,The role of cellular senescence in metabolic dysfunction-associated steatotic liver disease.,senolytics,narrative_review,cell,D,retired_from_active_findings,topic_scope_mismatch,2026-09-13,Git history and prior public-data snapshots
finding-pubmed-42431106,pubmed-42431106,42431106,10.1016/j.phymed.2026.158536,"Phytochemistry, pharmacology, toxicology, and applications of the genus Dendrobium: An updated review from bioactive constituents and mechanisms to translational perspectives.",microbiome-inflammaging,systematic_review_or_meta_analysis,human,A,retired_from_active_findings,title_topic_signal_missing,2026-09-13,Git history and prior public-data snapshots
finding-pubmed-42431239,pubmed-42431239,42431239,10.1016/j.appet.2026.108718,Effects of Intensive Lifestyle Interventions with Calorie-Carbohydrate-Restricted Diet versus Time-Restricted Eating on Appetite and Binge Eating in Type 2 Diabetes: A Randomized Controlled Trial.,time-restricted-eating,human_randomized_or_clinical_trial,human,C,retired_from_active_findings,topic_capacity_limit,2026-09-13,Git history and prior public-data snapshots
finding-pubmed-42431285,pubmed-42431285,42431285,10.1016/j.jep.2026.122174,Flos Puerariae-Semen Hoveniae herb pair ameliorates acute alcohol-induced liver injury by dual-modulating IL-11-driven inflammation and restoring lipid homeostasis via the PI3K/AKT/mTOR pathway.,klotho-il11-aging,animal_study,animal,D,retired_from_active_findings,topic_scope_mismatch,2026-09-13,Git history and prior public-data snapshots
finding-pubmed-42431339,pubmed-42431339,42431339,10.1016/j.ejphar.2026.179125,Fisetin attenuates CCl₄-induced liver fibrosis through modulation of TGF-β1/Smad3 and p53/Bax/Bcl-2 signaling pathways.,senolytics,animal_study,mouse,C,retired_from_active_findings,topic_scope_mismatch,2026-09-13,Git history and prior public-data snapshots
finding-pubmed-42431404,pubmed-42431404,42431404,10.1016/j.tjnut.2026.101721,Anthocyanins and Aging Intervention: Mechanisms and Prospects.,microbiome-inflammaging,narrative_review,cell,E,retired_from_active_findings,title_topic_signal_missing,2026-09-13,Git history and prior public-data snapshots
finding-pubmed-42432450,pubmed-42432450,42432450,10.1111/jgh.70555,Comparative Effectiveness and Safety of Atezolizumab-Bevacizumab and Durvalumab-Tremelimumab as First-Line Systemic Therapy for Hepatocellular Carcinoma: A Real-World Study.,blood-pressure-aging,human_cohort,human,C,retired_from_active_findings,title_topic_signal_missing,2026-09-13,Git history and prior public-data snapshots
finding-pubmed-42432479,pubmed-42432479,42432479,10.1186/s12877-026-07969-8,"Frailty assessment and effect of physical activity interventions in older adults: a scoping review, meta-analysis, and meta-regression.",resistance-training-muscle,systematic_review_or_meta_analysis,human,B,retired_from_active_findings,topic_scope_mismatch,2026-09-13,Git history and prior public-data snapshots
finding-pubmed-42432976,pubmed-42432976,42432976,10.1097/MD.0000000000049742,Rapid progression of cardiovascular-kidney-metabolic syndrome drives accelerated frailty trajectories: A longitudinal cohort study.,resistance-training-muscle,human_cohort,human,B,retired_from_active_findings,topic_scope_mismatch,2026-09-13,Git history and prior public-data snapshots
finding-pubmed-42434341,pubmed-42434341,42434341,10.1016/j.ijcrp.2026.200670,Prevalence and risk factors of hypertensive disorders during pregnancy in Somalia: A multilevel analysis of the 2020 Demographic and Health Survey.,blood-pressure-aging,metadata_only_needs_classification,human,E,retired_from_active_findings,title_topic_signal_missing,2026-09-13,Git history and prior public-data snapshots
finding-pubmed-42434480,pubmed-42434480,42434480,10.1016/j.metop.2026.100484,Direct effects of glucagon-like Peptide-1 receptor agonists on mitochondrial function in human-derived in vitro models: A systematic review and meta-analysis.,glp1-weight-cardiometabolic,systematic_review_or_meta_analysis,human,E,retired_from_active_findings,title_topic_signal_missing,2026-09-13,Git history and prior public-data snapshots
finding-pubmed-42436352,pubmed-42436352,42436352,10.1038/s41371-026-01175-0,Mortality trends and demographics due to hypertensive nephrosclerosis in older adults from 1999-2020.,blood-pressure-aging,metadata_only_needs_classification,human,E,retired_from_active_findings,title_topic_signal_missing,2026-09-13,Git history and prior public-data snapshots
finding-pubmed-42436668,pubmed-42436668,42436668,10.1016/j.metop.2026.100483,Prevalence and associated factors of malnutrition among adults living with HIV on ART: a pilot study.,physical-activity-healthspan,metadata_only_needs_classification,human,E,retired_from_active_findings,title_topic_signal_missing,2026-09-13,Git history and prior public-data snapshots
finding-pubmed-42436850,pubmed-42436850,42436850,10.1016/j.obpill.2026.100288,Understanding reasons for initiation and experience with tirzepatide among individuals with obesity or overweight: Results from the PERCEPTIONS survey.,glp1-weight-cardiometabolic,metadata_only_needs_classification,human,E,retired_from_active_findings,topic_capacity_limit,2026-09-13,Git history and prior public-data snapshots
finding-pubmed-42437193,pubmed-42437193,42437193,10.1016/j.bonr.2026.101936,Bone transcriptomics reveals that juzentaihoto remodels and activates multiple pathways in Klotho-deficient mice.,klotho-il11-aging,animal_study,mouse,D,retired_from_active_findings,topic_scope_mismatch,2026-09-13,Git history and prior public-data snapshots
finding-pubmed-42437307,pubmed-42437307,42437307,10.1016/j.omtn.2026.102992,Decoding preeclampsia: A fusion of multi-view machine learning and multi-omics to identify putative inflammation-related mechanisms.,microbiome-inflammaging,metadata_only_needs_classification,human,E,retired_from_active_findings,title_topic_signal_missing,2026-09-13,Git history and prior public-data snapshots
finding-pubmed-42437331,pubmed-42437331,42437331,10.36721/PJPS.2026.39.9.265.1,Effect of quercetin on aconitine-induced renal interstitial fibrosis and its relationship with PI3K/Akt pathway.,senolytics,animal_study,mouse,D,retired_from_active_findings,topic_scope_mismatch,2026-09-13,Git history and prior public-data snapshots
finding-pubmed-42437837,pubmed-42437837,42437837,10.1007/s12098-026-06300-y,Gut Microbiome in Neonatal Necrotizing Enterocolitis - A Comprehensive Review of Evidence.,microbiome-inflammaging,narrative_review,human,E,retired_from_active_findings,topic_scope_mismatch,2026-09-13,Git history and prior public-data snapshots
finding-pubmed-42437951,pubmed-42437951,42437951,10.1111/joim.70128,Anti-inflammatory agents in atherosclerosis-and a need for reform: Extraordinary claims require extraordinary evidence.,ldl-apob-cardiovascular-risk,metadata_only_needs_classification,human,E,retired_from_active_findings,title_topic_signal_missing,2026-09-13,Git history and prior public-data snapshots
finding-pubmed-42438359,pubmed-42438359,42438359,10.1002/glia.70197,Genetic Deletion of Adenosine A(2A) Receptors Attenuates Aged-Related Alterations of Glial Cells Morphology and of Inflammasome in the Hippocampus and Prefrontal Cortex of Mice.,microbiome-inflammaging,animal_study,mouse,D,retired_from_active_findings,title_topic_signal_missing,2026-09-13,Git history and prior public-data snapshots
finding-pubmed-42439439,pubmed-42439439,42439439,10.1177/07334648261468161,Association Between Sustained Frailty Remission and All-Cause and Cause-Specific Mortality: A Prospective Cohort Study.,resistance-training-muscle,human_cohort,human,B,retired_from_active_findings,topic_scope_mismatch,2026-09-13,Git history and prior public-data snapshots
finding-pubmed-42439896,pubmed-42439896,42439896,10.1083/jcb.202605090,PISD acts as a switch between lipophagy and fatty acid transfer to mitochondria.,autophagy-mitophagy,animal_study,mouse,D,retired_from_active_findings,title_topic_signal_missing,2026-09-13,Git history and prior public-data snapshots
finding-pubmed-42442303,pubmed-42442303,42442303,10.1016/j.biopha.2026.119745,Bidirectional microbiota-cancer crosstalk: Emerging platforms for advanced diagnostics and precision therapeutics in oncology.,microbiome-inflammaging,narrative_review,human,C,retired_from_active_findings,topic_scope_mismatch,2026-09-13,Git history and prior public-data snapshots
finding-pubmed-42442520,pubmed-42442520,42442520,10.1016/j.phrs.2026.108342,Beyond Lipid Lowering: Targeting lncRNAs as a Novel Therapeutic Strategy for Vascular Wall Defense in Atherosclerosis.,ldl-apob-cardiovascular-risk,narrative_review,cell,E,retired_from_active_findings,nonhuman_record_in_human_outcome_topic,2026-09-13,Git history and prior public-data snapshots
finding-pubmed-42442544,pubmed-42442544,42442544,10.1016/j.jconrel.2026.115174,Nanoparticles as an efficient strategy to eliminate senescent brain endothelial cells.,senolytics,animal_study,animal,D,retired_from_active_findings,title_topic_signal_missing,2026-09-13,Git history and prior public-data snapshots
finding-pubmed-42442548,pubmed-42442548,42442548,10.1016/j.jconrel.2026.115178,Enhancing insulin sensitivity by reducing adipocyte senescence using uPAR-targeted nanoparticles in high-fat-diet-induced obese mice.,senolytics,animal_study,mouse,D,retired_from_active_findings,title_topic_signal_missing,2026-09-13,Git history and prior public-data snapshots
finding-pubmed-42442575,pubmed-42442575,42442575,10.1016/j.ijbiomac.2026.153507,Development of zein-based nanoparticles for oral co-delivery of insulin and liraglutide and preliminary in vivo evaluation in Danio rerio.,glp1-weight-cardiometabolic,animal_study,animal,D,retired_from_active_findings,nonhuman_record_in_human_outcome_topic,2026-09-13,Git history and prior public-data snapshots
finding-pubmed-42442577,pubmed-42442577,42442577,10.1016/j.ijbiomac.2026.153514,Torreya grandis polysaccharide alleviates acute lung injury via the lung-gut axis: Gut microbiota and immune regulation mechanisms.,microbiome-inflammaging,animal_study,mouse,D,retired_from_active_findings,topic_scope_mismatch,2026-09-13,Git history and prior public-data snapshots
finding-pubmed-42442993,pubmed-42442993,42442993,10.1016/j.transproceed.2026.06.020,Heart Transplantation in Brazil: Two Decades of Gender Disparities in the World's Largest Public Organ Transplant System.,blood-pressure-aging,human_cohort,human,B,retired_from_active_findings,title_topic_signal_missing,2026-09-13,Git history and prior public-data snapshots
finding-pubmed-42443375,pubmed-42443375,42443375,10.1038/s41440-026-02725-2,Breakthrough drugs in the treatment of hypertension-related disease.,glp1-weight-cardiometabolic,narrative_review,human,E,retired_from_active_findings,title_topic_signal_missing,2026-09-13,Git history and prior public-data snapshots
finding-pubmed-42446929,pubmed-42446929,42446929,10.1172/JCI203565,Disruption of methionine metabolism drives erythroid cell fate reprogramming by remodeling the H3K4me3 landscape.,partial-reprogramming,animal_study,mouse,D,retired_from_active_findings,title_topic_signal_missing,2026-09-13,Git history and prior public-data snapshots
finding-pubmed-42447648,pubmed-42447648,42447648,10.1016/j.gassur.2026.102497,Cancer risk of glucagon-like peptide-1 receptor agonists for obesity: comparison with bariatric surgery and other weight-loss drugs.,glp1-weight-cardiometabolic,human_cohort,human,B,retired_from_active_findings,title_topic_signal_missing,2026-09-13,Git history and prior public-data snapshots
finding-pubmed-42448851,pubmed-42448851,42448851,10.1038/s41440-026-02730-5,"Prediction model for aortic dissection, aortic aneurysm, and peripheral artery disease.",physical-activity-healthspan,metadata_only_needs_classification,human,E,retired_from_active_findings,title_topic_signal_missing,2026-09-13,Git history and prior public-data snapshots
finding-pubmed-42454945,pubmed-42454945,42454945,10.1128/spectrum.01047-26,"Evaluating the impact of immunization with the ""pan-fungal"" vaccine, NXT-2, on the gut mycobiome and microbiome in non-human primates (NHPs).",microbiome-inflammaging,animal_study,animal,C,retired_from_active_findings,topic_scope_mismatch,2026-09-13,Git history and prior public-data snapshots
finding-pubmed-42455118,pubmed-42455118,42455118,10.1002/jcsm.70348,Improving Hip Fracture Prediction by Using Sarcopenia-Specific Cut-Offs of T-Scores for Osteosarcopenia: A Prospective Cohort Study.,resistance-training-muscle,human_cohort,human,B,retired_from_active_findings,topic_scope_mismatch,2026-09-13,Git history and prior public-data snapshots
finding-pubmed-42455550,pubmed-42455550,42455550,10.1001/jamacardio.2026.2435,"Modifiable Risk Factors and Attributable Ischemic Heart Disease Mortality in US States, 1990-2023: A Systematic Analysis for the Global Burden of Disease Study 2023.",ldl-apob-cardiovascular-risk,metadata_only_needs_classification,human,E,retired_from_active_findings,title_topic_signal_missing,2026-09-13,Git history and prior public-data snapshots
finding-pubmed-42456831,pubmed-42456831,42456831,10.1016/j.rmed.2026.109038,"Sex-based differences in long-term respiratory and pulmonary vascular outcomes after acute pulmonary embolism: A propensity-matched analysis of 795,338 patients.",blood-pressure-aging,human_cohort,human,B,retired_from_active_findings,title_topic_signal_missing,2026-09-13,Git history and prior public-data snapshots
finding-pubmed-42457037,pubmed-42457037,42457037,10.1016/j.ajcnut.2026.101434,Nutritional Strategies Targeting Glucose Metabolism to Slow Cognitive Aging: A Scoping Review of Human Trials.,blood-pressure-aging,narrative_review,human,E,retired_from_active_findings,title_topic_signal_missing,2026-09-13,Git history and prior public-data snapshots
finding-pubmed-42458197,pubmed-42458197,42458197,10.1007/s40292-026-00814-4,Exploratory Cardiovascular Risk Modeling of Orforglipron Using the PREVENT Equations Compared with the Pooled Cohort Equations: A Post-Hoc Analysis from a Systematic Review and Meta-analysis.,glp1-weight-cardiometabolic,systematic_review_or_meta_analysis,human,E,retired_from_active_findings,title_topic_signal_missing,2026-09-13,Git history and prior public-data snapshots
finding-pubmed-42458805,pubmed-42458805,42458805,10.1093/annalsats/aaoag198,Frailty in Pulmonary Arterial Hypertension: A Cohort Study.,resistance-training-muscle,human_cohort,human,B,retired_from_active_findings,topic_scope_mismatch,2026-09-13,Git history and prior public-data snapshots
finding-pubmed-42458961,pubmed-42458961,42458961,10.1080/19490976.2026.2701446,Ecological restructuring of the nonbacterial fecal microbiome in obesity across human cohorts.,microbiome-inflammaging,human_cohort,human,B,retired_from_active_findings,topic_scope_mismatch,2026-09-13,Git history and prior public-data snapshots
finding-pubmed-42459020,pubmed-42459020,42459020,10.7748/ns.2026.e12750,Preventing deconditioning and incontinence in older people in acute care settings.,resistance-training-muscle,metadata_only_needs_classification,human,E,retired_from_active_findings,title_topic_signal_missing,2026-09-13,Git history and prior public-data snapshots
finding-pubmed-42461651,pubmed-42461651,42461651,10.1001/jamaoto.2026.1777,Hypoglossal Nerve Stimulation and the Incidence of Cardiovascular Disease.,blood-pressure-aging,human_cohort,human,B,retired_from_active_findings,title_topic_signal_missing,2026-09-13,Git history and prior public-data snapshots
finding-pubmed-42462859,pubmed-42462859,42462859,10.1016/j.bbcan.2026.189663,ROS-mitochondrial nexus in stem cell growth and differentiation and implications in cancer and degenerative diseases.,autophagy-mitophagy,narrative_review,cell,E,retired_from_active_findings,title_topic_signal_missing,2026-09-13,Git history and prior public-data snapshots
finding-pubmed-42462923,pubmed-42462923,42462923,10.1016/j.diabres.2026.113446,Quality of care and clinical characteristics of adults with type 1 diabetes in Italy: insights from the 2025 AMD Annals initiative.,ldl-apob-cardiovascular-risk,metadata_only_needs_classification,human,E,retired_from_active_findings,title_topic_signal_missing,2026-09-13,Git history and prior public-data snapshots
finding-pubmed-42463009,pubmed-42463009,42463009,10.1016/j.molmet.2026.102421,Neuronal ketone body utilization couples exercise and time-restricted feeding to cognitive enhancement.,time-restricted-eating,animal_study,mouse,D,retired_from_active_findings,nonhuman_record_in_human_outcome_topic,2026-09-13,Git history and prior public-data snapshots
finding-pubmed-42464660,pubmed-42464660,42464660,10.3892/ijmm.2026.5932,Cepharanthine inhibits tick‑borne encephalitis virus infection through modulation of the stress and inflammation response.,klotho-il11-aging,mechanistic_or_cell_study,human,E,retired_from_active_findings,title_topic_signal_missing,2026-09-13,Git history and prior public-data snapshots
finding-pubmed-42464791,pubmed-42464791,42464791,10.1080/13813455.2026.2699137,Meta-Analysis of DNA methylation and gut microbiome data in preterm birth reveals epigenetic and microbial biomarkers for early diagnosis and probiotic-based intervention.,microbiome-inflammaging,systematic_review_or_meta_analysis,human,B,retired_from_active_findings,topic_scope_mismatch,2026-09-13,Git history and prior public-data snapshots
finding-pubmed-42464807,pubmed-42464807,42464807,10.1161/STROKEAHA.126.055378,Brain Perivascular Space Morphometry Reflects Shared Familial Microvascular Architecture and Neuropsychiatric Influences.,blood-pressure-aging,metadata_only_needs_classification,human,E,retired_from_active_findings,title_topic_signal_missing,2026-09-13,Git history and prior public-data snapshots
finding-pubmed-42464971,pubmed-42464971,42464971,10.1002/jcu.70344,Effect of Transthoracic Echocardiography on Prognosis Outcomes in Diabetic Patients With Various Cardiovascular Diseases: A Retrospective Cohort Study Based on the MIMIC-IV Database.,blood-pressure-aging,human_cohort,human,C,retired_from_active_findings,title_topic_signal_missing,2026-09-13,Git history and prior public-data snapshots
finding-pubmed-42467394,pubmed-42467394,42467394,10.1007/s12282-026-01893-w,Interpretable machine-learning survival prediction of breast cancer prognosis from lifestyle factors: evidence from UK biobank.,physical-activity-healthspan,metadata_only_needs_classification,human,E,retired_from_active_findings,title_topic_signal_missing,2026-09-13,Git history and prior public-data snapshots
finding-pubmed-42467646,pubmed-42467646,42467646,10.1044/2026_JSLHR-25-00829,Characterizing Submental Neuromuscular Activity of Swallowing Rehabilitation: An Electromyographic Evaluation of Rehabilitative Maneuvers in Healthy Adults.,resistance-training-muscle,human_randomized_or_clinical_trial,human,C,retired_from_active_findings,title_topic_signal_missing,2026-09-13,Git history and prior public-data snapshots
finding-pubmed-42467949,pubmed-42467949,42467949,10.1097/COH.0000000000001059,Glucagon-like peptide-1 receptor agonists in the aging population of people with HIV: emerging evidence and clinical implications.,glp1-weight-cardiometabolic,narrative_review,human,E,retired_from_active_findings,title_topic_signal_missing,2026-09-13,Git history and prior public-data snapshots
finding-pubmed-42468089,pubmed-42468089,42468089,10.1016/j.maturitas.2026.109058,"Dyslipidemia across the menopause transition: Mechanisms, trajectories, and opportunities for cardiovascular prevention.",blood-pressure-aging,narrative_review,human,E,retired_from_active_findings,title_topic_signal_missing,2026-09-13,Git history and prior public-data snapshots
finding-pubmed-42468198,pubmed-42468198,42468198,10.1016/j.vetmic.2026.111137,ST6GALNAC5 promotes Glaesserella parasuis infection by enhancing bacterial adhesion and amplifying host inflammatory responses.,klotho-il11-aging,animal_study,animal,D,retired_from_active_findings,title_topic_signal_missing,2026-09-13,Git history and prior public-data snapshots
finding-pubmed-42468545,pubmed-42468545,42468545,10.1016/S2215-0366(26)00129-X,Research priorities for metabolic interventions in severe mental illness: results of a James Lind Alliance Priority Setting Partnership.,microbiome-inflammaging,narrative_review,human,E,retired_from_active_findings,title_topic_signal_missing,2026-09-13,Git history and prior public-data snapshots
finding-pubmed-42468696,pubmed-42468696,42468696,10.1016/j.neuro.2026.103528,Manganese overload as a previously underappreciated trigger of cellular senescence: Unraveling mechanisms and therapeutic rescue by the senolytic quercetin.,senolytics,metadata_only_needs_classification,human,E,retired_from_active_findings,topic_scope_mismatch,2026-09-13,Git history and prior public-data snapshots
finding-pubmed-42470996,pubmed-42470996,42470996,10.1016/j.explore.2026.103492,Intermittent fasting for adults with overweight or obesity: Summary of a Cochrane review.,time-restricted-eating,narrative_review,human,E,retired_from_active_findings,topic_capacity_limit,2026-09-13,Git history and prior public-data snapshots
finding-pubmed-42472268,pubmed-42472268,42472268,10.1016/j.dadr.2026.100459,Three-year cardiovascular risk prediction among people who use cocaine or methamphetamine.,blood-pressure-aging,metadata_only_needs_classification,human,E,retired_from_active_findings,title_topic_signal_missing,2026-09-13,Git history and prior public-data snapshots
finding-pubmed-42472600,pubmed-42472600,42472600,10.1016/j.phrs.2026.108345,"Rethinking frailty as a disorder of mitochondrial adaptability, from energetic congestion to systemic vulnerability.",physical-activity-healthspan,metadata_only_needs_classification,human,E,retired_from_active_findings,title_topic_signal_missing,2026-09-13,Git history and prior public-data snapshots
finding-pubmed-42473028,pubmed-42473028,42473028,10.1002/jcsm.70345,Electroacupuncture Treatment on Sarcopenia in Patients Undergoing Maintenance Haemodialysis: An Effective Therapy.,resistance-training-muscle,human_randomized_or_clinical_trial,human,B,retired_from_active_findings,topic_scope_mismatch,2026-09-13,Git history and prior public-data snapshots
finding-pubmed-42473582,pubmed-42473582,42473582,10.1016/j.ijcrp.2026.200678,Healthcare utilization patterns prior to a first heart failure diagnosis in a 90 day mortality cohort: A retrospective cohort study.,blood-pressure-aging,human_cohort,human,B,retired_from_active_findings,title_topic_signal_missing,2026-09-13,Git history and prior public-data snapshots
finding-pubmed-42477226,pubmed-42477226,42477226,10.1007/s11695-026-08856-2,Comparative Outcomes of Bariatric Surgery in Individuals with Class 2-3 and Class 4 Obesity : A Retrospective Cohort Study.,blood-pressure-aging,human_cohort,human,B,retired_from_active_findings,title_topic_signal_missing,2026-09-13,Git history and prior public-data snapshots
finding-pubmed-42477266,pubmed-42477266,42477266,10.1007/s40258-026-01050-6,Active Transport Health Model: Valuing the Health Benefits of Active Transport.,physical-activity-healthspan,metadata_only_needs_classification,human,E,retired_from_active_findings,title_topic_signal_missing,2026-09-13,Git history and prior public-data snapshots
finding-pubmed-42477892,pubmed-42477892,42477892,10.1002/jcsm.70350,Plasma Extracellular Vesicles-Derived Complement Proteins as Biomarkers of Sarcopenia Progression in Longitudinal Cohorts.,resistance-training-muscle,human_cohort,human,B,retired_from_active_findings,topic_scope_mismatch,2026-09-13,Git history and prior public-data snapshots
finding-pubmed-42478556,pubmed-42478556,42478556,10.1002/nbm.70362,Metabolite-Specific Reproducibility of Cerebral (31)P-MRS at 3 T: Implications for Clinical Research.,nad-nmn-nr-aging,metadata_only_needs_classification,human,E,retired_from_active_findings,title_topic_signal_missing,2026-09-13,Git history and prior public-data snapshots
finding-pubmed-42478857,pubmed-42478857,42478857,10.1128/spectrum.00443-26,Assessment of multiple probiotic strains that protect Montipora capitata coral from infection by Vibrio coralliilyticus.,microbiome-inflammaging,metadata_only_needs_classification,human,E,retired_from_active_findings,title_topic_signal_missing,2026-09-13,Git history and prior public-data snapshots
finding-pubmed-42480023,pubmed-42480023,42480023,10.1021/acs.jafc.6c04192,A Genomically Safe Lactobacillus johnsonii Lacking Mobile Antimicrobial Resistance Genes Suppresses Escherichia coli and Modulates Gut Microbiota and Diarrhea Incidence in Suckling Piglets.,microbiome-inflammaging,animal_study,animal,C,retired_from_active_findings,topic_scope_mismatch,2026-09-13,Git history and prior public-data snapshots
finding-pubmed-42480329,pubmed-42480329,42480329,10.1016/j.jamda.2026.106378,A Systematic Review and Meta-Analysis of Combined Cognitive and Physical Interventions on Cognition Function in Frail Older Adults.,resistance-training-muscle,systematic_review_or_meta_analysis,human,B,retired_from_active_findings,topic_scope_mismatch,2026-09-13,Git history and prior public-data snapshots
finding-pubmed-42480412,pubmed-42480412,42480412,10.1016/j.resinv.2026.101476,"Expanding roles of high-flow nasal cannula beyond acute care: Home use, rehabilitation, and palliative care.",physical-activity-healthspan,narrative_review,human,E,retired_from_active_findings,title_topic_signal_missing,2026-09-13,Git history and prior public-data snapshots
finding-pubmed-42480529,pubmed-42480529,42480529,10.1016/j.ymthe.2026.07.010,Nicotinamide riboside tunes adoptive T cells for memory and metabolic fitness.,nad-nmn-nr-aging,metadata_only_needs_classification,cell,E,retired_from_active_findings,topic_scope_mismatch,2026-09-13,Git history and prior public-data snapshots
finding-pubmed-42480980,pubmed-42480980,42480980,10.1002/oby.70265,A CVD Classification Model for Individuals With Obesity: Multi-Ethnic Validation Based on Multiple Metabolic Indicators.,blood-pressure-aging,metadata_only_needs_classification,human,E,retired_from_active_findings,title_topic_signal_missing,2026-09-13,Git history and prior public-data snapshots
finding-pubmed-42481815,pubmed-42481815,42481815,10.1007/s10067-026-08306-5,Association of dietary patterns with the prevalence of rheumatic diseases among older Chinese adults: a national cross-sectional survey.,dietary-pattern-longevity,metadata_only_needs_classification,human,E,retired_from_active_findings,topic_capacity_limit,2026-09-13,Git history and prior public-data snapshots
finding-pubmed-42484827,pubmed-42484827,42484827,10.1007/s11695-026-08854-4,Cost-Effectiveness of Endoscopic Bariatric Therapies Compared with Laparoscopic Sleeve Gastrectomy and Semaglutide.,glp1-weight-cardiometabolic,metadata_only_needs_classification,human,E,retired_from_active_findings,topic_capacity_limit,2026-09-13,Git history and prior public-data snapshots
finding-pubmed-42485012,pubmed-42485012,42485012,10.1001/jamacardio.2026.2527,Treadmill Stress Test in Patients With Asymptomatic Severe Aortic Stenosis: A Prespecified Registry-Based Follow-Up of the EARLY TAVR Randomized Clinical Trial.,physical-activity-healthspan,human_randomized_or_clinical_trial,human,B,retired_from_active_findings,title_topic_signal_missing,2026-09-13,Git history and prior public-data snapshots
finding-pubmed-42486408,pubmed-42486408,42486408,10.1016/j.diabres.2026.113457,"Impact of modifiable risk factors, including diabetes, and diabetes-related complications, on dementia risk in older U.S. adults: mutually adjusted estimates from a population-based cohort.",blood-pressure-aging,human_cohort,human,B,retired_from_active_findings,title_topic_signal_missing,2026-09-13,Git history and prior public-data snapshots
finding-pubmed-42489291,pubmed-42489291,42489291,10.1097/JCN.0000000000001323,Health-Related Quality of Life and Its Influencing Factors Among Patients With Coronary Heart Disease and Type 2 Diabetes Mellitus: A Cross-Sectional Study.,sleep-aging,metadata_only_needs_classification,human,E,retired_from_active_findings,title_topic_signal_missing,2026-09-13,Git history and prior public-data snapshots
finding-pubmed-42490268,pubmed-42490268,42490268,10.1037/hea0001628,Ultra-processed food consumption and frailty in older adults: A systematic review and meta-analysis.,resistance-training-muscle,systematic_review_or_meta_analysis,human,B,retired_from_active_findings,topic_scope_mismatch,2026-09-13,Git history and prior public-data snapshots
finding-pubmed-42491427,pubmed-42491427,42491427,10.1016/j.obpill.2026.100300,Real-world treatment satisfaction and experience with once-weekly tirzepatide: Insights from prescribing physicians and people with obesity or overweight.,glp1-weight-cardiometabolic,metadata_only_needs_classification,human,E,retired_from_active_findings,topic_capacity_limit,2026-09-13,Git history and prior public-data snapshots
finding-pubmed-42492153,pubmed-42492153,42492153,10.1016/j.chemosphere.2026.144993,"Comparative toxicity of thiamethoxam and abamectin in red swamp crayfish: Bioaccumulation, oxidative stress, and gut microbiota in a rice-crayfish Co-culture system.",microbiome-inflammaging,metadata_only_needs_classification,human,E,retired_from_active_findings,topic_scope_mismatch,2026-09-13,Git history and prior public-data snapshots
finding-pubmed-42492240,pubmed-42492240,42492240,10.1016/j.gerinurse.2026.104191,The global landscape of aging and exercise research (1922-2024): A multi-dataset bibliometric mapping and thematic evolution analysis.,physical-activity-healthspan,metadata_only_needs_classification,needs_review,E,retired_from_active_findings,topic_capacity_limit,2026-09-13,Git history and prior public-data snapshots
finding-pubmed-42494804,pubmed-42494804,42494804,10.1016/j.obpill.2026.100304,A survey of primary care physicians' views on supporting patients who lose insurance coverage for Glucagon-Like Peptide-1-based drugs for weight management.,glp1-weight-cardiometabolic,metadata_only_needs_classification,human,E,retired_from_active_findings,title_topic_signal_missing,2026-09-13,Git history and prior public-data snapshots
finding-pubmed-42494947,pubmed-42494947,42494947,10.1002/cdt3.70052,Cardiovascular Risk Assessment and Its Determinants Among Older Adults in India: Evidence From a Nationally Representative Survey.,blood-pressure-aging,metadata_only_needs_classification,human,E,retired_from_active_findings,title_topic_signal_missing,2026-09-13,Git history and prior public-data snapshots
finding-pubmed-42495106,pubmed-42495106,42495106,10.1016/j.eclinm.2026.104059,"Frailty status, clinical and functional outcomes in cardiac amyloidosis: a systematic review and meta-analysis.",resistance-training-muscle,systematic_review_or_meta_analysis,human,A,retired_from_active_findings,topic_scope_mismatch,2026-09-13,Git history and prior public-data snapshots
finding-pubmed-42495732,pubmed-42495732,42495732,10.1161/STROKEAHA.126.056127,Acute Kidney Injury After Intensive Blood Pressure Lowering Following Successful Endovascular Thrombectomy.,blood-pressure-aging,human_randomized_or_clinical_trial,human,B,retired_from_active_findings,topic_scope_mismatch,2026-09-13,Git history and prior public-data snapshots
finding-pubmed-42495743,pubmed-42495743,42495743,10.7189/jogh.16.04208,Association between hobby engagement and frailty among adults aged 65 years and older in 15 countries: findings from four prospective cohort studies.,resistance-training-muscle,human_cohort,human,B,retired_from_active_findings,topic_scope_mismatch,2026-09-13,Git history and prior public-data snapshots
finding-pubmed-42497405,pubmed-42497405,42497405,10.2196/93467,Feasibility and Preliminary Effects of a Pressure Sensor-Based Exergame on Cognitive and Sensorimotor Frailty in Low-Income Older Adults Receiving Public Community Care Services: Pilot Randomized Controlled Trial.,resistance-training-muscle,human_randomized_or_clinical_trial,human,B,retired_from_active_findings,topic_scope_mismatch,2026-09-13,Git history and prior public-data snapshots
finding-pubmed-42498029,pubmed-42498029,42498029,10.1016/j.tjnut.2026.101752,Biological Mechanisms Underlying the Cardiovascular Effects of Branched-Chain Amino Acids: A Proteome-Wide Mendelian Randomization Study.,physical-activity-healthspan,human_mendelian_randomization,human,C,retired_from_active_findings,title_topic_signal_missing,2026-09-13,Git history and prior public-data snapshots
finding-pubmed-42498254,pubmed-42498254,42498254,10.1016/j.rmed.2026.109043,Hepatic elastography as a noninvasive marker of right ventricular dysfunction and prognosis in precapillary pulmonary hypertension: A pilot study.,blood-pressure-aging,metadata_only_needs_classification,human,E,retired_from_active_findings,topic_scope_mismatch,2026-09-13,Git history and prior public-data snapshots
finding-pubmed-42498366,pubmed-42498366,42498366,10.1016/j.jes.2025.10.026,Association between gut microbiota composition and liver dysfunction in school-aged children exposed to triclosan.,microbiome-inflammaging,metadata_only_needs_classification,human,E,retired_from_active_findings,topic_scope_mismatch,2026-09-13,Git history and prior public-data snapshots
finding-pubmed-42498420,pubmed-42498420,42498420,10.1016/j.mcna.2026.01.008,Sleep Medicine Basics: Implications for the General Practitioner.,sleep-aging,narrative_review,human,E,retired_from_active_findings,topic_capacity_limit,2026-09-13,Git history and prior public-data snapshots
finding-pubmed-42498424,pubmed-42498424,42498424,10.1016/j.mcna.2025.12.003,Systemic Conditions Affecting Sleep: An Overview for the Clinician.,sleep-aging,narrative_review,human,E,retired_from_active_findings,topic_capacity_limit,2026-09-13,Git history and prior public-data snapshots
finding-pubmed-42498426,pubmed-42498426,42498426,10.1016/j.mcna.2025.12.011,"Obstructive Sleep Apnea and Snoring: Diagnosis, Treatments, and Prognosis.",sleep-aging,narrative_review,human,E,retired_from_active_findings,topic_capacity_limit,2026-09-13,Git history and prior public-data snapshots
finding-pubmed-42498524,pubmed-42498524,42498524,10.1002/resp.70286,"Update on the Pathophysiology, Aetiology and Management of Central Sleep Apnoea.",sleep-aging,narrative_review,human,E,retired_from_active_findings,topic_capacity_limit,2026-09-13,Git history and prior public-data snapshots
finding-pubmed-42499095,pubmed-42499095,42499095,10.1097/MD.0000000000049927,Relationship between klotho and psoriasis: A cross-sectional analysis of NHANES 2009-2010 and Mendelian randomization study.,klotho-il11-aging,human_mendelian_randomization,human,C,retired_from_active_findings,topic_scope_mismatch,2026-09-13,Git history and prior public-data snapshots
finding-pubmed-42500309,pubmed-42500309,42500309,10.1016/j.ekir.2026.106679,Severe Undernutrition Predicts Adverse Outcomes in Transplant Norovirus Infection.,microbiome-inflammaging,metadata_only_needs_classification,human,E,retired_from_active_findings,title_topic_signal_missing,2026-09-13,Git history and prior public-data snapshots
finding-pubmed-42500463,pubmed-42500463,42500463,10.1016/j.imr.2026.101291,Comparative effectiveness of Chinese herbal medicine versus liraglutide for weight loss in adults with obesity: A 12-month real-world target trial emulation study.,glp1-weight-cardiometabolic,metadata_only_needs_classification,human,E,retired_from_active_findings,topic_capacity_limit,2026-09-13,Git history and prior public-data snapshots
finding-pubmed-42500549,pubmed-42500549,42500549,10.1016/j.ijcrp.2026.200681,Combination GLP-1 receptor agonist and SGLT2 inhibitor therapy versus GLP-1 receptor agonist monotherapy on arrhythmia outcomes in non-diabetic obese patients: A real-world time-dependent analysis.,glp1-weight-cardiometabolic,metadata_only_needs_classification,human,E,retired_from_active_findings,topic_capacity_limit,2026-09-13,Git history and prior public-data snapshots
finding-pubmed-42501825,pubmed-42501825,42501825,10.1016/j.tjnut.2026.101747,Differential Associations of Docosahexaenoic and Eicosapentaenoic Acid with Brain Structure in Older Japanese Women.,blood-pressure-aging,metadata_only_needs_classification,human,E,retired_from_active_findings,title_topic_signal_missing,2026-09-13,Git history and prior public-data snapshots
finding-pubmed-42502975,pubmed-42502975,42502975,10.1002/arch.70196,Brain Transcriptomic Reprogramming and Comb-Associated Microbiome Variation During the Larva-To-Pupa Transition in Apis Mellifera.,microbiome-inflammaging,metadata_only_needs_classification,human,D,retired_from_active_findings,topic_scope_mismatch,2026-09-13,Git history and prior public-data snapshots
finding-pubmed-42503440,pubmed-42503440,42503440,10.1002/nbm.70363,Quantitative MRI to Assess Portal Pressure in Patients With Liver Disease: Validation at 3 T.,blood-pressure-aging,metadata_only_needs_classification,human,E,retired_from_active_findings,title_topic_signal_missing,2026-09-13,Git history and prior public-data snapshots
finding-pubmed-42504003,pubmed-42504003,42504003,10.1111/os.70379,Cardiometabolic Multimorbidity Increases the Risk of Hip Fracture: A Longitudinal Cohort Study Based on CHARLS.,blood-pressure-aging,human_cohort,human,B,retired_from_active_findings,title_topic_signal_missing,2026-09-13,Git history and prior public-data snapshots
finding-pubmed-42504250,pubmed-42504250,42504250,10.7717/peerj.21424,Association between triglyceride-glucose index and sarcopenia: a meta-analysis.,resistance-training-muscle,systematic_review_or_meta_analysis,human,A,retired_from_active_findings,topic_scope_mismatch,2026-09-13,Git history and prior public-data snapshots
finding-pubmed-42504287,pubmed-42504287,42504287,10.2147/CIA.S597117,Gut Microbiota in Constipation and Mild Cognitive Impairment: A Mendelian Randomization and Observational Study of Two Common Geriatric Syndromes.,microbiome-inflammaging,human_mendelian_randomization,human,B,retired_from_active_findings,topic_scope_mismatch,2026-09-13,Git history and prior public-data snapshots
finding-pubmed-42508305,pubmed-42508305,42508305,10.1016/j.jemermed.2026.05.037,Factors Associated With Survival of Ultrasound-Guided Peripheral Intravenous Catheters.,blood-pressure-aging,metadata_only_needs_classification,human,E,retired_from_active_findings,title_topic_signal_missing,2026-09-13,Git history and prior public-data snapshots
finding-pubmed-42508874,pubmed-42508874,42508874,10.1016/j.ogc.2026.03.006,Midlife Sleep and Circadian Health: Implications for Cardiovascular and Cognitive Outcomes.,sleep-aging,narrative_review,human,E,retired_from_active_findings,topic_capacity_limit,2026-09-13,Git history and prior public-data snapshots
finding-pubmed-42508877,pubmed-42508877,42508877,10.1016/j.ogc.2026.04.003,The Menopausal Transition and Cardiovascular Aging: Implications for Prevention in Midlife.,microbiome-inflammaging,narrative_review,human,E,retired_from_active_findings,title_topic_signal_missing,2026-09-13,Git history and prior public-data snapshots
finding-pubmed-42508987,pubmed-42508987,42508987,10.1111/aas.70309,"Positive End-Expiratory Pressure, Tidal Volume, and Fraction of Inspired Oxygen During General Anaesthesia in High-Risk Patients-A Randomised Clinical Feasibility Trial.",blood-pressure-aging,human_randomized_or_clinical_trial,human,C,retired_from_active_findings,title_topic_signal_missing,2026-09-13,Git history and prior public-data snapshots
finding-pubmed-42508992,pubmed-42508992,42508992,10.1080/0886022X.2026.2682003,"Causal relationships between the gut microbiota, immune cells, and diabetic kidney disease: a Mendelian randomization and mediation analysis.",microbiome-inflammaging,human_mendelian_randomization,human,B,retired_from_active_findings,topic_scope_mismatch,2026-09-13,Git history and prior public-data snapshots
finding-pubmed-42509302,pubmed-42509302,42509302,10.1038/s43587-026-01173-4,Systemic and local chronic inflammation and hormone disposition promote a tumor-permissive environment for breast cancer in older women.,microbiome-inflammaging,mixed_human_and_animal_study,mixed_human_animal,C,retired_from_active_findings,topic_scope_mismatch,2026-09-13,Git history and prior public-data snapshots
finding-pubmed-42509691,pubmed-42509691,42509691,10.2174/0118715303456504260611042850,Dissecting the Gut Microbiota-MetaboliteCoronary Atherosclerosis Axis: Evidence from Two-Sample Mendelian Randomization.,microbiome-inflammaging,human_mendelian_randomization,human,C,retired_from_active_findings,topic_scope_mismatch,2026-09-13,Git history and prior public-data snapshots
finding-pubmed-42514069,pubmed-42514069,42514069,10.3390/microorganisms14071564,Feasibility and Compliance of Stool Collection for Future Microbiome-Based Colorectal Cancer Screening: Preliminary Findings from a Prospective Multicenter FIT-Positive Cohort.,microbiome-inflammaging,human_cohort,human,B,retired_from_active_findings,topic_scope_mismatch,2026-09-13,Git history and prior public-data snapshots
finding-pubmed-42518074,pubmed-42518074,42518074,10.1007/s10557-026-07923-1,Cellular Senescence in Diabetic Cardiomyopathy: Mechanistic Insights and Therapeutic Perspectives.,senolytics,narrative_review,human,D,retired_from_active_findings,topic_scope_mismatch,2026-09-13,Git history and prior public-data snapshots
finding-pubmed-42518361,pubmed-42518361,42518361,10.1016/j.obpill.2026.100302,Resolution of anhedonia-like symptoms in patients treated for obesity with tirzepatide: A three-case series.,glp1-weight-cardiometabolic,metadata_only_needs_classification,human,E,retired_from_active_findings,topic_capacity_limit,2026-09-13,Git history and prior public-data snapshots
finding-pubmed-42518363,pubmed-42518363,42518363,10.1016/j.obpill.2026.100298,Employee perceptions and experiences with tirzepatide treatment for obesity or overweight in the US: Insights from the PERCEPTIONS Survey.,glp1-weight-cardiometabolic,metadata_only_needs_classification,human,E,retired_from_active_findings,topic_capacity_limit,2026-09-13,Git history and prior public-data snapshots
finding-pubmed-42519455,pubmed-42519455,42519455,10.1097/XCE.0000000000000363,"Intermittent fasting in diabetic retinopathy: microbiome modulation, mechanisms, and clinical insights.",time-restricted-eating,narrative_review,human,E,retired_from_active_findings,topic_capacity_limit,2026-09-13,Git history and prior public-data snapshots
finding-pubmed-42520970,pubmed-42520970,42520970,10.1016/j.tjnut.2026.101753,Diet Quality and Micronutrient Intake among United States Adults Eligible for GLP-1 Receptor Agonist Antiobesity Medications: A Nationally Representative Analysis.,glp1-weight-cardiometabolic,metadata_only_needs_classification,human,E,retired_from_active_findings,topic_capacity_limit,2026-09-13,Git history and prior public-data snapshots
finding-pubmed-42521079,pubmed-42521079,42521079,10.1016/j.yjmcc.2026.07.014,Cell-specific ERK2 signaling in vascular smooth muscle cells drives vascular dysfunction and systolic heart failure.,cardiorespiratory-fitness,animal_study,mouse,D,retired_from_active_findings,title_topic_signal_missing,2026-09-13,Git history and prior public-data snapshots
finding-pubmed-42521105,pubmed-42521105,42521105,10.1016/j.phrs.2026.108359,ALY688 confers cardioprotection through macrophage TGFβ-mediated Treg/Th17 dependent multi-organ responses.,partial-reprogramming,animal_study,animal,D,retired_from_active_findings,title_topic_signal_missing,2026-09-13,Git history and prior public-data snapshots
finding-pubmed-42521161,pubmed-42521161,42521161,10.1016/j.fitote.2026.107399,"Chronological lifespan extension evaluation-driven comparative study of five Indian dietary spices for geroprotective action via phytochemical profiling, bioactivity screening and network pharmacology in Saccharomyces cerevisiae.",metformin-aging,metadata_only_needs_classification,human,E,retired_from_active_findings,title_topic_signal_missing,2026-09-13,Git history and prior public-data snapshots
finding-pubmed-42524887,pubmed-42524887,42524887,10.1111/acel.70649,"Progerin Hinders Autophagy Flux at Its Final Stages in Hutchinson-Gilford Progeria Syndrome Cells, Preventing Its Own Autophagic Degradation.",autophagy-mitophagy,metadata_only_needs_classification,human,D,retired_from_active_findings,topic_scope_mismatch,2026-09-13,Git history and prior public-data snapshots
finding-pubmed-42526426,pubmed-42526426,42526426,10.1152/ajpendo.00036.2026,PYY(3-36) potentiates semaglutide-mediated mitochondrial modulation in MASLD.,glp1-weight-cardiometabolic,animal_study,animal,D,retired_from_active_findings,nonhuman_record_in_human_outcome_topic,2026-09-13,Git history and prior public-data snapshots
finding-pubmed-42526991,pubmed-42526991,42526991,10.1016/j.ecl.2026.04.001,Beyond Insulin: Why Type 1 Diabetes Mellitus Needs More?,glp1-weight-cardiometabolic,narrative_review,needs_review,E,retired_from_active_findings,title_topic_signal_missing,2026-09-13,Git history and prior public-data snapshots
finding-pubmed-42529748,pubmed-42529748,42529748,10.1016/j.obpill.2026.100296,Nutritional considerations for glucagon-like peptide-based therapies: An Asian Indian consensus recommendation.,glp1-weight-cardiometabolic,narrative_review,human,E,retired_from_active_findings,title_topic_signal_missing,2026-09-13,Git history and prior public-data snapshots
finding-pubmed-42529802,pubmed-42529802,42529802,10.1080/15548627.2026.2711597,Inactivation of V-ATPase induces autophagy and ectopic Notch activation to promote intestinal stem cell differentiation in adult drosophila midgut.,autophagy-mitophagy,metadata_only_needs_classification,human,E,retired_from_active_findings,topic_scope_mismatch,2026-09-13,Git history and prior public-data snapshots
finding-pubmed-42530143,pubmed-42530143,42530143,10.1152/ajpendo.00067.2026,β-Hydroxybutyrate: a renoprotective hormone in polycystic kidney disease.,time-restricted-eating,narrative_review,human,E,retired_from_active_findings,title_topic_signal_missing,2026-09-13,Git history and prior public-data snapshots
finding-pubmed-42530606,pubmed-42530606,42530606,10.1007/s00535-026-02487-1,Clinical applications of gut microbiome for non-invasive diagnosis of colorectal neoplasia.,microbiome-inflammaging,metadata_only_needs_classification,human,D,retired_from_active_findings,topic_scope_mismatch,2026-09-13,Git history and prior public-data snapshots
finding-pubmed-42531502,pubmed-42531502,42531502,10.1152/ajpheart.00036.2026,Pulse waveform characteristics for diagnosis and longitudinal monitoring in heart failure with reduced ejection fraction.,blood-pressure-aging,metadata_only_needs_classification,human,E,retired_from_active_findings,title_topic_signal_missing,2026-09-13,Git history and prior public-data snapshots
finding-pubmed-42532024,pubmed-42532024,42532024,10.1152/japplphysiol.00578.2026,"Beyond hypothermia: mechanisms of death, rescue, and prevention in cold water immersion.",physical-activity-healthspan,narrative_review,human,E,retired_from_active_findings,title_topic_signal_missing,2026-09-13,Git history and prior public-data snapshots
finding-pubmed-42532346,pubmed-42532346,42532346,10.1016/j.diabres.2026.113472,Cardiorenal-metabolic phenotypes and risks of mortality and cardiovascular outcomes in type 2 diabetes: a retrospective cohort study.,blood-pressure-aging,human_cohort,human,B,retired_from_active_findings,title_topic_signal_missing,2026-09-13,Git history and prior public-data snapshots
finding-pubmed-42532455,pubmed-42532455,42532455,10.1016/j.jstrokecerebrovasdis.2026.108713,Ischemic stroke following transient ischemic attack: Sociodemographic and clinical risk factors in a national cohort.,blood-pressure-aging,human_cohort,human,B,retired_from_active_findings,title_topic_signal_missing,2026-09-13,Git history and prior public-data snapshots
finding-pubmed-42533096,pubmed-42533096,42533096,10.1038/s41422-026-01283-z,Ferroptotic propagation: from single-cell execution to tissue-scale death programs.,microbiome-inflammaging,animal_study,animal,D,retired_from_active_findings,title_topic_signal_missing,2026-09-13,Git history and prior public-data snapshots
finding-pubmed-42533465,pubmed-42533465,42533465,10.1002/edm2.70298,Tirzepatide and SGLT2 Inhibitors for Heart Failure With Preserved Ejection Fraction and Obesity: Entering a New Cardiometabolic Therapeutic Era.,glp1-weight-cardiometabolic,narrative_review,human,E,retired_from_active_findings,topic_capacity_limit,2026-09-13,Git history and prior public-data snapshots
finding-pubmed-42535524,pubmed-42535524,42535524,10.1161/JAHA.126.050186,Frailty and 1-Year Prognosis of Patients With Ischemic Stroke: A Multicenter Cohort Study.,resistance-training-muscle,human_cohort,human,B,retired_from_active_findings,topic_scope_mismatch,2026-09-13,Git history and prior public-data snapshots
finding-pubmed-42535843,pubmed-42535843,42535843,10.1128/mbio.01589-26,Differential pro-tumorigenic effects of Helicobacter pylori and Streptococcus anginosus on AGS cells: contact-dependent versus metabolite-driven mechanisms.,microbiome-inflammaging,mechanistic_or_cell_study,human,E,retired_from_active_findings,title_topic_signal_missing,2026-09-13,Git history and prior public-data snapshots
finding-pubmed-42536478,pubmed-42536478,42536478,10.1016/j.celrep.2026.117766,Nutrient stress activates RAB5B-mediated autophagy to remodel the synaptic proteome.,autophagy-mitophagy,metadata_only_needs_classification,human,E,retired_from_active_findings,topic_scope_mismatch,2026-09-13,Git history and prior public-data snapshots
finding-pubmed-42537304,pubmed-42537304,42537304,10.1016/j.jhazmat.2026.143121,Ambient PM(2.5) exposure and sleep quality: Evidence from circadian DNA methylation signatures in a population-based study.,sleep-aging,metadata_only_needs_classification,human,E,retired_from_active_findings,topic_capacity_limit,2026-09-13,Git history and prior public-data snapshots
finding-pubmed-42537394,pubmed-42537394,42537394,10.1016/j.biopha.2026.119824,Translational consistency of gene therapy strategies targeting inflammation in atrial fibrillation's management.,microbiome-inflammaging,narrative_review,human,E,retired_from_active_findings,title_topic_signal_missing,2026-09-13,Git history and prior public-data snapshots
finding-pubmed-42537529,pubmed-42537529,42537529,10.1016/j.lungcan.2026.109553,Low baseline cGAS expression is associated with longer progression-free survival in patients with pleural mesothelioma.,microbiome-inflammaging,metadata_only_needs_classification,human,E,retired_from_active_findings,title_topic_signal_missing,2026-09-13,Git history and prior public-data snapshots
finding-pubmed-42537991,pubmed-42537991,42537991,10.1044/2026_AJSLP-25-00538,The Influence of Physical Activity and Functional Capacity on Frailty and Dysphagia in Community-Dwelling Older Adults.,physical-activity-healthspan,metadata_only_needs_classification,human,E,retired_from_active_findings,topic_capacity_limit,2026-09-13,Git history and prior public-data snapshots
finding-pubmed-42541426,pubmed-42541426,42541426,10.1002/arch.70201,Neuroprotective Potential of Spermidine in Drosophila sws Neurodegenerative Model.,autophagy-mitophagy,metadata_only_needs_classification,needs_review,E,retired_from_active_findings,topic_scope_mismatch,2026-09-13,Git history and prior public-data snapshots
finding-pubmed-42542297,pubmed-42542297,42542297,10.1016/j.clnesp.2026.105005,Real-world evaluation of the effectiveness and safety of tirzepatide in patients with obesity: a prospective study.,glp1-weight-cardiometabolic,human_cohort,human,C,retired_from_active_findings,topic_capacity_limit,2026-09-13,Git history and prior public-data snapshots
finding-pubmed-42543109,pubmed-42543109,42543109,10.1016/j.bbi.2026.106936,Maternal gut microbiota disruption alters postpartum maternal behavior in association with modulation of stress responses and brain tryptophan metabolism in mice.,microbiome-inflammaging,animal_study,mouse,C,retired_from_active_findings,topic_scope_mismatch,2026-09-13,Git history and prior public-data snapshots
finding-pubmed-42543472,pubmed-42543472,42543472,10.1186/s12947-026-00379-1,Right ventricular-pulmonary artery uncoupling identifies higher risk of combined pulmonary hypertension in patients undergoing TAVR.,blood-pressure-aging,metadata_only_needs_classification,human,C,retired_from_active_findings,topic_scope_mismatch,2026-09-13,Git history and prior public-data snapshots
finding-pubmed-42545008,pubmed-42545008,42545008,10.1128/spectrum.00742-26,Ramadan fasting induces temporal gut microbiome remodeling without metabolic improvement in adults with prediabetes.,time-restricted-eating,metadata_only_needs_classification,human,E,retired_from_active_findings,title_topic_signal_missing,2026-09-13,Git history and prior public-data snapshots
finding-pubmed-42545022,pubmed-42545022,42545022,10.1128/spectrum.00343-26,Effects of liraglutide on gut bacterial community dynamics.,glp1-weight-cardiometabolic,animal_study,mouse,D,retired_from_active_findings,nonhuman_record_in_human_outcome_topic,2026-09-13,Git history and prior public-data snapshots
finding-pubmed-42545610,pubmed-42545610,42545610,10.1007/s12602-026-11154-z,"Comparative Assessment of Autochthonous Probiotic Lactic Acid Bacteria on Growth Performance, Blood Biochemistry, and Intestinal Microbiota of Broiler Chickens in Côte d'Ivoire.",microbiome-inflammaging,metadata_only_needs_classification,human,D,retired_from_active_findings,topic_scope_mismatch,2026-09-13,Git history and prior public-data snapshots
finding-pubmed-42545685,pubmed-42545685,42545685,10.1001/jama.2026.9350,Addition of High-Dose Vitamin D3 to Standard Treatment in Patients With Metastatic Colorectal Cancer: The SOLARIS Randomized Clinical Trial (Alliance A021703).,blood-pressure-aging,human_randomized_or_clinical_trial,human,C,retired_from_active_findings,title_topic_signal_missing,2026-09-13,Git history and prior public-data snapshots
finding-pubmed-42546117,pubmed-42546117,42546117,10.1093/humrep/deag118,Mitochondria-targeted therapeutic strategies in assisted reproduction: challenges and potential solutions.,rapamycin-mtor-aging,narrative_review,human,E,retired_from_active_findings,title_topic_signal_missing,2026-09-13,Git history and prior public-data snapshots
finding-pubmed-42546367,pubmed-42546367,42546367,10.1016/j.drugalcdep.2026.113282,Evaluating Utah's.05 BAC law: Alcohol-involved crash fatalities among 21-24y/o drivers compared to contiguous states.,physical-activity-healthspan,metadata_only_needs_classification,human,E,retired_from_active_findings,title_topic_signal_missing,2026-09-13,Git history and prior public-data snapshots
finding-pubmed-42546687,pubmed-42546687,42546687,10.1016/j.cell.2026.07.022,Milk osteopontin alters the infant microbiome to drive DC hematopoiesis and disease tolerance.,microbiome-inflammaging,animal_study,mouse,C,retired_from_active_findings,topic_scope_mismatch,2026-09-13,Git history and prior public-data snapshots
finding-pubmed-42547047,pubmed-42547047,42547047,10.5653/cerm.2026.09488,The impact of nicotinamide mononucleotide on ovarian health: A comprehensive literature review of preclinical evidence and therapeutic potential.,nad-nmn-nr-aging,narrative_review,human,D,retired_from_active_findings,topic_scope_mismatch,2026-09-13,Git history and prior public-data snapshots
finding-pubmed-42547499,pubmed-42547499,42547499,10.1152/japplphysiol.00351.2026,Cardiovascular and cognitive consequences of steep head-down tilt in awake older men.,blood-pressure-aging,metadata_only_needs_classification,human,E,retired_from_active_findings,title_topic_signal_missing,2026-09-13,Git history and prior public-data snapshots
finding-pubmed-42548290,pubmed-42548290,42548290,10.1111/jgs.70629,Evaluation of Hospital Readmission and Mortality Risk in Older Frail Patients Using the FIB-4 Index: A Cohort Study.,resistance-training-muscle,human_cohort,human,B,retired_from_active_findings,topic_scope_mismatch,2026-09-13,Git history and prior public-data snapshots
finding-pubmed-42550192,pubmed-42550192,42550192,10.1007/s00406-026-02330-x,Effects of an internet-based combined exercise and cognitive-behavioral therapy intervention on endocannabinoid system biomarkers and physical fitness in adults with mild-to-moderate depression: a SONRIE randomized controlled trial.,physical-activity-healthspan,human_randomized_or_clinical_trial,human,C,retired_from_active_findings,topic_capacity_limit,2026-09-13,Git history and prior public-data snapshots
finding-pubmed-42550240,pubmed-42550240,42550240,10.1093/bioinformatics/btag582,Assessing the influence of different alignment tools on the accuracy of a forensic epigenetic clock.,epigenetic-clocks,metadata_only_needs_classification,human,D,retired_from_active_findings,topic_scope_mismatch,2026-09-13,Git history and prior public-data snapshots
finding-pubmed-42551496,pubmed-42551496,42551496,10.1177/10538135261473293,Effects of Virtual Reality Versus Whole-Body Vibration on Muscle Strength and Balance in Children with Duchenne Muscular Dystrophy: a Randomized Controlled Trial.,resistance-training-muscle,human_randomized_or_clinical_trial,human,B,retired_from_active_findings,topic_scope_mismatch,2026-09-13,Git history and prior public-data snapshots
finding-pubmed-42552002,pubmed-42552002,42552002,10.1136/bmjopen-2026-116676,"Association between changes in working status and frailty across different types of employment: a longitudinal study in Korea, the world's most rapidly ageing nation.",resistance-training-muscle,human_cohort,human,B,retired_from_active_findings,topic_scope_mismatch,2026-09-13,Git history and prior public-data snapshots
finding-pubmed-42552963,pubmed-42552963,42552963,10.1080/0886022X.2026.2706213,Indoxyl sulfate exacerbates chronic inflammation and susceptibility to severe infection via modulating T-cell CD73/adenosine signaling in chronic kidney disease.,microbiome-inflammaging,animal_study,animal,C,retired_from_active_findings,topic_scope_mismatch,2026-09-13,Git history and prior public-data snapshots
finding-pubmed-42555627,pubmed-42555627,42555627,10.1002/dmrr.70213,"Weight Loss-Dependent Changes in Body Composition and Bone Health in People With Obesity and Type 1 Diabetes Treated With Liraglutide, Semaglutide, or Tirzepatide.",glp1-weight-cardiometabolic,metadata_only_needs_classification,human,E,retired_from_active_findings,topic_capacity_limit,2026-09-13,Git history and prior public-data snapshots
finding-pubmed-42556070,pubmed-42556070,42556070,10.1016/j.ctrv.2026.103200,Pharmacological prevention of second primary cancers: From chemoprevention to precision cancer interception.,metformin-aging,narrative_review,human,E,retired_from_active_findings,title_topic_signal_missing,2026-09-13,Git history and prior public-data snapshots
finding-pubmed-42556577,pubmed-42556577,42556577,10.1016/j.diabres.2026.113463,Heterogeneous impact of incident type 2 diabetes on six age-related diseases: A 27-Country European Cohort study.,blood-pressure-aging,human_cohort,human,B,retired_from_active_findings,title_topic_signal_missing,2026-09-13,Git history and prior public-data snapshots
finding-pubmed-42556625,pubmed-42556625,42556625,10.1016/j.phrs.2026.108365,The role of GLP-1 and GIP receptor agonists in the treatment of diabetes and obesity.,glp1-weight-cardiometabolic,narrative_review,human,E,retired_from_active_findings,topic_capacity_limit,2026-09-13,Git history and prior public-data snapshots
finding-pubmed-42556781,pubmed-42556781,42556781,10.1016/j.repc.2026.04.006,Dyslipidemia in primary care patients - Treatment and control (LANTERN study) Algarve.,ldl-apob-cardiovascular-risk,metadata_only_needs_classification,human,E,retired_from_active_findings,title_topic_signal_missing,2026-09-13,Git history and prior public-data snapshots
finding-pubmed-42556784,pubmed-42556784,42556784,10.1016/j.repc.2025.11.014,All-cause mortality benefits of attending phase 3 cardiac rehabilitation: A systematic review.,physical-activity-healthspan,systematic_review_or_meta_analysis,human,A,retired_from_active_findings,title_topic_signal_missing,2026-09-13,Git history and prior public-data snapshots
finding-pubmed-42556958,pubmed-42556958,42556958,10.1016/j.yasu.2026.03.011,Surgery on Patients Taking Glucagon-Like Peptide-1 Receptor Agonists.,glp1-weight-cardiometabolic,narrative_review,human,E,retired_from_active_findings,title_topic_signal_missing,2026-09-13,Git history and prior public-data snapshots
finding-pubmed-42557355,pubmed-42557355,42557355,10.1038/s41564-026-02431-2,IL-1 family signalling drives mucosal defence against systemic Candida albicans infection.,microbiome-inflammaging,metadata_only_needs_classification,needs_review,E,retired_from_active_findings,title_topic_signal_missing,2026-09-13,Git history and prior public-data snapshots
finding-pubmed-42558048,pubmed-42558048,42558048,10.1161/ATVBAHA.126.324797,Endothelial Shear-Stress-Responsive Gene Adenylate Cyclase 4 Suppresses Atherosclerosis by Inhibiting cAMP/PKA-NF-κB Mediated Vascular Inflammation.,glp1-weight-cardiometabolic,animal_study,mouse,D,retired_from_active_findings,title_topic_signal_missing,2026-09-13,Git history and prior public-data snapshots
finding-pubmed-42559616,pubmed-42559616,42559616,10.1055/a-2832-4161,"Epidemiology of Peripheral Artery Disease, Risk Factors, and Trends.",blood-pressure-aging,narrative_review,human,E,retired_from_active_findings,title_topic_signal_missing,2026-09-13,Git history and prior public-data snapshots
finding-pubmed-42559924,pubmed-42559924,42559924,10.1097/MCO.0000000000001247,Scores to monitor inflammatory effects of a diet: a useful concept?,dietary-pattern-longevity,narrative_review,human,E,retired_from_active_findings,topic_capacity_limit,2026-09-13,Git history and prior public-data snapshots
finding-pubmed-42560020,pubmed-42560020,42560020,10.1111/dom.71067,Real-World Effectiveness and Treatment Patterns of Tirzepatide in a Large UK Digital Health Cohort.,glp1-weight-cardiometabolic,human_cohort,human,C,retired_from_active_findings,topic_capacity_limit,2026-09-13,Git history and prior public-data snapshots
finding-pubmed-42561445,pubmed-42561445,42561445,10.52628/92.2.15471,Reduced Serum Klotho Levels in Disuse-Induced Skeletal Muscle Atrophy: An Experimental Study Related to Orthopedic Immobilization.,klotho-il11-aging,animal_study,animal,C,retired_from_active_findings,topic_scope_mismatch,2026-09-13,Git history and prior public-data snapshots
finding-pubmed-42561825,pubmed-42561825,42561825,10.1016/j.gerinurse.2026.104212,Relationships between frailty and health-related outcomes over the first two years after hip-fracture surgery: A prospective cohort study.,resistance-training-muscle,human_cohort,human,B,retired_from_active_findings,topic_scope_mismatch,2026-09-13,Git history and prior public-data snapshots
finding-pubmed-42561959,pubmed-42561959,42561959,10.1016/j.chom.2026.06.018,Lactobacillus gasseri postbiotics ameliorate age-related decline in endometrial receptivity.,microbiome-inflammaging,animal_study,mouse,D,retired_from_active_findings,title_topic_signal_missing,2026-09-13,Git history and prior public-data snapshots
finding-pubmed-42561981,pubmed-42561981,42561981,10.1016/j.lanhl.2026.100875,Effectiveness of dyadic interventions in improving outcomes for adults with multiple long-term conditions or frailty and their informal carers: a systematic review.,resistance-training-muscle,systematic_review_or_meta_analysis,human,B,retired_from_active_findings,topic_scope_mismatch,2026-09-13,Git history and prior public-data snapshots
finding-pubmed-42562960,pubmed-42562960,42562960,10.1038/s41371-026-01196-9,Arterial-myocardial coupling in primary light chain amyloidosis: A prospective observational study of vascular involvement.,blood-pressure-aging,metadata_only_needs_classification,human,E,retired_from_active_findings,title_topic_signal_missing,2026-09-13,Git history and prior public-data snapshots
finding-pubmed-42563210,pubmed-42563210,42563210,10.1111/1541-4337.70589,The Chemistry of Time: Flavor Evolution and Functional Health Benefits in Aged Tea.,microbiome-inflammaging,narrative_review,human,E,retired_from_active_findings,title_topic_signal_missing,2026-09-13,Git history and prior public-data snapshots
finding-pubmed-42563701,pubmed-42563701,42563701,10.3892/mmr.2026.13985,Histone deacetylase 3‑mediated histone deacetylation combined with activating transcription factor 3 promotes renal fibrosis by inhibiting Klotho.,klotho-il11-aging,animal_study,mouse,D,retired_from_active_findings,topic_scope_mismatch,2026-09-13,Git history and prior public-data snapshots
finding-pubmed-42565029,pubmed-42565029,42565029,10.1016/j.ijcrp.2026.200686,Tocotrienol-rich fraction of vitamin E in diabetes and cardiovascular disease: From molecular mechanisms to clinical application.,ldl-apob-cardiovascular-risk,narrative_review,human,E,retired_from_active_findings,title_topic_signal_missing,2026-09-13,Git history and prior public-data snapshots
finding-pubmed-42565180,pubmed-42565180,42565180,10.1016/j.obpill.2026.100308,"Projected budget impact of pharmacotherapy scenarios for obesity and related conditions in Peru: A national survey analysis of 76,819 participants.",glp1-weight-cardiometabolic,metadata_only_needs_classification,human,E,retired_from_active_findings,title_topic_signal_missing,2026-09-13,Git history and prior public-data snapshots
finding-pubmed-42567397,pubmed-42567397,42567397,10.1016/j.exer.2026.111189,Cellular senescence in posterior segment neovascular diseases: A proposed feed-forward amplification model.,senolytics,narrative_review,human,D,retired_from_active_findings,topic_scope_mismatch,2026-09-13,Git history and prior public-data snapshots
finding-pubmed-42567622,pubmed-42567622,42567622,10.1016/j.jsmc.2026.06.004,"Central Sleep Apnea: Pathophysiology, Diagnosis and Classification.",sleep-aging,narrative_review,needs_review,E,retired_from_active_findings,topic_capacity_limit,2026-09-13,Git history and prior public-data snapshots
finding-pubmed-42567623,pubmed-42567623,42567623,10.1016/j.jsmc.2026.06.005,Central Sleep Apnea in Cardiovascular Diseases.,sleep-aging,narrative_review,human,E,retired_from_active_findings,topic_capacity_limit,2026-09-13,Git history and prior public-data snapshots
finding-pubmed-42567624,pubmed-42567624,42567624,10.1016/j.jsmc.2026.05.003,Central Sleep Apnea in Renal and Endocrine Disease.,sleep-aging,narrative_review,human,E,retired_from_active_findings,topic_capacity_limit,2026-09-13,Git history and prior public-data snapshots
finding-pubmed-42567626,pubmed-42567626,42567626,10.1016/j.jsmc.2026.06.001,Idiopathic Central Sleep Apnea.,sleep-aging,narrative_review,human,E,retired_from_active_findings,topic_capacity_limit,2026-09-13,Git history and prior public-data snapshots
finding-pubmed-42569259,pubmed-42569259,42569259,10.1016/j.ynirp.2026.100389,Resting state brain activity and association with transfer of cognitive training gains.,physical-activity-healthspan,metadata_only_needs_classification,human,E,retired_from_active_findings,title_topic_signal_missing,2026-09-13,Git history and prior public-data snapshots
finding-pubmed-42570327,pubmed-42570327,42570327,10.1002/ueg2.70268,Course of Portal Hypertension and Its Prognostic Impact After Liver Transplantation.,blood-pressure-aging,metadata_only_needs_classification,human,E,retired_from_active_findings,topic_scope_mismatch,2026-09-13,Git history and prior public-data snapshots
finding-pubmed-42570448,pubmed-42570448,42570448,10.1016/j.jgo.2026.103077,"Time-restricted eating to entrain circadian rhythms, increase physiological responsiveness, and prevent stressor-induced frailty: A pilot randomized controlled trial.",resistance-training-muscle,human_randomized_or_clinical_trial,human,B,retired_from_active_findings,topic_scope_mismatch,2026-09-13,Git history and prior public-data snapshots
finding-pubmed-42570529,pubmed-42570529,42570529,10.1016/j.maturitas.2026.109078,"Whole-person strengths, challenges, and needs across the reproductive lifespan: A cross-sectional consumer-generated health data study.",physical-activity-healthspan,metadata_only_needs_classification,human,E,retired_from_active_findings,title_topic_signal_missing,2026-09-13,Git history and prior public-data snapshots
finding-pubmed-42570712,pubmed-42570712,42570712,10.1016/j.mcn.2026.104112,The gut-brain-mitophagy axis: Urolithin A as a transcriptional activator of Parkin in Alzheimer's and Parkinson's diseases.,nad-nmn-nr-aging,narrative_review,needs_review,E,retired_from_active_findings,title_topic_signal_missing,2026-09-13,Git history and prior public-data snapshots
finding-pubmed-42570738,pubmed-42570738,42570738,10.1016/j.exger.2026.113271,Dynamic trajectories of possible sarcopenia under the AWGS 2025 criteria and long-term prognosis: A national landmark cohort study.,resistance-training-muscle,human_cohort,human,B,retired_from_active_findings,topic_scope_mismatch,2026-09-13,Git history and prior public-data snapshots
finding-pubmed-42570745,pubmed-42570745,42570745,10.1016/j.critrevonc.2026.105531,"Detection, occurrence, development, diagnosis and treatment of vaginal microbiome in gynecological cancers.",microbiome-inflammaging,narrative_review,human,C,retired_from_active_findings,topic_scope_mismatch,2026-09-13,Git history and prior public-data snapshots
finding-pubmed-42571324,pubmed-42571324,42571324,10.1016/j.metop.2026.100487,Metabolic signature across Life's Essential 8 profiles is heterogenous and may predict cardiovascular disease and mortality.,physical-activity-healthspan,metadata_only_needs_classification,human,E,retired_from_active_findings,title_topic_signal_missing,2026-09-13,Git history and prior public-data snapshots
finding-pubmed-42571450,pubmed-42571450,42571450,10.1016/j.ijcchd.2026.100699,Prognostic value of serial NT-proBNP assay in adults with congenital heart disease and biventricular physiology.,physical-activity-healthspan,human_cohort,human,B,retired_from_active_findings,title_topic_signal_missing,2026-09-13,Git history and prior public-data snapshots
finding-pubmed-42573012,pubmed-42573012,42573012,10.1002/advs.76962,Fibrillarin Resists Cellular Senescence Via SIRT1-Dependent Nicotinamide Metabolism and Its Inhibition Sensitizes Senolytic Therapy in Esophageal Squamous Cell Carcinoma.,senolytics,metadata_only_needs_classification,human,D,retired_from_active_findings,topic_scope_mismatch,2026-09-13,Git history and prior public-data snapshots
finding-pubmed-42573249,pubmed-42573249,42573249,10.1128/mbio.01127-26,Ecology of protection: probiotic biogeography and sepsis prevention in the neonatal intestine.,microbiome-inflammaging,animal_study,mouse,D,retired_from_active_findings,title_topic_signal_missing,2026-09-13,Git history and prior public-data snapshots
finding-pubmed-42573891,pubmed-42573891,42573891,10.1007/s12265-026-10827-y,Nicotinamide Mononucleotide Ameliorates Myocardial Fibrosis in Diabetic Mice Possibly by Modulating SIRT3 to Deacetylate GSK3β and Thereby Reducing the Phosphorylation of Smad3.,nad-nmn-nr-aging,animal_study,mouse,D,retired_from_active_findings,topic_scope_mismatch,2026-09-13,Git history and prior public-data snapshots
finding-pubmed-42575344,pubmed-42575344,42575344,10.1016/j.diabres.2026.113493,Changes in recorded background glucose-lowering therapy after initiation of a GLP-1 receptor agonist or dual GIP/GLP-1 receptor agonist in adults with type 2 diabetes.,glp1-weight-cardiometabolic,metadata_only_needs_classification,human,D,retired_from_active_findings,topic_capacity_limit,2026-09-13,Git history and prior public-data snapshots
finding-pubmed-42576131,pubmed-42576131,42576131,10.1007/s11357-026-02480-9,"Dose-response effects of physical activity intensity and duration on frailty phenotype, frailty index, and survival: representative evidence from a 10-year national cohort of chinese older adults.",resistance-training-muscle,human_cohort,human,B,retired_from_active_findings,topic_scope_mismatch,2026-09-13,Git history and prior public-data snapshots
finding-pubmed-42576802,pubmed-42576802,42576802,10.1111/tra.70045,Mechanism of Autophagic Extracellular Vesicles Revealed.,autophagy-mitophagy,metadata_only_needs_classification,human,E,retired_from_active_findings,title_topic_signal_missing,2026-09-13,Git history and prior public-data snapshots
finding-pubmed-42577959,pubmed-42577959,42577959,10.1002/imt2.70166,A gut microbiome-lipid axis in early pregnancy is associated with metabolic dysregulation and diabetes risk.,microbiome-inflammaging,animal_study,animal,D,retired_from_active_findings,topic_scope_mismatch,2026-09-13,Git history and prior public-data snapshots
finding-pubmed-42578314,pubmed-42578314,42578314,10.1111/jgh.70619,"MAFLD/MASLD: Past, Present, and Future.",glp1-weight-cardiometabolic,narrative_review,human,E,retired_from_active_findings,title_topic_signal_missing,2026-09-13,Git history and prior public-data snapshots
finding-pubmed-42578528,pubmed-42578528,42578528,10.1111/aas.70315,Blood Pressure Targets During General Anaesthesia in High-Risk Patients-A Randomised Clinical Feasibility Trial.,blood-pressure-aging,human_randomized_or_clinical_trial,human,C,retired_from_active_findings,topic_scope_mismatch,2026-09-13,Git history and prior public-data snapshots
finding-pubmed-42578670,pubmed-42578670,42578670,10.1128/spectrum.03153-24,Exploring the hypothetical role of Bacteroides species in depression progression: insights from metagenomic analysis.,microbiome-inflammaging,metadata_only_needs_classification,human,E,retired_from_active_findings,title_topic_signal_missing,2026-09-13,Git history and prior public-data snapshots
finding-pubmed-42579127,pubmed-42579127,42579127,10.1021/acs.est.6c05329,Decabromodiphenyl Ethane Sensitizes Zebrafish to Alcoholic Liver Injury by Compromising NAD+-Mediated Multicellular Responses.,nad-nmn-nr-aging,metadata_only_needs_classification,human,E,retired_from_active_findings,topic_scope_mismatch,2026-09-13,Git history and prior public-data snapshots
finding-pubmed-42580514,pubmed-42580514,42580514,10.1016/j.yjmcc.2026.08.005,Cardiometabolic stress induces HFpEF with impaired bioenergetics and disrupted proteostasis in aged female mice.,autophagy-mitophagy,animal_study,mouse,D,retired_from_active_findings,title_topic_signal_missing,2026-09-13,Git history and prior public-data snapshots
finding-pubmed-42580629,pubmed-42580629,42580629,10.1016/j.eprac.2026.08.006,Semaglutide vs Metabolic and Bariatric Surgery and Cardiovascular Outcomes in Obesity.,glp1-weight-cardiometabolic,metadata_only_needs_classification,human,D,retired_from_active_findings,topic_capacity_limit,2026-09-13,Git history and prior public-data snapshots
finding-pubmed-42581082,pubmed-42581082,42581082,10.1038/s41577-026-01335-w,Immune surveillance and immune evasion of senescent cells.,senolytics,narrative_review,human,D,retired_from_active_findings,topic_scope_mismatch,2026-09-13,Git history and prior public-data snapshots
finding-pubmed-42581588,pubmed-42581588,42581588,10.1093/ajrcmb/aanag145,Glutaminase regulates alveolar regeneration through autophagy-YAP/TAZ in pulmonary fibrosis.,autophagy-mitophagy,animal_study,mouse,D,retired_from_active_findings,topic_scope_mismatch,2026-09-13,Git history and prior public-data snapshots
finding-pubmed-42581695,pubmed-42581695,42581695,10.1177/08853282261476791,Membrane-camouflaged liposomes Co-delivering L-Arg and NMN for reprogramming macrophage nitric oxide metabolism in atherosclerosis.,nad-nmn-nr-aging,mechanistic_or_cell_study,cell,D,retired_from_active_findings,topic_scope_mismatch,2026-09-13,Git history and prior public-data snapshots
finding-pubmed-42583998,pubmed-42583998,42583998,10.1002/rmv.70195,Oncoviruses at the Crossroads of Ageing and Cancer: Molecular Mechanisms and Key Signalling Pathways.,microbiome-inflammaging,narrative_review,human,E,retired_from_active_findings,title_topic_signal_missing,2026-09-13,Git history and prior public-data snapshots
finding-pubmed-42584186,pubmed-42584186,42584186,10.1097/CCM.0000000000007304,Postintensive Care Frailty of Older Patients With Septic Shock: A Post Hoc Analysis of a Multicenter Randomized Controlled Trial.,resistance-training-muscle,human_randomized_or_clinical_trial,human,B,retired_from_active_findings,topic_scope_mismatch,2026-09-13,Git history and prior public-data snapshots
finding-pubmed-42584791,pubmed-42584791,42584791,10.1007/s41999-026-01579-8,Effect of bodyweight interval training on frailty status in older adults: a randomized controlled trial.,resistance-training-muscle,human_randomized_or_clinical_trial,human,B,retired_from_active_findings,topic_scope_mismatch,2026-09-13,Git history and prior public-data snapshots
finding-pubmed-42584970,pubmed-42584970,42584970,10.3724/abbs.2026146,Corrigendum to: Decreased dynamin-related protein 1-related mitophagy induces myocardial apoptosis in the aging heart.,autophagy-mitophagy,metadata_only_needs_classification,needs_review,E,retired_from_active_findings,non_result_publication_title,2026-09-13,Git history and prior public-data snapshots
finding-pubmed-42585603,pubmed-42585603,42585603,10.1212/WNL.0000000000218420,Individualized vs Standard Blood Pressure Control During Thrombectomy for Ischemic Stroke: The DETERMINE Randomized Clinical Trial.,blood-pressure-aging,human_randomized_or_clinical_trial,human,B,retired_from_active_findings,topic_scope_mismatch,2026-09-13,Git history and prior public-data snapshots
finding-pubmed-42586072,pubmed-42586072,42586072,10.1016/j.medj.2026.101261,Engineered mesenchymal stem cells regulate integrated stress response for fibrosis therapy.,nad-nmn-nr-aging,metadata_only_needs_classification,human,E,retired_from_active_findings,title_topic_signal_missing,2026-09-13,Git history and prior public-data snapshots
finding-pubmed-42586389,pubmed-42586389,42586389,10.1016/j.exger.2026.113278,PRMT6 drives hearing loss by promoting asymmetric arginine dimethylation-mediated FOXG1 degradation and suppressing mitophagy.,autophagy-mitophagy,animal_study,mouse,D,retired_from_active_findings,topic_scope_mismatch,2026-09-13,Git history and prior public-data snapshots
finding-pubmed-42587241,pubmed-42587241,42587241,10.1007/s10519-026-10277-x,Selective Breeding for Voluntary Wheel-Running Behavior in Mice is not Associated with Reduced Lifetime Reproductive Success or Lifespan Under Long-Term Paired Breeding Conditions.,physical-activity-healthspan,animal_study,mouse,D,retired_from_active_findings,title_topic_signal_missing,2026-09-13,Git history and prior public-data snapshots
finding-pubmed-42587278,pubmed-42587278,42587278,10.1186/s12872-026-06450-z,CMR-based aortic stiffness parameters in a symptomatic high risk obstructive sleep apnea cohort: results from the population-based Hamburg City Health Study.,sleep-aging,human_cohort,human,C,retired_from_active_findings,topic_capacity_limit,2026-09-13,Git history and prior public-data snapshots
finding-pubmed-42591629,pubmed-42591629,42591629,10.1007/s13205-026-05017-1,Study on the mosquitocidal mechanism of microencapsulated natural plant extracts based on gut microbiota regulation.,microbiome-inflammaging,metadata_only_needs_classification,human,E,retired_from_active_findings,topic_scope_mismatch,2026-09-13,Git history and prior public-data snapshots
finding-pubmed-42593595,pubmed-42593595,42593595,10.1007/s12012-026-10171-2,Senolytics Reverse PM(2.5) - Induced Cell and Vascular Dysfunction.,senolytics,animal_study,mouse,D,retired_from_active_findings,topic_scope_mismatch,2026-09-13,Git history and prior public-data snapshots
finding-pubmed-42594368,pubmed-42594368,42594368,10.26635/6965.7454,Hand grip strength and future hospitalisations in Māori and non-Māori New Zealand octogenarians: the LiLACS NZ cohort study.,resistance-training-muscle,human_cohort,human,B,retired_from_active_findings,topic_scope_mismatch,2026-09-13,Git history and prior public-data snapshots
finding-pubmed-42594504,pubmed-42594504,42594504,10.1016/j.jnha.2026.100943,Effects of a multidomain intervention on physical performance and sarcopenia in long-term care facility residents: The I-COUNT pilot randomized controlled trial.,resistance-training-muscle,human_randomized_or_clinical_trial,human,B,retired_from_active_findings,topic_scope_mismatch,2026-09-13,Git history and prior public-data snapshots
finding-pubmed-42594524,pubmed-42594524,42594524,10.1016/j.nutres.2026.07.006,Protocol for the CLOCKS study: A 4-arm randomized controlled trial testing the independent and combined effects of 2 chronotherapies-early time-restricted eating and daytime bright light therapy-in adults with type 2 diabetes.,time-restricted-eating,protocol_or_registered_plan,human,E,retired_from_active_findings,protocol_or_registered_plan,2026-09-13,Git history and prior public-data snapshots
finding-pubmed-42594949,pubmed-42594949,42594949,10.1055/a-2928-9370,Phytochemical Investigation of Origanum calcaratum Extracts and in vitro Study against Cellular Senescence.,senolytics,mechanistic_or_cell_study,cell,E,retired_from_active_findings,topic_scope_mismatch,2026-09-13,Git history and prior public-data snapshots
finding-pubmed-42595561,pubmed-42595561,42595561,10.1016/j.arbres.2026.07.002,Combined Assessment of Frailty and Respiratory Function in Idiopathic Pulmonary Fibrosis: A Prospective Cohort Study.,resistance-training-muscle,human_cohort,human,B,retired_from_active_findings,topic_scope_mismatch,2026-09-13,Git history and prior public-data snapshots
finding-pubmed-42595793,pubmed-42595793,42595793,10.1038/s41417-026-01071-2,Nicotinamide mononucleotide potentiates the anti-tumor efficacy of CAR-NK cell therapy targeting MSLN in ovarian cancer.,nad-nmn-nr-aging,metadata_only_needs_classification,human,E,retired_from_active_findings,topic_scope_mismatch,2026-09-13,Git history and prior public-data snapshots
finding-pubmed-42596069,pubmed-42596069,42596069,10.1002/adhm.71590,3D-Printable and Bioelectronic-Compatible Graphene-Reinforced PLA Nanocomposites Rejuvenate Aged Bone Regeneration Through Glycolytic Reprogramming.,microbiome-inflammaging,animal_study,animal,D,retired_from_active_findings,title_topic_signal_missing,2026-09-13,Git history and prior public-data snapshots
finding-pubmed-42596870,pubmed-42596870,42596870,10.1042/CS20250837,Inorganic phosphate: a link between processed food and exercise intolerance in the modern world.,klotho-il11-aging,narrative_review,human,E,retired_from_active_findings,title_topic_signal_missing,2026-09-13,Git history and prior public-data snapshots
finding-pubmed-42598160,pubmed-42598160,42598160,10.15537/1658-3175.8842,"Patient Experiences and Safety Concerns Regarding GLP-1 Receptor Agonists for Obesity: A Cross-Sectional Survey in Jeddah, Saudi Arabia.",glp1-weight-cardiometabolic,metadata_only_needs_classification,human,E,retired_from_active_findings,topic_capacity_limit,2026-09-13,Git history and prior public-data snapshots
finding-pubmed-42598912,pubmed-42598912,42598912,10.1111/febs.70695,A live-cell autophagy reporter reveals reversible vacuolation in naked mole-rat skin fibroblasts under lysosomal stress.,autophagy-mitophagy,animal_study,animal,D,retired_from_active_findings,topic_scope_mismatch,2026-09-13,Git history and prior public-data snapshots
finding-pubmed-42599922,pubmed-42599922,42599922,10.1371/journal.pone.0355842,Sex differences in the effects of shift work-like schedules on gut microbiome and intestinal barrier in relation to stroke survival.,microbiome-inflammaging,animal_study,animal,C,retired_from_active_findings,topic_scope_mismatch,2026-09-13,Git history and prior public-data snapshots
finding-pubmed-42599973,pubmed-42599973,42599973,10.1371/journal.ppat.1014367,Engineered Lactobacillus paracasei 3×pBD1/ΔHLJ-27 as a novel antibiotic alternative for livestock: Dual efficacy in growth promotion and protection against Salmonella infection via integrated host-microbiota-immune regulation.,microbiome-inflammaging,animal_study,animal,C,retired_from_active_findings,topic_scope_mismatch,2026-09-13,Git history and prior public-data snapshots
finding-pubmed-42605908,pubmed-42605908,42605908,10.1002/acr.80139,Individuals with Multi-Joint Osteoarthritis Demonstrate Larger Longitudinal Declines in Frailty: Data from the Canadian Longitudinal Study on Aging.,resistance-training-muscle,human_cohort,human,B,retired_from_active_findings,topic_scope_mismatch,2026-09-13,Git history and prior public-data snapshots
finding-pubmed-42606034,pubmed-42606034,42606034,10.1113/JP290953,Unlocking metabolic plasticity: The potential effects of exercise to amplify time-restricted feeding benefits in aged obese female mice.,time-restricted-eating,animal_study,mouse,D,retired_from_active_findings,nonhuman_record_in_human_outcome_topic,2026-09-13,Git history and prior public-data snapshots
finding-pubmed-42606601,pubmed-42606601,42606601,10.1093/gerona/glag196,Modifiable risk factors for mortality across life course: a pooled population-based cohort study.,blood-pressure-aging,human_cohort,human,B,retired_from_active_findings,title_topic_signal_missing,2026-09-13,Git history and prior public-data snapshots
finding-pubmed-42606694,pubmed-42606694,42606694,10.1002/jbt.71076,Fisetin Attenuates Amyloid-Beta-Induced Neurotoxicity in Human Neuroblastoma SH-SY5Y Cells: Integrating In Silico Target Prediction and In Vitro Validation.,senolytics,mechanistic_or_cell_study,human,E,retired_from_active_findings,topic_scope_mismatch,2026-09-13,Git history and prior public-data snapshots
finding-pubmed-42607619,pubmed-42607619,42607619,10.1016/j.smim.2026.102053,The multifaceted roles of cellular senescence in liver pathophysiology: from tissue repair to tumor progression.,senolytics,narrative_review,human,D,retired_from_active_findings,topic_scope_mismatch,2026-09-13,Git history and prior public-data snapshots
finding-pubmed-42607665,pubmed-42607665,42607665,10.1016/j.cmet.2026.08.005,Protein restriction and the hallmarks of aging: A coordinated physiological adaptive response?,caloric-restriction-human,metadata_only_needs_classification,cell,E,retired_from_active_findings,title_topic_signal_missing,2026-09-13,Git history and prior public-data snapshots
finding-pubmed-42607669,pubmed-42607669,42607669,10.1016/j.stem.2026.07.013,Ovarian aging and systemic health: Mechanisms and emerging intervention strategies.,senolytics,narrative_review,cell,E,retired_from_active_findings,title_topic_signal_missing,2026-09-13,Git history and prior public-data snapshots
finding-pubmed-42607684,pubmed-42607684,42607684,10.1016/j.molcel.2026.07.027,ER-liquid condensate contacts sequester FAM134B/C and RhoA to govern cell morphology.,autophagy-mitophagy,animal_study,mouse,D,retired_from_active_findings,title_topic_signal_missing,2026-09-13,Git history and prior public-data snapshots
finding-pubmed-42607739,pubmed-42607739,42607739,10.1016/j.rmed.2026.109109,Sex differences in the association between clinically diagnosed sleep apnea & all-cause mortality: Findings from a national veterans database.,sleep-aging,metadata_only_needs_classification,human,D,retired_from_active_findings,topic_capacity_limit,2026-09-13,Git history and prior public-data snapshots
finding-pubmed-42608126,pubmed-42608126,42608126,10.1016/j.amj.2026.05.008,A Retrospective Comparison of Etomidate and Ketamine for Prehospital Rapid Sequence Intubation.,blood-pressure-aging,metadata_only_needs_classification,human,E,retired_from_active_findings,title_topic_signal_missing,2026-09-13,Git history and prior public-data snapshots
finding-pubmed-42608598,pubmed-42608598,42608598,10.1007/s00431-026-07333-3,"Gross motor function, functional level, physical performance, and muscle strength in preschool children newly diagnosed with cancer: Data from the RePlay trial.",resistance-training-muscle,human_randomized_or_clinical_trial,human,B,retired_from_active_findings,topic_scope_mismatch,2026-09-13,Git history and prior public-data snapshots
finding-pubmed-42609005,pubmed-42609005,42609005,10.1080/15548627.2026.2719429,Non-cell autonomous control of presynaptic remodeling by the hypothalamic autophagy-NPY axis.,autophagy-mitophagy,metadata_only_needs_classification,human,E,retired_from_active_findings,topic_scope_mismatch,2026-09-13,Git history and prior public-data snapshots
finding-pubmed-42609010,pubmed-42609010,42609010,10.1177/19386400261471652,Influence of GLP-1 Receptor Agonists on Surgical and Nonsurgical Treatment of Ankle Osteoarthritis.,glp1-weight-cardiometabolic,human_cohort,human,C,retired_from_active_findings,topic_capacity_limit,2026-09-13,Git history and prior public-data snapshots
finding-pubmed-42609603,pubmed-42609603,42609603,10.1002/hsr2.72974,Comparing Two Frailty Tools for the Prediction of Mortality in Older People Admitted to Hospital in Tanzania: A Prospective Cohort Study.,resistance-training-muscle,human_cohort,human,B,retired_from_active_findings,topic_scope_mismatch,2026-09-13,Git history and prior public-data snapshots
finding-pubmed-42610694,pubmed-42610694,42610694,10.1093/geront/gnag200,Midlife physical activity and late-life subjective cognitive complaints in women.,physical-activity-healthspan,metadata_only_needs_classification,human,E,retired_from_active_findings,topic_capacity_limit,2026-09-13,Git history and prior public-data snapshots
finding-pubmed-42612337,pubmed-42612337,42612337,10.1016/j.atherosclerosis.2026.121866,Lipoprotein(a) carries triglyceride species associated with incident cardiovascular disease.,ldl-apob-cardiovascular-risk,mechanistic_or_cell_study,human,E,retired_from_active_findings,title_topic_signal_missing,2026-09-13,Git history and prior public-data snapshots
finding-pubmed-42612647,pubmed-42612647,42612647,10.1016/S2468-2667(26)00145-3,"Measuring the composition and availability of human resources for health by sex in 204 countries and territories, 1990-2023, and workforce gaps for universal health coverage: a systematic analysis for the Global Burden of Disease Study 2023.",blood-pressure-aging,metadata_only_needs_classification,human,E,retired_from_active_findings,title_topic_signal_missing,2026-09-13,Git history and prior public-data snapshots
finding-pubmed-42612648,pubmed-42612648,42612648,10.1016/S2468-2667(26)00143-X,Global and regional progress towards reduced burden of oral conditions between 2019 and 2023: a systematic analysis for the Global Burden of Disease Study 2023.,blood-pressure-aging,metadata_only_needs_classification,human,E,retired_from_active_findings,title_topic_signal_missing,2026-09-13,Git history and prior public-data snapshots
finding-pubmed-42613745,pubmed-42613745,42613745,10.1177/02683555261478716,Association of clinical frailty with the development and adverse outcomes of venous diseases: A systematic review and meta-analysis.,resistance-training-muscle,systematic_review_or_meta_analysis,human,B,retired_from_active_findings,topic_scope_mismatch,2026-09-13,Git history and prior public-data snapshots
finding-pubmed-42614099,pubmed-42614099,42614099,10.1093/ehjacc/zuag108,Frailty Assessment and the Risk of Major Adverse Cardiac Events after Elective Surgery.,resistance-training-muscle,metadata_only_needs_classification,human,D,retired_from_active_findings,topic_scope_mismatch,2026-09-13,Git history and prior public-data snapshots
finding-pubmed-42614502,pubmed-42614502,42614502,10.1177/26416549261448405,Repeated-Dose 28-Day Oral Toxicity Study of a Salmonella enterica Serovar Typhimurium Bacteriophage Cocktail (SE.PC) in BALB/c Mice.,microbiome-inflammaging,animal_study,mouse,D,retired_from_active_findings,title_topic_signal_missing,2026-09-13,Git history and prior public-data snapshots
finding-pubmed-42615666,pubmed-42615666,42615666,10.1590/1414-431X2026e15295,Nicotinamide mononucleotide alleviates the streptozotocin-mediated ferroptosis of islet β-cells via the Nrf2/GPX4 pathway.,nad-nmn-nr-aging,metadata_only_needs_classification,human,D,retired_from_active_findings,topic_scope_mismatch,2026-09-13,Git history and prior public-data snapshots
finding-pubmed-42616978,pubmed-42616978,42616978,10.4103/npmj.npmj_580_25,Association of 10-year Cardiovascular Risk with Left Ventricular Hypertrophy in a Population of Nigerian Hypertensives.,blood-pressure-aging,metadata_only_needs_classification,human,E,retired_from_active_findings,title_topic_signal_missing,2026-09-13,Git history and prior public-data snapshots
finding-pubmed-42617474,pubmed-42617474,42617474,10.1016/j.jnha.2026.100948,Fasting plasma amino acid profiles after resistance exercise with or without nutritional supplementation in older adults: an exploratory analysis of secondary outcomes from a randomized controlled trial.,physical-activity-healthspan,human_randomized_or_clinical_trial,human,C,retired_from_active_findings,topic_capacity_limit,2026-09-13,Git history and prior public-data snapshots
finding-pubmed-42618017,pubmed-42618017,42618017,10.1016/j.jogn.2026.07.002,Biomarkers for Biological Aging in Postmenopausal Women.,microbiome-inflammaging,narrative_review,human,E,retired_from_active_findings,title_topic_signal_missing,2026-09-13,Git history and prior public-data snapshots
finding-pubmed-42620560,pubmed-42620560,42620560,10.1016/j.obpill.2026.100317,Increasing skeletal muscle mass and strength during incretin-based weight loss.,glp1-weight-cardiometabolic,metadata_only_needs_classification,human,E,retired_from_active_findings,title_topic_signal_missing,2026-09-13,Git history and prior public-data snapshots
finding-pubmed-42622131,pubmed-42622131,42622131,10.1161/JAHA.125.045805,Obstructive Sleep Apnea and the Risk of Cardiovascular Disease and Stroke Among Patients With Cancer: Analyses From a Multicenter Electronic Health Care Records-Based Database.,sleep-aging,metadata_only_needs_classification,human,D,retired_from_active_findings,topic_capacity_limit,2026-09-13,Git history and prior public-data snapshots
finding-pubmed-42622217,pubmed-42622217,42622217,10.1161/JAHA.125.048147,Program to Avoid Cerebrovascular Events Through Systematic Electronic Tracking and Tailoring of an Eminent Risk Factor: A Randomized Trial.,blood-pressure-aging,human_randomized_or_clinical_trial,human,B,retired_from_active_findings,title_topic_signal_missing,2026-09-13,Git history and prior public-data snapshots
finding-pubmed-42622235,pubmed-42622235,42622235,10.1111/nep.70269,Epidemiological Transition of Renal Mortality in Chiapas (2000-2024): Autonomy of CKDu and the Rise of Hypertensive Nephropathy-A Time-Series Ecological Study.,blood-pressure-aging,metadata_only_needs_classification,human,E,retired_from_active_findings,title_topic_signal_missing,2026-09-13,Git history and prior public-data snapshots
finding-pubmed-42622637,pubmed-42622637,42622637,10.1007/s00103-026-04288-6,[Walkability in older age: built environment factors and function-sensitive assessment in urban areas].,physical-activity-healthspan,narrative_review,human,E,retired_from_active_findings,title_topic_signal_missing,2026-09-13,Git history and prior public-data snapshots
finding-pubmed-42623424,pubmed-42623424,42623424,10.1371/journal.ppat.1014459,Fecal microbiota transplantation alleviates adverse pregnancy outcomes and intestinal injury in experimental malaria.,microbiome-inflammaging,animal_study,mouse,C,retired_from_active_findings,topic_scope_mismatch,2026-09-13,Git history and prior public-data snapshots
finding-pubmed-42623710,pubmed-42623710,42623710,10.1016/j.archger.2026.106381,The longitudinal association between resilience and frailty in older adults with chronic diseases in China: A national longitudinal study.,resistance-training-muscle,human_cohort,human,B,retired_from_active_findings,topic_scope_mismatch,2026-09-13,Git history and prior public-data snapshots
finding-pubmed-42623973,pubmed-42623973,42623973,10.1016/j.jnha.2026.100957,"Sleep habits and the risk of physical, psychological and cognitive multimorbidities: a national prospective cohort study.",sleep-aging,human_cohort,human,C,retired_from_active_findings,topic_capacity_limit,2026-09-13,Git history and prior public-data snapshots
finding-pubmed-42624612,pubmed-42624612,42624612,10.1136/bmjment-2026-302828,Cognitive signs and symptoms in people with a psychiatric diagnosis on semaglutide: a retrospective cohort study of 13 007 patients in the USA.,glp1-weight-cardiometabolic,human_cohort,human,C,retired_from_active_findings,topic_capacity_limit,2026-09-13,Git history and prior public-data snapshots
finding-pubmed-42624958,pubmed-42624958,42624958,10.1007/s10072-026-09341-5,The association of self- and interviewer-reported cognitive problems with frailty progression and subsequent all-cause mortality risk: a large-scale cohort study.,resistance-training-muscle,human_cohort,human,B,retired_from_active_findings,topic_scope_mismatch,2026-09-13,Git history and prior public-data snapshots
finding-pubmed-42625389,pubmed-42625389,42625389,10.1111/acel.70674,Molecular Mechanisms of Age-Related Taste Dysfunction Deciphered by Spatiotemporal Transcriptomics.,microbiome-inflammaging,animal_study,mouse,D,retired_from_active_findings,title_topic_signal_missing,2026-09-13,Git history and prior public-data snapshots
finding-pubmed-42625400,pubmed-42625400,42625400,10.1111/acel.70680,Surviving Fibroblasts After Treatment With Mitomycin C Exhibit SASP-Like Phenotype After Glaucoma Filtration Surgery.,senolytics,mechanistic_or_cell_study,human,E,retired_from_active_findings,title_topic_signal_missing,2026-09-13,Git history and prior public-data snapshots
finding-pubmed-42625473,pubmed-42625473,42625473,10.1111/risa.70339,When Communication Enables Catastrophe: Nuclear Risk and the Short Lifetimes of Technological Civilizations: A Bayesian Scenario Analysis of Civilizational Survival and the Fermi Paradox.,physical-activity-healthspan,metadata_only_needs_classification,human,E,retired_from_active_findings,title_topic_signal_missing,2026-09-13,Git history and prior public-data snapshots
finding-pubmed-42625929,pubmed-42625929,42625929,10.5409/wjcp.118730,Current and forthcoming pharmacotherapies for adolescent obesity: Evidence-based review.,glp1-weight-cardiometabolic,narrative_review,human,E,retired_from_active_findings,title_topic_signal_missing,2026-09-13,Git history and prior public-data snapshots
finding-pubmed-42625955,pubmed-42625955,42625955,10.1002/mco2.70950,Predicting Gut Microbiome Diversity and Core Species From the Urine Metabolome.,microbiome-inflammaging,metadata_only_needs_classification,needs_review,E,retired_from_active_findings,topic_scope_mismatch,2026-09-13,Git history and prior public-data snapshots
finding-pubmed-42626428,pubmed-42626428,42626428,10.1021/acsomega.6c02977,Evaluation of Human Serum Albumin Nanoparticles for Rapamycin Delivery.,rapamycin-mtor-aging,mechanistic_or_cell_study,cell,D,retired_from_active_findings,topic_scope_mismatch,2026-09-13,Git history and prior public-data snapshots
finding-pubmed-42626765,pubmed-42626765,42626765,10.1111/acel.70667,RICTOR Prevents Decidualization Disorder in Women With Advanced Maternal Age via Regulating FoxO1 Nuclear Export.,rapamycin-mtor-aging,animal_study,mouse,D,retired_from_active_findings,title_topic_signal_missing,2026-09-13,Git history and prior public-data snapshots
finding-pubmed-42626789,pubmed-42626789,42626789,10.1002/hon.70239,Epigenetic Rewiring and Context-Dependent Therapeutic Vulnerabilities in Myeloproliferative Neoplasms.,epigenetic-clocks,narrative_review,human,E,retired_from_active_findings,title_topic_signal_missing,2026-09-13,Git history and prior public-data snapshots
finding-pubmed-42626943,pubmed-42626943,42626943,10.1111/jdi.70424,Frailty and low body mass index as key determinants of sodium-glucose cotransporter 2 inhibitor-specific adverse event-related discontinuation in adults aged ≥75 years: A multicenter real-world retrospective cohort study.,resistance-training-muscle,human_cohort,human,B,retired_from_active_findings,topic_scope_mismatch,2026-09-13,Git history and prior public-data snapshots
finding-pubmed-42626969,pubmed-42626969,42626969,10.1111/ajag.70219,Health and Physical Activity Outcomes in Age-Friendly Cities and Communities: A Systematic Review of Emerging Evidence and a Future Research Agenda.,physical-activity-healthspan,systematic_review_or_meta_analysis,human,E,retired_from_active_findings,topic_capacity_limit,2026-09-13,Git history and prior public-data snapshots
finding-pubmed-42627215,pubmed-42627215,42627215,10.1093/ibd/izag167,GLP-1 receptor agonist therapy is associated with increased symptomatic remission in ulcerative colitis: a matched cohort study.,glp1-weight-cardiometabolic,human_cohort,human,C,retired_from_active_findings,topic_capacity_limit,2026-09-13,Git history and prior public-data snapshots
finding-pubmed-42628474,pubmed-42628474,42628474,10.1016/j.gerinurse.2026.104259,An electronic medical record-based frailty index as a locally constructed composite risk score associated with septic shock and mortality in older patients with community-acquired pneumonia.,resistance-training-muscle,metadata_only_needs_classification,human,D,retired_from_active_findings,topic_scope_mismatch,2026-09-13,Git history and prior public-data snapshots
finding-pubmed-42628841,pubmed-42628841,42628841,10.1016/j.mcpro.2026.101648,Nicotinamide mononucleotide combined glucose counteracts iron overload induced mitochondrial dysfunction in mice under hypobaric hypoxia.,nad-nmn-nr-aging,animal_study,mouse,D,retired_from_active_findings,topic_scope_mismatch,2026-09-13,Git history and prior public-data snapshots
finding-pubmed-42629115,pubmed-42629115,42629115,10.1016/S1875-5364(26)61206-X,Astragalus polysaccharide ameliorates ischemic stroke via modulating the microbiota-gut-brain axis.,microbiome-inflammaging,animal_study,mouse,D,retired_from_active_findings,topic_scope_mismatch,2026-09-13,Git history and prior public-data snapshots
finding-pubmed-42629116,pubmed-42629116,42629116,10.1016/S1875-5364(26)61205-8,Hederagenin attenuates renal senescence in diabetic kidney disease by inhibiting DNMT1-mediated Klotho DNA methylation.,klotho-il11-aging,mixed_human_and_animal_study,mixed_human_animal,D,retired_from_active_findings,topic_scope_mismatch,2026-09-13,Git history and prior public-data snapshots
finding-pubmed-42629583,pubmed-42629583,42629583,10.1111/acel.70677,LivAge: An Online Aging Clock for Murine Transcriptomic Age Estimation.,epigenetic-clocks,animal_study,mouse,D,retired_from_active_findings,nonhuman_record_in_human_outcome_topic,2026-09-13,Git history and prior public-data snapshots
finding-pubmed-42631046,pubmed-42631046,42631046,10.1002/pmf2.70367,"Recurrent hypertensive disorders of pregnancy and subsequent maternal coronary heart disease, stroke, and all-cause mortality.",blood-pressure-aging,human_cohort,human,B,retired_from_active_findings,title_topic_signal_missing,2026-09-13,Git history and prior public-data snapshots
finding-pubmed-42631664,pubmed-42631664,42631664,10.1111/acel.70683,Network Model to Predict Age-Related Transcriptional Reprogramming.,partial-reprogramming,mechanistic_or_cell_study,human,E,retired_from_active_findings,title_topic_signal_missing,2026-09-13,Git history and prior public-data snapshots
finding-pubmed-42632593,pubmed-42632593,42632593,10.1016/j.clnesp.2026.105063,ASSOCIATION OF COMBINED FRAILTY AND NUTRITIONAL RISK ASSESSMENT WITH MORTALITY IN CRITICALLY ILL PATIENTS.,resistance-training-muscle,metadata_only_needs_classification,human,D,retired_from_active_findings,topic_scope_mismatch,2026-09-13,Git history and prior public-data snapshots
finding-pubmed-42633051,pubmed-42633051,42633051,10.1016/j.ijcrp.2026.200687,Cost-effectiveness of early inclisiran for the secondary prevention of cardiovascular disease in Aboriginal and Torres Strait Islander Australians: A Markov modelling analysis.,ldl-apob-cardiovascular-risk,metadata_only_needs_classification,human,E,retired_from_active_findings,title_topic_signal_missing,2026-09-13,Git history and prior public-data snapshots
finding-pubmed-42633655,pubmed-42633655,42633655,10.1093/geront/gnag205,"Adverse Childhood Experiences, Cognitive Outcomes, and Frailty in Older Adults: A Systematic Review and Meta-analysis.",resistance-training-muscle,systematic_review_or_meta_analysis,human,B,retired_from_active_findings,topic_scope_mismatch,2026-09-13,Git history and prior public-data snapshots
finding-pubmed-42633989,pubmed-42633989,42633989,10.1111/bcpt.70290,"Low-Dose Fisetin Supplementation and Its Association With Chronic Inflammation in Middle-Aged and Older Adults: Study Protocol for a Triple-Blind, Randomised, Placebo-Controlled Trial.",senolytics,protocol_or_registered_plan,human,E,retired_from_active_findings,non_result_publication_title,2026-09-13,Git history and prior public-data snapshots
finding-pubmed-42634294,pubmed-42634294,42634294,10.3349/ymj.2025.0370,Development of a Multimodal Machine Learning Model for Predicting Second Osteoporotic Vertebral Compression Fractures.,physical-activity-healthspan,metadata_only_needs_classification,human,E,retired_from_active_findings,title_topic_signal_missing,2026-09-13,Git history and prior public-data snapshots
finding-pubmed-42634795,pubmed-42634795,42634795,10.1210/jendso/bvag177,Weight loss outcomes with tirzepatide in women with and without self-reported polycystic ovary syndrome.,glp1-weight-cardiometabolic,metadata_only_needs_classification,human,E,retired_from_active_findings,topic_capacity_limit,2026-09-13,Git history and prior public-data snapshots
finding-pubmed-42635554,pubmed-42635554,42635554,10.1093/rheumatology/keag429,Single-cell profiling reveals senescent bone marrow mesenchymal stem cell subpopulations driving pathological ossification in ankylosing spondylitis.,microbiome-inflammaging,metadata_only_needs_classification,human,E,retired_from_active_findings,title_topic_signal_missing,2026-09-13,Git history and prior public-data snapshots
finding-pubmed-42635904,pubmed-42635904,42635904,10.1007/s40618-026-02954-9,Muscle strength and HbA1c in geriatric patients with and without diabetes: a retrospective observational cohort study.,resistance-training-muscle,human_cohort,human,C,retired_from_active_findings,topic_scope_mismatch,2026-09-13,Git history and prior public-data snapshots
finding-pubmed-42636832,pubmed-42636832,42636832,10.1016/S1470-2045(26)00278-0,"Durvalumab and tremelimumab, with or without lenvatinib, combined with transarterial chemoembolisation in participants with embolisation-eligible hepatocellular carcinoma (EMERALD-3): a global, randomised, open-label, sponsor-blinded, phase 3 study.",blood-pressure-aging,human_randomized_or_clinical_trial,human,B,retired_from_active_findings,title_topic_signal_missing,2026-09-13,Git history and prior public-data snapshots
finding-pubmed-42637491,pubmed-42637491,42637491,10.1016/j.jvn.2026.06.004,Coexistence of peripheral artery disease and coronary artery disease: Prevalence and contributing factors.,blood-pressure-aging,metadata_only_needs_classification,human,E,retired_from_active_findings,title_topic_signal_missing,2026-09-13,Git history and prior public-data snapshots
finding-pubmed-42638166,pubmed-42638166,42638166,10.1111/dom.71250,Trends in Cost of Care With Tirzepatide in Adults Aged Over 55 Years With Obesity or Overweight Without Diabetes: A Matched Cohort Analysis.,glp1-weight-cardiometabolic,human_cohort,human,C,retired_from_active_findings,topic_capacity_limit,2026-09-13,Git history and prior public-data snapshots
finding-pubmed-42639402,pubmed-42639402,42639402,10.3892/ol.2026.15815,EGR1 regulates IGF-1-stimulated pancreatic cancer cell invasion by increasing IL-11 expression.,klotho-il11-aging,metadata_only_needs_classification,human,D,retired_from_active_findings,topic_scope_mismatch,2026-09-13,Git history and prior public-data snapshots
finding-pubmed-42640132,pubmed-42640132,42640132,10.1002/advs.77214,Klotho-Derived Peptide 1 Protects against Acute Kidney Injury by Directly Targeting Mitochondrial ATAD3A.,klotho-il11-aging,animal_study,mouse,C,retired_from_active_findings,topic_scope_mismatch,2026-09-13,Git history and prior public-data snapshots
finding-pubmed-42640319,pubmed-42640319,42640319,10.1007/s00044-026-03612-8,Centanafadine (Simtriyo®): a first-in-class triple reuptake inhibitor approved for attention-deficit/hyperactivity disorder (ADHD).,sleep-aging,metadata_only_needs_classification,needs_review,E,retired_from_active_findings,title_topic_signal_missing,2026-09-13,Git history and prior public-data snapshots
finding-pubmed-42640940,pubmed-42640940,42640940,10.1093/sleep/zsag224,Dementia Risk in Patients with Comorbid Insomnia and Obstructive Sleep Apnea: A Propensity Score-Matched Cohort Study.,sleep-aging,human_cohort,human,C,retired_from_active_findings,topic_capacity_limit,2026-09-13,Git history and prior public-data snapshots
finding-pubmed-42641329,pubmed-42641329,42641329,10.1016/j.gerinurse.2026.104334,Identifying symptom-specific intervention targets for multidimensional frailty in community-dwelling older adults with chronic diseases: A network-based simulation approach.,resistance-training-muscle,human_cohort,human,B,retired_from_active_findings,topic_scope_mismatch,2026-09-13,Git history and prior public-data snapshots
finding-pubmed-42641413,pubmed-42641413,42641413,10.1016/j.ejon.2026.103297,Measurement tools for social frailty in cancer patients: A systematic review.,resistance-training-muscle,systematic_review_or_meta_analysis,human,B,retired_from_active_findings,topic_scope_mismatch,2026-09-13,Git history and prior public-data snapshots
finding-pubmed-42641835,pubmed-42641835,42641835,10.1016/j.cpcardiol.2026.103432,Clinical Frailty Scale for Risk Stratification in Elderly Patients with Heart Failure: A Meta-Analysis.,resistance-training-muscle,systematic_review_or_meta_analysis,human,B,retired_from_active_findings,topic_scope_mismatch,2026-09-13,Git history and prior public-data snapshots
finding-pubmed-42641925,pubmed-42641925,42641925,10.1016/j.ajt.2026.08.014,Performance-Based Frailty Tools Capture Distinct Risk Phenotypes in Kidney Transplant Candidates: A Comparative Analysis of FRAIL and SPPB.,resistance-training-muscle,human_cohort,human,B,retired_from_active_findings,topic_scope_mismatch,2026-09-13,Git history and prior public-data snapshots
finding-pubmed-42642147,pubmed-42642147,42642147,10.1016/j.tjog.2026.02.005,"The addition of bevacizumab to combination chemotherapy in patients with recurrent, persistent, or metastatic cervical cancer: Aretrospective single-arm study.",blood-pressure-aging,metadata_only_needs_classification,human,E,retired_from_active_findings,title_topic_signal_missing,2026-09-13,Git history and prior public-data snapshots
finding-pubmed-42642241,pubmed-42642241,42642241,10.1016/j.jvoice.2026.08.003,Quercetin Attenuates Vocal Fold Fibrosis via PI3K/AKT and MAPK Pathways: An Integrative Network Pharmacology and Experimental Study.,senolytics,animal_study,animal,D,retired_from_active_findings,topic_scope_mismatch,2026-09-13,Git history and prior public-data snapshots
finding-pubmed-42642715,pubmed-42642715,42642715,10.1111/ggi.70818,"Weekend Warrior Physical Activity, Sedentary Behavior, and Incident Disability in Middle-Aged and Older Adults: A UK Biobank Accelerometer Study.",physical-activity-healthspan,metadata_only_needs_classification,human,E,retired_from_active_findings,topic_capacity_limit,2026-09-13,Git history and prior public-data snapshots
finding-pubmed-42642787,pubmed-42642787,42642787,10.1111/acel.70684,Aging-Related Myocardial Susceptibility Lowers Cardiac Tolerance to Chronic Intermittent Hypoxia Through Dynamin-Related Protein 1-Associated Mitochondrial Vulnerability.,sleep-aging,animal_study,mouse,D,retired_from_active_findings,title_topic_signal_missing,2026-09-13,Git history and prior public-data snapshots
finding-pubmed-42642993,pubmed-42642993,42642993,10.1111/liv.70843,Portal Vein Thrombosis Risk in Cirrhotic Patients With Portal Hypertension on Beta-Blockers: A Multi-Institutional Cohort Study.,blood-pressure-aging,human_cohort,human,B,retired_from_active_findings,topic_scope_mismatch,2026-09-13,Git history and prior public-data snapshots
finding-pubmed-42643064,pubmed-42643064,42643064,10.1111/apt.70938,Clinical Trial: Intensive Supervised Nutritional Therapy Versus Guideline-Based Nutritional Advice for Sarcopenia in Decompensated Cirrhosis-A Randomised Controlled Trial.,resistance-training-muscle,human_randomized_or_clinical_trial,human,B,retired_from_active_findings,topic_scope_mismatch,2026-09-13,Git history and prior public-data snapshots
finding-pubmed-42643169,pubmed-42643169,42643169,10.1016/j.obpill.2026.100315,One-year weight loss and metabolic outcomes after laparoscopic sleeve gastrectomy in adolescents compared with young adults: A propensity score-matched cohort study.,glp1-weight-cardiometabolic,human_cohort,human,C,retired_from_active_findings,title_topic_signal_missing,2026-09-13,Git history and prior public-data snapshots
finding-pubmed-42643496,pubmed-42643496,42643496,10.3389/fimmu.2026.1764404,miR-204-5p attenuates inflammatory infiltration in early-stage chronic renal allograft dysfunction by modulating the IL-11/ERK1/2-NF-κB axis.,klotho-il11-aging,animal_study,animal,D,retired_from_active_findings,topic_scope_mismatch,2026-09-13,Git history and prior public-data snapshots
finding-pubmed-42643841,pubmed-42643841,42643841,10.1016/j.bbrep.2026.102752,NAD(+) metabolism influences TGF-β-associated transcriptional programs and the gut microbiota in murine models of colitis.,nad-nmn-nr-aging,animal_study,mouse,D,retired_from_active_findings,title_topic_signal_missing,2026-09-13,Git history and prior public-data snapshots
finding-pubmed-42644078,pubmed-42644078,42644078,10.3389/fpubh.2026.1866159,Prevalence and associated factors of cognitive frailty in older adults with heart failure: a systematic review and meta-analysis.,resistance-training-muscle,systematic_review_or_meta_analysis,human,A,retired_from_active_findings,topic_scope_mismatch,2026-09-13,Git history and prior public-data snapshots
finding-pubmed-42644246,pubmed-42644246,42644246,10.1161/CIRCRESAHA.126.328328,Mitophagy Facilitates Cytosolic Proteostasis to Preserve Cardiac Function.,autophagy-mitophagy,animal_study,mouse,C,retired_from_active_findings,topic_scope_mismatch,2026-09-13,Git history and prior public-data snapshots
finding-pubmed-42644866,pubmed-42644866,42644866,10.1002/oby.70267,Body Composition and Lifestyle Interventions in Pharmacological Treatment of Acquired Hypothalamic Obesity: A Systematic Review of Randomized Controlled Trials.,glp1-weight-cardiometabolic,systematic_review_or_meta_analysis,human,E,retired_from_active_findings,title_topic_signal_missing,2026-09-13,Git history and prior public-data snapshots
finding-pubmed-42645008,pubmed-42645008,42645008,10.3390/geriatrics11040104,Long-Term Physical Activity Patterns and Risk of Future Frailty: A Systematic Review and Age-Stratified Meta-Analysis.,resistance-training-muscle,systematic_review_or_meta_analysis,human,A,retired_from_active_findings,topic_scope_mismatch,2026-09-13,Git history and prior public-data snapshots
finding-pubmed-42645164,pubmed-42645164,42645164,10.3390/cells15161436,Nicotinamide Riboside Attenuates Cisplatin-Induced Hepatorenal Toxicity Through Restoration of NAD(+) Homeostasis and Nrf2/NQO1-Dependent Antioxidant Signaling.,nad-nmn-nr-aging,animal_study,animal,D,retired_from_active_findings,topic_scope_mismatch,2026-09-13,Git history and prior public-data snapshots
finding-pubmed-42647057,pubmed-42647057,42647057,10.1002/jbt.71089,Atmospheric Aerosol Neurotoxicity and Parkinson's Disease: Mechanisms and Perspectives.,autophagy-mitophagy,animal_study,animal,D,retired_from_active_findings,title_topic_signal_missing,2026-09-13,Git history and prior public-data snapshots
finding-pubmed-42647098,pubmed-42647098,42647098,10.1002/lary.70810,Nonscarring Alopecia in Adults Treated With GLP-1s: A Propensity Score Matched TriNetX Cohort Study.,glp1-weight-cardiometabolic,human_cohort,human,C,retired_from_active_findings,topic_capacity_limit,2026-09-13,Git history and prior public-data snapshots
finding-pubmed-42647124,pubmed-42647124,42647124,10.1073/pnas.2617749123,Parental niche construction buffers microbial and competitive challenges and drives offspring dependence in burying beetles.,microbiome-inflammaging,metadata_only_needs_classification,human,E,retired_from_active_findings,title_topic_signal_missing,2026-09-13,Git history and prior public-data snapshots
finding-pubmed-42649478,pubmed-42649478,42649478,10.1111/acel.70693,Timing-Dependent Clearance of p16-Positive Cells Mitigates Radiation-Induced Accelerated Aging.,senolytics,animal_study,mouse,D,retired_from_active_findings,title_topic_signal_missing,2026-09-13,Git history and prior public-data snapshots
finding-pubmed-42653188,pubmed-42653188,42653188,10.3390/ijms27167181,"Plant-Derived Senotherapeutics in Cellular Senescence: A Scoping Review of Preclinical Evidence, Mechanistic Pathways, and Metabolomic-Guided Discovery.",senolytics,narrative_review,human,D,retired_from_active_findings,topic_scope_mismatch,2026-09-13,Git history and prior public-data snapshots
finding-pubmed-42653995,pubmed-42653995,42653995,10.3390/molecules31162914,Quercetin as a Multifunctional Flavonol: Molecular Insights and Therapeutic Applications.,senolytics,narrative_review,cell,D,retired_from_active_findings,topic_scope_mismatch,2026-09-13,Git history and prior public-data snapshots
finding-pubmed-42655929,pubmed-42655929,42655929,10.1002/acr.80147,Associations of Frailty with the Risk of Incident Cancer and Cancer-related Mortality in Veterans with Rheumatoid Arthritis.,resistance-training-muscle,human_cohort,human,B,retired_from_active_findings,topic_scope_mismatch,2026-09-13,Git history and prior public-data snapshots
finding-pubmed-42655935,pubmed-42655935,42655935,10.1002/cam4.72164,Development of a Prognostic Survival Risk Score for Lung Cancer Patients With Type 2 Diabetes Mellitus: A Territory-Wide Retrospective Cohort Study.,blood-pressure-aging,human_cohort,human,B,retired_from_active_findings,title_topic_signal_missing,2026-09-13,Git history and prior public-data snapshots
finding-pubmed-42655937,pubmed-42655937,42655937,10.1111/dom.71271,Impact of Metformin Plus Lifestyle Intervention Compared With Lifestyle Intervention Alone on Prediabetes Remission in Participants With Impaired Glucose Regulation: The China DPP Study.,metformin-aging,metadata_only_needs_classification,human,D,retired_from_active_findings,topic_scope_mismatch,2026-09-13,Git history and prior public-data snapshots
finding-pubmed-42656071,pubmed-42656071,42656071,10.1097/WCO.0000000000001512,Recent advances in adult-onset disorders of muscle lipid metabolism.,physical-activity-healthspan,narrative_review,human,E,retired_from_active_findings,title_topic_signal_missing,2026-09-13,Git history and prior public-data snapshots
finding-pubmed-42656389,pubmed-42656389,42656389,10.1016/j.lanwpc.2026.101934,"The impact and evolution of environmental/occupational, behavioural, and metabolic risk factors on CVD burdens in the Asia-Pacific region from 1990 to 2023: a secondary analysis of the Global Burden of Disease Study 2023.",blood-pressure-aging,metadata_only_needs_classification,human,E,retired_from_active_findings,title_topic_signal_missing,2026-09-13,Git history and prior public-data snapshots
finding-pubmed-42656544,pubmed-42656544,42656544,10.3389/fcell.2026.1866640,Mitochondrial regulation of cellular senescence heterogeneity.,senolytics,narrative_review,cell,D,retired_from_active_findings,topic_scope_mismatch,2026-09-13,Git history and prior public-data snapshots
finding-pubmed-42656588,pubmed-42656588,42656588,10.1210/jendso/bvag190,Glycemia-based predictors of T2D development in adults with obesity and prediabetes: SURMOUNT-1 post hoc analysis.,glp1-weight-cardiometabolic,metadata_only_needs_classification,human,E,retired_from_active_findings,title_topic_signal_missing,2026-09-13,Git history and prior public-data snapshots
finding-pubmed-42656906,pubmed-42656906,42656906,10.1002/hsr2.72851,Association Between Opium Consumption and Lipid Profile: A Systematic Review and Meta-Analysis of Observational Studies.,ldl-apob-cardiovascular-risk,systematic_review_or_meta_analysis,human,E,retired_from_active_findings,title_topic_signal_missing,2026-09-13,Git history and prior public-data snapshots
finding-pubmed-42657453,pubmed-42657453,42657453,10.1002/1873-3468.70448,Translophagy-A potential link between autophagy impairment and translational errors.,autophagy-mitophagy,metadata_only_needs_classification,human,E,retired_from_active_findings,topic_scope_mismatch,2026-09-13,Git history and prior public-data snapshots
finding-pubmed-42657752,pubmed-42657752,42657752,10.1161/JAHA.125.047844,AMERICCAASS Registry: A Contemporary View of Heart Failure in the Americas.,physical-activity-healthspan,metadata_only_needs_classification,human,E,retired_from_active_findings,title_topic_signal_missing,2026-09-13,Git history and prior public-data snapshots
finding-pubmed-42658034,pubmed-42658034,42658034,10.1080/08037051.2026.2724736,Endothelial function in relation to low-level chronic residential air pollution in a general population: a cohort study.,blood-pressure-aging,human_cohort,human,C,retired_from_active_findings,title_topic_signal_missing,2026-09-13,Git history and prior public-data snapshots
finding-pubmed-42658118,pubmed-42658118,42658118,10.1016/j.adaj.2026.05.026,Longitudinal association between social frailty and poor oral health-related quality of life among middle-aged and older adults: Exploring the mediating role of cognitive function using a nationally representative cohort in the Republic of Korea.,resistance-training-muscle,human_cohort,human,B,retired_from_active_findings,topic_scope_mismatch,2026-09-13,Git history and prior public-data snapshots
finding-pubmed-42659046,pubmed-42659046,42659046,10.1080/13607863.2026.2720599,"The association of cumulative frailty with subsequent cognitive decline, dementia incidence, and all-cause mortality: a longitudinal cohort study.",resistance-training-muscle,human_cohort,human,B,retired_from_active_findings,topic_scope_mismatch,2026-09-13,Git history and prior public-data snapshots
finding-pubmed-42660153,pubmed-42660153,42660153,10.1016/S0140-6736(26)01071-8,Pre-eclampsia.,physical-activity-healthspan,narrative_review,human,E,retired_from_active_findings,title_topic_signal_missing,2026-09-13,Git history and prior public-data snapshots
finding-pubmed-42661334,pubmed-42661334,42661334,10.1111/acel.70658,A Mechanism-Based Framework for Anti-Aging Strategies: From Metabolic Regulation to Senotherapy and Stem Cell-Based Interventions.,caloric-restriction-human,narrative_review,cell,E,retired_from_active_findings,title_topic_signal_missing,2026-09-13,Git history and prior public-data snapshots
finding-pubmed-42661854,pubmed-42661854,42661854,10.1016/j.chpulm.2026.100279,Association Between Insomnia With or Without Comorbid Sleep Apnea and Endothelial Dysfunction in COPD.,sleep-aging,metadata_only_needs_classification,needs_review,E,retired_from_active_findings,topic_capacity_limit,2026-09-13,Git history and prior public-data snapshots
finding-pubmed-42662063,pubmed-42662063,42662063,10.1016/j.esmogo.2026.100399,"Structured surveillance in Lynch syndrome: effectiveness, limitations, and unmet needs.",microbiome-inflammaging,metadata_only_needs_classification,human,E,retired_from_active_findings,title_topic_signal_missing,2026-09-13,Git history and prior public-data snapshots
finding-pubmed-42665578,pubmed-42665578,42665578,10.1111/echo.70562,First-Phase Ejection Fraction: A Novel Approach to Detecting Early Systolic Dysfunction in Hypertrophic Cardiomyopathy.,blood-pressure-aging,metadata_only_needs_classification,human,E,retired_from_active_findings,title_topic_signal_missing,2026-09-13,Git history and prior public-data snapshots
finding-pubmed-42666091,pubmed-42666091,42666091,10.1093/eurheartj/ehag741,ESC Guidelines on prevention and rehabilitation in coronary heart disease and current practice: the EUROASPIRE VI survey.,physical-activity-healthspan,narrative_review,human,E,retired_from_active_findings,title_topic_signal_missing,2026-09-13,Git history and prior public-data snapshots
finding-pubmed-42666118,pubmed-42666118,42666118,10.1002/advs.77202,SPARC Drives Podocyte Mitochondrial Damage and Ferroptosis in Diabetic Kidney Disease Following Klotho Deficiency.,klotho-il11-aging,animal_study,mouse,D,retired_from_active_findings,topic_scope_mismatch,2026-09-13,Git history and prior public-data snapshots
finding-pubmed-42667066,pubmed-42667066,42667066,10.1016/j.omtn.2026.103001,ADAR RNA editing for cardiovascular disease: Targeting B4GALT1 to modulate lipid metabolism through reduced galactosyltransferase activity.,ldl-apob-cardiovascular-risk,animal_study,mouse,D,retired_from_active_findings,title_topic_signal_missing,2026-09-13,Git history and prior public-data snapshots
finding-pubmed-42667327,pubmed-42667327,42667327,10.1007/s11033-026-12596-y,NF-κB/NLRP3 inflammasome is associated with formaldehyde-induced reproductive and metabolic dysfunction: protective role of quercetin in rats.,senolytics,animal_study,animal,D,retired_from_active_findings,topic_scope_mismatch,2026-09-13,Git history and prior public-data snapshots
finding-pubmed-42667518,pubmed-42667518,42667518,10.1007/s11739-026-04502-y,Antidiabetic medications and arterial thrombotic risk reduction: a narrative review.,metformin-aging,narrative_review,human,E,retired_from_active_findings,title_topic_signal_missing,2026-09-13,Git history and prior public-data snapshots
finding-pubmed-42667937,pubmed-42667937,42667937,10.1016/j.cpcardiol.2026.103436,Cardiac rehabilitation after acute myocardial infarction: a review of its value and clinical impact.,physical-activity-healthspan,narrative_review,human,E,retired_from_active_findings,title_topic_signal_missing,2026-09-13,Git history and prior public-data snapshots
finding-pubmed-42667964,pubmed-42667964,42667964,10.1016/j.bcp.2026.118405,"Drug failure in diabetic kidney disease: translational barriers, target validation and trial de-risking strategies.",glp1-weight-cardiometabolic,narrative_review,human,E,retired_from_active_findings,title_topic_signal_missing,2026-09-13,Git history and prior public-data snapshots
finding-pubmed-42668074,pubmed-42668074,42668074,10.1016/j.phrs.2026.108420,Heterogeneous associations of antidiabetic medications with cancer prognosis: Evidence from 61 studies with over 1.1 million patients.,metformin-aging,metadata_only_needs_classification,human,E,retired_from_active_findings,title_topic_signal_missing,2026-09-13,Git history and prior public-data snapshots
finding-pubmed-42668122,pubmed-42668122,42668122,10.1016/j.arr.2026.103343,Living beyond our evolutionary warranty: Why non-communicable diseases may be the inevitable costs of an extended lifespan.,epigenetic-clocks,narrative_review,human,E,retired_from_active_findings,title_topic_signal_missing,2026-09-13,Git history and prior public-data snapshots
finding-pubmed-42668298,pubmed-42668298,42668298,10.1038/s41371-026-01204-y,"Global DNA methylation and hypertension control Vis-À-Vis lipids: an exploratory population based study from rural Punjab, India.",ldl-apob-cardiovascular-risk,metadata_only_needs_classification,human,E,retired_from_active_findings,title_topic_signal_missing,2026-09-13,Git history and prior public-data snapshots
finding-pubmed-42668312,pubmed-42668312,42668312,10.1038/s41366-026-02189-x,Effects of subcutaneous semaglutide on weight loss and inflammatory markers in adults with overweight or obesity without diabetes: a systematic review and meta-analysis.,glp1-weight-cardiometabolic,systematic_review_or_meta_analysis,human,E,retired_from_active_findings,topic_capacity_limit,2026-09-13,Git history and prior public-data snapshots
finding-pubmed-42668427,pubmed-42668427,42668427,10.1111/jgs.70685,Preoperative Moderate-Severe Excessive Daytime Sleepiness Is Associated With Postoperative Cognitive Dysfunction in Older Surgical Patients.,sleep-aging,metadata_only_needs_classification,human,E,retired_from_active_findings,topic_capacity_limit,2026-09-13,Git history and prior public-data snapshots
finding-pubmed-42669131,pubmed-42669131,42669131,10.1093/eurheartj/ehag736,Cardiovascular Prevention among Healthcare Professionals: the ESC Congress Cardiovascular Health Check 2025.,ldl-apob-cardiovascular-risk,metadata_only_needs_classification,human,E,retired_from_active_findings,title_topic_signal_missing,2026-09-13,Git history and prior public-data snapshots
finding-pubmed-42669151,pubmed-42669151,42669151,10.1016/j.celrep.2026.117849,NAD(+) precursor treatment prevents cardiomyopathy but disrupts erythroid maturation in mitochondrial progeria.,nad-nmn-nr-aging,animal_study,mouse,D,retired_from_active_findings,title_topic_signal_missing,2026-09-13,Git history and prior public-data snapshots
finding-pubmed-42669212,pubmed-42669212,42669212,10.1111/dme.70461,DiaActive protocol: A randomized controlled trial of cognitive-motor multicomponent exercise to reduce fall rate in older adults with diabetes.,physical-activity-healthspan,protocol_or_registered_plan,human,E,retired_from_active_findings,protocol_or_registered_plan,2026-09-13,Git history and prior public-data snapshots
finding-pubmed-42669320,pubmed-42669320,42669320,10.1016/j.ijpharm.2026.127363,"Intranasal delivery of Semaglutide using a thermoresponsive PNPHO nanocarrier: formulation development, characterization and biological evaluation.",glp1-weight-cardiometabolic,animal_study,animal,D,retired_from_active_findings,nonhuman_record_in_human_outcome_topic,2026-09-13,Git history and prior public-data snapshots
finding-pubmed-42669746,pubmed-42669746,42669746,10.1007/s11325-026-03794-w,Periodic limb movements of sleep and hypertension in patients with obstructive sleep apnea: a hypothesis-generating analysis from a polysomnographic cohort.,sleep-aging,human_cohort,human,C,retired_from_active_findings,topic_capacity_limit,2026-09-13,Git history and prior public-data snapshots
finding-pubmed-42670293,pubmed-42670293,42670293,10.1161/CIRCULATIONAHA.126.082436,Effects of Evolocumab on Mortality Outcomes in Patients Without Previous Myocardial Infarction or Stroke: A Prespecified Analysis of the VESALIUS-CV Randomized Clinical Trial.,ldl-apob-cardiovascular-risk,metadata_only_needs_classification,human,E,retired_from_active_findings,title_topic_signal_missing,2026-09-13,Git history and prior public-data snapshots
finding-pubmed-42670558,pubmed-42670558,42670558,10.1210/jcemcr/luag245,Tirzepatide non-response with subsequent semaglutide response in class 2 obesity.,glp1-weight-cardiometabolic,metadata_only_needs_classification,human,E,retired_from_active_findings,topic_capacity_limit,2026-09-13,Git history and prior public-data snapshots
finding-pubmed-42670686,pubmed-42670686,42670686,10.5414/CN112078,Associations of life's crucial 9 and its components with all-cause and cardiovascular mortality in diabetic kidney disease patients.,physical-activity-healthspan,metadata_only_needs_classification,human,E,retired_from_active_findings,title_topic_signal_missing,2026-09-13,Git history and prior public-data snapshots
finding-pubmed-42670724,pubmed-42670724,42670724,10.1177/21524971261484998,ROCK Inhibition Accelerates Mesenchymal-to-Epithelial Transition and Improves Early Survival During Human Fibroblast Reprogramming.,partial-reprogramming,metadata_only_needs_classification,human,E,retired_from_active_findings,title_topic_signal_missing,2026-09-13,Git history and prior public-data snapshots
finding-pubmed-42670762,pubmed-42670762,42670762,10.29063/ajrh2026/v30i16.9,"President Xi's Soft Power ""She Power"" initiative's impact on women's maternal health and schoolgirls in Balochistan, Pakistan.",physical-activity-healthspan,metadata_only_needs_classification,human,E,retired_from_active_findings,title_topic_signal_missing,2026-09-13,Git history and prior public-data snapshots
finding-pubmed-42671086,pubmed-42671086,42671086,10.1177/1358863X261447862,Association of physical activity with arterial stiffness and pulsatility in a community-based cohort.,physical-activity-healthspan,human_cohort,human,C,retired_from_active_findings,topic_capacity_limit,2026-09-13,Git history and prior public-data snapshots
finding-pubmed-42671243,pubmed-42671243,42671243,10.1002/jbt.71105,"Fisetin Attenuates Uterine Leiomyoma in Rats: Potential Crosstalk Between HMGB1, SphK1/S1P, and TGF-β Signaling.",senolytics,animal_study,animal,D,retired_from_active_findings,topic_scope_mismatch,2026-09-13,Git history and prior public-data snapshots
finding-pubmed-42671308,pubmed-42671308,42671308,10.1093/annalsats/aaoag259,Neighborhood Disadvantage Association with Sleep Apnea and Longitudinal Cardiovascular Events and Mortality.,sleep-aging,metadata_only_needs_classification,human,E,retired_from_active_findings,topic_capacity_limit,2026-09-13,Git history and prior public-data snapshots
finding-pubmed-42671364,pubmed-42671364,42671364,10.1016/j.healun.2026.07.008,Dapagliflozin in pulmonary arterial hypertension and chronic thromboembolic pulmonary hypertension: The DAPAH randomized controlled trial.,cardiorespiratory-fitness,human_randomized_or_clinical_trial,human,B,retired_from_active_findings,title_topic_signal_missing,2026-09-13,Git history and prior public-data snapshots
finding-pubmed-42671404,pubmed-42671404,42671404,10.4103/mgr.MEDGASRES-D-25-00280,Nitric oxide and hydrogen sulfide signaling pathways are involved in benign prostatic hyperplasia: pathophysiological development and novel therapeutic strategies.,autophagy-mitophagy,metadata_only_needs_classification,human,E,retired_from_active_findings,title_topic_signal_missing,2026-09-13,Git history and prior public-data snapshots
finding-pubmed-42671694,pubmed-42671694,42671694,10.1007/s10461-026-05289-x,"Aging with HIV: The Interplay of Neighborhood-Level Social Vulnerability, Social Support, and Physical Activity.",physical-activity-healthspan,metadata_only_needs_classification,human,E,retired_from_active_findings,topic_capacity_limit,2026-09-13,Git history and prior public-data snapshots
finding-pubmed-42671848,pubmed-42671848,42671848,10.1001/jamapediatrics.2026.3918,Biliary Events and GLP-1 Receptor Agonist Therapy in Adolescents and Young Adults.,glp1-weight-cardiometabolic,metadata_only_needs_classification,human,E,retired_from_active_findings,topic_capacity_limit,2026-09-13,Git history and prior public-data snapshots
finding-pubmed-42671953,pubmed-42671953,42671953,10.1159/ajn/ablag003,Adynamic Bone Disease in Chronic Kidney Disease: From PTH Suppression-Driven Remodeling Phenotype to Osteoanabolic Therapy.,klotho-il11-aging,narrative_review,human,E,retired_from_active_findings,title_topic_signal_missing,2026-09-13,Git history and prior public-data snapshots
finding-pubmed-42672002,pubmed-42672002,42672002,10.1371/journal.pone.0349740,Longitudinal changes in intracortical excitability during Ramadan diurnal intermittent fasting: A paired-pulse transcranial magnetic stimulation study.,time-restricted-eating,metadata_only_needs_classification,human,E,retired_from_active_findings,topic_capacity_limit,2026-09-13,Git history and prior public-data snapshots
finding-pubmed-42672130,pubmed-42672130,42672130,10.2478/enr-2026-0019,Unmasking silent atherosclerosis in type 2 diabetes: the emerging role of adipocyte fatty acid-binding protein.,ldl-apob-cardiovascular-risk,metadata_only_needs_classification,human,E,retired_from_active_findings,title_topic_signal_missing,2026-09-13,Git history and prior public-data snapshots
finding-pubmed-42673111,pubmed-42673111,42673111,10.1002/cbdv.71634,Antibacterial and Antibiofilm Activity of a Chemically Characterized Cinnamomum verum Bark Methanolic Extract Against Multidrug-Resistant Bacteria: Preliminary Antibiotic-Interaction Screening and Exploratory Molecular Docking.,senolytics,metadata_only_needs_classification,needs_review,E,retired_from_active_findings,title_topic_signal_missing,2026-09-13,Git history and prior public-data snapshots
finding-pubmed-42673571,pubmed-42673571,42673571,10.1002/edm2.70325,Weight Regain Trajectories After Discontinuation of Semaglutide or Tirzepatide: A Reconstructed Aggregate-Data Bayesian Longitudinal Meta-Analysis.,glp1-weight-cardiometabolic,systematic_review_or_meta_analysis,human,E,retired_from_active_findings,topic_capacity_limit,2026-09-13,Git history and prior public-data snapshots
finding-pubmed-42673585,pubmed-42673585,42673585,10.7326/ANNALS-25-05519,Efficacy and Safety of Glucagon-like Peptide-1 Receptor Agonists and Co-agonists for Weight Loss Among Adults Without Diabetes : An Updated Systematic Review.,glp1-weight-cardiometabolic,systematic_review_or_meta_analysis,human,A,retired_from_active_findings,title_topic_signal_missing,2026-09-13,Git history and prior public-data snapshots
finding-pubmed-42673608,pubmed-42673608,42673608,10.3928/01477447-20260811-01,"Association of GLP-1 Agonists With Postoperative Complications Following Knee Extensor Mechanism Repair:An Analysis of 1,092 Patients.",glp1-weight-cardiometabolic,metadata_only_needs_classification,human,E,retired_from_active_findings,topic_capacity_limit,2026-09-13,Git history and prior public-data snapshots
finding-pubmed-42673774,pubmed-42673774,42673774,10.1016/j.oraloncology.2026.108119,Exercise prehabilitation in head and neck cancer patients proposed for definitive chemoradiotherapy: The FIT4TREAT randomized controlled trial.,resistance-training-muscle,human_randomized_or_clinical_trial,human,C,retired_from_active_findings,title_topic_signal_missing,2026-09-13,Git history and prior public-data snapshots
finding-pubmed-42674085,pubmed-42674085,42674085,10.1016/j.annepidem.2026.110270,Do quantitative bias analyses accurately characterize bias due to uncontrolled confounding?,physical-activity-healthspan,metadata_only_needs_classification,human,E,retired_from_active_findings,title_topic_signal_missing,2026-09-13,Git history and prior public-data snapshots
finding-pubmed-42674118,pubmed-42674118,42674118,10.1016/j.neuroimage.2026.122188,Effects of strength and balance training on the structure of the aging brain.,resistance-training-muscle,human_randomized_or_clinical_trial,human,C,retired_from_active_findings,title_topic_signal_missing,2026-09-13,Git history and prior public-data snapshots
finding-pubmed-42674467,pubmed-42674467,42674467,10.1055/s-0046-1827210,Prognostic factors related to neurological disability after the implementation of the first stroke unit in a remote region of Brazil.,blood-pressure-aging,metadata_only_needs_classification,human,E,retired_from_active_findings,title_topic_signal_missing,2026-09-13,Git history and prior public-data snapshots
finding-pubmed-42675010,pubmed-42675010,42675010,10.1080/25787489.2026.2722768,Barriers and facilitators of cardiovascular disease prevention among people with HIV in the Southern United States: a photo-elicitation study.,blood-pressure-aging,metadata_only_needs_classification,human,E,retired_from_active_findings,title_topic_signal_missing,2026-09-13,Git history and prior public-data snapshots
finding-pubmed-42675300,pubmed-42675300,42675300,10.1007/s00464-026-13173-x,Obesity is not associated with increased adverse outcomes following paraesophageal hernia repair.,sleep-aging,human_cohort,human,C,retired_from_active_findings,title_topic_signal_missing,2026-09-13,Git history and prior public-data snapshots
finding-pubmed-42675346,pubmed-42675346,42675346,10.1007/s44470-026-00161-0,Oxygen overshoot burden of central sleep apnea and its association with cardiovascular outcomes.,sleep-aging,metadata_only_needs_classification,human,E,retired_from_active_findings,topic_capacity_limit,2026-09-13,Git history and prior public-data snapshots
finding-pubmed-42675370,pubmed-42675370,42675370,10.1007/s40256-026-00825-5,Lipoprotein(a): Cardiovascular Risk and Emerging Targeted Therapies.,ldl-apob-cardiovascular-risk,narrative_review,human,E,retired_from_active_findings,title_topic_signal_missing,2026-09-13,Git history and prior public-data snapshots
finding-pubmed-42675550,pubmed-42675550,42675550,10.1111/dom.71287,Glycaemic Changes After Semaglutide Discontinuation in Adults With Type 1 Diabetes Using Automated Insulin Delivery: Analysis of the ADJUST-T1D Extension Study.,glp1-weight-cardiometabolic,metadata_only_needs_classification,human,E,retired_from_active_findings,topic_capacity_limit,2026-09-13,Git history and prior public-data snapshots
finding-pubmed-42675829,pubmed-42675829,42675829,10.1080/01913123.2026.2724941,Effects of Intermittent fasting protocols on sperm parameters and testicular ultrastructure in rats fed a high-fructose diet.,time-restricted-eating,protocol_or_registered_plan,human,E,retired_from_active_findings,protocol_or_registered_plan,2026-09-13,Git history and prior public-data snapshots
finding-pubmed-42675995,pubmed-42675995,42675995,10.3340/jkns.2026.0170,The Inter-relationship between Sarcopenia and Osteoporosis : Molecular Mechanisms and Therapeutic Interventions.,microbiome-inflammaging,metadata_only_needs_classification,human,E,retired_from_active_findings,title_topic_signal_missing,2026-09-13,Git history and prior public-data snapshots
finding-pubmed-42676065,pubmed-42676065,42676065,10.1080/25310429.2026.2719425,The impact of supernormal lung function on mortality risk in adults with and without sleep-disordered breathing.,sleep-aging,metadata_only_needs_classification,human,E,retired_from_active_findings,topic_capacity_limit,2026-09-13,Git history and prior public-data snapshots
finding-pubmed-42676928,pubmed-42676928,42676928,10.1155/crie/9628050,Unilateral Graves' Disease Developing During Treatment With Tirzepatide in a Patient With Diabetes: A Case Report.,glp1-weight-cardiometabolic,metadata_only_needs_classification,human,E,retired_from_active_findings,topic_capacity_limit,2026-09-13,Git history and prior public-data snapshots
finding-pubmed-42677217,pubmed-42677217,42677217,10.26633/RPSP.2026.56,Multisectoral action to prevent noncommunicable diseases in Saint Lucia.,physical-activity-healthspan,metadata_only_needs_classification,human,E,retired_from_active_findings,title_topic_signal_missing,2026-09-13,Git history and prior public-data snapshots
finding-pubmed-42677508,pubmed-42677508,42677508,10.1080/15384101.2026.2725418,From dysbiosis to precision oncology: translational role of the microbiome in gastrointestinal cancer.,microbiome-inflammaging,narrative_review,cell,E,retired_from_active_findings,topic_scope_mismatch,2026-09-13,Git history and prior public-data snapshots
finding-pubmed-42677920,pubmed-42677920,42677920,10.1111/cpr.70273,Human iPSC-Derived Vascularised Lung Organoids for Modelling COPD and Pulmonary Hypertension.,blood-pressure-aging,mechanistic_or_cell_study,cell,E,retired_from_active_findings,topic_scope_mismatch,2026-09-13,Git history and prior public-data snapshots
finding-pubmed-42677938,pubmed-42677938,42677938,10.1093/ejhf/xuag283,Gut microbiome-derived metabolites as prognostic biomarkers in heart failure: a systematic review and meta-analysis.,microbiome-inflammaging,systematic_review_or_meta_analysis,human,A,retired_from_active_findings,topic_scope_mismatch,2026-09-13,Git history and prior public-data snapshots
finding-pubmed-42678372,pubmed-42678372,42678372,10.1093/gerona/glag216,Effects of Resistance Training Sets on Cognition and Brain-Derived Neurotrophic Factor in Cognitively Impaired Individuals: A Quasi-Experimental Study.,physical-activity-healthspan,metadata_only_needs_classification,human,E,retired_from_active_findings,title_topic_signal_missing,2026-09-13,Git history and prior public-data snapshots
finding-pubmed-42678399,pubmed-42678399,42678399,10.1007/s00204-026-04528-3,"Micro- and nanoplastics-induced neurotoxicity: a CNS-centered, evidence-graded adverse outcome pathway framework based on systematic weight-of-evidence assessment.",autophagy-mitophagy,narrative_review,human,E,retired_from_active_findings,title_topic_signal_missing,2026-09-13,Git history and prior public-data snapshots
finding-pubmed-42678502,pubmed-42678502,42678502,10.1186/s43556-026-00526-0,Solute Carrier Family 1 Member 5 (SLC1A5)-dependent glutamine transport regulates macrophage senescence and efferocytosis during liver regeneration.,senolytics,animal_study,mouse,D,retired_from_active_findings,title_topic_signal_missing,2026-09-13,Git history and prior public-data snapshots
finding-pubmed-42678611,pubmed-42678611,42678611,10.1007/s11357-026-02477-4,Reactive agility and motor-cognitive assessments for distinguishing community-dwelling older adults with and without a history of falls: a dual-centre cross-sectional study.,physical-activity-healthspan,metadata_only_needs_classification,human,E,retired_from_active_findings,title_topic_signal_missing,2026-09-13,Git history and prior public-data snapshots
finding-pubmed-42678634,pubmed-42678634,42678634,10.1007/s10522-026-10504-2,Berberine and its derivatives as candidate modulators of immunosenescence: a critical evaluation.,autophagy-mitophagy,narrative_review,needs_review,E,retired_from_active_findings,title_topic_signal_missing,2026-09-13,Git history and prior public-data snapshots
finding-pubmed-42678808,pubmed-42678808,42678808,10.1016/j.celrep.2026.117930,MGRN1 preserves transiently damaged mitochondria for antioxidant-mediated repair.,autophagy-mitophagy,metadata_only_needs_classification,cell,E,retired_from_active_findings,title_topic_signal_missing,2026-09-13,Git history and prior public-data snapshots
finding-pubmed-42678960,pubmed-42678960,42678960,10.1371/journal.pgph.0007119,Multimorbidity and health-related quality of life after tuberculosis treatment in Zimbabwe: A cross-sectional study with household comparators.,blood-pressure-aging,metadata_only_needs_classification,human,E,retired_from_active_findings,title_topic_signal_missing,2026-09-13,Git history and prior public-data snapshots
finding-pubmed-42679039,pubmed-42679039,42679039,10.1073/pnas.2603028123,YTHDF1-mediated m(6)A RNA regulation controls cardiomyocyte remodeling through KLF11-HIF1α.,physical-activity-healthspan,animal_study,animal,D,retired_from_active_findings,title_topic_signal_missing,2026-09-13,Git history and prior public-data snapshots
finding-pubmed-42679138,pubmed-42679138,42679138,10.5543/tkda.2026.70716,"Lipid Profiles, Angiographic Characteristics, and in-Hospital Outcomes in Adults Younger Than 45 Years with Myocardial Infarction.",ldl-apob-cardiovascular-risk,metadata_only_needs_classification,human,E,retired_from_active_findings,title_topic_signal_missing,2026-09-13,Git history and prior public-data snapshots
finding-pubmed-42679357,pubmed-42679357,42679357,10.1093/eschf/xvag216,New Evidence in Heart Failure: 2026 Update.,blood-pressure-aging,metadata_only_needs_classification,human,E,retired_from_active_findings,title_topic_signal_missing,2026-09-13,Git history and prior public-data snapshots
finding-pubmed-42679410,pubmed-42679410,42679410,10.1016/j.gerinurse.2026.104269,The feasibility and efficacy of weighted blankets as a sleep intervention for people with behavioural and psychological symptoms of dementia: a pilot randomised crossover trial.,sleep-aging,metadata_only_needs_classification,human,E,retired_from_active_findings,topic_capacity_limit,2026-09-13,Git history and prior public-data snapshots
finding-pubmed-42679726,pubmed-42679726,42679726,10.1016/j.jdiacomp.2026.109397,Effects of semaglutide and empagliflozin on markers of endothelial function in persons with type 2 diabetes: A post hoc analysis of a randomized clinical trial.,glp1-weight-cardiometabolic,human_randomized_or_clinical_trial,human,C,retired_from_active_findings,topic_capacity_limit,2026-09-13,Git history and prior public-data snapshots
finding-pubmed-42680070,pubmed-42680070,42680070,10.1016/j.arr.2026.103345,The gut microbiota and gut-brain axis in Alzheimer's disease: From pathogenesis to treatment.,microbiome-inflammaging,narrative_review,human,E,retired_from_active_findings,topic_scope_mismatch,2026-09-13,Git history and prior public-data snapshots
finding-pubmed-42680071,pubmed-42680071,42680071,10.1016/j.arr.2026.103344,Targeting senescence-associated biomarkers: Emerging strategies for anti-ageing therapy.,epigenetic-clocks,narrative_review,human,E,retired_from_active_findings,title_topic_signal_missing,2026-09-13,Git history and prior public-data snapshots
finding-pubmed-42680072,pubmed-42680072,42680072,10.1016/j.arr.2026.103349,The force-producing fraction: Muscle quality as a therapeutic target in sarcopenia and a design framework for trials that can test it.,physical-activity-healthspan,narrative_review,human,E,retired_from_active_findings,title_topic_signal_missing,2026-09-13,Git history and prior public-data snapshots
finding-pubmed-42680110,pubmed-42680110,42680110,10.1016/j.neuro.2026.103559,T-2 toxin disrupts Alzheimer's-relevant App/Tau homeostasis via circadian-p53-senescence crosstalk: Evidence from human neuroblastoma cells.,senolytics,metadata_only_needs_classification,human,E,retired_from_active_findings,title_topic_signal_missing,2026-09-13,Git history and prior public-data snapshots
finding-pubmed-42680170,pubmed-42680170,42680170,10.1080/08164622.2026.2725047,GLP-1 receptor agonist exposure and non-arteritic anterior ischaemic optic neuropathy: an illustrative case.,glp1-weight-cardiometabolic,metadata_only_needs_classification,human,E,retired_from_active_findings,topic_capacity_limit,2026-09-13,Git history and prior public-data snapshots
finding-pubmed-42680187,pubmed-42680187,42680187,10.1111/jog.70483,The Landscape of Women's Health Podcasts: A Scoping Review.,physical-activity-healthspan,narrative_review,human,E,retired_from_active_findings,title_topic_signal_missing,2026-09-13,Git history and prior public-data snapshots
finding-pubmed-42680779,pubmed-42680779,42680779,10.1038/s43856-026-01758-5,Eating jetlag based on meal timing discrepancies and risk of cardiovascular disease using the prospective cohort NutriNet-Santé.,sleep-aging,human_cohort,human,C,retired_from_active_findings,title_topic_signal_missing,2026-09-13,Git history and prior public-data snapshots
finding-pubmed-42680805,pubmed-42680805,42680805,10.1038/s44324-026-00131-3,Higher semaglutide dose is associated with lower neuropsychiatric event incidence independent of weight loss.,glp1-weight-cardiometabolic,metadata_only_needs_classification,human,E,retired_from_active_findings,topic_capacity_limit,2026-09-13,Git history and prior public-data snapshots
finding-pubmed-42680931,pubmed-42680931,42680931,10.1007/s10522-026-10489-y,Closing the gap in aging science: unlocking the potential of nanoparticles in senescence therapy.,senolytics,narrative_review,human,E,retired_from_active_findings,title_topic_signal_missing,2026-09-13,Git history and prior public-data snapshots
finding-pubmed-42680955,pubmed-42680955,42680955,10.1007/s11357-026-02500-8,"Frailty assessment in naturally aged mouse models: classification, limitations, and future directions.",resistance-training-muscle,animal_study,mouse,D,retired_from_active_findings,topic_scope_mismatch,2026-09-13,Git history and prior public-data snapshots
finding-pubmed-42681567,pubmed-42681567,42681567,10.1097/JSM.0000000000001461,Effects of Upper Extremity Strength Exercises in Subacromial Impingement Syndrome: A Systematic Review.,resistance-training-muscle,systematic_review_or_meta_analysis,human,A,retired_from_active_findings,title_topic_signal_missing,2026-09-13,Git history and prior public-data snapshots
finding-pubmed-42681597,pubmed-42681597,42681597,10.1097/CND.0000000000000571,Fatal Myocarditis Relapse in a Patient with Myasthenia Gravis Treated with Efgartigimod Alfa: A Case Report.,physical-activity-healthspan,metadata_only_needs_classification,human,E,retired_from_active_findings,title_topic_signal_missing,2026-09-13,Git history and prior public-data snapshots
finding-pubmed-42681675,pubmed-42681675,42681675,10.1186/s40842-026-00333-0,Cardiometabolic outcomes of once-weekly IcoSema in adults with type 2 diabetes: systematic review and meta-analysis of the COMBINE trials.,glp1-weight-cardiometabolic,systematic_review_or_meta_analysis,human,A,retired_from_active_findings,title_topic_signal_missing,2026-09-13,Git history and prior public-data snapshots
finding-pubmed-42681751,pubmed-42681751,42681751,10.1111/dom.71277,"Incretin-Based Therapies as Cardiometabolic Interventions: Outcome Hierarchy, Receptor-Network Pharmacology and Phenotype-Based Clinical Positioning.",glp1-weight-cardiometabolic,narrative_review,human,E,retired_from_active_findings,title_topic_signal_missing,2026-09-13,Git history and prior public-data snapshots
finding-pubmed-42681819,pubmed-42681819,42681819,10.1002/advs.77360,"Phase Separation, Material State, and Condensate Fate in Mammalian Autophagy.",autophagy-mitophagy,narrative_review,cell,E,retired_from_active_findings,topic_scope_mismatch,2026-09-13,Git history and prior public-data snapshots
finding-pubmed-42681820,pubmed-42681820,42681820,10.1113/EP093733,Microvascular endothelial function is blunted in postmenopausal females with frequent hot flushes.,blood-pressure-aging,metadata_only_needs_classification,human,E,retired_from_active_findings,title_topic_signal_missing,2026-09-13,Git history and prior public-data snapshots
finding-pubmed-42681829,pubmed-42681829,42681829,10.1111/dom.71261,"Initiation of SGLT2 Inhibitors Versus DPP-4 Inhibitors in Metformin Users and Risk of Incident Depression: A Nationwide, Claims-Based Active-Comparator New-User Study.",metformin-aging,metadata_only_needs_classification,human,E,retired_from_active_findings,topic_scope_mismatch,2026-09-13,Git history and prior public-data snapshots
finding-pubmed-42681995,pubmed-42681995,42681995,10.1002/wjs.70563,Association of Whole Blood Transfusion With Survival Among Patients Achieving ROSC After Prehospital Traumatic Cardiac Arrest.,blood-pressure-aging,human_cohort,human,B,retired_from_active_findings,title_topic_signal_missing,2026-09-13,Git history and prior public-data snapshots
finding-pubmed-42682013,pubmed-42682013,42682013,10.14814/phy2.71093,Sex differences in insulin resistance and associated metabolic and inflammatory markers among adults with and without HIV in Zambia.,blood-pressure-aging,metadata_only_needs_classification,human,E,retired_from_active_findings,title_topic_signal_missing,2026-09-13,Git history and prior public-data snapshots
finding-pubmed-42682157,pubmed-42682157,42682157,10.23876/j.krcp.26.272,Incretin-based therapies in diabetic kidney disease: toward integrated cardio-kidney-metabolic disease modification.,glp1-weight-cardiometabolic,metadata_only_needs_classification,human,E,retired_from_active_findings,title_topic_signal_missing,2026-09-13,Git history and prior public-data snapshots
finding-pubmed-42682267,pubmed-42682267,42682267,10.5009/gnl260189,Multi-Database Pharmacovigilance Analysis of Gastroesophageal Reflux Disease Associated with GLP-1 Receptor Agonists: A Cross-National Signal Validation Study.,glp1-weight-cardiometabolic,metadata_only_needs_classification,human,E,retired_from_active_findings,topic_capacity_limit,2026-09-13,Git history and prior public-data snapshots
finding-pubmed-42682659,pubmed-42682659,42682659,10.1007/s13167-026-00460-9,Dynamic reversibility of biological aging and risk of cardiovascular disease and stroke: a longitudinal cohort study.,epigenetic-clocks,human_cohort,human,B,retired_from_active_findings,title_topic_signal_missing,2026-09-13,Git history and prior public-data snapshots
finding-pubmed-42682802,pubmed-42682802,42682802,10.1007/s10068-026-02265-y,Broccoli-licorice-passionflower blend improves mitochondrial function and exerts senotherapeutic effects.,senolytics,metadata_only_needs_classification,human,E,retired_from_active_findings,title_topic_signal_missing,2026-09-13,Git history and prior public-data snapshots
finding-pubmed-42682889,pubmed-42682889,42682889,10.1007/s10068-026-02255-0,Digital precision nutrition platform supporting healthy aging: a 12-week pilot study of multidomain physiological adaptation.,physical-activity-healthspan,metadata_only_needs_classification,human,E,retired_from_active_findings,title_topic_signal_missing,2026-09-13,Git history and prior public-data snapshots
finding-pubmed-42683049,pubmed-42683049,42683049,10.1002/osp4.70189,Patient-Reported Continuity of GLP-1 Receptor Agonist Therapy.,glp1-weight-cardiometabolic,metadata_only_needs_classification,human,E,retired_from_active_findings,topic_capacity_limit,2026-09-13,Git history and prior public-data snapshots
finding-pubmed-42683541,pubmed-42683541,42683541,10.1097/BSD.0000000000002145,Investigating the Relationship Between Glucagon-Like Peptide-1 Receptor Agonist Use and Incidence of Vertebral Fractures in Female Patients Aged Over 50 Years With Osteoporosis: A Propensity-Matched Analysis.,glp1-weight-cardiometabolic,human_cohort,human,B,retired_from_active_findings,title_topic_signal_missing,2026-09-13,Git history and prior public-data snapshots
finding-pubmed-42683651,pubmed-42683651,42683651,10.1080/00015385.2026.2719110,Long-term outcomes of rate-dependent left bundle branch block during exercise testing: a single-centre retrospective study.,physical-activity-healthspan,metadata_only_needs_classification,human,E,retired_from_active_findings,topic_capacity_limit,2026-09-13,Git history and prior public-data snapshots
finding-pubmed-42683763,pubmed-42683763,42683763,10.1097/MNH.0000000000001225,Integrating the liver into the cardiovascular-kidney-metabolic syndrome: pathophysiology and therapeutic implications.,glp1-weight-cardiometabolic,metadata_only_needs_classification,human,E,retired_from_active_findings,title_topic_signal_missing,2026-09-13,Git history and prior public-data snapshots
finding-pubmed-42683814,pubmed-42683814,42683814,10.1097/MCP.0000000000001304,"Disparities in sleep-disordered breathing: epidemiology, mechanisms, and pathways toward equity- a narrative review.",sleep-aging,narrative_review,human,E,retired_from_active_findings,topic_capacity_limit,2026-09-13,Git history and prior public-data snapshots
finding-pubmed-42683925,pubmed-42683925,42683925,10.1080/16549716.2026.2727758,Factors associated with self-reported mental health difficulties in Somalia: a national health and demographic survey analysis of populations aged 10 years and older.,blood-pressure-aging,metadata_only_needs_classification,human,E,retired_from_active_findings,title_topic_signal_missing,2026-09-13,Git history and prior public-data snapshots
finding-pubmed-42683980,pubmed-42683980,42683980,10.4103/ijp.ijp_37_26,Pharmacological management of obesity: Current landscape and emerging therapies.,glp1-weight-cardiometabolic,narrative_review,human,E,retired_from_active_findings,title_topic_signal_missing,2026-09-13,Git history and prior public-data snapshots
finding-pubmed-42684188,pubmed-42684188,42684188,10.1515/sjpain-2026-0020,Continuous chronic back pain >1 year and incident cardiovascular disease in elderly men: results from the ULSAM-study.,physical-activity-healthspan,metadata_only_needs_classification,human,E,retired_from_active_findings,title_topic_signal_missing,2026-09-13,Git history and prior public-data snapshots
finding-pubmed-42684403,pubmed-42684403,42684403,10.18632/aging.206416,The guardian paradox: DNA damage response overactivation as an integrative driver of aging - a tumor suppressor-negative regulator framework.,klotho-il11-aging,metadata_only_needs_classification,human,E,retired_from_active_findings,title_topic_signal_missing,2026-09-13,Git history and prior public-data snapshots
finding-pubmed-42684404,pubmed-42684404,42684404,10.1681/ASN.0000001230,Executive Summary of the ASN Kidney Health Guidance on the Cardiovascular‑Kidney‑Metabolic Syndrome.,resistance-training-muscle,metadata_only_needs_classification,human,E,retired_from_active_findings,title_topic_signal_missing,2026-09-13,Git history and prior public-data snapshots
finding-pubmed-42684486,pubmed-42684486,42684486,10.1007/s10561-026-10249-9,Establishment of a novel human nervous system tissue bank: University of Debrecen tissue bank-introduction and retrospective data analysis.,blood-pressure-aging,metadata_only_needs_classification,human,E,retired_from_active_findings,title_topic_signal_missing,2026-09-13,Git history and prior public-data snapshots
finding-pubmed-42684528,pubmed-42684528,42684528,10.1007/s11894-026-01055-0,"Metabolic Dysfunction-Associated Steatotic Liver Disease in the Aging Population: A Narrative Review of Pathophysiological Synergy, Diagnostic Challenges, and Tailored Management.",resistance-training-muscle,narrative_review,human,E,retired_from_active_findings,title_topic_signal_missing,2026-09-13,Git history and prior public-data snapshots
finding-pubmed-42684538,pubmed-42684538,42684538,10.1007/s13668-026-00795-9,Nutritional Modulation of the Gut Microbiome-Metabolite Axis in Cardiovascular Disease: From Dietary Patterns to Cardiovascular Risk.,microbiome-inflammaging,narrative_review,human,E,retired_from_active_findings,topic_scope_mismatch,2026-09-13,Git history and prior public-data snapshots
finding-pubmed-42684633,pubmed-42684633,42684633,10.1007/s11357-026-02444-z,Muscle age acceleration shapes resting-state brain connectivity: an EEG study on older adults.,resistance-training-muscle,metadata_only_needs_classification,human,E,retired_from_active_findings,title_topic_signal_missing,2026-09-13,Git history and prior public-data snapshots
finding-pubmed-42684833,pubmed-42684833,42684833,10.1556/2060.2026.00867,Poor sleep quality is associated with blunted baroreflex sensitivity during stress cardiovascular reactivity in older adults.,sleep-aging,metadata_only_needs_classification,human,E,retired_from_active_findings,topic_capacity_limit,2026-09-13,Git history and prior public-data snapshots
finding-pubmed-42684972,pubmed-42684972,42684972,10.1159/ned/adwag025,"Early cognitive instability predicts persistent decline: a 10 year longitudinal study in a rural, low resource community.",sleep-aging,human_cohort,human,C,retired_from_active_findings,title_topic_signal_missing,2026-09-13,Git history and prior public-data snapshots
finding-pubmed-42685253,pubmed-42685253,42685253,10.1080/07853890.2026.2723681,The multiple composite risk index estimates the risks of sarcopenia and comorbidities: unveiling the role of oxidative balance score.,resistance-training-muscle,metadata_only_needs_classification,human,E,retired_from_active_findings,topic_scope_mismatch,2026-09-13,Git history and prior public-data snapshots
finding-pubmed-42685255,pubmed-42685255,42685255,10.1213/ANE.0000000000008287,"Autonomic Vulnerability, Intraoperative Hypotension Burden, and Myocardial Injury After Noncardiac Surgery in Older Adults: A Propensity Score-Matched Retrospective Cohort Study.",blood-pressure-aging,human_cohort,human,B,retired_from_active_findings,title_topic_signal_missing,2026-09-13,Git history and prior public-data snapshots
finding-pubmed-42685642,pubmed-42685642,42685642,10.1016/j.gerinurse.2026.104321,Digital access and frailty in older adults: A moderated mediation model of digital literacy and social support.,resistance-training-muscle,metadata_only_needs_classification,human,E,retired_from_active_findings,topic_scope_mismatch,2026-09-13,Git history and prior public-data snapshots
finding-pubmed-42685819,pubmed-42685819,42685819,10.1016/j.metabol.2026.156758,Brca1 heterozygosity leads to hepatic steatosis in male and female mice despite sexually dimorphic effects on systemic metabolism.,glp1-weight-cardiometabolic,animal_study,mouse,D,retired_from_active_findings,title_topic_signal_missing,2026-09-13,Git history and prior public-data snapshots
finding-pubmed-42685870,pubmed-42685870,42685870,10.1016/j.exger.2026.113303,Age-related disruptions in ubiquitination and mitochondrial proteostasis are associated with neuronal compartment-specific mitochondrial changes.,autophagy-mitophagy,metadata_only_needs_classification,human,E,retired_from_active_findings,title_topic_signal_missing,2026-09-13,Git history and prior public-data snapshots
finding-pubmed-42685971,pubmed-42685971,42685971,10.1016/j.amjms.2026.08.026,Comprehensive Geriatric Assessment in Older Adults with Rheumatoid Arthritis: A Pilot Cross-Sectional Study.,resistance-training-muscle,metadata_only_needs_classification,human,E,retired_from_active_findings,title_topic_signal_missing,2026-09-13,Git history and prior public-data snapshots
finding-pubmed-42686035,pubmed-42686035,42686035,10.1016/j.arr.2026.103346,Learning muscle-health trajectories in ageing: Towards AI-guided organ chips.,resistance-training-muscle,narrative_review,human,E,retired_from_active_findings,title_topic_signal_missing,2026-09-13,Git history and prior public-data snapshots
finding-pubmed-42686450,pubmed-42686450,42686450,10.1016/j.anorl.2026.08.005,Limitations of the Apnea-Hypopnea Index in pediatric obstructive sleep apnea. A critical review: Toward a multiparametric approach.,sleep-aging,narrative_review,human,E,retired_from_active_findings,topic_capacity_limit,2026-09-13,Git history and prior public-data snapshots
finding-pubmed-42686460,pubmed-42686460,42686460,10.1016/j.gerinurse.2026.104197,Independent and joint associations of sleep and 24-Hour rest-activity rhythms with reduced kidney function in older adults.,sleep-aging,metadata_only_needs_classification,human,E,retired_from_active_findings,topic_capacity_limit,2026-09-13,Git history and prior public-data snapshots
finding-pubmed-42686639,pubmed-42686639,42686639,10.1111/jgs.70694,Identifying Factors Associated With Prolonged Hospitalizations for Community-Dwelling Veterans Living With Dementia.,resistance-training-muscle,metadata_only_needs_classification,human,E,retired_from_active_findings,title_topic_signal_missing,2026-09-13,Git history and prior public-data snapshots
finding-pubmed-42686641,pubmed-42686641,42686641,10.1177/15230864261481794,Mitochondrial Microautophagy: An Emerging Pathway in Maintaining Mitochondrial Homeostasis.,autophagy-mitophagy,narrative_review,human,E,retired_from_active_findings,topic_scope_mismatch,2026-09-13,Git history and prior public-data snapshots
finding-pubmed-42686826,pubmed-42686826,42686826,10.1038/s41598-026-57340-5,Sex-specific physical activity thresholds influencing muscle function in older adults with XX genotype of ACTN3 R577X.,resistance-training-muscle,metadata_only_needs_classification,human,E,retired_from_active_findings,title_topic_signal_missing,2026-09-13,Git history and prior public-data snapshots
finding-pubmed-42686883,pubmed-42686883,42686883,10.1007/s00586-026-10339-y,Osteoporotic thoracolumbar fractures: age-modified Osteoporotic Fracture-based treatment decisions and length of hospital stay in elderly patients - a prospective single-centre cohort study.,resistance-training-muscle,human_cohort,human,B,retired_from_active_findings,title_topic_signal_missing,2026-09-13,Git history and prior public-data snapshots
finding-pubmed-42686906,pubmed-42686906,42686906,10.1038/s41586-026-10940-7,Late-life semaglutide treatment slows ageing and extends lifespan in female mice.,glp1-weight-cardiometabolic,animal_study,mouse,D,retired_from_active_findings,nonhuman_record_in_human_outcome_topic,2026-09-13,Git history and prior public-data snapshots
finding-pubmed-42687002,pubmed-42687002,42687002,10.1038/s41366-026-02201-4,From measured BMI to documented obesity in hospitalized adults: a decade-long analysis and implications for cardiometabolic care.,ldl-apob-cardiovascular-risk,metadata_only_needs_classification,human,E,retired_from_active_findings,title_topic_signal_missing,2026-09-13,Git history and prior public-data snapshots
finding-pubmed-42687024,pubmed-42687024,42687024,10.1038/s41586-026-10672-8,Current therapeutic landscape and future treatment perspectives of MASH.,glp1-weight-cardiometabolic,narrative_review,human,E,retired_from_active_findings,title_topic_signal_missing,2026-09-13,Git history and prior public-data snapshots
finding-pubmed-42687069,pubmed-42687069,42687069,10.1007/s11095-026-04185-2,"Semaglutide Bioavailability: Limitations, Formulation Innovation and Future Opportunities.",glp1-weight-cardiometabolic,narrative_review,human,E,retired_from_active_findings,topic_capacity_limit,2026-09-13,Git history and prior public-data snapshots
finding-pubmed-42687351,pubmed-42687351,42687351,10.12659/MSM.953354,Trends in Comorbidities and Fatalities Among First-Time Hepatitis B Hospitalizations in Poland (2012-2023).,blood-pressure-aging,metadata_only_needs_classification,human,E,retired_from_active_findings,title_topic_signal_missing,2026-09-13,Git history and prior public-data snapshots
finding-pubmed-42687386,pubmed-42687386,42687386,10.14814/phy2.71065,The ventilatory response pattern to exercise across the age-span in healthy adults.,physical-activity-healthspan,metadata_only_needs_classification,human,E,retired_from_active_findings,topic_capacity_limit,2026-09-13,Git history and prior public-data snapshots
finding-pubmed-42687632,pubmed-42687632,42687632,10.1177/15209156261485635,Optimizing Continuous Glucose Monitoring for Older Adults with Diabetes: From Clinical Evidence to a Practical Implementation Pathway.,resistance-training-muscle,narrative_review,human,E,retired_from_active_findings,title_topic_signal_missing,2026-09-13,Git history and prior public-data snapshots
finding-pubmed-42687647,pubmed-42687647,42687647,10.4235/agmr.26.0059,"Health dimensions and sex differences in frailty among nursing home residents: a cross-sectional study in Bilbao, Spain.",resistance-training-muscle,metadata_only_needs_classification,human,E,retired_from_active_findings,topic_scope_mismatch,2026-09-13,Git history and prior public-data snapshots
finding-pubmed-42687799,pubmed-42687799,42687799,10.1111/dom.71303,Postmarketing Safety Signals and Medication-Use Risks of GLP-1-Based Therapies in Diabetes and Obesity: A Multi-Source Pharmacovigilance and Regulatory Evidence-Mapping Study.,glp1-weight-cardiometabolic,metadata_only_needs_classification,needs_review,E,retired_from_active_findings,topic_capacity_limit,2026-09-13,Git history and prior public-data snapshots
finding-pubmed-42687813,pubmed-42687813,42687813,10.1111/1756-185x.70853,Cross-Sectional and Longitudinal Association Between Biological Aging Acceleration and the Risk of Osteoarthritis: A Cohort Study From UK Biobank.,epigenetic-clocks,human_cohort,human,C,retired_from_active_findings,title_topic_signal_missing,2026-09-13,Git history and prior public-data snapshots
finding-pubmed-42688757,pubmed-42688757,42688757,10.22540/JFSF-11-263,"Co-Production of A Culturally Tailored Sarcopenia Screening Programme for Older Adults in Luton, UK: A Mixed-Methods Feasibility Study Protocol.",physical-activity-healthspan,protocol_or_registered_plan,human,E,retired_from_active_findings,non_result_publication_title,2026-09-13,Git history and prior public-data snapshots
finding-pubmed-42688805,pubmed-42688805,42688805,10.30476/dentjods.2025.105421.2595,Interleukin-37 Serum Levels in Oral Squamous Cell Carcinoma.,microbiome-inflammaging,metadata_only_needs_classification,human,E,retired_from_active_findings,title_topic_signal_missing,2026-09-13,Git history and prior public-data snapshots
finding-pubmed-42689016,pubmed-42689016,42689016,10.1002/agm2.70105,Expert Consensus on the Management of Obesity in Older Adults (2026 Edition).,resistance-training-muscle,metadata_only_needs_classification,human,E,retired_from_active_findings,title_topic_signal_missing,2026-09-13,Git history and prior public-data snapshots
finding-pubmed-42689252,pubmed-42689252,42689252,10.1093/sexmed/qfag075,Age at first sexual intercourse and frailty: Mendelian randomization and population-based evidence from NHANES and UK Biobank.,resistance-training-muscle,human_mendelian_randomization,human,B,retired_from_active_findings,topic_scope_mismatch,2026-09-13,Git history and prior public-data snapshots
finding-pubmed-42689261,pubmed-42689261,42689261,10.1002/agm2.70101,"Association Between Hair Cortisol, Sarcopenia, and Sarcopenic Obesity: Results From the ELSA-Brasil Study.",resistance-training-muscle,metadata_only_needs_classification,human,E,retired_from_active_findings,topic_scope_mismatch,2026-09-13,Git history and prior public-data snapshots
finding-pubmed-42689520,pubmed-42689520,42689520,10.1002/jgm.70109,Lysosomal Dysfunction Is Associated With Intervertebral Disc Degeneration: Multiomics and Machine Learning Identify Molecular Subtypes and Hub Genes.,autophagy-mitophagy,animal_study,animal,D,retired_from_active_findings,title_topic_signal_missing,2026-09-13,Git history and prior public-data snapshots
finding-pubmed-42689913,pubmed-42689913,42689913,10.1111/acel.70698,Insights Into the Interplay Between the Senescent Cells and Immune Cells.,senolytics,animal_study,mouse,D,retired_from_active_findings,topic_scope_mismatch,2026-09-13,Git history and prior public-data snapshots
finding-pubmed-42690112,pubmed-42690112,42690112,10.4103/sjkdt.sjkdt_188_26,Chronic Dehydration in Older Adults: A Silent Threat to Healthy Aging.,physical-activity-healthspan,metadata_only_needs_classification,human,E,retired_from_active_findings,title_topic_signal_missing,2026-09-13,Git history and prior public-data snapshots
finding-pubmed-42690129,pubmed-42690129,42690129,10.2340/17453674.2026.46368,Association of treatment method with mortality and functional outcome in patients with displaced femoral neck fracture: a cohort study of 60-69-year-old patients from the Swedish Hip Fracture Register.,physical-activity-healthspan,human_cohort,human,B,retired_from_active_findings,title_topic_signal_missing,2026-09-13,Git history and prior public-data snapshots
finding-pubmed-42690152,pubmed-42690152,42690152,10.2337/db25-1070,Sex- and Ketogenesis-Dependent Effects of Intermittent Fasting on Diet-Induced Fatty Liver Disease.,time-restricted-eating,animal_study,mouse,D,retired_from_active_findings,nonhuman_record_in_human_outcome_topic,2026-09-13,Git history and prior public-data snapshots
finding-pubmed-42690440,pubmed-42690440,42690440,10.1007/s00415-026-14102-7,Insomnia symptoms and stress exposure interact in relation to Alzheimer's disease biomarkers.,sleep-aging,metadata_only_needs_classification,human,E,retired_from_active_findings,topic_capacity_limit,2026-09-13,Git history and prior public-data snapshots
finding-pubmed-42690443,pubmed-42690443,42690443,10.1007/s00391-026-02637-3,[Long lie: development of a definition using the Delphi method].,resistance-training-muscle,metadata_only_needs_classification,human,E,retired_from_active_findings,title_topic_signal_missing,2026-09-13,Git history and prior public-data snapshots
finding-pubmed-42690451,pubmed-42690451,42690451,10.1007/s10522-026-10502-4,Stress biology and metabolic ageing in older adults during prolonged crises: Ukraine as an example.,resistance-training-muscle,narrative_review,human,E,retired_from_active_findings,title_topic_signal_missing,2026-09-13,Git history and prior public-data snapshots
finding-pubmed-42690550,pubmed-42690550,42690550,10.1007/s13679-026-00749-w,Emerging Topics In Obesity Treatment in the Setting of Organ Transplantation.,glp1-weight-cardiometabolic,narrative_review,human,E,retired_from_active_findings,title_topic_signal_missing,2026-09-13,Git history and prior public-data snapshots
finding-pubmed-42690639,pubmed-42690639,42690639,10.1001/jamaoto.2026.2266,Glucagon-Like Peptide-1 Receptor Agonists for Obstructive Sleep Apnea: A Review.,sleep-aging,narrative_review,human,E,retired_from_active_findings,topic_capacity_limit,2026-09-13,Git history and prior public-data snapshots
finding-pubmed-42690722,pubmed-42690722,42690722,10.1080/03007995.2026.2727202,From insulin resistance to incretin receptor agonism in the prevention of type 2 diabetes mellitus in obese individuals.,glp1-weight-cardiometabolic,narrative_review,human,E,retired_from_active_findings,title_topic_signal_missing,2026-09-13,Git history and prior public-data snapshots
finding-pubmed-42690762,pubmed-42690762,42690762,10.1177/13872877261481093,Associations between sleep and cognition among middle-aged and older adults in Europe.,sleep-aging,metadata_only_needs_classification,human,E,retired_from_active_findings,topic_capacity_limit,2026-09-13,Git history and prior public-data snapshots
finding-pubmed-42690769,pubmed-42690769,42690769,10.1021/acs.jafc.5c13669,Mechanistic Study of Inulin in Ameliorating Heat Stroke-Induced Intestinal Barrier Damage via Modulation of Gut Microbiota- Butyrate-GPR43 Axis.,microbiome-inflammaging,animal_study,mouse,D,retired_from_active_findings,topic_scope_mismatch,2026-09-13,Git history and prior public-data snapshots
finding-pubmed-42691325,pubmed-42691325,42691325,10.1097/AOG.0000000000006418,The Cardiometabolic Effects of Menopause.,blood-pressure-aging,metadata_only_needs_classification,human,E,retired_from_active_findings,title_topic_signal_missing,2026-09-13,Git history and prior public-data snapshots
finding-pubmed-42691774,pubmed-42691774,42691774,10.1016/j.archger.2026.106397,Longitudinal changes in oral function and their associations with frailty status and out-of-home activity in community-dwelling older adults.,resistance-training-muscle,human_cohort,human,B,retired_from_active_findings,topic_scope_mismatch,2026-09-13,Git history and prior public-data snapshots
finding-pubmed-42691806,pubmed-42691806,42691806,10.1016/j.jamda.2026.106436,Choose Home: Initial Evaluation of a Novel Home-Based Care Program After Subacute Rehabilitation.,resistance-training-muscle,metadata_only_needs_classification,human,E,retired_from_active_findings,title_topic_signal_missing,2026-09-13,Git history and prior public-data snapshots
finding-pubmed-42691837,pubmed-42691837,42691837,10.1016/j.ecoenv.2026.120736,Acute and chronic toxicity of nitrate to the stygobiont amphipods Niphargus inopinatus and N. grandii.,microbiome-inflammaging,metadata_only_needs_classification,needs_review,E,retired_from_active_findings,title_topic_signal_missing,2026-09-13,Git history and prior public-data snapshots
finding-pubmed-42691928,pubmed-42691928,42691928,10.1016/j.gerinurse.2026.104350,Development and validation of a machine learning-based diagnostic prediction model for frailty in older adults with diabetes.,resistance-training-muscle,metadata_only_needs_classification,human,E,retired_from_active_findings,topic_scope_mismatch,2026-09-13,Git history and prior public-data snapshots
finding-pubmed-42692129,pubmed-42692129,42692129,10.1016/j.amjcard.2026.08.023,"Mitral Annular Calcification as a Marker of the HFpEF Phenotype: The Interplay of Cardiac Remodeling, Age, and Sex.",blood-pressure-aging,metadata_only_needs_classification,human,E,retired_from_active_findings,title_topic_signal_missing,2026-09-13,Git history and prior public-data snapshots
finding-pubmed-42692145,pubmed-42692145,42692145,10.1016/j.molmet.2026.102436,Beyond weight loss: Disentangling the direct effects of semaglutide vs equivalent calorie restriction on reproductive systems of male and female rats.,glp1-weight-cardiometabolic,animal_study,animal,D,retired_from_active_findings,nonhuman_record_in_human_outcome_topic,2026-09-13,Git history and prior public-data snapshots
finding-pubmed-42692152,pubmed-42692152,42692152,10.1016/j.jhepr.2026.102022,Hepatic encephalopathy in chronic liver disease: Emerging insights from the gut microbiome.,microbiome-inflammaging,narrative_review,human,E,retired_from_active_findings,topic_scope_mismatch,2026-09-13,Git history and prior public-data snapshots
finding-pubmed-42692227,pubmed-42692227,42692227,10.1016/j.actbio.2026.09.009,Applications and challenges of stage-specific microenvironment-responsive hydrogels for myocardial infarction.,microbiome-inflammaging,narrative_review,human,E,retired_from_active_findings,title_topic_signal_missing,2026-09-13,Git history and prior public-data snapshots
finding-pubmed-42692265,pubmed-42692265,42692265,10.1016/j.spinee.2026.08.003,Evaluation of 2D and 3D Measurements of Cervical Sarcopenia and Outcomes in Patients with Acute Type II Odontoid Fractures: A Single-Institution Retrospective Cohort Analysis.,resistance-training-muscle,human_cohort,human,B,retired_from_active_findings,topic_scope_mismatch,2026-09-13,Git history and prior public-data snapshots
finding-pubmed-42692277,pubmed-42692277,42692277,10.1016/j.clindermatol.2026.08.012,Glucagon-like Peptide-1 Receptor Agonist-Associated Injection Site and Dermatologic Reactions.,glp1-weight-cardiometabolic,metadata_only_needs_classification,human,E,retired_from_active_findings,title_topic_signal_missing,2026-09-13,Git history and prior public-data snapshots
finding-pubmed-42692381,pubmed-42692381,42692381,10.1016/j.neubiorev.2026.106942,Criminal legal system contact and markers of biological aging: A systematic review.,epigenetic-clocks,systematic_review_or_meta_analysis,human,E,retired_from_active_findings,title_topic_signal_missing,2026-09-13,Git history and prior public-data snapshots
finding-pubmed-42692442,pubmed-42692442,42692442,10.3961/jpmph.26.543,Physical Inactivity and Non-communicable Disease Burden in ASEAN: A 12-Year Panel Analysis Using Structural Equation Modelling and Machine Learning Projections.,physical-activity-healthspan,metadata_only_needs_classification,human,E,retired_from_active_findings,title_topic_signal_missing,2026-09-13,Git history and prior public-data snapshots
finding-pubmed-42692452,pubmed-42692452,42692452,10.31128/AJGP-03-26-8068,"Lipoprotein(a): Actionable today, treatable tomorrow?",ldl-apob-cardiovascular-risk,narrative_review,human,E,retired_from_active_findings,title_topic_signal_missing,2026-09-13,Git history and prior public-data snapshots
finding-pubmed-42692477,pubmed-42692477,42692477,10.1542/peds.2026-077048,Trends in GLP-1 Receptor Agonist Prescriptions for Children Ages 8 to 11 With Obesity: 2019-2026.,glp1-weight-cardiometabolic,metadata_only_needs_classification,human,E,retired_from_active_findings,topic_capacity_limit,2026-09-13,Git history and prior public-data snapshots
finding-pubmed-42692499,pubmed-42692499,42692499,10.1136/bmjopen-2026-117339,"Developing culturally appropriate physical activity promotion strategies for older Chinese adults in the UK: an evidence-based, theory-based and person-based intervention development study.",resistance-training-muscle,metadata_only_needs_classification,human,E,retired_from_active_findings,title_topic_signal_missing,2026-09-13,Git history and prior public-data snapshots
finding-pubmed-42692503,pubmed-42692503,42692503,10.1136/bmjopen-2026-119948,Effect of yoga-based lifestyle intervention on endothelial function and vascular ageing in adults with type 2 diabetes: a study protocol for a randomised controlled (Yoga V-AgE) trial.,physical-activity-healthspan,protocol_or_registered_plan,human,E,retired_from_active_findings,non_result_publication_title,2026-09-13,Git history and prior public-data snapshots
finding-pubmed-42692515,pubmed-42692515,42692515,10.1136/bmjopen-2026-124273,"Prospective evaluation of real-world safety, symptoms improvement and adherence to mavacamten among Iranian patients with hypertrophic obstructive cardiomyopathy (PERSIA-HOCM): protocol of a multicentre observational study.",cardiorespiratory-fitness,protocol_or_registered_plan,human,E,retired_from_active_findings,protocol_or_registered_plan,2026-09-13,Git history and prior public-data snapshots
finding-pubmed-42692525,pubmed-42692525,42692525,10.1136/bmjopen-2026-122368,Mapping longitudinal evidence on multidimensional frailty among community-dwelling older adults: protocol for a scoping review.,resistance-training-muscle,protocol_or_registered_plan,human,E,retired_from_active_findings,protocol_or_registered_plan,2026-09-13,Git history and prior public-data snapshots
finding-pubmed-42692791,pubmed-42692791,42692791,10.1021/acsami.6c10999,Mechanical Regulation of Transient Receptor Potential Vanilloid 4 Function in Aging and Cardiovasculature Disease.,microbiome-inflammaging,metadata_only_needs_classification,human,E,retired_from_active_findings,title_topic_signal_missing,2026-09-13,Git history and prior public-data snapshots
finding-pubmed-42692941,pubmed-42692941,42692941,10.1016/j.semnephrol.2026.151720,"Acute Kidney Injury-to-Chronic Kidney Disease Transition: Clinical Evidence, Pathophysiologic Mechanisms, and Emerging Role of Traditional Chinese Medicine.",microbiome-inflammaging,narrative_review,human,E,retired_from_active_findings,title_topic_signal_missing,2026-09-13,Git history and prior public-data snapshots
finding-pubmed-42692942,pubmed-42692942,42692942,10.1016/j.semnephrol.2026.151717,Mechanism of Quercetin in Treatment of Vascular Calcification in Chronic Kidney Disease.,senolytics,narrative_review,human,E,retired_from_active_findings,topic_scope_mismatch,2026-09-13,Git history and prior public-data snapshots
finding-pubmed-42693099,pubmed-42693099,42693099,10.1177/02601060261483849,Antioxidant status and dehydroepiandrosterone sulfate in aging: Evidence from MIDUS 3 biomarkers cohort.,sleep-aging,human_cohort,human,C,retired_from_active_findings,title_topic_signal_missing,2026-09-13,Git history and prior public-data snapshots
finding-pubmed-42693203,pubmed-42693203,42693203,10.1007/s00464-026-13322-2,Can exercise improve surgical ergonomics? A systematic review.,physical-activity-healthspan,systematic_review_or_meta_analysis,human,E,retired_from_active_findings,topic_capacity_limit,2026-09-13,Git history and prior public-data snapshots
finding-pubmed-42693261,pubmed-42693261,42693261,10.1038/s41440-026-02793-4,Long-term outcomes associated with continued use of ARBs versus CCBs in older adults: a landmark cohort study.,blood-pressure-aging,human_cohort,human,B,retired_from_active_findings,title_topic_signal_missing,2026-09-13,Git history and prior public-data snapshots
finding-pubmed-42693435,pubmed-42693435,42693435,10.1186/s12933-026-03349-z,"Evaluative performance of triglyceride-glucose-frailty index versus surrogate insulin resistance indices for advanced cardiovascular-kidney-metabolic syndrome, cardiometabolic multimorbidity, and mortality: the role of estimated glomerular filtration rate.",resistance-training-muscle,metadata_only_needs_classification,human,E,retired_from_active_findings,topic_scope_mismatch,2026-09-13,Git history and prior public-data snapshots
finding-pubmed-42693457,pubmed-42693457,42693457,10.1186/s40814-026-01914-7,FASTINA - protocol for a randomised feasibility trial of time-restricted eating to improve response to multiple myeloma therapy.,time-restricted-eating,protocol_or_registered_plan,human,E,retired_from_active_findings,protocol_or_registered_plan,2026-09-13,Git history and prior public-data snapshots
finding-pubmed-42693520,pubmed-42693520,42693520,10.1097/CRD.0000000000001464,Menopausal Hormone Therapy and Cardiovascular Risk: Current Evidence and Treatment Recommendations.,blood-pressure-aging,metadata_only_needs_classification,human,E,retired_from_active_findings,title_topic_signal_missing,2026-09-13,Git history and prior public-data snapshots
finding-pubmed-42693608,pubmed-42693608,42693608,10.1093/jleuko/qiag121,"Intoxication, Inflamm-aging, and Injury: My Journey through Leukocyte Biology.",microbiome-inflammaging,metadata_only_needs_classification,human,E,retired_from_active_findings,title_topic_signal_missing,2026-09-13,Git history and prior public-data snapshots
finding-pubmed-42693636,pubmed-42693636,42693636,10.1177/02676591261485086,Hospital frailty risk score and 90-day mortality in patients receiving venoarterial extracorporeal membrane oxygenation.,resistance-training-muscle,metadata_only_needs_classification,human,E,retired_from_active_findings,topic_scope_mismatch,2026-09-13,Git history and prior public-data snapshots
finding-pubmed-42693889,pubmed-42693889,42693889,10.1080/17474124.2026.2729331,The role of calf circumference in the measurement of sarcopenia in cirrhosis: a narrative review.,resistance-training-muscle,narrative_review,human,E,retired_from_active_findings,topic_scope_mismatch,2026-09-13,Git history and prior public-data snapshots
finding-pubmed-42693935,pubmed-42693935,42693935,10.1093/ajrccm/aamag452,Beyond Event Frequency: Respiratory Effort Reveals Mortality Risk in Obstructive Sleep Apnea.,sleep-aging,metadata_only_needs_classification,needs_review,E,retired_from_active_findings,topic_capacity_limit,2026-09-13,Git history and prior public-data snapshots
finding-pubmed-42694012,pubmed-42694012,42694012,10.3290/j.ohpd.c_2807,Association of Subjective Oral Status and Oral Health Behaviours With a History of Systemic Disease Among Community-Dwelling Older Adults.,blood-pressure-aging,metadata_only_needs_classification,human,E,retired_from_active_findings,title_topic_signal_missing,2026-09-13,Git history and prior public-data snapshots
finding-pubmed-42694045,pubmed-42694045,42694045,10.26603/001c.167449,Calcific Patellar Tendinopathy. A Case Report Integrating Diagnostic Ultrasound Throughout a Multi-Modal Treatment Approach.,resistance-training-muscle,metadata_only_needs_classification,human,E,retired_from_active_findings,title_topic_signal_missing,2026-09-13,Git history and prior public-data snapshots
finding-pubmed-42694263,pubmed-42694263,42694263,10.1177/2050313X261486164,Patulous Eustachian tube dysfunction following rapid weight loss associated with semaglutide use: A case report.,glp1-weight-cardiometabolic,metadata_only_needs_classification,human,E,retired_from_active_findings,topic_capacity_limit,2026-09-13,Git history and prior public-data snapshots
finding-pubmed-42694274,pubmed-42694274,42694274,10.1177/21514593261487222,Frailty and Time-To-Theatre for Elderly Hip Fracture Patients at a Regional Hospital in Australia: A Retrospective Cohort Study.,resistance-training-muscle,human_cohort,human,B,retired_from_active_findings,topic_scope_mismatch,2026-09-13,Git history and prior public-data snapshots
finding-pubmed-42695028,pubmed-42695028,42695028,10.1155/da/6154705,Child-To-Adult Body Size Change and Risk of Depression and Anxiety: A Large Prospective Cohort Study.,blood-pressure-aging,human_cohort,human,C,retired_from_active_findings,title_topic_signal_missing,2026-09-13,Git history and prior public-data snapshots
finding-pubmed-42695140,pubmed-42695140,42695140,10.1177/15209156261486127,Adjunctive Treatments for Patients with Type 1 Diabetes Using Automated Insulin Delivery Systems. A Narrative Review.,glp1-weight-cardiometabolic,narrative_review,human,E,retired_from_active_findings,title_topic_signal_missing,2026-09-13,Git history and prior public-data snapshots
finding-pubmed-42695375,pubmed-42695375,42695375,10.1002/ecy.70477,Soil microbial effects on tree seedling performance during forest secondary succession.,microbiome-inflammaging,metadata_only_needs_classification,human,E,retired_from_active_findings,title_topic_signal_missing,2026-09-13,Git history and prior public-data snapshots
finding-pubmed-42695484,pubmed-42695484,42695484,10.1111/acel.70702,Akkermansia muciniphila and Its Bioactive Derivatives: Emerging Regulators of Healthy Aging.,microbiome-inflammaging,narrative_review,human,E,retired_from_active_findings,title_topic_signal_missing,2026-09-13,Git history and prior public-data snapshots
finding-pubmed-42695527,pubmed-42695527,42695527,10.1111/acel.70696,Tissue-Level Transcriptomic Entropy Reveals Organ-Specific Aging Patterns and Predicts Cancer Progression.,partial-reprogramming,animal_study,mouse,D,retired_from_active_findings,title_topic_signal_missing,2026-09-13,Git history and prior public-data snapshots
finding-pubmed-42695667,pubmed-42695667,42695667,10.1080/17425255.2026.2725922,Preventing drug interactions with antiretrovirals in the aging HIV population: focusing on population pharmacokinetic modeling.,microbiome-inflammaging,narrative_review,human,E,retired_from_active_findings,title_topic_signal_missing,2026-09-13,Git history and prior public-data snapshots
finding-pubmed-42695875,pubmed-42695875,42695875,10.1021/acs.jproteome.5c00919,Omics Profiling of Patients with Obstructive Sleep Apnoea Reveals Risks of Diabetes Mellitus and Cardiovascular Diseases.,sleep-aging,metadata_only_needs_classification,human,E,retired_from_active_findings,topic_capacity_limit,2026-09-13,Git history and prior public-data snapshots
finding-pubmed-42695888,pubmed-42695888,42695888,10.1021/acs.jproteome.6c00467,Plasma Proteomic Profiling of Comorbid and Noncomorbid COVID-19 Patients in ICU.,blood-pressure-aging,metadata_only_needs_classification,human,E,retired_from_active_findings,title_topic_signal_missing,2026-09-13,Git history and prior public-data snapshots
finding-pubmed-42696028,pubmed-42696028,42696028,10.1093/eurjpc/zwag462,Lifestyle phenotypes associated with sudden cardiac arrest in the community: a multicentre case-control study.,sleep-aging,metadata_only_needs_classification,human,E,retired_from_active_findings,title_topic_signal_missing,2026-09-13,Git history and prior public-data snapshots
finding-pubmed-42696125,pubmed-42696125,42696125,10.1007/s00296-026-06292-0,Handgrip strength relative to age- and sex-specific reference values in hospitalised patients with highly active rheumatoid arthritis: a single-centre cross-sectional study.,resistance-training-muscle,metadata_only_needs_classification,human,E,retired_from_active_findings,topic_scope_mismatch,2026-09-13,Git history and prior public-data snapshots
finding-pubmed-42696146,pubmed-42696146,42696146,10.1080/19490976.2026.2725371,Nutritional regulation of gut-brain immune crosstalk across the lifespan.,microbiome-inflammaging,narrative_review,human,E,retired_from_active_findings,title_topic_signal_missing,2026-09-13,Git history and prior public-data snapshots
finding-pubmed-42696147,pubmed-42696147,42696147,10.1007/s00421-026-06413-4,The nuts and bolts of excitation-contraction coupling in skeletal muscle.,resistance-training-muscle,narrative_review,human,E,retired_from_active_findings,title_topic_signal_missing,2026-09-13,Git history and prior public-data snapshots
finding-pubmed-42696191,pubmed-42696191,42696191,10.1007/s11883-026-01456-6,Oral Incretin-Based Therapies for Weight Management.,glp1-weight-cardiometabolic,narrative_review,human,E,retired_from_active_findings,title_topic_signal_missing,2026-09-13,Git history and prior public-data snapshots
finding-pubmed-42696244,pubmed-42696244,42696244,10.1007/s11845-026-04599-2,Physical fitness and pulmonary function in adolescents with idiopathic scoliosis: a comparative study with healthy peers.,resistance-training-muscle,metadata_only_needs_classification,human,E,retired_from_active_findings,title_topic_signal_missing,2026-09-13,Git history and prior public-data snapshots
finding-pubmed-42696378,pubmed-42696378,42696378,10.1177/02601060261485350,Association between the global leadership initiative on malnutrition criteria-defined malnutrition and hospitalization-associated disability in older patients: An observational cohort study.,resistance-training-muscle,human_cohort,human,B,retired_from_active_findings,title_topic_signal_missing,2026-09-13,Git history and prior public-data snapshots
finding-pubmed-42696402,pubmed-42696402,42696402,10.34067/KID.0000001379,Metformin-Associated Lactic Acidosis and Relative Euglycemic Ketoacidosis Precipitated by a Glucagon-Like Peptide-1 Receptor Agonist: A Case Report and Literature Review.,metformin-aging,narrative_review,human,E,retired_from_active_findings,topic_scope_mismatch,2026-09-13,Git history and prior public-data snapshots
finding-pubmed-42696446,pubmed-42696446,42696446,10.1016/j.tjfa.2026.100184,Effect of seated aerobic exercise on physical endurance in long-term care recipients: secondary analysis of a cluster non-randomized controlled trial.,resistance-training-muscle,human_randomized_or_clinical_trial,human,B,retired_from_active_findings,title_topic_signal_missing,2026-09-13,Git history and prior public-data snapshots
finding-pubmed-42696447,pubmed-42696447,42696447,10.1016/j.tjfa.2026.100195,"Higher cystatin C, but not creatinine, predicts frailty risk in individuals with normal kidney function.",resistance-training-muscle,metadata_only_needs_classification,human,E,retired_from_active_findings,topic_scope_mismatch,2026-09-13,Git history and prior public-data snapshots
finding-pubmed-42696448,pubmed-42696448,42696448,10.1016/j.tjfa.2026.100194,Association of plasma growth differentiation factor-15 with the frailty phenotype - Evidence from the COGFRAIL study.,resistance-training-muscle,metadata_only_needs_classification,human,E,retired_from_active_findings,topic_scope_mismatch,2026-09-13,Git history and prior public-data snapshots
finding-pubmed-42696449,pubmed-42696449,42696449,10.1016/j.tjfa.2026.100201,Fat-free mass index and apixaban exposure in frail hospitalized older adults: An exploratory study.,resistance-training-muscle,metadata_only_needs_classification,human,E,retired_from_active_findings,topic_scope_mismatch,2026-09-13,Git history and prior public-data snapshots
finding-pubmed-42696451,pubmed-42696451,42696451,10.1016/j.tjfa.2026.100188,Intrinsic capacity and self-perceived health among home-dwelling older adults: The HUNT study.,resistance-training-muscle,metadata_only_needs_classification,human,E,retired_from_active_findings,title_topic_signal_missing,2026-09-13,Git history and prior public-data snapshots
finding-pubmed-42696494,pubmed-42696494,42696494,10.2196/93638,Nursing Process Data for Health Care Cost Prediction Using Machine Learning: Longitudinal Study.,resistance-training-muscle,human_cohort,human,B,retired_from_active_findings,title_topic_signal_missing,2026-09-13,Git history and prior public-data snapshots
finding-pubmed-42696500,pubmed-42696500,42696500,10.2196/90009,Evaluation of a Consumer Wearable Smartwatch for Cardiac Interval Measurement in Healthy Adults: Cross-Sectional Method Comparison Study.,physical-activity-healthspan,metadata_only_needs_classification,human,E,retired_from_active_findings,title_topic_signal_missing,2026-09-13,Git history and prior public-data snapshots
finding-pubmed-42696521,pubmed-42696521,42696521,10.1080/25787489.2026.2725472,Subclinical cardiovascular risk among adolescents with HIV in Tanzania: the role of sleep behaviour and antiretroviral regimen on arterial stiffness.,sleep-aging,metadata_only_needs_classification,human,E,retired_from_active_findings,topic_capacity_limit,2026-09-13,Git history and prior public-data snapshots
finding-pubmed-42696581,pubmed-42696581,42696581,10.1126/sciadv.aeb4011,Impaired liver-muscle lactate metabolism causes sarcopenia via lactic acidosis in skeletal muscle in mice.,resistance-training-muscle,animal_study,mouse,D,retired_from_active_findings,topic_scope_mismatch,2026-09-13,Git history and prior public-data snapshots
finding-pubmed-42696641,pubmed-42696641,42696641,10.1093/ageing/afag259,Effects of the 'ReacStep' training program on balance recovery and fall risk factors in older people: an assessor-blinded randomised controlled trial.,resistance-training-muscle,human_randomized_or_clinical_trial,human,B,retired_from_active_findings,title_topic_signal_missing,2026-09-13,Git history and prior public-data snapshots
finding-pubmed-42696642,pubmed-42696642,42696642,10.1093/ageing/afag262,Frailty index deficit interchangeability: an empirical test using random survival forests in adults with cardiovascular disease.,resistance-training-muscle,metadata_only_needs_classification,human,E,retired_from_active_findings,topic_scope_mismatch,2026-09-13,Git history and prior public-data snapshots
finding-pubmed-42696807,pubmed-42696807,42696807,10.1016/j.jamda.2026.106450,"Predicting Mobility and Functional Recovery After Hip Fracture With Handgrip Strength, Calf Circumference, and the SARC-F Questionnaire.",resistance-training-muscle,human_cohort,human,B,retired_from_active_findings,topic_scope_mismatch,2026-09-13,Git history and prior public-data snapshots
finding-pubmed-42696829,pubmed-42696829,42696829,10.1016/j.jss.2026.08.004,Receipt of Preventive Care and Health Promotion Counseling in Early Stage Breast Cancer Survivors.,physical-activity-healthspan,metadata_only_needs_classification,human,E,retired_from_active_findings,title_topic_signal_missing,2026-09-13,Git history and prior public-data snapshots
finding-pubmed-42696840,pubmed-42696840,42696840,10.1016/j.atherosclerosis.2026.121898,Prediabetes: Impact on cardiovascular risk and emerging therapeutic strategies.,physical-activity-healthspan,narrative_review,human,E,retired_from_active_findings,title_topic_signal_missing,2026-09-13,Git history and prior public-data snapshots
finding-pubmed-42696868,pubmed-42696868,42696868,10.1016/j.maturitas.2026.109102,"Comprehensive geriatric assessment in older women with breast cancer: frailty, nutritional vulnerability and impact on treatment decision-making.",resistance-training-muscle,metadata_only_needs_classification,human,E,retired_from_active_findings,topic_scope_mismatch,2026-09-13,Git history and prior public-data snapshots
finding-pubmed-42696955,pubmed-42696955,42696955,10.1016/j.thromres.2026.109824,OPtimal TIming for Reperfusion in Acute Pulmonary Embolism: Rationale and design of the OPTIRAPE registry.,physical-activity-healthspan,metadata_only_needs_classification,human,E,retired_from_active_findings,title_topic_signal_missing,2026-09-13,Git history and prior public-data snapshots
finding-pubmed-42696970,pubmed-42696970,42696970,10.1016/j.autneu.2026.103480,Methyldopa for hyperadrenergic postural orthostatic tachycardia syndrome: A case series of five patients.,sleep-aging,metadata_only_needs_classification,human,E,retired_from_active_findings,title_topic_signal_missing,2026-09-13,Git history and prior public-data snapshots
finding-pubmed-42697008,pubmed-42697008,42697008,10.1016/j.identj.2026.111089,Effects of Immediate Dentin Sealing and Quercetin on the Fracture Strength of Ceramic Inlays in Premolars of Daibetics.,senolytics,mechanistic_or_cell_study,human,E,retired_from_active_findings,topic_scope_mismatch,2026-09-13,Git history and prior public-data snapshots
finding-pubmed-42697069,pubmed-42697069,42697069,10.1016/j.hrtlng.2026.102930,"Mechanisms, outcomes, and management of heart failure-associated dysphagia: a scoping review - revised marked.",resistance-training-muscle,narrative_review,human,E,retired_from_active_findings,title_topic_signal_missing,2026-09-13,Git history and prior public-data snapshots
finding-pubmed-42697164,pubmed-42697164,42697164,10.1016/j.currproblcancer.2026.101334,Predictors of change in cognitive function for patients with cancer treated with allogeneic hematopoietic cell transplant.,resistance-training-muscle,metadata_only_needs_classification,human,E,retired_from_active_findings,title_topic_signal_missing,2026-09-13,Git history and prior public-data snapshots
finding-pubmed-42697174,pubmed-42697174,42697174,10.1016/j.jnha.2026.100967,Impact of frailty phenotype on chronic disease accumulation and healthy life years lost: A multi-state analysis of the UK Biobank.,resistance-training-muscle,metadata_only_needs_classification,human,E,retired_from_active_findings,topic_scope_mismatch,2026-09-13,Git history and prior public-data snapshots
finding-pubmed-42697176,pubmed-42697176,42697176,10.1016/j.tjpad.2026.100666,Integrating frailty into decision-making for disease-modifying therapies in Alzheimer's disease: a proposed expert-opinion based approach.,resistance-training-muscle,narrative_review,human,E,retired_from_active_findings,topic_scope_mismatch,2026-09-13,Git history and prior public-data snapshots
finding-pubmed-42697203,pubmed-42697203,42697203,10.1016/j.xcrm.2026.103023,"Emerging role of GLP-1 mono, dual, and triple agonists in the management of MASH-related fibrosis.",glp1-weight-cardiometabolic,narrative_review,human,E,retired_from_active_findings,topic_capacity_limit,2026-09-13,Git history and prior public-data snapshots
finding-pubmed-42697206,pubmed-42697206,42697206,10.1055/a-2928-5204,Recent Advances in Glucagon-Like Peptide-1 Receptor and Melanocortin-4 Receptor Agonists for the Treatment of Obesity and Type 2 Diabetes.,glp1-weight-cardiometabolic,metadata_only_needs_classification,human,E,retired_from_active_findings,title_topic_signal_missing,2026-09-13,Git history and prior public-data snapshots
finding-pubmed-42697281,pubmed-42697281,42697281,10.1016/j.brainresbull.2026.112103,Effects of intrinsic aerobic capacity on an isometric forelimb resistance exercise task and bulbar motor function in aging rats.,resistance-training-muscle,animal_study,animal,D,retired_from_active_findings,title_topic_signal_missing,2026-09-13,Git history and prior public-data snapshots
finding-pubmed-42697335,pubmed-42697335,42697335,10.1016/j.arr.2026.103359,Targeting the mitochondrial functional network: Decoding upstream pathological mechanisms and novel therapeutic paradigms for Alzheimer's disease.,autophagy-mitophagy,narrative_review,human,E,retired_from_active_findings,title_topic_signal_missing,2026-09-13,Git history and prior public-data snapshots
finding-pubmed-42697418,pubmed-42697418,42697418,10.1016/j.phrs.2026.108432,Therapeutic targeting of tauopathies: From druggable biology to precision intervention.,autophagy-mitophagy,narrative_review,human,E,retired_from_active_findings,title_topic_signal_missing,2026-09-13,Git history and prior public-data snapshots
finding-pubmed-42697445,pubmed-42697445,42697445,10.1016/j.exger.2026.113312,Endocannabinoid system dysregulation in non-communicable diseases: implications for skeletal muscle health.,physical-activity-healthspan,narrative_review,needs_review,E,retired_from_active_findings,title_topic_signal_missing,2026-09-13,Git history and prior public-data snapshots
finding-pubmed-42697482,pubmed-42697482,42697482,10.1016/j.jcjd.2026.08.185,Historical Gaps in Kidney and Cardiovascular Risk Assessment Among Patients with Diabetes and Hypertension: A Real-World Primary Care Study.,ldl-apob-cardiovascular-risk,metadata_only_needs_classification,human,E,retired_from_active_findings,title_topic_signal_missing,2026-09-13,Git history and prior public-data snapshots
finding-pubmed-42697499,pubmed-42697499,42697499,10.1016/j.jep.2026.122345,Synaptic remodeling and functional recovery: Huan Le Ning decoction mitigates perimenopausal anxiety and depression symptoms via hippocampal reorganization.,senolytics,animal_study,mouse,D,retired_from_active_findings,title_topic_signal_missing,2026-09-13,Git history and prior public-data snapshots
finding-pubmed-42697579,pubmed-42697579,42697579,10.1136/bmjopen-2025-114566,Large-scale multiethnic electronic health record resource for diabetes complications research: the North West London Diabetes Cohort (NWLDC) - cohort profile.,blood-pressure-aging,human_cohort,human,B,retired_from_active_findings,title_topic_signal_missing,2026-09-13,Git history and prior public-data snapshots
finding-pubmed-42697780,pubmed-42697780,42697780,10.1016/j.jfma.2026.08.056,Prevalence and one-year transition of sarcopenic obesity in Taiwan - using new definition from Asia-Oceania sarcopenic obesity consensus.,resistance-training-muscle,metadata_only_needs_classification,human,E,retired_from_active_findings,topic_scope_mismatch,2026-09-13,Git history and prior public-data snapshots
finding-pubmed-42698062,pubmed-42698062,42698062,10.1007/s41999-026-01601-z,Associations of malnutrition and hydration status with cognitive frailty in older adults.,resistance-training-muscle,metadata_only_needs_classification,human,E,retired_from_active_findings,topic_scope_mismatch,2026-09-13,Git history and prior public-data snapshots
finding-pubmed-42698192,pubmed-42698192,42698192,10.12659/AJCR.953812,Isolated Psychiatric Presentation of Cerebral Venous Thrombosis in a Patient Without Risk Factors: A Diagnostic Challenge.,sleep-aging,metadata_only_needs_classification,human,E,retired_from_active_findings,title_topic_signal_missing,2026-09-13,Git history and prior public-data snapshots
finding-pubmed-42698473,pubmed-42698473,42698473,10.1016/j.jccase.2026.05.006,Silent post-infarction ventricular septal rupture obscured by apical thrombus formation: A case report.,physical-activity-healthspan,metadata_only_needs_classification,human,E,retired_from_active_findings,title_topic_signal_missing,2026-09-13,Git history and prior public-data snapshots
finding-pubmed-42698699,pubmed-42698699,42698699,10.1177/11795441261481095,Associated Determinants of Sexual Dysfunctions in Non-Specific Low Back Pain Patients in Cameroon: A Cross-Sectional Study.,resistance-training-muscle,metadata_only_needs_classification,human,E,retired_from_active_findings,title_topic_signal_missing,2026-09-13,Git history and prior public-data snapshots
finding-pubmed-42698893,pubmed-42698893,42698893,10.7759/cureus.115745,Sense of Coherence and Its Association With Adherence to Continuous Positive Airway Pressure (CPAP) Therapy in Patients With Obstructive Sleep Apnoea.,sleep-aging,metadata_only_needs_classification,human,E,retired_from_active_findings,topic_capacity_limit,2026-09-13,Git history and prior public-data snapshots
finding-pubmed-42699277,pubmed-42699277,42699277,10.1016/j.bbrep.2026.102753,Mechanism of FXR signaling: from liver inflammation to hepatocellular carcinoma.,senolytics,narrative_review,human,E,retired_from_active_findings,title_topic_signal_missing,2026-09-13,Git history and prior public-data snapshots
finding-pubmed-42699646,pubmed-42699646,42699646,10.5334/gh.1582,"Association of Sleep Duration, Metabolic Markers, and Risk of All-Cause and Cause-Specific Mortality in China and the UK.",sleep-aging,metadata_only_needs_classification,human,E,retired_from_active_findings,topic_capacity_limit,2026-09-13,Git history and prior public-data snapshots
finding-pubmed-42700003,pubmed-42700003,42700003,10.1097/MD.0000000000050392,Clinical and CT features of patients with pneumatosis intestinalis: A retrospective single-center study.,blood-pressure-aging,metadata_only_needs_classification,human,E,retired_from_active_findings,title_topic_signal_missing,2026-09-13,Git history and prior public-data snapshots
finding-pubmed-42700007,pubmed-42700007,42700007,10.1097/MD.0000000000050524,Over-hydration as a key modifiable predictor of obstructive sleep apnea severity in dialysis patients with daytime sleepiness.,sleep-aging,metadata_only_needs_classification,human,E,retired_from_active_findings,topic_capacity_limit,2026-09-13,Git history and prior public-data snapshots
finding-pubmed-42700009,pubmed-42700009,42700009,10.1097/MD.0000000000050070,Clinical challenges and individualized management of hypertensive emergency complicated by acute ischemic stroke: A case report and literature review.,blood-pressure-aging,narrative_review,human,E,retired_from_active_findings,title_topic_signal_missing,2026-09-13,Git history and prior public-data snapshots
finding-pubmed-42700073,pubmed-42700073,42700073,10.1097/MD.0000000000050315,"Pre-frailty and frailty as independent predictors of mortality in U.S. breast cancer survivors: Evidence from the national health interview survey, 1997 to 2018: Frailty and all-cause mortality.",resistance-training-muscle,metadata_only_needs_classification,human,E,retired_from_active_findings,topic_scope_mismatch,2026-09-13,Git history and prior public-data snapshots
finding-pubmed-42700085,pubmed-42700085,42700085,10.1097/MD.0000000000050605,Case report: Tirzepatide-responsive refractory diabetes mellitus in an adult female with prader-willi syndrome.,glp1-weight-cardiometabolic,metadata_only_needs_classification,human,E,retired_from_active_findings,topic_capacity_limit,2026-09-13,Git history and prior public-data snapshots
finding-pubmed-42700192,pubmed-42700192,42700192,10.1007/s10143-026-04475-8,Survivorship analysis of laminectomy with or without fusion for spinal stenosis or degenerative spondylolisthesis: a national retrospective cohort study.,resistance-training-muscle,human_cohort,human,B,retired_from_active_findings,title_topic_signal_missing,2026-09-13,Git history and prior public-data snapshots
finding-pubmed-42700218,pubmed-42700218,42700218,10.1007/s11427-025-3398-8,Single-cell multi-omics dissects transcript isoform and immune repertoire dynamics in human immunosenescence.,microbiome-inflammaging,metadata_only_needs_classification,cell,E,retired_from_active_findings,title_topic_signal_missing,2026-09-13,Git history and prior public-data snapshots
finding-pubmed-42700278,pubmed-42700278,42700278,10.1007/s10072-026-09344-2,"Global burden of subarachnoid hemorrhage in young adults, 1990-2021: disparities, risk factors, and projections to 2050.",blood-pressure-aging,metadata_only_needs_classification,human,E,retired_from_active_findings,title_topic_signal_missing,2026-09-13,Git history and prior public-data snapshots
finding-pubmed-42700332,pubmed-42700332,42700332,10.1007/s11064-026-04889-2,"Strain-Specific Cognitive and Neurobiological Vulnerabilities to Social Isolation in Late Middle-Aged Wistar, Wistar-Kyoto, and Spontaneously Hypertensive Rats.",blood-pressure-aging,animal_study,animal,D,retired_from_active_findings,title_topic_signal_missing,2026-09-13,Git history and prior public-data snapshots
finding-pubmed-42700391,pubmed-42700391,42700391,10.1016/j.tjfa.2026.100196,Components and classification of frailty and palliative care.,resistance-training-muscle,metadata_only_needs_classification,human,E,retired_from_active_findings,topic_scope_mismatch,2026-09-13,Git history and prior public-data snapshots
finding-pubmed-42700561,pubmed-42700561,42700561,10.1016/j.jclinane.2026.112310,Cognitive impairment influences perioperative quality of life in older surgical patients: A multicenter longitudinal study.,resistance-training-muscle,human_cohort,human,B,retired_from_active_findings,title_topic_signal_missing,2026-09-13,Git history and prior public-data snapshots
finding-pubmed-42700590,pubmed-42700590,42700590,10.1016/j.sleep.2026.109247,Longitudinal NODDI-DTI assessment of brain recovery following CPAP in obstructive sleep apnea: Tissue-compartment changes in white and gray matter.,sleep-aging,metadata_only_needs_classification,human,E,retired_from_active_findings,topic_capacity_limit,2026-09-13,Git history and prior public-data snapshots
finding-pubmed-42700707,pubmed-42700707,42700707,10.1016/j.prp.2026.156682,Association of myocardial injury with adverse long-term survival among patients with sarcopenia.,resistance-training-muscle,metadata_only_needs_classification,human,E,retired_from_active_findings,topic_scope_mismatch,2026-09-13,Git history and prior public-data snapshots
finding-pubmed-42700817,pubmed-42700817,42700817,10.1016/j.tjnut.2026.101822,Long-Term Vegetarian and Vegan Diets in Older Adults Are Associated With Inadequate Intakes of Protein and Micronutrients.,physical-activity-healthspan,metadata_only_needs_classification,human,E,retired_from_active_findings,title_topic_signal_missing,2026-09-13,Git history and prior public-data snapshots
finding-pubmed-42700862,pubmed-42700862,42700862,10.1016/j.cct.2026.108465,Effects of resistance training for external snapping hip: protocol for a randomized controlled trial.,resistance-training-muscle,protocol_or_registered_plan,human,E,retired_from_active_findings,protocol_or_registered_plan,2026-09-13,Git history and prior public-data snapshots
finding-pubmed-42700866,pubmed-42700866,42700866,10.1016/j.arr.2026.103352,Mitochondria-endoplasmic reticulum contact sites (MERCS/MAM): Multi-layered upstream regulators of microglial senescence in Alzheimer's disease.,senolytics,animal_study,animal,D,retired_from_active_findings,title_topic_signal_missing,2026-09-13,Git history and prior public-data snapshots
finding-pubmed-42700869,pubmed-42700869,42700869,10.1016/j.arr.2026.103353,Postbiotics as a Therapeutic Target in Cognitive Impairment: Exploring into Molecular Pathways and Neuroprotective Effects.,microbiome-inflammaging,narrative_review,human,E,retired_from_active_findings,title_topic_signal_missing,2026-09-13,Git history and prior public-data snapshots
finding-pubmed-42700874,pubmed-42700874,42700874,10.1016/j.bbadis.2026.168451,Circular RNAs and SIRT1 in post-transcriptional regulation and human disease.,autophagy-mitophagy,narrative_review,cell,E,retired_from_active_findings,title_topic_signal_missing,2026-09-13,Git history and prior public-data snapshots
finding-pubmed-42701071,pubmed-42701071,42701071,10.1016/j.ultrasmedbio.2026.08.002,Diaphragm Ultrasound: State-of-the-Art Review.,resistance-training-muscle,narrative_review,human,E,retired_from_active_findings,title_topic_signal_missing,2026-09-13,Git history and prior public-data snapshots
finding-pubmed-42701149,pubmed-42701149,42701149,10.1007/s11357-026-02514-2,Longitudinal infection trajectories and biological aging acceleration in adults: a prospective cohort study.,epigenetic-clocks,human_cohort,human,B,retired_from_active_findings,title_topic_signal_missing,2026-09-13,Git history and prior public-data snapshots
finding-pubmed-42701161,pubmed-42701161,42701161,10.1038/s41390-026-05417-2,Epigenetic programming in bronchopulmonary dysplasia: a framework linking early-life exposures to persistent lung disease-a narrative review.,microbiome-inflammaging,narrative_review,human,E,retired_from_active_findings,title_topic_signal_missing,2026-09-13,Git history and prior public-data snapshots
finding-pubmed-42701317,pubmed-42701317,42701317,10.1210/clinem/dgag361,Approach to the Patient: Diagnosis and Management of Cushing's Syndrome in the Elderly - How Different Is It?,resistance-training-muscle,metadata_only_needs_classification,human,E,retired_from_active_findings,title_topic_signal_missing,2026-09-13,Git history and prior public-data snapshots
finding-pubmed-42701321,pubmed-42701321,42701321,10.1080/10408398.2026.2728287,Non-hormonal strategies for menopausal health: the role of phytoestrogens.,microbiome-inflammaging,narrative_review,human,E,retired_from_active_findings,title_topic_signal_missing,2026-09-13,Git history and prior public-data snapshots
finding-pubmed-42701351,pubmed-42701351,42701351,10.1002/jgh3.70466,The Evolution of Medications for Obesity Management.,glp1-weight-cardiometabolic,narrative_review,human,E,retired_from_active_findings,title_topic_signal_missing,2026-09-13,Git history and prior public-data snapshots
finding-pubmed-42701547,pubmed-42701547,42701547,10.1016/j.mbm.2026.100208,From biomechanical mechanisms to clinical reasoning: Deciphering mechanobiological drivers of aortic valve calcification for precision therapy.,blood-pressure-aging,narrative_review,human,E,retired_from_active_findings,title_topic_signal_missing,2026-09-13,Git history and prior public-data snapshots
finding-pubmed-42701778,pubmed-42701778,42701778,10.2147/IJWH.S613820,Clinical and Metabolic Factors Associated with Comorbidities of Thyroid and Breast Diseases in Women Aged 25-55 Years.,blood-pressure-aging,metadata_only_needs_classification,human,E,retired_from_active_findings,title_topic_signal_missing,2026-09-13,Git history and prior public-data snapshots
finding-pubmed-42701800,pubmed-42701800,42701800,10.2147/VHRM.S623354,"Public Awareness of Stroke Risk Factors, Warning Symptoms, Prevention Measures, and Stroke Management Among Adults in Two Major Cities in Yemen: A Cross-Sectional Study.",blood-pressure-aging,metadata_only_needs_classification,human,E,retired_from_active_findings,title_topic_signal_missing,2026-09-13,Git history and prior public-data snapshots
finding-pubmed-42701880,pubmed-42701880,42701880,10.1080/07853890.2026.2727194,Burden dynamics of pulmonary arterial hypertension in China and the G20 aggregate: a comparative analysis based on the global burden of disease study 2023.,blood-pressure-aging,metadata_only_needs_classification,human,E,retired_from_active_findings,topic_scope_mismatch,2026-09-13,Git history and prior public-data snapshots
finding-pubmed-42701914,pubmed-42701914,42701914,10.1007/s00420-026-02233-3,"Shift work, accelerated biological aging and mortality risk in US adults: a national prospective cohort study.",epigenetic-clocks,human_cohort,human,B,retired_from_active_findings,title_topic_signal_missing,2026-09-13,Git history and prior public-data snapshots
finding-pubmed-42701941,pubmed-42701941,42701941,10.1007/s40292-026-00819-z,Lean Mass Reduction During Glucagon-like Peptide-1 Receptor Agonists-Induced Weight Loss: Rethinking Its Clinical Significance.,resistance-training-muscle,narrative_review,human,E,retired_from_active_findings,title_topic_signal_missing,2026-09-13,Git history and prior public-data snapshots
finding-pubmed-42701956,pubmed-42701956,42701956,10.1007/s12094-026-04483-6,Cancer risk and mortality assessment in the overweight population: evaluation of single and integrated models based on inflammatory markers.,microbiome-inflammaging,metadata_only_needs_classification,human,E,retired_from_active_findings,title_topic_signal_missing,2026-09-13,Git history and prior public-data snapshots
finding-pubmed-42701962,pubmed-42701962,42701962,10.1007/s10735-026-10946-5,The neuroprotective potential of thymoquinone and intermittent fasting on aluminum chloride-induced Alzheimer's disease like model in rat hippocampus: insights into neurogenesis and autophagy.,time-restricted-eating,animal_study,animal,D,retired_from_active_findings,nonhuman_record_in_human_outcome_topic,2026-09-13,Git history and prior public-data snapshots
finding-pubmed-42702293,pubmed-42702293,42702293,10.1016/j.arr.2026.103355,"Vascular frailty: A new paradigm linking biological aging, gero-nephrology, and vascular medicine.",resistance-training-muscle,narrative_review,human,E,retired_from_active_findings,topic_scope_mismatch,2026-09-13,Git history and prior public-data snapshots
finding-pubmed-42702341,pubmed-42702341,42702341,10.1016/j.phrs.2026.108440,HIF-1 plays a dual regulatory role in hippocampal neuronal PANoptosis in Alzheimer's disease via the HK2/VDAC1/NLRP3 axis and RIPK3 signaling.,glp1-weight-cardiometabolic,animal_study,mouse,D,retired_from_active_findings,title_topic_signal_missing,2026-09-13,Git history and prior public-data snapshots
finding-pubmed-42702559,pubmed-42702559,42702559,10.5387/fms.26-00008,The impact of motor function deterioration on swallowing function in older adults: a narrative review.,resistance-training-muscle,narrative_review,human,E,retired_from_active_findings,title_topic_signal_missing,2026-09-13,Git history and prior public-data snapshots
finding-pubmed-42702562,pubmed-42702562,42702562,10.2188/jea.JE20260157,"Descriptive Epidemiology of solitary death (kodokushi) in Tokyo's 23 wards, Japan, 2016-2023.",blood-pressure-aging,metadata_only_needs_classification,needs_review,E,retired_from_active_findings,title_topic_signal_missing,2026-09-13,Git history and prior public-data snapshots
finding-pubmed-42702586,pubmed-42702586,42702586,10.1080/10937404.2026.2727613,Risk factors for frailty in aging: from sex and gender and genetic determinants to the exposome.,resistance-training-muscle,narrative_review,human,E,retired_from_active_findings,topic_scope_mismatch,2026-09-13,Git history and prior public-data snapshots
finding-pubmed-42702735,pubmed-42702735,42702735,10.1111/idh.70163,Rethinking Dental Hygiene Practice: Home-Based Oral Health Care for Older Adults With Complex Care Needs.,resistance-training-muscle,metadata_only_needs_classification,human,E,retired_from_active_findings,title_topic_signal_missing,2026-09-13,Git history and prior public-data snapshots
finding-pubmed-42702807,pubmed-42702807,42702807,10.1093/cvr/cvag197,Vascular smooth muscle cell-derived osteoprotegerin drives pulmonary arterial hypertension via AKT activation and is attenuated by monoclonal antibody therapy.,autophagy-mitophagy,animal_study,mouse,D,retired_from_active_findings,title_topic_signal_missing,2026-09-13,Git history and prior public-data snapshots
finding-pubmed-42703003,pubmed-42703003,42703003,10.1080/08923973.2026.2731357,Improvement of post-COVID-19 vaccination dysautonomia with GLP-1 receptor agonist.,glp1-weight-cardiometabolic,metadata_only_needs_classification,human,E,retired_from_active_findings,topic_capacity_limit,2026-09-13,Git history and prior public-data snapshots
finding-pubmed-42703057,pubmed-42703057,42703057,10.1080/0886022X.2026.2723684,Underdocumentation of laboratory-defined acute kidney injury in internal medicine wards: a retrospective cohort study.,blood-pressure-aging,human_cohort,human,B,retired_from_active_findings,title_topic_signal_missing,2026-09-13,Git history and prior public-data snapshots
finding-pubmed-42703211,pubmed-42703211,42703211,10.1007/s40653-026-00860-z,Adverse Childhood Experiences: Biological Signatures of Stress.,microbiome-inflammaging,metadata_only_needs_classification,human,E,retired_from_active_findings,title_topic_signal_missing,2026-09-13,Git history and prior public-data snapshots
finding-pubmed-42703386,pubmed-42703386,42703386,10.2147/CIA.S624555,Selection of an Appropriate Tool for Assessing Geriatric Frailty in Clinical Practice: A Narrative Review.,resistance-training-muscle,narrative_review,human,E,retired_from_active_findings,topic_scope_mismatch,2026-09-13,Git history and prior public-data snapshots
finding-pubmed-42703476,pubmed-42703476,42703476,10.21037/jgo-2026-0335,"Global, regional, and national burden of colorectal cancer attributable to modifiable risk factors, 1990-2021: a systematic analysis for the Global Burden of Disease Study 2021.",physical-activity-healthspan,metadata_only_needs_classification,needs_review,E,retired_from_active_findings,title_topic_signal_missing,2026-09-13,Git history and prior public-data snapshots
finding-pubmed-42703559,pubmed-42703559,42703559,10.2147/COPD.S636134,Global Research Landscape and Clinical Hotspots in COPD-OSA Overlap Syndrome: A Bibliometric and Visualization Analysis.,sleep-aging,narrative_review,human,E,retired_from_active_findings,title_topic_signal_missing,2026-09-13,Git history and prior public-data snapshots
finding-pubmed-42704033,pubmed-42704033,42704033,10.1002/jcla.70310,MicroRNA-Mediated Autophagy and Cardiovascular Diseases: Exploring the Crossroads of Atherosclerosis and Beyond.,autophagy-mitophagy,narrative_review,human,E,retired_from_active_findings,topic_scope_mismatch,2026-09-13,Git history and prior public-data snapshots
finding-pubmed-42704037,pubmed-42704037,42704037,10.2478/raon-2026-0044,Does age have an impact on surgical and oncologic outcomes after curative resection for gastric cancer: a ten-year single-centre retrospective study.,epigenetic-clocks,human_cohort,human,C,retired_from_active_findings,title_topic_signal_missing,2026-09-13,Git history and prior public-data snapshots
finding-pubmed-42704039,pubmed-42704039,42704039,10.2478/raon-2026-0046,Analysis of the effects of individualized nutrition and physical activities on body composition during the treatment of breast cancer patients.,resistance-training-muscle,metadata_only_needs_classification,human,E,retired_from_active_findings,title_topic_signal_missing,2026-09-13,Git history and prior public-data snapshots
finding-pubmed-42704206,pubmed-42704206,42704206,10.1080/09638288.2026.2725138,Exploring the experience of time-restricted eating in veterans with spinal cord injury and obesity: a qualitative study.,time-restricted-eating,metadata_only_needs_classification,human,E,retired_from_active_findings,topic_capacity_limit,2026-09-13,Git history and prior public-data snapshots
finding-pubmed-42704260,pubmed-42704260,42704260,10.1093/ageing/afag264,Standing strong and tall-improving mobility and balance in older Aboriginal people through the Ironbark program.,physical-activity-healthspan,human_randomized_or_clinical_trial,human,B,retired_from_active_findings,title_topic_signal_missing,2026-09-13,Git history and prior public-data snapshots
finding-pubmed-42704433,pubmed-42704433,42704433,10.1007/s00391-026-02646-2,"Interprofessional geriatric competencies in the DACH region (Germany, Austria and Switzerland) : Insights from a multinational multilingual open online survey.",resistance-training-muscle,metadata_only_needs_classification,human,E,retired_from_active_findings,title_topic_signal_missing,2026-09-13,Git history and prior public-data snapshots
finding-pubmed-42704465,pubmed-42704465,42704465,10.1007/s00405-026-10552-x,Linking disease severity and mortality in obstructive sleep apnea: the role of the endothelial activation and stress index.,sleep-aging,metadata_only_needs_classification,human,E,retired_from_active_findings,topic_capacity_limit,2026-09-13,Git history and prior public-data snapshots
finding-pubmed-42704495,pubmed-42704495,42704495,10.1007/s00415-026-14127-y,GLP-1 receptor agonists vs DPP-4 inhibitors and neuropathic complications in type 2 diabetes.,glp1-weight-cardiometabolic,metadata_only_needs_classification,human,E,retired_from_active_findings,topic_capacity_limit,2026-09-13,Git history and prior public-data snapshots
finding-pubmed-42704602,pubmed-42704602,42704602,10.1007/s40266-026-01321-w,"Influence of Ageing on the Pharmacology, Efficacy and Safety of Oral Targeted Therapies for Inflammatory Bowel Disease: Focus on Janus Kinase (JAK) Inhibitors and Sphingosine-1-Phosphate (S1P) Receptor Modulators.",resistance-training-muscle,narrative_review,human,E,retired_from_active_findings,title_topic_signal_missing,2026-09-13,Git history and prior public-data snapshots
finding-pubmed-42704752,pubmed-42704752,42704752,10.1159/kbr/adjag007,Cumulative Vascular Burden: The Prognostic Value of a Time-Weighted Cardio-Ankle Vascular Index in Haemodialysis Patients.,blood-pressure-aging,metadata_only_needs_classification,human,E,retired_from_active_findings,title_topic_signal_missing,2026-09-13,Git history and prior public-data snapshots
finding-pubmed-42704817,pubmed-42704817,42704817,10.1097/BRS.0000000000005857,Paraspinal Muscle Quality and Functional Outcome After Lumbar Spinal Stenosis Surgery.,resistance-training-muscle,human_cohort,human,C,retired_from_active_findings,title_topic_signal_missing,2026-09-13,Git history and prior public-data snapshots
finding-pubmed-42704893,pubmed-42704893,42704893,10.1097/BRS.0000000000005859,Optimization is a Moving Target: A Continuous Modifiable Frailty Index (o-ASD-FI) Reflecting Optimization Prior to Complex Adult Spinal Deformity (ASD) Intervention.,resistance-training-muscle,metadata_only_needs_classification,human,E,retired_from_active_findings,topic_scope_mismatch,2026-09-13,Git history and prior public-data snapshots
finding-pubmed-42705247,pubmed-42705247,42705247,10.1016/S2468-2667(26)00168-4,"Global, regional, and national prevalence of second-hand smoke and attributable disease burden in 204 countries and territories, 1990-2023: a systematic analysis for the Global Burden of Disease Study 2023.",physical-activity-healthspan,metadata_only_needs_classification,human,E,retired_from_active_findings,title_topic_signal_missing,2026-09-13,Git history and prior public-data snapshots
finding-pubmed-42705427,pubmed-42705427,42705427,10.1016/j.phrs.2026.108437,Reconfiguring the macrophage-centric intercellular network in pulmonary fibrosis: Emerging perspectives and therapeutic opportunities.,senolytics,narrative_review,human,E,retired_from_active_findings,title_topic_signal_missing,2026-09-13,Git history and prior public-data snapshots
finding-pubmed-42705483,pubmed-42705483,42705483,10.1016/j.arr.2026.103354,From self-quantification to predictive ageing: Digital twins as a framework for healthy ageing and longevity.,microbiome-inflammaging,narrative_review,needs_review,E,retired_from_active_findings,title_topic_signal_missing,2026-09-13,Git history and prior public-data snapshots
finding-pubmed-42705490,pubmed-42705490,42705490,10.1016/j.rmed.2026.109149,Determinants of sustained smoking among individuals with chronic respiratory diseases and effects on all-cause mortality: a population-based study.,dietary-pattern-longevity,metadata_only_needs_classification,human,E,retired_from_active_findings,title_topic_signal_missing,2026-09-13,Git history and prior public-data snapshots
finding-pubmed-42705508,pubmed-42705508,42705508,10.1016/j.exger.2026.113309,Association between circadian syndrome and frailty progression among middle-aged and older adults in China: A longitudinal study based on CHARLS.,resistance-training-muscle,human_cohort,human,B,retired_from_active_findings,topic_scope_mismatch,2026-09-13,Git history and prior public-data snapshots
finding-pubmed-42705518,pubmed-42705518,42705518,10.1016/j.envpol.2026.129110,Silver nanoparticles trigger pronounced immunotoxicity via disrupting gut microbiota in estuarine fish: a study highlighting particle size and the dynamic transformation.,microbiome-inflammaging,animal_study,animal,D,retired_from_active_findings,topic_scope_mismatch,2026-09-13,Git history and prior public-data snapshots
finding-pubmed-42705550,pubmed-42705550,42705550,10.1016/j.spinee.2026.08.009,Impact of GLP-1 Dose Intensity on Perioperative and Long-Term Fusion Outcomes Following ACDF.,glp1-weight-cardiometabolic,human_cohort,human,C,retired_from_active_findings,topic_capacity_limit,2026-09-13,Git history and prior public-data snapshots
finding-pubmed-42705666,pubmed-42705666,42705666,10.1136/bmjopen-2026-123601,"Anthropometric, functional and lifestyle-related factors associated with testosterone levels among middle-aged men in Uzbekistan: protocol for a population-based cross-sectional study.",resistance-training-muscle,protocol_or_registered_plan,human,E,retired_from_active_findings,protocol_or_registered_plan,2026-09-13,Git history and prior public-data snapshots
finding-pubmed-42705807,pubmed-42705807,42705807,10.1016/j.jaip.2026.06.010,"Asthma in Older Adults: Clinical Patterns, Inflammatory Phenotypes, and Practical Management.",microbiome-inflammaging,narrative_review,human,E,retired_from_active_findings,title_topic_signal_missing,2026-09-13,Git history and prior public-data snapshots
finding-pubmed-42706134,pubmed-42706134,42706134,10.3760/cma.j.cn112137-20260430-01184,[Comparison of clinical outcomes of DCB angioplasty versus DES implantation in patients with recently diagnosed cancer and coronary artery disease undergoing PCI].,blood-pressure-aging,metadata_only_needs_classification,human,E,retired_from_active_findings,title_topic_signal_missing,2026-09-13,Git history and prior public-data snapshots
finding-pubmed-42706366,pubmed-42706366,42706366,10.1038/s41598-026-68952-2,Machine learning identifies plasma-derived exosomal miRNAs associated with low muscle mass in Tibetan patients with rheumatoid arthritis.,resistance-training-muscle,metadata_only_needs_classification,human,E,retired_from_active_findings,topic_scope_mismatch,2026-09-13,Git history and prior public-data snapshots
finding-pubmed-42706473,pubmed-42706473,42706473,10.1007/s10926-026-10449-w,Predictors of Adherence to a videoconference-Based Therapeutic Exercise Intervention in Eldercare Workers: A Secondary Analysis of Participants in the ReViEEW Randomized Controlled Trial.,resistance-training-muscle,human_randomized_or_clinical_trial,human,C,retired_from_active_findings,title_topic_signal_missing,2026-09-13,Git history and prior public-data snapshots
finding-pubmed-42706483,pubmed-42706483,42706483,10.1111/acel.70708,Muscle-Specific Upregulation of Timeless Mediates Exercise-Induced Amelioration of Age-Related Circadian Rhythm Disruption and Cardiac Dysfunction in Drosophila.,microbiome-inflammaging,metadata_only_needs_classification,human,E,retired_from_active_findings,title_topic_signal_missing,2026-09-13,Git history and prior public-data snapshots
finding-pubmed-42706511,pubmed-42706511,42706511,10.1177/13872877261485493,"Epidemiology, risk determinants, and research trends of dementia in Saudi Arabia: A systematic review.",blood-pressure-aging,systematic_review_or_meta_analysis,human,A,retired_from_active_findings,title_topic_signal_missing,2026-09-13,Git history and prior public-data snapshots
finding-pubmed-42706773,pubmed-42706773,42706773,10.1111/imj.70623,Association between discharge summary timeliness and clinical outcomes among general medicine patients.,resistance-training-muscle,human_cohort,human,B,retired_from_active_findings,title_topic_signal_missing,2026-09-13,Git history and prior public-data snapshots
finding-pubmed-42706998,pubmed-42706998,42706998,10.1093/gerona/glag218,Global transitions of concomitant patterns and risk factors of cardio-renal-metabolic conditions among the elderly.,blood-pressure-aging,metadata_only_needs_classification,human,E,retired_from_active_findings,title_topic_signal_missing,2026-09-13,Git history and prior public-data snapshots
finding-pubmed-42707033,pubmed-42707033,42707033,10.1093/ced/llag388,Frailty scoring in the management of people with skin cancer: a critically appraised topic.,resistance-training-muscle,metadata_only_needs_classification,human,E,retired_from_active_findings,topic_scope_mismatch,2026-09-13,Git history and prior public-data snapshots
finding-pubmed-42707305,pubmed-42707305,42707305,10.1007/s13205-026-05003-7,Serum uric acid-to-creatinine ratio and sarcopenia risk under AWGS 2025 criteria: a nationwide study on the interaction with physical activity.,resistance-training-muscle,metadata_only_needs_classification,human,E,retired_from_active_findings,topic_scope_mismatch,2026-09-13,Git history and prior public-data snapshots
finding-pubmed-42707648,pubmed-42707648,42707648,10.1002/osp4.70188,A Systematic Review and Meta-Analysis of Malnutrition and Metabolic Failure in High-Potency Incretin Therapy.,resistance-training-muscle,systematic_review_or_meta_analysis,human,A,retired_from_active_findings,title_topic_signal_missing,2026-09-13,Git history and prior public-data snapshots
finding-pubmed-42707726,pubmed-42707726,42707726,10.1155/adpp/8990646,"The Leaf Aqueous and Ethanolic Extracts of Tricalysia okelensis Hiern. (Rubiaceae) Reverse L-NAME-Induced Hypertension, Cardiac, and Vascular Remodeling in Rats.",senolytics,animal_study,animal,D,retired_from_active_findings,title_topic_signal_missing,2026-09-13,Git history and prior public-data snapshots
finding-pubmed-42707845,pubmed-42707845,42707845,10.5492/wjccm.120866,Integrating frailty and acute illness severity scoring for risk stratification in acute geriatric care: Review and practical guide.,resistance-training-muscle,narrative_review,human,E,retired_from_active_findings,topic_scope_mismatch,2026-09-13,Git history and prior public-data snapshots
finding-pubmed-42707855,pubmed-42707855,42707855,10.5492/wjccm.120560,Artificial intelligence for early sepsis detection and dynamic prognostication in onco-critical care.,resistance-training-muscle,narrative_review,human,E,retired_from_active_findings,title_topic_signal_missing,2026-09-13,Git history and prior public-data snapshots
finding-pubmed-42707858,pubmed-42707858,42707858,10.5492/wjccm.123634,"Lactate-to-albumin ratio, C-reactive protein-to-albumin ratio, and prognostic nutritional index in acute and critical care: A focused mini-review.",microbiome-inflammaging,narrative_review,human,E,retired_from_active_findings,title_topic_signal_missing,2026-09-13,Git history and prior public-data snapshots
finding-pubmed-42708001,pubmed-42708001,42708001,10.1093/ckj/sfag270,Ten tips for the first hemodialysis sessions.,physical-activity-healthspan,narrative_review,human,E,retired_from_active_findings,title_topic_signal_missing,2026-09-13,Git history and prior public-data snapshots
finding-pubmed-42708068,pubmed-42708068,42708068,10.2147/IJN.S626615,Precision Nanodelivery Enables Spatiotemporal Control of NAD⁺ Metabolism in Ageing and Disease.,nad-nmn-nr-aging,narrative_review,human,E,retired_from_active_findings,title_topic_signal_missing,2026-09-13,Git history and prior public-data snapshots
finding-pubmed-42708181,pubmed-42708181,42708181,10.1161/CIRCULATIONAHA.126.078415,Overcoming Intrinsic Barriers in Myofibroblasts Permits Efficient Cardiac Reprogramming After Infarction.,partial-reprogramming,animal_study,mouse,D,retired_from_active_findings,title_topic_signal_missing,2026-09-13,Git history and prior public-data snapshots
finding-pubmed-42708272,pubmed-42708272,42708272,10.2174/011871529X448903260820091109,The Silent Vascular Shift: Endothelial Dysfunction and Cardiovascular Risk in Menopausal Women.,physical-activity-healthspan,metadata_only_needs_classification,human,E,retired_from_active_findings,title_topic_signal_missing,2026-09-13,Git history and prior public-data snapshots
finding-pubmed-42708296,pubmed-42708296,42708296,10.2174/0115680096460380260819114647,MicroRNAs and Their Crosstalk with Oncogenic Pathways in Gastric Cancer.,physical-activity-healthspan,metadata_only_needs_classification,human,E,retired_from_active_findings,title_topic_signal_missing,2026-09-13,Git history and prior public-data snapshots
finding-pubmed-42708337,pubmed-42708337,42708337,10.2174/0127724328470308260825053321,Safety and Efficacy of Melatonin for Sleep Disorders in Cancer: A Systematic Review and Meta-Analysis of Randomized Clinical Trials.,sleep-aging,systematic_review_or_meta_analysis,human,E,retired_from_active_findings,topic_capacity_limit,2026-09-13,Git history and prior public-data snapshots
finding-pubmed-42708459,pubmed-42708459,42708459,10.1111/cdoe.70108,Global Oral Health Birth Cohort Studies: A Living Scoping Review.,microbiome-inflammaging,narrative_review,human,E,retired_from_active_findings,title_topic_signal_missing,2026-09-13,Git history and prior public-data snapshots
finding-pubmed-42708483,pubmed-42708483,42708483,10.3346/jkms.2026.41.e237,"Global, Regional, and National Burden of Aortic Aneurysm, 1990-2021, and Projections to 2050.",blood-pressure-aging,metadata_only_needs_classification,human,E,retired_from_active_findings,title_topic_signal_missing,2026-09-13,Git history and prior public-data snapshots
finding-pubmed-42708583,pubmed-42708583,42708583,10.1128/spectrum.01564-26,Genome-resolved analysis reveals disruption of gut microbial vitamin B and K(2) biosynthesis during Toxoplasma gondii infection in mice.,nad-nmn-nr-aging,animal_study,mouse,D,retired_from_active_findings,title_topic_signal_missing,2026-09-13,Git history and prior public-data snapshots
finding-pubmed-42708818,pubmed-42708818,42708818,10.1042/BSR20250408,The pan-AMPK activator MK-8722 outperforms the AMPK activators SC4 and A-769662 in human endothelial cells.,rapamycin-mtor-aging,metadata_only_needs_classification,human,E,retired_from_active_findings,title_topic_signal_missing,2026-09-13,Git history and prior public-data snapshots
finding-pubmed-42708907,pubmed-42708907,42708907,10.1021/acsnano.6c00432,Weight Loss without Food Intake Suppression through Size-Dependent Retention of Anti-Inflammatory Nanomedicines.,glp1-weight-cardiometabolic,animal_study,mouse,D,retired_from_active_findings,title_topic_signal_missing,2026-09-13,Git history and prior public-data snapshots
finding-pubmed-42709188,pubmed-42709188,42709188,10.1007/s00204-026-04539-0,Genotoxicity threshold for methyl methacrylate in Chinese workers: a novel multi-endpoint genotoxicity assessment incorporating biological aging.,epigenetic-clocks,animal_study,animal,D,retired_from_active_findings,title_topic_signal_missing,2026-09-13,Git history and prior public-data snapshots
finding-pubmed-42709259,pubmed-42709259,42709259,10.1007/s11033-026-12723-9,Macrophage heterogeneity in organ fibrosis in the era of single-cell omics.,microbiome-inflammaging,narrative_review,human,E,retired_from_active_findings,title_topic_signal_missing,2026-09-13,Git history and prior public-data snapshots
finding-pubmed-42709261,pubmed-42709261,42709261,10.1007/s11883-026-01464-6,"Exercise in Patients with Subclinical Atherosclerosis: Mechanisms, Clinical Evidence, and Practical Recommendations.",resistance-training-muscle,narrative_review,human,E,retired_from_active_findings,title_topic_signal_missing,2026-09-13,Git history and prior public-data snapshots
finding-pubmed-42709262,pubmed-42709262,42709262,10.1007/s11064-026-04887-4,Low-Dose Digoxin Ameliorates Age-Related Motor Learning Deficits in Mice.,resistance-training-muscle,animal_study,mouse,D,retired_from_active_findings,title_topic_signal_missing,2026-09-13,Git history and prior public-data snapshots
finding-pubmed-42709273,pubmed-42709273,42709273,10.1007/s11883-026-01465-5,Top 10 Concepts in Secondary ASCVD Prevention From the 2026 ACC/AHA Dyslipidemia Guideline: What Is New and Why It Matters.,ldl-apob-cardiovascular-risk,narrative_review,human,E,retired_from_active_findings,title_topic_signal_missing,2026-09-13,Git history and prior public-data snapshots
finding-pubmed-42709302,pubmed-42709302,42709302,10.1007/s11250-026-05318-w,"Evaluation of different probiotic administration methods on productive performance, visceral organs, intestinal bacteria, and morphology in broiler chickens.",microbiome-inflammaging,metadata_only_needs_classification,human,E,retired_from_active_findings,title_topic_signal_missing,2026-09-13,Git history and prior public-data snapshots
finding-pubmed-42709408,pubmed-42709408,42709408,10.1093/ageing/afag275,Assisted dying practices for individuals living with frailty: prevalence and eligibility.,resistance-training-muscle,metadata_only_needs_classification,needs_review,E,retired_from_active_findings,topic_scope_mismatch,2026-09-13,Git history and prior public-data snapshots
finding-pubmed-42709409,pubmed-42709409,42709409,10.1530/JOE-25-0416,Time-restricted feeding improved metabolic hormone levels and energy metabolism in high-fat diet-fed Leap2-/- Mice.,time-restricted-eating,animal_study,mouse,D,retired_from_active_findings,nonhuman_record_in_human_outcome_topic,2026-09-13,Git history and prior public-data snapshots
finding-pubmed-42709539,pubmed-42709539,42709539,10.1080/01443615.2026.2723303,Effects of aromatherapy on menopausal symptoms: a systematic review and meta-analysis.,sleep-aging,systematic_review_or_meta_analysis,human,E,retired_from_active_findings,title_topic_signal_missing,2026-09-13,Git history and prior public-data snapshots
finding-pubmed-42709633,pubmed-42709633,42709633,10.15585/mmwr.ss7506a1,"Causes of Death Among Stillbirths and Children Aged <5 Years in Africa and South Asia - Child Health and Mortality Prevention Surveillance, Seven Countries, 2016-2024.",blood-pressure-aging,metadata_only_needs_classification,human,E,retired_from_active_findings,title_topic_signal_missing,2026-09-13,Git history and prior public-data snapshots
finding-pubmed-42709646,pubmed-42709646,42709646,10.1159/crm/abtag009,The Neuroendocrine-Cardiovascular Axis in Chronic Kidney Disease: the role of prolactinand gonadal dysfunction.,resistance-training-muscle,narrative_review,human,E,retired_from_active_findings,title_topic_signal_missing,2026-09-13,Git history and prior public-data snapshots
finding-pubmed-42709727,pubmed-42709727,42709727,10.1371/journal.pone.0356888,Artificial intelligence-driven identification and mechanistic exploration of synergistic anti-aging compounds from Dengzhan Shengmai formulation.,autophagy-mitophagy,metadata_only_needs_classification,human,E,retired_from_active_findings,title_topic_signal_missing,2026-09-13,Git history and prior public-data snapshots
finding-pubmed-42709743,pubmed-42709743,42709743,10.1371/journal.pone.0356501,Characterization of DNA methylation in PBMCs and donor-matched iPSCs shows age-related methylation is reset during stem cell reprogramming.,partial-reprogramming,metadata_only_needs_classification,human,E,retired_from_active_findings,title_topic_signal_missing,2026-09-13,Git history and prior public-data snapshots
finding-pubmed-42709845,pubmed-42709845,42709845,10.1371/journal.pone.0357899,Beyond traditional criteria: CRP and fibrinogen as biomarkers of metabolic syndrome in ART-treated people living with HIV and their association with HIF-1α rs11549465.,blood-pressure-aging,metadata_only_needs_classification,human,E,retired_from_active_findings,title_topic_signal_missing,2026-09-13,Git history and prior public-data snapshots
finding-pubmed-42709936,pubmed-42709936,42709936,10.1080/19390211.2026.2729425,The Role of Probiotics in Parkinson's Disease - Current Evidence and Future Perspectives.,microbiome-inflammaging,narrative_review,human,E,retired_from_active_findings,title_topic_signal_missing,2026-09-13,Git history and prior public-data snapshots
finding-pubmed-42710020,pubmed-42710020,42710020,10.1097/FJC.0000000000001878,Efficacy of Cardioprotective Drugs in Cancer Patients Receiving Anthracyclines: A Pairwise Meta-Analysis and Network Meta-Analysis.,metformin-aging,systematic_review_or_meta_analysis,human,A,retired_from_active_findings,title_topic_signal_missing,2026-09-13,Git history and prior public-data snapshots
finding-pubmed-42710067,pubmed-42710067,42710067,10.2196/94085,Enhancing Healthy Longevity: Scoping Review of Practices and Interventions.,physical-activity-healthspan,narrative_review,human,E,retired_from_active_findings,title_topic_signal_missing,2026-09-13,Git history and prior public-data snapshots
finding-pubmed-42710621,pubmed-42710621,42710621,10.1016/j.clnesp.2026.105106,"Clinical Impact of Preoperative Computed Tomography-Derived Muscle Mass, Strength, and Function in Patients Undergoing Pancreatoduodenectomy: A Prospective follow-up study.",resistance-training-muscle,metadata_only_needs_classification,human,E,retired_from_active_findings,topic_scope_mismatch,2026-09-13,Git history and prior public-data snapshots
finding-pubmed-42710703,pubmed-42710703,42710703,10.1016/j.phrs.2026.108443,Senotherapeutic Potential of Anti-Diabetic Medications: Bridging Type 2 Diabetes and Accelerated Aging.,metformin-aging,narrative_review,cell,E,retired_from_active_findings,title_topic_signal_missing,2026-09-13,Git history and prior public-data snapshots
finding-pubmed-42710826,pubmed-42710826,42710826,10.1016/j.biochi.2026.09.001,Erythrocyte trans fatty acid accumulation in elderly sarcopenic patients: biochemical evidence for oxidative stress-driven cis-trans isomerization of membrane lipids.,resistance-training-muscle,animal_study,animal,D,retired_from_active_findings,nonhuman_record_in_human_outcome_topic,2026-09-13,Git history and prior public-data snapshots
finding-pubmed-42710827,pubmed-42710827,42710827,10.1016/j.biochi.2026.09.002,Selenium in Aging and Longevity.,physical-activity-healthspan,narrative_review,human,E,retired_from_active_findings,title_topic_signal_missing,2026-09-13,Git history and prior public-data snapshots
finding-pubmed-42710831,pubmed-42710831,42710831,10.1016/j.avsg.2026.08.048,Prognostic Value of Frailty in Chronic Limb-Threatening Ischemia (CLTI) Revascularization: A Systematic Review and Meta-Analysis.,resistance-training-muscle,systematic_review_or_meta_analysis,human,A,retired_from_active_findings,topic_scope_mismatch,2026-09-13,Git history and prior public-data snapshots
finding-pubmed-42710879,pubmed-42710879,42710879,10.1098/rsbl.2026.0265,DNA methylation-based ageing in a deuterostome invertebrate: an epigenetic clock for the crown-of-thorns seastar (Acanthaster cf. solaris).,epigenetic-clocks,metadata_only_needs_classification,human,E,retired_from_active_findings,nonhuman_record_in_human_outcome_topic,2026-09-13,Git history and prior public-data snapshots
finding-pubmed-42710965,pubmed-42710965,42710965,10.1016/j.cardfail.2026.05.019,Stable Outcomes of Donation After Circulatory Death Heart Transplantation From Early Adoption to National Expansion.,blood-pressure-aging,metadata_only_needs_classification,human,E,retired_from_active_findings,title_topic_signal_missing,2026-09-13,Git history and prior public-data snapshots
finding-pubmed-42711219,pubmed-42711219,42711219,10.1016/j.tcb.2026.08.008,RNA dysregulation as a determinant of aging and neurodegenerative vulnerability.,microbiome-inflammaging,narrative_review,cell,E,retired_from_active_findings,title_topic_signal_missing,2026-09-13,Git history and prior public-data snapshots
finding-pubmed-42711398,pubmed-42711398,42711398,10.1038/s12276-026-01830-z,N-terminal thrombospondin-1 enhances muscle function and tissue-specific metabolic adaptation in response to exercise and cold exposure.,resistance-training-muscle,animal_study,mouse,D,retired_from_active_findings,title_topic_signal_missing,2026-09-13,Git history and prior public-data snapshots
finding-pubmed-42711449,pubmed-42711449,42711449,10.1007/s00415-026-14097-1,Blood biomarkers of brain damage in Transient Ischemic Attack: the role of plasma NfL and GFAP.,resistance-training-muscle,metadata_only_needs_classification,human,E,retired_from_active_findings,title_topic_signal_missing,2026-09-13,Git history and prior public-data snapshots
finding-pubmed-42711555,pubmed-42711555,42711555,10.1007/s11357-026-02517-z,Neural contributions to age-related handgrip weakness revealed by multi-finger force deficit and dual-task testing.,resistance-training-muscle,metadata_only_needs_classification,human,E,retired_from_active_findings,title_topic_signal_missing,2026-09-13,Git history and prior public-data snapshots
finding-pubmed-42711561,pubmed-42711561,42711561,10.1038/s41390-026-05312-w,Effects of dietary interventions on gut microbiota and related cardiometabolic changes in pediatric obesity: a systematic review and meta-analysis.,caloric-restriction-human,systematic_review_or_meta_analysis,human,E,retired_from_active_findings,title_topic_signal_missing,2026-09-13,Git history and prior public-data snapshots
finding-pubmed-42711738,pubmed-42711738,42711738,10.1186/s40560-026-00940-0,Analysis of the pulmonary microbiome in ARDS patients using bronchoalveolar lavage fluid metagenomic next-generation sequencing: a retrospective observational study.,microbiome-inflammaging,metadata_only_needs_classification,human,E,retired_from_active_findings,topic_scope_mismatch,2026-09-13,Git history and prior public-data snapshots
finding-pubmed-42711957,pubmed-42711957,42711957,10.1111/anae.70346,Pericapsular nerve group block with phenol for non-operative hip fracture management in patients living with frailty: a prospective multicentre cohort study.,resistance-training-muscle,human_cohort,human,B,retired_from_active_findings,topic_scope_mismatch,2026-09-13,Git history and prior public-data snapshots
finding-pubmed-42712076,pubmed-42712076,42712076,10.1111/dom.71304,"A Biweekly GLP-1R Agonist Designed With Drug-Free Intervals for Enhanced Efficacy, Receptor Homeostasis and Gastrointestinal Tolerability.",glp1-weight-cardiometabolic,animal_study,mouse,D,retired_from_active_findings,nonhuman_record_in_human_outcome_topic,2026-09-13,Git history and prior public-data snapshots
finding-pubmed-42712125,pubmed-42712125,42712125,10.1111/dom.71320,"GLP-1 Receptor Agonists Post-Bariatric Surgery (GRABS) Trial: Rationale, Design and Baseline Characteristics.",glp1-weight-cardiometabolic,metadata_only_needs_classification,human,E,retired_from_active_findings,topic_capacity_limit,2026-09-13,Git history and prior public-data snapshots
finding-pubmed-42712176,pubmed-42712176,42712176,10.1080/14796678.2026.2727307,Real-world LDL-C goal attainment among hypertensive patients in primary care in Vietnam: a 6-month prospective cohort study.,blood-pressure-aging,human_cohort,human,C,retired_from_active_findings,title_topic_signal_missing,2026-09-13,Git history and prior public-data snapshots
finding-pubmed-42712713,pubmed-42712713,42712713,10.1002/hsr2.73206,Laboratory-Detected Clostridioides difficile Stool-Test Positivity and Mortality in Sepsis: A Retrospective Cohort Study.,microbiome-inflammaging,human_cohort,human,B,retired_from_active_findings,title_topic_signal_missing,2026-09-13,Git history and prior public-data snapshots
finding-pubmed-42712742,pubmed-42712742,42712742,10.1007/s40200-026-02067-3,Comparative predictive value of the frailty index combined with non-insulin-based insulin resistance indicators for cardio-renal-metabolic multimorbidity risk: a large nationwide prospective cohort study.,resistance-training-muscle,human_cohort,human,B,retired_from_active_findings,topic_scope_mismatch,2026-09-13,Git history and prior public-data snapshots
finding-pubmed-42712855,pubmed-42712855,42712855,10.2147/IJGM.S620983,Correlation Between Self-Perceived Aging and Oral Frailty in Elderly Chinese Patients with Ischemic Stroke.,resistance-training-muscle,metadata_only_needs_classification,human,E,retired_from_active_findings,topic_scope_mismatch,2026-09-13,Git history and prior public-data snapshots
finding-pubmed-42713006,pubmed-42713006,42713006,10.1016/j.ijcchd.2026.100705,Meta-analysis of RAAS inhibition in patients with a systemic right ventricle.,cardiorespiratory-fitness,systematic_review_or_meta_analysis,human,A,retired_from_active_findings,title_topic_signal_missing,2026-09-13,Git history and prior public-data snapshots
finding-pubmed-42713014,pubmed-42713014,42713014,10.1016/j.isci.2026.117371,Early life high-fat diet exposure modulates adult metabolic phenotypes in Drosophila.,nad-nmn-nr-aging,metadata_only_needs_classification,human,E,retired_from_active_findings,title_topic_signal_missing,2026-09-13,Git history and prior public-data snapshots
finding-pubmed-42713628,pubmed-42713628,42713628,10.1017/S2045796026100821,Adolescent depression as a systemic multimorbidity catalyst: integrated genetic and metabolic pathway analysis.,resistance-training-muscle,human_mendelian_randomization,human,B,retired_from_active_findings,title_topic_signal_missing,2026-09-13,Git history and prior public-data snapshots
finding-pubmed-42713788,pubmed-42713788,42713788,10.1097/MCP.0000000000001307,Pulmonary hypertension related to sleep-disordered breathing.,sleep-aging,metadata_only_needs_classification,human,E,retired_from_active_findings,topic_capacity_limit,2026-09-13,Git history and prior public-data snapshots
finding-pubmed-42713933,pubmed-42713933,42713933,10.1111/1751-2980.70070,Increasing Global Burden of Inflammatory Bowel Disease and Its Attributable Anemia in Adults Aged 60 Years and Older: A Comprehensive Analysis of the Global Burden of Disease Study 2021.,resistance-training-muscle,metadata_only_needs_classification,human,E,retired_from_active_findings,title_topic_signal_missing,2026-09-13,Git history and prior public-data snapshots
finding-pubmed-42714053,pubmed-42714053,42714053,10.1097/XCS.0000000000002112,Data-Driven Re-Evaluation of Hemodynamic Instability in the Pediatric Trauma Population.,blood-pressure-aging,metadata_only_needs_classification,human,E,retired_from_active_findings,title_topic_signal_missing,2026-09-13,Git history and prior public-data snapshots
finding-pubmed-42714059,pubmed-42714059,42714059,10.1093/brain/awag298,ULK1 inhibits depressive behaviours by reversing RYR2-mediated hyperactivity in lateral habenula.,autophagy-mitophagy,animal_study,mouse,D,retired_from_active_findings,title_topic_signal_missing,2026-09-13,Git history and prior public-data snapshots
finding-pubmed-42714311,pubmed-42714311,42714311,10.1002/smll.75587,Microfluidic Mechanical Reactivation of Senescent Stem Cells.,partial-reprogramming,animal_study,animal,D,retired_from_active_findings,title_topic_signal_missing,2026-09-13,Git history and prior public-data snapshots
finding-pubmed-42714323,pubmed-42714323,42714323,10.1097/DSS.0000000000005339,Reduced Risk in Melanoma and Nonmelanoma Skin Cancers in Obese Patients on Semaglutide and Tirzepatide.,glp1-weight-cardiometabolic,metadata_only_needs_classification,human,E,retired_from_active_findings,topic_capacity_limit,2026-09-13,Git history and prior public-data snapshots
finding-pubmed-42714425,pubmed-42714425,42714425,10.1161/JAHA.125.046120,Gut Microbiota and Aldosterone Regulate Natriuretic Peptide B Expression to Drive Mitophagy and Metabolic Reprogramming in Sepsis-Like Model of Myocardial Injury.,microbiome-inflammaging,animal_study,mouse,D,retired_from_active_findings,topic_scope_mismatch,2026-09-13,Git history and prior public-data snapshots
finding-pubmed-42714452,pubmed-42714452,42714452,10.1161/JAHA.126.049854,Sex Differences in Cardiac Rhythm and Conduction Abnormalities After Noncardioembolic Ischemic Stroke.,blood-pressure-aging,metadata_only_needs_classification,human,E,retired_from_active_findings,title_topic_signal_missing,2026-09-13,Git history and prior public-data snapshots
finding-pubmed-42714458,pubmed-42714458,42714458,10.1161/JAHA.125.044249,Tirzepatide and the Incidence of Atrial Fibrillation in Adults With Overweight or Obesity: An Updated Meta-Analysis of Randomized Controlled Trials.,glp1-weight-cardiometabolic,systematic_review_or_meta_analysis,human,E,retired_from_active_findings,topic_capacity_limit,2026-09-13,Git history and prior public-data snapshots
finding-pubmed-42714474,pubmed-42714474,42714474,10.1007/s00134-026-08600-5,Rehabilitation and the post-intensive care syndrome across the recovery continuum: a narrative review.,resistance-training-muscle,narrative_review,human,E,retired_from_active_findings,title_topic_signal_missing,2026-09-13,Git history and prior public-data snapshots
finding-pubmed-42714527,pubmed-42714527,42714527,10.1021/jacs.6c08989,Blood-Triggered In Vivo Reassembly of Oral Cystine Spherulites with Fasting Synergy Induces Disulfidptosis for Cancer Metabolic Intervention.,time-restricted-eating,metadata_only_needs_classification,human,E,retired_from_active_findings,title_topic_signal_missing,2026-09-13,Git history and prior public-data snapshots
finding-pubmed-42714563,pubmed-42714563,42714563,10.1161/JAHA.125.048352,Accelerated Aging Fontan Phenotype Is Associated With Systemic Right Ventricles and Adverse Hemodynamics.,epigenetic-clocks,metadata_only_needs_classification,human,E,retired_from_active_findings,title_topic_signal_missing,2026-09-13,Git history and prior public-data snapshots
finding-pubmed-42714634,pubmed-42714634,42714634,10.1007/s00068-026-03330-1,Small bowel obstruction in older adults: similar nonoperative success but worse outcomes across management strategies - insights from the ESTES SnapSBO study.,resistance-training-muscle,metadata_only_needs_classification,human,E,retired_from_active_findings,title_topic_signal_missing,2026-09-13,Git history and prior public-data snapshots
finding-pubmed-42714727,pubmed-42714727,42714727,10.1007/s10792-026-04270-w,Evaluation of retinal microcirculation in hypertensive patients with obstructive sleep apnea: a subgroup analysis based on asymptomatic organ damage.,sleep-aging,metadata_only_needs_classification,human,E,retired_from_active_findings,topic_capacity_limit,2026-09-13,Git history and prior public-data snapshots
finding-pubmed-42714731,pubmed-42714731,42714731,10.1007/s11011-026-01978-7,Postbiotics as a therapeutic frontier in Parkinson's disease: Insights into molecular pathways and neuroprotective effects.,microbiome-inflammaging,narrative_review,human,E,retired_from_active_findings,title_topic_signal_missing,2026-09-13,Git history and prior public-data snapshots
finding-pubmed-42714944,pubmed-42714944,42714944,10.1093/geronb/gbag188,Competent to care? Grandchild care and frailty trajectory among Chinese middle-aged and older adults through a person-environment fit lens.,resistance-training-muscle,metadata_only_needs_classification,human,E,retired_from_active_findings,topic_scope_mismatch,2026-09-13,Git history and prior public-data snapshots
finding-pubmed-42715139,pubmed-42715139,42715139,10.1159/dig/acmag014,"Semaglutide and Tirzepatide for the treatment of MASH: What Works, What's Coming, and What's Missing.",glp1-weight-cardiometabolic,narrative_review,human,E,retired_from_active_findings,topic_capacity_limit,2026-09-13,Git history and prior public-data snapshots
finding-pubmed-42715144,pubmed-42715144,42715144,10.1159/ajn/ablag011,Orforglipron and the Kidney: A Promise or Disappointment? The Need for Trials Examining Renal Outcomes.,glp1-weight-cardiometabolic,narrative_review,human,E,retired_from_active_findings,title_topic_signal_missing,2026-09-13,Git history and prior public-data snapshots
finding-pubmed-42715219,pubmed-42715219,42715219,10.1371/journal.pone.0357917,"Long-term comparative trajectories of health, behavioral, and economic outcomes: From pre-diagnosis to survivorship.",physical-activity-healthspan,metadata_only_needs_classification,human,E,retired_from_active_findings,title_topic_signal_missing,2026-09-13,Git history and prior public-data snapshots
finding-pubmed-42715249,pubmed-42715249,42715249,10.1371/journal.pone.0356181,Effects of exercise on muscle strength and characteristics in rheumatic diseases and sarcopenia: Protocol for the Care for Muscle (C4M) Study.,resistance-training-muscle,protocol_or_registered_plan,human,E,retired_from_active_findings,protocol_or_registered_plan,2026-09-13,Git history and prior public-data snapshots
finding-pubmed-42715264,pubmed-42715264,42715264,10.1097/RNJ.0000000000000562,Frailty and Associated Factors Among Older Adults With Post-Stroke Cognitive Impairment: A Latent Profile Analysis.,resistance-training-muscle,metadata_only_needs_classification,human,E,retired_from_active_findings,topic_scope_mismatch,2026-09-13,Git history and prior public-data snapshots
finding-pubmed-42715411,pubmed-42715411,42715411,10.2196/71641,Prompted Text-Based Vital Sign Recording Versus Unprompted Electronic Medical Record Entries in Patients With Advanced Heart Failure: Observational Study.,blood-pressure-aging,metadata_only_needs_classification,human,E,retired_from_active_findings,title_topic_signal_missing,2026-09-13,Git history and prior public-data snapshots
finding-pubmed-42715455,pubmed-42715455,42715455,10.1590/1806-9282.20260695,Recurrence of benign paroxysmal positional vertigo: risk factors and outcomes.,blood-pressure-aging,metadata_only_needs_classification,human,E,retired_from_active_findings,title_topic_signal_missing,2026-09-13,Git history and prior public-data snapshots
finding-pubmed-42715610,pubmed-42715610,42715610,10.18632/aging.206419,How to live for centuries: common denominators of organisms with exceptional longevity.,physical-activity-healthspan,narrative_review,human,E,retired_from_active_findings,title_topic_signal_missing,2026-09-13,Git history and prior public-data snapshots
finding-pubmed-42715720,pubmed-42715720,42715720,10.1016/j.carres.2026.110095,Bioactive structural features of natural polysaccharides: Inspiration for novel polymer strategies against metabolic disorders.,microbiome-inflammaging,narrative_review,human,E,retired_from_active_findings,title_topic_signal_missing,2026-09-13,Git history and prior public-data snapshots
finding-pubmed-42715816,pubmed-42715816,42715816,10.1016/j.jamda.2026.106479,Routine Hematologic Indices as Scalable Biomarkers for Frailty: A Comprehensive Systematic Review and Meta-Analysis.,resistance-training-muscle,systematic_review_or_meta_analysis,human,A,retired_from_active_findings,topic_scope_mismatch,2026-09-13,Git history and prior public-data snapshots
finding-pubmed-42715904,pubmed-42715904,42715904,10.1016/j.clinsp.2026.101113,"Associations of leisure time physical activity volume, frequency, and intensity with all-cause mortality among cancer survivors.",physical-activity-healthspan,metadata_only_needs_classification,human,E,retired_from_active_findings,topic_capacity_limit,2026-09-13,Git history and prior public-data snapshots
finding-pubmed-42715935,pubmed-42715935,42715935,10.1093/eurheartj/ehag563,Nighttime light exposure and cardiac structure and function.,sleep-aging,metadata_only_needs_classification,human,E,retired_from_active_findings,title_topic_signal_missing,2026-09-13,Git history and prior public-data snapshots
finding-pubmed-42716011,pubmed-42716011,42716011,10.1016/j.cell.2026.08.013,Caloric restriction modulates genome-wide somatic mutation in mice.,caloric-restriction-human,animal_study,mouse,D,retired_from_active_findings,nonhuman_record_in_human_outcome_topic,2026-09-13,Git history and prior public-data snapshots
finding-pubmed-42716026,pubmed-42716026,42716026,10.1016/j.chom.2026.08.015,Microbial indole-3-acetamide alleviates polycystic ovary syndrome through HIF-2α-ceramide signaling.,microbiome-inflammaging,animal_study,mouse,D,retired_from_active_findings,title_topic_signal_missing,2026-09-13,Git history and prior public-data snapshots
finding-pubmed-42716144,pubmed-42716144,42716144,10.1016/j.bbi.2026.107003,Microbial and inflammatory features linked to distal sensory polyneuropathy in people with HIV.,microbiome-inflammaging,metadata_only_needs_classification,human,E,retired_from_active_findings,title_topic_signal_missing,2026-09-13,Git history and prior public-data snapshots
finding-pubmed-42716188,pubmed-42716188,42716188,10.1016/j.pharmthera.2026.109123,Cell death-induced chronic inflammation as a therapeutic target for metabolic dysfunction-associated steatohepatitis.,glp1-weight-cardiometabolic,narrative_review,human,E,retired_from_active_findings,title_topic_signal_missing,2026-09-13,Git history and prior public-data snapshots
finding-pubmed-42716206,pubmed-42716206,42716206,10.1016/j.jid.2026.08.015,Aging-related IgG accumulation promotes skin inflammation.,microbiome-inflammaging,animal_study,mouse,D,retired_from_active_findings,title_topic_signal_missing,2026-09-13,Git history and prior public-data snapshots
finding-pubmed-42716235,pubmed-42716235,42716235,10.1016/j.exger.2026.113318,Epigenetic aging and autosomal methylation remodeling in Anderson-Fabry disease.,epigenetic-clocks,metadata_only_needs_classification,human,E,retired_from_active_findings,title_topic_signal_missing,2026-09-13,Git history and prior public-data snapshots
finding-pubmed-42716286,pubmed-42716286,42716286,10.3168/jds.2026-28784,Investigating mechanisms of divergent feed efficiency in dairy cows.,microbiome-inflammaging,metadata_only_needs_classification,human,E,retired_from_active_findings,title_topic_signal_missing,2026-09-13,Git history and prior public-data snapshots
finding-pubmed-42716314,pubmed-42716314,42716314,10.1016/j.mad.2026.112250,MicroRNA-322 promotes granulosa cell senescence and premature ovarian failure by suppressing Klotho expression and cell cycle progression.,klotho-il11-aging,animal_study,mouse,D,retired_from_active_findings,topic_scope_mismatch,2026-09-13,Git history and prior public-data snapshots
finding-pubmed-42716322,pubmed-42716322,42716322,10.1016/j.cpcardiol.2026.103451,"Beyond Traditional Risk Factors: Social, Reproductive, and Environmental Determinants of Cardiovascular Health in Women.",blood-pressure-aging,narrative_review,human,E,retired_from_active_findings,title_topic_signal_missing,2026-09-13,Git history and prior public-data snapshots
finding-pubmed-42716414,pubmed-42716414,42716414,10.1016/j.amjcard.2026.09.002,"Burden of Ischemic Heart Disease and its attributable risk factors from 1990 to 2021, and forecasts till 2050: A comparative analysis of Low versus High Socio-demographic Index (SDI) Regions.",ldl-apob-cardiovascular-risk,metadata_only_needs_classification,human,E,retired_from_active_findings,title_topic_signal_missing,2026-09-13,Git history and prior public-data snapshots
finding-pubmed-42716437,pubmed-42716437,42716437,10.1016/j.advnut.2026.100728,"Perspectives on the Nutritional Paradox in Uremia: A ""Sensitize-Then-Feed"" Framework for Protein-Energy Wasting.",microbiome-inflammaging,animal_study,animal,D,retired_from_active_findings,title_topic_signal_missing,2026-09-13,Git history and prior public-data snapshots
finding-pubmed-42716442,pubmed-42716442,42716442,10.1016/j.arr.2026.103367,"Canonical Complement C3a-C3AR1 Signalling in Ageing and Age-Related Disease: Cellular Mechanisms, Tissue-Specific Effects and Translational Challenges.",microbiome-inflammaging,narrative_review,human,E,retired_from_active_findings,title_topic_signal_missing,2026-09-13,Git history and prior public-data snapshots
finding-pubmed-42716547,pubmed-42716547,42716547,10.1183/16000617.0340-2025,Frailty and COPD: a bidirectional relationship in the context of systemic and accelerated ageing.,resistance-training-muscle,narrative_review,human,E,retired_from_active_findings,topic_scope_mismatch,2026-09-13,Git history and prior public-data snapshots
finding-pubmed-42716548,pubmed-42716548,42716548,10.1183/16000617.0098-2026,Comorbidities in clinical cohorts of patients with idiopathic pulmonary fibrosis: a systematic review and meta-analysis.,blood-pressure-aging,systematic_review_or_meta_analysis,human,A,retired_from_active_findings,title_topic_signal_missing,2026-09-13,Git history and prior public-data snapshots
finding-pubmed-42716678,pubmed-42716678,42716678,10.1136/bmjopen-2026-117882,Association between infections and frailty: a systematic review protocol.,resistance-training-muscle,protocol_or_registered_plan,human,E,retired_from_active_findings,non_result_publication_title,2026-09-13,Git history and prior public-data snapshots
finding-pubmed-42716835,pubmed-42716835,42716835,10.1016/j.ebiom.2026.106468,Brain-gut crosstalk associated with brain ageing in young and mid-life adults: a multicohort cross-sectional study.,microbiome-inflammaging,human_cohort,human,C,retired_from_active_findings,title_topic_signal_missing,2026-09-13,Git history and prior public-data snapshots
finding-pubmed-42716852,pubmed-42716852,42716852,10.1016/j.jacl.2026.08.013,Fish oil supplementation reduces the CERT2 risk score in adults with increased cardiometabolic risk: Findings from the MoKaRi trial.,ldl-apob-cardiovascular-risk,metadata_only_needs_classification,human,E,retired_from_active_findings,title_topic_signal_missing,2026-09-13,Git history and prior public-data snapshots
finding-pubmed-42716913,pubmed-42716913,42716913,10.1002/bcp.70811,HIV and anticholinergic burden: Towards a pragmatic stewardship algorithm.,resistance-training-muscle,narrative_review,human,E,retired_from_active_findings,title_topic_signal_missing,2026-09-13,Git history and prior public-data snapshots
finding-pubmed-42717076,pubmed-42717076,42717076,10.1007/s10735-026-10935-8,Subcellular sirtuin signaling networks: pivotal regulators of cardiovascular homeostasis and remodeling.,microbiome-inflammaging,narrative_review,human,E,retired_from_active_findings,title_topic_signal_missing,2026-09-13,Git history and prior public-data snapshots
finding-pubmed-42717163,pubmed-42717163,42717163,10.1007/s11357-026-02527-x,Copper and iron engage distinct metabolic programs for cellular survival.,rapamycin-mtor-aging,metadata_only_needs_classification,cell,E,retired_from_active_findings,title_topic_signal_missing,2026-09-13,Git history and prior public-data snapshots
finding-pubmed-42717166,pubmed-42717166,42717166,10.1007/s11357-026-02503-5,Association between vascular risk factors and white matter integrity among diverse predominantly older Hispanic/Latino adults from the SOL-INCA MRI study.,blood-pressure-aging,metadata_only_needs_classification,human,E,retired_from_active_findings,title_topic_signal_missing,2026-09-13,Git history and prior public-data snapshots
finding-pubmed-42717261,pubmed-42717261,42717261,10.1111/acel.70706,NAD(+) Metabolic Reprogramming Drives CD8(+) T Cells Senescence and Exacerbates Ulcerative Colitis.,senolytics,metadata_only_needs_classification,human,E,retired_from_active_findings,title_topic_signal_missing,2026-09-13,Git history and prior public-data snapshots
finding-pubmed-42717432,pubmed-42717432,42717432,10.1093/gerona/glag223,Statin use is associated with improved frailty trajectories in people with HIV.,resistance-training-muscle,metadata_only_needs_classification,human,E,retired_from_active_findings,topic_scope_mismatch,2026-09-13,Git history and prior public-data snapshots
finding-pubmed-42717635,pubmed-42717635,42717635,10.1177/13623613261483298,Research Priorities in Autism From a Clinical Setting: Voices of Autistic Adults and Families of Children and Adolescents With Autism Spectrum Disorder.,microbiome-inflammaging,metadata_only_needs_classification,human,E,retired_from_active_findings,title_topic_signal_missing,2026-09-13,Git history and prior public-data snapshots
finding-pubmed-42717761,pubmed-42717761,42717761,10.1111/ggi.70809,Exploring the Mediating Roles of Aging Perceptions and Physical Activity on Healthy Aging Perspectives Among Older Adults With Chronic Diseases in Taiwan and China: A Cross-Sectional Study.,physical-activity-healthspan,metadata_only_needs_classification,human,E,retired_from_active_findings,topic_capacity_limit,2026-09-13,Git history and prior public-data snapshots
finding-pubmed-42717773,pubmed-42717773,42717773,10.1302/2046-3758.159.BJR-2026-0018.R1,Effect of robotic arm-assisted bi-unicompartmental knee arthroplasty versus total knee arthroplasty on objectively measured physical activity: secondary outcomes of a randomized controlled trial.,physical-activity-healthspan,human_randomized_or_clinical_trial,human,C,retired_from_active_findings,topic_capacity_limit,2026-09-13,Git history and prior public-data snapshots
finding-pubmed-42717774,pubmed-42717774,42717774,10.1111/ggi.70816,Ward-Level Variation and Clinical Correlates of Low Serum Zinc Among Long-Term Care Facility Residents: A Five-Year Retrospective Cohort Study.,resistance-training-muscle,human_cohort,human,B,retired_from_active_findings,title_topic_signal_missing,2026-09-13,Git history and prior public-data snapshots
finding-pubmed-42717854,pubmed-42717854,42717854,10.1111/ics.70137,Chaves thermal spring water formulation: Substantiating anti-ageing and anti-inflammatory effects.,microbiome-inflammaging,animal_study,animal,D,retired_from_active_findings,title_topic_signal_missing,2026-09-13,Git history and prior public-data snapshots
finding-pubmed-42717859,pubmed-42717859,42717859,10.1161/CIRCOUTCOMES.126.013409,Cardiovascular Disease Incidence and Risk Factor Contributions in Adults Aged 45 to 59 Years With Low 10-Year and High 30-Year Risk: Findings From REGARDS.,blood-pressure-aging,metadata_only_needs_classification,human,E,retired_from_active_findings,title_topic_signal_missing,2026-09-13,Git history and prior public-data snapshots
finding-pubmed-42718819,pubmed-42718819,42718819,10.1177/15598276261479304,"Protein Intake Across the Lifespan: Optimizing Health, Function, and Longevity.",physical-activity-healthspan,narrative_review,human,E,retired_from_active_findings,title_topic_signal_missing,2026-09-13,Git history and prior public-data snapshots
finding-pubmed-42718867,pubmed-42718867,42718867,10.1002/fsn3.72309,"Therapeutic Effects of Propolis Supplementation on the Inflammatory State, Oxidative Stress, and Uremic Toxins in dialysis Patients: A Systematic Review.",microbiome-inflammaging,systematic_review_or_meta_analysis,human,E,retired_from_active_findings,title_topic_signal_missing,2026-09-13,Git history and prior public-data snapshots
finding-pubmed-42718879,pubmed-42718879,42718879,10.1016/j.jgr.2026.101069,Direct targeting of ORAI1 by ginsenoside Rg3 modulates calcium signaling and senescence-associated AMPK-NRF2 activation.,autophagy-mitophagy,metadata_only_needs_classification,cell,E,retired_from_active_findings,title_topic_signal_missing,2026-09-13,Git history and prior public-data snapshots
finding-pubmed-42719230,pubmed-42719230,42719230,10.1007/s40200-026-02068-2,Polypharmacy status and its related risk factors among elderly patients with dyslipidemia: Iranian multi-center osteoporosis study (IMOS) 2021.,blood-pressure-aging,metadata_only_needs_classification,human,E,retired_from_active_findings,title_topic_signal_missing,2026-09-13,Git history and prior public-data snapshots
finding-pubmed-42719337,pubmed-42719337,42719337,10.5837/bjc.2026.042,Ironing out the details: a comprehensive review of iron therapy in heart failure.,resistance-training-muscle,narrative_review,human,E,retired_from_active_findings,title_topic_signal_missing,2026-09-13,Git history and prior public-data snapshots
finding-pubmed-42720052,pubmed-42720052,42720052,10.1002/ohn.70414,Frailty and Recovery Following Free Flap Reconstruction in Head and Neck Cancer: A Systematic Review.,resistance-training-muscle,systematic_review_or_meta_analysis,human,A,retired_from_active_findings,topic_scope_mismatch,2026-09-13,Git history and prior public-data snapshots
finding-pubmed-42720154,pubmed-42720154,42720154,10.1002/jmv.71150,Admission Gut and Plasma-Derived Signatures Associated With Severity and 90-day Outcome in Hepatitis A-Related and Drug-Induced Acute Liver Failure.,microbiome-inflammaging,metadata_only_needs_classification,human,E,retired_from_active_findings,title_topic_signal_missing,2026-09-13,Git history and prior public-data snapshots
finding-pubmed-42720156,pubmed-42720156,42720156,10.1080/13557858.2026.2729319,'No estamos solos': empowering and supporting Latino immigrants to manage chronic disease through a culturally relevant nutrition and physical activity intervention.,ldl-apob-cardiovascular-risk,metadata_only_needs_classification,human,E,retired_from_active_findings,title_topic_signal_missing,2026-09-13,Git history and prior public-data snapshots
finding-pubmed-42720158,pubmed-42720158,42720158,10.1111/acel.70704,Sustained Activation of CaMKII Promotes Skeletal Muscle Contractile Dysfunction in Aging.,resistance-training-muscle,animal_study,mouse,D,retired_from_active_findings,title_topic_signal_missing,2026-09-13,Git history and prior public-data snapshots
finding-pubmed-42720309,pubmed-42720309,42720309,10.1128/mbio.01484-26,Extension of host lifespan by polyamines derived from gut bacteria.,autophagy-mitophagy,animal_study,mouse,D,retired_from_active_findings,title_topic_signal_missing,2026-09-13,Git history and prior public-data snapshots
finding-pubmed-42720356,pubmed-42720356,42720356,10.1128/msystems.00720-26,Gut microbiome and metabolite profiles are associated with subsequent histologic MASH in a longitudinal mouse model.,time-restricted-eating,animal_study,mouse,D,retired_from_active_findings,title_topic_signal_missing,2026-09-13,Git history and prior public-data snapshots
finding-pubmed-42720540,pubmed-42720540,42720540,10.23736/S0026-4806.26.09859-9,"Pulmonary hypertension in interstitial lung disease: today's realities, tomorrow's possibilities.",cardiorespiratory-fitness,metadata_only_needs_classification,human,E,retired_from_active_findings,title_topic_signal_missing,2026-09-13,Git history and prior public-data snapshots
finding-pubmed-42720545,pubmed-42720545,42720545,10.1177/03000605261483168,Heterogeneous associations between domain-specific physical activity and sarcopenia risk in diabetic adults: A causal forest analysis.,resistance-training-muscle,metadata_only_needs_classification,human,E,retired_from_active_findings,topic_scope_mismatch,2026-09-13,Git history and prior public-data snapshots
finding-pubmed-42720569,pubmed-42720569,42720569,10.1177/10538127261488163,"Integrating thoracic mobility into cervical rehabilitation improves mobility, function, and posture in non-specific chronic neck pain: A randomized controlled trial.",resistance-training-muscle,human_randomized_or_clinical_trial,human,B,retired_from_active_findings,title_topic_signal_missing,2026-09-13,Git history and prior public-data snapshots
finding-pubmed-42720714,pubmed-42720714,42720714,10.1007/s10522-026-10506-0,"Mitochondrial homeodynamics in ageing: mechanisms, resilience, and interventions.",autophagy-mitophagy,narrative_review,human,E,retired_from_active_findings,title_topic_signal_missing,2026-09-13,Git history and prior public-data snapshots
finding-pubmed-42720846,pubmed-42720846,42720846,10.1007/s11357-026-02489-0,"High-intensity interval training in aged female mice preserves physical, cognitive, and cardiovascular function.",resistance-training-muscle,animal_study,mouse,D,retired_from_active_findings,title_topic_signal_missing,2026-09-13,Git history and prior public-data snapshots
finding-pubmed-42720850,pubmed-42720850,42720850,10.1007/s41999-026-01596-7,Position paper: a coordinated approach to fracture and fall prevention from seven international organizations.,resistance-training-muscle,metadata_only_needs_classification,human,E,retired_from_active_findings,title_topic_signal_missing,2026-09-13,Git history and prior public-data snapshots
finding-pubmed-42720952,pubmed-42720952,42720952,10.1001/jamanetworkopen.2026.29363,"Race, Ethnicity, and Language Concordance Between Patients and Physicians and Atrial Fibrillation DOAC Treatment.",blood-pressure-aging,human_cohort,human,C,retired_from_active_findings,title_topic_signal_missing,2026-09-13,Git history and prior public-data snapshots
finding-pubmed-42721298,pubmed-42721298,42721298,10.1093/joneph/aajag242,"Nephrology review frequency, associated factors, and outcomes among people with chronic kidney disease G5: a population-based cohort study in England.",resistance-training-muscle,narrative_review,human,E,retired_from_active_findings,title_topic_signal_missing,2026-09-13,Git history and prior public-data snapshots
finding-pubmed-42721369,pubmed-42721369,42721369,10.1080/13506129.2026.2729446,Frailty is a mortality risk factor in tafamidis-treated patients with transthyretin cardiac amyloidosis.,resistance-training-muscle,metadata_only_needs_classification,human,E,retired_from_active_findings,topic_scope_mismatch,2026-09-13,Git history and prior public-data snapshots
finding-pubmed-42721376,pubmed-42721376,42721376,10.1080/10253890.2026.2721526,Intensity-dependent associations of physical activity and cardiorespiratory fitness with hair cortisol concentrations in the context of lifetime air pollution exposure.,physical-activity-healthspan,metadata_only_needs_classification,human,E,retired_from_active_findings,topic_capacity_limit,2026-09-13,Git history and prior public-data snapshots
finding-pubmed-42721447,pubmed-42721447,42721447,10.2196/84466,Comparative Analysis of Cardiometabolic Risk Profiles Among Hypertensive and Normotensive Adults: Cross-Sectional Study.,blood-pressure-aging,metadata_only_needs_classification,human,E,retired_from_active_findings,title_topic_signal_missing,2026-09-13,Git history and prior public-data snapshots
finding-pubmed-42721492,pubmed-42721492,42721492,10.1139/cjpp-2026-0184,CARDIOVASCULAR EFFECTS OF INCRETIN RECEPTOR AGONISTS: BEYOND GLYCEMIC CONTROL.,glp1-weight-cardiometabolic,metadata_only_needs_classification,human,E,retired_from_active_findings,title_topic_signal_missing,2026-09-13,Git history and prior public-data snapshots
finding-pubmed-42721535,pubmed-42721535,42721535,10.1016/j.jclinane.2026.112319,Surgical exposure and biological aging: A population-based study from the UK Biobank.,resistance-training-muscle,metadata_only_needs_classification,human,E,retired_from_active_findings,title_topic_signal_missing,2026-09-13,Git history and prior public-data snapshots
finding-pubmed-42721581,pubmed-42721581,42721581,10.1016/j.clnu.2026.106778,Reduced dietary protein intake does not alter autophagy in human blood: A randomized crossover study in healthy adults.,autophagy-mitophagy,metadata_only_needs_classification,human,E,retired_from_active_findings,topic_scope_mismatch,2026-09-13,Git history and prior public-data snapshots
finding-pubmed-42721594,pubmed-42721594,42721594,10.1016/j.jamda.2026.106443,Incidence of Herpes Zoster Infections in the Veterans Health Administration Long-Term Care Setting.,blood-pressure-aging,metadata_only_needs_classification,human,E,retired_from_active_findings,title_topic_signal_missing,2026-09-13,Git history and prior public-data snapshots
finding-pubmed-42721647,pubmed-42721647,42721647,10.1016/j.suronc.2026.102567,Sarcopenia defined by Asian Working Group for Sarcopenia 2025 criteria is associated with postoperative infectious complications after esophagectomy for esophageal cancer.,resistance-training-muscle,metadata_only_needs_classification,human,E,retired_from_active_findings,topic_scope_mismatch,2026-09-13,Git history and prior public-data snapshots
finding-pubmed-42721722,pubmed-42721722,42721722,10.1016/j.sleep.2026.109256,Longitudinal association of self-reported restless sleep and duration with motoric cognitive risk syndrome in Chinese older adults: Evidence from CHARLS.,sleep-aging,metadata_only_needs_classification,human,E,retired_from_active_findings,topic_capacity_limit,2026-09-13,Git history and prior public-data snapshots
finding-pubmed-42721749,pubmed-42721749,42721749,10.1016/j.ejon.2026.103314,Primary care implementation of a cross-sector geriatric assessment with management intervention for older patients undergoing radiotherapy.,resistance-training-muscle,metadata_only_needs_classification,human,E,retired_from_active_findings,title_topic_signal_missing,2026-09-13,Git history and prior public-data snapshots
finding-pubmed-42721803,pubmed-42721803,42721803,10.1016/j.ijmedinf.2026.106709,A semantic-based carry-forward approach: Uncovering chronic disease burden in real-world data analysis.,resistance-training-muscle,metadata_only_needs_classification,human,E,retired_from_active_findings,title_topic_signal_missing,2026-09-13,Git history and prior public-data snapshots
finding-pubmed-42721923,pubmed-42721923,42721923,10.1016/j.semerg.2026.102842,[In-hospital clinical and pharmacological determinants of 120-day mortality and institutionalization after hip fracture: functional and pharmacological implications in Primary Care].,resistance-training-muscle,metadata_only_needs_classification,human,E,retired_from_active_findings,title_topic_signal_missing,2026-09-13,Git history and prior public-data snapshots
finding-pubmed-42721978,pubmed-42721978,42721978,10.1111/ggi.70837,Initial Phase Angle Is Independently Associated With Functional Independence at 6 Months After Stroke.,resistance-training-muscle,metadata_only_needs_classification,human,E,retired_from_active_findings,title_topic_signal_missing,2026-09-13,Git history and prior public-data snapshots
finding-pubmed-42722006,pubmed-42722006,42722006,10.1152/ajpregu.00220.2026,Increased Energy Expenditure through Intermittent Cold Exposure Does Not Enhance Tirzepatide Induced Weight-loss in Obese Mice.,glp1-weight-cardiometabolic,animal_study,mouse,D,retired_from_active_findings,nonhuman_record_in_human_outcome_topic,2026-09-13,Git history and prior public-data snapshots
finding-pubmed-42722133,pubmed-42722133,42722133,10.1016/j.mad.2026.112252,Fasting and aging: Mechanistic insights into epigenomic and transcriptional regulation of healthspan.,autophagy-mitophagy,metadata_only_needs_classification,cell,E,retired_from_active_findings,title_topic_signal_missing,2026-09-13,Git history and prior public-data snapshots
finding-pubmed-42722136,pubmed-42722136,42722136,10.1016/j.bbagen.2026.131001,Targeting skeletal muscle wasting: Emerging therapeutics and translational challenges.,resistance-training-muscle,narrative_review,human,E,retired_from_active_findings,title_topic_signal_missing,2026-09-13,Git history and prior public-data snapshots
finding-pubmed-42722156,pubmed-42722156,42722156,10.1016/j.jtct.2026.09.012,Early gut microbiome metabolites and diversity predict GVHD-free survival after allogeneic hematopoietic cell transplantation.,microbiome-inflammaging,metadata_only_needs_classification,human,E,retired_from_active_findings,topic_scope_mismatch,2026-09-13,Git history and prior public-data snapshots
finding-pubmed-42722199,pubmed-42722199,42722199,10.1016/j.ajogmf.2026.102107,Pregnancy as a Window to Future Health: Health Disparities and Social Determinants of Health in Cardiometabolic Risk Across the United States.,blood-pressure-aging,narrative_review,human,E,retired_from_active_findings,title_topic_signal_missing,2026-09-13,Git history and prior public-data snapshots
finding-pubmed-42722213,pubmed-42722213,42722213,10.1016/j.exger.2026.113315,Associations of cognitive reserve with IGF-1 and global cognition differ by early-life conditions and APOE genotype.,physical-activity-healthspan,metadata_only_needs_classification,human,E,retired_from_active_findings,title_topic_signal_missing,2026-09-13,Git history and prior public-data snapshots
finding-pubmed-42722214,pubmed-42722214,42722214,10.1016/j.exger.2026.113317,A vascular-muscle-adiposity phenotype and incident stroke risk in middle-aged and older adults: a multi-cohort study.,blood-pressure-aging,human_cohort,human,B,retired_from_active_findings,title_topic_signal_missing,2026-09-13,Git history and prior public-data snapshots
finding-pubmed-42722215,pubmed-42722215,42722215,10.1016/j.exger.2026.113314,Bazi Bushen attenuates musculoskeletal degeneration in Ercc1(+/-) mice.,resistance-training-muscle,animal_study,mouse,D,retired_from_active_findings,title_topic_signal_missing,2026-09-13,Git history and prior public-data snapshots
finding-pubmed-42722299,pubmed-42722299,42722299,10.1016/j.arr.2026.103366,Sociodemographic and clinical characteristics of participants in blood p-tau217 studies for Alzheimer's disease: A systematic review.,resistance-training-muscle,systematic_review_or_meta_analysis,human,A,retired_from_active_findings,title_topic_signal_missing,2026-09-13,Git history and prior public-data snapshots
finding-pubmed-42722377,pubmed-42722377,42722377,10.4093/dmj.2026.0310,Mitochondrial Proteostasis Links Diabetes and Sarcopenia: Cross-Scale Convergence from Experimental Models to Human Multi-Omics.,nad-nmn-nr-aging,narrative_review,human,E,retired_from_active_findings,title_topic_signal_missing,2026-09-13,Git history and prior public-data snapshots
finding-pubmed-42722807,pubmed-42722807,42722807,10.1007/s40273-026-01659-4,Carbon Emission Impact of Semaglutide in People with Obesity in the UK Using a Disease Modelling Approach.,glp1-weight-cardiometabolic,metadata_only_needs_classification,human,E,retired_from_active_findings,topic_capacity_limit,2026-09-13,Git history and prior public-data snapshots
finding-pubmed-42723012,pubmed-42723012,42723012,10.1186/s12872-026-06386-4,Comparative effects of atorvastatin and rosuvastatin on inflammatory biomarkers: a systematic review and meta-analysis of randomized head-to-head trials.,blood-pressure-aging,systematic_review_or_meta_analysis,human,E,retired_from_active_findings,title_topic_signal_missing,2026-09-13,Git history and prior public-data snapshots
finding-pubmed-42723149,pubmed-42723149,42723149,10.1002/alz.71821,Dynamic frailty exposure and cognitive aging trajectories: A multicohort study.,resistance-training-muscle,human_cohort,human,B,retired_from_active_findings,topic_scope_mismatch,2026-09-13,Git history and prior public-data snapshots
finding-pubmed-42723154,pubmed-42723154,42723154,10.1002/cam4.72286,Impact of Dyslipidemia on Clinical Outcomes Among Cancer Patients Treated With Immune Checkpoint Inhibitors.,ldl-apob-cardiovascular-risk,metadata_only_needs_classification,human,E,retired_from_active_findings,title_topic_signal_missing,2026-09-13,Git history and prior public-data snapshots
finding-pubmed-42723193,pubmed-42723193,42723193,10.1017/S0007114526108113,Leptin associations with body composition and lipid profile changes in women with overweight following dietary and exercise interventions.,resistance-training-muscle,metadata_only_needs_classification,human,E,retired_from_active_findings,title_topic_signal_missing,2026-09-13,Git history and prior public-data snapshots
finding-pubmed-42723212,pubmed-42723212,42723212,10.1111/ejn.70682,Modifiable Physiological Factors Associated With Human Glymphatic and Interstitial Fluid Dynamics-Related Measures: A Scoping Review.,sleep-aging,narrative_review,human,E,retired_from_active_findings,title_topic_signal_missing,2026-09-13,Git history and prior public-data snapshots
finding-pubmed-42723340,pubmed-42723340,42723340,10.1111/ggi.70834,"Association Between Preoperative Frailty and Postoperative Acute Kidney Injury, Complications, and Resource Utilization in Older Patients Undergoing Hip Fracture Surgery.",resistance-training-muscle,metadata_only_needs_classification,human,E,retired_from_active_findings,topic_scope_mismatch,2026-09-13,Git history and prior public-data snapshots
finding-pubmed-42723438,pubmed-42723438,42723438,10.1080/15592294.2026.2714582,A breast tissue-specific epigenetic clock provides accurate chronological age predictions and reveals de-correlation of age and DNA methylation in tumor-adjacent and tumor samples.,epigenetic-clocks,metadata_only_needs_classification,human,E,retired_from_active_findings,topic_scope_mismatch,2026-09-13,Git history and prior public-data snapshots
finding-pubmed-42723547,pubmed-42723547,42723547,10.1111/jdi.70438,Proteostasis in the regulation of pancreatic islet cell plasticity.,autophagy-mitophagy,narrative_review,human,E,retired_from_active_findings,title_topic_signal_missing,2026-09-13,Git history and prior public-data snapshots
finding-pubmed-42723548,pubmed-42723548,42723548,10.1113/JP291588,Preserved mitochondrial respiration in presence of oxidative stress and reduced mitochondrial mass after 10-day bed rest in older adults.,autophagy-mitophagy,metadata_only_needs_classification,human,E,retired_from_active_findings,title_topic_signal_missing,2026-09-13,Git history and prior public-data snapshots
finding-pubmed-42723559,pubmed-42723559,42723559,10.1111/hiv.70291,The effect of a tailored dietary intervention on serum biomarkers and faecal microbiome composition in people with HIV at risk of cardiovascular disease.,microbiome-inflammaging,metadata_only_needs_classification,human,E,retired_from_active_findings,topic_scope_mismatch,2026-09-13,Git history and prior public-data snapshots
finding-pubmed-42723624,pubmed-42723624,42723624,10.1161/CIRCINTERVENTIONS.126.017207,Transcatheter Edge-to-Edge Repair in Older Adults With Mitral and Tricuspid Valve Disease.,resistance-training-muscle,narrative_review,human,E,retired_from_active_findings,title_topic_signal_missing,2026-09-13,Git history and prior public-data snapshots
finding-pubmed-42724076,pubmed-42724076,42724076,10.1253/circrep.CR-26-0130,Association of Admission Anemia Severity With Frailty and Hospitalization-Associated Disability at Discharge and 1-Year Mortality After Discharge in Patients With Heart Failure: A Multicenter Cohort Analysis of the J-Proof HF Registry.,resistance-training-muscle,human_cohort,human,B,retired_from_active_findings,topic_scope_mismatch,2026-09-13,Git history and prior public-data snapshots
finding-pubmed-42724199,pubmed-42724199,42724199,10.1253/circrep.CR-26-0180,Impact of Physical Function and Acute-Phase Treatment on Hospitalization-Associated Disability in Sarcopenic Patients With Cardiovascular Disease: A Stratified Analysis by Prehospital Activities of Daily Living Level.,resistance-training-muscle,metadata_only_needs_classification,human,E,retired_from_active_findings,topic_scope_mismatch,2026-09-13,Git history and prior public-data snapshots
finding-pubmed-42724362,pubmed-42724362,42724362,10.21037/tp-2026-0660,The hypoxic burden algorithm: an integrated index for assessing intermittent hypoxia in pediatric obstructive sleep apnea-a retrospective cohort study.,sleep-aging,human_cohort,human,C,retired_from_active_findings,topic_capacity_limit,2026-09-13,Git history and prior public-data snapshots
finding-pubmed-42724407,pubmed-42724407,42724407,10.21037/jtd-2026-1214,Functional outcomes after bullectomy in Group III bullous emphysema: a single-center 24-month follow-up study.,cardiorespiratory-fitness,metadata_only_needs_classification,human,E,retired_from_active_findings,title_topic_signal_missing,2026-09-13,Git history and prior public-data snapshots
finding-pubmed-42725314,pubmed-42725314,42725314,10.1097/MS9.0000000000005389,Acute pancreatitis following semaglutide therapy: a case report.,glp1-weight-cardiometabolic,metadata_only_needs_classification,human,E,retired_from_active_findings,topic_capacity_limit,2026-09-13,Git history and prior public-data snapshots
finding-pubmed-42725387,pubmed-42725387,42725387,10.3892/ijmm.2026.5981,[Expression of Concern] Rapamycin‑induced miR‑30a downregulation inhibits senescence of VSMCs by targeting Beclin1.,rapamycin-mtor-aging,metadata_only_needs_classification,human,E,retired_from_active_findings,non_result_publication_title,2026-09-13,Git history and prior public-data snapshots
finding-pubmed-42726071,pubmed-42726071,42726071,10.7189/jogh.16.04193,Understanding stillbirths and maternal deaths in Pakistan: evidence from a national household survey.,blood-pressure-aging,metadata_only_needs_classification,human,E,retired_from_active_findings,title_topic_signal_missing,2026-09-13,Git history and prior public-data snapshots
finding-pubmed-42726084,pubmed-42726084,42726084,10.1177/10538127261485421,Blood flow restriction improves lower limb muscle function in adults with musculoskeletal disorders: A systematic review and meta-analysis.,resistance-training-muscle,systematic_review_or_meta_analysis,human,A,retired_from_active_findings,title_topic_signal_missing,2026-09-13,Git history and prior public-data snapshots
finding-pubmed-42726148,pubmed-42726148,42726148,10.1007/s11011-026-01966-x,Neuroprotective impact of nicotinamide riboside and metformin on the hippocampus of male rats with diet-induced obesity.,nad-nmn-nr-aging,animal_study,animal,D,retired_from_active_findings,topic_scope_mismatch,2026-09-13,Git history and prior public-data snapshots
finding-pubmed-42726154,pubmed-42726154,42726154,10.1007/s00520-026-11216-6,Wearable-derived postdischarge mobility as a digital biomarker for 90-day readmission and mortality in metastatic cancer.,physical-activity-healthspan,metadata_only_needs_classification,human,E,retired_from_active_findings,title_topic_signal_missing,2026-09-13,Git history and prior public-data snapshots
finding-pubmed-42726191,pubmed-42726191,42726191,10.1007/s42000-026-00826-8,Improvement of small fiber neuropathy assessed by corneal confocal microscopy following semaglutide treatment: a case report and literature review.,glp1-weight-cardiometabolic,animal_study,animal,D,retired_from_active_findings,nonhuman_record_in_human_outcome_topic,2026-09-13,Git history and prior public-data snapshots
finding-pubmed-42726198,pubmed-42726198,42726198,10.1007/s11357-026-02501-7,Parental longevity and polygenic longevity scores in relation to ageing-related factors in a population of 70-year-olds followed over six years: The Gothenburg H70 Birth Cohort Study.,blood-pressure-aging,human_cohort,human,C,retired_from_active_findings,title_topic_signal_missing,2026-09-13,Git history and prior public-data snapshots
finding-pubmed-42726203,pubmed-42726203,42726203,10.1097/CCE.0000000000001481,Vasopressor Use Among Adults With Sepsis in Uganda and Rwanda: A Multicenter Retrospective Cohort Study.,blood-pressure-aging,human_cohort,human,B,retired_from_active_findings,title_topic_signal_missing,2026-09-13,Git history and prior public-data snapshots
finding-pubmed-42726290,pubmed-42726290,42726290,10.1007/s00401-026-03073-8,Molecular programs in human locus coeruleus link APOE and neuromelanin to Alzheimer's vulnerability.,autophagy-mitophagy,metadata_only_needs_classification,human,E,retired_from_active_findings,title_topic_signal_missing,2026-09-13,Git history and prior public-data snapshots
finding-pubmed-42726350,pubmed-42726350,42726350,10.1007/s11060-026-05784-0,Prognostic significance of walking ability at hospital discharge for overall survival in newly diagnosed glioblastoma: a comparison across six peri-treatment assessments.,physical-activity-healthspan,metadata_only_needs_classification,human,E,retired_from_active_findings,topic_capacity_limit,2026-09-13,Git history and prior public-data snapshots
finding-pubmed-42726380,pubmed-42726380,42726380,10.1007/s40199-026-00634-w,Terpenoids as modulators of autophagy-senescence crosstalk in lung cancer.,autophagy-mitophagy,narrative_review,human,E,retired_from_active_findings,topic_scope_mismatch,2026-09-13,Git history and prior public-data snapshots
finding-pubmed-42726446,pubmed-42726446,42726446,10.1002/cns.70903,Mediators of the Association Between Stroke and Blood Cells: A Two-Step Multivariable Mendelian Randomization Study.,blood-pressure-aging,human_mendelian_randomization,human,B,retired_from_active_findings,title_topic_signal_missing,2026-09-13,Git history and prior public-data snapshots
finding-pubmed-42726465,pubmed-42726465,42726465,10.1007/s12602-026-11209-1,"Safety Assessment on Probiotic Mixture ""Prohep"" and Longitudinal Evaluation on its Gut Microbial Modulation Ability in Mice.",microbiome-inflammaging,animal_study,mouse,D,retired_from_active_findings,title_topic_signal_missing,2026-09-13,Git history and prior public-data snapshots
finding-pubmed-42726468,pubmed-42726468,42726468,10.1007/s12223-026-01583-2,Gut microecology and cardiovascular disease: core pathogenic mechanisms and clinical intervention strategies.,physical-activity-healthspan,narrative_review,human,E,retired_from_active_findings,title_topic_signal_missing,2026-09-13,Git history and prior public-data snapshots
finding-pubmed-42726653,pubmed-42726653,42726653,10.1073/pnas.2620112123,Direct activation of SARM1 by dsDNA is not supported by biochemical and cellular evidence.,nad-nmn-nr-aging,metadata_only_needs_classification,cell,E,retired_from_active_findings,title_topic_signal_missing,2026-09-13,Git history and prior public-data snapshots
finding-pubmed-42726760,pubmed-42726760,42726760,10.1371/journal.pone.0319542,Body composition of children born HIV-exposed uninfected in rural Zimbabwe.,physical-activity-healthspan,metadata_only_needs_classification,human,E,retired_from_active_findings,title_topic_signal_missing,2026-09-13,Git history and prior public-data snapshots
finding-pubmed-42727085,pubmed-42727085,42727085,10.2196/104332,Assessment of Physical Activity Engagement and Promotion Among Cancer Survivors in Cardio-Oncology Care: Qualitative Study.,physical-activity-healthspan,metadata_only_needs_classification,human,E,retired_from_active_findings,topic_capacity_limit,2026-09-13,Git history and prior public-data snapshots
finding-pubmed-42727097,pubmed-42727097,42727097,10.1146/annurev-marine-040825-121115,Translating Bioengineering Principles to Coral Reef Restoration Under Climate Change.,microbiome-inflammaging,narrative_review,human,E,retired_from_active_findings,title_topic_signal_missing,2026-09-13,Git history and prior public-data snapshots
finding-pubmed-42727351,pubmed-42727351,42727351,10.1016/j.socscimed.2026.119795,How education gets under the skin: Pathways linking educational advantage to slower biological aging.,epigenetic-clocks,metadata_only_needs_classification,human,E,retired_from_active_findings,title_topic_signal_missing,2026-09-13,Git history and prior public-data snapshots
finding-pubmed-42727477,pubmed-42727477,42727477,10.1016/j.bbrc.2026.154568,Mitochondria-targeted esculetin mitigates age-associated cardiac remodeling through coordinated activation of AMPK-SIRT1 and inhibition of p38 MAPK signaling.,metformin-aging,animal_study,mouse,D,retired_from_active_findings,title_topic_signal_missing,2026-09-13,Git history and prior public-data snapshots
finding-pubmed-42727623,pubmed-42727623,42727623,10.1016/j.mce.2026.112917,Metabolic Effects of a GLP-1 Analog Combined with Aerobic Training in Ovariectomized Rats.,glp1-weight-cardiometabolic,animal_study,animal,D,retired_from_active_findings,nonhuman_record_in_human_outcome_topic,2026-09-13,Git history and prior public-data snapshots
finding-pubmed-42727634,pubmed-42727634,42727634,10.1016/j.trsl.2026.09.007,"Microbiome Crosstalk Across Oral, Gut, and Breast Niches: Implications for Breast Cancer Diagnosis, Prevention, and Therapy.",microbiome-inflammaging,narrative_review,human,E,retired_from_active_findings,topic_scope_mismatch,2026-09-13,Git history and prior public-data snapshots
finding-pubmed-42727647,pubmed-42727647,42727647,10.1016/j.arr.2026.103347,"Aerobic exercise and the gut-brain axis in Alzheimer's disease: Mechanistic perspectives, evidence appraisal, and future directions.",microbiome-inflammaging,narrative_review,human,E,retired_from_active_findings,title_topic_signal_missing,2026-09-13,Git history and prior public-data snapshots
finding-pubmed-42727655,pubmed-42727655,42727655,10.1016/j.bcp.2026.118470,Ambrisentan rescues doxorubicin-induced cardiac apoptosis and mitochondrial bioenergetic dysfunction: Mechanistic insights into p53 and mTOR signaling.,rapamycin-mtor-aging,metadata_only_needs_classification,human,E,retired_from_active_findings,topic_scope_mismatch,2026-09-13,Git history and prior public-data snapshots
finding-pubmed-42727707,pubmed-42727707,42727707,10.1016/j.jhepr.2026.102031,Prevalence and Significance of Combined Low Muscle Volume and High Muscle Fat in Patients with Child-Pugh A-B Cirrhosis.,resistance-training-muscle,metadata_only_needs_classification,human,E,retired_from_active_findings,title_topic_signal_missing,2026-09-13,Git history and prior public-data snapshots
finding-pubmed-42727867,pubmed-42727867,42727867,10.1016/j.clindermatol.2026.09.003,Where the Future Lies: GLP-1 Receptor Agonists as Therapeutics for Dermatologic Comorbidities.,glp1-weight-cardiometabolic,metadata_only_needs_classification,human,E,retired_from_active_findings,topic_capacity_limit,2026-09-13,Git history and prior public-data snapshots
finding-pubmed-42727883,pubmed-42727883,42727883,10.1016/j.jtct.2026.09.011,Integrated analysis of hematopoietic changes following heterochronic bone marrow transplantation between young and aged mice.,microbiome-inflammaging,animal_study,mouse,D,retired_from_active_findings,title_topic_signal_missing,2026-09-13,Git history and prior public-data snapshots
finding-pubmed-42727902,pubmed-42727902,42727902,10.1016/j.gassur.2026.102584,Preoperative Sarcopenia Predicts Major Postoperative Morbidity in Patients Undergoing Pancreatic Surgery for Chronic Pancreatitis.,resistance-training-muscle,metadata_only_needs_classification,human,E,retired_from_active_findings,topic_scope_mismatch,2026-09-13,Git history and prior public-data snapshots
finding-pubmed-42727920,pubmed-42727920,42727920,10.1016/j.bj.2026.101037,Structural Overview of GLP-1 Analogs.,glp1-weight-cardiometabolic,narrative_review,human,E,retired_from_active_findings,topic_capacity_limit,2026-09-13,Git history and prior public-data snapshots
finding-pubmed-42727969,pubmed-42727969,42727969,10.1136/bmjopen-2026-120837,Physiotherapist-led education and exercise for patients with MRI-verified hip abductor tendon pathology: a prospective cohort study.,resistance-training-muscle,human_cohort,human,C,retired_from_active_findings,title_topic_signal_missing,2026-09-13,Git history and prior public-data snapshots
finding-pubmed-42728001,pubmed-42728001,42728001,10.1016/j.soin.2026.07.006,[Identifying cognitive disorders through the WHO ICOPE program].,resistance-training-muscle,metadata_only_needs_classification,needs_review,E,retired_from_active_findings,title_topic_signal_missing,2026-09-13,Git history and prior public-data snapshots
finding-pubmed-42728029,pubmed-42728029,42728029,10.1136/gutjnl-2026-340031,International expert panel review for the use of resmetirom and semaglutide in the management of MASH-related fibrosis: clinical practice update.,glp1-weight-cardiometabolic,narrative_review,human,E,retired_from_active_findings,topic_capacity_limit,2026-09-13,Git history and prior public-data snapshots
finding-pubmed-42728032,pubmed-42728032,42728032,10.1080/17474086.2026.2732981,Managing thrombotic risk in myeloproliferative disorders.,resistance-training-muscle,narrative_review,human,E,retired_from_active_findings,title_topic_signal_missing,2026-09-13,Git history and prior public-data snapshots
finding-pubmed-42728062,pubmed-42728062,42728062,10.46747/cfp.7209534,Deprescribing statins for adults 65 years of age and older: Evidence-based clinical practice guideline.,resistance-training-muscle,narrative_review,human,E,retired_from_active_findings,title_topic_signal_missing,2026-09-13,Git history and prior public-data snapshots
finding-pubmed-42728215,pubmed-42728215,42728215,10.1152/ajpheart.00226.2026,Between-visit Reproducibility of Cerebrovascular and Cardiovascular Reactivity During the Cold Pressor Test.,physical-activity-healthspan,metadata_only_needs_classification,human,E,retired_from_active_findings,title_topic_signal_missing,2026-09-13,Git history and prior public-data snapshots
finding-pubmed-42728245,pubmed-42728245,42728245,10.1111/ggi.70842,Japanese Anticholinergic Risk Scale and Domain-Specific Functional Outcomes in Older Poststroke Patients.,resistance-training-muscle,human_cohort,human,B,retired_from_active_findings,title_topic_signal_missing,2026-09-13,Git history and prior public-data snapshots
finding-pubmed-42728266,pubmed-42728266,42728266,10.1038/s41467-026-77401-7,"Urban exposures, frailty, and mental illness in World Trade Center Health Program responders.",resistance-training-muscle,metadata_only_needs_classification,human,E,retired_from_active_findings,topic_scope_mismatch,2026-09-13,Git history and prior public-data snapshots
