finding_id,candidate_id,pmid,doi,title_en,topic_id,study_type,species,previous_level,decision,reason,retired_date,recovery_source
finding-pubmed-15877554,pubmed-15877554,15877554,10.1111/j.1532-5415.2005.53252.x,"Nighttime insomnia treatment and education for Alzheimer's disease: a randomized, controlled trial.",sleep-aging,human_randomized_or_clinical_trial,human,C,retired_from_active_findings,topic_capacity_limit,2026-10-01,Git history and prior public-data snapshots
finding-pubmed-26132939,pubmed-26132939,26132939,10.1056/NEJMoa1411892,"A Randomized, Controlled Trial of 3.0 mg of Liraglutide in Weight Management.",glp1-weight-cardiometabolic,human_randomized_or_clinical_trial,human,C,retired_from_active_findings,topic_capacity_limit,2026-10-01,Git history and prior public-data snapshots
finding-pubmed-26284720,pubmed-26284720,26284720,10.1001/jama.2015.9676,Efficacy of Liraglutide for Weight Loss Among Patients With Type 2 Diabetes: The SCALE Diabetes Randomized Clinical Trial.,glp1-weight-cardiometabolic,human_randomized_or_clinical_trial,human,C,retired_from_active_findings,topic_capacity_limit,2026-10-01,Git history and prior public-data snapshots
finding-pubmed-29682699,pubmed-29682699,29682699,10.1007/s11325-018-1662-2,Effects of continuous positive airway pressure on cardiovascular biomarkers in patients with obstructive sleep apnea: a meta-analysis of randomized controlled trials.,sleep-aging,systematic_review_or_meta_analysis,human,C,retired_from_active_findings,topic_capacity_limit,2026-10-01,Git history and prior public-data snapshots
finding-pubmed-31335025,pubmed-31335025,31335025,,Secondary Hypertension.,blood-pressure-aging,metadata_only_needs_classification,needs_review,E,retired_from_active_findings,topic_capacity_limit,2026-10-01,Git history and prior public-data snapshots
finding-pubmed-31846980,pubmed-31846980,31846980,10.1159/000504609,"Effect of Transcranial Alternating Current Stimulation for the Treatment of Chronic Insomnia: A Randomized, Double-Blind, Parallel-Group, Placebo-Controlled Clinical Trial.",sleep-aging,human_randomized_or_clinical_trial,human,C,retired_from_active_findings,topic_capacity_limit,2026-10-01,Git history and prior public-data snapshots
finding-pubmed-32157772,pubmed-32157772,32157772,10.1111/dom.14023,"A randomized, open-label, active comparator trial assessing the effects of 26 weeks of liraglutide or sitagliptin on cardiovascular function in young obese adults with type 2 diabetes.",glp1-weight-cardiometabolic,human_randomized_or_clinical_trial,human,C,retired_from_active_findings,topic_capacity_limit,2026-10-01,Git history and prior public-data snapshots
finding-pubmed-32233338,pubmed-32233338,32233338,10.1056/NEJMoa1916038,"A Randomized, Controlled Trial of Liraglutide for Adolescents with Obesity.",glp1-weight-cardiometabolic,human_randomized_or_clinical_trial,human,C,retired_from_active_findings,topic_capacity_limit,2026-10-01,Git history and prior public-data snapshots
finding-pubmed-33035599,pubmed-33035599,33035599,10.1016/j.diabres.2020.108487,Liraglutide or insulin glargine treatments improves hepatic fat in obese patients with type 2 diabetes and nonalcoholic fatty liver disease in twenty-six weeks: A randomized placebo-controlled trial.,glp1-weight-cardiometabolic,human_randomized_or_clinical_trial,human,C,retired_from_active_findings,topic_capacity_limit,2026-10-01,Git history and prior public-data snapshots
finding-pubmed-35028630,pubmed-35028630,35028630,10.1016/j.lanwpc.2021.100372,Interaction between plant-based dietary pattern and air pollution on cognitive function: a prospective cohort analysis of Chinese older adults.,dietary-pattern-longevity,human_cohort,human,B,retired_from_active_findings,topic_capacity_limit,2026-10-01,Git history and prior public-data snapshots
finding-pubmed-36876594,pubmed-36876594,36876594,10.1002/oby.23732,Impact of BMI and comorbidities on efficacy of once-weekly semaglutide: Post hoc analyses of the STEP 1 randomized trial.,glp1-weight-cardiometabolic,human_randomized_or_clinical_trial,human,C,retired_from_active_findings,topic_capacity_limit,2026-10-01,Git history and prior public-data snapshots
finding-pubmed-37021083,pubmed-37021083,37021083,10.2147/CIA.S359185,Effects of Yoga and Aerobic Exercise on Verbal Fluency in Physically Inactive Older Adults: Randomized Controlled Trial (FitForAge).,physical-activity-healthspan,human_randomized_or_clinical_trial,human,B,retired_from_active_findings,topic_capacity_limit,2026-10-01,Git history and prior public-data snapshots
finding-pubmed-37857768,pubmed-37857768,37857768,10.1007/s11325-023-02934-w,Association between sleep apnoea and risk of cognitive impairment and Alzheimer's disease: a meta-analysis of cohort-based studies.,sleep-aging,systematic_review_or_meta_analysis,human,C,retired_from_active_findings,topic_capacity_limit,2026-10-01,Git history and prior public-data snapshots
finding-pubmed-37989600,pubmed-37989600,37989600,10.1002/jcsm.13375,Effects of short-term multicomponent exercise intervention on muscle power in hospitalized older patients: A secondary analysis of a randomized clinical trial.,physical-activity-healthspan,human_randomized_or_clinical_trial,human,B,retired_from_active_findings,topic_capacity_limit,2026-10-01,Git history and prior public-data snapshots
finding-pubmed-38462908,pubmed-38462908,38462908,10.1177/01455613241238620,"Emergency Tracheostomy: Complications, Anesthetic Techniques, and Outcomes.",blood-pressure-aging,metadata_only_needs_classification,human,E,retired_from_active_findings,title_topic_signal_missing,2026-10-01,Git history and prior public-data snapshots
finding-pubmed-39082206,pubmed-39082206,39082206,10.1111/dom.15802,"Effect of oral semaglutide on energy intake, appetite, control of eating and gastric emptying in adults living with obesity: A randomized controlled trial.",glp1-weight-cardiometabolic,human_randomized_or_clinical_trial,human,C,retired_from_active_findings,topic_capacity_limit,2026-10-01,Git history and prior public-data snapshots
finding-pubmed-39098882,pubmed-39098882,39098882,10.1007/s11764-024-01654-8,Physical activity maintenance in colorectal cancer survivors after an exercise intervention applying behaviour change techniques: a systematic review and meta-analysis.,physical-activity-healthspan,systematic_review_or_meta_analysis,human,B,retired_from_active_findings,topic_capacity_limit,2026-10-01,Git history and prior public-data snapshots
finding-pubmed-39246035,pubmed-39246035,39246035,10.1177/15910199241270653,Perfusion deficit and vessel wall characteristics to predict recurrent ischemic events in medically treated patients with chronic symptomatic anterior circulation large vessel occlusion.,blood-pressure-aging,metadata_only_needs_classification,human,E,retired_from_active_findings,title_topic_signal_missing,2026-10-01,Git history and prior public-data snapshots
finding-pubmed-39258838,pubmed-39258838,39258838,10.1056/NEJMoa2407379,Liraglutide for Children 6 to <12 Years of Age with Obesity - A Randomized Trial.,glp1-weight-cardiometabolic,human_randomized_or_clinical_trial,human,C,retired_from_active_findings,topic_capacity_limit,2026-10-01,Git history and prior public-data snapshots
finding-pubmed-39267355,pubmed-39267355,39267355,10.1177/15910199241278033,1-Year outcomes of Resolute Onyx Zotarolimus-Eluting Stent for symptomatic intracranial atherosclerotic disease: A multicenter propensity score-matched comparison with stenting versus aggressive medical management for preventing recurrent stroke in intracranial stenosis trial.,blood-pressure-aging,metadata_only_needs_classification,human,E,retired_from_active_findings,title_topic_signal_missing,2026-10-01,Git history and prior public-data snapshots
finding-pubmed-39401933,pubmed-39401933,39401933,10.1016/j.soard.2024.08.037,"A randomized, double-blind, placebo-controlled trial of weight loss using liraglutide 3.0 mg for weight recurrence after Roux-en-Y gastric bypass.",glp1-weight-cardiometabolic,human_randomized_or_clinical_trial,human,C,retired_from_active_findings,topic_capacity_limit,2026-10-01,Git history and prior public-data snapshots
finding-pubmed-39455729,pubmed-39455729,39455729,10.1038/s41591-024-03327-6,Semaglutide in patients with overweight or obesity and chronic kidney disease without diabetes: a randomized double-blind placebo-controlled clinical trial.,glp1-weight-cardiometabolic,human_randomized_or_clinical_trial,human,C,retired_from_active_findings,topic_capacity_limit,2026-10-01,Git history and prior public-data snapshots
finding-pubmed-39665195,pubmed-39665195,39665195,10.1177/15910199241305423,Iatrogenic cervical artery dissections during endovascular interventions.,blood-pressure-aging,metadata_only_needs_classification,human,E,retired_from_active_findings,title_topic_signal_missing,2026-10-01,Git history and prior public-data snapshots
finding-pubmed-39691956,pubmed-39691956,39691956,10.1111/1744-9987.14237,Post-COVID-19 inflammation and sarcopenia in obese diabetic dialysis patients.,resistance-training-muscle,metadata_only_needs_classification,human,E,retired_from_active_findings,topic_scope_mismatch,2026-10-01,Git history and prior public-data snapshots
finding-pubmed-39763336,pubmed-39763336,39763336,10.1177/15910199241308322,The relative cerebral blood volume (rCBV) < 42% is independently associated with hemorrhagic transformation in anterior circulation large vessel occlusion.,blood-pressure-aging,metadata_only_needs_classification,human,E,retired_from_active_findings,title_topic_signal_missing,2026-10-01,Git history and prior public-data snapshots
finding-pubmed-39773853,pubmed-39773853,39773853,10.1136/ip-2024-045436,Growing problem: frailty in midlife adult trauma patients in the USA.,resistance-training-muscle,metadata_only_needs_classification,human,E,retired_from_active_findings,topic_scope_mismatch,2026-10-01,Git history and prior public-data snapshots
finding-pubmed-40063873,pubmed-40063873,40063873,10.1093/eurjpc/zwaf135,Sex-specific cardiovascular disease risk prediction using statistical learning and explainable artificial intelligence: the HUNT Study.,blood-pressure-aging,metadata_only_needs_classification,human,E,retired_from_active_findings,title_topic_signal_missing,2026-10-01,Git history and prior public-data snapshots
finding-pubmed-40089167,pubmed-40089167,40089167,10.1016/j.tmaid.2025.102834,"Hyperbaric oxygen treatment for chronic insomnia at high altitude: A prospective, randomized, open-label, parallel-group trial.",sleep-aging,human_randomized_or_clinical_trial,human,C,retired_from_active_findings,topic_capacity_limit,2026-10-01,Git history and prior public-data snapshots
finding-pubmed-40183678,pubmed-40183678,40183678,10.7326/ANNALS-24-03849,Comparison of Dose Escalation Versus Switching to Tirzepatide Among People With Type 2 Diabetes Inadequately Controlled on Lower Doses of Dulaglutide : A Randomized Clinical Trial.,glp1-weight-cardiometabolic,human_randomized_or_clinical_trial,human,C,retired_from_active_findings,topic_capacity_limit,2026-10-01,Git history and prior public-data snapshots
finding-pubmed-40241284,pubmed-40241284,40241284,10.1111/pce.15565,OsEPSPS Balances Disease Resistance and Plant Growth.,nad-nmn-nr-aging,metadata_only_needs_classification,needs_review,E,retired_from_active_findings,title_topic_signal_missing,2026-10-01,Git history and prior public-data snapshots
finding-pubmed-40603744,pubmed-40603744,40603744,10.1007/s40615-025-02534-2,A Community-Based Participatory Approach to Evaluating and Adapting an Innovative Family-Based Hypertension Self-Management Intervention for African American Primary Care Patients.,blood-pressure-aging,metadata_only_needs_classification,human,E,retired_from_active_findings,topic_capacity_limit,2026-10-01,Git history and prior public-data snapshots
finding-pubmed-40682292,pubmed-40682292,40682292,10.1177/15266028251344812,British Society of Endovascular Therapy ConformabLe EndoVascular Aneurysm Repair Registry: An Analysis of Aortic Neck Coverage of the GORE(®) EXCLUDER(®) Conformable AAA Endoprosthesis With ACTIVE CONTROL System.,physical-activity-healthspan,metadata_only_needs_classification,human,E,retired_from_active_findings,title_topic_signal_missing,2026-10-01,Git history and prior public-data snapshots
finding-pubmed-40727976,pubmed-40727976,40727976,10.1093/eurjpc/zwaf460,Association of menopausal status and menopausal hormone therapy with cardiovascular risk factors prevalence in a large French urban population.,blood-pressure-aging,metadata_only_needs_classification,human,E,retired_from_active_findings,title_topic_signal_missing,2026-10-01,Git history and prior public-data snapshots
finding-pubmed-40735771,pubmed-40735771,40735771,10.1177/25785125251363813,Evaluating the Association of Cannabis Use and Longitudinal Kidney Outcomes.,blood-pressure-aging,metadata_only_needs_classification,human,E,retired_from_active_findings,title_topic_signal_missing,2026-10-01,Git history and prior public-data snapshots
finding-pubmed-40794603,pubmed-40794603,40794603,10.1093/eurjpc/zwaf495,Sex influence on in-hospital and long-term prognosis of myocardial infarction with non-obstructive coronary artery disease: a systematic review and meta-analysis.,blood-pressure-aging,systematic_review_or_meta_analysis,human,A,retired_from_active_findings,title_topic_signal_missing,2026-10-01,Git history and prior public-data snapshots
finding-pubmed-40832980,pubmed-40832980,40832980,10.1177/15266028251363477,Outcome of Embolization of an Endoleak Type 2 After Placement of an Endoprosthesis for an Infrarenal Aorta Aneurysm.,blood-pressure-aging,metadata_only_needs_classification,human,E,retired_from_active_findings,title_topic_signal_missing,2026-10-01,Git history and prior public-data snapshots
finding-pubmed-40855739,pubmed-40855739,40855739,10.1177/15266028251363475,The Predictive Value of the Peripheral Arterial Calcium Scoring System on Computed Tomography Angiography in Patients With Chronic Limb-Threatening Ischemia Undergoing Below-the-Knee Endovascular Interventions.,blood-pressure-aging,metadata_only_needs_classification,human,E,retired_from_active_findings,title_topic_signal_missing,2026-10-01,Git history and prior public-data snapshots
finding-pubmed-40879470,pubmed-40879470,40879470,10.1097/HC9.0000000000000791,Mediterranean diet and associated metabolite signatures in relation to MASLD progression: A prospective cohort study.,dietary-pattern-longevity,human_cohort,human,B,retired_from_active_findings,topic_capacity_limit,2026-10-01,Git history and prior public-data snapshots
finding-pubmed-40964731,pubmed-40964731,40964731,10.1177/15589447251366678,The Modified 5-Item Frailty Index Is a Predictor of Perioperative Complications in Digital Replantation.,resistance-training-muscle,metadata_only_needs_classification,human,E,retired_from_active_findings,topic_scope_mismatch,2026-10-01,Git history and prior public-data snapshots
finding-pubmed-41037734,pubmed-41037734,41037734,10.11607/ijp.9493,Association Between Edentulism and Chronic Disease in a Brazilian Older Adult Population.,blood-pressure-aging,metadata_only_needs_classification,human,E,retired_from_active_findings,title_topic_signal_missing,2026-10-01,Git history and prior public-data snapshots
finding-pubmed-41052760,pubmed-41052760,41052760,10.1123/japa.2024-0346,Epidemiology of Injuries in Older Athletes Participating at Masters Games: A Scoping Review.,physical-activity-healthspan,narrative_review,human,E,retired_from_active_findings,title_topic_signal_missing,2026-10-01,Git history and prior public-data snapshots
finding-pubmed-41058584,pubmed-41058584,41058584,10.1093/eurjpc/zwaf646,Sex-specific disparities in lipid-based prediction of major cardiovascular events.,ldl-apob-cardiovascular-risk,human_cohort,human,B,retired_from_active_findings,title_topic_signal_missing,2026-10-01,Git history and prior public-data snapshots
finding-pubmed-41077371,pubmed-41077371,41077371,10.1016/j.hrthm.2025.10.015,"Insulin sensitivity, genetic predisposition, and risk of atrial fibrillation: A prospective cohort study.",blood-pressure-aging,human_cohort,human,C,retired_from_active_findings,title_topic_signal_missing,2026-10-01,Git history and prior public-data snapshots
finding-pubmed-41087006,pubmed-41087006,41087006,10.1123/japa.2025-0076,Augmented Reality-Based Exercise for Older Adults: A Randomized Controlled Trial on Physical Function and Mobility.,physical-activity-healthspan,human_randomized_or_clinical_trial,human,C,retired_from_active_findings,topic_capacity_limit,2026-10-01,Git history and prior public-data snapshots
finding-pubmed-41092045,pubmed-41092045,41092045,10.1177/02601060251385278,"The influence of intermittent fasting on body metrics, lipid profile, and physical performance in young and middle-aged men.",time-restricted-eating,human_randomized_or_clinical_trial,human,C,retired_from_active_findings,topic_capacity_limit,2026-10-01,Git history and prior public-data snapshots
finding-pubmed-41198452,pubmed-41198452,41198452,10.1016/j.jfma.2025.10.037,Frailty risk in adults with dynapenia: A cross-sectional study comparing AWGS 2019 and GLIS 2024 consensus enhanced clinical utility.,resistance-training-muscle,metadata_only_needs_classification,human,E,retired_from_active_findings,topic_scope_mismatch,2026-10-01,Git history and prior public-data snapshots
finding-pubmed-41232522,pubmed-41232522,41232522,10.1123/japa.2024-0229,Assessment of American College of Sports Medicine's Preparticipation Health Screening in Older Adults and Those With Chronic Diseases.,blood-pressure-aging,metadata_only_needs_classification,human,E,retired_from_active_findings,title_topic_signal_missing,2026-10-01,Git history and prior public-data snapshots
finding-pubmed-41242338,pubmed-41242338,41242338,10.1080/01634372.2025.2588163,"Physical, Psychological, and Behavioral Impacts of Heatwaves on Older Adults in Rural Spain from the Perspective of Environmental Gerontology: An Integrative Analytical Framework of Vulnerability.",resistance-training-muscle,metadata_only_needs_classification,human,E,retired_from_active_findings,title_topic_signal_missing,2026-10-01,Git history and prior public-data snapshots
finding-pubmed-41243062,pubmed-41243062,41243062,10.1007/s11357-025-02007-8,"Association of tongue, handgrip, and pinch strength with blood-based phosphorylated-tau 181 in cognitively healthy older adults.",resistance-training-muscle,metadata_only_needs_classification,human,E,retired_from_active_findings,title_topic_signal_missing,2026-10-01,Git history and prior public-data snapshots
finding-pubmed-41249034,pubmed-41249034,41249034,10.1136/heartjnl-2025-326517,Comparing diagnostic tools for heart failure with preserved ejection fraction across community and clinical cohorts.,blood-pressure-aging,human_cohort,human,C,retired_from_active_findings,title_topic_signal_missing,2026-10-01,Git history and prior public-data snapshots
finding-pubmed-41315132,pubmed-41315132,41315132,10.1007/s11357-025-01970-6,Dementia risk across distinct metabolic profiles in the UK Biobank.,blood-pressure-aging,metadata_only_needs_classification,human,E,retired_from_active_findings,title_topic_signal_missing,2026-10-01,Git history and prior public-data snapshots
finding-pubmed-41317036,pubmed-41317036,41317036,10.1093/nutrit/nuaf205,"Probiotics, Prebiotics, and Synbiotics as Oral Supplements for Skin Health, Function, and Disease Throughout the Life Course: A Scoping Review.",microbiome-inflammaging,narrative_review,human,E,retired_from_active_findings,title_topic_signal_missing,2026-10-01,Git history and prior public-data snapshots
finding-pubmed-41327582,pubmed-41327582,41327582,10.1177/17504589251390408,Efficacy of brief preoperative cognitive screening using animal fluency test and six-item screener for prediction of postoperative delirium in older patients undergoing orthopaedic surgery: A prospective observational study.,resistance-training-muscle,metadata_only_needs_classification,human,E,retired_from_active_findings,title_topic_signal_missing,2026-10-01,Git history and prior public-data snapshots
finding-pubmed-41331404,pubmed-41331404,41331404,10.1007/s11357-025-02015-8,Oral functional limitation and risk of frailty onset in older adults: a sex-stratified 4-Year cohort study with competing risk analysis.,resistance-training-muscle,human_cohort,human,B,retired_from_active_findings,topic_scope_mismatch,2026-10-01,Git history and prior public-data snapshots
finding-pubmed-41345290,pubmed-41345290,41345290,10.1007/s11357-025-02026-5,"Multimorbidity, frailty and polypharmacy in European and Asian patients with atrial fibrillation: a comparison of two regional prospective observational registries.",resistance-training-muscle,metadata_only_needs_classification,human,E,retired_from_active_findings,topic_scope_mismatch,2026-10-01,Git history and prior public-data snapshots
finding-pubmed-41348284,pubmed-41348284,41348284,10.1007/s11357-025-01904-2,The immuno-neurological axis: association between autoimmune diseases and dementia risk.,microbiome-inflammaging,metadata_only_needs_classification,human,E,retired_from_active_findings,title_topic_signal_missing,2026-10-01,Git history and prior public-data snapshots
finding-pubmed-41351715,pubmed-41351715,41351715,10.1007/s11357-025-01980-4,The frailty mortality link in people with chronic diseases pertaining to 13 body organ systems: findings from the UK Biobank study.,resistance-training-muscle,metadata_only_needs_classification,human,E,retired_from_active_findings,topic_scope_mismatch,2026-10-01,Git history and prior public-data snapshots
finding-pubmed-41351716,pubmed-41351716,41351716,10.1007/s11357-025-02025-6,A novel clinical biomarker-based Physiology Healthy Aging Index and risk of all-cause and cause-specific mortality: A 20-year prospective cohort study.,blood-pressure-aging,human_cohort,human,B,retired_from_active_findings,title_topic_signal_missing,2026-10-01,Git history and prior public-data snapshots
finding-pubmed-41353003,pubmed-41353003,41353003,10.1016/j.jfma.2025.12.003,Risk factors for incident or persistent SARC-F-defined sarcopenia in patients with end-stage kidney disease: a cohort study.,resistance-training-muscle,human_cohort,human,B,retired_from_active_findings,topic_scope_mismatch,2026-10-01,Git history and prior public-data snapshots
finding-pubmed-41361928,pubmed-41361928,41361928,10.1177/00033197251392666,Sex-Specific Trends and Differences in Clinical Outcomes Among Young Patients With Ischemic Stroke.,blood-pressure-aging,metadata_only_needs_classification,human,E,retired_from_active_findings,title_topic_signal_missing,2026-10-01,Git history and prior public-data snapshots
finding-pubmed-41372565,pubmed-41372565,41372565,10.1007/s11357-025-02035-4,Effect of fasting-mimicking diet on markers of autophagy and metabolic health in human subjects.,autophagy-mitophagy,human_randomized_or_clinical_trial,human,B,retired_from_active_findings,topic_scope_mismatch,2026-10-01,Git history and prior public-data snapshots
finding-pubmed-41381972,pubmed-41381972,41381972,10.1007/s11357-025-02027-4,Your brain doesn't look a day past 70! Cross-sectional associations with brain-predicted age in the cognitively-intact oldest-old.,physical-activity-healthspan,metadata_only_needs_classification,human,E,retired_from_active_findings,title_topic_signal_missing,2026-10-01,Git history and prior public-data snapshots
finding-pubmed-41381973,pubmed-41381973,41381973,10.1007/s11357-025-02040-7,Malnutrition as an independent risk factor for incident delirium in cohort of older adults receiving domiciliary care services.,resistance-training-muscle,human_cohort,human,C,retired_from_active_findings,title_topic_signal_missing,2026-10-01,Git history and prior public-data snapshots
finding-pubmed-41398494,pubmed-41398494,41398494,10.1007/s11357-025-02055-0,Sensorimotor function as an early marker of cognitive decline and alzheimer's biomarker burden.,resistance-training-muscle,human_cohort,human,B,retired_from_active_findings,title_topic_signal_missing,2026-10-01,Git history and prior public-data snapshots
finding-pubmed-41405793,pubmed-41405793,41405793,10.1007/s11357-025-02044-3,Genetic links between multimorbidity and human aging.,blood-pressure-aging,human_mendelian_randomization,human,B,retired_from_active_findings,title_topic_signal_missing,2026-10-01,Git history and prior public-data snapshots
finding-pubmed-41408033,pubmed-41408033,41408033,10.1007/s11357-025-02041-6,The relationship between frailty status and psychosocial indices in older Korean adults.,resistance-training-muscle,metadata_only_needs_classification,human,E,retired_from_active_findings,topic_scope_mismatch,2026-10-01,Git history and prior public-data snapshots
finding-pubmed-41442636,pubmed-41442636,41442636,10.1213/ANE.0000000000007887,Association of Preoperative Frailty and Postoperative Outcomes in Older Adults Undergoing Major Cardiac Procedures: A Systematic Review and Meta-Analysis.,resistance-training-muscle,systematic_review_or_meta_analysis,human,A,retired_from_active_findings,topic_scope_mismatch,2026-10-01,Git history and prior public-data snapshots
finding-pubmed-41467443,pubmed-41467443,41467443,10.4103/NRR.NRR-D-25-00857,Mitochondria-associated endoplasmic reticulum membranes and calcium ion exchange: A novel direction for aging and neurodegenerative diseases.,autophagy-mitophagy,metadata_only_needs_classification,cell,E,retired_from_active_findings,title_topic_signal_missing,2026-10-01,Git history and prior public-data snapshots
finding-pubmed-41482876,pubmed-41482876,41482876,10.1177/10815589251409732,Effect of monotherapeutic caloric restriction diet on cardiometabolic parameters in adults with overweight or obesity: Insights from meta-analyses of randomized controlled trials.,time-restricted-eating,systematic_review_or_meta_analysis,human,E,retired_from_active_findings,title_topic_signal_missing,2026-10-01,Git history and prior public-data snapshots
finding-pubmed-41490324,pubmed-41490324,41490324,10.5435/JAAOS-D-25-00840,Frailty Is Associated With Increased Odds of 30-Day Periprosthetic Joint Infection Following Primary Total Hip Arthroplasty.,resistance-training-muscle,metadata_only_needs_classification,human,E,retired_from_active_findings,topic_scope_mismatch,2026-10-01,Git history and prior public-data snapshots
finding-pubmed-41527261,pubmed-41527261,41527261,10.1093/bjr/tqag006,Extracardiac imaging biomarkers of cardiovascular health: a comprehensive review.,resistance-training-muscle,narrative_review,human,E,retired_from_active_findings,title_topic_signal_missing,2026-10-01,Git history and prior public-data snapshots
finding-pubmed-41574465,pubmed-41574465,41574465,10.1177/10901981251411240,Association Between Adherence to 24-Hour Movement Behavior Guidelines and Cardiovascular Risk Factors in Adolescents.,sleep-aging,narrative_review,human,E,retired_from_active_findings,title_topic_signal_missing,2026-10-01,Git history and prior public-data snapshots
finding-pubmed-41587726,pubmed-41587726,41587726,10.1016/j.jare.2026.01.026,Longitudinal dynamics in frailty and incident all-cause dementia: a multicohort study.,resistance-training-muscle,human_cohort,human,B,retired_from_active_findings,topic_scope_mismatch,2026-10-01,Git history and prior public-data snapshots
finding-pubmed-41592680,pubmed-41592680,41592680,10.1016/j.jare.2026.01.054,Targeted delivery of senolytic drugs using macrophage membrane-camouflaged magnetic nanoparticles inhibits endplate sclerosis.,senolytics,animal_study,mouse,D,retired_from_active_findings,topic_scope_mismatch,2026-10-01,Git history and prior public-data snapshots
finding-pubmed-41641772,pubmed-41641772,41641772,10.4103/NRR.NRR-D-25-01905,"Retinal glial cells in glaucoma and age-related retinal diseases: Inflammatory responses, disease transitions, and translational perspectives.",microbiome-inflammaging,metadata_only_needs_classification,human,E,retired_from_active_findings,title_topic_signal_missing,2026-10-01,Git history and prior public-data snapshots
finding-pubmed-41641790,pubmed-41641790,41641790,10.1177/17474930261423639,Sex differences in the clinical and surgical management after intracerebral hemorrhage: A post hoc analysis of the INTERACT3 clinical trial.,blood-pressure-aging,human_randomized_or_clinical_trial,human,C,retired_from_active_findings,title_topic_signal_missing,2026-10-01,Git history and prior public-data snapshots
finding-pubmed-41672763,pubmed-41672763,41672763,10.1136/heartjnl-2025-326305,Survival benefit of guideline-directed medical therapy in older patients with heart failure: a systematic review and meta-analysis.,resistance-training-muscle,systematic_review_or_meta_analysis,human,A,retired_from_active_findings,title_topic_signal_missing,2026-10-01,Git history and prior public-data snapshots
finding-pubmed-41679525,pubmed-41679525,41679525,10.1016/j.cgh.2026.02.001,Cardiometabolic Risk Factors Impair Recompensation and Survival in Alcohol-Associated Liver Disease.,blood-pressure-aging,human_cohort,human,C,retired_from_active_findings,title_topic_signal_missing,2026-10-01,Git history and prior public-data snapshots
finding-pubmed-41685675,pubmed-41685675,41685675,10.1177/08971900261427109,Comparing Telepharmacy to Conventional Pharmacy Care: An Economic Evaluation.,glp1-weight-cardiometabolic,metadata_only_needs_classification,human,E,retired_from_active_findings,title_topic_signal_missing,2026-10-01,Git history and prior public-data snapshots
finding-pubmed-41704224,pubmed-41704224,41704224,10.1080/10749357.2026.2634288,Relationship between diaphragmatic muscle function and urinary incontinence in individuals with stroke: a prospective observational study.,resistance-training-muscle,metadata_only_needs_classification,human,E,retired_from_active_findings,title_topic_signal_missing,2026-10-01,Git history and prior public-data snapshots
finding-pubmed-41725115,pubmed-41725115,41725115,10.1111/jan.70558,Frailty Trajectory Within 3 Months After Discharge Among Older Adults Living With Frailty Who Experience Hip Fracture Surgery and Predictors.,resistance-training-muscle,metadata_only_needs_classification,human,E,retired_from_active_findings,topic_scope_mismatch,2026-10-01,Git history and prior public-data snapshots
finding-pubmed-41730547,pubmed-41730547,41730547,10.1136/heartjnl-2025-326812,Cardiovascular benefits of obesity therapies: an overview of obesity medicines and metabolic bariatric surgery.,glp1-weight-cardiometabolic,narrative_review,human,E,retired_from_active_findings,title_topic_signal_missing,2026-10-01,Git history and prior public-data snapshots
finding-pubmed-41738325,pubmed-41738325,41738325,10.1177/10901981261421578,Determining Barriers to Dietary Change Among Medically Underserved Men With Prostate Cancer.,dietary-pattern-longevity,metadata_only_needs_classification,human,E,retired_from_active_findings,topic_capacity_limit,2026-10-01,Git history and prior public-data snapshots
finding-pubmed-41742400,pubmed-41742400,41742400,10.1002/jat.70120,Enhanced Sensitivity and Human Relevance: a TNF-α-Induced HaCaT Keratinocyte Model for Screening Anti-Inflammatory Cosmetic Materials.,nad-nmn-nr-aging,animal_study,mouse,D,retired_from_active_findings,title_topic_signal_missing,2026-10-01,Git history and prior public-data snapshots
finding-pubmed-41759796,pubmed-41759796,41759796,10.1016/j.tcm.2026.02.010,Role of physical exercise for the management of arterial hypertension in women.,physical-activity-healthspan,narrative_review,human,E,retired_from_active_findings,topic_capacity_limit,2026-10-01,Git history and prior public-data snapshots
finding-pubmed-41773862,pubmed-41773862,41773862,10.1093/infdis/jiag093,Nasopharyngeal Microbiome Composition and its Clinical Correlates in Children Hospitalized with Severe Pneumonia in East Africa.,microbiome-inflammaging,metadata_only_needs_classification,human,E,retired_from_active_findings,topic_scope_mismatch,2026-10-01,Git history and prior public-data snapshots
finding-pubmed-41775619,pubmed-41775619,41775619,10.1016/j.surge.2026.02.009,Predicting postoperative risk in adult men undergoing ankle fracture surgery: Development of a novel composite frailty score.,resistance-training-muscle,human_cohort,human,B,retired_from_active_findings,topic_scope_mismatch,2026-10-01,Git history and prior public-data snapshots
finding-pubmed-41797215,pubmed-41797215,41797215,10.1177/00220345251414409,Edentulousness and Frailty: A Study of Directionality and Pathways.,resistance-training-muscle,metadata_only_needs_classification,human,E,retired_from_active_findings,topic_scope_mismatch,2026-10-01,Git history and prior public-data snapshots
finding-pubmed-41801022,pubmed-41801022,41801022,10.1002/art.70127,Unveiling Endotypes in Systemic Lupus Erythematosus Through Multiomic Analysis: Insights Into Cardiovascular and Renal Complications.,blood-pressure-aging,animal_study,animal,D,retired_from_active_findings,title_topic_signal_missing,2026-10-01,Git history and prior public-data snapshots
finding-pubmed-41805148,pubmed-41805148,41805148,10.1097/GME.0000000000002769,Association of the Controlling Nutritional Status score with handgrip strength in postmenopausal women.,resistance-training-muscle,metadata_only_needs_classification,human,E,retired_from_active_findings,topic_scope_mismatch,2026-10-01,Git history and prior public-data snapshots
finding-pubmed-41805656,pubmed-41805656,41805656,10.5435/JAAOS-D-25-00982,Impact of GLP-1 Receptor Agonist Use on Total Knee Arthroplasty Outcomes in Metformin-Treated Diabetic Patients With and Without Comorbid Obesity: A Propensity-Matched Analysis.,glp1-weight-cardiometabolic,metadata_only_needs_classification,human,E,retired_from_active_findings,topic_capacity_limit,2026-10-01,Git history and prior public-data snapshots
finding-pubmed-41811969,pubmed-41811969,41811969,10.1093/ndt/gfag059,Renal blood flow and progression to kidney failure in ADPKD.,blood-pressure-aging,metadata_only_needs_classification,human,E,retired_from_active_findings,title_topic_signal_missing,2026-10-01,Git history and prior public-data snapshots
finding-pubmed-41839423,pubmed-41839423,41839423,10.1016/j.cmi.2026.03.016,Characterizing the timing and causes of death in community-acquired pneumonia.,resistance-training-muscle,metadata_only_needs_classification,human,E,retired_from_active_findings,title_topic_signal_missing,2026-10-01,Git history and prior public-data snapshots
finding-pubmed-41865758,pubmed-41865758,41865758,10.1016/S0140-6736(26)00459-9,"Efficacy and safety of oral semaglutide 14 mg (flexible dose) in early-stage symptomatic Alzheimer's disease (evoke and evoke+): two phase 3, randomised, placebo-controlled trials.",glp1-weight-cardiometabolic,human_randomized_or_clinical_trial,human,C,retired_from_active_findings,topic_capacity_limit,2026-10-01,Git history and prior public-data snapshots
finding-pubmed-41878921,pubmed-41878921,41878921,10.20960/nh.06221,"Associations of ""Life's Essential 8"" and sleep apnea ‒ A cross-sectional study.",sleep-aging,metadata_only_needs_classification,human,E,retired_from_active_findings,topic_capacity_limit,2026-10-01,Git history and prior public-data snapshots
finding-pubmed-41878926,pubmed-41878926,41878926,10.20960/nh.06217,The modifiable effect of the Triglyceride-Glucose (TyG) index and the Dietary Index of Gut Microbiota (DI-GM) on the associations between conventional risk factors and stroke.,microbiome-inflammaging,metadata_only_needs_classification,human,E,retired_from_active_findings,topic_scope_mismatch,2026-10-01,Git history and prior public-data snapshots
finding-pubmed-41910742,pubmed-41910742,41910742,10.1007/s00261-026-05393-5,Sarcopenia and postoperative outcomes in patients with peritoneal carcinomatosis undergoing cytoreductive surgery and hyperthermic intraperitoneal chemotherapy.,resistance-training-muscle,metadata_only_needs_classification,human,E,retired_from_active_findings,topic_scope_mismatch,2026-10-01,Git history and prior public-data snapshots
finding-pubmed-41925621,pubmed-41925621,41925621,10.1097/JOM.0000000000003724,Examination of Work Performance of Patients With Rheumatoid Arthritis.,resistance-training-muscle,metadata_only_needs_classification,human,E,retired_from_active_findings,title_topic_signal_missing,2026-10-01,Git history and prior public-data snapshots
finding-pubmed-41926005,pubmed-41926005,41926005,10.1007/s11255-026-05104-5,The impact of frailty on the survival prognosis of maintenance hemodialysis patients and the construction and validation of a survival prediction model.,resistance-training-muscle,human_cohort,human,B,retired_from_active_findings,topic_scope_mismatch,2026-10-01,Git history and prior public-data snapshots
finding-pubmed-41933504,pubmed-41933504,41933504,10.1111/obr.70123,EffectS of Lifestyle Interventions in Older PEople With Obesity (Effective SLOPE): a Systematic Review With Network Meta-Analyses.,caloric-restriction-human,systematic_review_or_meta_analysis,human,A,retired_from_active_findings,title_topic_signal_missing,2026-10-01,Git history and prior public-data snapshots
finding-pubmed-41936185,pubmed-41936185,41936185,10.1016/j.biomaterials.2026.124195,Ceramic-based biomaterials: Combining regeneration with anti-senescence.,senolytics,animal_study,animal,D,retired_from_active_findings,title_topic_signal_missing,2026-10-01,Git history and prior public-data snapshots
finding-pubmed-41960843,pubmed-41960843,41960843,10.20960/nh.06499,Preoperative immunonutritional support for gastric cancer patients with low muscle mass diagnosed based on computed tomography: a prospective study.,resistance-training-muscle,human_randomized_or_clinical_trial,human,B,retired_from_active_findings,topic_scope_mismatch,2026-10-01,Git history and prior public-data snapshots
finding-pubmed-41961372,pubmed-41961372,41961372,10.1007/s40618-026-02890-8,"Early in, early out: reproductive lifespan timing and cardiometabolic risk in women.",blood-pressure-aging,narrative_review,human,E,retired_from_active_findings,title_topic_signal_missing,2026-10-01,Git history and prior public-data snapshots
finding-pubmed-41964642,pubmed-41964642,41964642,10.1093/eurjpc/zwag194,Sex-specific V̇O2peak reference values and their association with major adverse cardiovascular events in Norwegian cardiac rehabilitation patients.,cardiorespiratory-fitness,metadata_only_needs_classification,human,E,retired_from_active_findings,title_topic_signal_missing,2026-10-01,Git history and prior public-data snapshots
finding-pubmed-41964831,pubmed-41964831,41964831,10.1007/s11255-026-05115-2,Telemedicine-supported assisted home hemodialysis in elderly and multimorbid patients: a real-world cohort study in a public healthcare system.,resistance-training-muscle,human_cohort,human,B,retired_from_active_findings,title_topic_signal_missing,2026-10-01,Git history and prior public-data snapshots
finding-pubmed-41964903,pubmed-41964903,41964903,10.1093/annalsats/aaoag072,Natural course of untreated obstructive sleep apnea in adults with coronary artery disease in the RICCADSA cohort.,sleep-aging,human_randomized_or_clinical_trial,human,C,retired_from_active_findings,topic_capacity_limit,2026-10-01,Git history and prior public-data snapshots
finding-pubmed-41967072,pubmed-41967072,41967072,10.1093/annalsats/aaoag087,Real-world generalizability of sleep apnea-related polysomnographic metrics and their associations with clinical comorbidities.,sleep-aging,metadata_only_needs_classification,human,E,retired_from_active_findings,topic_capacity_limit,2026-10-01,Git history and prior public-data snapshots
finding-pubmed-41972464,pubmed-41972464,41972464,10.1111/cobi.70283,Monitoring wildlife health for diseases with visible signs by integrating camera traps with marked individuals.,resistance-training-muscle,metadata_only_needs_classification,human,E,retired_from_active_findings,title_topic_signal_missing,2026-10-01,Git history and prior public-data snapshots
finding-pubmed-41980537,pubmed-41980537,41980537,10.1016/j.sleep.2026.108954,CPAP does not modify exercise-derived autonomic responses in nonsleepy patients with coronary artery disease and obstructive sleep apnea.,sleep-aging,human_randomized_or_clinical_trial,human,C,retired_from_active_findings,topic_capacity_limit,2026-10-01,Git history and prior public-data snapshots
finding-pubmed-41989308,pubmed-41989308,41989308,10.1093/ehjacc/zuag059,Clinical impact of seasonal and environmental factors in patients with acute heart failure.,blood-pressure-aging,metadata_only_needs_classification,human,E,retired_from_active_findings,title_topic_signal_missing,2026-10-01,Git history and prior public-data snapshots
finding-pubmed-42002195,pubmed-42002195,42002195,10.1016/j.amjmed.2026.04.019,The effect of SGLT-2 inhibitors on portal hypertensive complications and mortality in patients with cirrhosis.,blood-pressure-aging,metadata_only_needs_classification,human,E,retired_from_active_findings,title_topic_signal_missing,2026-10-01,Git history and prior public-data snapshots
finding-pubmed-42011840,pubmed-42011840,42011840,10.1177/08853282261443995,Bioactive chitosaan-nicotinamide mononucleotide-naringin composite scaffolds for enhanced maxillofacial bone regeneration.,nad-nmn-nr-aging,animal_study,animal,D,retired_from_active_findings,topic_scope_mismatch,2026-10-01,Git history and prior public-data snapshots
finding-pubmed-42013991,pubmed-42013991,42013991,10.1016/j.amjmed.2026.04.008,Treatment of OSA using mandibular advancement versus CPAP in improving cardiovascular health.,sleep-aging,human_randomized_or_clinical_trial,human,C,retired_from_active_findings,title_topic_signal_missing,2026-10-01,Git history and prior public-data snapshots
finding-pubmed-42017558,pubmed-42017558,42017558,10.1097/XCS.0000000000001994,Reframing Surgical Risk in Frailty: Causal Mediation Analysis of Mortality and Readmission after Pancreatectomy.,resistance-training-muscle,metadata_only_needs_classification,human,E,retired_from_active_findings,topic_scope_mismatch,2026-10-01,Git history and prior public-data snapshots
finding-pubmed-42026743,pubmed-42026743,42026743,10.1002/ijc.70516,Association of Cancer Care Quality Certification With Survival Across Multiple Cancer Types: A Population-Based Cohort Study in Taiwan.,resistance-training-muscle,human_cohort,human,B,retired_from_active_findings,title_topic_signal_missing,2026-10-01,Git history and prior public-data snapshots
finding-pubmed-42036090,pubmed-42036090,42036090,10.1016/j.arth.2026.04.075,Postoperative Swelling Did Not Return to Preoperative Levels in Most Patients Two Years After Total Knee Arthroplasty.,resistance-training-muscle,human_randomized_or_clinical_trial,human,C,retired_from_active_findings,title_topic_signal_missing,2026-10-01,Git history and prior public-data snapshots
finding-pubmed-42036404,pubmed-42036404,42036404,10.1111/jsr.70343,Vascular Dynamics During Respiratory Arousal From Sleep Assessed by Oximeter-Based Vascular Stiffness Measures.,sleep-aging,metadata_only_needs_classification,human,E,retired_from_active_findings,topic_capacity_limit,2026-10-01,Git history and prior public-data snapshots
finding-pubmed-42049391,pubmed-42049391,42049391,10.1093/infdis/jiag239,Cytomegalovirus Immune Responses and Cognitive Impairment in People With Human Immunodeficiency Virus.,resistance-training-muscle,metadata_only_needs_classification,human,E,retired_from_active_findings,title_topic_signal_missing,2026-10-01,Git history and prior public-data snapshots
finding-pubmed-42053149,pubmed-42053149,42053149,10.1177/1096620X261447993,Modulation of Antioxidant and Anti-Inflammatory Response in the Eyes of CKD Animals Supplemented with Larch Arabinogalactan.,klotho-il11-aging,animal_study,animal,D,retired_from_active_findings,title_topic_signal_missing,2026-10-01,Git history and prior public-data snapshots
finding-pubmed-42053995,pubmed-42053995,42053995,10.1097/XCS.0000000000002008,Postoperative Outcomes and Recovery Trajectory among Patients with Gastrointestinal Cancer Undergoing Emergency General Surgery.,resistance-training-muscle,human_cohort,human,B,retired_from_active_findings,title_topic_signal_missing,2026-10-01,Git history and prior public-data snapshots
finding-pubmed-42068504,pubmed-42068504,42068504,10.1007/s12094-026-04298-5,Impact of radiotherapy on quality of life reported by elderly patients.,resistance-training-muscle,metadata_only_needs_classification,human,E,retired_from_active_findings,title_topic_signal_missing,2026-10-01,Git history and prior public-data snapshots
finding-pubmed-42069479,pubmed-42069479,42069479,10.1016/j.pmn.2026.04.001,Pain and Cognitive Frailty in Chinese Elders: Mediation by Daily Living Activities.,resistance-training-muscle,metadata_only_needs_classification,human,E,retired_from_active_findings,topic_scope_mismatch,2026-10-01,Git history and prior public-data snapshots
finding-pubmed-42070571,pubmed-42070571,42070571,10.1016/S0140-6736(26)00305-3,"Once-weekly semaglutide versus placebo in patients with alcohol use disorder and comorbid obesity: a randomised, double-blind, placebo-controlled trial.",glp1-weight-cardiometabolic,human_randomized_or_clinical_trial,human,C,retired_from_active_findings,topic_capacity_limit,2026-10-01,Git history and prior public-data snapshots
finding-pubmed-42070999,pubmed-42070999,42070999,10.1002/jat.70197,"Polystyrene Microplastics Induce Nephrotoxicity via Oxidative Stress, Inflammation, Autophagy, and Ferroptosis.",autophagy-mitophagy,narrative_review,human,E,retired_from_active_findings,topic_scope_mismatch,2026-10-01,Git history and prior public-data snapshots
finding-pubmed-42080891,pubmed-42080891,42080891,10.1037/hea0001613,Joint association of loneliness and traditional risk factor control and the risk of cardiovascular-kidney-metabolic syndrome progression: A national prospective cohort study.,blood-pressure-aging,human_cohort,human,C,retired_from_active_findings,title_topic_signal_missing,2026-10-01,Git history and prior public-data snapshots
finding-pubmed-42081185,pubmed-42081185,42081185,10.1007/s12094-026-04367-9,The intersection of colorectal cancer and cardiovascular disease: shared mechanisms and clinical implications.,microbiome-inflammaging,narrative_review,human,E,retired_from_active_findings,title_topic_signal_missing,2026-10-01,Git history and prior public-data snapshots
finding-pubmed-42091406,pubmed-42091406,42091406,10.1016/j.dental.2026.04.017,Ecotoxic and genotoxic potential of eluates from dental composite dust - an in vitro study.,physical-activity-healthspan,mechanistic_or_cell_study,human,E,retired_from_active_findings,title_topic_signal_missing,2026-10-01,Git history and prior public-data snapshots
finding-pubmed-42095424,pubmed-42095424,42095424,10.1177/00031348261450572,Clinical Impact of Preoperative Sarcopenia on the Outcome of Patients With Right-Sided Colon Cancer.,resistance-training-muscle,metadata_only_needs_classification,human,E,retired_from_active_findings,topic_scope_mismatch,2026-10-01,Git history and prior public-data snapshots
finding-pubmed-42103093,pubmed-42103093,42103093,10.1016/j.amjmed.2026.04.031,Circulating Apolipoprotein E concentration and incident cardiovascular diseases: Evidence from an electronic health record-based cohort.,ldl-apob-cardiovascular-risk,human_cohort,human,B,retired_from_active_findings,title_topic_signal_missing,2026-10-01,Git history and prior public-data snapshots
finding-pubmed-42107553,pubmed-42107553,42107553,10.1016/j.ahj.2026.107478,"Women's health initiative strong and healthy silent atrial fibrillation recording study: Rationale, study design, and baseline data.",physical-activity-healthspan,protocol_or_registered_plan,human,E,retired_from_active_findings,protocol_or_registered_plan,2026-10-01,Git history and prior public-data snapshots
finding-pubmed-42119161,pubmed-42119161,42119161,10.1016/j.archger.2026.106275,Protective association of estimated cardiorespiratory fitness (eCRF) with incident frailty: a longitudinal analysis of the CHARLS and ELSA cohorts.,resistance-training-muscle,human_cohort,human,B,retired_from_active_findings,topic_scope_mismatch,2026-10-01,Git history and prior public-data snapshots
finding-pubmed-42119587,pubmed-42119587,42119587,10.1016/S0140-6736(26)00656-2,"Tirzepatide for maintenance of bodyweight reduction in people with obesity in the USA (SURMOUNT-MAINTAIN): a multicentre, double-blind, randomised, placebo-controlled trial.",glp1-weight-cardiometabolic,human_randomized_or_clinical_trial,human,C,retired_from_active_findings,topic_capacity_limit,2026-10-01,Git history and prior public-data snapshots
finding-pubmed-42119880,pubmed-42119880,42119880,10.1016/j.amjmed.2026.05.002,"Examining sleep quality and mortality risks in COPD, asthma, and asthma-COPD overlap patients.",sleep-aging,metadata_only_needs_classification,human,E,retired_from_active_findings,topic_capacity_limit,2026-10-01,Git history and prior public-data snapshots
finding-pubmed-42119978,pubmed-42119978,42119978,10.1016/j.eprac.2026.05.008,Composite Pheochromocytomas: More Common Than Expected and Associated With Distinct Clinical Profile.,blood-pressure-aging,metadata_only_needs_classification,human,E,retired_from_active_findings,title_topic_signal_missing,2026-10-01,Git history and prior public-data snapshots
finding-pubmed-42120341,pubmed-42120341,42120341,10.1177/10926429261449962,Single Anastomosis Sleeve Ileal Bypass Could Be the Future of Redo Surgery? A Single-Center Cohort Study.,blood-pressure-aging,human_cohort,human,C,retired_from_active_findings,title_topic_signal_missing,2026-10-01,Git history and prior public-data snapshots
finding-pubmed-42126155,pubmed-42126155,42126155,10.1177/00034894261450724,Implications of Glucagon-Like Peptide-1 Receptor Agonists in Otolaryngology - Head and Neck Surgery: A Review.,glp1-weight-cardiometabolic,narrative_review,human,E,retired_from_active_findings,title_topic_signal_missing,2026-10-01,Git history and prior public-data snapshots
finding-pubmed-42126678,pubmed-42126678,42126678,10.1007/s12011-026-05117-2,Context-Dependent Shift in Trace Element Risk Drivers for Carotid Plaque Instability: Copper Supersedes Iron in Patients with Hypertension or Diabetes.,blood-pressure-aging,metadata_only_needs_classification,human,E,retired_from_active_findings,topic_capacity_limit,2026-10-01,Git history and prior public-data snapshots
finding-pubmed-42127443,pubmed-42127443,42127443,10.1016/j.archger.2026.106294,Association between functional autonomy and nutritional status in older adults: A scoping review.,resistance-training-muscle,narrative_review,human,E,retired_from_active_findings,title_topic_signal_missing,2026-10-01,Git history and prior public-data snapshots
finding-pubmed-42128145,pubmed-42128145,42128145,10.1016/j.jnutbio.2026.110413,Time-restricted feeding alleviates heat stress-induced liver ferroptosis in piglets via nuclear receptor NR1D1-mediated transcription modulation.,time-restricted-eating,metadata_only_needs_classification,cell,E,retired_from_active_findings,nonhuman_record_in_human_outcome_topic,2026-10-01,Git history and prior public-data snapshots
finding-pubmed-42138385,pubmed-42138385,42138385,10.1097/QAD.0000000000004544,Impact of semaglutide on liver fibrosis score in people with HIV: findings from the CNICS cohort.,glp1-weight-cardiometabolic,human_cohort,human,C,retired_from_active_findings,topic_capacity_limit,2026-10-01,Git history and prior public-data snapshots
finding-pubmed-42140133,pubmed-42140133,42140133,10.1016/j.colsurfb.2026.115804,Bio-enhanced NGV/QC-Zn@ZSM-5 zeolite nanoplatform for stabilizing the dentin-adhesive interface.,senolytics,metadata_only_needs_classification,needs_review,E,retired_from_active_findings,title_topic_signal_missing,2026-10-01,Git history and prior public-data snapshots
finding-pubmed-42141942,pubmed-42141942,42141942,10.1111/omi.70033,Characteristics of the Health-Associated Oral Microbiome in Young Nonhuman Primates.,microbiome-inflammaging,animal_study,animal,D,retired_from_active_findings,topic_scope_mismatch,2026-10-01,Git history and prior public-data snapshots
finding-pubmed-42142642,pubmed-42142642,42142642,10.1016/j.cpcardiol.2026.103372,Obesity and cardiovascular risk in down syndrome: Challenges and updated management.,sleep-aging,narrative_review,human,E,retired_from_active_findings,title_topic_signal_missing,2026-10-01,Git history and prior public-data snapshots
finding-pubmed-42142649,pubmed-42142649,42142649,10.1016/j.jtcvs.2026.05.004,Left ventricular rehabilitation after Ross operation for critical aortic stenosis with endocardial fibroelastosis.,cardiorespiratory-fitness,metadata_only_needs_classification,human,E,retired_from_active_findings,title_topic_signal_missing,2026-10-01,Git history and prior public-data snapshots
finding-pubmed-42142827,pubmed-42142827,42142827,10.1016/j.ahj.2026.107489,Impact of malnutrition on outcomes among elderly ST-Elevation myocardial infarction patients receiving primary percutaneous coronary intervention.,resistance-training-muscle,human_cohort,human,B,retired_from_active_findings,title_topic_signal_missing,2026-10-01,Git history and prior public-data snapshots
finding-pubmed-42143944,pubmed-42143944,42143944,10.1016/j.diagmicrobio.2026.117466,Determinants of hospitalization and pneumonia in influenza during the post-pandemic era: Role of influenza A+B coinfection.,blood-pressure-aging,metadata_only_needs_classification,human,E,retired_from_active_findings,title_topic_signal_missing,2026-10-01,Git history and prior public-data snapshots
finding-pubmed-42144029,pubmed-42144029,42144029,10.1016/j.cpcardiol.2026.103331,"Comparative efficacy of baroreflex activation therapy, cardiac contractility modulation, and cardiac resynchronization therapy in heart failure with reduced ejection fraction: a systematic review and network meta-analysis of randomized controlled trials.",cardiorespiratory-fitness,systematic_review_or_meta_analysis,human,A,retired_from_active_findings,title_topic_signal_missing,2026-10-01,Git history and prior public-data snapshots
finding-pubmed-42144138,pubmed-42144138,42144138,10.1016/j.jad.2026.121965,Depressive and insomnia symptoms and incident dementia risk: A 12-year study in U.S. older adults.,sleep-aging,metadata_only_needs_classification,human,E,retired_from_active_findings,topic_capacity_limit,2026-10-01,Git history and prior public-data snapshots
finding-pubmed-42144309,pubmed-42144309,42144309,10.1016/j.pmn.2026.04.023,Body Awareness Therapy in Peripheral Arterial Disease: A Randomized Controlled Trial.,resistance-training-muscle,human_randomized_or_clinical_trial,human,C,retired_from_active_findings,title_topic_signal_missing,2026-10-01,Git history and prior public-data snapshots
finding-pubmed-42144572,pubmed-42144572,42144572,10.1002/1744-9987.70158,NLRP3 Inflammasome Activation and Atherogenic Lipid Profile in Hemodialysis Patients.,blood-pressure-aging,metadata_only_needs_classification,human,E,retired_from_active_findings,title_topic_signal_missing,2026-10-01,Git history and prior public-data snapshots
finding-pubmed-42149082,pubmed-42149082,42149082,10.1080/09286586.2026.2675291,Bidirectional Association Between Age-Related Macular Degeneration and Cardiovascular Disease: A Population-Based Cohort Study in Taiwan with 15-Year Follow-up.,blood-pressure-aging,human_cohort,human,C,retired_from_active_findings,title_topic_signal_missing,2026-10-01,Git history and prior public-data snapshots
finding-pubmed-42151443,pubmed-42151443,42151443,10.1038/s41380-026-03653-w,Protective TMEM106B-rs3173615 delays age at onset in GRN mutation carriers.,resistance-training-muscle,metadata_only_needs_classification,human,E,retired_from_active_findings,title_topic_signal_missing,2026-10-01,Git history and prior public-data snapshots
finding-pubmed-42152801,pubmed-42152801,42152801,10.1111/1471-0528.70265,Proteinuria in Preeclampsia and Long-Term Risk of Maternal Kidney and Cardiovascular Disease: A Population-Based Cohort Study.,blood-pressure-aging,human_cohort,human,C,retired_from_active_findings,title_topic_signal_missing,2026-10-01,Git history and prior public-data snapshots
finding-pubmed-42153436,pubmed-42153436,42153436,10.1177/15459683261448463,Individualized Prediction of Upper Limb Strength Recovery After Cervical Spinal Cord Injury: Development and Validation of Simple Prognostic Models.,resistance-training-muscle,metadata_only_needs_classification,human,E,retired_from_active_findings,title_topic_signal_missing,2026-10-01,Git history and prior public-data snapshots
finding-pubmed-42155010,pubmed-42155010,42155010,10.1093/ajrccm/aamag249,Gut microbiota associate with disease severity and survival in idiopathic pulmonary fibrosis.,microbiome-inflammaging,metadata_only_needs_classification,human,E,retired_from_active_findings,topic_scope_mismatch,2026-10-01,Git history and prior public-data snapshots
finding-pubmed-42160959,pubmed-42160959,42160959,10.1016/j.tjpad.2026.100601,Identification of a CD44-dependent control of astrocytic autophagic activity in Alzheimer's disease.,autophagy-mitophagy,mechanistic_or_cell_study,human,E,retired_from_active_findings,title_topic_signal_missing,2026-10-01,Git history and prior public-data snapshots
finding-pubmed-42170832,pubmed-42170832,42170832,10.1097/MCC.0000000000001390,Ventilator-associated pneumonia: newer insights that can drive improved outcomes.,microbiome-inflammaging,narrative_review,human,E,retired_from_active_findings,title_topic_signal_missing,2026-10-01,Git history and prior public-data snapshots
finding-pubmed-42171888,pubmed-42171888,42171888,10.1007/s10620-026-10004-w,Psoas Muscle Trajectory and Survival After Liver Transplantation for Steatotic Liver Disease in Severe Obesity.,resistance-training-muscle,metadata_only_needs_classification,human,E,retired_from_active_findings,title_topic_signal_missing,2026-10-01,Git history and prior public-data snapshots
finding-pubmed-42171936,pubmed-42171936,42171936,10.1007/s11357-026-02326-4,Workaholism as a neglected risk factor for unhealthy aging: implications for the Semmelweis-EUniWell Workplace Health Promotion Program.,blood-pressure-aging,metadata_only_needs_classification,human,E,retired_from_active_findings,title_topic_signal_missing,2026-10-01,Git history and prior public-data snapshots
finding-pubmed-42175695,pubmed-42175695,42175695,10.1177/19427891261450803,Single and Dual Sensory Loss and Cardiovascular Disease in US adults: Findings from the 2021 Behavioral Risk Factor Surveillance System.,blood-pressure-aging,metadata_only_needs_classification,human,E,retired_from_active_findings,title_topic_signal_missing,2026-10-01,Git history and prior public-data snapshots
finding-pubmed-42178229,pubmed-42178229,42178229,10.5551/jat.66098,Liver Dysfunction Assessed by Albumin - Bilirubin (ALBI) Score is Associated with Disturbed Cholesterol Profiles and Reduced Survival in Patients with Chronic Limb-Threatening Ischemia.,ldl-apob-cardiovascular-risk,metadata_only_needs_classification,human,E,retired_from_active_findings,topic_capacity_limit,2026-10-01,Git history and prior public-data snapshots
finding-pubmed-42178923,pubmed-42178923,42178923,10.1080/15548627.2026.2677181,NMN/NAD(+) enhances SIRT2-modulated microtubule dynamics to improve mitochondrial and mitophagy functions in senescent cells.,nad-nmn-nr-aging,metadata_only_needs_classification,human,E,retired_from_active_findings,topic_scope_mismatch,2026-10-01,Git history and prior public-data snapshots
finding-pubmed-42185082,pubmed-42185082,42185082,10.1111/ejh.70223,Frailty and Fitness in Older Adults With Acute Myeloid Leukemia: From Chronological Age to Multiparametric Assessment.,resistance-training-muscle,narrative_review,human,E,retired_from_active_findings,topic_scope_mismatch,2026-10-01,Git history and prior public-data snapshots
finding-pubmed-42186779,pubmed-42186779,42186779,10.1097/QAD.0000000000004554,Exposure to size-specific particulate matter accelerates DNA methylation aging in people with HIV.,epigenetic-clocks,metadata_only_needs_classification,human,E,retired_from_active_findings,title_topic_signal_missing,2026-10-01,Git history and prior public-data snapshots
finding-pubmed-42187338,pubmed-42187338,42187338,10.1002/nur.70083,Distinct Symptom Occurrence Subgroups Among Patients With Colorectal Cancer: Differences in Social Determinants of Health and Diet Quality.,dietary-pattern-longevity,metadata_only_needs_classification,human,E,retired_from_active_findings,topic_capacity_limit,2026-10-01,Git history and prior public-data snapshots
finding-pubmed-42189006,pubmed-42189006,42189006,10.1097/NPT.0000000000000561,Power Exercise for Stroke Recovery: The POWER Feasibility Trial.,resistance-training-muscle,human_randomized_or_clinical_trial,human,B,retired_from_active_findings,title_topic_signal_missing,2026-10-01,Git history and prior public-data snapshots
finding-pubmed-42190299,pubmed-42190299,42190299,10.1016/j.pec.2026.109707,Patient personas exemplifying behavioural barriers and enablers to patient education across the hypertension journey: A qualitative framework analysis.,blood-pressure-aging,metadata_only_needs_classification,human,E,retired_from_active_findings,topic_capacity_limit,2026-10-01,Git history and prior public-data snapshots
finding-pubmed-42190356,pubmed-42190356,42190356,10.1016/j.archger.2026.106306,Validity and reliability of smartwatch-based upper-extremity function and heart rate assessment in outpatient older adults.,resistance-training-muscle,metadata_only_needs_classification,human,E,retired_from_active_findings,title_topic_signal_missing,2026-10-01,Git history and prior public-data snapshots
finding-pubmed-42202383,pubmed-42202383,42202383,10.1016/j.ijnurstu.2026.105579,Assessment tools for social frailty in older adults based on COSMIN guidelines: A systematic review.,resistance-training-muscle,systematic_review_or_meta_analysis,human,A,retired_from_active_findings,topic_scope_mismatch,2026-10-01,Git history and prior public-data snapshots
finding-pubmed-42202469,pubmed-42202469,42202469,10.1016/j.tjpad.2026.100605,Efficacy and safety of donanemab in the European eligible population: TRAILBLAZER-ALZ 2 post-hoc analyses.,blood-pressure-aging,human_randomized_or_clinical_trial,human,C,retired_from_active_findings,title_topic_signal_missing,2026-10-01,Git history and prior public-data snapshots
finding-pubmed-42203164,pubmed-42203164,42203164,10.1016/j.ahj.2026.107493,"Design of VICTORION-2 Prevent: A randomized double-blind, placebo-controlled trial, assessing the impact of inclisiran on major adverse cardiovascular events in patients with established cardiovascular disease.",ldl-apob-cardiovascular-risk,human_randomized_or_clinical_trial,human,B,retired_from_active_findings,title_topic_signal_missing,2026-10-01,Git history and prior public-data snapshots
finding-pubmed-42208601,pubmed-42208601,42208601,10.1016/j.jcjo.2026.05.003,"Nonglaucomatous retinal nerve fibre layer defects as predictors of stroke and coronary heart disease in a large, longitudinal cohort.",blood-pressure-aging,human_cohort,human,B,retired_from_active_findings,title_topic_signal_missing,2026-10-01,Git history and prior public-data snapshots
finding-pubmed-42209831,pubmed-42209831,42209831,10.1007/s00330-026-12643-z,CT-derived body composition predicts futile upfront resection in pancreatic cancer: a multicenter study.,resistance-training-muscle,metadata_only_needs_classification,human,E,retired_from_active_findings,title_topic_signal_missing,2026-10-01,Git history and prior public-data snapshots
finding-pubmed-42214642,pubmed-42214642,42214642,10.1016/j.freeradbiomed.2026.05.324,TGM2 drives microglial senescence by inhibiting autophagy via the PI3K/AKT/mTORC1 pathway.,autophagy-mitophagy,animal_study,mouse,D,retired_from_active_findings,topic_scope_mismatch,2026-10-01,Git history and prior public-data snapshots
finding-pubmed-42214688,pubmed-42214688,42214688,10.1016/j.spinee.2026.05.003,From 3 to 8 clusters: a machine learning-based classification of operated adult spinal deformity patients.,resistance-training-muscle,metadata_only_needs_classification,human,E,retired_from_active_findings,title_topic_signal_missing,2026-10-01,Git history and prior public-data snapshots
finding-pubmed-42214747,pubmed-42214747,42214747,10.1016/j.expneurol.2026.115856,Isoquercetin-ligustrazine co-polymorph attenuates hypoxia-accelerated Alzheimer's disease by suppressing PERK-CHOP-mediated ER stress.,sleep-aging,animal_study,mouse,D,retired_from_active_findings,title_topic_signal_missing,2026-10-01,Git history and prior public-data snapshots
finding-pubmed-42214949,pubmed-42214949,42214949,10.1016/j.colsurfb.2026.115852,A taxifolin-zinc nanozyme with SOD-like activity attenuates oxidative-stress-induced senescence and extends lifespan in C. elegans.,senolytics,metadata_only_needs_classification,human,E,retired_from_active_findings,title_topic_signal_missing,2026-10-01,Git history and prior public-data snapshots
finding-pubmed-42215413,pubmed-42215413,42215413,10.1016/j.numecd.2026.104778,Dyslipidaemia burden and population-specific lipid thresholds in rural Nigerian adults: Implications for cardiovascular risk screening.,ldl-apob-cardiovascular-risk,metadata_only_needs_classification,human,E,retired_from_active_findings,title_topic_signal_missing,2026-10-01,Git history and prior public-data snapshots
finding-pubmed-42215415,pubmed-42215415,42215415,10.1016/j.numecd.2026.104777,Bempedoic acid for prevention of atherosclerotic cardiovascular disease: from trials to clinical practice.,ldl-apob-cardiovascular-risk,narrative_review,human,E,retired_from_active_findings,title_topic_signal_missing,2026-10-01,Git history and prior public-data snapshots
finding-pubmed-42217650,pubmed-42217650,42217650,10.1016/j.echo.2026.05.041,Differential Effect of Early Intervention for Moderate Aortic Stenosis by Extravalvular Damage.,blood-pressure-aging,human_cohort,human,B,retired_from_active_findings,title_topic_signal_missing,2026-10-01,Git history and prior public-data snapshots
finding-pubmed-42217737,pubmed-42217737,42217737,10.1016/j.ajic.2026.05.020,Age-related clinical and therapeutic differences during a hospital outbreak of Clostridioides difficile infection in Colombia.,microbiome-inflammaging,metadata_only_needs_classification,human,E,retired_from_active_findings,title_topic_signal_missing,2026-10-01,Git history and prior public-data snapshots
finding-pubmed-42218332,pubmed-42218332,42218332,10.1007/s00256-026-05263-7,Deep learning-based CT-derived vertebral bone mineral density and metformin therapy: a longitudinal study in the Multi-Ethnic Study of Atherosclerosis.,metformin-aging,human_cohort,human,C,retired_from_active_findings,topic_scope_mismatch,2026-10-01,Git history and prior public-data snapshots
finding-pubmed-42219050,pubmed-42219050,42219050,10.1016/j.ahj.2026.107498,"Evaluation, treatment, and outcomes in patients with possible severe aortic stenosis.",resistance-training-muscle,metadata_only_needs_classification,human,E,retired_from_active_findings,title_topic_signal_missing,2026-10-01,Git history and prior public-data snapshots
finding-pubmed-42219075,pubmed-42219075,42219075,10.1016/j.expneurol.2026.115858,Impact of acute high thoracic spinal cord injury on in vivo vascular function in rats.,physical-activity-healthspan,animal_study,animal,D,retired_from_active_findings,title_topic_signal_missing,2026-10-01,Git history and prior public-data snapshots
finding-pubmed-42223065,pubmed-42223065,42223065,10.1097/FTD.0000000000001481,Evaluation of Internal Consistency of a Vancomycin Population Pharmacokinetic Model in Ultra-lean Elderly Patients: A Short Communication.,resistance-training-muscle,metadata_only_needs_classification,human,E,retired_from_active_findings,title_topic_signal_missing,2026-10-01,Git history and prior public-data snapshots
finding-pubmed-42223150,pubmed-42223150,42223150,10.1519/JSC.0000000000005491,"Mechanical, Neuromuscular, and Hypertrophic Adaptations Through Different Velocity Loss Thresholds With Moderate Loads in Full Squat.",resistance-training-muscle,human_randomized_or_clinical_trial,human,B,retired_from_active_findings,title_topic_signal_missing,2026-10-01,Git history and prior public-data snapshots
finding-pubmed-42223541,pubmed-42223541,42223541,10.1007/s10620-026-10025-5,Short-Term Changes in Body Composition and the Development of Sarcopenia Following Acute Pancreatitis: An Observational Study.,resistance-training-muscle,metadata_only_needs_classification,human,E,retired_from_active_findings,topic_scope_mismatch,2026-10-01,Git history and prior public-data snapshots
finding-pubmed-42225266,pubmed-42225266,42225266,10.1111/jsr.70383,Association Between Sleep Quality and Oxidative Stress in Postoperative Cardiovascular Patients-A Pilot Study.,sleep-aging,metadata_only_needs_classification,human,E,retired_from_active_findings,topic_capacity_limit,2026-10-01,Git history and prior public-data snapshots
finding-pubmed-42225437,pubmed-42225437,42225437,10.1016/j.numecd.2026.104807,The role of assessing frailty in cardiometabolic risk management.,resistance-training-muscle,narrative_review,human,E,retired_from_active_findings,topic_scope_mismatch,2026-10-01,Git history and prior public-data snapshots
finding-pubmed-42227113,pubmed-42227113,42227113,10.1177/17407745261449668,Accounting for non-adherence: A re-analysis of the Liraglutide Effect and Action in Diabetes: Evaluation of Cardiovascular Outcome Results trial.,glp1-weight-cardiometabolic,human_randomized_or_clinical_trial,human,C,retired_from_active_findings,topic_capacity_limit,2026-10-01,Git history and prior public-data snapshots
finding-pubmed-42227292,pubmed-42227292,42227292,10.1177/15409996261455858,Associations of Pregnancy History and Complications with Cardiovascular Disease Among American Indian Women: The Strong Heart Family Study.,blood-pressure-aging,metadata_only_needs_classification,human,E,retired_from_active_findings,title_topic_signal_missing,2026-10-01,Git history and prior public-data snapshots
finding-pubmed-42229499,pubmed-42229499,42229499,10.1016/S1473-3099(26)00194-5,"Global burden of enteric infectious diseases, diarrhoeal diseases, and corresponding aetiologies, 1990-2023: a systematic analysis for the Global Burden of Disease Study 2023.",physical-activity-healthspan,metadata_only_needs_classification,human,E,retired_from_active_findings,title_topic_signal_missing,2026-10-01,Git history and prior public-data snapshots
finding-pubmed-42229625,pubmed-42229625,42229625,10.1016/j.healun.2026.05.028,Haemodynamic responses to sotatercept and parenteral prostacyclins in pulmonary arterial hypertension patients.,blood-pressure-aging,metadata_only_needs_classification,human,E,retired_from_active_findings,topic_scope_mismatch,2026-10-01,Git history and prior public-data snapshots
finding-pubmed-42229777,pubmed-42229777,42229777,10.1016/j.athoracsur.2026.05.023,The Ninth Annual STS-Pedimacs Report: Pediatric Ventricular Assist Device Outcomes and the Expanding Role of Biventricular Support.,physical-activity-healthspan,metadata_only_needs_classification,human,E,retired_from_active_findings,title_topic_signal_missing,2026-10-01,Git history and prior public-data snapshots
finding-pubmed-42230185,pubmed-42230185,42230185,10.1016/j.numecd.2026.104802,The effect of dietetic counseling combined with digital tools intervention on hemodynamic markers in Greek adults: The GATEKEEPER Study.,physical-activity-healthspan,human_randomized_or_clinical_trial,human,B,retired_from_active_findings,title_topic_signal_missing,2026-10-01,Git history and prior public-data snapshots
finding-pubmed-42233282,pubmed-42233282,42233282,10.20960/nh.06632,Muscle mass gain and strength recovery after discharge of critical COVID-19 patients treated with mesenchymal stromal cell infusion: a randomized clinical trial.,resistance-training-muscle,human_randomized_or_clinical_trial,human,B,retired_from_active_findings,topic_scope_mismatch,2026-10-01,Git history and prior public-data snapshots
finding-pubmed-42233927,pubmed-42233927,42233927,10.1016/j.jacc.2026.04.044,Comprehensive Long-Term Changes in Cardiovascular Risk Biomarkers With Tirzepatide: A SURMOUNT-1 Post Hoc Analysis.,glp1-weight-cardiometabolic,human_randomized_or_clinical_trial,human,C,retired_from_active_findings,topic_capacity_limit,2026-10-01,Git history and prior public-data snapshots
finding-pubmed-42234144,pubmed-42234144,42234144,10.1007/s00595-026-03344-7,Prognostic stratification of unresectable locally advanced pancreatic cancer using a combination of inflammatory and nutritional indices: a retrospective cohort study.,resistance-training-muscle,human_cohort,human,B,retired_from_active_findings,title_topic_signal_missing,2026-10-01,Git history and prior public-data snapshots
finding-pubmed-42235811,pubmed-42235811,42235811,10.1016/j.bone.2026.117958,Osteogenic promotion by naringin through the PI3K/AKT/mTOR pathway-mediated activation of autophagy and inhibition of apoptosis.,autophagy-mitophagy,animal_study,mouse,D,retired_from_active_findings,topic_scope_mismatch,2026-10-01,Git history and prior public-data snapshots
finding-pubmed-42240883,pubmed-42240883,42240883,10.1007/s00595-026-03348-3,Ultrasound-guided manual reduction for incarcerated obturator hernia: a bridge to elective surgery or a pragmatic non-operative strategy.,resistance-training-muscle,metadata_only_needs_classification,human,E,retired_from_active_findings,title_topic_signal_missing,2026-10-01,Git history and prior public-data snapshots
finding-pubmed-42240885,pubmed-42240885,42240885,10.1007/s00595-026-03336-7,The lung-muscle metabolic axis: a proposed mechanism for post-resection systemic frailty.,resistance-training-muscle,narrative_review,human,E,retired_from_active_findings,topic_scope_mismatch,2026-10-01,Git history and prior public-data snapshots
finding-pubmed-42242293,pubmed-42242293,42242293,10.1016/j.jcjo.2026.05.004,Diabetic macular edema and GLP-1 receptor agonist use: a systematic review and meta-analysis.,glp1-weight-cardiometabolic,systematic_review_or_meta_analysis,human,E,retired_from_active_findings,topic_capacity_limit,2026-10-01,Git history and prior public-data snapshots
finding-pubmed-42242383,pubmed-42242383,42242383,10.1016/j.ijcard.2026.134598,Diverging trajectories of cardiorenal protection: From early benefit to late attenuation with multifactorial target achievement across cardiovascular kidney-metabolic syndrome stages.,blood-pressure-aging,metadata_only_needs_classification,human,E,retired_from_active_findings,title_topic_signal_missing,2026-10-01,Git history and prior public-data snapshots
finding-pubmed-42247758,pubmed-42247758,42247758,10.1016/j.neurobiolaging.2026.05.006,Biopsychosocial and demographic predictors of functional brain network specialization and segregation across the adult lifespan.,physical-activity-healthspan,metadata_only_needs_classification,human,E,retired_from_active_findings,title_topic_signal_missing,2026-10-01,Git history and prior public-data snapshots
finding-pubmed-42248278,pubmed-42248278,42248278,10.1016/j.cellsig.2026.112641,Targeting NFAT5 attenuates high sodium-induced vascular aging by re-sensitizing senescent smooth muscle cells to apoptosis.,senolytics,animal_study,mouse,D,retired_from_active_findings,title_topic_signal_missing,2026-10-01,Git history and prior public-data snapshots
finding-pubmed-42249655,pubmed-42249655,42249655,10.1111/jsr.70367,"Physiological and Sleep Profiles in Insomnia, OSA and COMISA: A Comparative Study in Portugal and Spain.",sleep-aging,metadata_only_needs_classification,human,E,retired_from_active_findings,topic_capacity_limit,2026-10-01,Git history and prior public-data snapshots
finding-pubmed-42250440,pubmed-42250440,42250440,10.1016/j.sleep.2026.109057,The orexinergic crossroads: Bidirectional links between sleep-wake disturbances and the pathogenesis of Alzheimer's disease in the aging brain.,rapamycin-mtor-aging,narrative_review,human,E,retired_from_active_findings,title_topic_signal_missing,2026-10-01,Git history and prior public-data snapshots
finding-pubmed-42250441,pubmed-42250441,42250441,10.1016/j.sleep.2026.109069,CPAP therapy may improve HFpEF-like features in coronary artery disease with obstructive sleep apnea: A randomized controlled trial.,blood-pressure-aging,human_randomized_or_clinical_trial,human,C,retired_from_active_findings,title_topic_signal_missing,2026-10-01,Git history and prior public-data snapshots
finding-pubmed-42251859,pubmed-42251859,42251859,10.1016/S2213-8587(26)00125-7,"Cagrilintide-semaglutide (CagriSema) versus semaglutide or cagrilintide in people with type 2 diabetes (REIMAGINE 2): a double-blind, randomised, controlled, phase 3 study.",glp1-weight-cardiometabolic,human_randomized_or_clinical_trial,human,C,retired_from_active_findings,topic_capacity_limit,2026-10-01,Git history and prior public-data snapshots
finding-pubmed-42252002,pubmed-42252002,42252002,10.1016/j.jevs.2026.106050,"Age-related comparative study of C-reactive protein, lipid profile biomarkers, and strongyle nematode gastrointestinal parasitic burden in horses.",microbiome-inflammaging,animal_study,animal,D,retired_from_active_findings,title_topic_signal_missing,2026-10-01,Git history and prior public-data snapshots
finding-pubmed-42252044,pubmed-42252044,42252044,10.1016/j.bone.2026.117969,Proteomics-driven discovery of intervention windows and risk subtypes in osteoporosis: A prospective cohort study.,resistance-training-muscle,human_cohort,human,B,retired_from_active_findings,title_topic_signal_missing,2026-10-01,Git history and prior public-data snapshots
finding-pubmed-42258962,pubmed-42258962,42258962,10.1016/j.sleep.2026.109058,Glymphatic system dysfunction in obstructive sleep apnea with mild cognitive impairment evidenced by DTI-ALPS.,sleep-aging,metadata_only_needs_classification,human,E,retired_from_active_findings,topic_capacity_limit,2026-10-01,Git history and prior public-data snapshots
finding-pubmed-42260242,pubmed-42260242,42260242,10.1007/s40279-026-02469-6,Physical Exercise as an Adjuvant to Glucocorticoid Therapy: Clinical Recommendations and Evidence Review.,physical-activity-healthspan,systematic_review_or_meta_analysis,human,E,retired_from_active_findings,topic_capacity_limit,2026-10-01,Git history and prior public-data snapshots
finding-pubmed-42261638,pubmed-42261638,42261638,10.1080/17843286.2026.2684717,Real-world evidence on In-hospital statin use and mortality in geriatric patients.,resistance-training-muscle,metadata_only_needs_classification,human,E,retired_from_active_findings,title_topic_signal_missing,2026-10-01,Git history and prior public-data snapshots
finding-pubmed-42262480,pubmed-42262480,42262480,10.1097/QAD.0000000000004559,Prevalence and clinical correlates of frailty among adults with HIV infection and unhealthy alcohol or drug use.,resistance-training-muscle,metadata_only_needs_classification,human,E,retired_from_active_findings,topic_scope_mismatch,2026-10-01,Git history and prior public-data snapshots
finding-pubmed-42263936,pubmed-42263936,42263936,10.1016/j.clnesp.2026.103385,DXA-derived regional adiposity identifies hidden liver-metabolic risk beyond BMI in non-obese older adults: A cross-sectional study.,resistance-training-muscle,metadata_only_needs_classification,human,E,retired_from_active_findings,title_topic_signal_missing,2026-10-01,Git history and prior public-data snapshots
finding-pubmed-42263950,pubmed-42263950,42263950,10.1016/j.ijcard.2026.134615,A scoping review on aging and cardiovascular diseases - Molecular mediators and artificial intelligence-based advanced diagnostic methods.,epigenetic-clocks,narrative_review,human,E,retired_from_active_findings,title_topic_signal_missing,2026-10-01,Git history and prior public-data snapshots
finding-pubmed-42269328,pubmed-42269328,42269328,10.1016/j.cis.2026.103963,"Recent advances in nanodelivery systems of drugs and genes for atherosclerosis: Fundamentals, mechanisms, applications.",microbiome-inflammaging,narrative_review,human,E,retired_from_active_findings,title_topic_signal_missing,2026-10-01,Git history and prior public-data snapshots
finding-pubmed-42270484,pubmed-42270484,42270484,10.1016/j.soard.2026.05.015,Same-day discharge sleeve gastrectomy in France on the last decade: a nationwide cohort study on safety and patient selection.,blood-pressure-aging,human_cohort,human,B,retired_from_active_findings,title_topic_signal_missing,2026-10-01,Git history and prior public-data snapshots
finding-pubmed-42275757,pubmed-42275757,42275757,10.1016/j.knee.2026.104510,Comparison of isokinetic strength recovery following ACL reconstruction among graft types.,resistance-training-muscle,metadata_only_needs_classification,human,E,retired_from_active_findings,title_topic_signal_missing,2026-10-01,Git history and prior public-data snapshots
finding-pubmed-42275945,pubmed-42275945,42275945,10.1016/j.nut.2026.113286,Early changes in body composition with tirzepatide in adults with obesity: a real-world BIA study.,glp1-weight-cardiometabolic,metadata_only_needs_classification,human,E,retired_from_active_findings,topic_capacity_limit,2026-10-01,Git history and prior public-data snapshots
finding-pubmed-42276364,pubmed-42276364,42276364,10.1016/j.avsg.2026.05.107,Long-Term Durability of TEVAR for Blunt Traumatic Aortic Injury in Young Patients.,blood-pressure-aging,human_cohort,human,B,retired_from_active_findings,title_topic_signal_missing,2026-10-01,Git history and prior public-data snapshots
finding-pubmed-42276457,pubmed-42276457,42276457,10.1016/j.amjms.2026.06.007,Positive airway pressure therapy in the prevention of obstructive sleep apnea associated cardiovascular disease: Controversy.,sleep-aging,narrative_review,human,E,retired_from_active_findings,topic_capacity_limit,2026-10-01,Git history and prior public-data snapshots
finding-pubmed-42276742,pubmed-42276742,42276742,10.1183/13993003.01557-2025,Progressive pulmonary fibrosis: a state-of-the-art review.,physical-activity-healthspan,narrative_review,human,E,retired_from_active_findings,title_topic_signal_missing,2026-10-01,Git history and prior public-data snapshots
finding-pubmed-42284964,pubmed-42284964,42284964,10.1016/j.sleep.2026.109072,Overnight sleep features and next-morning brain metabolism in older adults.,sleep-aging,metadata_only_needs_classification,human,E,retired_from_active_findings,topic_capacity_limit,2026-10-01,Git history and prior public-data snapshots
finding-pubmed-42284965,pubmed-42284965,42284965,10.1016/j.sleep.2026.109082,"Circadian behaviors and genetic architecture: independent and interactive associations of time-restricted eating window, sleep duration, and CLOCK variants with metabolic risk.",time-restricted-eating,metadata_only_needs_classification,human,E,retired_from_active_findings,topic_capacity_limit,2026-10-01,Git history and prior public-data snapshots
finding-pubmed-42285015,pubmed-42285015,42285015,10.1016/j.jcrc.2026.155649,"Implementation and evaluation of the multidisciplinary ""ABCDEF of sleep"" protocol in Brazilian intensive care units: A quasi-experimental study. Results of a two-phase.",sleep-aging,protocol_or_registered_plan,human,E,retired_from_active_findings,protocol_or_registered_plan,2026-10-01,Git history and prior public-data snapshots
finding-pubmed-42285179,pubmed-42285179,42285179,10.1016/j.jvs.2026.05.011,When to stop: Optimizing abdominal aortic aneurysm surveillance in the elderly.,blood-pressure-aging,metadata_only_needs_classification,human,E,retired_from_active_findings,title_topic_signal_missing,2026-10-01,Git history and prior public-data snapshots
finding-pubmed-42285186,pubmed-42285186,42285186,10.1016/j.jvs.2026.06.003,A score system to determine the 5-year survival in patients with asymptomatic carotid stenosis under best medical therapy: Results from the Carotid Asymptomatic Stenosis study.,blood-pressure-aging,metadata_only_needs_classification,human,E,retired_from_active_findings,title_topic_signal_missing,2026-10-01,Git history and prior public-data snapshots
finding-pubmed-42286315,pubmed-42286315,42286315,10.1038/s41391-026-01128-1,Association between concomitant ACEI/ARBs use and survival of patients with prostate cancer receiving abiraterone acetate: A post-hoc analysis of two randomized trials.,blood-pressure-aging,human_randomized_or_clinical_trial,human,C,retired_from_active_findings,title_topic_signal_missing,2026-10-01,Git history and prior public-data snapshots
finding-pubmed-42288219,pubmed-42288219,42288219,10.1016/j.ijcard.2026.134613,Echocardiographic correlates of acute kidney injury in cardiac intensive care unit patients.,blood-pressure-aging,metadata_only_needs_classification,human,E,retired_from_active_findings,title_topic_signal_missing,2026-10-01,Git history and prior public-data snapshots
finding-pubmed-42288258,pubmed-42288258,42288258,10.1016/j.clnesp.2026.103406,Impact of preoperative muscle mass deficit and myosteatosis on postoperative short-term outcomes after esophageal or pancreatic cancer surgery.,resistance-training-muscle,human_cohort,human,B,retired_from_active_findings,topic_scope_mismatch,2026-10-01,Git history and prior public-data snapshots
finding-pubmed-42288260,pubmed-42288260,42288260,10.1016/j.amjms.2026.06.013,"Frailty and heart failure: Clinical impact, biomarkers, and phenotypic differences.",resistance-training-muscle,narrative_review,human,E,retired_from_active_findings,topic_scope_mismatch,2026-10-01,Git history and prior public-data snapshots
finding-pubmed-42296895,pubmed-42296895,42296895,10.1016/j.sleep.2026.109085,Clinical profile of responders to adaptive servo-ventilation: a cluster analysis from the READ-ASV European cohort.,sleep-aging,human_cohort,human,B,retired_from_active_findings,title_topic_signal_missing,2026-10-01,Git history and prior public-data snapshots
finding-pubmed-42297346,pubmed-42297346,42297346,10.1016/j.avsg.2026.05.087,Sarcopenia is an Independent Predictor of All-Cause Death and Major Adverse Cardiovascular Events in Patients with Peripheral Arterial Disease.,resistance-training-muscle,human_cohort,human,B,retired_from_active_findings,topic_scope_mismatch,2026-10-01,Git history and prior public-data snapshots
finding-pubmed-42297625,pubmed-42297625,42297625,10.1519/JSC.0000000000005497,"A Comparison of Fixed Percentage of One-Repetition Maximum, Rating of Perceived Exertion, and Last Repetition Velocity-Based Training Load Prescription on Muscular Adaptations in Older Adults.",resistance-training-muscle,human_randomized_or_clinical_trial,human,B,retired_from_active_findings,title_topic_signal_missing,2026-10-01,Git history and prior public-data snapshots
finding-pubmed-42300332,pubmed-42300332,42300332,10.1080/07357907.2026.2680666,The Association of NSCLC and Dementia - A Population-Based Cohort Study in Taiwan.,blood-pressure-aging,human_cohort,human,C,retired_from_active_findings,title_topic_signal_missing,2026-10-01,Git history and prior public-data snapshots
finding-pubmed-42302367,pubmed-42302367,42302367,10.1016/j.sleep.2026.109076,"Structured sleep optimization during immune checkpoint inhibitor therapy and its association with sleep quality, immune dynamics, and survival: A prospective cohort study.",sleep-aging,human_cohort,human,C,retired_from_active_findings,topic_capacity_limit,2026-10-01,Git history and prior public-data snapshots
finding-pubmed-42303499,pubmed-42303499,42303499,10.1016/j.numecd.2026.104821,A GRADE-assessed systematic review and meta-analysis of randomized controlled trials evaluating the effects of olive leaf or olive pomace supplementation on cardiometabolic and anthropometric health markers.,blood-pressure-aging,systematic_review_or_meta_analysis,human,A,retired_from_active_findings,title_topic_signal_missing,2026-10-01,Git history and prior public-data snapshots
finding-pubmed-42309183,pubmed-42309183,42309183,10.1016/j.brainres.2026.150432,cGAS-STING signaling pathway: a central pathological mechanism and emerging therapeutic target for postoperative cognitive dysfunction.,autophagy-mitophagy,narrative_review,human,E,retired_from_active_findings,title_topic_signal_missing,2026-10-01,Git history and prior public-data snapshots
finding-pubmed-42309243,pubmed-42309243,42309243,10.1016/j.neuint.2026.106204,Ayurvedic Herbs as neurogenesis modulators: Current understanding on their potential therapeutic relevance in enhancing neuroplasticity and cognition in aging and neurodegeneration.,microbiome-inflammaging,narrative_review,human,E,retired_from_active_findings,title_topic_signal_missing,2026-10-01,Git history and prior public-data snapshots
finding-pubmed-42309359,pubmed-42309359,42309359,10.1016/j.freeradbiomed.2026.06.032,RNF10 attenuates age-related muscle atrophy by promoting p53 degradation and alleviating oxidative stress.,resistance-training-muscle,animal_study,mouse,D,retired_from_active_findings,title_topic_signal_missing,2026-10-01,Git history and prior public-data snapshots
finding-pubmed-42313336,pubmed-42313336,42313336,10.1007/s11096-026-02170-8,Evidence on interventions that target prescribing appropriateness in older adults attending the emergency department and other acute care settings: a scoping review.,resistance-training-muscle,narrative_review,human,E,retired_from_active_findings,title_topic_signal_missing,2026-10-01,Git history and prior public-data snapshots
finding-pubmed-42314072,pubmed-42314072,42314072,10.1002/arj.70370,Glucagon-Like Peptide-1 Receptor Agonist Use in Obese Patients Is Associated With Decreased Risk of Revision and Retears After Arthroscopic Rotator Cuff Repair.,glp1-weight-cardiometabolic,metadata_only_needs_classification,human,E,retired_from_active_findings,title_topic_signal_missing,2026-10-01,Git history and prior public-data snapshots
finding-pubmed-42314306,pubmed-42314306,42314306,10.1016/j.nut.2026.113298,Lipocalin 2 is associated with malnutrition risk and poor prognosis of decompensated cirrhosis.,resistance-training-muscle,metadata_only_needs_classification,human,E,retired_from_active_findings,title_topic_signal_missing,2026-10-01,Git history and prior public-data snapshots
finding-pubmed-42314356,pubmed-42314356,42314356,10.1016/j.sleep.2026.109052,Expressed nocturnal high loop gain during sleep is associated with lower incident chronic airway disease and lung disease related mortality.,sleep-aging,metadata_only_needs_classification,human,E,retired_from_active_findings,topic_capacity_limit,2026-10-01,Git history and prior public-data snapshots
finding-pubmed-42314542,pubmed-42314542,42314542,10.1016/j.clineuro.2026.109544,High mean arterial pressure after reperfusion is associated with unfavorable functional outcome in patients with acute ischemic stroke: A post hoc study of BAST trial.,blood-pressure-aging,human_randomized_or_clinical_trial,human,B,retired_from_active_findings,title_topic_signal_missing,2026-10-01,Git history and prior public-data snapshots
finding-pubmed-42315016,pubmed-42315016,42315016,10.1016/j.kint.2026.05.015,A cluster randomized controlled trial (GOAL trial) evaluated a comprehensive geriatric assessment for frail older people with chronic kidney disease.,resistance-training-muscle,human_randomized_or_clinical_trial,human,C,retired_from_active_findings,topic_scope_mismatch,2026-10-01,Git history and prior public-data snapshots
finding-pubmed-42315026,pubmed-42315026,42315026,10.1016/j.jtha.2026.06.012,Long-term real-world effectiveness and safety of edoxaban in chronic thromboembolic pulmonary hypertension: a nationwide registry study.,blood-pressure-aging,metadata_only_needs_classification,human,E,retired_from_active_findings,topic_scope_mismatch,2026-10-01,Git history and prior public-data snapshots
finding-pubmed-42315031,pubmed-42315031,42315031,10.1016/j.avsg.2026.05.103,A Systematic Review of Literature to Assess the Role and Utilization of Palliative Care in Vascular Surgery Patients.,resistance-training-muscle,systematic_review_or_meta_analysis,human,A,retired_from_active_findings,title_topic_signal_missing,2026-10-01,Git history and prior public-data snapshots
finding-pubmed-42317029,pubmed-42317029,42317029,10.1177/0272989X261455313,A Microsimulation Model for Chronic Kidney Disease Progression in Type 2 Diabetes Patients in the United States: Michigan Model for Diabetes-Chronic Kidney Disease Model.,blood-pressure-aging,metadata_only_needs_classification,human,E,retired_from_active_findings,title_topic_signal_missing,2026-10-01,Git history and prior public-data snapshots
finding-pubmed-42319346,pubmed-42319346,42319346,10.1111/imm.70161,Epigenetic Gene Networks Governing Immune State Transitions Across the Lifespan.,microbiome-inflammaging,narrative_review,human,E,retired_from_active_findings,title_topic_signal_missing,2026-10-01,Git history and prior public-data snapshots
finding-pubmed-42319647,pubmed-42319647,42319647,10.1007/s10157-026-02900-2,Impact of frailty on prognosis in elderly patients with organ-threatening ANCA-associated vasculitis.,resistance-training-muscle,metadata_only_needs_classification,human,E,retired_from_active_findings,topic_scope_mismatch,2026-10-01,Git history and prior public-data snapshots
finding-pubmed-42320142,pubmed-42320142,42320142,10.1016/j.ejrad.2026.112991,Lower-Leg muscle index Identifies High-Risk Peripheral artery disease Patients: Mortality prediction via Machine learning.,resistance-training-muscle,human_cohort,human,B,retired_from_active_findings,title_topic_signal_missing,2026-10-01,Git history and prior public-data snapshots
finding-pubmed-42320566,pubmed-42320566,42320566,10.1016/j.clnesp.2026.103400,"Nutritional status, mortality and kidney disease progression in older patients with advanced chronic kidney disease.",blood-pressure-aging,metadata_only_needs_classification,human,E,retired_from_active_findings,title_topic_signal_missing,2026-10-01,Git history and prior public-data snapshots
finding-pubmed-42320567,pubmed-42320567,42320567,10.1016/j.clnesp.2026.103419,"Associations of neutrophil-to-lymphocyte, monocyte-to-lymphocyte, and platelet-to-lymphocyte ratios with cancer incidence in type 2 diabetes.",microbiome-inflammaging,human_cohort,human,B,retired_from_active_findings,title_topic_signal_missing,2026-10-01,Git history and prior public-data snapshots
finding-pubmed-42322116,pubmed-42322116,42322116,10.1182/blood.2025030663,Expanded antigen-specific donor regulatory T cells for GVHD prevention.,rapamycin-mtor-aging,animal_study,animal,D,retired_from_active_findings,title_topic_signal_missing,2026-10-01,Git history and prior public-data snapshots
finding-pubmed-42322794,pubmed-42322794,42322794,10.1016/j.prp.2026.156593,"Inflammatory cell death networks in osteoporosis: Mechanisms of pyroptosis, ferroptosis, and their crosstalk with apoptosis, autophagy, and PANoptosis in bone immune remodeling.",autophagy-mitophagy,narrative_review,human,E,retired_from_active_findings,topic_scope_mismatch,2026-10-01,Git history and prior public-data snapshots
finding-pubmed-42323055,pubmed-42323055,42323055,10.1016/j.bbi.2026.106878,Pre-injury hypercholesterolemia is associated with microbiota-associated neurobehavioral vulnerability following traumatic brain injury.,microbiome-inflammaging,animal_study,animal,D,retired_from_active_findings,topic_scope_mismatch,2026-10-01,Git history and prior public-data snapshots
finding-pubmed-42324672,pubmed-42324672,42324672,10.1111/acps.70120,"Use of Glucagon-Like Peptide 1 Receptor Agonists and the Associated Risk of Hospitalisation in Bipolar Disorder, From a Nationwide Cohort, 2009-2024.",glp1-weight-cardiometabolic,human_cohort,human,C,retired_from_active_findings,title_topic_signal_missing,2026-10-01,Git history and prior public-data snapshots
finding-pubmed-42330731,pubmed-42330731,42330731,10.1016/j.artmed.2026.103475,A self-supervised learning framework with hierarchical residual cross fusion network for sleep apnea detection.,sleep-aging,metadata_only_needs_classification,human,E,retired_from_active_findings,topic_capacity_limit,2026-10-01,Git history and prior public-data snapshots
finding-pubmed-42330864,pubmed-42330864,42330864,10.1016/j.psychres.2026.117299,Long-term antipsychotic use and cardiometabolic adverse effects in adults with non-psychotic disorders: A systematic review.,physical-activity-healthspan,systematic_review_or_meta_analysis,human,A,retired_from_active_findings,title_topic_signal_missing,2026-10-01,Git history and prior public-data snapshots
finding-pubmed-42331608,pubmed-42331608,42331608,10.1111/ejh.70248,Beyond Frailty Scores: Unmet Needs and Tailored Treatment Strategies in Patients With Chronic Lymphocytic Leukemia Aged ≥ 80 Years.,resistance-training-muscle,narrative_review,human,E,retired_from_active_findings,topic_scope_mismatch,2026-10-01,Git history and prior public-data snapshots
finding-pubmed-42332158,pubmed-42332158,42332158,10.1007/s10620-026-10056-y,Recompensation and Further Decompensation After Index Decompensation in Patients with Autoimmune Hepatitis: A Real-World Study.,blood-pressure-aging,metadata_only_needs_classification,human,E,retired_from_active_findings,title_topic_signal_missing,2026-10-01,Git history and prior public-data snapshots
finding-pubmed-42335506,pubmed-42335506,42335506,10.1016/j.msksp.2026.103603,"Association between peak torque, acceleration time and avoidance behavior in individuals with chronic shoulder pain: A cross-sectional study.",resistance-training-muscle,metadata_only_needs_classification,needs_review,E,retired_from_active_findings,title_topic_signal_missing,2026-10-01,Git history and prior public-data snapshots
finding-pubmed-42336239,pubmed-42336239,42336239,10.1016/j.clnesp.2026.103422,"Precision nutrition and chronic disease: Integrating genomics, microbiome, and digital health for personalized dietary interventions.",microbiome-inflammaging,narrative_review,human,E,retired_from_active_findings,topic_scope_mismatch,2026-10-01,Git history and prior public-data snapshots
finding-pubmed-42340299,pubmed-42340299,42340299,10.1097/TP.0000000000005813,Metabolic Dysfunction-associated Liver Disease Associated With Poor Food Access and Geographic hot Spots Among Liver Transplant Candidates.,resistance-training-muscle,metadata_only_needs_classification,human,E,retired_from_active_findings,title_topic_signal_missing,2026-10-01,Git history and prior public-data snapshots
finding-pubmed-42340623,pubmed-42340623,42340623,10.1007/s40618-026-02947-8,Clinical and pathological features of oncocytic adrenocortical carcinoma: a retrospective comparative study.,blood-pressure-aging,metadata_only_needs_classification,human,E,retired_from_active_findings,title_topic_signal_missing,2026-10-01,Git history and prior public-data snapshots
finding-pubmed-42341710,pubmed-42341710,42341710,10.1016/j.ijnurstu.2026.105619,The effects of episodic future thinking interventions on cardiovascular health behaviors: A meta-analysis.,physical-activity-healthspan,systematic_review_or_meta_analysis,human,E,retired_from_active_findings,title_topic_signal_missing,2026-10-01,Git history and prior public-data snapshots
finding-pubmed-42341764,pubmed-42341764,42341764,10.1080/07420528.2026.2679138,Heart rate variability and heart rate fragmentation among shift workers: The Multi-Ethnic Study of Atherosclerosis.,sleep-aging,metadata_only_needs_classification,human,E,retired_from_active_findings,title_topic_signal_missing,2026-10-01,Git history and prior public-data snapshots
finding-pubmed-42341897,pubmed-42341897,42341897,10.1016/j.expneurol.2026.115891,Programmed axon degeneration gene variants in human disease.,nad-nmn-nr-aging,narrative_review,human,E,retired_from_active_findings,title_topic_signal_missing,2026-10-01,Git history and prior public-data snapshots
finding-pubmed-42342489,pubmed-42342489,42342489,10.1016/j.soard.2026.05.027,Glucagon-like peptide-1 receptor agonists as a metabolic optimization strategy in surgical prehabilitation: a translational perspective.,glp1-weight-cardiometabolic,narrative_review,human,E,retired_from_active_findings,title_topic_signal_missing,2026-10-01,Git history and prior public-data snapshots
finding-pubmed-42349695,pubmed-42349695,42349695,10.1016/j.annepidem.2026.110151,"GLP-1 receptor agonist medications for weight loss: Sociodemographic patterns of awareness, use, and access in a U.S. national cohort.",glp1-weight-cardiometabolic,human_cohort,human,C,retired_from_active_findings,topic_capacity_limit,2026-10-01,Git history and prior public-data snapshots
finding-pubmed-42360485,pubmed-42360485,42360485,10.1007/s00395-026-01192-7,Functional rejuvenation of endothelial cell aging by transient reprogramming.,partial-reprogramming,animal_study,mouse,D,retired_from_active_findings,title_topic_signal_missing,2026-10-01,Git history and prior public-data snapshots
finding-pubmed-42361658,pubmed-42361658,42361658,10.1016/j.sleep.2026.109090,Sleep apnea physiology and MRI-enlarged perivascular spaces in community-dwelling adults.,sleep-aging,metadata_only_needs_classification,human,E,retired_from_active_findings,topic_capacity_limit,2026-10-01,Git history and prior public-data snapshots
finding-pubmed-42362126,pubmed-42362126,42362126,10.1016/j.cpcardiol.2026.103388,Evolving paradigms in cardiovascular pharmacology: advances and clinical significance.,blood-pressure-aging,narrative_review,human,E,retired_from_active_findings,title_topic_signal_missing,2026-10-01,Git history and prior public-data snapshots
finding-pubmed-42362132,pubmed-42362132,42362132,10.1016/j.cpcardiol.2026.103392,Disparities in healthcare access and treatment outcomes for patients with chronic limb-threatening ischemia.,blood-pressure-aging,narrative_review,human,E,retired_from_active_findings,title_topic_signal_missing,2026-10-01,Git history and prior public-data snapshots
finding-pubmed-42364866,pubmed-42364866,42364866,10.1016/j.envpol.2026.128656,Co-exposure to environmental lead and hypertension exacerbates anxiety and depression via mtDNA-mediated cGAS phase separation.,senolytics,animal_study,mouse,D,retired_from_active_findings,title_topic_signal_missing,2026-10-01,Git history and prior public-data snapshots
finding-pubmed-42365707,pubmed-42365707,42365707,10.1016/j.cmpb.2026.109533,Explainable machine learning models predict liver fibrosis risk and outcome in the general population: Development and multi-cohort external validation.,blood-pressure-aging,human_cohort,human,B,retired_from_active_findings,title_topic_signal_missing,2026-10-01,Git history and prior public-data snapshots
finding-pubmed-42372344,pubmed-42372344,42372344,10.1016/j.schres.2026.06.021,Weight loss and gut microbial changes associated with semaglutide among people living with schizophrenia receiving clozapine or olanzapine: An open-label 24-week semaglutide intervention and 76-week trial.,glp1-weight-cardiometabolic,metadata_only_needs_classification,human,E,retired_from_active_findings,topic_capacity_limit,2026-10-01,Git history and prior public-data snapshots
finding-pubmed-42372938,pubmed-42372938,42372938,10.1053/j.ajkd.2026.01.022,Palliative Dialysis: Putting the Person First in Dialysis Care.,resistance-training-muscle,narrative_review,human,E,retired_from_active_findings,title_topic_signal_missing,2026-10-01,Git history and prior public-data snapshots
finding-pubmed-42373885,pubmed-42373885,42373885,10.1007/s11357-026-02362-0,"Study protocol for FAXAge: a randomized, controlled clinical trial of fasting and exercise to slow aging in humans.",physical-activity-healthspan,protocol_or_registered_plan,human,E,retired_from_active_findings,non_result_publication_title,2026-10-01,Git history and prior public-data snapshots
finding-pubmed-42377286,pubmed-42377286,42377286,10.1016/j.jopan.2026.04.001,The Relationship Between Surgical Fear and Sleep Before Open-heart Surgery: A Descriptive Approach.,sleep-aging,metadata_only_needs_classification,human,E,retired_from_active_findings,topic_capacity_limit,2026-10-01,Git history and prior public-data snapshots
finding-pubmed-42377802,pubmed-42377802,42377802,10.1007/s12928-026-01315-w,Differential impact of institutional procedural volume on outcomes of transcatheter and surgical strategies for concomitant aortic stenosis and coronary artery disease: a nationwide registry study.,resistance-training-muscle,human_cohort,human,B,retired_from_active_findings,title_topic_signal_missing,2026-10-01,Git history and prior public-data snapshots
finding-pubmed-42378828,pubmed-42378828,42378828,10.1016/j.semarthrit.2026.153024,Fibrosing myopathy in systemic sclerosis: Treatment response and clinical outcomes in a distinct subset.,resistance-training-muscle,metadata_only_needs_classification,human,E,retired_from_active_findings,title_topic_signal_missing,2026-10-01,Git history and prior public-data snapshots
finding-pubmed-42379353,pubmed-42379353,42379353,10.3168/jds.2026-28482,"Incorporating feed efficiency, methane emissions, and ruminal microbiome into economic selection indices in Spanish Holstein cattle.",microbiome-inflammaging,animal_study,animal,D,retired_from_active_findings,topic_scope_mismatch,2026-10-01,Git history and prior public-data snapshots
finding-pubmed-42384023,pubmed-42384023,42384023,10.1111/add.70518,Alcohol consumption and the risks of morbidity and mortality across 39 diseases and conditions: A population-based cohort study in Korea.,physical-activity-healthspan,human_cohort,human,B,retired_from_active_findings,title_topic_signal_missing,2026-10-01,Git history and prior public-data snapshots
finding-pubmed-42385437,pubmed-42385437,42385437,10.1016/j.sleep.2026.109097,Sleep disturbances in patients with vasculitis.,sleep-aging,metadata_only_needs_classification,human,E,retired_from_active_findings,topic_capacity_limit,2026-10-01,Git history and prior public-data snapshots
finding-pubmed-42385528,pubmed-42385528,42385528,10.1016/j.jocn.2026.112176,Clinical and CT perfusion outcomes after direct STA-MCA bypass in moyamoya and non-moyamoya steno-occlusive disease: an Indonesian single-center cohort.,blood-pressure-aging,human_cohort,human,B,retired_from_active_findings,title_topic_signal_missing,2026-10-01,Git history and prior public-data snapshots
finding-pubmed-42385795,pubmed-42385795,42385795,10.1016/j.freeradbiomed.2026.06.060,A critical role for mitochondrial dynamics in cigarette smoke condensate-induced RPE senescence.,autophagy-mitophagy,animal_study,mouse,D,retired_from_active_findings,title_topic_signal_missing,2026-10-01,Git history and prior public-data snapshots
finding-pubmed-42386418,pubmed-42386418,42386418,10.1016/j.surg.2026.110369,Incretin-based therapies and altered myocardial metabolism in a swine model of ischemic heart disease in the setting of metabolic syndrome.,glp1-weight-cardiometabolic,animal_study,animal,D,retired_from_active_findings,title_topic_signal_missing,2026-10-01,Git history and prior public-data snapshots
finding-pubmed-42387259,pubmed-42387259,42387259,10.1111/joor.70251,"Association of Fried Frailty Phenotype With Occlusal Status, Health-Related Quality of Life, and Nutritional Status Among Older Adults Living in Long-Term Care.",resistance-training-muscle,metadata_only_needs_classification,human,E,retired_from_active_findings,topic_scope_mismatch,2026-10-01,Git history and prior public-data snapshots
finding-pubmed-42387913,pubmed-42387913,42387913,10.1002/ncp.70144,Assessment of sarcopenia in patients with Takayasu arteritis: A cross-sectional observational study.,resistance-training-muscle,metadata_only_needs_classification,human,E,retired_from_active_findings,topic_scope_mismatch,2026-10-01,Git history and prior public-data snapshots
finding-pubmed-42389061,pubmed-42389061,42389061,10.1016/j.jcot.2026.103540,Association of preoperative modified frailty Index-5 with 30-day mortality and complications in elderly hip fracture surgery: A prospective observational study.,resistance-training-muscle,metadata_only_needs_classification,human,E,retired_from_active_findings,topic_scope_mismatch,2026-10-01,Git history and prior public-data snapshots
finding-pubmed-42390334,pubmed-42390334,42390334,10.1158/1055-9965.EPI-26-0066,Genetically Proxied Inhibition of Cholesterol-Lowering Drug Targets and Survival in HPV-Positive and Non-HPV-Driven Head and Neck Cancer: A Multicentre MR Study.,ldl-apob-cardiovascular-risk,metadata_only_needs_classification,human,E,retired_from_active_findings,topic_capacity_limit,2026-10-01,Git history and prior public-data snapshots
finding-pubmed-42392409,pubmed-42392409,42392409,10.1016/j.arr.2026.103225,"Macrophage Senescence and Programmed Cell Death in Atherosclerosis: Mechanisms, Cross-Talk, and Emerging Therapeutic Strategies.",rapamycin-mtor-aging,narrative_review,cell,E,retired_from_active_findings,title_topic_signal_missing,2026-10-01,Git history and prior public-data snapshots
finding-pubmed-42392543,pubmed-42392543,42392543,10.1016/j.clnesp.2026.103448,Real-time prediction of rapid weight change in children with cystic fibrosis who have initiated modulator therapy.,resistance-training-muscle,human_cohort,human,B,retired_from_active_findings,title_topic_signal_missing,2026-10-01,Git history and prior public-data snapshots
finding-pubmed-42393428,pubmed-42393428,42393428,10.1007/s11357-026-02394-6,PROMETHEUS clinical trial protocol: tailoring healthy ageing with lifestyle and nutraceuticals.,resistance-training-muscle,protocol_or_registered_plan,human,E,retired_from_active_findings,non_result_publication_title,2026-10-01,Git history and prior public-data snapshots
finding-pubmed-42396734,pubmed-42396734,42396734,10.1111/dom.71075,Early Weight Regain After GLP-1 Receptor Agonist Discontinuation: Mechanisms and Implications for Treatment De-Escalation Strategies.,glp1-weight-cardiometabolic,narrative_review,human,E,retired_from_active_findings,topic_capacity_limit,2026-10-01,Git history and prior public-data snapshots
finding-pubmed-42398585,pubmed-42398585,42398585,10.1016/j.clnesp.2026.103436,Association of serum albumin redox state with dietary protein intake and frailty in older adults: A cross-sectional study.,resistance-training-muscle,metadata_only_needs_classification,human,E,retired_from_active_findings,topic_scope_mismatch,2026-10-01,Git history and prior public-data snapshots
finding-pubmed-42398629,pubmed-42398629,42398629,10.1016/j.envpol.2026.128702,Sublethal effects of field-recommended glyphosate exposure on the predatory insect Arma chinensis: Growth inhibition and reproductive costs.,microbiome-inflammaging,metadata_only_needs_classification,human,E,retired_from_active_findings,title_topic_signal_missing,2026-10-01,Git history and prior public-data snapshots
finding-pubmed-42398646,pubmed-42398646,42398646,10.1123/jpah.2025-0892,Daily Steps and Life Expectancy: A Life Table Analysis of a Population-Representative Sample.,physical-activity-healthspan,metadata_only_needs_classification,human,E,retired_from_active_findings,title_topic_signal_missing,2026-10-01,Git history and prior public-data snapshots
finding-pubmed-42398771,pubmed-42398771,42398771,10.1016/j.arr.2026.103227,Systemic recalibration and epigenetic resetting as complementary strategies in ageing biology.,partial-reprogramming,narrative_review,human,E,retired_from_active_findings,title_topic_signal_missing,2026-10-01,Git history and prior public-data snapshots
finding-pubmed-42398794,pubmed-42398794,42398794,10.1053/j.ajkd.2026.01.023,High-Protein Diets: What to Tell Our Patients.,resistance-training-muscle,narrative_review,human,E,retired_from_active_findings,title_topic_signal_missing,2026-10-01,Git history and prior public-data snapshots
finding-pubmed-42399091,pubmed-42399091,42399091,10.1136/bjsports-2025-111452,Do blood flow restriction exercises offer additional benefits when compared to conventional exercises in musculoskeletal rehabilitation? A systematic review and meta-analysis.,resistance-training-muscle,systematic_review_or_meta_analysis,human,A,retired_from_active_findings,title_topic_signal_missing,2026-10-01,Git history and prior public-data snapshots
finding-pubmed-42399449,pubmed-42399449,42399449,10.1007/s00330-026-12677-3,Body composition's effect on the bone-vascular axis of osteoporosis discovered in AI-based CT analysis of COPD patients.,resistance-training-muscle,metadata_only_needs_classification,human,E,retired_from_active_findings,title_topic_signal_missing,2026-10-01,Git history and prior public-data snapshots
finding-pubmed-42400654,pubmed-42400654,42400654,10.1007/s00406-026-02318-7,Effects of xanomeline-trospium on the gut-lung microbiota axis and susceptibility to LPS-induced acute lung injury in male and female mice.,microbiome-inflammaging,animal_study,mouse,D,retired_from_active_findings,topic_scope_mismatch,2026-10-01,Git history and prior public-data snapshots
finding-pubmed-42400735,pubmed-42400735,42400735,10.1007/s11154-026-10069-y,Exercise remodels the skeletal muscle immune microenvironment to ameliorate type 2 diabetes mellitus-induced muscle atrophy: From immunometabolism to organ crosstalk.,physical-activity-healthspan,narrative_review,human,E,retired_from_active_findings,topic_capacity_limit,2026-10-01,Git history and prior public-data snapshots
finding-pubmed-42400988,pubmed-42400988,42400988,10.1016/j.identj.2026.109710,Dentition Status and Denture Use in Relation to Later-Life Health Transitions in Older Chinese Adults.,resistance-training-muscle,metadata_only_needs_classification,human,E,retired_from_active_findings,title_topic_signal_missing,2026-10-01,Git history and prior public-data snapshots
finding-pubmed-42401265,pubmed-42401265,42401265,10.1016/j.arr.2026.103224,Effects of nutritional interventions on biomarkers of cellular senescence in humans: A systematic review.,caloric-restriction-human,systematic_review_or_meta_analysis,human,E,retired_from_active_findings,title_topic_signal_missing,2026-10-01,Git history and prior public-data snapshots
finding-pubmed-42401477,pubmed-42401477,42401477,10.1016/j.aca.2026.345822,Integrated multi-matrix bile acid metabolic metrics (BAMMs): A methodological framework for functional metabolic phenotyping in human subjects.,microbiome-inflammaging,metadata_only_needs_classification,human,E,retired_from_active_findings,title_topic_signal_missing,2026-10-01,Git history and prior public-data snapshots
finding-pubmed-42401514,pubmed-42401514,42401514,10.1016/j.dld.2026.06.010,GLP-1 receptor agonists in pediatric obesity.,glp1-weight-cardiometabolic,narrative_review,human,E,retired_from_active_findings,topic_capacity_limit,2026-10-01,Git history and prior public-data snapshots
finding-pubmed-42403452,pubmed-42403452,42403452,10.1016/j.ajpc.2026.101665,Incidence and risk factors for aortic dissection in a community-based cohorts: The Atherosclerosis Risk in Communities (ARIC) and Multi-Ethnic Study of Atherosclerosis (MESA) studies.,blood-pressure-aging,human_cohort,human,C,retired_from_active_findings,title_topic_signal_missing,2026-10-01,Git history and prior public-data snapshots
finding-pubmed-42403476,pubmed-42403476,42403476,10.1016/j.ajpc.2026.101639,Impact of risk factor burden and vascular bed involvement on dementia risk in individuals with established cardiovascular disease.,blood-pressure-aging,metadata_only_needs_classification,human,E,retired_from_active_findings,title_topic_signal_missing,2026-10-01,Git history and prior public-data snapshots
finding-pubmed-42407202,pubmed-42407202,42407202,10.1016/j.nut.2026.113330,Impact of creatine supplementation alone or combined with exercise on inflammatory and clinical outcomes in chronic musculoskeletal pain treated in the rheumatological field: a systematic review.,resistance-training-muscle,systematic_review_or_meta_analysis,human,A,retired_from_active_findings,title_topic_signal_missing,2026-10-01,Git history and prior public-data snapshots
finding-pubmed-42407322,pubmed-42407322,42407322,10.1016/j.jocn.2026.112177,Impact of patient frailty on outcome after resection of non-skull-base meningiomas.,resistance-training-muscle,metadata_only_needs_classification,human,E,retired_from_active_findings,topic_scope_mismatch,2026-10-01,Git history and prior public-data snapshots
finding-pubmed-42407327,pubmed-42407327,42407327,10.1016/j.sleep.2026.109109,Restless legs syndrome determines whether periodic limb movements are associated with altered lipid profiles in sleep-disordered breathing.,sleep-aging,metadata_only_needs_classification,human,E,retired_from_active_findings,topic_capacity_limit,2026-10-01,Git history and prior public-data snapshots
finding-pubmed-42407328,pubmed-42407328,42407328,10.1016/j.sleep.2026.109111,Anthropometric indices with high sensitivity for moderate-to-severe obstructive sleep Apnea: A sex-stratified diagnostic accuracy study based on the ESADA cohort.,sleep-aging,human_cohort,human,C,retired_from_active_findings,topic_capacity_limit,2026-10-01,Git history and prior public-data snapshots
finding-pubmed-42409106,pubmed-42409106,42409106,10.1016/j.envpol.2026.128708,"Ozone induced pulmonary injury and respiratory dysfunction: Evidence, underlying mechanism and target investigation.",autophagy-mitophagy,animal_study,mouse,D,retired_from_active_findings,title_topic_signal_missing,2026-10-01,Git history and prior public-data snapshots
finding-pubmed-42409186,pubmed-42409186,42409186,10.1016/j.brainresbull.2026.112029,Global Research Trends and Mechanistic Insights of Sirtuins in Alzheimer's Disease: A Bibliometric and Translational Review.,rapamycin-mtor-aging,narrative_review,human,E,retired_from_active_findings,title_topic_signal_missing,2026-10-01,Git history and prior public-data snapshots
finding-pubmed-42409274,pubmed-42409274,42409274,10.1016/j.joca.2026.06.014,Epidemiology of osteoarthritis: 2026 update of the evidence.,resistance-training-muscle,narrative_review,human,E,retired_from_active_findings,title_topic_signal_missing,2026-10-01,Git history and prior public-data snapshots
finding-pubmed-42409289,pubmed-42409289,42409289,10.1016/j.arr.2026.103240,"Aging of mesenchymal stem cells in bone aging: Mechanisms, impact, and therapeutic perspectives.",senolytics,narrative_review,human,E,retired_from_active_findings,title_topic_signal_missing,2026-10-01,Git history and prior public-data snapshots
finding-pubmed-42409290,pubmed-42409290,42409290,10.1016/j.arr.2026.103238,From organ age gaps to precision geromedicine: Multi-omic and imaging frameworks for heterogeneous biological aging.,resistance-training-muscle,narrative_review,human,E,retired_from_active_findings,title_topic_signal_missing,2026-10-01,Git history and prior public-data snapshots
finding-pubmed-42409418,pubmed-42409418,42409418,10.1080/17843286.2026.2700510,Renal AA amyloidosis associated with a TRAPS-like autoinflammatory phenotype and TNFRSF1A R92Q variant in adulthood.,microbiome-inflammaging,metadata_only_needs_classification,human,E,retired_from_active_findings,title_topic_signal_missing,2026-10-01,Git history and prior public-data snapshots
finding-pubmed-42412366,pubmed-42412366,42412366,10.1007/s10877-026-01466-4,Automated estimation of the logistic curve model of cerebral CO(2) vasomotor reactivity.,blood-pressure-aging,metadata_only_needs_classification,human,E,retired_from_active_findings,title_topic_signal_missing,2026-10-01,Git history and prior public-data snapshots
finding-pubmed-42413191,pubmed-42413191,42413191,10.1016/j.cytogfr.2026.07.001,Retinoid dynamics in immune cells during age-related diseases.,microbiome-inflammaging,narrative_review,cell,E,retired_from_active_findings,title_topic_signal_missing,2026-10-01,Git history and prior public-data snapshots
finding-pubmed-42413217,pubmed-42413217,42413217,10.1016/j.arr.2026.103239,Restoring the balance: Resistance exercise-induced insulin-like growth factor-1 restores PI3K/Akt and MAPK/ERK cross-talk to ameliorate Alzheimer's disease.,resistance-training-muscle,narrative_review,human,E,retired_from_active_findings,title_topic_signal_missing,2026-10-01,Git history and prior public-data snapshots
finding-pubmed-42413471,pubmed-42413471,42413471,10.1097/TA.0000000000005109,Impact of trauma centers on survival in older vs younger adults: A propensity-weighted comparison of level 1 and level 3 trauma centers in the NTDB.,resistance-training-muscle,metadata_only_needs_classification,human,E,retired_from_active_findings,title_topic_signal_missing,2026-10-01,Git history and prior public-data snapshots
finding-pubmed-42413699,pubmed-42413699,42413699,10.1016/j.arr.2026.103245,"Brain health across the lifespan and the impact of nutrition, exercise, microbiota, and sleep.",physical-activity-healthspan,narrative_review,human,E,retired_from_active_findings,topic_capacity_limit,2026-10-01,Git history and prior public-data snapshots
finding-pubmed-42413701,pubmed-42413701,42413701,10.1016/j.arr.2026.103244,"Lactylation in the ageing nervous system: Epi-metabolic regulation, disease mechanisms, and translational challenges.",microbiome-inflammaging,narrative_review,human,E,retired_from_active_findings,title_topic_signal_missing,2026-10-01,Git history and prior public-data snapshots
finding-pubmed-42413717,pubmed-42413717,42413717,10.1016/j.lfs.2026.124572,Overactivated bradykinin-B2 receptor promotes type a aortic dissection by inducing endothelial dysfunction: Therapeutic effect of icatibant.,blood-pressure-aging,animal_study,mouse,D,retired_from_active_findings,title_topic_signal_missing,2026-10-01,Git history and prior public-data snapshots
finding-pubmed-42413719,pubmed-42413719,42413719,10.1016/j.lfs.2026.124578,Targeting PARP1-dependent parthanatos in Alzheimer's disease: Mechanisms and therapeutic opportunities.,nad-nmn-nr-aging,narrative_review,human,E,retired_from_active_findings,title_topic_signal_missing,2026-10-01,Git history and prior public-data snapshots
finding-pubmed-42413831,pubmed-42413831,42413831,10.1016/j.mad.2026.112218,Circulating elastin fragments drive systemic aging: Where do pro-aging elastin fragments come from? A mini-review.,microbiome-inflammaging,narrative_review,human,E,retired_from_active_findings,title_topic_signal_missing,2026-10-01,Git history and prior public-data snapshots
finding-pubmed-42417540,pubmed-42417540,42417540,10.1093/cvr/cvag158,Interleukin-17A mediates cardiorenal injury in oxalate nephropathy.,microbiome-inflammaging,mixed_human_and_animal_study,mixed_human_animal,D,retired_from_active_findings,title_topic_signal_missing,2026-10-01,Git history and prior public-data snapshots
finding-pubmed-42417965,pubmed-42417965,42417965,10.1007/s11357-026-02379-5,Targeting cellular senescence in dermatology: senolytic and senomorphic strategies.,senolytics,narrative_review,human,E,retired_from_active_findings,topic_scope_mismatch,2026-10-01,Git history and prior public-data snapshots
finding-pubmed-42419146,pubmed-42419146,42419146,10.1016/j.intimp.2026.117114,M1 polarization accelerated bone aging through inflammatory signaling transduction regulated by cells crosstalk.,microbiome-inflammaging,metadata_only_needs_classification,human,E,retired_from_active_findings,title_topic_signal_missing,2026-10-01,Git history and prior public-data snapshots
finding-pubmed-42419462,pubmed-42419462,42419462,10.1016/j.neubiorev.2026.106846,The neuroendocrine-appetite-mental health triangle in PMOS: Implications for GLP-1 receptor agonist therapy.,glp1-weight-cardiometabolic,narrative_review,human,E,retired_from_active_findings,topic_capacity_limit,2026-10-01,Git history and prior public-data snapshots
finding-pubmed-42419491,pubmed-42419491,42419491,10.1016/j.arr.2026.103248,The autophagy-senescence-inflammasome axis: A novel triad in neurodegenerative diseases?,autophagy-mitophagy,narrative_review,needs_review,E,retired_from_active_findings,topic_scope_mismatch,2026-10-01,Git history and prior public-data snapshots
finding-pubmed-42420085,pubmed-42420085,42420085,10.1016/j.bulcan.2026.04.012,Sex differences in the association between triglyceride glucose frailty index and cancer risk: A nationwide prospective cohort study.,resistance-training-muscle,human_cohort,human,B,retired_from_active_findings,topic_scope_mismatch,2026-10-01,Git history and prior public-data snapshots
finding-pubmed-42420752,pubmed-42420752,42420752,10.1002/path.70093,Immune dysregulation in the prostates of C57BL/6(Aire-/-) mice mirrors that seen in human benign prostatic hyperplasia.,microbiome-inflammaging,animal_study,mouse,D,retired_from_active_findings,title_topic_signal_missing,2026-10-01,Git history and prior public-data snapshots
finding-pubmed-42420793,pubmed-42420793,42420793,10.1111/dom.71092,"Real-World Use of Semaglutide for Weight Management: Dose Titration, Discontinuation Patterns and Weight Changes.",glp1-weight-cardiometabolic,metadata_only_needs_classification,human,E,retired_from_active_findings,topic_capacity_limit,2026-10-01,Git history and prior public-data snapshots
finding-pubmed-42420795,pubmed-42420795,42420795,10.1111/dom.71088,"Neuropsychiatric Outcomes With Tirzepatide, Semaglutide, and Other GLP-1 Receptor Agonists.",glp1-weight-cardiometabolic,human_cohort,human,C,retired_from_active_findings,topic_capacity_limit,2026-10-01,Git history and prior public-data snapshots
finding-pubmed-42423951,pubmed-42423951,42423951,10.1007/s12325-026-03702-4,Special Considerations When Using GLP-1 Receptor Agonists in the Treatment of Obesity and Diabetes Mellitus Type 2 in Older Adults.,glp1-weight-cardiometabolic,narrative_review,human,E,retired_from_active_findings,topic_capacity_limit,2026-10-01,Git history and prior public-data snapshots
finding-pubmed-42425028,pubmed-42425028,42425028,10.1016/j.intimp.2026.117111,Microglial DNA G-quadruplex accumulation is associated with altered autophagy-related responses and aggravated ischemic brain injury.,rapamycin-mtor-aging,animal_study,mouse,D,retired_from_active_findings,title_topic_signal_missing,2026-10-01,Git history and prior public-data snapshots
finding-pubmed-42425420,pubmed-42425420,42425420,10.1016/j.arr.2026.103250,Irisin in the aging immune landscape: A new player at the crossroads of immunosenescence and sepsis.,physical-activity-healthspan,narrative_review,human,E,retired_from_active_findings,title_topic_signal_missing,2026-10-01,Git history and prior public-data snapshots
finding-pubmed-42425878,pubmed-42425878,42425878,10.1016/j.pcd.2026.07.001,Accumulation of multiple uncontrolled risk factors among individuals with type 2 diabetes: a cross-sectional study of a registry-based cohort.,ldl-apob-cardiovascular-risk,human_cohort,human,C,retired_from_active_findings,title_topic_signal_missing,2026-10-01,Git history and prior public-data snapshots
finding-pubmed-42426488,pubmed-42426488,42426488,10.1007/s12015-026-11189-3,Cell-Type-Specific Calibration of Mitochondrial Ubiquitination in Stem Cell Fate Decisions.,nad-nmn-nr-aging,narrative_review,human,E,retired_from_active_findings,title_topic_signal_missing,2026-10-01,Git history and prior public-data snapshots
finding-pubmed-42429276,pubmed-42429276,42429276,10.1097/XCS.0000000000002087,Invited Commentary: Understanding the Relationship Between Frailty and Mortality After Pancreatic Resection.,resistance-training-muscle,metadata_only_needs_classification,human,E,retired_from_active_findings,topic_scope_mismatch,2026-10-01,Git history and prior public-data snapshots
finding-pubmed-42430964,pubmed-42430964,42430964,10.1016/j.tjpad.2026.100640,Suboptimal adherence to brain health recommendations in patients pursuing anti-amyloid antibody therapy for Alzheimer's disease: Report from the Brain Health Vital Signs project.,blood-pressure-aging,metadata_only_needs_classification,human,E,retired_from_active_findings,title_topic_signal_missing,2026-10-01,Git history and prior public-data snapshots
finding-pubmed-42431012,pubmed-42431012,42431012,10.1016/j.arr.2026.103252,Mitochondrial-ER stress crosstalk in osteoarthritis: From ageing-associated chondrocyte dysfunction to emerging therapeutics.,nad-nmn-nr-aging,narrative_review,human,E,retired_from_active_findings,title_topic_signal_missing,2026-10-01,Git history and prior public-data snapshots
finding-pubmed-42431015,pubmed-42431015,42431015,10.1016/j.cytogfr.2026.07.003,The role of cellular senescence in metabolic dysfunction-associated steatotic liver disease.,senolytics,narrative_review,cell,E,retired_from_active_findings,topic_scope_mismatch,2026-10-01,Git history and prior public-data snapshots
finding-pubmed-42431471,pubmed-42431471,42431471,10.1016/j.freeradbiomed.2026.07.018,ASAP3 deficiency alleviates hepatic senescence and correlates with extended healthspan in mice.,autophagy-mitophagy,animal_study,mouse,D,retired_from_active_findings,title_topic_signal_missing,2026-10-01,Git history and prior public-data snapshots
finding-pubmed-42432513,pubmed-42432513,42432513,10.1186/s11556-026-00425-x,"The effects of resistance exercise with blood flow restriction on muscle performance, muscle mass, and function in older adults: a systematic review.",physical-activity-healthspan,systematic_review_or_meta_analysis,human,C,retired_from_active_findings,topic_capacity_limit,2026-10-01,Git history and prior public-data snapshots
finding-pubmed-42435940,pubmed-42435940,42435940,10.1016/j.arr.2026.103249,"Chronic subdural hematoma as failed resolution at the aged dura-subdural interface: Immune-vascular mechanisms, biomarker interpretation, and therapeutic translation.",resistance-training-muscle,narrative_review,human,E,retired_from_active_findings,title_topic_signal_missing,2026-10-01,Git history and prior public-data snapshots
finding-pubmed-42435941,pubmed-42435941,42435941,10.1016/j.arr.2026.103255,Cellular viscous properties in senescence: An emerging biophysical perspective and potential biomarker.,senolytics,narrative_review,human,E,retired_from_active_findings,title_topic_signal_missing,2026-10-01,Git history and prior public-data snapshots
finding-pubmed-42437399,pubmed-42437399,42437399,10.1007/s10534-026-00853-3,Association between metal co-exposure and frailty: exploring the potential explanatory pathway of inflammation.,resistance-training-muscle,metadata_only_needs_classification,human,E,retired_from_active_findings,topic_scope_mismatch,2026-10-01,Git history and prior public-data snapshots
finding-pubmed-42437556,pubmed-42437556,42437556,10.1016/j.jocn.2026.112190,Integrating preoperative frailty into super-early and early perioperative assessment enhances prediction of delirium in patients undergoing elective craniotomy: a secondary analysis of a prospective cohort study.,resistance-training-muscle,human_cohort,human,B,retired_from_active_findings,topic_scope_mismatch,2026-10-01,Git history and prior public-data snapshots
finding-pubmed-42437600,pubmed-42437600,42437600,10.1016/j.mad.2026.112231,Biological limits of lifespan extension: Evidence for a shift from pathway leverage to system-level buffering across species.,microbiome-inflammaging,narrative_review,human,E,retired_from_active_findings,title_topic_signal_missing,2026-10-01,Git history and prior public-data snapshots
finding-pubmed-42438566,pubmed-42438566,42438566,10.1016/j.adro.2026.102101,Nonprostate Cancer Deaths Best Predict Long-Term Survival in Men Aged ≤59 Years Treated With Low Dose Rate Brachytherapy With or Without Supplemental Therapies: A Mandate for Health Enhancement.,blood-pressure-aging,metadata_only_needs_classification,human,E,retired_from_active_findings,title_topic_signal_missing,2026-10-01,Git history and prior public-data snapshots
finding-pubmed-42440125,pubmed-42440125,42440125,10.1097/QAD.0000000000004569,Methylation patterns linked to blood pressure in people with HIV exposed to antiretroviral therapy reveal neurovascular and immune pathways.,blood-pressure-aging,metadata_only_needs_classification,human,E,retired_from_active_findings,topic_capacity_limit,2026-10-01,Git history and prior public-data snapshots
finding-pubmed-42442164,pubmed-42442164,42442164,10.1016/j.rvsc.2026.106323,Isolation and identification of tropical source Lactobacillus plantarum CK3 and its effects on fatty liver in laying hens.,microbiome-inflammaging,metadata_only_needs_classification,human,E,retired_from_active_findings,title_topic_signal_missing,2026-10-01,Git history and prior public-data snapshots
finding-pubmed-42442438,pubmed-42442438,42442438,10.1016/j.arth.2026.07.009,The Effect of Dual Mobility Articulations on Re-Revision After Revision for Dislocation.,resistance-training-muscle,metadata_only_needs_classification,human,E,retired_from_active_findings,title_topic_signal_missing,2026-10-01,Git history and prior public-data snapshots
finding-pubmed-42442460,pubmed-42442460,42442460,10.1016/j.ijid.2026.108978,Evaluation of subclinical tuberculosis among end-stage kidney disease patients on hemodialysis.,blood-pressure-aging,metadata_only_needs_classification,human,E,retired_from_active_findings,title_topic_signal_missing,2026-10-01,Git history and prior public-data snapshots
finding-pubmed-42442566,pubmed-42442566,42442566,10.1016/j.neubiorev.2026.106869,Sleep-related Alzheimer's disease vulnerability in aging: A muscle-metabolic perspective.,resistance-training-muscle,narrative_review,human,E,retired_from_active_findings,title_topic_signal_missing,2026-10-01,Git history and prior public-data snapshots
finding-pubmed-42442596,pubmed-42442596,42442596,10.1016/j.fct.2026.116268,PFDA exposure promotes myocardial aging and fibrosis via hyperactivation of the MTORC1 signaling axis.,rapamycin-mtor-aging,animal_study,mouse,D,retired_from_active_findings,title_topic_signal_missing,2026-10-01,Git history and prior public-data snapshots
finding-pubmed-42443134,pubmed-42443134,42443134,10.1111/dom.71099,Treatment Patterns and Experienced Effects of Semaglutide for Weight Management Among Adult Users in Denmark: A Community Pharmacy-Based Cross-Sectional Survey.,glp1-weight-cardiometabolic,metadata_only_needs_classification,human,E,retired_from_active_findings,topic_capacity_limit,2026-10-01,Git history and prior public-data snapshots
finding-pubmed-42447535,pubmed-42447535,42447535,10.1016/j.jocn.2026.112200,Frailty and comorbidity burden predict complications after mechanical thrombectomy in Octogenarians.,resistance-training-muscle,metadata_only_needs_classification,human,E,retired_from_active_findings,topic_scope_mismatch,2026-10-01,Git history and prior public-data snapshots
finding-pubmed-42447536,pubmed-42447536,42447536,10.1016/j.clinbiomech.2026.106917,Temporospatial parameters and gait symmetry in hip pathology patients: Pre and post hip preservation surgery.,physical-activity-healthspan,metadata_only_needs_classification,human,E,retired_from_active_findings,title_topic_signal_missing,2026-10-01,Git history and prior public-data snapshots
finding-pubmed-42447805,pubmed-42447805,42447805,10.1016/j.intimp.2026.117121,Grx attenuates diabetes cataract by activating AMPK/BNIP3/BNIP3L-mediated mitophagy in lens epithelial cells.,autophagy-mitophagy,animal_study,animal,D,retired_from_active_findings,topic_scope_mismatch,2026-10-01,Git history and prior public-data snapshots
finding-pubmed-42447954,pubmed-42447954,42447954,10.1016/j.lfs.2026.124586,Patient-derived cornea organoids as drug repurposing models for aniridia-associated keratopathy.,microbiome-inflammaging,mechanistic_or_cell_study,human,E,retired_from_active_findings,title_topic_signal_missing,2026-10-01,Git history and prior public-data snapshots
finding-pubmed-42448049,pubmed-42448049,42448049,10.1016/j.arr.2026.103254,A compendium of circulating biomarkers of senescence in humans: Insights on mechanistic impact across health domains and modulation by therapeutic interventions.,senolytics,narrative_review,human,E,retired_from_active_findings,title_topic_signal_missing,2026-10-01,Git history and prior public-data snapshots
finding-pubmed-42448055,pubmed-42448055,42448055,10.1016/j.mad.2026.112229,ABO blood groups and ageing-related outcomes: Insights from a narrative review.,microbiome-inflammaging,narrative_review,human,E,retired_from_active_findings,title_topic_signal_missing,2026-10-01,Git history and prior public-data snapshots
finding-pubmed-42449480,pubmed-42449480,42449480,10.1111/dom.71106,Effects of GLP-1 Receptor Agonists and Dual GIP/GLP-1 Receptor Agonists on Inflammatory and Metabolic Biomarkers in Type 2 Diabetes: A Systematic Review and Meta-Analysis.,glp1-weight-cardiometabolic,systematic_review_or_meta_analysis,human,E,retired_from_active_findings,topic_capacity_limit,2026-10-01,Git history and prior public-data snapshots
finding-pubmed-42456324,pubmed-42456324,42456324,10.1016/j.midw.2026.104914,History of gestational diabetes and its association with current cardiometabolic burden score: Findings from a population-based cross-sectional study in Iran.,blood-pressure-aging,metadata_only_needs_classification,human,E,retired_from_active_findings,title_topic_signal_missing,2026-10-01,Git history and prior public-data snapshots
finding-pubmed-42456402,pubmed-42456402,42456402,10.1016/j.plefa.2026.102760,Intermittent fasting increases plasma arachidonic acid.,time-restricted-eating,metadata_only_needs_classification,human,E,retired_from_active_findings,topic_capacity_limit,2026-10-01,Git history and prior public-data snapshots
finding-pubmed-42456803,pubmed-42456803,42456803,10.1016/j.clnesp.2026.103594,Chronic kidney disease-stratified plasma proteomic signatures of probable sarcopenia: A UK biobank cohort study.,resistance-training-muscle,human_cohort,human,B,retired_from_active_findings,topic_scope_mismatch,2026-10-01,Git history and prior public-data snapshots
finding-pubmed-42462399,pubmed-42462399,42462399,10.1016/j.semarthrit.2026.153043,Interstitial lung disease in mixed connective tissue disease: Insights from an electronic health record-based retrospective cohort study.,blood-pressure-aging,human_cohort,human,B,retired_from_active_findings,title_topic_signal_missing,2026-10-01,Git history and prior public-data snapshots
finding-pubmed-42468004,pubmed-42468004,42468004,10.1097/PSY.0000000000001510,Cardiovascular Stress Physiology and Interoceptive Pathways to Brain Aging and Health.,blood-pressure-aging,narrative_review,human,E,retired_from_active_findings,title_topic_signal_missing,2026-10-01,Git history and prior public-data snapshots
finding-pubmed-42468464,pubmed-42468464,42468464,10.1016/j.ijnurstu.2026.105589,Digital health self-management support for stroke patients following discharge: A randomized controlled trial.,blood-pressure-aging,human_randomized_or_clinical_trial,human,B,retired_from_active_findings,title_topic_signal_missing,2026-10-01,Git history and prior public-data snapshots
finding-pubmed-42468575,pubmed-42468575,42468575,10.1016/j.arr.2026.103261,Palmitoylation in cardiovascular aging and disease: Mechanistic insights and therapeutic opportunities.,autophagy-mitophagy,narrative_review,human,E,retired_from_active_findings,title_topic_signal_missing,2026-10-01,Git history and prior public-data snapshots
finding-pubmed-42468577,pubmed-42468577,42468577,10.1016/j.arr.2026.103263,Targeting neuroinflammation and neurodegeneration in Parkinson's disease: Emerging natural and synthetic therapeutic strategies.,autophagy-mitophagy,narrative_review,human,E,retired_from_active_findings,title_topic_signal_missing,2026-10-01,Git history and prior public-data snapshots
finding-pubmed-42468665,pubmed-42468665,42468665,10.1016/j.neuint.2026.106224,"Is Urolithin A(UA) a pharmacologically credible neuro-nutraceutical? A critical review of mechanisms, brain exposure, and evidence gaps in Alzheimer's and Parkinson's disease.",autophagy-mitophagy,narrative_review,human,E,retired_from_active_findings,topic_scope_mismatch,2026-10-01,Git history and prior public-data snapshots
finding-pubmed-42468731,pubmed-42468731,42468731,10.1016/j.ijid.2026.108987,"Acute kidney injury during invasive listeriosis: frequence, risk factors, and prognostic impact in a multicenter cohort (REALIST study).",blood-pressure-aging,human_cohort,human,B,retired_from_active_findings,title_topic_signal_missing,2026-10-01,Git history and prior public-data snapshots
finding-pubmed-42470466,pubmed-42470466,42470466,10.1007/s00535-026-02481-7,Clinical outcomes of lean metabolic dysfunction-associated steatotic liver disease by phenotypic subtypes.,blood-pressure-aging,metadata_only_needs_classification,human,E,retired_from_active_findings,title_topic_signal_missing,2026-10-01,Git history and prior public-data snapshots
finding-pubmed-42470649,pubmed-42470649,42470649,10.1097/MCC.0000000000001407,"The impact of age, prior health status, and frailty on outcome prediction in critical care.",resistance-training-muscle,narrative_review,human,E,retired_from_active_findings,topic_scope_mismatch,2026-10-01,Git history and prior public-data snapshots
finding-pubmed-42471256,pubmed-42471256,42471256,10.1016/j.acra.2026.06.051,Myosteatosis and Visceral Adiposity on Preoperative CT are Associated with Early Recurrence in Patients with Resectable Pancreatic Ductal Adenocarcinoma.,resistance-training-muscle,metadata_only_needs_classification,human,E,retired_from_active_findings,title_topic_signal_missing,2026-10-01,Git history and prior public-data snapshots
finding-pubmed-42472231,pubmed-42472231,42472231,10.1016/j.bbih.2026.101302,Dietary regimens and cognitive function in multiple sclerosis: a systematic review.,time-restricted-eating,systematic_review_or_meta_analysis,human,A,retired_from_active_findings,title_topic_signal_missing,2026-10-01,Git history and prior public-data snapshots
finding-pubmed-42472606,pubmed-42472606,42472606,10.1016/j.arr.2026.103264,The circulating senosome: Blood as the therapeutic interface of aging.,microbiome-inflammaging,narrative_review,human,E,retired_from_active_findings,title_topic_signal_missing,2026-10-01,Git history and prior public-data snapshots
finding-pubmed-42472607,pubmed-42472607,42472607,10.1016/j.arr.2026.103265,Phytochemicals modulating HSF-1-associated pathways: A systematic review of longevity-extending mechanisms in Caenorhabditis elegans.,autophagy-mitophagy,systematic_review_or_meta_analysis,cell,E,retired_from_active_findings,title_topic_signal_missing,2026-10-01,Git history and prior public-data snapshots
finding-pubmed-42472674,pubmed-42472674,42472674,10.1111/dom.71123,"Age of Type 1 Diabetes Onset and Dementia Risk: A Swedish Nationwide, Register-Based Cohort Study.",metformin-aging,human_cohort,human,C,retired_from_active_findings,title_topic_signal_missing,2026-10-01,Git history and prior public-data snapshots
finding-pubmed-42474402,pubmed-42474402,42474402,10.1016/j.jand.2026.156393,Understanding Postpartum Mothers' Perspectives of Chrononutrition Approaches: A Qualitative Study.,time-restricted-eating,metadata_only_needs_classification,human,E,retired_from_active_findings,title_topic_signal_missing,2026-10-01,Git history and prior public-data snapshots
finding-pubmed-42474888,pubmed-42474888,42474888,10.1007/s10534-026-00847-1,The role of metals in cancer and the use of metal chelators as a potential treatment strategy.,microbiome-inflammaging,narrative_review,human,E,retired_from_active_findings,title_topic_signal_missing,2026-10-01,Git history and prior public-data snapshots
finding-pubmed-42475809,pubmed-42475809,42475809,10.1016/j.psyneuen.2026.107968,Association between salivary oxytocin concentration and social loneliness in older adults: Findings from an uncontrolled pre-post multimodal intervention study.,resistance-training-muscle,human_randomized_or_clinical_trial,human,C,retired_from_active_findings,title_topic_signal_missing,2026-10-01,Git history and prior public-data snapshots
finding-pubmed-42475856,pubmed-42475856,42475856,10.1016/j.psychres.2026.117330,Incidence patterns of cardiometabolic comorbidities in patients with schizophrenia: A retrospective cohort study in Korea.,blood-pressure-aging,human_cohort,human,B,retired_from_active_findings,title_topic_signal_missing,2026-10-01,Git history and prior public-data snapshots
finding-pubmed-42475969,pubmed-42475969,42475969,10.1016/j.evalprogplan.2026.102804,Social return on investment of physical activity and sport (PAS): The Japan findings.,physical-activity-healthspan,metadata_only_needs_classification,human,E,retired_from_active_findings,topic_capacity_limit,2026-10-01,Git history and prior public-data snapshots
finding-pubmed-42476451,pubmed-42476451,42476451,10.1016/j.metabol.2026.156697,"Vitamin D and frailty: Clinical evidence, mechanistic insights, and translational challenges.",resistance-training-muscle,narrative_review,human,E,retired_from_active_findings,topic_scope_mismatch,2026-10-01,Git history and prior public-data snapshots
finding-pubmed-42476460,pubmed-42476460,42476460,10.1016/j.neuint.2026.106226,Early treatment with naproxen alters hippocampal metabolites in the TgF344-AD rat model of Alzheimer's disease.,autophagy-mitophagy,animal_study,animal,D,retired_from_active_findings,title_topic_signal_missing,2026-10-01,Git history and prior public-data snapshots
finding-pubmed-42476764,pubmed-42476764,42476764,10.1002/jmri.70417,Altered Neurofluid Dynamics Markers in Middle-Aged and Older Women With Insomnia: A Multiparametric MR Neuroimaging Study.,sleep-aging,animal_study,animal,D,retired_from_active_findings,nonhuman_record_in_human_outcome_topic,2026-10-01,Git history and prior public-data snapshots
finding-pubmed-42478338,pubmed-42478338,42478338,10.1111/bph.70566,β-Nicotinamide mononucleotide reduces aflatoxin B1 induced liver injury via the gut microbiota-bile acid-farnesoid X receptor (FXR/NR1H4) axis.,nad-nmn-nr-aging,animal_study,mouse,D,retired_from_active_findings,topic_scope_mismatch,2026-10-01,Git history and prior public-data snapshots
finding-pubmed-42479349,pubmed-42479349,42479349,10.1007/s40265-026-02363-5,Orforglipron: First Approval.,glp1-weight-cardiometabolic,narrative_review,human,E,retired_from_active_findings,title_topic_signal_missing,2026-10-01,Git history and prior public-data snapshots
finding-pubmed-42480241,pubmed-42480241,42480241,10.1016/j.humov.2026.103519,Effects of vertical edge presence on foot trajectory during obstacle crossing in younger and older adults.,physical-activity-healthspan,metadata_only_needs_classification,human,E,retired_from_active_findings,title_topic_signal_missing,2026-10-01,Git history and prior public-data snapshots
finding-pubmed-42480875,pubmed-42480875,42480875,10.1016/j.exger.2026.113245,"Exercise modality differentially modulates cognitive function, emotional behavior, and muscle-brain signaling in an aluminum-induced neurodegeneration rat model.",physical-activity-healthspan,animal_study,animal,D,retired_from_active_findings,nonhuman_record_in_human_outcome_topic,2026-10-01,Git history and prior public-data snapshots
finding-pubmed-42480913,pubmed-42480913,42480913,10.1016/j.trsl.2026.07.008,From FLOW to translational positioning in chronic kidney disease: mechanistic complementarity of SGLT2 inhibitors and GLP-1 receptor agonists.,glp1-weight-cardiometabolic,narrative_review,human,E,retired_from_active_findings,topic_capacity_limit,2026-10-01,Git history and prior public-data snapshots
finding-pubmed-42481915,pubmed-42481915,42481915,10.1111/dom.71119,Antecedent of Pregnancy-Related Cardiometabolic Complication and Risk of Cardiovascular Disease Among Women With Type 2 Diabetes.,blood-pressure-aging,metadata_only_needs_classification,human,E,retired_from_active_findings,title_topic_signal_missing,2026-10-01,Git history and prior public-data snapshots
finding-pubmed-42481928,pubmed-42481928,42481928,10.1111/dom.71138,"Safety Signals of GLP-1 Receptor Agonists: A Multi-Method Pharmacovigilance Analysis of FAERS (2018-2025) With Sensitivity-Stratified Prioritisation, Notoriety-Bias Assessment, and Cross-Database Validation.",glp1-weight-cardiometabolic,metadata_only_needs_classification,human,E,retired_from_active_findings,topic_capacity_limit,2026-10-01,Git history and prior public-data snapshots
finding-pubmed-42482123,pubmed-42482123,42482123,10.1111/dom.71121,Diabetic Foot Ulcers Are Clinical Marker of Disease Burden in People With Diabetes and Heart Failure.,blood-pressure-aging,human_cohort,human,B,retired_from_active_findings,title_topic_signal_missing,2026-10-01,Git history and prior public-data snapshots
finding-pubmed-42483855,pubmed-42483855,42483855,10.1111/dom.71115,Joint Trajectories of Physical Activity and Depressive Symptoms and Incident Cardiometabolic Multimorbidity: A Multi-Cohort Study.,blood-pressure-aging,human_cohort,human,C,retired_from_active_findings,title_topic_signal_missing,2026-10-01,Git history and prior public-data snapshots
finding-pubmed-42484541,pubmed-42484541,42484541,10.1111/imm.70170,IL-6/IL-6R-Mediated Mechanisms in Lung Cancer: From Pathogenesis to Potential Therapeutic Targets.,microbiome-inflammaging,narrative_review,human,E,retired_from_active_findings,title_topic_signal_missing,2026-10-01,Git history and prior public-data snapshots
finding-pubmed-42485093,pubmed-42485093,42485093,10.1556/1886.2026.00034,Ferulic acid - A promising candidate molecule for the treatment of colitis.,microbiome-inflammaging,narrative_review,human,E,retired_from_active_findings,title_topic_signal_missing,2026-10-01,Git history and prior public-data snapshots
finding-pubmed-42485925,pubmed-42485925,42485925,10.1016/j.heares.2026.109746,Hearing healthy: physical activity moderates the association between age-related hearing loss and brain volume.,physical-activity-healthspan,metadata_only_needs_classification,human,E,retired_from_active_findings,topic_capacity_limit,2026-10-01,Git history and prior public-data snapshots
finding-pubmed-42486719,pubmed-42486719,42486719,10.1016/j.jdermsci.2026.07.003,Regulatory role of autophagy in epidermal function.,autophagy-mitophagy,narrative_review,cell,E,retired_from_active_findings,topic_scope_mismatch,2026-10-01,Git history and prior public-data snapshots
finding-pubmed-42488092,pubmed-42488092,42488092,10.1007/s13340-026-00913-6,Characteristics and specificity of diabetic ketoacidosis during Ramadan in pediatrics.,time-restricted-eating,metadata_only_needs_classification,human,E,retired_from_active_findings,title_topic_signal_missing,2026-10-01,Git history and prior public-data snapshots
finding-pubmed-42489966,pubmed-42489966,42489966,10.1007/s11357-026-02402-9,Micronutrients and omega-3 PUFAs to promote healthy ageing: informing a physiology-based complementation strategy.,microbiome-inflammaging,narrative_review,human,E,retired_from_active_findings,title_topic_signal_missing,2026-10-01,Git history and prior public-data snapshots
finding-pubmed-42491235,pubmed-42491235,42491235,10.1016/j.radcr.2026.06.067,Secondary polycythemia as a rare cause of ischemic stroke: A case report.,blood-pressure-aging,metadata_only_needs_classification,human,E,retired_from_active_findings,title_topic_signal_missing,2026-10-01,Git history and prior public-data snapshots
finding-pubmed-42492786,pubmed-42492786,42492786,10.1016/j.clnesp.2026.103595,Diet and intrinsic capacity in middle-aged and older adults: A prospective analysis of the Canadian Longitudinal Study on Aging.,dietary-pattern-longevity,human_cohort,human,C,retired_from_active_findings,topic_capacity_limit,2026-10-01,Git history and prior public-data snapshots
finding-pubmed-42492808,pubmed-42492808,42492808,10.1016/j.arr.2026.103270,From binary senescence to state-resolved senotherapy in cancer: Therapeutic windows from heterogeneity.,senolytics,narrative_review,human,E,retired_from_active_findings,title_topic_signal_missing,2026-10-01,Git history and prior public-data snapshots
finding-pubmed-42492833,pubmed-42492833,42492833,10.1016/j.ijid.2026.109003,Identifying emergency department patients at risk of diagnostic discordance between the presumptive emergency department diagnosis and the adjudicated discharge diagnosis: The independent role of frailty.,resistance-training-muscle,metadata_only_needs_classification,human,E,retired_from_active_findings,topic_scope_mismatch,2026-10-01,Git history and prior public-data snapshots
finding-pubmed-42496649,pubmed-42496649,42496649,10.1111/cge.70216,Expanding the Phenotypic and Functional Evidence for KCNK3 as a Neurodevelopmental Disorder Gene: A New Chinese Case and Drosophila Validation.,sleep-aging,metadata_only_needs_classification,human,E,retired_from_active_findings,title_topic_signal_missing,2026-10-01,Git history and prior public-data snapshots
finding-pubmed-42496831,pubmed-42496831,42496831,10.1007/s11357-026-02425-2,Circulating factors induced by time-restricted eating drive metabolic reprogramming in endothelial cells.,time-restricted-eating,metadata_only_needs_classification,human,E,retired_from_active_findings,topic_capacity_limit,2026-10-01,Git history and prior public-data snapshots
finding-pubmed-42497488,pubmed-42497488,42497488,10.1016/j.coi.2026.102828,Human endogenous retroviruses leading to autoimmune diseases.,microbiome-inflammaging,narrative_review,human,E,retired_from_active_findings,title_topic_signal_missing,2026-10-01,Git history and prior public-data snapshots
finding-pubmed-42498086,pubmed-42498086,42498086,10.1016/j.exger.2026.113248,Muscle mechanical and architectural adaptations in response to different endurance training modalities in older adults.,resistance-training-muscle,human_randomized_or_clinical_trial,human,C,retired_from_active_findings,title_topic_signal_missing,2026-10-01,Git history and prior public-data snapshots
finding-pubmed-42498087,pubmed-42498087,42498087,10.1016/j.exger.2026.113249,Senomorphic agents: Multi-target strategies to tame the senescence-associated secretory phenotype for healthy ageing.,metformin-aging,narrative_review,human,E,retired_from_active_findings,title_topic_signal_missing,2026-10-01,Git history and prior public-data snapshots
finding-pubmed-42498095,pubmed-42498095,42498095,10.1016/j.autrev.2026.104144,"Immunosenescence in systemic lupus erythematosus: Mechanisms, clinical consequences, and therapeutic implications.",resistance-training-muscle,narrative_review,human,E,retired_from_active_findings,title_topic_signal_missing,2026-10-01,Git history and prior public-data snapshots
finding-pubmed-42498168,pubmed-42498168,42498168,10.1016/j.clnesp.2026.103614,Geriatric syndromes and intrinsic capacity in intestinal failure: A comparative analysis between young adults and older adults.,resistance-training-muscle,metadata_only_needs_classification,human,E,retired_from_active_findings,title_topic_signal_missing,2026-10-01,Git history and prior public-data snapshots
finding-pubmed-42498583,pubmed-42498583,42498583,10.1016/j.sleh.2026.05.010,Circadian preference and risk of myocardial infarction: Findings from a longitudinal community-based study.,sleep-aging,metadata_only_needs_classification,human,E,retired_from_active_findings,topic_capacity_limit,2026-10-01,Git history and prior public-data snapshots
finding-pubmed-42501526,pubmed-42501526,42501526,10.1016/j.prp.2026.156620,Low-frequency pulsed electromagnetic fields inhibit the NETs/PADI4/MFN2 axis to ameliorate BMSC senescence in the treatment of rheumatoid arthritis.,autophagy-mitophagy,animal_study,mouse,D,retired_from_active_findings,title_topic_signal_missing,2026-10-01,Git history and prior public-data snapshots
finding-pubmed-42501807,pubmed-42501807,42501807,10.1016/j.brainresbull.2026.112059,Hippocampal endoplasmic reticulum stress drives a pro-inflammatory microglial bias and neuroinflammation in aged mice with perioperative neurocognitive disorder.,autophagy-mitophagy,animal_study,mouse,D,retired_from_active_findings,title_topic_signal_missing,2026-10-01,Git history and prior public-data snapshots
finding-pubmed-42501950,pubmed-42501950,42501950,10.1016/j.arr.2026.103273,Targeting the NLRP3 inflammasome in Alzheimer's disease: Mechanistic insights and therapeutic advances.,autophagy-mitophagy,narrative_review,human,E,retired_from_active_findings,title_topic_signal_missing,2026-10-01,Git history and prior public-data snapshots
finding-pubmed-42502209,pubmed-42502209,42502209,10.1111/dom.71052,Exercise Snacks Are Feasible to Perform in the Real World and Improve Physical Capacity for Adults Living With Non-Insulin Treated Type 2 Diabetes: A Randomised Trial.,physical-activity-healthspan,human_randomized_or_clinical_trial,human,C,retired_from_active_findings,topic_capacity_limit,2026-10-01,Git history and prior public-data snapshots
finding-pubmed-42503495,pubmed-42503495,42503495,10.1111/dom.71134,"Efficacy of CagriSema for Reaching Anthropometric Treatment Targets and Cardiometabolic Outcomes: A Secondary, Post hoc Analysis of REDEFINE 1.",glp1-weight-cardiometabolic,human_randomized_or_clinical_trial,human,C,retired_from_active_findings,title_topic_signal_missing,2026-10-01,Git history and prior public-data snapshots
finding-pubmed-42504108,pubmed-42504108,42504108,10.1177/2161783X261461654,The Effect of Game-Based Virtual Reality Rehabilitation and Its Impact on Upper Extremity Function After Arthroscopic Rotator Cuff Repair: A Randomized Controlled Trial.,resistance-training-muscle,human_randomized_or_clinical_trial,human,C,retired_from_active_findings,title_topic_signal_missing,2026-10-01,Git history and prior public-data snapshots
finding-pubmed-42504916,pubmed-42504916,42504916,10.1002/arj.70399,Preoperative Scaption and External Rotation Strength Deficits Are Predictive of Retear After Rotator Cuff Repair.,resistance-training-muscle,human_cohort,human,C,retired_from_active_findings,title_topic_signal_missing,2026-10-01,Git history and prior public-data snapshots
finding-pubmed-42508500,pubmed-42508500,42508500,10.1016/j.arr.2026.103277,The effects of multi-session resistance exercise on cognitive function in healthy adults: A systematic research review and meta-analysis.,resistance-training-muscle,systematic_review_or_meta_analysis,human,A,retired_from_active_findings,title_topic_signal_missing,2026-10-01,Git history and prior public-data snapshots
finding-pubmed-42508635,pubmed-42508635,42508635,10.1016/j.metabol.2026.156716,Global and regional projections of atherosclerotic cardiovascular-kidney-liver-metabolic disease burden to 2050: a forecasting analysis for the global burden of disease study 2023.,blood-pressure-aging,metadata_only_needs_classification,human,E,retired_from_active_findings,title_topic_signal_missing,2026-10-01,Git history and prior public-data snapshots
finding-pubmed-42509090,pubmed-42509090,42509090,10.1016/j.jnma.2026.06.013,Advances in the treatment of chronic obstructive pulmonary disease.,physical-activity-healthspan,narrative_review,human,E,retired_from_active_findings,title_topic_signal_missing,2026-10-01,Git history and prior public-data snapshots
finding-pubmed-42515960,pubmed-42515960,42515960,10.1097/MOT.0000000000001303,Gut dysbiosis and multidrug-resistant colonization in solid organ transplantation.,microbiome-inflammaging,narrative_review,human,E,retired_from_active_findings,title_topic_signal_missing,2026-10-01,Git history and prior public-data snapshots
finding-pubmed-42515971,pubmed-42515971,42515971,10.1097/MOT.0000000000001304,Gut microbiota links to infection in liver transplantation.,microbiome-inflammaging,narrative_review,human,E,retired_from_active_findings,topic_scope_mismatch,2026-10-01,Git history and prior public-data snapshots
finding-pubmed-42517234,pubmed-42517234,42517234,10.1111/jsr.70411,Sleep-Related and Chronobiology Traits and Health-Related Phenotypes: A Phenome-Wide Mendelian Randomisation Study.,sleep-aging,metadata_only_needs_classification,human,E,retired_from_active_findings,topic_capacity_limit,2026-10-01,Git history and prior public-data snapshots
finding-pubmed-42521026,pubmed-42521026,42521026,10.1016/j.arr.2026.103274,"Complosome as a key modulator of cellular senescence, aging and age-related diseases.",rapamycin-mtor-aging,narrative_review,human,E,retired_from_active_findings,title_topic_signal_missing,2026-10-01,Git history and prior public-data snapshots
finding-pubmed-42521631,pubmed-42521631,42521631,10.1111/dom.71162,Low-Dose Tirzepatide for Obesity: Comparative Efficacy of 2.5 mg Versus 5 mg in Non-Diabetic Japanese Adults.,glp1-weight-cardiometabolic,metadata_only_needs_classification,human,E,retired_from_active_findings,topic_capacity_limit,2026-10-01,Git history and prior public-data snapshots
finding-pubmed-42525367,pubmed-42525367,42525367,10.1007/s40120-026-01002-1,Current and Emerging Therapies for Pediatric Sleep Disorders: A Narrative Review.,sleep-aging,narrative_review,human,E,retired_from_active_findings,topic_capacity_limit,2026-10-01,Git history and prior public-data snapshots
finding-pubmed-42526730,pubmed-42526730,42526730,10.1016/j.annepidem.2026.110251,"Incidence and outcomes of emergency medical service treated pulmonary embolism in Victoria, Australia: A population-based cohort study.",blood-pressure-aging,human_cohort,human,B,retired_from_active_findings,title_topic_signal_missing,2026-10-01,Git history and prior public-data snapshots
finding-pubmed-42527728,pubmed-42527728,42527728,10.1007/s11357-026-02443-0,"Epigenetic aging biomarkers in dietary geroscience: feasibility, participant perceptions, and trial design considerations.",dietary-pattern-longevity,metadata_only_needs_classification,human,E,retired_from_active_findings,topic_capacity_limit,2026-10-01,Git history and prior public-data snapshots
finding-pubmed-42527762,pubmed-42527762,42527762,10.1007/s12015-026-11197-3,"Harnessing Endogenous Plasticity Rather than Reprogramming of Mature Cells Will Advance Regenerative Medicine, Cancer Treatment and Rejuvenation.",partial-reprogramming,animal_study,animal,D,retired_from_active_findings,title_topic_signal_missing,2026-10-01,Git history and prior public-data snapshots
finding-pubmed-42528016,pubmed-42528016,42528016,10.1111/joor.70281,Interventions for Oral Frailty and Related Oral Functional Decline in Older Adults: A Systematic Review.,resistance-training-muscle,systematic_review_or_meta_analysis,human,A,retired_from_active_findings,topic_scope_mismatch,2026-10-01,Git history and prior public-data snapshots
finding-pubmed-42529794,pubmed-42529794,42529794,10.4097/kja.26655,Korean consensus-based recommendations for preanesthetic gastric ultrasound and anesthetic considerations for GLP-1 receptor agonist-based therapy: a consensus statement from Clinical Practice Guideline Committee of the Korean Society of Anesthesiologists.,glp1-weight-cardiometabolic,narrative_review,human,E,retired_from_active_findings,topic_capacity_limit,2026-10-01,Git history and prior public-data snapshots
finding-pubmed-42530338,pubmed-42530338,42530338,10.1111/dom.71128,Effect of Medications for Type 2 Diabetes on Cardiovascular Events and Mortality: A Comprehensive Pairwise and Network Meta-Analysis.,glp1-weight-cardiometabolic,systematic_review_or_meta_analysis,needs_review,A,retired_from_active_findings,title_topic_signal_missing,2026-10-01,Git history and prior public-data snapshots
finding-pubmed-42530383,pubmed-42530383,42530383,10.1002/ajh.70459,Identification of Clinical Sub-Phenotypes of Sickle Cell Disease Using Latent Class Analysis.,blood-pressure-aging,human_cohort,human,B,retired_from_active_findings,title_topic_signal_missing,2026-10-01,Git history and prior public-data snapshots
finding-pubmed-42531634,pubmed-42531634,42531634,10.1016/j.foodchem.2026.150594,Bile salt hydrolase-active bifidobacterium animalis improves sarcopenia via the gut microbiota-bile acid-FXR-FGF15 axis and its functional fermented milk preparation.,resistance-training-muscle,metadata_only_needs_classification,human,E,retired_from_active_findings,topic_scope_mismatch,2026-10-01,Git history and prior public-data snapshots
finding-pubmed-42531833,pubmed-42531833,42531833,10.1016/j.phymed.2026.158628,Poricoic acid a ameliorates ulcerative colitis via AMPK/PPARγ pathway-dependent cellular senescence inhibition and concomitant gut microbiota-metabolome modulation.,microbiome-inflammaging,animal_study,mouse,D,retired_from_active_findings,topic_scope_mismatch,2026-10-01,Git history and prior public-data snapshots
finding-pubmed-42531842,pubmed-42531842,42531842,10.1016/j.oraloncology.2026.108088,Prognostic value of the 5-Item Modified Frailty Index in elderly patients undergoing free flap reconstruction for head and neck cancer.,resistance-training-muscle,human_cohort,human,B,retired_from_active_findings,topic_scope_mismatch,2026-10-01,Git history and prior public-data snapshots
finding-pubmed-42532306,pubmed-42532306,42532306,10.1016/j.clnesp.2026.103628,Muscle quality is associated with health-related quality of life in patients with eating disorders.,resistance-training-muscle,metadata_only_needs_classification,human,E,retired_from_active_findings,title_topic_signal_missing,2026-10-01,Git history and prior public-data snapshots
finding-pubmed-42532482,pubmed-42532482,42532482,10.1016/j.amjcard.2026.07.028,Sex Differences in Clinical Outcomes After Bifurcation Percutaneous Coronary Intervention: Findings from the PROGRESS-BIFURCATION Registry.,blood-pressure-aging,metadata_only_needs_classification,human,E,retired_from_active_findings,title_topic_signal_missing,2026-10-01,Git history and prior public-data snapshots
finding-pubmed-42532838,pubmed-42532838,42532838,10.1177/09612033261474972,Persistence of antimalarial therapy and its effect on mortality in systemic lupus erythematosus: A population-based longitudinal multistate study.,resistance-training-muscle,metadata_only_needs_classification,human,E,retired_from_active_findings,title_topic_signal_missing,2026-10-01,Git history and prior public-data snapshots
finding-pubmed-42533279,pubmed-42533279,42533279,10.1111/dom.71170,"Beyond Glycaemia: Fear of Hypoglycaemia, Cognition and Functional Mobility After Advanced Hybrid Closed-Loop Therapy in Older Adults With Type 1 Diabetes: A Prespecified Secondary Analysis of a Randomised, Single-Centre Study.",resistance-training-muscle,human_randomized_or_clinical_trial,human,B,retired_from_active_findings,title_topic_signal_missing,2026-10-01,Git history and prior public-data snapshots
finding-pubmed-42533400,pubmed-42533400,42533400,10.1002/mus.70368,"Diagnostic Performance of the Strength-Duration Test for Bedside Screening of Critical Illness Polyneuropathy and/or Myopathy: A Prospective, Cross-Sectional Study.",resistance-training-muscle,metadata_only_needs_classification,human,E,retired_from_active_findings,title_topic_signal_missing,2026-10-01,Git history and prior public-data snapshots
finding-pubmed-42534380,pubmed-42534380,42534380,10.1002/hsr2.72936,The Association of Dietary Macronutrient Quality and Mortality Among Patients With Liver Cirrhosis: A Prospective Cohort Study.,dietary-pattern-longevity,human_cohort,human,B,retired_from_active_findings,topic_capacity_limit,2026-10-01,Git history and prior public-data snapshots
finding-pubmed-42537339,pubmed-42537339,42537339,10.1016/j.rvsc.2026.106340,Comparative neuropathology of Naegleria fowleri infection across species.,microbiome-inflammaging,narrative_review,human,E,retired_from_active_findings,title_topic_signal_missing,2026-10-01,Git history and prior public-data snapshots
finding-pubmed-42537761,pubmed-42537761,42537761,10.1016/j.exger.2026.113257,From antioxidant to senotherapeutic: Repurposing n-acetylcysteine to counteract senescence via the HuR pathway in human endothelial cells.,senolytics,mechanistic_or_cell_study,human,E,retired_from_active_findings,title_topic_signal_missing,2026-10-01,Git history and prior public-data snapshots
finding-pubmed-42537767,pubmed-42537767,42537767,10.1016/j.amjcard.2026.07.031,Chronic Kidney Disease Stage-specific Risk and Clinical Presentation in Left Main Coronary Intervention: Insights from the LM-JANHO Registry.,blood-pressure-aging,metadata_only_needs_classification,human,E,retired_from_active_findings,title_topic_signal_missing,2026-10-01,Git history and prior public-data snapshots
finding-pubmed-42537786,pubmed-42537786,42537786,10.1016/j.chest.2026.07.5226,Comorbid Insomnia is Associated with Enhanced Blood Pressure Reduction with CPAP Therapy in Patients with Obstructive Sleep Apnea: A Prospective Cohort Study.,sleep-aging,human_cohort,human,C,retired_from_active_findings,topic_capacity_limit,2026-10-01,Git history and prior public-data snapshots
finding-pubmed-42537791,pubmed-42537791,42537791,10.1016/j.clnesp.2026.103633,Evidence of early frailty in chronic respiratory diseases: A biopsychosocial approach.,resistance-training-muscle,metadata_only_needs_classification,human,E,retired_from_active_findings,topic_scope_mismatch,2026-10-01,Git history and prior public-data snapshots
finding-pubmed-42537808,pubmed-42537808,42537808,10.1016/j.arr.2026.103283,The Physical Senotype in cellular senescence: Mechanical and physical strategies for senotherapy.,senolytics,narrative_review,cell,E,retired_from_active_findings,topic_scope_mismatch,2026-10-01,Git history and prior public-data snapshots
finding-pubmed-42537842,pubmed-42537842,42537842,10.1016/j.metabol.2026.156723,"The association of MASLD, lipoprotein(a) and long-term outcomes: Results from the multi-ethnic study of atherosclerosis.",blood-pressure-aging,metadata_only_needs_classification,human,E,retired_from_active_findings,title_topic_signal_missing,2026-10-01,Git history and prior public-data snapshots
finding-pubmed-42541513,pubmed-42541513,42541513,10.1152/ajpheart.00118.2026,Cardiomyocyte-specific expression of HIF-1α mediates the cardioprotective effects of growth hormone-releasing hormone.,cardiorespiratory-fitness,animal_study,mouse,D,retired_from_active_findings,title_topic_signal_missing,2026-10-01,Git history and prior public-data snapshots
finding-pubmed-42542171,pubmed-42542171,42542171,10.1016/j.nbd.2026.107558,Age-dependent reorganization of behavioral and striatal function in Cntnap2 knockout mice.,microbiome-inflammaging,animal_study,mouse,D,retired_from_active_findings,title_topic_signal_missing,2026-10-01,Git history and prior public-data snapshots
finding-pubmed-42542497,pubmed-42542497,42542497,10.1007/s11357-026-02421-6,Senescent cardiac cells promote thrombus formation and impair fibrinolysis.,rapamycin-mtor-aging,metadata_only_needs_classification,human,E,retired_from_active_findings,title_topic_signal_missing,2026-10-01,Git history and prior public-data snapshots
finding-pubmed-42545668,pubmed-42545668,42545668,10.1007/s10147-026-03158-0,Prognostic significance of predicted skeletal muscle index after curative-intent resection for non-small cell lung cancer.,resistance-training-muscle,metadata_only_needs_classification,human,E,retired_from_active_findings,title_topic_signal_missing,2026-10-01,Git history and prior public-data snapshots
finding-pubmed-42546819,pubmed-42546819,42546819,10.1016/j.arr.2026.103285,Aging at the neurovascular interface: An integrative framework linking cardiovascular and cerebrovascular diseases.,senolytics,narrative_review,human,E,retired_from_active_findings,title_topic_signal_missing,2026-10-01,Git history and prior public-data snapshots
finding-pubmed-42546852,pubmed-42546852,42546852,10.1016/j.bbcan.2026.189673,Rethinking glioma-associated senescence: Drivers of heterogeneity and therapeutic resistance.,senolytics,narrative_review,human,E,retired_from_active_findings,title_topic_signal_missing,2026-10-01,Git history and prior public-data snapshots
finding-pubmed-42548829,pubmed-42548829,42548829,10.1016/j.mayocpiqo.2026.100741,Estimated Cardiorespiratory Fitness and Incident Cardiometabolic Multimorbidity in Older Adults: A Prospective Cohort Study.,blood-pressure-aging,human_cohort,human,C,retired_from_active_findings,title_topic_signal_missing,2026-10-01,Git history and prior public-data snapshots
finding-pubmed-42550191,pubmed-42550191,42550191,10.1007/s00406-026-02294-y,Temporal patterns of alcohol use in alcohol use disorder: a 12-month ecological momentary assessment.,physical-activity-healthspan,metadata_only_needs_classification,human,E,retired_from_active_findings,title_topic_signal_missing,2026-10-01,Git history and prior public-data snapshots
finding-pubmed-42550192,pubmed-42550192,42550192,10.1007/s00406-026-02330-x,Effects of an internet-based combined exercise and cognitive-behavioral therapy intervention on endocannabinoid system biomarkers and physical fitness in adults with mild-to-moderate depression: a SONRIE randomized controlled trial.,physical-activity-healthspan,human_randomized_or_clinical_trial,human,C,retired_from_active_findings,topic_capacity_limit,2026-10-01,Git history and prior public-data snapshots
finding-pubmed-42550411,pubmed-42550411,42550411,10.1007/s10157-026-02930-w,"Eldecalcitol in older adults with kidney vulnerability: a narrative review of risk-based use, dose adjustment, and monitoring.",resistance-training-muscle,narrative_review,human,E,retired_from_active_findings,title_topic_signal_missing,2026-10-01,Git history and prior public-data snapshots
finding-pubmed-42550855,pubmed-42550855,42550855,10.1177/13872877261474103,Circulating MMP-7 is associated with cognitive decline in individuals with vascular risk factors.,blood-pressure-aging,human_cohort,human,B,retired_from_active_findings,title_topic_signal_missing,2026-10-01,Git history and prior public-data snapshots
finding-pubmed-42551225,pubmed-42551225,42551225,10.1016/j.neubiorev.2026.106896,Diffusion MRI of gray matter microstructural profiles in healthy aging.,physical-activity-healthspan,narrative_review,human,E,retired_from_active_findings,title_topic_signal_missing,2026-10-01,Git history and prior public-data snapshots
finding-pubmed-42551572,pubmed-42551572,42551572,10.1016/j.ctim.2026.103414,"Health effects of Sahaj Samadhi meditation: A scoping review of evidence across cognitive, neurophysiological and clinical domains.",sleep-aging,narrative_review,human,E,retired_from_active_findings,title_topic_signal_missing,2026-10-01,Git history and prior public-data snapshots
finding-pubmed-42551659,pubmed-42551659,42551659,10.1016/j.nbd.2026.107563,Chronic hypertension and social isolation disrupt the blood-brain barrier and memory in a sex-dependent manner.,blood-pressure-aging,animal_study,animal,D,retired_from_active_findings,nonhuman_record_in_human_outcome_topic,2026-10-01,Git history and prior public-data snapshots
finding-pubmed-42551713,pubmed-42551713,42551713,10.1016/j.rmed.2026.109077,"Lung Function after Randomization to Metformin, Lifestyle Intervention or Placebo in the Diabetes Prevention Program Outcomes Study (DPPOS).",metformin-aging,human_randomized_or_clinical_trial,human,C,retired_from_active_findings,topic_scope_mismatch,2026-10-01,Git history and prior public-data snapshots
finding-pubmed-42551770,pubmed-42551770,42551770,10.1016/j.exger.2026.113265,Aging preserves mTORC1 but attenuates JNK-SMAD2L signaling sensitivity to passive stretch-induced tension development in isolated mouse skeletal muscle.,rapamycin-mtor-aging,animal_study,mouse,D,retired_from_active_findings,title_topic_signal_missing,2026-10-01,Git history and prior public-data snapshots
finding-pubmed-42551771,pubmed-42551771,42551771,10.1016/j.exger.2026.113262,Synergistic chemosensory decline as a multidimensional biomarker of neurodegeneration: A scoping review of the olfactory-gustatory axis in aging.,resistance-training-muscle,narrative_review,human,E,retired_from_active_findings,title_topic_signal_missing,2026-10-01,Git history and prior public-data snapshots
finding-pubmed-42552238,pubmed-42552238,42552238,10.1111/dom.71190,"GLP-1 Receptor Agonist Therapy for Obesity Under Japan's Optimal Use Guideline: A Prospective Real-World Study of Lifestyle Pre-Treatment, Time-Limited Treatment Cap, and Post-Cessation Regain.",glp1-weight-cardiometabolic,narrative_review,human,E,retired_from_active_findings,topic_capacity_limit,2026-10-01,Git history and prior public-data snapshots
finding-pubmed-42554262,pubmed-42554262,42554262,10.1097/HJH.0000000000004409,The association of cardiovascular health with new-onset pulmonary hypertension and the mediating role of proteomic signatures.,blood-pressure-aging,animal_study,animal,D,retired_from_active_findings,topic_scope_mismatch,2026-10-01,Git history and prior public-data snapshots
finding-pubmed-42556094,pubmed-42556094,42556094,10.1016/j.gde.2026.102517,The role of transposable elements-endogenous retroviruses in embryonic development and regeneration.,partial-reprogramming,narrative_review,human,E,retired_from_active_findings,title_topic_signal_missing,2026-10-01,Git history and prior public-data snapshots
finding-pubmed-42556648,pubmed-42556648,42556648,10.1016/j.arr.2026.103290,Mitochondrial homeostasis dysregulation: Potential mechanisms of Alzheimer's disease mediated by TDP-43.,autophagy-mitophagy,narrative_review,needs_review,E,retired_from_active_findings,title_topic_signal_missing,2026-10-01,Git history and prior public-data snapshots
finding-pubmed-42557022,pubmed-42557022,42557022,10.5551/jat.RV22057,"Diet and Atherosclerosis Prevention: Rethinking the Significance of ""The Japan Diet"".",dietary-pattern-longevity,narrative_review,human,E,retired_from_active_findings,topic_capacity_limit,2026-10-01,Git history and prior public-data snapshots
finding-pubmed-42557058,pubmed-42557058,42557058,10.1111/dom.71192,The 'Slow Burn' Phenotype: How Relative Caloric Intake Reveals Hidden Cardiovascular Risk Beyond BMI.,resistance-training-muscle,metadata_only_needs_classification,human,E,retired_from_active_findings,title_topic_signal_missing,2026-10-01,Git history and prior public-data snapshots
finding-pubmed-42557124,pubmed-42557124,42557124,10.1016/j.clinthera.2026.07.003,Nutritional Support With Or Without Exercise for Older Adults With GLIM-Compatible Malnutrition: A Meta-Analysis of Randomized Controlled Trials.,resistance-training-muscle,systematic_review_or_meta_analysis,human,A,retired_from_active_findings,title_topic_signal_missing,2026-10-01,Git history and prior public-data snapshots
finding-pubmed-42559709,pubmed-42559709,42559709,10.1002/ncp.70166,Association and discriminative value of serum inflammatory biomarkers for sarcopenic obesity: A retrospective cross-sectional study.,resistance-training-muscle,metadata_only_needs_classification,human,E,retired_from_active_findings,topic_scope_mismatch,2026-10-01,Git history and prior public-data snapshots
finding-pubmed-42561161,pubmed-42561161,42561161,10.2337/db26-0159,"The Intersection of Immunosenescence, Cellular Senescence, and Type 1 Diabetes: Paving the Way for Future Interventions.",microbiome-inflammaging,narrative_review,human,E,retired_from_active_findings,title_topic_signal_missing,2026-10-01,Git history and prior public-data snapshots
finding-pubmed-42561888,pubmed-42561888,42561888,10.1016/j.identj.2026.109772,Oral-Cardiovascular Links Via Blood Biomarkers: An Exposure-Wide Analysis.,blood-pressure-aging,metadata_only_needs_classification,human,E,retired_from_active_findings,title_topic_signal_missing,2026-10-01,Git history and prior public-data snapshots
finding-pubmed-42562163,pubmed-42562163,42562163,10.1016/j.arr.2026.103289,Acute lung injury in the context of aging: Pathogenetic mechanisms and therapeutic strategies.,microbiome-inflammaging,narrative_review,human,E,retired_from_active_findings,title_topic_signal_missing,2026-10-01,Git history and prior public-data snapshots
finding-pubmed-42562172,pubmed-42562172,42562172,10.1016/j.exger.2026.113268,Response-optimised training improves learning of a complex motor task and closely related motor tasks.,physical-activity-healthspan,human_randomized_or_clinical_trial,human,C,retired_from_active_findings,title_topic_signal_missing,2026-10-01,Git history and prior public-data snapshots
finding-pubmed-42562318,pubmed-42562318,42562318,10.1016/j.clnesp.2026.105015,Association of swallowing function and Mediterranean diet adherence among community-dwelling older adults: results from the DIAPELH Study.,dietary-pattern-longevity,metadata_only_needs_classification,human,E,retired_from_active_findings,topic_capacity_limit,2026-10-01,Git history and prior public-data snapshots
finding-pubmed-42562320,pubmed-42562320,42562320,10.1016/j.clnesp.2026.105014,Phase angle as a marker of frailty and prognosis in heart failure: Evidence from a prospective cohort study.,resistance-training-muscle,human_cohort,human,B,retired_from_active_findings,topic_scope_mismatch,2026-10-01,Git history and prior public-data snapshots
finding-pubmed-42562512,pubmed-42562512,42562512,10.1016/j.foodres.2026.119738,Dual-stage assessment of Salmonella-specific bacteriophage formulation: Antibiofilm activity on food matrices and in vivo efficacy against the murine salmonellosis model.,microbiome-inflammaging,animal_study,mouse,D,retired_from_active_findings,title_topic_signal_missing,2026-10-01,Git history and prior public-data snapshots
finding-pubmed-42563498,pubmed-42563498,42563498,10.1152/ajpheart.00177.2026,From gut to heart: the emerging role of dietary fermentable fiber in heart failure with preserved ejection fraction.,microbiome-inflammaging,systematic_review_or_meta_analysis,human,A,retired_from_active_findings,title_topic_signal_missing,2026-10-01,Git history and prior public-data snapshots
finding-pubmed-42563701,pubmed-42563701,42563701,10.3892/mmr.2026.13985,Histone deacetylase 3‑mediated histone deacetylation combined with activating transcription factor 3 promotes renal fibrosis by inhibiting Klotho.,klotho-il11-aging,animal_study,mouse,D,retired_from_active_findings,topic_scope_mismatch,2026-10-01,Git history and prior public-data snapshots
finding-pubmed-42566074,pubmed-42566074,42566074,10.1007/s10067-026-08339-w,Ultrasound viscoelasticity and attenuation imaging for rheumatoid arthritis-associated muscle quality changes: a clinical transcriptomic study.,resistance-training-muscle,human_mendelian_randomization,human,C,retired_from_active_findings,title_topic_signal_missing,2026-10-01,Git history and prior public-data snapshots
finding-pubmed-42566231,pubmed-42566231,42566231,10.1152/japplphysiol.00509.2026,The impact of acute sleep fragmentation on muscle blood flow responses to handgrip exercise.,sleep-aging,human_randomized_or_clinical_trial,human,C,retired_from_active_findings,topic_capacity_limit,2026-10-01,Git history and prior public-data snapshots
finding-pubmed-42566995,pubmed-42566995,42566995,10.1016/j.bbrc.2026.154395,Isoquercitrin alleviates sepsis-induced myocardial injury via the EGFR/PI3K/AKT signaling pathway.,senolytics,animal_study,animal,D,retired_from_active_findings,title_topic_signal_missing,2026-10-01,Git history and prior public-data snapshots
finding-pubmed-42567492,pubmed-42567492,42567492,10.1016/j.exger.2026.113270,Artificial intelligence-based whole-body skeletal muscle volume predicts long-term mortality after transcatheter aortic valve implantation.,resistance-training-muscle,human_cohort,human,B,retired_from_active_findings,title_topic_signal_missing,2026-10-01,Git history and prior public-data snapshots
finding-pubmed-42568307,pubmed-42568307,42568307,10.1152/ajpheart.00450.2026,Age-associated patterns of cardiovascular risk and disease phenotypes across diverse care settings: the GLOB-cAGE consortium.,blood-pressure-aging,metadata_only_needs_classification,human,E,retired_from_active_findings,title_topic_signal_missing,2026-10-01,Git history and prior public-data snapshots
finding-pubmed-42568799,pubmed-42568799,42568799,10.1016/j.ijcha.2026.101980,SGLT2 inhibitor prescription at discharge in very old adults with heart failure irrespective of diabetes status.,resistance-training-muscle,metadata_only_needs_classification,human,E,retired_from_active_findings,title_topic_signal_missing,2026-10-01,Git history and prior public-data snapshots
finding-pubmed-42570738,pubmed-42570738,42570738,10.1016/j.exger.2026.113271,Dynamic trajectories of possible sarcopenia under the AWGS 2025 criteria and long-term prognosis: A national landmark cohort study.,resistance-training-muscle,human_cohort,human,B,retired_from_active_findings,topic_scope_mismatch,2026-10-01,Git history and prior public-data snapshots
finding-pubmed-42571764,pubmed-42571764,42571764,10.1016/j.cyto.2026.157194,Translational perspectives of next-generation cytokine therapies for musculoskeletal disorders.,resistance-training-muscle,narrative_review,human,E,retired_from_active_findings,title_topic_signal_missing,2026-10-01,Git history and prior public-data snapshots
finding-pubmed-42573264,pubmed-42573264,42573264,10.1128/jvi.00552-26,Intragenic transcription from defective HIV proviruses triggers interferon responses in myeloid cells.,microbiome-inflammaging,mechanistic_or_cell_study,human,E,retired_from_active_findings,title_topic_signal_missing,2026-10-01,Git history and prior public-data snapshots
finding-pubmed-42573448,pubmed-42573448,42573448,10.1080/02640414.2026.2715264,Age-related force output changes in the knee extensors are different to those in the arm flexors.,resistance-training-muscle,metadata_only_needs_classification,human,E,retired_from_active_findings,title_topic_signal_missing,2026-10-01,Git history and prior public-data snapshots
finding-pubmed-42573875,pubmed-42573875,42573875,10.1007/s11357-026-02470-x,Chronic subdural hematoma through the hallmarks of aging: a geroscience framework for the commonest neurosurgical condition of older adults.,senolytics,narrative_review,human,E,retired_from_active_findings,title_topic_signal_missing,2026-10-01,Git history and prior public-data snapshots
finding-pubmed-42575227,pubmed-42575227,42575227,10.1016/j.ctim.2026.103417,Effectiveness of hyperbaric oxygen in traumatic brain injury patients: A systematic review and meta-analysis.,sleep-aging,systematic_review_or_meta_analysis,human,E,retired_from_active_findings,title_topic_signal_missing,2026-10-01,Git history and prior public-data snapshots
finding-pubmed-42576130,pubmed-42576130,42576130,10.1007/s11357-026-02467-6,Preserving joint healthspan in knee osteoarthritis: a geroscience-guided review of non-surgical therapies and genicular artery embolization.,physical-activity-healthspan,narrative_review,human,E,retired_from_active_findings,title_topic_signal_missing,2026-10-01,Git history and prior public-data snapshots
finding-pubmed-42576415,pubmed-42576415,42576415,10.1097/MOT.0000000000001305,Gut microbiota and complications in kidney transplantation: a balancing act between commensal and pathogenic bacteria.,microbiome-inflammaging,narrative_review,human,E,retired_from_active_findings,topic_scope_mismatch,2026-10-01,Git history and prior public-data snapshots
finding-pubmed-42580589,pubmed-42580589,42580589,10.1016/j.clnesp.2026.105021,"Pre-procedural nutritional, metabolic, and inflammatory markers associated with survival after percutaneous endoscopic gastrostomy: A retrospective cohort study.",resistance-training-muscle,human_cohort,human,B,retired_from_active_findings,title_topic_signal_missing,2026-10-01,Git history and prior public-data snapshots
finding-pubmed-42580598,pubmed-42580598,42580598,10.1016/j.arr.2026.103296,"Clonal hematopoiesis of undetermined potential as an emerging determinant of inflammageing, and age-related diseases: Potential role as biomarker and target.",microbiome-inflammaging,narrative_review,human,E,retired_from_active_findings,title_topic_signal_missing,2026-10-01,Git history and prior public-data snapshots
finding-pubmed-42580599,pubmed-42580599,42580599,10.1016/j.arr.2026.103294,Plant-derived extracellular vesicles (PDEVs) in anti-aging research: A review of biomedical characteristics and therapeutic applications.,microbiome-inflammaging,animal_study,animal,D,retired_from_active_findings,title_topic_signal_missing,2026-10-01,Git history and prior public-data snapshots
finding-pubmed-42580600,pubmed-42580600,42580600,10.1016/j.arr.2026.103293,"Beyond senescence entry: Individual-cell fates, population outcomes and therapeutic implications in ageing and disease.",senolytics,narrative_review,human,E,retired_from_active_findings,title_topic_signal_missing,2026-10-01,Git history and prior public-data snapshots
finding-pubmed-42580624,pubmed-42580624,42580624,10.1016/j.cbpa.2026.112061,Review: The African turquoise killifish as a model for the integrative physiology of vertebrate aging.,microbiome-inflammaging,narrative_review,needs_review,E,retired_from_active_findings,title_topic_signal_missing,2026-10-01,Git history and prior public-data snapshots
finding-pubmed-42581816,pubmed-42581816,42581816,10.1093/cvr/cvag169,Timing of food intake impacts cardiovascular and neuroendocrine physiology and risk of disease.,time-restricted-eating,narrative_review,human,E,retired_from_active_findings,title_topic_signal_missing,2026-10-01,Git history and prior public-data snapshots
finding-pubmed-42584177,pubmed-42584177,42584177,10.1111/cob.70105,Burden and Risk of Depression in Patients Receiving Semaglutide: A Systematic Review and Meta-Analysis.,glp1-weight-cardiometabolic,systematic_review_or_meta_analysis,human,E,retired_from_active_findings,topic_capacity_limit,2026-10-01,Git history and prior public-data snapshots
finding-pubmed-42584970,pubmed-42584970,42584970,10.3724/abbs.2026146,Corrigendum to: Decreased dynamin-related protein 1-related mitophagy induces myocardial apoptosis in the aging heart.,autophagy-mitophagy,metadata_only_needs_classification,needs_review,E,retired_from_active_findings,non_result_publication_title,2026-10-01,Git history and prior public-data snapshots
finding-pubmed-42585123,pubmed-42585123,42585123,10.1172/jci.insight.206714,Chronic Hypertension Impairs Lymphatic Drainage in Deep Cervical Lymph Nodes.,blood-pressure-aging,animal_study,animal,D,retired_from_active_findings,nonhuman_record_in_human_outcome_topic,2026-10-01,Git history and prior public-data snapshots
finding-pubmed-42585285,pubmed-42585285,42585285,10.1177/13872877261475358,Correlation analysis between complement proteins and Alzheimer's disease.,blood-pressure-aging,animal_study,mouse,D,retired_from_active_findings,title_topic_signal_missing,2026-10-01,Git history and prior public-data snapshots
finding-pubmed-42585629,pubmed-42585629,42585629,10.1097/ALN.0000000000006326,Preoperative Glucagon-like Peptide-1 Receptor Agonists and Postoperative Outcomes: An Observational Analysis.,metformin-aging,metadata_only_needs_classification,human,E,retired_from_active_findings,title_topic_signal_missing,2026-10-01,Git history and prior public-data snapshots
finding-pubmed-42585894,pubmed-42585894,42585894,10.1016/j.suronc.2026.102531,Effects of different resistance exercise programs on upper limb functional recovery in postoperative breast cancer patients.,resistance-training-muscle,human_randomized_or_clinical_trial,human,B,retired_from_active_findings,title_topic_signal_missing,2026-10-01,Git history and prior public-data snapshots
finding-pubmed-42586245,pubmed-42586245,42586245,10.1016/j.arr.2026.103301,Targeting the hallmarks of ageing: Pharmacological challenges and breakthroughs in CRISPR delivery systems and future prospects.,microbiome-inflammaging,narrative_review,human,E,retired_from_active_findings,title_topic_signal_missing,2026-10-01,Git history and prior public-data snapshots
finding-pubmed-42586246,pubmed-42586246,42586246,10.1016/j.arr.2026.103288,"From food to function: Nutraceutical-based modulation of mitochondrial, inflammatory and epigenetic networks in retinal neurodegeneration.",microbiome-inflammaging,narrative_review,cell,E,retired_from_active_findings,title_topic_signal_missing,2026-10-01,Git history and prior public-data snapshots
finding-pubmed-42586261,pubmed-42586261,42586261,10.1016/j.jiac.2026.103051,Development and validation of the N-DROP score: A penalized logistic regression model for predicting 30-day in-hospital mortality in patients with nursing- and healthcare-associated pneumonia.,resistance-training-muscle,metadata_only_needs_classification,human,E,retired_from_active_findings,title_topic_signal_missing,2026-10-01,Git history and prior public-data snapshots
finding-pubmed-42586387,pubmed-42586387,42586387,10.1016/j.exger.2026.113279,"Age-associated inflammation is accompanied by JAK1-STAT1 signaling activation, megakaryocyte apoptosis, and enhanced thrombopoiesis in naturally aged mice.",klotho-il11-aging,animal_study,mouse,D,retired_from_active_findings,title_topic_signal_missing,2026-10-01,Git history and prior public-data snapshots
finding-pubmed-42586389,pubmed-42586389,42586389,10.1016/j.exger.2026.113278,PRMT6 drives hearing loss by promoting asymmetric arginine dimethylation-mediated FOXG1 degradation and suppressing mitophagy.,autophagy-mitophagy,animal_study,mouse,D,retired_from_active_findings,topic_scope_mismatch,2026-10-01,Git history and prior public-data snapshots
finding-pubmed-42586644,pubmed-42586644,42586644,10.1016/j.carbpol.2026.125615,"Isomeric effect of coumaric acid on the structure, digestion, and gut microbiota regulation of starch-based V-type complexes.",microbiome-inflammaging,mechanistic_or_cell_study,human,E,retired_from_active_findings,topic_scope_mismatch,2026-10-01,Git history and prior public-data snapshots
finding-pubmed-42593006,pubmed-42593006,42593006,10.1080/08037051.2026.2717792,Association of sleep duration and hypertension in older adults: a cross-sectional study.,blood-pressure-aging,metadata_only_needs_classification,human,E,retired_from_active_findings,topic_capacity_limit,2026-10-01,Git history and prior public-data snapshots
finding-pubmed-42595025,pubmed-42595025,42595025,10.1016/j.exger.2026.113276,Mitochondrial dysfunction as a key mediator of endplate chondrocyte senescence: emerging insights and targeted interventions.,autophagy-mitophagy,narrative_review,human,E,retired_from_active_findings,title_topic_signal_missing,2026-10-01,Git history and prior public-data snapshots
finding-pubmed-42595030,pubmed-42595030,42595030,10.1016/j.envres.2026.125484,Association between long-term ambient PM(2).(5) exposure and hypertension and metabolic syndrome among Ghanaian adults.,blood-pressure-aging,metadata_only_needs_classification,human,E,retired_from_active_findings,topic_capacity_limit,2026-10-01,Git history and prior public-data snapshots
finding-pubmed-42595186,pubmed-42595186,42595186,10.1016/j.arr.2026.103300,"Thymus regeneration in countering immunosenescence: Mechanisms, strategies and future perspectives.",microbiome-inflammaging,narrative_review,human,E,retired_from_active_findings,title_topic_signal_missing,2026-10-01,Git history and prior public-data snapshots
finding-pubmed-42596082,pubmed-42596082,42596082,10.1080/02640414.2026.2717034,Acute effects of a submaximal 5-km downhill running bout upon uphill walking economy and lower-limb strength in trail runners.,resistance-training-muscle,metadata_only_needs_classification,human,E,retired_from_active_findings,title_topic_signal_missing,2026-10-01,Git history and prior public-data snapshots
finding-pubmed-42599324,pubmed-42599324,42599324,10.1177/00914150261445634,The Shadowy Side of Aging: The Determining Role of Depression in the Development of Frailty.,resistance-training-muscle,metadata_only_needs_classification,human,E,retired_from_active_findings,topic_scope_mismatch,2026-10-01,Git history and prior public-data snapshots
finding-pubmed-42599381,pubmed-42599381,42599381,10.1007/s13300-026-01908-x,Survodutide for Obesity in Chinese Adults: Phase 3 Randomized Trial Design and Baseline Characteristics (SYNCHRONIZE™-CN).,sleep-aging,human_randomized_or_clinical_trial,human,C,retired_from_active_findings,title_topic_signal_missing,2026-10-01,Git history and prior public-data snapshots
finding-pubmed-42600321,pubmed-42600321,42600321,10.1016/j.arr.2026.103303,Exercise modalities for overall and domain-specific balance performance in older adults: A systematic review and Bayesian network meta-analysis.,resistance-training-muscle,systematic_review_or_meta_analysis,human,E,retired_from_active_findings,title_topic_signal_missing,2026-10-01,Git history and prior public-data snapshots
finding-pubmed-42600391,pubmed-42600391,42600391,10.1016/j.vetmic.2026.111185,Gut microbial differences in healthy and sick farmed American alligators (Alligator mississippiensis) during a disease outbreak.,microbiome-inflammaging,metadata_only_needs_classification,human,E,retired_from_active_findings,title_topic_signal_missing,2026-10-01,Git history and prior public-data snapshots
finding-pubmed-42600665,pubmed-42600665,42600665,10.1016/j.mad.2026.112234,Identifying biomarkers of accelerated ageing in cancer patients from routine clinical data.,resistance-training-muscle,metadata_only_needs_classification,human,E,retired_from_active_findings,title_topic_signal_missing,2026-10-01,Git history and prior public-data snapshots
finding-pubmed-42600857,pubmed-42600857,42600857,10.1016/j.rmed.2026.109106,Association of inflammation-related biomarkers with the risk of obstructive sleep apnea among senior adults: a prospective cohort study.,sleep-aging,human_cohort,human,C,retired_from_active_findings,topic_capacity_limit,2026-10-01,Git history and prior public-data snapshots
finding-pubmed-42601049,pubmed-42601049,42601049,10.1055/a-2938-3600,"Late-Onset Neonatal Sepsis: Contemporary Epidemiology, Diagnosis, Prevention, and Precision Therapeutics.",microbiome-inflammaging,metadata_only_needs_classification,human,E,retired_from_active_findings,title_topic_signal_missing,2026-10-01,Git history and prior public-data snapshots
finding-pubmed-42603990,pubmed-42603990,42603990,10.1016/j.ekir.2026.106700,Nicotinamide Adenine Dinucleotide Augmentation in Diabetic Kidney Disease: Randomized Trial Study Protocol.,nad-nmn-nr-aging,protocol_or_registered_plan,human,E,retired_from_active_findings,non_result_publication_title,2026-10-01,Git history and prior public-data snapshots
finding-pubmed-42606522,pubmed-42606522,42606522,10.1152/ajpendo.00105.2026,Mechanistic drivers of thermogenic adipose tissue dysfunction in aging and obesity.,autophagy-mitophagy,narrative_review,cell,E,retired_from_active_findings,title_topic_signal_missing,2026-10-01,Git history and prior public-data snapshots
finding-pubmed-42607350,pubmed-42607350,42607350,10.1016/j.jchromb.2026.125243,Dasatinib alleviates inflammation in sepsis by inhibiting T cell senescence via MAPK14 /NF-κB axis.,senolytics,animal_study,mouse,D,retired_from_active_findings,topic_scope_mismatch,2026-10-01,Git history and prior public-data snapshots
finding-pubmed-42607881,pubmed-42607881,42607881,10.1016/j.cct.2026.108436,"Rationale, design, and methods of the dietary approaches to stop hypertension for diabetes (DASH4D) controlled feeding trial.",dietary-pattern-longevity,protocol_or_registered_plan,human,E,retired_from_active_findings,protocol_or_registered_plan,2026-10-01,Git history and prior public-data snapshots
finding-pubmed-42607977,pubmed-42607977,42607977,10.1016/j.neuroimage.2026.122165,Federated learning for MRI-based BrainAGE: A multicenter study on post-stroke functional outcome prediction.,blood-pressure-aging,metadata_only_needs_classification,human,E,retired_from_active_findings,title_topic_signal_missing,2026-10-01,Git history and prior public-data snapshots
finding-pubmed-42609211,pubmed-42609211,42609211,10.1177/01939459261468965,Associations Between Autonomic Nervous System Activity and Frailty in Community-Dwelling Older Women.,resistance-training-muscle,metadata_only_needs_classification,human,E,retired_from_active_findings,topic_scope_mismatch,2026-10-01,Git history and prior public-data snapshots
finding-pubmed-42610644,pubmed-42610644,42610644,10.1002/pri.70324,Therapeutic Exercise Protocol During Hospitalization in Pediatric Oncohematological Patients: Randomized Clinical Trial.,resistance-training-muscle,protocol_or_registered_plan,human,E,retired_from_active_findings,protocol_or_registered_plan,2026-10-01,Git history and prior public-data snapshots
finding-pubmed-42612710,pubmed-42612710,42612710,10.1016/j.arr.2026.103310,"The nutrition-sleep-circadian axis in age-related neurodegeneration: Cellular mechanisms, metabolic dysfunction, and neuroprotective interventions.",time-restricted-eating,narrative_review,human,E,retired_from_active_findings,title_topic_signal_missing,2026-10-01,Git history and prior public-data snapshots
finding-pubmed-42612952,pubmed-42612952,42612952,10.1016/j.clnesp.2026.105038,"Malnutrition and sarcopenia in rheumatoid arthritis: Prevalence, risk factors, and the limitations of body mass index: A cross-sectional study.",resistance-training-muscle,metadata_only_needs_classification,human,E,retired_from_active_findings,topic_scope_mismatch,2026-10-01,Git history and prior public-data snapshots
finding-pubmed-42615618,pubmed-42615618,42615618,10.1128/msystems.00876-26,Fermentation capacity of the gut microbiota influences exercise motivation and neuroendocrine integration.,physical-activity-healthspan,animal_study,mouse,D,retired_from_active_findings,nonhuman_record_in_human_outcome_topic,2026-10-01,Git history and prior public-data snapshots
finding-pubmed-42617399,pubmed-42617399,42617399,10.1016/j.clnu.2026.106758,Proteomic signature of healthy dietary patterns and risk of cardiovascular disease in the framingham heart study.,blood-pressure-aging,metadata_only_needs_classification,human,E,retired_from_active_findings,title_topic_signal_missing,2026-10-01,Git history and prior public-data snapshots
finding-pubmed-42617806,pubmed-42617806,42617806,10.1016/j.clnesp.2026.105026,Composite TyG-Inflammation Index as a Preoperative Biomarker of Metabolic-Inflammatory Vulnerability in Colorectal Cancer Surgery: Associations With Postoperative Complications and Myosteatosis.,resistance-training-muscle,metadata_only_needs_classification,human,E,retired_from_active_findings,title_topic_signal_missing,2026-10-01,Git history and prior public-data snapshots
finding-pubmed-42617992,pubmed-42617992,42617992,10.1016/j.jstrokecerebrovasdis.2026.108731,Immuno-metabolic interactions along the microbiota-gut-brain axis in ischemic stroke: a narrative review.,microbiome-inflammaging,narrative_review,human,E,retired_from_active_findings,topic_scope_mismatch,2026-10-01,Git history and prior public-data snapshots
finding-pubmed-42618406,pubmed-42618406,42618406,10.1016/j.transproceed.2026.07.017,Association of Moderate Coronary Artery Disease Burden With Major Adverse Cardiovascular Events Following Kidney Transplantation.,blood-pressure-aging,metadata_only_needs_classification,human,E,retired_from_active_findings,title_topic_signal_missing,2026-10-01,Git history and prior public-data snapshots
finding-pubmed-42618523,pubmed-42618523,42618523,10.1002/oby.70277,Major Adverse Liver Outcomes With Tirzepatide and Injectable Semaglutide in Adults With Overweight or Obesity and Type 2 Diabetes.,glp1-weight-cardiometabolic,metadata_only_needs_classification,human,E,retired_from_active_findings,topic_capacity_limit,2026-10-01,Git history and prior public-data snapshots
finding-pubmed-42622874,pubmed-42622874,42622874,10.1007/s00264-026-06984-z,Investigating the impact of Glucagon-like peptide-1 therapy on total shoulder arthroplasty outcomes.,glp1-weight-cardiometabolic,metadata_only_needs_classification,human,E,retired_from_active_findings,title_topic_signal_missing,2026-10-01,Git history and prior public-data snapshots
finding-pubmed-42623313,pubmed-42623313,42623313,10.1152/ajpendo.00113.2026,A noninvasive (13)C-mannitol breath test to monitor semaglutide treatment-induced delayed oral-cecal transit in mice.,glp1-weight-cardiometabolic,animal_study,mouse,D,retired_from_active_findings,nonhuman_record_in_human_outcome_topic,2026-10-01,Git history and prior public-data snapshots
finding-pubmed-42624319,pubmed-42624319,42624319,10.1016/j.envres.2026.125485,"Beyond heatwaves and cold spells: Long-term exposure to short-duration extremes, behavioural pathways, and hypertension risk in a national Chinese cohort.",sleep-aging,human_cohort,human,C,retired_from_active_findings,title_topic_signal_missing,2026-10-01,Git history and prior public-data snapshots
finding-pubmed-42624330,pubmed-42624330,42624330,10.1016/j.diabres.2026.113504,"Trends in utilization of glucagon-like peptide‑1 receptor agonists, sodium-glucose cotransporter‑2 inhibitors, and metabolic bariatric surgery in U.S. adults with diabetes and obesity.",glp1-weight-cardiometabolic,metadata_only_needs_classification,human,E,retired_from_active_findings,title_topic_signal_missing,2026-10-01,Git history and prior public-data snapshots
finding-pubmed-42624351,pubmed-42624351,42624351,10.1016/j.biosystems.2026.105924,"Aging as cross-hallmark obstruction amplification: A sheaf-theoretic model of repair closure, senescence, inflammation, and regenerative failure.",senolytics,metadata_only_needs_classification,human,E,retired_from_active_findings,title_topic_signal_missing,2026-10-01,Git history and prior public-data snapshots
finding-pubmed-42624688,pubmed-42624688,42624688,10.1016/j.ejim.2026.107157,Breaking LDL-cholesterol inertia after myocardial infarction: from discharge prescription to closed-loop care.,ldl-apob-cardiovascular-risk,metadata_only_needs_classification,needs_review,E,retired_from_active_findings,topic_capacity_limit,2026-10-01,Git history and prior public-data snapshots
finding-pubmed-42624753,pubmed-42624753,42624753,10.1016/j.surg.2026.110471,Are the days gone when age mattered? A national-level comparison of frailty versus age in predicting postoperative outcomes.,resistance-training-muscle,metadata_only_needs_classification,human,E,retired_from_active_findings,topic_scope_mismatch,2026-10-01,Git history and prior public-data snapshots
finding-pubmed-42625100,pubmed-42625100,42625100,10.1007/s11357-026-02481-8,Examination of DNAm PhenoAge as an epigenetic biomarker for perioperative risk in adult spinal deformity surgeries.,epigenetic-clocks,metadata_only_needs_classification,human,E,retired_from_active_findings,title_topic_signal_missing,2026-10-01,Git history and prior public-data snapshots
finding-pubmed-42627257,pubmed-42627257,42627257,10.1097/MOP.0000000000001614,The role of preventive cardiology in children.,physical-activity-healthspan,narrative_review,human,E,retired_from_active_findings,title_topic_signal_missing,2026-10-01,Git history and prior public-data snapshots
finding-pubmed-42628655,pubmed-42628655,42628655,10.1016/j.diabres.2026.113509,"Optimal dose and exercise modality to improve HbA1c in older adults with type 2 diabetes mellitus: a systematic review with pairwise, network, and dose-response meta-analyses.",resistance-training-muscle,systematic_review_or_meta_analysis,human,A,retired_from_active_findings,title_topic_signal_missing,2026-10-01,Git history and prior public-data snapshots
finding-pubmed-42628735,pubmed-42628735,42628735,10.1016/j.clnesp.2026.105056,Postprandial metabolic flexibility during an oral glucose tolerance test in adults with excess body weight or excess adiposity: A sex-based comparison using indirect calorimetry.,resistance-training-muscle,metadata_only_needs_classification,human,E,retired_from_active_findings,title_topic_signal_missing,2026-10-01,Git history and prior public-data snapshots
finding-pubmed-42628736,pubmed-42628736,42628736,10.1016/j.clnesp.2026.105058,"Definitions, diagnostic criteria and assessment methods used in the diagnosis of sarcopenia: A scoping review.",resistance-training-muscle,narrative_review,human,E,retired_from_active_findings,topic_scope_mismatch,2026-10-01,Git history and prior public-data snapshots
finding-pubmed-42628738,pubmed-42628738,42628738,10.1016/j.clnesp.2026.105059,Equation-dependent anthropometric muscle-mass estimates and functional screening limitations in home-bound older adults.,resistance-training-muscle,metadata_only_needs_classification,human,E,retired_from_active_findings,title_topic_signal_missing,2026-10-01,Git history and prior public-data snapshots
finding-pubmed-42628741,pubmed-42628741,42628741,10.1016/j.clnesp.2026.105054,Lower modified creatinine index and risk of intervention for lower extremity arterial disease in hemodialysis patients: Ten-year outcomes of the Q-Cohort Study.,resistance-training-muscle,human_cohort,human,C,retired_from_active_findings,title_topic_signal_missing,2026-10-01,Git history and prior public-data snapshots
finding-pubmed-42629279,pubmed-42629279,42629279,10.1016/j.transproceed.2026.06.036,The Effects of Sarcopenia on Postoperative Outcomes in Living Donor Liver Transplantation Recipients: Insights From a Turkish Single-Center Study.,resistance-training-muscle,metadata_only_needs_classification,human,E,retired_from_active_findings,topic_scope_mismatch,2026-10-01,Git history and prior public-data snapshots
finding-pubmed-42632593,pubmed-42632593,42632593,10.1016/j.clnesp.2026.105063,Association of combined frailty and nutritional risk assessment with mortality in critically ill patients.,resistance-training-muscle,human_cohort,human,B,retired_from_active_findings,topic_scope_mismatch,2026-10-01,Git history and prior public-data snapshots
finding-pubmed-42632601,pubmed-42632601,42632601,10.1016/j.mad.2026.112240,Ensemble DNA methylation clock demonstrates Immune-metabolic aging signatures associated with mortality.,epigenetic-clocks,metadata_only_needs_classification,human,E,retired_from_active_findings,title_topic_signal_missing,2026-10-01,Git history and prior public-data snapshots
finding-pubmed-42633619,pubmed-42633619,42633619,10.1002/pri.70325,"Effects of Adding Incentive Spirometry to Hospital-Based Cardiovascular Rehabilitation on Pulmonary Complications, Hospital Length of Stay, and Clinical-Functional Recovery After Cardiac Surgery: A Randomized Controlled Trial.",resistance-training-muscle,human_randomized_or_clinical_trial,human,B,retired_from_active_findings,title_topic_signal_missing,2026-10-01,Git history and prior public-data snapshots
finding-pubmed-42633863,pubmed-42633863,42633863,10.1016/j.mad.2026.112239,Homeostatic dysregulation and clocks: a distance-based perspective.,epigenetic-clocks,metadata_only_needs_classification,human,E,retired_from_active_findings,title_topic_signal_missing,2026-10-01,Git history and prior public-data snapshots
finding-pubmed-42634098,pubmed-42634098,42634098,10.1002/oby.70291,"Weight Loss Improves Predicted 10-Year MACE and Type 2 Diabetes Risk, but Benefits Partially Rebound at 1 Year.",resistance-training-muscle,human_randomized_or_clinical_trial,human,B,retired_from_active_findings,title_topic_signal_missing,2026-10-01,Git history and prior public-data snapshots
finding-pubmed-42634943,pubmed-42634943,42634943,10.1161/HYPERTENSIONAHA.126.26866,Explaining Variance in Pulse Wave Velocity in Youth: The Youth Vascular Consortium.,physical-activity-healthspan,metadata_only_needs_classification,human,E,retired_from_active_findings,title_topic_signal_missing,2026-10-01,Git history and prior public-data snapshots
finding-pubmed-42635904,pubmed-42635904,42635904,10.1007/s40618-026-02954-9,Muscle strength and HbA1c in geriatric patients with and without diabetes: a retrospective observational cohort study.,resistance-training-muscle,human_cohort,human,B,retired_from_active_findings,topic_scope_mismatch,2026-10-01,Git history and prior public-data snapshots
finding-pubmed-42636097,pubmed-42636097,42636097,10.1152/ajpheart.00417.2026,Role of epigenetic factors during blockade of the Renin-Angiotensin system across aging.,partial-reprogramming,narrative_review,human,E,retired_from_active_findings,title_topic_signal_missing,2026-10-01,Git history and prior public-data snapshots
finding-pubmed-42636689,pubmed-42636689,42636689,10.1016/j.redox.2026.104310,The Enterococcus-putrescine-hadh axis drives mitochondrial redox imbalance and endothelial barrier breakdown in aortic dissection.,nad-nmn-nr-aging,animal_study,animal,D,retired_from_active_findings,title_topic_signal_missing,2026-10-01,Git history and prior public-data snapshots
finding-pubmed-42637918,pubmed-42637918,42637918,10.1007/s00113-026-01742-7,[Geriatric care concepts in the treatment of patients with trochanteric femoral fractures].,resistance-training-muscle,narrative_review,human,E,retired_from_active_findings,title_topic_signal_missing,2026-10-01,Git history and prior public-data snapshots
finding-pubmed-42639402,pubmed-42639402,42639402,10.3892/ol.2026.15815,EGR1 regulates IGF-1-stimulated pancreatic cancer cell invasion by increasing IL-11 expression.,klotho-il11-aging,metadata_only_needs_classification,human,E,retired_from_active_findings,topic_scope_mismatch,2026-10-01,Git history and prior public-data snapshots
finding-pubmed-42640287,pubmed-42640287,42640287,10.1007/s00391-026-02643-5,"[Multicomponent programs in delirium prevention and delirium management in older adults : Evidence, guideline recommendations and perspectives on delirium-sensitive care].",resistance-training-muscle,narrative_review,human,E,retired_from_active_findings,title_topic_signal_missing,2026-10-01,Git history and prior public-data snapshots
finding-pubmed-42640741,pubmed-42640741,42640741,10.1177/02841851261478938,CT-derived composite coronary wall thickness as a marker of early vessel wall remodeling in patients with CAD-RADS 0-2.,ldl-apob-cardiovascular-risk,metadata_only_needs_classification,human,E,retired_from_active_findings,title_topic_signal_missing,2026-10-01,Git history and prior public-data snapshots
finding-pubmed-42641144,pubmed-42641144,42641144,10.1590/2175-8239-JBN-2025-0377en,Elevated circulating fibroblast growth factor 23 is associated with acute kidney injury and mortality in coronavirus disease 2019 (COVID-19).,physical-activity-healthspan,human_cohort,human,B,retired_from_active_findings,title_topic_signal_missing,2026-10-01,Git history and prior public-data snapshots
finding-pubmed-42641806,pubmed-42641806,42641806,10.1016/j.diabres.2026.113522,The impact of new obesity definitions on prevalence and health outcomes.,blood-pressure-aging,metadata_only_needs_classification,human,E,retired_from_active_findings,title_topic_signal_missing,2026-10-01,Git history and prior public-data snapshots
finding-pubmed-42642323,pubmed-42642323,42642323,10.1016/j.pcd.2026.08.007,Beyond conventional lipid markers: Atherogenic index of plasma and triglyceride-glucose index in relation to cardiometabolic multimorbidity in older adults.,blood-pressure-aging,metadata_only_needs_classification,human,E,retired_from_active_findings,title_topic_signal_missing,2026-10-01,Git history and prior public-data snapshots
finding-pubmed-42642900,pubmed-42642900,42642900,10.1002/oby.70280,Real-World Effectiveness and Safety of GLP-1 Receptor Agonists Among Patients With Weight Recurrence After Bariatric Surgery.,glp1-weight-cardiometabolic,metadata_only_needs_classification,human,E,retired_from_active_findings,topic_capacity_limit,2026-10-01,Git history and prior public-data snapshots
finding-pubmed-42643064,pubmed-42643064,42643064,10.1111/apt.70938,Clinical Trial: Intensive Supervised Nutritional Therapy Versus Guideline-Based Nutritional Advice for Sarcopenia in Decompensated Cirrhosis-A Randomised Controlled Trial.,resistance-training-muscle,human_randomized_or_clinical_trial,human,B,retired_from_active_findings,topic_scope_mismatch,2026-10-01,Git history and prior public-data snapshots
finding-pubmed-42644150,pubmed-42644150,42644150,10.1093/lifemeta/loag021,"Stable clocks, rewired rhythms: circadian remodeling in skeletal muscle during aging, cachexia, and type 2 diabetes.",resistance-training-muscle,narrative_review,human,E,retired_from_active_findings,title_topic_signal_missing,2026-10-01,Git history and prior public-data snapshots
finding-pubmed-42644244,pubmed-42644244,42644244,10.1161/STROKEAHA.125.053569,Body Weight in Relation to the Effectiveness of Intravenous Alteplase in Acute Ischemic Stroke: The ENCHANTED Trial.,blood-pressure-aging,human_randomized_or_clinical_trial,human,B,retired_from_active_findings,title_topic_signal_missing,2026-10-01,Git history and prior public-data snapshots
finding-pubmed-42644246,pubmed-42644246,42644246,10.1161/CIRCRESAHA.126.328328,Mitophagy Facilitates Cytosolic Proteostasis to Preserve Cardiac Function.,autophagy-mitophagy,animal_study,mouse,D,retired_from_active_findings,topic_scope_mismatch,2026-10-01,Git history and prior public-data snapshots
finding-pubmed-42644343,pubmed-42644343,42644343,10.1080/02640414.2026.2722769,"Reliability, accuracy, and responsiveness of the five-repetition sit-to-stand estimated power for detecting menopausal status and monitoring intervention effects in women.",resistance-training-muscle,metadata_only_needs_classification,human,E,retired_from_active_findings,title_topic_signal_missing,2026-10-01,Git history and prior public-data snapshots
finding-pubmed-42645535,pubmed-42645535,42645535,10.1007/s00108-026-02172-8,"[Sarcopenia: diagnosis, clinical implications, and treatment].",resistance-training-muscle,narrative_review,human,E,retired_from_active_findings,topic_scope_mismatch,2026-10-01,Git history and prior public-data snapshots
finding-pubmed-42645651,pubmed-42645651,42645651,10.1007/s40262-026-01696-4,Pharmacokinetics and Target Attainment of Antimicrobial Drugs Throughout Pregnancy. Part II: Cephalosporins.,nad-nmn-nr-aging,systematic_review_or_meta_analysis,human,E,retired_from_active_findings,title_topic_signal_missing,2026-10-01,Git history and prior public-data snapshots
finding-pubmed-42648014,pubmed-42648014,42648014,10.1016/j.msard.2026.107670,Validity of patient-reported outcome measures for pain in multiple sclerosis.,resistance-training-muscle,metadata_only_needs_classification,needs_review,E,retired_from_active_findings,title_topic_signal_missing,2026-10-01,Git history and prior public-data snapshots
finding-pubmed-42648063,pubmed-42648063,42648063,10.1016/j.anl.2026.08.009,Age-stratified clinical interpretation of AWGS2025 sarcopenia criteria in head and neck cancer treated with definitive chemoradiotherapy: Comparison with AWGS2019.,resistance-training-muscle,metadata_only_needs_classification,human,E,retired_from_active_findings,topic_scope_mismatch,2026-10-01,Git history and prior public-data snapshots
finding-pubmed-42648596,pubmed-42648596,42648596,10.1016/j.clnesp.2026.105060,Association between body composition and recurrence in stage II-III colon cancer: A retrospective cohort study.,resistance-training-muscle,human_cohort,human,B,retired_from_active_findings,title_topic_signal_missing,2026-10-01,Git history and prior public-data snapshots
finding-pubmed-42649477,pubmed-42649477,42649477,10.1002/pri.70320,Effects of Progressive Inspiratory Muscle Training on Lung Volume and Respiratory Strength in Patients With Pre-Dialysis Chronic Kidney Disease.,resistance-training-muscle,human_randomized_or_clinical_trial,human,C,retired_from_active_findings,title_topic_signal_missing,2026-10-01,Git history and prior public-data snapshots
finding-pubmed-42656071,pubmed-42656071,42656071,10.1097/WCO.0000000000001512,Recent advances in adult-onset disorders of muscle lipid metabolism.,physical-activity-healthspan,narrative_review,human,E,retired_from_active_findings,title_topic_signal_missing,2026-10-01,Git history and prior public-data snapshots
finding-pubmed-42657484,pubmed-42657484,42657484,10.1161/HYPERTENSIONAHA.126.27749,TSP-1 Endothelial Signaling Impairs Brain Angiogenesis in Preeclampsia.,blood-pressure-aging,animal_study,mouse,D,retired_from_active_findings,title_topic_signal_missing,2026-10-01,Git history and prior public-data snapshots
finding-pubmed-42659765,pubmed-42659765,42659765,10.1016/j.socscimed.2026.119726,"Neighborhood amenities, health services, and built infrastructure and epigenetic aging.",physical-activity-healthspan,metadata_only_needs_classification,human,E,retired_from_active_findings,title_topic_signal_missing,2026-10-01,Git history and prior public-data snapshots
finding-pubmed-42660496,pubmed-42660496,42660496,10.1016/j.clnesp.2026.105069,Sarcopenia as a predictor of adverse outcomes in patients with acute coronary syndrome: A prospective cohort study.,resistance-training-muscle,human_cohort,human,B,retired_from_active_findings,topic_scope_mismatch,2026-10-01,Git history and prior public-data snapshots
finding-pubmed-42663183,pubmed-42663183,42663183,10.1152/ajprenal.00168.2026,Renal single-nucleus transcriptomic of a new model of cardiovascular-kidney-metabolic syndrome in aging swine.,blood-pressure-aging,animal_study,animal,D,retired_from_active_findings,title_topic_signal_missing,2026-10-01,Git history and prior public-data snapshots
finding-pubmed-42663983,pubmed-42663983,42663983,10.1001/jama.2026.17524,"Cardiovascular Care Should Incorporate Cognition and Frailty, Heart Group Says in New Statement.",resistance-training-muscle,metadata_only_needs_classification,human,E,retired_from_active_findings,topic_scope_mismatch,2026-10-01,Git history and prior public-data snapshots
finding-pubmed-42664454,pubmed-42664454,42664454,10.1097/MEG.0000000000003255,Assessing clinical outcomes in cirrhotic patients with thromboembolic complications.,blood-pressure-aging,human_cohort,human,B,retired_from_active_findings,title_topic_signal_missing,2026-10-01,Git history and prior public-data snapshots
finding-pubmed-42664617,pubmed-42664617,42664617,10.1016/j.maturitas.2026.109101,Incretin-based therapies in peri- and postmenopausal women with obesity: an expert position statement from the Spanish Menopause Society.,sleep-aging,narrative_review,human,E,retired_from_active_findings,title_topic_signal_missing,2026-10-01,Git history and prior public-data snapshots
finding-pubmed-42664788,pubmed-42664788,42664788,10.1016/j.tranon.2026.102998,Molecular subtyping of colorectal cancer based on aging-related gene network perturbation analysis and functional validation of MAP1B.,senolytics,animal_study,mouse,D,retired_from_active_findings,title_topic_signal_missing,2026-10-01,Git history and prior public-data snapshots
finding-pubmed-42665994,pubmed-42665994,42665994,10.1111/1742-6723.70338,Prehospital Emergency Care for Traumatic Brain Injury Patients in Hanoi: A Multicenter Study of Outcomes and Quality of Care.,blood-pressure-aging,metadata_only_needs_classification,human,E,retired_from_active_findings,title_topic_signal_missing,2026-10-01,Git history and prior public-data snapshots
finding-pubmed-42666016,pubmed-42666016,42666016,10.1002/jcsm.70368,Musculoskeletal (Mal)adaptations in Response to a > 30 000-km Running Challenge.,resistance-training-muscle,metadata_only_needs_classification,human,E,retired_from_active_findings,title_topic_signal_missing,2026-10-01,Git history and prior public-data snapshots
finding-pubmed-42667890,pubmed-42667890,42667890,10.1016/j.maturitas.2026.109103,Joint trajectories of body mass index and depressive symptoms and incident liver disease: A multicohort study with frailty mediation analysis.,resistance-training-muscle,human_cohort,human,B,retired_from_active_findings,topic_scope_mismatch,2026-10-01,Git history and prior public-data snapshots
finding-pubmed-42668018,pubmed-42668018,42668018,10.1016/j.clnesp.2026.105073,A 12-week home-based exercise program with nutritional guidance is associated with improved functional capacity in chronic liver disease.,resistance-training-muscle,metadata_only_needs_classification,human,E,retired_from_active_findings,title_topic_signal_missing,2026-10-01,Git history and prior public-data snapshots
finding-pubmed-42668074,pubmed-42668074,42668074,10.1016/j.phrs.2026.108420,Heterogeneous associations of antidiabetic medications with cancer prognosis: Evidence from 61 studies with over 1.1 million patients.,metformin-aging,systematic_review_or_meta_analysis,human,A,retired_from_active_findings,title_topic_signal_missing,2026-10-01,Git history and prior public-data snapshots
finding-pubmed-42669151,pubmed-42669151,42669151,10.1016/j.celrep.2026.117849,NAD(+) precursor treatment prevents cardiomyopathy but disrupts erythroid maturation in mitochondrial progeria.,nad-nmn-nr-aging,animal_study,mouse,D,retired_from_active_findings,title_topic_signal_missing,2026-10-01,Git history and prior public-data snapshots
finding-pubmed-42669305,pubmed-42669305,42669305,10.1016/S0140-6736(26)01657-0,"Aetiology, management, and outcomes of acute heart failure in 17 African countries (THESUS-HF II): a prospective, multicentre, observational cohort study.",blood-pressure-aging,human_cohort,human,B,retired_from_active_findings,title_topic_signal_missing,2026-10-01,Git history and prior public-data snapshots
finding-pubmed-42670242,pubmed-42670242,42670242,10.1111/cob.70111,Comparative Efficacy of Tirzepatide Versus Semaglutide for Weight Loss in Adults With Overweight or Obesity: A Systematic Review and Meta-Analysis of Head-to-Head Studies.,glp1-weight-cardiometabolic,systematic_review_or_meta_analysis,human,E,retired_from_active_findings,topic_capacity_limit,2026-10-01,Git history and prior public-data snapshots
finding-pubmed-42670724,pubmed-42670724,42670724,10.1177/21524971261484998,ROCK Inhibition Accelerates Mesenchymal-to-Epithelial Transition and Improves Early Survival During Human Fibroblast Reprogramming.,partial-reprogramming,metadata_only_needs_classification,human,E,retired_from_active_findings,title_topic_signal_missing,2026-10-01,Git history and prior public-data snapshots
finding-pubmed-42671211,pubmed-42671211,42671211,10.1128/msphere.00501-26,Reduced soil microbial diversity and altered co-occurrence networks associated with Phytophthora nicotianae infection in flue-cured tobacco fields.,microbiome-inflammaging,metadata_only_needs_classification,human,E,retired_from_active_findings,title_topic_signal_missing,2026-10-01,Git history and prior public-data snapshots
finding-pubmed-42673774,pubmed-42673774,42673774,10.1016/j.oraloncology.2026.108119,Exercise prehabilitation in head and neck cancer patients proposed for definitive chemoradiotherapy: The FIT4TREAT randomized controlled trial.,resistance-training-muscle,human_randomized_or_clinical_trial,human,C,retired_from_active_findings,title_topic_signal_missing,2026-10-01,Git history and prior public-data snapshots
finding-pubmed-42673812,pubmed-42673812,42673812,10.1016/j.clnu.2026.106764,Development of a multidimensional body composition grading system for cancer prognosis.,resistance-training-muscle,metadata_only_needs_classification,human,E,retired_from_active_findings,title_topic_signal_missing,2026-10-01,Git history and prior public-data snapshots
finding-pubmed-42674118,pubmed-42674118,42674118,10.1016/j.neuroimage.2026.122188,Effects of strength and balance training on the structure of the aging brain.,resistance-training-muscle,human_randomized_or_clinical_trial,human,C,retired_from_active_findings,title_topic_signal_missing,2026-10-01,Git history and prior public-data snapshots
finding-pubmed-42674362,pubmed-42674362,42674362,10.1016/j.clnesp.2026.105085,Protein intake is associated with adiposity and quality of life in adults with Becker muscular dystrophy.,resistance-training-muscle,metadata_only_needs_classification,human,E,retired_from_active_findings,title_topic_signal_missing,2026-10-01,Git history and prior public-data snapshots
finding-pubmed-42676962,pubmed-42676962,42676962,10.1016/j.lanepe.2026.101831,"War-related displacement, conflict intensity, and treatment delivery factors in opioid agonist maintenance treatment discontinuation following Russia's invasion of Ukraine: a national cohort study.",resistance-training-muscle,human_cohort,human,C,retired_from_active_findings,title_topic_signal_missing,2026-10-01,Git history and prior public-data snapshots
finding-pubmed-42678808,pubmed-42678808,42678808,10.1016/j.celrep.2026.117930,MGRN1 preserves transiently damaged mitochondria for antioxidant-mediated repair.,autophagy-mitophagy,metadata_only_needs_classification,cell,E,retired_from_active_findings,title_topic_signal_missing,2026-10-01,Git history and prior public-data snapshots
finding-pubmed-42679726,pubmed-42679726,42679726,10.1016/j.jdiacomp.2026.109397,Effects of semaglutide and empagliflozin on markers of endothelial function in persons with type 2 diabetes: A post hoc analysis of a randomized clinical trial.,glp1-weight-cardiometabolic,human_randomized_or_clinical_trial,human,C,retired_from_active_findings,topic_capacity_limit,2026-10-01,Git history and prior public-data snapshots
finding-pubmed-42679829,pubmed-42679829,42679829,10.1016/S2352-4642(26)00163-X,"Adolescent health across Asia Pacific, 2000-23: a systematic analysis for the Global Burden of Disease Study 2023.",physical-activity-healthspan,metadata_only_needs_classification,human,E,retired_from_active_findings,title_topic_signal_missing,2026-10-01,Git history and prior public-data snapshots
finding-pubmed-42681169,pubmed-42681169,42681169,10.1007/s11282-026-00961-3,Longitudinal evaluation of C3- and L3-derived skeletal muscle indices for cancer-specific survival and recurrence endpoints in radiotherapy-treated head and neck cancer.,resistance-training-muscle,metadata_only_needs_classification,human,E,retired_from_active_findings,title_topic_signal_missing,2026-10-01,Git history and prior public-data snapshots
finding-pubmed-42682859,pubmed-42682859,42682859,10.3892/br.2026.2184,Macrophage migration inhibitory factor as an indicator of chronic inflammation and metabolic risk in women.,microbiome-inflammaging,metadata_only_needs_classification,human,E,retired_from_active_findings,topic_scope_mismatch,2026-10-01,Git history and prior public-data snapshots
finding-pubmed-42683049,pubmed-42683049,42683049,10.1002/osp4.70189,Patient-Reported Continuity of GLP-1 Receptor Agonist Therapy.,glp1-weight-cardiometabolic,metadata_only_needs_classification,human,E,retired_from_active_findings,topic_capacity_limit,2026-10-01,Git history and prior public-data snapshots
finding-pubmed-42683133,pubmed-42683133,42683133,10.3892/br.2026.2188,Justicia gendarussa Burm. f. leaf extract protects against glucotoxicity-induced pancreatic β-cell dysfunction and apoptosis.,senolytics,animal_study,animal,D,retired_from_active_findings,title_topic_signal_missing,2026-10-01,Git history and prior public-data snapshots
finding-pubmed-42684908,pubmed-42684908,42684908,10.1128/jvi.00645-26,Divergent coronaviruses discovered in the virome of lamprey with reddening syndrome.,microbiome-inflammaging,metadata_only_needs_classification,human,E,retired_from_active_findings,title_topic_signal_missing,2026-10-01,Git history and prior public-data snapshots
finding-pubmed-42687442,pubmed-42687442,42687442,10.1002/jcsm.70361,Mitochondrial Respiration in Peripheral Blood Cells Links to Metabolic Flexibility and Physical Performance in Ageing.,resistance-training-muscle,metadata_only_needs_classification,human,E,retired_from_active_findings,title_topic_signal_missing,2026-10-01,Git history and prior public-data snapshots
finding-pubmed-42689518,pubmed-42689518,42689518,10.1002/pri.70336,Possible Sex Differences in the Morphological and Functional Muscle Quality Reflected by Phase Angle: Implications for Muscle Quality Assessment.,resistance-training-muscle,metadata_only_needs_classification,human,E,retired_from_active_findings,title_topic_signal_missing,2026-10-01,Git history and prior public-data snapshots
finding-pubmed-42689852,pubmed-42689852,42689852,10.1002/pri.70333,Effects of Transcranial Direct Current Stimulation and Individualized Physical Therapy on Pain and Function in Individuals With Chronic Knee Pain: A Pilot Study.,resistance-training-muscle,human_randomized_or_clinical_trial,human,B,retired_from_active_findings,title_topic_signal_missing,2026-10-01,Git history and prior public-data snapshots
finding-pubmed-42692360,pubmed-42692360,42692360,10.1016/j.clnesp.2026.105087,Impact of diabetes on muscle strength and metabolic profile in cirrhotic patients awaiting liver transplantation.,resistance-training-muscle,metadata_only_needs_classification,human,E,retired_from_active_findings,topic_scope_mismatch,2026-10-01,Git history and prior public-data snapshots
finding-pubmed-42692477,pubmed-42692477,42692477,10.1542/peds.2026-077048,Trends in GLP-1 Receptor Agonist Prescriptions for Children Ages 8 to 11 With Obesity: 2019-2026.,glp1-weight-cardiometabolic,metadata_only_needs_classification,human,E,retired_from_active_findings,topic_capacity_limit,2026-10-01,Git history and prior public-data snapshots
finding-pubmed-42697008,pubmed-42697008,42697008,10.1016/j.identj.2026.111089,Effects of Immediate Dentin Sealing and Quercetin on the Fracture Strength of Ceramic Inlays in Premolars of Daibetics.,senolytics,mechanistic_or_cell_study,human,E,retired_from_active_findings,topic_scope_mismatch,2026-10-01,Git history and prior public-data snapshots
finding-pubmed-42697418,pubmed-42697418,42697418,10.1016/j.phrs.2026.108432,Therapeutic targeting of tauopathies: From druggable biology to precision intervention.,autophagy-mitophagy,narrative_review,human,E,retired_from_active_findings,title_topic_signal_missing,2026-10-01,Git history and prior public-data snapshots
finding-pubmed-42698866,pubmed-42698866,42698866,10.1016/j.jesf.2026.200516,Weekend Warrior and other physical activity patterns: mortality and life expectancy in individuals with cardiometabolic multimorbidity.,physical-activity-healthspan,metadata_only_needs_classification,human,E,retired_from_active_findings,topic_capacity_limit,2026-10-01,Git history and prior public-data snapshots
finding-pubmed-42699625,pubmed-42699625,42699625,10.1016/j.ijcha.2026.101984,Epidemiology of pacemaker implantation in the community: findings from the Framingham Heart Study.,blood-pressure-aging,metadata_only_needs_classification,human,E,retired_from_active_findings,title_topic_signal_missing,2026-10-01,Git history and prior public-data snapshots
finding-pubmed-42699764,pubmed-42699764,42699764,10.1016/j.jdcr.2026.07.054,Confluent and reticulated papillomatosis improvement with tirzepatide-associated weight loss: A case report.,glp1-weight-cardiometabolic,metadata_only_needs_classification,human,E,retired_from_active_findings,topic_capacity_limit,2026-10-01,Git history and prior public-data snapshots
finding-pubmed-42700156,pubmed-42700156,42700156,10.1002/pri.70341,Effects of a Cycling-Based Aerobic Exercise Program Versus a Resistance and Neuromuscular Exercise Program on Exercise-Induced Hypoalgesia in Knee Osteoarthritis: A Study Protocol for a Randomized Clinical Trial.,resistance-training-muscle,protocol_or_registered_plan,human,E,retired_from_active_findings,non_result_publication_title,2026-10-01,Git history and prior public-data snapshots
finding-pubmed-42701500,pubmed-42701500,42701500,10.1016/j.jesf.2026.200511,Waking-hour movement patterns and all-cause mortality: A multi-dimensional accelerometer analysis in the UK Biobank.,physical-activity-healthspan,metadata_only_needs_classification,human,E,retired_from_active_findings,title_topic_signal_missing,2026-10-01,Git history and prior public-data snapshots
finding-pubmed-42702341,pubmed-42702341,42702341,10.1016/j.phrs.2026.108440,HIF-1 plays a dual regulatory role in hippocampal neuronal PANoptosis in Alzheimer's disease via the HK2/VDAC1/NLRP3 axis and RIPK3 signaling.,glp1-weight-cardiometabolic,animal_study,mouse,D,retired_from_active_findings,title_topic_signal_missing,2026-10-01,Git history and prior public-data snapshots
finding-pubmed-42703029,pubmed-42703029,42703029,10.1002/jcsm.70360,Population-Based Prediction Equations for Appendicular Skeletal Muscle Mass: A Three-Phase Validation Study in 13 582 Asian Adults.,resistance-training-muscle,metadata_only_needs_classification,human,E,retired_from_active_findings,topic_scope_mismatch,2026-10-01,Git history and prior public-data snapshots
finding-pubmed-42704433,pubmed-42704433,42704433,10.1007/s00391-026-02646-2,"Interprofessional geriatric competencies in the DACH region (Germany, Austria and Switzerland) : Insights from a multinational multilingual open online survey.",resistance-training-muscle,metadata_only_needs_classification,human,E,retired_from_active_findings,title_topic_signal_missing,2026-10-01,Git history and prior public-data snapshots
finding-pubmed-42705247,pubmed-42705247,42705247,10.1016/S2468-2667(26)00168-4,"Global, regional, and national prevalence of second-hand smoke and attributable disease burden in 204 countries and territories, 1990-2023: a systematic analysis for the Global Burden of Disease Study 2023.",physical-activity-healthspan,metadata_only_needs_classification,human,E,retired_from_active_findings,title_topic_signal_missing,2026-10-01,Git history and prior public-data snapshots
finding-pubmed-42707305,pubmed-42707305,42707305,10.1007/s13205-026-05003-7,Serum uric acid-to-creatinine ratio and sarcopenia risk under AWGS 2025 criteria: a nationwide study on the interaction with physical activity.,resistance-training-muscle,metadata_only_needs_classification,human,E,retired_from_active_findings,topic_scope_mismatch,2026-10-01,Git history and prior public-data snapshots
finding-pubmed-42707648,pubmed-42707648,42707648,10.1002/osp4.70188,A Systematic Review and Meta-Analysis of Malnutrition and Metabolic Failure in High-Potency Incretin Therapy.,resistance-training-muscle,systematic_review_or_meta_analysis,human,A,retired_from_active_findings,title_topic_signal_missing,2026-10-01,Git history and prior public-data snapshots
finding-pubmed-42708507,pubmed-42708507,42708507,10.1002/smi.70219,Does Allostatic Load in 50-89-Year-Olds Predict the Development of Frailty? Evidence From a National Longitudinal Study Over 12 Years.,resistance-training-muscle,human_cohort,human,B,retired_from_active_findings,topic_scope_mismatch,2026-10-01,Git history and prior public-data snapshots
finding-pubmed-42709699,pubmed-42709699,42709699,10.1080/00015385.2026.2725434,Lipid-lowering drugs in heterozygous familial hypercholesterolaemia: a 15-year clinical history.,ldl-apob-cardiovascular-risk,metadata_only_needs_classification,needs_review,E,retired_from_active_findings,topic_capacity_limit,2026-10-01,Git history and prior public-data snapshots
finding-pubmed-42712217,pubmed-42712217,42712217,10.1002/pri.70344,Criterion Validity of the 30-Second Chair Stand Test for Lower-Limb Muscle Strength in Adults With Severe Mental Disorders: The PsychiActive Project.,resistance-training-muscle,metadata_only_needs_classification,human,E,retired_from_active_findings,topic_scope_mismatch,2026-10-01,Git history and prior public-data snapshots
finding-pubmed-42714572,pubmed-42714572,42714572,10.1007/s00066-026-02587-0,Radiotherapy for Merkel cell carcinoma: recommendations from the DEGRO Dermatooncology Working Group.,resistance-training-muscle,metadata_only_needs_classification,human,E,retired_from_active_findings,title_topic_signal_missing,2026-10-01,Git history and prior public-data snapshots
finding-pubmed-42714583,pubmed-42714583,42714583,10.1161/JAHA.125.049029,Using Machine Learning to Identify Social Risk Factors of Hypertension and Diabetes in New York City: Evidence to Support the HealthyNYC Initiative.,blood-pressure-aging,metadata_only_needs_classification,human,E,retired_from_active_findings,topic_capacity_limit,2026-10-01,Git history and prior public-data snapshots
finding-pubmed-42717824,pubmed-42717824,42717824,10.1002/jcsm.70378,Appendicular Skeletal Muscle Mass and Sarcopenia as Prognostic Markers in Amyotrophic Lateral Sclerosis.,resistance-training-muscle,metadata_only_needs_classification,human,E,retired_from_active_findings,topic_scope_mismatch,2026-10-01,Git history and prior public-data snapshots
finding-pubmed-42719683,pubmed-42719683,42719683,10.3892/mco.2026.2971,"Tumor microenvironment-mediated resistance to immune checkpoint inhibitors in non-small cell lung cancer: Mechanisms, combination strategies and clinical perspectives (Review).",microbiome-inflammaging,narrative_review,human,E,retired_from_active_findings,title_topic_signal_missing,2026-10-01,Git history and prior public-data snapshots
finding-pubmed-42721581,pubmed-42721581,42721581,10.1016/j.clnu.2026.106778,Reduced dietary protein intake does not alter autophagy in human blood: A randomized crossover study in healthy adults.,autophagy-mitophagy,human_randomized_or_clinical_trial,human,B,retired_from_active_findings,topic_scope_mismatch,2026-10-01,Git history and prior public-data snapshots
finding-pubmed-42721923,pubmed-42721923,42721923,10.1016/j.semerg.2026.102842,[In-hospital clinical and pharmacological determinants of 120-day mortality and institutionalization after hip fracture: functional and pharmacological implications in Primary Care].,resistance-training-muscle,metadata_only_needs_classification,human,E,retired_from_active_findings,title_topic_signal_missing,2026-10-01,Git history and prior public-data snapshots
finding-pubmed-42722006,pubmed-42722006,42722006,10.1152/ajpregu.00220.2026,Increased energy expenditure through intermittent cold exposure does not enhance tirzepatide-induced weight loss in obese mice.,glp1-weight-cardiometabolic,animal_study,mouse,D,retired_from_active_findings,nonhuman_record_in_human_outcome_topic,2026-10-01,Git history and prior public-data snapshots
finding-pubmed-42728213,pubmed-42728213,42728213,10.1152/ajpheart.00546.2026,Absence of directional sensitivity of dynamic cerebral autoregulation in acute ischemic stroke.,blood-pressure-aging,metadata_only_needs_classification,human,E,retired_from_active_findings,title_topic_signal_missing,2026-10-01,Git history and prior public-data snapshots
finding-pubmed-42730012,pubmed-42730012,42730012,10.1016/j.mtbio.2026.103589,Development of nanoparticles loaded with D-mannose for topical treatment to alleviate skin aging via rescuing SIRT1 from degradation.,autophagy-mitophagy,animal_study,mouse,D,retired_from_active_findings,title_topic_signal_missing,2026-10-01,Git history and prior public-data snapshots
finding-pubmed-42730147,pubmed-42730147,42730147,10.14740/jmc5341,Abetalipoproteinemia With a Novel Microsomal Triglyceride Transfer Protein Gene Mutation and Unique Oxidized Lipoprotein Levels.,ldl-apob-cardiovascular-risk,metadata_only_needs_classification,needs_review,E,retired_from_active_findings,title_topic_signal_missing,2026-10-01,Git history and prior public-data snapshots
finding-pubmed-42730993,pubmed-42730993,42730993,10.1096/fj.202504547RRR,Gut Microbiota-Derived Short-Chain Fatty Acids Driven by N-Carbamylglutamate Alleviates Premature Ovarian Failure Through Suppressing Ferroptosis.,microbiome-inflammaging,animal_study,mouse,D,retired_from_active_findings,topic_scope_mismatch,2026-10-01,Git history and prior public-data snapshots
finding-pubmed-42732933,pubmed-42732933,42732933,10.1536/ihj.26-152,Exploratory Analysis of Late Recurrence after First-Time Catheter Ablation for Atrial Fibrillation.,resistance-training-muscle,metadata_only_needs_classification,human,E,retired_from_active_findings,title_topic_signal_missing,2026-10-01,Git history and prior public-data snapshots
finding-pubmed-42733032,pubmed-42733032,42733032,10.1007/s12471-026-02073-3,Effects of GLP-1 receptor agonists on body weight and cardiovascular outcomes: a review.,glp1-weight-cardiometabolic,narrative_review,human,E,retired_from_active_findings,topic_capacity_limit,2026-10-01,Git history and prior public-data snapshots
finding-pubmed-42733128,pubmed-42733128,42733128,10.1111/cob.70112,Weight Reduction Heterogenicity and Mediators of GLP-1RAs and Dual Agonists for Individuals With Obesity: A Meta-Analysis.,glp1-weight-cardiometabolic,systematic_review_or_meta_analysis,human,E,retired_from_active_findings,topic_capacity_limit,2026-10-01,Git history and prior public-data snapshots
finding-pubmed-42733545,pubmed-42733545,42733545,10.1016/j.ekir.2026.106995,Associations of Growth Differentiation Factor 15 in Chronic Kidney Disease.,resistance-training-muscle,metadata_only_needs_classification,human,E,retired_from_active_findings,title_topic_signal_missing,2026-10-01,Git history and prior public-data snapshots
finding-pubmed-42733580,pubmed-42733580,42733580,10.1016/j.artd.2026.102090,"Predicting 5-Year Mortality After Prosthetic Joint Infection Using a 30-Item Accumulated Frailty Index in a 13,371-Patient Multicenter Cohort.",resistance-training-muscle,human_cohort,human,B,retired_from_active_findings,topic_scope_mismatch,2026-10-01,Git history and prior public-data snapshots
finding-pubmed-42734162,pubmed-42734162,42734162,10.1111/hex.70872,Group Poetry and Quilt-Making -Creative Public Involvement Approaches to Contentious Concepts in Frailty Research.,resistance-training-muscle,metadata_only_needs_classification,human,E,retired_from_active_findings,topic_scope_mismatch,2026-10-01,Git history and prior public-data snapshots
finding-pubmed-42734721,pubmed-42734721,42734721,10.1007/s12471-026-02074-2,DUTCH weight control in atrial fibrillation study (DUTCH-WAIST) : Design and rationale of a randomised controlled trial.,glp1-weight-cardiometabolic,human_randomized_or_clinical_trial,human,B,retired_from_active_findings,title_topic_signal_missing,2026-10-01,Git history and prior public-data snapshots
finding-pubmed-42735883,pubmed-42735883,42735883,10.1016/j.amjmed.2026.09.010,Prior GLP-1RA or Tirzepatide Use and Early Cardiorenal Outcomes After Metabolic and Bariatric Surgery.,glp1-weight-cardiometabolic,metadata_only_needs_classification,human,D,retired_from_active_findings,topic_capacity_limit,2026-10-01,Git history and prior public-data snapshots
finding-pubmed-42736020,pubmed-42736020,42736020,10.1002/jcsm.70377,Integrated Assessment of Sarcopenia in Patients with Gastric Cancer Using Deep Learning and Radiomics.,resistance-training-muscle,metadata_only_needs_classification,human,E,retired_from_active_findings,topic_scope_mismatch,2026-10-01,Git history and prior public-data snapshots
finding-pubmed-42736027,pubmed-42736027,42736027,10.1111/dom.71353,Psychiatric Safety of GLP-1 and Dual GIP/GLP-1 Receptor Agonists in Adolescents With Obesity.,glp1-weight-cardiometabolic,metadata_only_needs_classification,human,D,retired_from_active_findings,topic_capacity_limit,2026-10-01,Git history and prior public-data snapshots
finding-pubmed-42741835,pubmed-42741835,42741835,10.1161/STROKEAHA.126.055765,Early Life Vascular Risk and Midlife Markers of Brain Aging.,blood-pressure-aging,metadata_only_needs_classification,human,E,retired_from_active_findings,title_topic_signal_missing,2026-10-01,Git history and prior public-data snapshots
finding-pubmed-42742376,pubmed-42742376,42742376,10.1002/jcsm.70380,Quantitative Muscle MRI Fat Fraction as a Biomarker of Disease Severity in Mitochondrial Myopathies.,resistance-training-muscle,metadata_only_needs_classification,human,E,retired_from_active_findings,title_topic_signal_missing,2026-10-01,Git history and prior public-data snapshots
finding-pubmed-42745130,pubmed-42745130,42745130,10.1007/s12029-026-01523-w,Long-Term Association Between GLP-1 Receptor Agonist Use and Incident Pancreatic Cancer: A Propensity Score-Matched Retrospective Cohort Study Using the TriNetX Network.,glp1-weight-cardiometabolic,human_cohort,human,C,retired_from_active_findings,topic_capacity_limit,2026-10-01,Git history and prior public-data snapshots
finding-pubmed-42747379,pubmed-42747379,42747379,10.1002/jcsm.70375,Integrating Leg-Press Strength and Nutritional Status Improves 16-Year Mortality Risk Stratification in General Older Adults.,resistance-training-muscle,metadata_only_needs_classification,human,E,retired_from_active_findings,title_topic_signal_missing,2026-10-01,Git history and prior public-data snapshots
finding-pubmed-42748854,pubmed-42748854,42748854,10.1016/j.jbiomech.2026.113575,Isokinetic assessment of trunk flexor and extensor performance in asymptomatic adult women (20-55 years): reference values and effects of age and angular velocity.,resistance-training-muscle,metadata_only_needs_classification,human,E,retired_from_active_findings,title_topic_signal_missing,2026-10-01,Git history and prior public-data snapshots
finding-pubmed-42751094,pubmed-42751094,42751094,10.1210/jcemcr/luag261,Postmenopausal bleeding associated with semaglutide: a diagnostic challenge.,glp1-weight-cardiometabolic,metadata_only_needs_classification,human,E,retired_from_active_findings,topic_capacity_limit,2026-10-01,Git history and prior public-data snapshots
finding-pubmed-42751099,pubmed-42751099,42751099,10.1210/jcemcr/luag260,Sustained weight loss exceeding 100 kg with sequential incretin-based therapy in Prader-Willi syndrome.,glp1-weight-cardiometabolic,metadata_only_needs_classification,needs_review,E,retired_from_active_findings,title_topic_signal_missing,2026-10-01,Git history and prior public-data snapshots
finding-pubmed-42751178,pubmed-42751178,42751178,10.1016/j.eclinm.2026.104197,Impact of posttraumatic stress disorder on incident cardiovascular outcomes in women veterans: a retrospective longitudinal study.,blood-pressure-aging,human_cohort,human,B,retired_from_active_findings,title_topic_signal_missing,2026-10-01,Git history and prior public-data snapshots
finding-pubmed-42752199,pubmed-42752199,42752199,10.1073/pnas.2601943123,Promotion of long-term health in early life.,microbiome-inflammaging,metadata_only_needs_classification,human,E,retired_from_active_findings,title_topic_signal_missing,2026-10-01,Git history and prior public-data snapshots
finding-pubmed-42752631,pubmed-42752631,42752631,10.1371/journal.pone.0358471,Machine learning and deep learning-based prediction of hypertension and analysis of its major risk factors in Bangladesh.,blood-pressure-aging,metadata_only_needs_classification,human,E,retired_from_active_findings,topic_capacity_limit,2026-10-01,Git history and prior public-data snapshots
finding-pubmed-42754546,pubmed-42754546,42754546,10.1002/ncp.70172,Effect of GLP-1 receptor agonist on nutrient intake: A narrative review.,glp1-weight-cardiometabolic,narrative_review,human,E,retired_from_active_findings,topic_capacity_limit,2026-10-01,Git history and prior public-data snapshots
finding-pubmed-42756500,pubmed-42756500,42756500,10.1210/jcemcr/luag284,Simultaneous and recurrent hordeola and chalazia associated with tirzepatide therapy: a case series.,glp1-weight-cardiometabolic,metadata_only_needs_classification,human,E,retired_from_active_findings,topic_capacity_limit,2026-10-01,Git history and prior public-data snapshots
finding-pubmed-42756668,pubmed-42756668,42756668,10.1016/j.ahjo.2026.100873,Seasonal variation in outcomes of diabetic patients with acute myocardial infarction: A retrospective cohort study.,blood-pressure-aging,human_cohort,human,B,retired_from_active_findings,title_topic_signal_missing,2026-10-01,Git history and prior public-data snapshots
finding-pubmed-42757202,pubmed-42757202,42757202,10.1088/1748-9326/aea587,Health and environmental co-benefits of reducing ultra-processed food consumption in Argentina: a modelling study.,dietary-pattern-longevity,metadata_only_needs_classification,human,E,retired_from_active_findings,topic_capacity_limit,2026-10-01,Git history and prior public-data snapshots
finding-pubmed-42757700,pubmed-42757700,42757700,10.1111/liv.70891,Ultrasound-Based Skeletal Muscle Assessment for Prognostication in Cirrhosis: A Systematic Review.,resistance-training-muscle,systematic_review_or_meta_analysis,human,A,retired_from_active_findings,title_topic_signal_missing,2026-10-01,Git history and prior public-data snapshots
finding-pubmed-42760016,pubmed-42760016,42760016,10.1016/j.kint.2026.06.010,Growing old before growing up.,resistance-training-muscle,metadata_only_needs_classification,human,E,retired_from_active_findings,title_topic_signal_missing,2026-10-01,Git history and prior public-data snapshots
finding-pubmed-42760022,pubmed-42760022,42760022,10.1016/j.kint.2026.07.011,Comprehensive geriatric assessment for older people living with chronic kidney disease and frailty: time to set a new goal?,resistance-training-muscle,metadata_only_needs_classification,human,E,retired_from_active_findings,topic_scope_mismatch,2026-10-01,Git history and prior public-data snapshots
finding-pubmed-42760270,pubmed-42760270,42760270,10.1080/1061186X.2026.2735986,Senescence-associated extracellular vesicles in skin aging and regeneration: from pathophysiology to therapeutic opportunities.,senolytics,narrative_review,human,E,retired_from_active_findings,title_topic_signal_missing,2026-10-01,Git history and prior public-data snapshots
finding-pubmed-42761864,pubmed-42761864,42761864,10.1016/j.mayocpiqo.2026.100756,Glycemic Markers and Cardiometabolic Multiple Long-Term Conditions: Comparative Roles of Glycated Hemoglobin and Fasting Plasma Glucose in the English Longitudinal Study of Ageing.,blood-pressure-aging,human_cohort,human,C,retired_from_active_findings,title_topic_signal_missing,2026-10-01,Git history and prior public-data snapshots
finding-pubmed-42762056,pubmed-42762056,42762056,10.1096/fj.202602960R,A Novel Dual Therapy for Diabetic Ischemic Heart Injury: Sinomenine and Liraglutide Restore Mitochondrial Homeostasis and Suppress Pyroptosis.,glp1-weight-cardiometabolic,animal_study,animal,D,retired_from_active_findings,nonhuman_record_in_human_outcome_topic,2026-10-01,Git history and prior public-data snapshots
finding-pubmed-42763210,pubmed-42763210,42763210,10.3760/cma.j.cn112137-20260410-00979,[Analysis of influencing factors and construction of a predictive model for cardiovascular autonomic neuropathy in type 2 diabetes mellitus].,blood-pressure-aging,metadata_only_needs_classification,human,E,retired_from_active_findings,title_topic_signal_missing,2026-10-01,Git history and prior public-data snapshots
finding-pubmed-42764643,pubmed-42764643,42764643,10.1111/liv.70882,Applicability of Non-Invasive Eligibility Criteria for MASH Pharmacotherapy: A Multicentre Cohort Study.,glp1-weight-cardiometabolic,human_cohort,human,C,retired_from_active_findings,title_topic_signal_missing,2026-10-01,Git history and prior public-data snapshots
finding-pubmed-42765716,pubmed-42765716,42765716,10.1111/risa.70348,"Health Shocks, Perceived Mortality Risk, and Financial Preferences: Longitudinal Evidence From Share.",blood-pressure-aging,metadata_only_needs_classification,human,E,retired_from_active_findings,title_topic_signal_missing,2026-10-01,Git history and prior public-data snapshots
finding-pubmed-42766298,pubmed-42766298,42766298,10.1096/fj.202602952R,HDAC5 in β-Cells Contributes to the Improvement of Glucose Metabolism Induced by Alternate Day Fasting.,time-restricted-eating,metadata_only_needs_classification,human,E,retired_from_active_findings,title_topic_signal_missing,2026-10-01,Git history and prior public-data snapshots
finding-pubmed-42766739,pubmed-42766739,42766739,10.1073/pnas.2608378123,Candida in the lower respiratory tract induces barrier disruption in mice and predicts poor outcomes in mechanically ventilated humans.,microbiome-inflammaging,animal_study,mouse,D,retired_from_active_findings,title_topic_signal_missing,2026-10-01,Git history and prior public-data snapshots
finding-pubmed-42768195,pubmed-42768195,42768195,10.1007/s00210-026-05908-3,Future GLP-1 receptor co-agonists and their cardiac effects.,glp1-weight-cardiometabolic,animal_study,mouse,D,retired_from_active_findings,nonhuman_record_in_human_outcome_topic,2026-10-01,Git history and prior public-data snapshots
finding-pubmed-42768379,pubmed-42768379,42768379,10.1186/s40842-026-00331-2,Phenotypic age metrics for risk stratification of chronic disease burden and all-cause mortality in adults.,blood-pressure-aging,metadata_only_needs_classification,human,E,retired_from_active_findings,title_topic_signal_missing,2026-10-01,Git history and prior public-data snapshots
finding-pubmed-42768393,pubmed-42768393,42768393,10.1097/JCN.0000000000001392,Health Behavior Patterns Associated With Cardiovascular Risk in Korean College Students: A National Survey-Based Latent Class Analysis.,physical-activity-healthspan,metadata_only_needs_classification,human,E,retired_from_active_findings,title_topic_signal_missing,2026-10-01,Git history and prior public-data snapshots
finding-pubmed-42768735,pubmed-42768735,42768735,10.1093/aje/kwag236,Real-world cardiovascular effects of liraglutide: transportability analysis of the LEADER trial.,glp1-weight-cardiometabolic,metadata_only_needs_classification,human,E,retired_from_active_findings,topic_capacity_limit,2026-10-01,Git history and prior public-data snapshots
finding-pubmed-42769403,pubmed-42769403,42769403,10.3892/etm.2026.13286,From mitochondria to innate immunity: The mtDNA-driven cGAS/STING-NLRP3 cascade and its therapeutic implications in neurodegenerative diseases (Review).,autophagy-mitophagy,narrative_review,human,E,retired_from_active_findings,title_topic_signal_missing,2026-10-01,Git history and prior public-data snapshots
finding-pubmed-42769716,pubmed-42769716,42769716,10.1002/mco2.70995,Aging of Skeletal Muscle: From Molecular Mechanisms to Therapeutic Interventions.,resistance-training-muscle,narrative_review,human,E,retired_from_active_findings,title_topic_signal_missing,2026-10-01,Git history and prior public-data snapshots
finding-pubmed-42770197,pubmed-42770197,42770197,10.1093/postmj/qgag129,Beyond efficacy: health inequities limiting access to semaglutide for obesity management.,glp1-weight-cardiometabolic,metadata_only_needs_classification,human,E,retired_from_active_findings,topic_capacity_limit,2026-10-01,Git history and prior public-data snapshots
finding-pubmed-42770825,pubmed-42770825,42770825,10.3928/19404921-20260914-01,"Frailty, Caregiver Burden, and Depressive Symptoms Among Family Caregivers of Community-Dwelling Frail Older Adults: The Moderated Mediating Role of Social Support, Mastery, and Competence.",resistance-training-muscle,metadata_only_needs_classification,human,E,retired_from_active_findings,topic_scope_mismatch,2026-10-01,Git history and prior public-data snapshots
finding-pubmed-42770972,pubmed-42770972,42770972,10.1227/neu.0000000000004237,Days at Home After Traumatic Spinal Cord Injury: An Interpretable Patient-Centered Outcome From Administrative Health Data.,resistance-training-muscle,human_cohort,human,B,retired_from_active_findings,title_topic_signal_missing,2026-10-01,Git history and prior public-data snapshots
finding-pubmed-42771025,pubmed-42771025,42771025,10.1007/s00586-026-10381-w,Sarcopenic obesity is associated with more severe functional impairment and lumbar degeneration in patients with degenerative lumbar spinal stenosis.,resistance-training-muscle,metadata_only_needs_classification,human,E,retired_from_active_findings,topic_scope_mismatch,2026-10-01,Git history and prior public-data snapshots
finding-pubmed-42771081,pubmed-42771081,42771081,10.1186/s43556-026-00588-0,Fine-tuning the lysine-arginine duet: a dietary approach to suppress tumor growth.,rapamycin-mtor-aging,animal_study,mouse,D,retired_from_active_findings,title_topic_signal_missing,2026-10-01,Git history and prior public-data snapshots
finding-pubmed-42771097,pubmed-42771097,42771097,10.1007/s41999-026-01614-8,Multidomain changes in clinical outcomes after 12 weeks of resistance-based exercise training in healthy older adults: a four‑domain framework for identifying non‑responders.,resistance-training-muscle,metadata_only_needs_classification,human,E,retired_from_active_findings,title_topic_signal_missing,2026-10-01,Git history and prior public-data snapshots
finding-pubmed-42771120,pubmed-42771120,42771120,10.1007/s11325-026-03808-7,Hypoxic burden reduction after lateral pharyngoplasty in patients with obstructive sleep apnea: Beyond the apnea-hypopnea index.,sleep-aging,metadata_only_needs_classification,human,E,retired_from_active_findings,topic_capacity_limit,2026-10-01,Git history and prior public-data snapshots
finding-pubmed-42771327,pubmed-42771327,42771327,10.1007/s40123-026-01505-y,Systemic Metabolic and Skeletal Muscle-Related Profiles Associated with Annual Axial Elongation Across Optical Myopia-Control Strategies in Adolescents: A Retrospective Cohort Study.,glp1-weight-cardiometabolic,human_cohort,human,B,retired_from_active_findings,title_topic_signal_missing,2026-10-01,Git history and prior public-data snapshots
finding-pubmed-42772006,pubmed-42772006,42772006,10.1016/j.aprim.2026.103611,[Uric acid-to-lymphocyte ratio as a mediator between comorbidity and fall risk in older adults].,resistance-training-muscle,human_cohort,human,B,retired_from_active_findings,title_topic_signal_missing,2026-10-01,Git history and prior public-data snapshots
finding-pubmed-42772020,pubmed-42772020,42772020,10.1016/j.urolonc.2026.08.009,Prehabilitation for patients undergoing radical cystectomy: Patient selection and targeted interventions.,resistance-training-muscle,narrative_review,human,E,retired_from_active_findings,title_topic_signal_missing,2026-10-01,Git history and prior public-data snapshots
finding-pubmed-42772298,pubmed-42772298,42772298,10.1016/S2468-2667(26)00159-3,Causes of death across the life course in the Association of Southeast Asian Nations (ASEAN): a systematic analysis for the Global Burden of Disease Study 2023.,blood-pressure-aging,metadata_only_needs_classification,human,E,retired_from_active_findings,title_topic_signal_missing,2026-10-01,Git history and prior public-data snapshots
finding-pubmed-42772392,pubmed-42772392,42772392,10.1016/j.fsi.2026.111735,Evaluation of the efficacy of lectin-adjuvanted Bivalent oral vaccine against Aeromonas veronii and Streptococcus iniae in Nile tilapia (Oreochromis niloticus).,microbiome-inflammaging,metadata_only_needs_classification,human,E,retired_from_active_findings,title_topic_signal_missing,2026-10-01,Git history and prior public-data snapshots
finding-pubmed-42772455,pubmed-42772455,42772455,10.1016/j.molmet.2026.102443,Adult-onset deficiency of β-klotho in the liver reveals a novel role in lipid homeostasis.,klotho-il11-aging,animal_study,mouse,D,retired_from_active_findings,topic_scope_mismatch,2026-10-01,Git history and prior public-data snapshots
finding-pubmed-42772467,pubmed-42772467,42772467,10.1016/j.rmed.2026.109177,Physical inactivity in COPD: a key determinant of frailty and adverse outcomes.,resistance-training-muscle,narrative_review,human,E,retired_from_active_findings,topic_scope_mismatch,2026-10-01,Git history and prior public-data snapshots
finding-pubmed-42772576,pubmed-42772576,42772576,10.1016/j.arr.2026.103381,Immunosenescence in uveitis: From mechanistic insights to therapeutic implications.,microbiome-inflammaging,narrative_review,human,E,retired_from_active_findings,title_topic_signal_missing,2026-10-01,Git history and prior public-data snapshots
finding-pubmed-42772578,pubmed-42772578,42772578,10.1016/j.arr.2026.103380,"Association between muscle fatigability, self-perceived fatigue and inflammation in older adults: A systematic literature review.",resistance-training-muscle,narrative_review,human,E,retired_from_active_findings,title_topic_signal_missing,2026-10-01,Git history and prior public-data snapshots
finding-pubmed-42772684,pubmed-42772684,42772684,10.1016/j.tjnut.2026.101837,A MIND-Based Diet With or Without Digital Cognitive Training Improves Cognitive Function and Nutritional Status in Older Adults With Mild Cognitive Impairment.,resistance-training-muscle,metadata_only_needs_classification,human,E,retired_from_active_findings,title_topic_signal_missing,2026-10-01,Git history and prior public-data snapshots
finding-pubmed-42772751,pubmed-42772751,42772751,10.2196/91185,Assessment of Cardiorespiratory Fitness in Individuals With Type 2 Diabetes Mellitus: Protocol for a Systematic Review and Meta-Analysis.,cardiorespiratory-fitness,protocol_or_registered_plan,human,E,retired_from_active_findings,protocol_or_registered_plan,2026-10-01,Git history and prior public-data snapshots
finding-pubmed-42772756,pubmed-42772756,42772756,10.1093/eurjpc/zwag497,"Sport, exercise, and physical activity in children with cardiovascular disease. A Clinical Consensus Statement of the European Association of Preventive Cardiology (EAPC) of the ESC, the Association of Cardiovascular Nursing & Allied Professions (ACNAP) of the ESC, and the Association for European Paediatric and Congenital Cardiology (AEPC).",blood-pressure-aging,narrative_review,human,E,retired_from_active_findings,title_topic_signal_missing,2026-10-01,Git history and prior public-data snapshots
finding-pubmed-42772761,pubmed-42772761,42772761,10.1093/jnci/djag292,Lifestyle and chemotherapy shape functional aging trajectories in older breast cancer survivors and matched comparators.,physical-activity-healthspan,metadata_only_needs_classification,human,E,retired_from_active_findings,title_topic_signal_missing,2026-10-01,Git history and prior public-data snapshots
finding-pubmed-42772865,pubmed-42772865,42772865,10.1136/bmjopen-2026-120693,Iranian Chronic Kidney Disease Biobank as a comprehensive resource for next-generation research: study design and protocol.,blood-pressure-aging,protocol_or_registered_plan,human,E,retired_from_active_findings,protocol_or_registered_plan,2026-10-01,Git history and prior public-data snapshots
finding-pubmed-42772900,pubmed-42772900,42772900,10.1136/thorax-2026-225271,Effects of obstructive sleep apnoea treatment on cardiovascular and sleep health in bed partners: the sleep partners clinical trial.,sleep-aging,metadata_only_needs_classification,human,E,retired_from_active_findings,topic_capacity_limit,2026-10-01,Git history and prior public-data snapshots
finding-pubmed-42772944,pubmed-42772944,42772944,10.1136/bmjgast-2026-002439,Clinical characteristics and treatment patterns of elderly versus non-elderly adults with inflammatory bowel disease in Brazil: a cross-sectional study.,resistance-training-muscle,metadata_only_needs_classification,human,E,retired_from_active_findings,title_topic_signal_missing,2026-10-01,Git history and prior public-data snapshots
finding-pubmed-42773495,pubmed-42773495,42773495,10.3349/ymj.2025.0553,Urinary Albumin-to-Creatinine Ratio and Risk of Incident Cardiovascular Disease in the KoGES-ARIRANG Community-Based Cohort.,blood-pressure-aging,human_cohort,human,C,retired_from_active_findings,title_topic_signal_missing,2026-10-01,Git history and prior public-data snapshots
finding-pubmed-42773680,pubmed-42773680,42773680,10.1177/17474930261494297,Cardiovascular risk management through a community-based digital health stroke education platform (Love Your Brain): a multi-arm randomized controlled trial.,blood-pressure-aging,human_randomized_or_clinical_trial,human,B,retired_from_active_findings,title_topic_signal_missing,2026-10-01,Git history and prior public-data snapshots
finding-pubmed-42773730,pubmed-42773730,42773730,10.1093/ejendo/lvag183,"Pituitary adenomas in older patients - approaches, challenges and future directions.",resistance-training-muscle,metadata_only_needs_classification,human,E,retired_from_active_findings,title_topic_signal_missing,2026-10-01,Git history and prior public-data snapshots
finding-pubmed-42773794,pubmed-42773794,42773794,10.1002/jpen.70146,Association between probiotics and 28-day mortality in critically ill adults: A retrospective cohort study.,microbiome-inflammaging,human_cohort,human,B,retired_from_active_findings,title_topic_signal_missing,2026-10-01,Git history and prior public-data snapshots
finding-pubmed-42773801,pubmed-42773801,42773801,10.1080/07853890.2026.2726635,Effects of anti-aging diets and exercise on age-related musculoskeletal diseases via gut microbiota modulation.,physical-activity-healthspan,narrative_review,needs_review,E,retired_from_active_findings,topic_capacity_limit,2026-10-01,Git history and prior public-data snapshots
finding-pubmed-42773845,pubmed-42773845,42773845,10.1111/1468-0009.70118,US Life Expectancy and Increasing Mortality Rates: An Analysis of the Crisis.,blood-pressure-aging,metadata_only_needs_classification,human,E,retired_from_active_findings,title_topic_signal_missing,2026-10-01,Git history and prior public-data snapshots
finding-pubmed-42773975,pubmed-42773975,42773975,10.1002/jcsm.70383,Pancreatic Cancer Disrupts Circadian Patterns of Gene Expression in Cardiorespiratory Muscles.,resistance-training-muscle,animal_study,mouse,D,retired_from_active_findings,title_topic_signal_missing,2026-10-01,Git history and prior public-data snapshots
finding-pubmed-42773997,pubmed-42773997,42773997,10.1002/jcsm.70385,Exploring the Impact of Urolithins A and B on Muscle Health: A Transcriptomic Analysis in Human Myotubes.,resistance-training-muscle,metadata_only_needs_classification,human,E,retired_from_active_findings,title_topic_signal_missing,2026-10-01,Git history and prior public-data snapshots
finding-pubmed-42774636,pubmed-42774636,42774636,10.1002/osp4.70200,Improving Medication Classification in GLP-1RA Research: Feasibility of a Photo-Review Protocol.,glp1-weight-cardiometabolic,protocol_or_registered_plan,human,E,retired_from_active_findings,non_result_publication_title,2026-10-01,Git history and prior public-data snapshots
finding-pubmed-42775045,pubmed-42775045,42775045,10.7759/cureus.116746,Impact of Premorbid Function and Comorbidities in Geriatric Traumatic Brain Injury Patients: A Systematic Review.,resistance-training-muscle,systematic_review_or_meta_analysis,human,A,retired_from_active_findings,title_topic_signal_missing,2026-10-01,Git history and prior public-data snapshots
finding-pubmed-42775130,pubmed-42775130,42775130,10.1002/pul2.70387,Pulmonary Arterial Hypertension in Octogenarians: The Pulmonary Hypertension Association Registry.,blood-pressure-aging,human_cohort,human,B,retired_from_active_findings,topic_scope_mismatch,2026-10-01,Git history and prior public-data snapshots
finding-pubmed-42775432,pubmed-42775432,42775432,10.1161/CIRCRESAHA.126.329467,"Multilaboratory, Blinded, Randomized Trial of Five Cerebroprotectants in Ischemic Stroke.",blood-pressure-aging,human_randomized_or_clinical_trial,human,B,retired_from_active_findings,title_topic_signal_missing,2026-10-01,Git history and prior public-data snapshots
finding-pubmed-42775553,pubmed-42775553,42775553,10.1080/14728222.2026.2738910,Senolytics for cancer treatment: complexities and opportunities.,senolytics,narrative_review,human,E,retired_from_active_findings,topic_scope_mismatch,2026-10-01,Git history and prior public-data snapshots
finding-pubmed-42775568,pubmed-42775568,42775568,10.1111/obr.70229,Eighty Years After Vague: Advances in Understanding Ectopic Fat and Metabolic Dysfunction.,sleep-aging,narrative_review,human,E,retired_from_active_findings,title_topic_signal_missing,2026-10-01,Git history and prior public-data snapshots
finding-pubmed-42775653,pubmed-42775653,42775653,10.1111/acel.70723,Thymic Involution and Function in People With HIV and General Population Controls: A Cross-Sectional Analysis From Two Danish Cohort Studies.,microbiome-inflammaging,human_cohort,human,C,retired_from_active_findings,title_topic_signal_missing,2026-10-01,Git history and prior public-data snapshots
finding-pubmed-42775668,pubmed-42775668,42775668,10.1111/acel.70729,Mitochondrial Fusion and Fission in Age-Related Cardio-Cerebral Diseases: Mechanisms and Interventions.,metformin-aging,narrative_review,human,E,retired_from_active_findings,title_topic_signal_missing,2026-10-01,Git history and prior public-data snapshots
finding-pubmed-42775689,pubmed-42775689,42775689,10.1111/acel.70731,Motor Cortex Hyperexcitability Is Coupled to Neuromuscular Dysfunction in Aged Mice.,resistance-training-muscle,animal_study,mouse,D,retired_from_active_findings,title_topic_signal_missing,2026-10-01,Git history and prior public-data snapshots
finding-pubmed-42775811,pubmed-42775811,42775811,10.1002/adma.75099,Engineered Extracellular Vesicle Revitalizing Macrophage Energy Metabolism for Aged Wound Repair.,autophagy-mitophagy,animal_study,mouse,D,retired_from_active_findings,title_topic_signal_missing,2026-10-01,Git history and prior public-data snapshots
finding-pubmed-42775893,pubmed-42775893,42775893,10.1002/jat.70446,Mitophagy-Related Gene Dysregulation: Links With Telomere Attrition and Impaired Lung Function in Sulfur Mustard-Exposed Veterans.,autophagy-mitophagy,metadata_only_needs_classification,human,E,retired_from_active_findings,topic_scope_mismatch,2026-10-01,Git history and prior public-data snapshots
finding-pubmed-42775938,pubmed-42775938,42775938,10.3928/01477447-20260820-01,Octogenarians Face Higher 90-day Medical Risk but Lower 1-year Revision Rates After Primary Total Knee Arthroplasty.,resistance-training-muscle,metadata_only_needs_classification,human,E,retired_from_active_findings,title_topic_signal_missing,2026-10-01,Git history and prior public-data snapshots
finding-pubmed-42776010,pubmed-42776010,42776010,10.1080/19490976.2026.2736902,A probiotic Bifidobacterium pseudocatenulatum converts hesperidin to bioactive hesperetin and improves metabolic dysfunction in aging mice.,resistance-training-muscle,animal_study,mouse,D,retired_from_active_findings,title_topic_signal_missing,2026-10-01,Git history and prior public-data snapshots
finding-pubmed-42776095,pubmed-42776095,42776095,10.1016/j.cgh.2026.07.027,AGA Clinical Practice Update on the Evaluation and Management of Metabolic Dysfunction- and Alcohol-Associated Liver Disease: Expert Review.,physical-activity-healthspan,narrative_review,human,E,retired_from_active_findings,title_topic_signal_missing,2026-10-01,Git history and prior public-data snapshots
finding-pubmed-42776128,pubmed-42776128,42776128,10.1177/07334648261490993,Physical Performance and Daytime Sleepiness as Correlates of Life-Space Mobility in Community-Dwelling Older Adults.,resistance-training-muscle,metadata_only_needs_classification,human,E,retired_from_active_findings,title_topic_signal_missing,2026-10-01,Git history and prior public-data snapshots
finding-pubmed-42776237,pubmed-42776237,42776237,10.1007/s00246-026-04483-x,The Fontan Choir: Singing for Single Ventricle Health and Wellbeing Feasibility Study.,resistance-training-muscle,metadata_only_needs_classification,human,E,retired_from_active_findings,title_topic_signal_missing,2026-10-01,Git history and prior public-data snapshots
finding-pubmed-42776280,pubmed-42776280,42776280,10.1007/s11033-026-12808-5,Temporal miRNA remodeling defines a 24-hour regulatory threshold for immune-inflammatory activation in intermittent hypoxia-induced cardiomyocyte injury.,sleep-aging,mechanistic_or_cell_study,human,E,retired_from_active_findings,title_topic_signal_missing,2026-10-01,Git history and prior public-data snapshots
finding-pubmed-42776298,pubmed-42776298,42776298,10.1007/s10103-026-05040-x,Combined photobiomodulation and exosome therapy for muscle and tendon regeneration: an experimental rabbit study.,resistance-training-muscle,animal_study,animal,D,retired_from_active_findings,title_topic_signal_missing,2026-10-01,Git history and prior public-data snapshots
finding-pubmed-42776311,pubmed-42776311,42776311,10.1007/s00381-026-07472-w,Perioperative outcomes and risk stratification following pediatric arteriovenous malformation resection: an ACS NSQIP-P database analysis.,resistance-training-muscle,metadata_only_needs_classification,human,E,retired_from_active_findings,title_topic_signal_missing,2026-10-01,Git history and prior public-data snapshots
finding-pubmed-42776473,pubmed-42776473,42776473,10.1007/s12325-026-03744-8,"Comparative Effectiveness of Once-Weekly Semaglutide Versus Sulfonylureas, DPP4 Inhibitors, and Thiazolidinediones in Patients with Type 2 Diabetes and Chronic Kidney Disease.",glp1-weight-cardiometabolic,metadata_only_needs_classification,human,E,retired_from_active_findings,topic_capacity_limit,2026-10-01,Git history and prior public-data snapshots
finding-pubmed-42776479,pubmed-42776479,42776479,10.1080/14787210.2026.2739273,Novel options for the management of C. difficile: a look into the future.,microbiome-inflammaging,narrative_review,human,E,retired_from_active_findings,title_topic_signal_missing,2026-10-01,Git history and prior public-data snapshots
finding-pubmed-42776480,pubmed-42776480,42776480,10.1002/smll.202513746,Oral Microalgae-Laden Hydrogels Modulating the Intestinal Microbiota Metabolism for Acute Alcohol-Induced Liver Injury Therapy.,microbiome-inflammaging,metadata_only_needs_classification,human,E,retired_from_active_findings,topic_scope_mismatch,2026-10-01,Git history and prior public-data snapshots
finding-pubmed-42776539,pubmed-42776539,42776539,10.1001/jamacardio.2026.3597,Multidimensional Aging Trajectories Preceding Cardiovascular Events.,resistance-training-muscle,metadata_only_needs_classification,human,E,retired_from_active_findings,title_topic_signal_missing,2026-10-01,Git history and prior public-data snapshots
finding-pubmed-42776599,pubmed-42776599,42776599,10.1093/nutrit/nuag128,Metabolism of Nicotinamide Adenine Dinucleotide+ in Atherosclerosis: Mechanisms and Nutritional Modulation.,nad-nmn-nr-aging,metadata_only_needs_classification,human,E,retired_from_active_findings,title_topic_signal_missing,2026-10-01,Git history and prior public-data snapshots
finding-pubmed-42777120,pubmed-42777120,42777120,10.1152/function.90009.2026,A curious case of hepatic ketogenesis regulating voluntary exercise behavior and the skeletal muscle metabolic proteome.,physical-activity-healthspan,metadata_only_needs_classification,needs_review,E,retired_from_active_findings,topic_capacity_limit,2026-10-01,Git history and prior public-data snapshots
finding-pubmed-42777167,pubmed-42777167,42777167,10.1212/NXI.0000000000200646,Antibody-Dependent Cellular Phagocytosis and Cytotoxicity in Patients With LGI1 and CASPR2 Encephalitis.,resistance-training-muscle,mechanistic_or_cell_study,human,E,retired_from_active_findings,title_topic_signal_missing,2026-10-01,Git history and prior public-data snapshots
finding-pubmed-42777185,pubmed-42777185,42777185,10.1212/WNL.0000000000218622,"Stroke in the Young: Incidence, 30-Day Case Fatality Rates, and Risk Factors Over Time in a Population-Based Study.",blood-pressure-aging,metadata_only_needs_classification,human,E,retired_from_active_findings,title_topic_signal_missing,2026-10-01,Git history and prior public-data snapshots
finding-pubmed-42777279,pubmed-42777279,42777279,10.1016/j.gerinurse.2026.104362,The health experiences of Black family caregivers of persons with dementia: An integrative review.,blood-pressure-aging,narrative_review,human,E,retired_from_active_findings,title_topic_signal_missing,2026-10-01,Git history and prior public-data snapshots
finding-pubmed-42777335,pubmed-42777335,42777335,10.1016/j.ebiom.2026.106488,Metabolomic profiling of ultra-processed food consumption and cardiovascular risk in Spanish preschool children: a cross-sectional study.,ldl-apob-cardiovascular-risk,metadata_only_needs_classification,human,E,retired_from_active_findings,title_topic_signal_missing,2026-10-01,Git history and prior public-data snapshots
finding-pubmed-42777348,pubmed-42777348,42777348,10.1016/j.psj.2026.107812,Impact of GAstV-2 infection on intestinal microbiota and renal gene transcriptome in goslings.,microbiome-inflammaging,metadata_only_needs_classification,human,E,retired_from_active_findings,topic_scope_mismatch,2026-10-01,Git history and prior public-data snapshots
finding-pubmed-42777686,pubmed-42777686,42777686,10.1093/eurheartj/ehag602,Semaglutide mechanisms of action: the missing pieces.,glp1-weight-cardiometabolic,metadata_only_needs_classification,needs_review,E,retired_from_active_findings,topic_capacity_limit,2026-10-01,Git history and prior public-data snapshots
finding-pubmed-42777687,pubmed-42777687,42777687,10.1093/eurheartj/ehag524,Semaglutide and cardiovascular risk reduction: a mediation analysis of the SELECT trial.,glp1-weight-cardiometabolic,metadata_only_needs_classification,human,E,retired_from_active_findings,topic_capacity_limit,2026-10-01,Git history and prior public-data snapshots
finding-pubmed-42777712,pubmed-42777712,42777712,10.1016/j.cmet.2026.08.019,Adipose ILC2s depend on acetyl-CoA carboxylase 1 to maintain metabolic health.,nad-nmn-nr-aging,animal_study,mouse,D,retired_from_active_findings,title_topic_signal_missing,2026-10-01,Git history and prior public-data snapshots
finding-pubmed-42777788,pubmed-42777788,42777788,10.1016/j.bcp.2026.118495,"GLP-1 receptor agonists and podocyte senescence in diabetic kidney disease: structural pharmacology, mechanistic evidence, and multi-receptor agonism.",glp1-weight-cardiometabolic,narrative_review,human,E,retired_from_active_findings,topic_capacity_limit,2026-10-01,Git history and prior public-data snapshots
finding-pubmed-42777887,pubmed-42777887,42777887,10.1016/j.arth.2026.09.036,Modified 6-Factor Frailty Index Enhances Risk Stratification in Revision Total Hip Arthroplasty.,resistance-training-muscle,human_cohort,human,B,retired_from_active_findings,topic_scope_mismatch,2026-10-01,Git history and prior public-data snapshots
finding-pubmed-42777921,pubmed-42777921,42777921,10.1016/j.arr.2026.103375,Research progress in skin anti-aging drugs based on core pathological drivers.,microbiome-inflammaging,animal_study,animal,D,retired_from_active_findings,title_topic_signal_missing,2026-10-01,Git history and prior public-data snapshots
finding-pubmed-42777983,pubmed-42777983,42777983,10.1016/j.jep.2026.122390,"Parishin B, a phenolic constituent of Gastrodia elata Blume, extends lifespan and improves stress resistance in Caenorhabditis elegans.",autophagy-mitophagy,animal_study,mouse,D,retired_from_active_findings,title_topic_signal_missing,2026-10-01,Git history and prior public-data snapshots
finding-pubmed-42778091,pubmed-42778091,42778091,10.1016/j.cct.2026.108481,Impact of aquatic versus land exercise on glycated hemoglobin and blood pressure in older adults with multimorbidity: A randomized controlled trial protocol.,resistance-training-muscle,protocol_or_registered_plan,human,E,retired_from_active_findings,non_result_publication_title,2026-10-01,Git history and prior public-data snapshots
finding-pubmed-42778206,pubmed-42778206,42778206,10.1183/16000617.0192-2026,Impact of obstructive sleep apnoea on nocturnal blood pressure: mechanisms and treatment responses - a narrative review.,sleep-aging,narrative_review,human,E,retired_from_active_findings,topic_capacity_limit,2026-10-01,Git history and prior public-data snapshots
finding-pubmed-42778446,pubmed-42778446,42778446,10.1016/j.lfs.2026.124674,"Retraction notice to ""Fisetin as a caloric restriction mimetic protects rat brain against aging induced oxidative stress, apoptosis and neurodegeneration"" [Life Sci. 193 (2018) 171-179].",senolytics,animal_study,animal,D,retired_from_active_findings,non_result_publication_title,2026-10-01,Git history and prior public-data snapshots
finding-pubmed-42778529,pubmed-42778529,42778529,10.1038/s41392-026-02787-1,Targeting BIRC6 rejuvenates hematopoietic stem cell aging and immunosenescence.,microbiome-inflammaging,animal_study,mouse,D,retired_from_active_findings,title_topic_signal_missing,2026-10-01,Git history and prior public-data snapshots
finding-pubmed-42778591,pubmed-42778591,42778591,10.1038/s41586-026-11029-x,Lsp2 links mTORC1 to TOP mRNA translation and lifespan in Drosophila.,rapamycin-mtor-aging,metadata_only_needs_classification,cell,E,retired_from_active_findings,title_topic_signal_missing,2026-10-01,Git history and prior public-data snapshots
finding-pubmed-42778840,pubmed-42778840,42778840,10.1245/s10434-026-20281-4,Neoadjuvant Chemoimmunotherapy versus Chemoradiotherapy in Resectable Locally Advanced Esophageal Squamous Cell Carcinoma: A Systematic Review and Reconstructed Individual Patient Data Meta-Analysis.,resistance-training-muscle,systematic_review_or_meta_analysis,human,A,retired_from_active_findings,title_topic_signal_missing,2026-10-01,Git history and prior public-data snapshots
finding-pubmed-42778867,pubmed-42778867,42778867,10.1007/s11357-026-02559-3,Frailty trajectories and cardiovascular disease in adults with CKM stages 0-3.,resistance-training-muscle,metadata_only_needs_classification,human,E,retired_from_active_findings,topic_scope_mismatch,2026-10-01,Git history and prior public-data snapshots
finding-pubmed-42778934,pubmed-42778934,42778934,10.1186/s13020-026-01511-z,Natural product therapy in diabetic kidney disease: emerging multiomics-mediated signalling pathway and molecular target.,microbiome-inflammaging,narrative_review,human,E,retired_from_active_findings,title_topic_signal_missing,2026-10-01,Git history and prior public-data snapshots
finding-pubmed-42779005,pubmed-42779005,42779005,10.1111/acel.70715,The Role of EVs in the Aging Hematopoietic System.,microbiome-inflammaging,narrative_review,human,E,retired_from_active_findings,title_topic_signal_missing,2026-10-01,Git history and prior public-data snapshots
finding-pubmed-42779137,pubmed-42779137,42779137,10.1111/obr.70235,The Intertwined Epidemics of Obesity and Obstructive Sleep Apnea: A Comprehensive Analysis.,sleep-aging,narrative_review,human,E,retired_from_active_findings,topic_capacity_limit,2026-10-01,Git history and prior public-data snapshots
finding-pubmed-42779174,pubmed-42779174,42779174,10.1002/jac5.70296,Pharmacist-Led Remote Patient Monitoring for Hypertension: A Retrospective Evaluation of Blood Pressure Outcomes.,blood-pressure-aging,metadata_only_needs_classification,human,E,retired_from_active_findings,topic_capacity_limit,2026-10-01,Git history and prior public-data snapshots
finding-pubmed-42779183,pubmed-42779183,42779183,10.1002/jcsm.70384,Associations of CT-Derived Skeletal Muscle Index and Density With Postoperative Outcomes Following Colorectal Cancer Surgery.,resistance-training-muscle,human_cohort,human,B,retired_from_active_findings,title_topic_signal_missing,2026-10-01,Git history and prior public-data snapshots
finding-pubmed-42779191,pubmed-42779191,42779191,10.1002/wjs.70542,The Modified Frailty Index Predicts Failure-to-Rescue Mortality After Pancreatoduodenectomy: A Comparison of the 11-Item and 5-Item Versions.,resistance-training-muscle,metadata_only_needs_classification,human,E,retired_from_active_findings,topic_scope_mismatch,2026-10-01,Git history and prior public-data snapshots
finding-pubmed-42779274,pubmed-42779274,42779274,10.1080/14728222.2026.2738341,Molecular insights into GLP-1 receptor agonists and emerging metabolic-inflammatory targets in hidradenitis suppurativa.,glp1-weight-cardiometabolic,narrative_review,human,E,retired_from_active_findings,topic_capacity_limit,2026-10-01,Git history and prior public-data snapshots
finding-pubmed-42779298,pubmed-42779298,42779298,10.1111/ggi.70851,Simple Bedside Muscle-Related Indicators Improve the Identification of Reduced Kidney Function in Hospitalized Older Adults: A Multicenter Cross-Sectional Study.,resistance-training-muscle,metadata_only_needs_classification,human,E,retired_from_active_findings,title_topic_signal_missing,2026-10-01,Git history and prior public-data snapshots
finding-pubmed-42779310,pubmed-42779310,42779310,10.1080/23279095.2026.2734786,"Activities of Daily Living Inventory (ADLI): Translation, adaptation, and preliminary psychometric properties in a sample of French older adults screening positive and negative for neurocognitive impairment.",resistance-training-muscle,metadata_only_needs_classification,human,E,retired_from_active_findings,title_topic_signal_missing,2026-10-01,Git history and prior public-data snapshots
finding-pubmed-42779338,pubmed-42779338,42779338,10.1002/cncr.70614,Efficacy and safety of frail patients treated with ciltacabtagene autoleucel in the real world: A Center for International Blood and Marrow Transplant Research analysis.,resistance-training-muscle,metadata_only_needs_classification,human,E,retired_from_active_findings,topic_scope_mismatch,2026-10-01,Git history and prior public-data snapshots
finding-pubmed-42779541,pubmed-42779541,42779541,10.1161/ATVBAHA.126.322875,Implications of Wearable Sleep Health Technology for Cardiovascular Health Assessment and Interventions: A Narrative Review.,sleep-aging,narrative_review,human,E,retired_from_active_findings,topic_capacity_limit,2026-10-01,Git history and prior public-data snapshots
finding-pubmed-42780559,pubmed-42780559,42780559,10.1155/jare/4970524,β-Nicotinamide Mononucleotide Inhibits Cellular Senescence in Mouse C2C12 Skeletal Muscle Cells.,nad-nmn-nr-aging,animal_study,mouse,D,retired_from_active_findings,topic_scope_mismatch,2026-10-01,Git history and prior public-data snapshots
finding-pubmed-42781115,pubmed-42781115,42781115,10.1155/crh/2927231,Dual-Driver Myeloproliferative Neoplasm: Concurrent p190 BCR::ABL1 CML and JAK2 V617F Mutation: A Case Report and Literature Review.,senolytics,narrative_review,human,E,retired_from_active_findings,title_topic_signal_missing,2026-10-01,Git history and prior public-data snapshots
finding-pubmed-42781126,pubmed-42781126,42781126,10.26633/RPSP.2026.93,"[HEARTS in Guatemala: Implementation experience in addressing cardiorenometabolic risk, 2022-2025HEARTS na Guatemala: experiência de implementação para abordar o risco cardiovascular, renal e metabólico, 2022-2025].",blood-pressure-aging,metadata_only_needs_classification,human,E,retired_from_active_findings,title_topic_signal_missing,2026-10-01,Git history and prior public-data snapshots
finding-pubmed-42781725,pubmed-42781725,42781725,10.1097/MEG.0000000000003290,"Allostatic load, unhealthy behaviors, and mortality risk among participants with and without metabolic dysfunction-associated steatotic liver disease.",physical-activity-healthspan,metadata_only_needs_classification,human,E,retired_from_active_findings,title_topic_signal_missing,2026-10-01,Git history and prior public-data snapshots
finding-pubmed-42781864,pubmed-42781864,42781864,10.1242/jcs.265302,In situ visualization of autophagy reveals the presence of vesicles at the expanding phagophore rim.,autophagy-mitophagy,metadata_only_needs_classification,human,E,retired_from_active_findings,topic_scope_mismatch,2026-10-01,Git history and prior public-data snapshots
finding-pubmed-42781887,pubmed-42781887,42781887,10.1111/ggi.70850,A Machine Learning-Derived Risk Scorecard for Pneumonia Hospitalization in Japanese Old-Old Adults.,resistance-training-muscle,human_cohort,human,C,retired_from_active_findings,title_topic_signal_missing,2026-10-01,Git history and prior public-data snapshots
finding-pubmed-42781918,pubmed-42781918,42781918,10.1080/14728222.2026.2737637,Sirtuin signaling as therapeutic targets of immunosenescence.,resistance-training-muscle,narrative_review,human,E,retired_from_active_findings,title_topic_signal_missing,2026-10-01,Git history and prior public-data snapshots
finding-pubmed-42782120,pubmed-42782120,42782120,10.1097/HEP.0000000000001846,Erratum: GLP-1 receptor agonist-SGLT-2 inhibitor combination and risk of major adverse liver and cardiovascular outcomes in adults with MASLD and type 2 diabetes.,glp1-weight-cardiometabolic,non_primary_commentary_or_correction,needs_review,E,retired_from_active_findings,non_result_publication_title,2026-10-01,Git history and prior public-data snapshots
finding-pubmed-42782166,pubmed-42782166,42782166,10.1002/oby.70294,"Incretin-Based Therapies: A Testable Hypothesis Linking Incretin Signaling, Mitochondrial Redox, and OXPHOS Efficiency.",glp1-weight-cardiometabolic,narrative_review,cell,E,retired_from_active_findings,title_topic_signal_missing,2026-10-01,Git history and prior public-data snapshots
finding-pubmed-42782193,pubmed-42782193,42782193,10.2337/dc26-0784,Predictors of Peak Body Weight Loss With Semaglutide in the SELECT Trial.,glp1-weight-cardiometabolic,metadata_only_needs_classification,human,E,retired_from_active_findings,topic_capacity_limit,2026-10-01,Git history and prior public-data snapshots
finding-pubmed-42782299,pubmed-42782299,42782299,10.1007/s00198-026-08209-w,"Chronic hyponatremia and skeletal vulnerability: bone loss, fragility fracture risk, and therapeutic uncertainties.",resistance-training-muscle,metadata_only_needs_classification,human,E,retired_from_active_findings,title_topic_signal_missing,2026-10-01,Git history and prior public-data snapshots
finding-pubmed-42782304,pubmed-42782304,42782304,10.1182/bloodadvances.2026021036,Grip strength is associated with overall survival in myelodysplastic syndrome.,resistance-training-muscle,metadata_only_needs_classification,human,E,retired_from_active_findings,topic_scope_mismatch,2026-10-01,Git history and prior public-data snapshots
finding-pubmed-42782338,pubmed-42782338,42782338,10.1007/s00394-026-04114-4,"The Mediterranean pyramid: 30 years later, still relevant.",dietary-pattern-longevity,narrative_review,human,E,retired_from_active_findings,topic_capacity_limit,2026-10-01,Git history and prior public-data snapshots
finding-pubmed-42782377,pubmed-42782377,42782377,10.1007/s00418-026-02534-1,Quercetin enhances the renoprotective effects of phosphodiesterase inhibitors by attenuating endoplasmic reticulum stress-induced cellular apoptosis via modulation of GRP75/CHOP/Bax/Bcl2 pathway.,senolytics,animal_study,animal,D,retired_from_active_findings,topic_scope_mismatch,2026-10-01,Git history and prior public-data snapshots
finding-pubmed-42782390,pubmed-42782390,42782390,10.1007/s00394-026-04118-0,"Associations between temporal meal patterns, cardiovascular risk factors and cardiovascular disease in Swedish adults: cross-sectional and nested case-control analyses.",ldl-apob-cardiovascular-risk,metadata_only_needs_classification,human,E,retired_from_active_findings,title_topic_signal_missing,2026-10-01,Git history and prior public-data snapshots
finding-pubmed-42782428,pubmed-42782428,42782428,10.1007/s10557-026-07962-8,Impact of Diabetes on Coronary Plaque Stabilization With Evolocumab: Insights From the YELLOW III Trial.,ldl-apob-cardiovascular-risk,metadata_only_needs_classification,human,E,retired_from_active_findings,title_topic_signal_missing,2026-10-01,Git history and prior public-data snapshots
finding-pubmed-42782534,pubmed-42782534,42782534,10.1007/s00520-026-11179-8,Exploring the feasibility of exercise training during (neo)adjuvant chemotherapy in women with early-stage breast cancer: a pilot study examining immune and metabolic outcomes.,resistance-training-muscle,metadata_only_needs_classification,human,E,retired_from_active_findings,title_topic_signal_missing,2026-10-01,Git history and prior public-data snapshots
finding-pubmed-42782577,pubmed-42782577,42782577,10.1007/s11910-026-01519-w,Cognition in Cardiovascular Disease.,blood-pressure-aging,narrative_review,human,E,retired_from_active_findings,title_topic_signal_missing,2026-10-01,Git history and prior public-data snapshots
finding-pubmed-42782599,pubmed-42782599,42782599,10.4103/aam.aam_350_26,Screening for High Predictors of Cardiovascular Risk among Medical Students in Coastal Area of Andhra Pradesh.,physical-activity-healthspan,metadata_only_needs_classification,human,E,retired_from_active_findings,title_topic_signal_missing,2026-10-01,Git history and prior public-data snapshots
finding-pubmed-42782613,pubmed-42782613,42782613,10.1037/bne0000672,Associations of mobility and frailty risk with wayfinding ability in aging.,resistance-training-muscle,metadata_only_needs_classification,human,E,retired_from_active_findings,topic_scope_mismatch,2026-10-01,Git history and prior public-data snapshots
finding-pubmed-42784523,pubmed-42784523,42784523,10.1159/ddi/acnag008,Comprehensive analysis of colorectal cancer burden in G20 countries from 1990 to 2023 and projections to 2030: findings from the Global Burden of Disease Study 2023.,physical-activity-healthspan,metadata_only_needs_classification,human,E,retired_from_active_findings,title_topic_signal_missing,2026-10-01,Git history and prior public-data snapshots
finding-pubmed-42784555,pubmed-42784555,42784555,10.1371/journal.pone.0359198,Joint mobilization combined with cervical resistance training for pediatric atlantoaxial rotatory subluxation: Protocol for a randomized controlled trial with musculoskeletal ultrasound assessment.,resistance-training-muscle,protocol_or_registered_plan,human,E,retired_from_active_findings,protocol_or_registered_plan,2026-10-01,Git history and prior public-data snapshots
finding-pubmed-42784582,pubmed-42784582,42784582,10.1371/journal.pone.0358659,Cardiovascular outcomes associated With GLP-1 and dual GLP-1/GIP receptor agonists in patients with type 2 diabetes and inflammatory bowel disease: A retrospective real-world cohort study.,blood-pressure-aging,human_cohort,human,B,retired_from_active_findings,title_topic_signal_missing,2026-10-01,Git history and prior public-data snapshots
finding-pubmed-42784800,pubmed-42784800,42784800,10.2196/84494,Prediction of 2-Year Incident Clinical Knee Osteoarthritis From Extensor Mechanism Mechanical Properties in Asymptomatic Community-Dwelling Older Adults: Prospective Cohort Study.,resistance-training-muscle,human_cohort,human,C,retired_from_active_findings,title_topic_signal_missing,2026-10-01,Git history and prior public-data snapshots
finding-pubmed-42785046,pubmed-42785046,42785046,10.1016/j.jss.2026.08.059,Glycocalyx and Metabolomic Profiles After Trauma Across Age and Frailty Groups: A Pilot Study.,resistance-training-muscle,metadata_only_needs_classification,human,E,retired_from_active_findings,topic_scope_mismatch,2026-10-01,Git history and prior public-data snapshots
finding-pubmed-42785171,pubmed-42785171,42785171,10.1016/j.redox.2026.104409,Mitochondrial dysfunction and oxidative stress in OSAHS and associated comorbidities: Mechanism and potential targeted therapeutic strategies.,sleep-aging,narrative_review,human,E,retired_from_active_findings,title_topic_signal_missing,2026-10-01,Git history and prior public-data snapshots
finding-pubmed-42785218,pubmed-42785218,42785218,10.1016/j.sleep.2026.109284,Sleep deprivation as a multi-system physiological stressor: A review of shared mechanisms and clinical implications.,sleep-aging,narrative_review,human,E,retired_from_active_findings,topic_capacity_limit,2026-10-01,Git history and prior public-data snapshots
finding-pubmed-42785234,pubmed-42785234,42785234,10.1016/j.ebiom.2026.106492,The GrimAge clock corresponds to brain ageing and social determinants of health in people with HIV.,epigenetic-clocks,metadata_only_needs_classification,human,E,retired_from_active_findings,title_topic_signal_missing,2026-10-01,Git history and prior public-data snapshots
finding-pubmed-42785310,pubmed-42785310,42785310,10.1016/j.stemcr.2026.103089,The crosstalk between alternative splicing and histone ubiquitination modulates fast chemical reprogramming to pluripotency.,partial-reprogramming,metadata_only_needs_classification,cell,E,retired_from_active_findings,title_topic_signal_missing,2026-10-01,Git history and prior public-data snapshots
finding-pubmed-42785580,pubmed-42785580,42785580,10.1016/j.amjcard.2026.09.018,Cardiovascular disease and associated risk factors among transgender and gender diverse individuals.,sleep-aging,metadata_only_needs_classification,human,E,retired_from_active_findings,title_topic_signal_missing,2026-10-01,Git history and prior public-data snapshots
finding-pubmed-42785600,pubmed-42785600,42785600,10.1016/j.exger.2026.113338,"Development and validation of a machine learning-based claims frailty index for predicting mortality, disability, and healthcare utilization in middle-aged and older adults.",resistance-training-muscle,narrative_review,human,E,retired_from_active_findings,topic_scope_mismatch,2026-10-01,Git history and prior public-data snapshots
finding-pubmed-42785625,pubmed-42785625,42785625,10.1016/j.metabol.2026.156787,"Autophagy in sarcopenic obesity: muscle-adipose crosstalk, metabolic regulation, and exercise-based interventions.",physical-activity-healthspan,narrative_review,human,E,retired_from_active_findings,topic_capacity_limit,2026-10-01,Git history and prior public-data snapshots
finding-pubmed-42785932,pubmed-42785932,42785932,10.1136/bmjopen-2026-124968,Estimating the carbon footprint of oral semaglutide (Rybelsus): a comparative analysis of the medicine carbon footprint model and manufacturer life-cycle assessment in pharmaceutical production.,glp1-weight-cardiometabolic,metadata_only_needs_classification,human,E,retired_from_active_findings,topic_capacity_limit,2026-10-01,Git history and prior public-data snapshots
finding-pubmed-42785941,pubmed-42785941,42785941,10.1136/bmjopen-2026-119751,Macrovascular burden profiles in diabetes-related foot ulceration: a latent class analysis of a regional Australian cohort.,blood-pressure-aging,human_cohort,human,B,retired_from_active_findings,title_topic_signal_missing,2026-10-01,Git history and prior public-data snapshots
finding-pubmed-42785964,pubmed-42785964,42785964,10.1136/bjsports-2026-112086,The load-velocity profile as a muscle quality index and fall risk predictor in older adults: a multifactorial perspective (PhD Academy Award).,resistance-training-muscle,metadata_only_needs_classification,human,E,retired_from_active_findings,title_topic_signal_missing,2026-10-01,Git history and prior public-data snapshots
finding-pubmed-42786149,pubmed-42786149,42786149,10.1038/s41392-026-02935-7,Inotodiol prevents age-related muscle wasting by restoring mitochondrial function through liver X receptor beta signaling.,resistance-training-muscle,animal_study,mouse,D,retired_from_active_findings,title_topic_signal_missing,2026-10-01,Git history and prior public-data snapshots
finding-pubmed-42786257,pubmed-42786257,42786257,10.1038/s42003-026-10941-2,"Fermented protein foods as modulators of the gut-muscle axis: mechanisms, evidence, and future directions.",microbiome-inflammaging,narrative_review,human,E,retired_from_active_findings,title_topic_signal_missing,2026-10-01,Git history and prior public-data snapshots
finding-pubmed-42786310,pubmed-42786310,42786310,10.1038/s43587-026-01220-0,Multi-modality profiling identifies Neisseria flavescens as a central geroprotective oral commensal in humans.,microbiome-inflammaging,animal_study,mouse,D,retired_from_active_findings,title_topic_signal_missing,2026-10-01,Git history and prior public-data snapshots
finding-pubmed-42786380,pubmed-42786380,42786380,10.1007/s11357-026-02539-7,Long-term outcomes of transcatheter mitral valve repair in patients with cancer: a systematic review and meta-analysis.,resistance-training-muscle,systematic_review_or_meta_analysis,human,A,retired_from_active_findings,title_topic_signal_missing,2026-10-01,Git history and prior public-data snapshots
finding-pubmed-42786423,pubmed-42786423,42786423,10.1002/jcsm.70381,The Clinical Characteristic and Prognostic Value of Frailty in Elderly COPD Patients.,resistance-training-muscle,metadata_only_needs_classification,human,E,retired_from_active_findings,topic_scope_mismatch,2026-10-01,Git history and prior public-data snapshots
finding-pubmed-42786587,pubmed-42786587,42786587,10.1093/etojnl/vgag255,"Microplastics accumulation and microbiome alterations in the freshwater pulmonate snail, Planorbella pilsbryi.",microbiome-inflammaging,metadata_only_needs_classification,human,E,retired_from_active_findings,topic_scope_mismatch,2026-10-01,Git history and prior public-data snapshots
finding-pubmed-42786626,pubmed-42786626,42786626,10.1002/adhm.71754,NIR-Responsive Mitochondrial-Targeted Nanozymes With Built-In Antibacterial Function for Safe Osteoarthritis Therapy.,senolytics,metadata_only_needs_classification,human,E,retired_from_active_findings,title_topic_signal_missing,2026-10-01,Git history and prior public-data snapshots
finding-pubmed-42786740,pubmed-42786740,42786740,10.1113/JP291213,Mitochondrial permeability transition in skeletal muscle phenocopies muscle alterations seen in cancer cachexia and other wasting conditions.,autophagy-mitophagy,animal_study,mouse,D,retired_from_active_findings,title_topic_signal_missing,2026-10-01,Git history and prior public-data snapshots
finding-pubmed-42786857,pubmed-42786857,42786857,10.2174/0127724328519947260917114932,"Metformin as an Emerging Candidate for Diabetic Retinopathy, Agerelated Macular Degeneration and Glaucoma Pharmacotherapy: Evidence and Perspectives.",metformin-aging,metadata_only_needs_classification,human,E,retired_from_active_findings,topic_scope_mismatch,2026-10-01,Git history and prior public-data snapshots
finding-pubmed-42786858,pubmed-42786858,42786858,10.2174/011871529X494489260914114458,Role of Gut Microbiome-derived Trimethylamine N-oxide and Short-chain Fatty Acids in Heart Failure Outcomes: A Narrative Review.,microbiome-inflammaging,narrative_review,human,E,retired_from_active_findings,topic_scope_mismatch,2026-10-01,Git history and prior public-data snapshots
finding-pubmed-42787541,pubmed-42787541,42787541,10.1002/rmb2.70100,"The Possibility and Characteristics of Senescence-Related Changes in Reproductive Tissues Such as the Ovary, Oviduct, and Uterus.",microbiome-inflammaging,animal_study,animal,D,retired_from_active_findings,title_topic_signal_missing,2026-10-01,Git history and prior public-data snapshots
finding-pubmed-42788204,pubmed-42788204,42788204,10.4081/monaldi.2026.3946,Associations of light smoking with serum carcinoembryonic antigen and relative leukocyte telomere length in men with asthma.,microbiome-inflammaging,metadata_only_needs_classification,human,E,retired_from_active_findings,title_topic_signal_missing,2026-10-01,Git history and prior public-data snapshots
finding-pubmed-42788298,pubmed-42788298,42788298,10.1714/4776.47985,[Sleep alterations as a risk factor for cardiometabolic health: emerging evidence and clinical implications].,sleep-aging,narrative_review,human,E,retired_from_active_findings,topic_capacity_limit,2026-10-01,Git history and prior public-data snapshots
finding-pubmed-42788414,pubmed-42788414,42788414,10.1002/jcsm.70391,Skeletal Muscle Transcriptomic Responses to Concurrent Training With Polyphenols in Ageing Adults: A Randomized Trial.,resistance-training-muscle,human_randomized_or_clinical_trial,human,C,retired_from_active_findings,title_topic_signal_missing,2026-10-01,Git history and prior public-data snapshots
finding-pubmed-42788653,pubmed-42788653,42788653,10.1093/ajrcmb/aanag178,E‑Cigarette Aerosols Trigger Mitochondrial Dysfunction-Associated Ferroptosis in Human Primary ATII Cells.,autophagy-mitophagy,animal_study,mouse,D,retired_from_active_findings,title_topic_signal_missing,2026-10-01,Git history and prior public-data snapshots
finding-pubmed-42788817,pubmed-42788817,42788817,10.1080/17512433.2026.2739560,Non-antibiotic therapeutic approaches for antimicrobial resistance: current evidence and future directions.,microbiome-inflammaging,narrative_review,human,E,retired_from_active_findings,title_topic_signal_missing,2026-10-01,Git history and prior public-data snapshots
finding-pubmed-42788943,pubmed-42788943,42788943,10.4103/singaporemedj.SMJ-2025-186,Hospitalisation experience and frailty prevention in older patients: a qualitative study.,resistance-training-muscle,metadata_only_needs_classification,human,E,retired_from_active_findings,topic_scope_mismatch,2026-10-01,Git history and prior public-data snapshots
finding-pubmed-42788964,pubmed-42788964,42788964,10.1111/jdi.70456,Effect of pemafibrate on LDL-cholesterol properties in type 2 diabetes and hypertriglyceridemia by lipid management status: PARM-T2D post hoc analysis.,ldl-apob-cardiovascular-risk,metadata_only_needs_classification,human,E,retired_from_active_findings,topic_capacity_limit,2026-10-01,Git history and prior public-data snapshots
finding-pubmed-42789001,pubmed-42789001,42789001,10.1093/sleep/zsag255,"Insomnia with objective short sleep duration: A biomarker for mortality risk, not yet a mandate for practice.",sleep-aging,metadata_only_needs_classification,needs_review,E,retired_from_active_findings,topic_capacity_limit,2026-10-01,Git history and prior public-data snapshots
finding-pubmed-42789064,pubmed-42789064,42789064,10.1093/jbmr/zjag143,The Muscle-Bone Unit in Children and Adolescents: Insights from the Canadian Health Measures Survey.,resistance-training-muscle,metadata_only_needs_classification,human,E,retired_from_active_findings,title_topic_signal_missing,2026-10-01,Git history and prior public-data snapshots
finding-pubmed-42789205,pubmed-42789205,42789205,10.1007/s12035-026-06237-5,"The Interplay of Metabolic Dysfunction, Neuroinflammation, and Mitochondrial Dysfunction in Balance Impairment: Insights from Type 2 Diabetes Mellitus and Alzheimer's Disease.",resistance-training-muscle,narrative_review,human,E,retired_from_active_findings,title_topic_signal_missing,2026-10-01,Git history and prior public-data snapshots
finding-pubmed-42789208,pubmed-42789208,42789208,10.1007/s11517-026-03677-y,Development and validation of an integrated wearable system for continuous cardiorespiratory monitoring using photoplethysmography and optical respiratory detection.,physical-activity-healthspan,metadata_only_needs_classification,human,E,retired_from_active_findings,title_topic_signal_missing,2026-10-01,Git history and prior public-data snapshots
finding-pubmed-42789307,pubmed-42789307,42789307,10.1073/pnas.2618845123,An RNA thermogenic therapy to preserve lean mass and enhance metabolic health during GLP-1 weight loss.,glp1-weight-cardiometabolic,animal_study,mouse,D,retired_from_active_findings,nonhuman_record_in_human_outcome_topic,2026-10-01,Git history and prior public-data snapshots
finding-pubmed-42789394,pubmed-42789394,42789394,10.1016/j.celrep.2026.118038,"Oral vaccine delivery systems: Gastrointestinal barriers, gut microbiota, and emerging engineering strategies.",microbiome-inflammaging,narrative_review,human,E,retired_from_active_findings,topic_scope_mismatch,2026-10-01,Git history and prior public-data snapshots
finding-pubmed-42789455,pubmed-42789455,42789455,10.1113/JP291728,Macroscopic to ultrastructural analyses identify the loss of myofibrils as the primary mediator of ageing- and disuse-induced muscle fibre atrophy.,resistance-training-muscle,animal_study,mouse,D,retired_from_active_findings,title_topic_signal_missing,2026-10-01,Git history and prior public-data snapshots
finding-pubmed-42789532,pubmed-42789532,42789532,10.1371/journal.pdig.0001691,"Optimizing accelerometer implementation in a gerotherapeutic trial: Feasibility, adherence, and operational insights of ABLE.",epigenetic-clocks,metadata_only_needs_classification,human,E,retired_from_active_findings,title_topic_signal_missing,2026-10-01,Git history and prior public-data snapshots
finding-pubmed-42789572,pubmed-42789572,42789572,10.1371/journal.pone.0359109,"Age at dementia diagnosis, subtype associations, and neuroimaging differentiation in Bangladesh: The CARED study.",blood-pressure-aging,metadata_only_needs_classification,human,E,retired_from_active_findings,title_topic_signal_missing,2026-10-01,Git history and prior public-data snapshots
finding-pubmed-42789582,pubmed-42789582,42789582,10.1371/journal.pdig.0001756,A pre-post pilot feasibility study of the MindBia web-based nutrition intervention for individuals with severe mental illness: Study protocol.,dietary-pattern-longevity,protocol_or_registered_plan,human,E,retired_from_active_findings,non_result_publication_title,2026-10-01,Git history and prior public-data snapshots
finding-pubmed-42789755,pubmed-42789755,42789755,10.1093/gerona/glag242,Hallmarks of Aging Associate with High Intensity Interval Training Benefits and Frailty in Female C57Bl/6J Mice.,resistance-training-muscle,animal_study,mouse,D,retired_from_active_findings,topic_scope_mismatch,2026-10-01,Git history and prior public-data snapshots
finding-pubmed-42789792,pubmed-42789792,42789792,10.2196/96571,"Exergame Intervention for Habit Formation, Lifestyle Adjustment, and Health Ownership Enhancement Among Hong Kong's Older Adults: Multisession, Single-Group, Pre-Post Pilot Study.",physical-activity-healthspan,metadata_only_needs_classification,human,E,retired_from_active_findings,title_topic_signal_missing,2026-10-01,Git history and prior public-data snapshots
finding-pubmed-42790240,pubmed-42790240,42790240,10.1016/j.envint.2026.110542,Gut microbiota dysbiosis is associated with the synaptic deficits and cognitive impairment induced by LCM mixtures within a proposed mechanistic framework consistent with the AOP concept.,microbiome-inflammaging,animal_study,mouse,D,retired_from_active_findings,topic_scope_mismatch,2026-10-01,Git history and prior public-data snapshots
finding-pubmed-42790260,pubmed-42790260,42790260,10.1016/j.archger.2026.106418,Trends in statin use and its association with mortality among older U.S. cancer survivors with and without coronary heart disease.,blood-pressure-aging,human_cohort,human,B,retired_from_active_findings,title_topic_signal_missing,2026-10-01,Git history and prior public-data snapshots
finding-pubmed-42790274,pubmed-42790274,42790274,10.1016/j.jnha.2026.100989,Metabolic reserve: baseline cholesterol as a predictor and modulator of response to in-hospital exercise in older adults.,physical-activity-healthspan,metadata_only_needs_classification,human,E,retired_from_active_findings,topic_capacity_limit,2026-10-01,Git history and prior public-data snapshots
finding-pubmed-42790587,pubmed-42790587,42790587,10.1016/j.rh.2026.101016,Different Types of Training on Spatiotemporal Parameters of Gait in Older Adults: A Scoping Review.,resistance-training-muscle,narrative_review,human,E,retired_from_active_findings,title_topic_signal_missing,2026-10-01,Git history and prior public-data snapshots
finding-pubmed-42790684,pubmed-42790684,42790684,10.1016/j.alcohol.2026.107460,"The Vagus Nerve in Alcohol Use Disorder: Gut-Brain Mechanisms Linking Interoception, Neuroinflammation, and Reward.",microbiome-inflammaging,narrative_review,human,E,retired_from_active_findings,title_topic_signal_missing,2026-10-01,Git history and prior public-data snapshots
finding-pubmed-42790697,pubmed-42790697,42790697,10.1016/j.avsg.2026.09.015,Outcomes Following Endovascular Versus Open Management of Carotid Artery Injuries in the National Trauma Data Bank.,blood-pressure-aging,metadata_only_needs_classification,human,E,retired_from_active_findings,title_topic_signal_missing,2026-10-01,Git history and prior public-data snapshots
finding-pubmed-42790746,pubmed-42790746,42790746,10.1016/j.jhepr.2026.102045,Defining clinically relevant myosteatosis in patients with liver cirrhosis.,resistance-training-muscle,metadata_only_needs_classification,human,E,retired_from_active_findings,title_topic_signal_missing,2026-10-01,Git history and prior public-data snapshots
finding-pubmed-42790754,pubmed-42790754,42790754,10.1016/j.pharmthera.2026.109127,The rhythm of pressure: Circadian disruption and chronotherapy.,microbiome-inflammaging,narrative_review,human,E,retired_from_active_findings,title_topic_signal_missing,2026-10-01,Git history and prior public-data snapshots
finding-pubmed-42790755,pubmed-42790755,42790755,10.1016/j.pharmthera.2026.109128,The regulatory and therapeutic potential of transposable elements in cancer and inflammatory diseases.,microbiome-inflammaging,narrative_review,human,E,retired_from_active_findings,title_topic_signal_missing,2026-10-01,Git history and prior public-data snapshots
finding-pubmed-42790802,pubmed-42790802,42790802,10.1016/j.bone.2026.118113,Protective effects of sarcopenia-related traits on spinal degenerative diseases: A large prospective cohort study.,resistance-training-muscle,human_mendelian_randomization,human,B,retired_from_active_findings,topic_scope_mismatch,2026-10-01,Git history and prior public-data snapshots
finding-pubmed-42790830,pubmed-42790830,42790830,10.1016/j.phrs.2026.109638,Berberine induces pleiotropic beneficial effects via hormesis.,metformin-aging,narrative_review,human,E,retired_from_active_findings,title_topic_signal_missing,2026-10-01,Git history and prior public-data snapshots
finding-pubmed-42790865,pubmed-42790865,42790865,10.1016/j.advms.2026.09.006,Predictive factors of functional recovery in older inpatients: AIRCOT Study.,resistance-training-muscle,metadata_only_needs_classification,human,E,retired_from_active_findings,title_topic_signal_missing,2026-10-01,Git history and prior public-data snapshots
finding-pubmed-42790887,pubmed-42790887,42790887,10.34763/jmotherandchild.20263001.d-26-00011,The New Landscape of Cystic Fibrosis in the Era of Highly Effective Cystic Fibrosis Transmembrane Conductance Regulator Modulator Therapy.,blood-pressure-aging,narrative_review,human,E,retired_from_active_findings,title_topic_signal_missing,2026-10-01,Git history and prior public-data snapshots
finding-pubmed-42790922,pubmed-42790922,42790922,10.1136/bmjopen-2025-114286,"Study on blueberries, protein and exercise for improving frailty and cardiovascular disease (STRONG): protocol for a parallel-group randomised controlled superiority trial in older Nova Scotians.",resistance-training-muscle,protocol_or_registered_plan,human,E,retired_from_active_findings,protocol_or_registered_plan,2026-10-01,Git history and prior public-data snapshots
finding-pubmed-42791154,pubmed-42791154,42791154,10.1016/j.sleh.2026.08.013,"Insomnia with objective short sleep duration, objective long sleep duration, and mortality in older persons.",sleep-aging,metadata_only_needs_classification,human,E,retired_from_active_findings,topic_capacity_limit,2026-10-01,Git history and prior public-data snapshots
finding-pubmed-42791160,pubmed-42791160,42791160,10.1016/j.endien.2026.501775,Predictive value of bioelectrical impedance analysis for clinical outcomes in older adults at nutritional risk admitted to an intermediate care convalescent unit.,resistance-training-muscle,metadata_only_needs_classification,human,E,retired_from_active_findings,title_topic_signal_missing,2026-10-01,Git history and prior public-data snapshots
finding-pubmed-42791208,pubmed-42791208,42791208,10.1002/jcsm.70390,Effects of Daily Rhythm-Aligned Training on Skeletal Muscle Adaptation in Older Adults: A Randomized Controlled Trial.,resistance-training-muscle,human_randomized_or_clinical_trial,human,B,retired_from_active_findings,title_topic_signal_missing,2026-10-01,Git history and prior public-data snapshots
finding-pubmed-42791210,pubmed-42791210,42791210,10.1080/21551197.2026.2733707,Dietary Intakes of Older Retired Olympic and Commonwealth Games Athletes: A Cross-Sectional Study.,physical-activity-healthspan,metadata_only_needs_classification,human,E,retired_from_active_findings,title_topic_signal_missing,2026-10-01,Git history and prior public-data snapshots
finding-pubmed-42791222,pubmed-42791222,42791222,10.1093/joneph/aajag252,Renal AA amyloidosis associated with severe obesity: improvement in kidney function and proteinuria following semaglutide-associated weight loss.,glp1-weight-cardiometabolic,metadata_only_needs_classification,human,E,retired_from_active_findings,topic_capacity_limit,2026-10-01,Git history and prior public-data snapshots
finding-pubmed-42791366,pubmed-42791366,42791366,10.1038/s41581-026-01128-3,Recommendations for the management of frailty in chronic kidney disease: a consensus report.,resistance-training-muscle,narrative_review,human,E,retired_from_active_findings,topic_scope_mismatch,2026-10-01,Git history and prior public-data snapshots
finding-pubmed-42791578,pubmed-42791578,42791578,10.1186/s12931-026-03924-8,Frailty and longitudinal pulmonary function trajectories in lung transplant recipients.,resistance-training-muscle,metadata_only_needs_classification,human,E,retired_from_active_findings,topic_scope_mismatch,2026-10-01,Git history and prior public-data snapshots
finding-pubmed-42791602,pubmed-42791602,42791602,10.1111/acel.70737,A Deep-Learning Based Biomarker of Systemic Cellular Senescence Burden to Predict Mortality and Health Outcomes.,physical-activity-healthspan,metadata_only_needs_classification,human,E,retired_from_active_findings,title_topic_signal_missing,2026-10-01,Git history and prior public-data snapshots
finding-pubmed-42791620,pubmed-42791620,42791620,10.1111/acel.70741,Hepatocyte Growth Hormone Receptor Ablation Is Associated With Aging Phenotypes and Hepatic Mitochondrial Dysfunction.,microbiome-inflammaging,animal_study,mouse,D,retired_from_active_findings,title_topic_signal_missing,2026-10-01,Git history and prior public-data snapshots
finding-pubmed-42791643,pubmed-42791643,42791643,10.1093/geront/gnag233,Range and Consistency of Reported Outcomes in Interventional Studies involving Frail Inpatients: A Systematic Review.,resistance-training-muscle,systematic_review_or_meta_analysis,human,A,retired_from_active_findings,topic_scope_mismatch,2026-10-01,Git history and prior public-data snapshots
finding-pubmed-42791661,pubmed-42791661,42791661,10.1002/cam4.72230,Pragmatic Screening for Sarcopenia in Non-Small Cell Lung Cancer: Development and Internal Validation of a Prospective Risk Model Integrating T12 CT Indices and Routine Clinical Variables.,resistance-training-muscle,metadata_only_needs_classification,human,E,retired_from_active_findings,topic_scope_mismatch,2026-10-01,Git history and prior public-data snapshots
finding-pubmed-42798054,pubmed-42798054,42798054,10.1097/MD.0000000000050698,Lung cancer and altered brain structure: A causal inference based on MR.,sleep-aging,human_mendelian_randomization,human,B,retired_from_active_findings,title_topic_signal_missing,2026-10-01,Git history and prior public-data snapshots
finding-pubmed-42798063,pubmed-42798063,42798063,10.1097/MD.0000000000050722,Critical Kennedy's disease with Guillain-Barré syndrome and respiratory failure: A case report.,resistance-training-muscle,metadata_only_needs_classification,human,E,retired_from_active_findings,title_topic_signal_missing,2026-10-01,Git history and prior public-data snapshots
finding-pubmed-42798068,pubmed-42798068,42798068,10.1097/MD.0000000000050835,Mitral annular calcification severity and invasive hemodynamic confirmation of HFpEF: A prospective observational study.,blood-pressure-aging,metadata_only_needs_classification,human,E,retired_from_active_findings,title_topic_signal_missing,2026-10-01,Git history and prior public-data snapshots
finding-pubmed-42798069,pubmed-42798069,42798069,10.1097/MD.0000000000050824,"Three decades of global ischemic heart disease burden: Trends, disparities, and drivers from 1990 to 2021.",blood-pressure-aging,metadata_only_needs_classification,human,E,retired_from_active_findings,title_topic_signal_missing,2026-10-01,Git history and prior public-data snapshots
finding-pubmed-42798076,pubmed-42798076,42798076,10.1097/MD.0000000000050666,Risk factors for hemorrhagic transformation after tenecteplase therapy in acute ischemic stroke: A retrospective observational study.,blood-pressure-aging,metadata_only_needs_classification,human,E,retired_from_active_findings,title_topic_signal_missing,2026-10-01,Git history and prior public-data snapshots
finding-pubmed-42798080,pubmed-42798080,42798080,10.1097/MD.0000000000050829,Quantitative evaluation of the effect of hyperlipidemia on carotid artery stiffness in patients with type 2 diabetes mellitus using shear wave elastography.,ldl-apob-cardiovascular-risk,metadata_only_needs_classification,human,E,retired_from_active_findings,title_topic_signal_missing,2026-10-01,Git history and prior public-data snapshots
finding-pubmed-42798156,pubmed-42798156,42798156,10.4103/aam.aam_359_26,Chronic Stress and Its Association with Elevated Blood Pressure and Lifestyle Habits among Medical Students.,sleep-aging,metadata_only_needs_classification,human,E,retired_from_active_findings,title_topic_signal_missing,2026-10-01,Git history and prior public-data snapshots
finding-pubmed-42798239,pubmed-42798239,42798239,10.1080/07853890.2026.2719066,There is no place like home: patient perspectives on mobility outside the home during hospital-at-home care- a qualitative study.,resistance-training-muscle,metadata_only_needs_classification,human,E,retired_from_active_findings,title_topic_signal_missing,2026-10-01,Git history and prior public-data snapshots
finding-pubmed-42798242,pubmed-42798242,42798242,10.1093/ajrccm/aamag515,Respiratory Effort and Mortality in Sleep Apnea: Establishing Incremental Value.,sleep-aging,metadata_only_needs_classification,human,E,retired_from_active_findings,topic_capacity_limit,2026-10-01,Git history and prior public-data snapshots
finding-pubmed-42798559,pubmed-42798559,42798559,10.1007/s40200-026-02079-z,Pooled prevalence of anxiety and depressive symptoms among adults with type 2 diabetes: a systematic review and meta-analysis.,physical-activity-healthspan,systematic_review_or_meta_analysis,human,E,retired_from_active_findings,title_topic_signal_missing,2026-10-01,Git history and prior public-data snapshots
finding-pubmed-42798817,pubmed-42798817,42798817,10.1093/gastro/goag103,"Navigating TIPS in the era of ageing and metabolic comorbidity: a contemporary narrative review of risk, resilience, and outcomes.",resistance-training-muscle,narrative_review,human,E,retired_from_active_findings,title_topic_signal_missing,2026-10-01,Git history and prior public-data snapshots
finding-pubmed-42799225,pubmed-42799225,42799225,10.5334/gh.1586,"Sleep Phenotype, Shift-Related Occupation, and Coronary Plaque Complexity in Young Adults: Association with CT-Derived Functional Ischemia.",sleep-aging,metadata_only_needs_classification,human,E,retired_from_active_findings,topic_capacity_limit,2026-10-01,Git history and prior public-data snapshots
finding-pubmed-42799301,pubmed-42799301,42799301,10.1515/med-2026-1515,"Crossroads of well-being: oral health, neurology, neuronutrition and healthy aging.",microbiome-inflammaging,narrative_review,human,E,retired_from_active_findings,title_topic_signal_missing,2026-10-01,Git history and prior public-data snapshots
finding-pubmed-42799450,pubmed-42799450,42799450,10.7717/peerj.21733,Development and validation of a risk prediction model for postoperative frailty in breast cancer patients.,resistance-training-muscle,metadata_only_needs_classification,human,E,retired_from_active_findings,topic_scope_mismatch,2026-10-01,Git history and prior public-data snapshots
finding-pubmed-42799693,pubmed-42799693,42799693,10.1093/gerona/glag240,Exploring Epigenetic Aging and Cognitive Change in Middle Adulthood.,epigenetic-clocks,metadata_only_needs_classification,human,E,retired_from_active_findings,title_topic_signal_missing,2026-10-01,Git history and prior public-data snapshots
finding-pubmed-42799899,pubmed-42799899,42799899,10.1007/s11701-026-03995-1,Robotic versus laparoscopic surgery in older adults: a systematic review and meta-analysis of recovery-centered outcomes.,resistance-training-muscle,systematic_review_or_meta_analysis,human,A,retired_from_active_findings,title_topic_signal_missing,2026-10-01,Git history and prior public-data snapshots
finding-pubmed-42799927,pubmed-42799927,42799927,10.1007/s10735-026-10980-3,Sunflower oil-loaded lycopene protects intestinal barrier integrity following traumatic brain injury.,microbiome-inflammaging,animal_study,mouse,D,retired_from_active_findings,title_topic_signal_missing,2026-10-01,Git history and prior public-data snapshots
finding-pubmed-42799932,pubmed-42799932,42799932,10.1007/s12035-026-06241-9,Symptomatic Rescue or Disease Modification? A Critical Review of Levodopa and Phytochemical Interventions in Caenorhabditis elegans Models of Parkinson's Disease.,autophagy-mitophagy,animal_study,animal,D,retired_from_active_findings,title_topic_signal_missing,2026-10-01,Git history and prior public-data snapshots
finding-pubmed-42799938,pubmed-42799938,42799938,10.1007/s11357-026-02555-7,Plasma and cerebrospinal fluid proteomics reveal distinct patterns of senescence and neuropathology in aging rhesus macaques.,microbiome-inflammaging,animal_study,animal,D,retired_from_active_findings,title_topic_signal_missing,2026-10-01,Git history and prior public-data snapshots
finding-pubmed-42800036,pubmed-42800036,42800036,10.1002/wjs.70585,Short-Term Clinical Outcomes and Complication Timing in Patients With Postoperative Delirium After Major Emergency Abdominal Surgery: A Prospective Cohort Study.,resistance-training-muscle,human_cohort,human,B,retired_from_active_findings,title_topic_signal_missing,2026-10-01,Git history and prior public-data snapshots
finding-pubmed-42800050,pubmed-42800050,42800050,10.1210/clinem/dgag397,Key Findings on the Efficacy and Safety of Testosterone Therapy from Two Large Randomized Trials.,blood-pressure-aging,human_randomized_or_clinical_trial,human,B,retired_from_active_findings,title_topic_signal_missing,2026-10-01,Git history and prior public-data snapshots
finding-pubmed-42800142,pubmed-42800142,42800142,10.1016/j.sleep.2026.109286,CPAP adherence and depressive symptoms in post-stroke/TIA patients with OSA.,sleep-aging,metadata_only_needs_classification,human,E,retired_from_active_findings,title_topic_signal_missing,2026-10-01,Git history and prior public-data snapshots
finding-pubmed-42800367,pubmed-42800367,42800367,10.1016/j.jneuroim.2026.579102,An intestine-centric view of neurodegeneration: How intestine-derived signals mediate the intestine-brain axis to impact Alzheimer's disease.,epigenetic-clocks,metadata_only_needs_classification,human,E,retired_from_active_findings,title_topic_signal_missing,2026-10-01,Git history and prior public-data snapshots
finding-pubmed-42800379,pubmed-42800379,42800379,10.1016/j.urolonc.2026.08.013,Novel use of computed tomography-derived body composition to facilitate risk assessment in patients with bladder cancer.,resistance-training-muscle,metadata_only_needs_classification,human,E,retired_from_active_findings,title_topic_signal_missing,2026-10-01,Git history and prior public-data snapshots
finding-pubmed-42800387,pubmed-42800387,42800387,10.1016/j.intimp.2026.117483,Quercetin-loaded exosomes prevent endometrial fibrosis by downregulating EGFR.,senolytics,metadata_only_needs_classification,human,E,retired_from_active_findings,topic_scope_mismatch,2026-10-01,Git history and prior public-data snapshots
finding-pubmed-42800420,pubmed-42800420,42800420,10.1016/j.injury.2026.113730,"MicroRNAs regulate viability, longevity and extracellular matrix secretions of mesenchymal stem cell-derived chondrocytes in vitro.",autophagy-mitophagy,mechanistic_or_cell_study,human,E,retired_from_active_findings,title_topic_signal_missing,2026-10-01,Git history and prior public-data snapshots
finding-pubmed-42800484,pubmed-42800484,42800484,10.1016/j.mad.2026.112260,The Eukaryotic Host-Microbe-Phage-Nutrition Interplay Determines the Bacterial Effectors of Supplemental Lysine's Health Benefits: An Experimental Cellular Senescence Model of Digestive Conditions in Older Adults.,microbiome-inflammaging,metadata_only_needs_classification,human,E,retired_from_active_findings,title_topic_signal_missing,2026-10-01,Git history and prior public-data snapshots
finding-pubmed-42800499,pubmed-42800499,42800499,10.1016/j.yrtph.2026.106252,Suitability of the ICH S1B(R1) Weight-of-Evidence Framework to Evaluate Glucagon-Like Protein-1 Receptor Agonist (GLP-1RA) Carcinogenicity Risk.,glp1-weight-cardiometabolic,animal_study,animal,D,retired_from_active_findings,nonhuman_record_in_human_outcome_topic,2026-10-01,Git history and prior public-data snapshots
finding-pubmed-42800503,pubmed-42800503,42800503,10.1016/j.neuroscience.2026.09.037,"Exercise-driven neuromuscular junction plasticity: integrating motor-neuron adaptation, synaptic remodeling, and glial support.",resistance-training-muscle,animal_study,animal,D,retired_from_active_findings,title_topic_signal_missing,2026-10-01,Git history and prior public-data snapshots
finding-pubmed-42800544,pubmed-42800544,42800544,10.1016/j.urology.2026.09.054,Perioperative Morbidity of Robotic-Assisted Radical Cystectomy Versus Open Radical Cystectomy in Older Adults and the Role of Frailty as an Effect Modifier.,resistance-training-muscle,metadata_only_needs_classification,human,E,retired_from_active_findings,topic_scope_mismatch,2026-10-01,Git history and prior public-data snapshots
finding-pubmed-42800547,pubmed-42800547,42800547,10.1016/j.taap.2026.118050,Myocardial senescence as a mechanistic endpoint of arsenic cardiotoxicity: Cysteine-associated p53/p21 activation and reversal by quercetin.,senolytics,animal_study,mouse,D,retired_from_active_findings,topic_scope_mismatch,2026-10-01,Git history and prior public-data snapshots
finding-pubmed-42800548,pubmed-42800548,42800548,10.1016/j.annepidem.2026.110293,"Red light, green light: Activity fragmentation and all-cause mortality in United States adults.",physical-activity-healthspan,human_cohort,human,B,retired_from_active_findings,title_topic_signal_missing,2026-10-01,Git history and prior public-data snapshots
finding-pubmed-42800618,pubmed-42800618,42800618,10.1016/j.pbiomolbio.2026.101955,Exercise-mediated muscle-bone crosstalk in osteosarcopenia: potential integration through the LIF/LIFR/STAT3 signaling axis.,resistance-training-muscle,animal_study,animal,D,retired_from_active_findings,nonhuman_record_in_human_outcome_topic,2026-10-01,Git history and prior public-data snapshots
finding-pubmed-42800643,pubmed-42800643,42800643,10.1016/j.arr.2026.103385,Neuroenergetic flexibility in the aging brain: Cellular mechanisms and diet-induced metabolic switching.,time-restricted-eating,narrative_review,human,E,retired_from_active_findings,title_topic_signal_missing,2026-10-01,Git history and prior public-data snapshots
finding-pubmed-42800651,pubmed-42800651,42800651,10.1016/j.rmed.2026.109184,Prognostic impact of coexisting lung disease in patients with pulmonary arterial hypertension.,cardiorespiratory-fitness,metadata_only_needs_classification,human,E,retired_from_active_findings,title_topic_signal_missing,2026-10-01,Git history and prior public-data snapshots
finding-pubmed-42800747,pubmed-42800747,42800747,10.1016/j.ejim.2026.107203,DEED-FRAIL trial: A cluster-randomized trial of a frailty-oriented multicomponent ED discharge intervention for older adults with geriatric vulnerability and acute heart failure.,resistance-training-muscle,human_randomized_or_clinical_trial,human,B,retired_from_active_findings,topic_scope_mismatch,2026-10-01,Git history and prior public-data snapshots
finding-pubmed-42800900,pubmed-42800900,42800900,10.1177/26350106261483738,Feasibility of the Comprehensive Overweight/Obesity Management Pre-Kidney Transplant Program: A Group-Based Lifestyle Intervention and GLP-1 Receptor Agonist Therapy for End-Stage Kidney Disease Candidates Ineligible Due to Obesity.,glp1-weight-cardiometabolic,metadata_only_needs_classification,human,E,retired_from_active_findings,topic_capacity_limit,2026-10-01,Git history and prior public-data snapshots
finding-pubmed-42801018,pubmed-42801018,42801018,10.1007/s40200-026-02091-3,Discordantly high apolipoprotein B despite normal LDL cholesterol across AHA PREVENT cardiometabolic risk strata among U.S. adults.,ldl-apob-cardiovascular-risk,metadata_only_needs_classification,human,E,retired_from_active_findings,topic_capacity_limit,2026-10-01,Git history and prior public-data snapshots
finding-pubmed-42801042,pubmed-42801042,42801042,10.1007/s40200-026-02081-5,Ramadan fasting and thyroid function: a narrative review of physiological adaptation and clinical management.,time-restricted-eating,narrative_review,human,E,retired_from_active_findings,title_topic_signal_missing,2026-10-01,Git history and prior public-data snapshots
finding-pubmed-42801052,pubmed-42801052,42801052,10.1002/rmb2.70086,Mitochondrial-Targeted Phytochemicals in Reproductive Aging: Mechanisms and Translational Potential.,senolytics,narrative_review,human,E,retired_from_active_findings,title_topic_signal_missing,2026-10-01,Git history and prior public-data snapshots
finding-pubmed-42801224,pubmed-42801224,42801224,10.2147/IJN.S632817,Nanoparticle-Based Tools to Study Hallmarks of Aging at the Molecular Level.,microbiome-inflammaging,narrative_review,human,E,retired_from_active_findings,title_topic_signal_missing,2026-10-01,Git history and prior public-data snapshots
finding-pubmed-42801246,pubmed-42801246,42801246,10.2147/CIA.S639690,Alzheimer's Disease: From Molecular Pathogenesis to Disease-Modifying Therapies and Clinical Implementation in Aging Populations.,blood-pressure-aging,narrative_review,human,E,retired_from_active_findings,title_topic_signal_missing,2026-10-01,Git history and prior public-data snapshots
finding-pubmed-42801270,pubmed-42801270,42801270,10.1177/19417381261486230,Assessing the Impact of Myofascial Release Versus Dry Needling for Chondromalacia in Adult Females: A Randomized Controlled Trial.,physical-activity-healthspan,human_randomized_or_clinical_trial,human,C,retired_from_active_findings,title_topic_signal_missing,2026-10-01,Git history and prior public-data snapshots
finding-pubmed-42801279,pubmed-42801279,42801279,10.1177/00031348261493527,No Such Thing as Low-Risk Surgery in Frail Patients: Operative Stress and Loss of Independence.,resistance-training-muscle,metadata_only_needs_classification,human,E,retired_from_active_findings,topic_scope_mismatch,2026-10-01,Git history and prior public-data snapshots
finding-pubmed-42801284,pubmed-42801284,42801284,10.1113/JP291697,Effects of exercise followed by a low-carbohydrate diet on peak fat oxidation and mitochondrial coupling control and efficiency in healthy trained men.,physical-activity-healthspan,metadata_only_needs_classification,human,E,retired_from_active_findings,topic_capacity_limit,2026-10-01,Git history and prior public-data snapshots
finding-pubmed-42801380,pubmed-42801380,42801380,10.1007/s11102-026-01760-z,"Hypothalamic obesity in pediatric vs. adult craniopharyngioma: mechanisms, management, and cardiometabolic outcomes.",glp1-weight-cardiometabolic,narrative_review,human,E,retired_from_active_findings,title_topic_signal_missing,2026-10-01,Git history and prior public-data snapshots
finding-pubmed-42801420,pubmed-42801420,42801420,10.1007/s11019-026-10402-x,Beyond Cure: Care as Medicine's Constitutive End and the Limits of a Cure-Centered Account.,resistance-training-muscle,metadata_only_needs_classification,human,E,retired_from_active_findings,title_topic_signal_missing,2026-10-01,Git history and prior public-data snapshots
finding-pubmed-42801476,pubmed-42801476,42801476,10.1016/j.tjfa.2026.100211,Scaling of an evidence-based intervention program in older people with diabetes and frailty in Latin America. Diabfrail-Latam clinical trial protocol.,resistance-training-muscle,protocol_or_registered_plan,human,E,retired_from_active_findings,non_result_publication_title,2026-10-01,Git history and prior public-data snapshots
finding-pubmed-42801510,pubmed-42801510,42801510,10.1080/10669817.2026.2733484,Short term effectiveness of dry needling and instrument assisted soft tissue mobilization in knee osteoarthritis patients - a randomized controlled trial.,resistance-training-muscle,human_randomized_or_clinical_trial,human,B,retired_from_active_findings,title_topic_signal_missing,2026-10-01,Git history and prior public-data snapshots
finding-pubmed-42801535,pubmed-42801535,42801535,10.1002/advs.78018,Huntingtin Aggregate-Responsive Autophagy Gene Circuit Mitigates Disease Pathology in R6/2 Mice.,autophagy-mitophagy,animal_study,mouse,D,retired_from_active_findings,topic_scope_mismatch,2026-10-01,Git history and prior public-data snapshots
finding-pubmed-42801580,pubmed-42801580,42801580,10.1002/advs.77849,A Hepatocyte-to-Stellate Cell Axis Couples Alternate-Day Fasting to Liver Fibrosis Resolution via ATG7 S-Nitrosylation.,autophagy-mitophagy,animal_study,mouse,D,retired_from_active_findings,title_topic_signal_missing,2026-10-01,Git history and prior public-data snapshots
finding-pubmed-42801617,pubmed-42801617,42801617,10.1002/advs.77951,Developing Metal-Polyphenol Network-Based Single-Protein Particle Encapsulation System for Sustained Release of Whey Protein to Mitigate Sarcopenia.,resistance-training-muscle,animal_study,mouse,D,retired_from_active_findings,topic_scope_mismatch,2026-10-01,Git history and prior public-data snapshots
finding-pubmed-42801732,pubmed-42801732,42801732,10.1111/nup.70124,Critically Exploring Vulnerability in Frail Older Adults Following a Fall.,resistance-training-muscle,metadata_only_needs_classification,human,E,retired_from_active_findings,topic_scope_mismatch,2026-10-01,Git history and prior public-data snapshots
finding-pubmed-42801966,pubmed-42801966,42801966,10.1016/j.jstrokecerebrovasdis.2026.108757,Ten-year progression of white matter hyperintensities according to baseline hypertensive retinopathy in a population-based cohort.,blood-pressure-aging,human_cohort,human,C,retired_from_active_findings,title_topic_signal_missing,2026-10-01,Git history and prior public-data snapshots
finding-pubmed-42802037,pubmed-42802037,42802037,10.1111/ggi.70858,White Blood Cell to HDL-C Ratio and Sarcopenia: A Dual-Cohort Analysis Including Exploratory Insights on Hepatitis B History.,resistance-training-muscle,human_cohort,human,B,retired_from_active_findings,topic_scope_mismatch,2026-10-01,Git history and prior public-data snapshots
finding-pubmed-42802039,pubmed-42802039,42802039,10.1111/ggi.70857,Disease Name Recognition and Prognosis in Older Patients With Heart Failure.,blood-pressure-aging,metadata_only_needs_classification,human,E,retired_from_active_findings,title_topic_signal_missing,2026-10-01,Git history and prior public-data snapshots
finding-pubmed-42802193,pubmed-42802193,42802193,10.1007/s10552-026-02259-5,"The relationship between activities of daily living, frailty, and care dependency in older adults with lung cancer.",resistance-training-muscle,metadata_only_needs_classification,human,E,retired_from_active_findings,topic_scope_mismatch,2026-10-01,Git history and prior public-data snapshots
finding-pubmed-42802194,pubmed-42802194,42802194,10.1111/dom.71380,Cardiovascular Classification in Middle-Aged and Elderly CKD Patients: A Machine Learning Approach in China and the United States.,blood-pressure-aging,metadata_only_needs_classification,human,E,retired_from_active_findings,title_topic_signal_missing,2026-10-01,Git history and prior public-data snapshots
finding-pubmed-42802280,pubmed-42802280,42802280,10.1007/s00415-026-14106-3,The role of leukocyte p38 MAP kinase in immune-mediated peripheral polyneuropathies: distinct modulation by intravenous immunoglobulins.,resistance-training-muscle,metadata_only_needs_classification,human,E,retired_from_active_findings,title_topic_signal_missing,2026-10-01,Git history and prior public-data snapshots
finding-pubmed-42802632,pubmed-42802632,42802632,10.2340/jrm.v58.46235,Responsiveness of the K-Force Grip Dynamometer in patients with ICU-acquired weakness: a prospective longitudinal study.,resistance-training-muscle,human_cohort,human,B,retired_from_active_findings,title_topic_signal_missing,2026-10-01,Git history and prior public-data snapshots
finding-pubmed-42802842,pubmed-42802842,42802842,10.7717/peerj.21734,"Plantar flexor muscle size, composition and strength and the redistribution of joint work in gait of healthy older adults.",resistance-training-muscle,metadata_only_needs_classification,human,E,retired_from_active_findings,title_topic_signal_missing,2026-10-01,Git history and prior public-data snapshots
finding-pubmed-42802869,pubmed-42802869,42802869,10.2147/NSS.S636790,"Anesthesia-Informed Approaches to Insomnia: Shared Neural Circuits, Biomimetic Sleep, and Emerging Interventional Strategies.",sleep-aging,narrative_review,human,E,retired_from_active_findings,topic_capacity_limit,2026-10-01,Git history and prior public-data snapshots
finding-pubmed-42803444,pubmed-42803444,42803444,10.1097/XCS.0000000000002212,Female Sex and Age-Dependent Survival After Traumatic Shock.,blood-pressure-aging,human_cohort,human,B,retired_from_active_findings,title_topic_signal_missing,2026-10-01,Git history and prior public-data snapshots
finding-pubmed-42803500,pubmed-42803500,42803500,10.1093/eurjpc/zwag509,"Cardiac Anxiety in Adults with Cardiovascular Disease: Prevalence, Predictors, and Implications for Cardiac Rehabilitation - A Systematic Review.",physical-activity-healthspan,systematic_review_or_meta_analysis,human,A,retired_from_active_findings,title_topic_signal_missing,2026-10-01,Git history and prior public-data snapshots
finding-pubmed-42803571,pubmed-42803571,42803571,10.1017/cjn.2026.10673,Association between Frailty and Reperfusion Treatments for Stroke by Age and Sex: A Retrospective Cohort Study.,resistance-training-muscle,human_cohort,human,B,retired_from_active_findings,topic_scope_mismatch,2026-10-01,Git history and prior public-data snapshots
finding-pubmed-42803883,pubmed-42803883,42803883,10.1007/s11357-026-02562-8,The effect of pectin supplementation on geriatric individuals with frailty: a randomised placebo-controlled dietary intervention study.,resistance-training-muscle,metadata_only_needs_classification,human,E,retired_from_active_findings,topic_scope_mismatch,2026-10-01,Git history and prior public-data snapshots
finding-pubmed-42803886,pubmed-42803886,42803886,10.1007/s12020-026-04788-0,Exploration of cytokines relating to masked obesity in Japanese women.,resistance-training-muscle,metadata_only_needs_classification,human,E,retired_from_active_findings,title_topic_signal_missing,2026-10-01,Git history and prior public-data snapshots
finding-pubmed-42803913,pubmed-42803913,42803913,10.1007/s13300-026-01921-0,New Amylin-Based Agonists for the Treatment of Obesity and Type 2 Diabetes Mellitus.,glp1-weight-cardiometabolic,narrative_review,human,E,retired_from_active_findings,title_topic_signal_missing,2026-10-01,Git history and prior public-data snapshots
finding-pubmed-42803957,pubmed-42803957,42803957,10.1007/s00421-026-06415-2,Comparison between exercise and hot water immersion on skin microvascular responses in older adults with overweight and obesity.,physical-activity-healthspan,metadata_only_needs_classification,human,E,retired_from_active_findings,topic_capacity_limit,2026-10-01,Git history and prior public-data snapshots
finding-pubmed-42804004,pubmed-42804004,42804004,10.1007/s11657-026-01774-x,"An audit of the fracture liaison service at Helen Joseph Tertiary Hospital, Johannesburg, South Africa.",physical-activity-healthspan,metadata_only_needs_classification,human,E,retired_from_active_findings,title_topic_signal_missing,2026-10-01,Git history and prior public-data snapshots
finding-pubmed-42804009,pubmed-42804009,42804009,10.1007/s11033-026-12867-8,Phytochemicals modulating TGF-β signaling in radiation-induced fibrosis.,senolytics,animal_study,animal,D,retired_from_active_findings,title_topic_signal_missing,2026-10-01,Git history and prior public-data snapshots
finding-pubmed-42804072,pubmed-42804072,42804072,10.1007/s40266-026-01337-2,Risk of Dementia With Renin-Angiotensin System Inhibitors Versus Calcium Channel Blockers in Hypertensive Adults: A Nationwide Multicenter Study.,blood-pressure-aging,metadata_only_needs_classification,human,E,retired_from_active_findings,title_topic_signal_missing,2026-10-01,Git history and prior public-data snapshots
finding-pubmed-42804097,pubmed-42804097,42804097,10.1007/s10517-026-06742-6,Functional Shift of NLRP3 Inflammasome Activity in Aged Macrophages.,microbiome-inflammaging,metadata_only_needs_classification,human,E,retired_from_active_findings,title_topic_signal_missing,2026-10-01,Git history and prior public-data snapshots
finding-pubmed-42804367,pubmed-42804367,42804367,10.1113/EP093790,Musculoskeletal decay and bone-muscle crosstalk during physical disuse: Mechanisms and integrated countermeasures.,resistance-training-muscle,narrative_review,human,E,retired_from_active_findings,title_topic_signal_missing,2026-10-01,Git history and prior public-data snapshots
finding-pubmed-42804437,pubmed-42804437,42804437,10.1371/journal.pone.0359282,Effectiveness of elastic therapeutic taping in pain management after median sternotomy: A randomized controlled trial.,sleep-aging,human_randomized_or_clinical_trial,human,C,retired_from_active_findings,title_topic_signal_missing,2026-10-01,Git history and prior public-data snapshots
finding-pubmed-42804531,pubmed-42804531,42804531,10.1111/ctr.70702,Microbiological Dynamics Before and After Lung Transplantation: Clinical Interpretation and Prognostic Implications.,microbiome-inflammaging,narrative_review,needs_review,E,retired_from_active_findings,title_topic_signal_missing,2026-10-01,Git history and prior public-data snapshots
finding-pubmed-42804549,pubmed-42804549,42804549,10.1111/ctr.70698,Five-Year Outcomes and Clinicopathological Correlations of Kidney Transplants From Deceased Donors With Diabetes.,blood-pressure-aging,metadata_only_needs_classification,human,E,retired_from_active_findings,title_topic_signal_missing,2026-10-01,Git history and prior public-data snapshots
finding-pubmed-42804559,pubmed-42804559,42804559,10.1161/STROKEAHA.126.056919,Stroke Prevention in the Longevity Era: An Integrated Framework for Cerebrovascular and Biological Aging.,blood-pressure-aging,metadata_only_needs_classification,needs_review,E,retired_from_active_findings,title_topic_signal_missing,2026-10-01,Git history and prior public-data snapshots
finding-pubmed-42804599,pubmed-42804599,42804599,10.1080/19490976.2026.2732659,Personalized whole-body modeling links gut microbiota to metabolic perturbations in Alzheimer's disease.,microbiome-inflammaging,metadata_only_needs_classification,human,E,retired_from_active_findings,topic_scope_mismatch,2026-10-01,Git history and prior public-data snapshots
finding-pubmed-42804638,pubmed-42804638,42804638,10.1073/pnas.2528514123,"BAG3 coordinates astrocytic proteostasis of Alzheimer's disease-linked proteins via proteasome, autophagy, and retromer interactions.",autophagy-mitophagy,metadata_only_needs_classification,human,E,retired_from_active_findings,topic_scope_mismatch,2026-10-01,Git history and prior public-data snapshots
finding-pubmed-42804729,pubmed-42804729,42804729,10.1212/CPJ.0000000000200658,"Geographic Variation in Diagnostic Codes Associated With Mild Cognitive Impairment, Alzheimer Disease, and Related Dementias.",blood-pressure-aging,metadata_only_needs_classification,human,E,retired_from_active_findings,title_topic_signal_missing,2026-10-01,Git history and prior public-data snapshots
finding-pubmed-42804759,pubmed-42804759,42804759,10.2196/79512,"A Cardiovascular Care Pathway Supported by Remote Patient Management in Dutch Primary Care: Cost-Effectiveness, Budget Impact, and Workload Analysis.",blood-pressure-aging,metadata_only_needs_classification,human,E,retired_from_active_findings,title_topic_signal_missing,2026-10-01,Git history and prior public-data snapshots
finding-pubmed-42804769,pubmed-42804769,42804769,10.7326/ANNALS-26-02460,Exercise Therapy and Education for Young Adults With Persistent Knee Problems After Anterior Cruciate Ligament Reconstruction : A Randomized Clinical Trial.,resistance-training-muscle,human_randomized_or_clinical_trial,human,C,retired_from_active_findings,title_topic_signal_missing,2026-10-01,Git history and prior public-data snapshots
finding-pubmed-42805051,pubmed-42805051,42805051,10.1016/j.hrtlng.2026.102958,Development trajectories and influencing factors of social frailty in older adult patients with heart failure: a prospective longitudinal study.,resistance-training-muscle,human_cohort,human,B,retired_from_active_findings,topic_scope_mismatch,2026-10-01,Git history and prior public-data snapshots
finding-pubmed-42805126,pubmed-42805126,42805126,10.1016/j.maturitas.2026.109139,Endogenous oestradiol concentrations and cardiovascular outcomes in healthy older women: findings from the SHOW Study.,blood-pressure-aging,human_cohort,human,B,retired_from_active_findings,title_topic_signal_missing,2026-10-01,Git history and prior public-data snapshots
finding-pubmed-42805127,pubmed-42805127,42805127,10.1016/j.maturitas.2026.109138,Longitudinal trajectories of the C-reactive protein-triglyceride-glucose index and frailty progression in two nationwide prospective cohorts.,resistance-training-muscle,human_cohort,human,B,retired_from_active_findings,topic_scope_mismatch,2026-10-01,Git history and prior public-data snapshots
finding-pubmed-42805130,pubmed-42805130,42805130,10.1016/j.jdiacomp.2026.109419,Real-world effectiveness of 6-month tirzepatide therapy on body weight and composition in adults with overweight and obesity.,glp1-weight-cardiometabolic,metadata_only_needs_classification,human,E,retired_from_active_findings,topic_capacity_limit,2026-10-01,Git history and prior public-data snapshots
finding-pubmed-42805150,pubmed-42805150,42805150,10.1016/j.arcmed.2026.103520,Mexican Registry of Dyslipidemias of the Mexican Institute of Social Security: Lipid Profiles in Patients at High and Very High Cardiovascular Risk.,ldl-apob-cardiovascular-risk,metadata_only_needs_classification,human,E,retired_from_active_findings,title_topic_signal_missing,2026-10-01,Git history and prior public-data snapshots
finding-pubmed-42805350,pubmed-42805350,42805350,10.1016/j.nbd.2026.107631,Decoding obstructive sleep apnea phenotypes through integrated multimodal sleep EEG.,sleep-aging,metadata_only_needs_classification,human,E,retired_from_active_findings,topic_capacity_limit,2026-10-01,Git history and prior public-data snapshots
finding-pubmed-42805427,pubmed-42805427,42805427,10.1016/j.amepre.2026.108592,Ultra-processed food intake as a marker of environmental exposure: reframing the prevention target.,dietary-pattern-longevity,metadata_only_needs_classification,human,E,retired_from_active_findings,topic_capacity_limit,2026-10-01,Git history and prior public-data snapshots
finding-pubmed-42805441,pubmed-42805441,42805441,10.1016/j.diabres.2026.113571,Associations of IDL cholesterol and LDL α-tocopherol with diabetic kidney disease in type 2 diabetes.,ldl-apob-cardiovascular-risk,metadata_only_needs_classification,human,E,retired_from_active_findings,topic_capacity_limit,2026-10-01,Git history and prior public-data snapshots
finding-pubmed-42805496,pubmed-42805496,42805496,10.1016/j.clnesp.2026.105120,Butyrate-Producing Gut Microbiota Modifies the Association Between Dietary Protein Density and Functional Recovery After Stroke.,resistance-training-muscle,metadata_only_needs_classification,human,E,retired_from_active_findings,title_topic_signal_missing,2026-10-01,Git history and prior public-data snapshots
finding-pubmed-42805507,pubmed-42805507,42805507,10.1016/j.fitote.2026.107493,Ginseng-Schisandra ameliorates D-galactose-induced cognitive impairment in mice: Evidence from gut microbiota and metabolomic analyses.,microbiome-inflammaging,animal_study,mouse,D,retired_from_active_findings,topic_scope_mismatch,2026-10-01,Git history and prior public-data snapshots
finding-pubmed-42805565,pubmed-42805565,42805565,10.1016/j.jconrel.2026.115415,Nanoparticles reshaping graft-versus-host disease landscape.,resistance-training-muscle,narrative_review,human,E,retired_from_active_findings,title_topic_signal_missing,2026-10-01,Git history and prior public-data snapshots
finding-pubmed-42805610,pubmed-42805610,42805610,10.1111/bph.70678,The dual incretin agonist tirzepatide blunts nicotine-induced behaviours and neurochemistry in male mice.,glp1-weight-cardiometabolic,animal_study,mouse,D,retired_from_active_findings,nonhuman_record_in_human_outcome_topic,2026-10-01,Git history and prior public-data snapshots
finding-pubmed-42805656,pubmed-42805656,42805656,10.1136/bmjopen-2026-123421,"Sarcopenia among chronic kidney disease patients attending a renal clinic in Northwest Ethiopia: a cross-sectional study of prevalence, risk factors and clinical implications.",resistance-training-muscle,metadata_only_needs_classification,human,E,retired_from_active_findings,topic_scope_mismatch,2026-10-01,Git history and prior public-data snapshots
finding-pubmed-42805797,pubmed-42805797,42805797,10.1111/joor.70329,Heterogeneous Trajectories of Oral Frailty Among Institutionalized Older Adults: A 6-Month Latent Growth Mixture Modelling Study.,resistance-training-muscle,metadata_only_needs_classification,human,E,retired_from_active_findings,topic_scope_mismatch,2026-10-01,Git history and prior public-data snapshots
finding-pubmed-42805833,pubmed-42805833,42805833,10.1016/j.rmr.2026.07.008,"[Nicotinic receptor polymorphism amplifies cigarette smoke-induced inflammation in COPD, a silent epidemic].",microbiome-inflammaging,narrative_review,human,E,retired_from_active_findings,title_topic_signal_missing,2026-10-01,Git history and prior public-data snapshots
finding-pubmed-42805959,pubmed-42805959,42805959,10.1038/s41392-026-02925-9,Polymeric alpha-1 antitrypsin perturbs Paneth cell proteostasis and exacerbates intestinal inflammation.,microbiome-inflammaging,animal_study,mouse,D,retired_from_active_findings,title_topic_signal_missing,2026-10-01,Git history and prior public-data snapshots
finding-pubmed-42806056,pubmed-42806056,42806056,10.1038/s41366-026-02229-6,Indirect comparative efficacy and safety of tirzepatide vs semaglutide for the treatment of obesity or overweight in patients without type 2 diabetes.,glp1-weight-cardiometabolic,metadata_only_needs_classification,human,E,retired_from_active_findings,topic_capacity_limit,2026-10-01,Git history and prior public-data snapshots
finding-pubmed-42806154,pubmed-42806154,42806154,10.1038/s44319-026-00941-y,UHRF1 overexpression generates distinct senescent states with different Tp53 dependencies.,senolytics,metadata_only_needs_classification,human,E,retired_from_active_findings,title_topic_signal_missing,2026-10-01,Git history and prior public-data snapshots
finding-pubmed-42806178,pubmed-42806178,42806178,10.1208/s12249-026-03523-2,A Strategic Formulation to Enhance the Safety and Anti-Hyperlipidaemic Activity of Simvastatin: Prototype Development.,ldl-apob-cardiovascular-risk,animal_study,animal,D,retired_from_active_findings,nonhuman_record_in_human_outcome_topic,2026-10-01,Git history and prior public-data snapshots
finding-pubmed-42806214,pubmed-42806214,42806214,10.1007/s11739-026-04538-0,Predictive ability of two frailty screening tools for older patients in an emergency department: a comparative study.,resistance-training-muscle,metadata_only_needs_classification,human,E,retired_from_active_findings,topic_scope_mismatch,2026-10-01,Git history and prior public-data snapshots
finding-pubmed-42806285,pubmed-42806285,42806285,10.1111/dom.71403,Semaglutide for Treating Paediatric Craniopharyngioma-Related Obesity: A Multicentre Case Series.,glp1-weight-cardiometabolic,metadata_only_needs_classification,human,E,retired_from_active_findings,topic_capacity_limit,2026-10-01,Git history and prior public-data snapshots
finding-pubmed-42806332,pubmed-42806332,42806332,10.1186/s12933-026-03360-4,Mild autonomous cortisol secretion (MACS) is associated with increased mortality in patients with adrenal adenomas only in the presence of type 2 diabetes: a retrospective cohort study.,blood-pressure-aging,human_cohort,human,B,retired_from_active_findings,title_topic_signal_missing,2026-10-01,Git history and prior public-data snapshots
finding-pubmed-42806518,pubmed-42806518,42806518,10.1002/jcsm.70386,"Prevalence and Overlap of Malnutrition, Sarcopenia and Related Nutritional Syndromes in a Large Haemodialysis Population.",resistance-training-muscle,metadata_only_needs_classification,human,E,retired_from_active_findings,topic_scope_mismatch,2026-10-01,Git history and prior public-data snapshots
finding-pubmed-42806572,pubmed-42806572,42806572,10.1111/acel.70742,uPAR-Targeting T Cell Engager Exerts Senolytic Effects in Mice and Non-Human Primates With Serum Aminotransferase Activity as a Safety Monitor.,senolytics,animal_study,mouse,D,retired_from_active_findings,topic_scope_mismatch,2026-10-01,Git history and prior public-data snapshots
finding-pubmed-42806619,pubmed-42806619,42806619,10.1111/acel.70713,α-Synuclein Promotes Atherosclerosis by Impairing Macrophage Autophagic Flux.,autophagy-mitophagy,animal_study,mouse,D,retired_from_active_findings,title_topic_signal_missing,2026-10-01,Git history and prior public-data snapshots
finding-pubmed-42806698,pubmed-42806698,42806698,10.1080/19932820.2026.2670005,Comorbidities increase the severity of COVID-19: an analysis and epidemiological study conducted in Algeria.,blood-pressure-aging,metadata_only_needs_classification,human,E,retired_from_active_findings,title_topic_signal_missing,2026-10-01,Git history and prior public-data snapshots
finding-pubmed-42806711,pubmed-42806711,42806711,10.1093/eurheartj/ehag627,Potential bone marrow-driven reduction of circulating inflammatory monocytes by semaglutide in Type 2 diabetes.,glp1-weight-cardiometabolic,metadata_only_needs_classification,human,E,retired_from_active_findings,topic_capacity_limit,2026-10-01,Git history and prior public-data snapshots
finding-pubmed-42806732,pubmed-42806732,42806732,10.1080/03007995.2026.2734645,Beyond weight loss: a narrative review of tirzepatide's impact on muscle and lean mass in people with overweight and obesity.,glp1-weight-cardiometabolic,narrative_review,human,E,retired_from_active_findings,topic_capacity_limit,2026-10-01,Git history and prior public-data snapshots
finding-pubmed-42806743,pubmed-42806743,42806743,10.1111/jcmm.71371,Traditional Chinese Medicine Formulas in Delaying Aging: From Theoretical Foundations to Molecular Mechanisms and Translational Perspectives.,epigenetic-clocks,narrative_review,human,E,retired_from_active_findings,title_topic_signal_missing,2026-10-01,Git history and prior public-data snapshots
finding-pubmed-42806885,pubmed-42806885,42806885,10.1002/acr.80171,"Rheumatoid arthritis, frailty, and outcomes of surgical hospitalizations: A national population-based analysis.",resistance-training-muscle,metadata_only_needs_classification,human,E,retired_from_active_findings,topic_scope_mismatch,2026-10-01,Git history and prior public-data snapshots
finding-pubmed-42807121,pubmed-42807121,42807121,10.2147/DMSO.S627029,"Mitochondrial Dysfunction in Type 2 Diabetes and Metabolic Syndrome: Mechanisms, Biomarkers, and Emerging Therapies.",autophagy-mitophagy,narrative_review,human,E,retired_from_active_findings,title_topic_signal_missing,2026-10-01,Git history and prior public-data snapshots
finding-pubmed-42807163,pubmed-42807163,42807163,10.1002/hcs2.70105,Effectiveness of a Primary-Care-Centered Integrated Care Intervention for Stratified Cardiovascular Risk Control in China: Study Protocol for a Pragmatic Cluster Randomized Controlled Trial.,blood-pressure-aging,protocol_or_registered_plan,human,E,retired_from_active_findings,non_result_publication_title,2026-10-01,Git history and prior public-data snapshots
finding-pubmed-42807536,pubmed-42807536,42807536,10.2147/IJN.S643173,Microenvironment-Responsive Nanomaterials for Colorectal Anastomotic Healing: A Signal-Threshold-Response Framework for Stage-Adaptive Repair.,microbiome-inflammaging,narrative_review,human,E,retired_from_active_findings,title_topic_signal_missing,2026-10-01,Git history and prior public-data snapshots
finding-pubmed-42807935,pubmed-42807935,42807935,10.2147/VHRM.S623118,Development and Temporal Validation of a Logistic Regression-Based Risk Score for Identifying Life-Threatening Chest Pain at Emergency Department Triage: A Retrospective Cohort Study.,blood-pressure-aging,human_cohort,human,B,retired_from_active_findings,title_topic_signal_missing,2026-10-01,Git history and prior public-data snapshots
finding-pubmed-42807943,pubmed-42807943,42807943,10.2147/CIA.S627465,Experiences and Needs Regarding Anti-Inflammatory Dietary Management in Sarcopenia Care: A Qualitative Study from a Multi-Stakeholder Perspective.,resistance-training-muscle,metadata_only_needs_classification,human,E,retired_from_active_findings,topic_scope_mismatch,2026-10-01,Git history and prior public-data snapshots
finding-pubmed-42808066,pubmed-42808066,42808066,10.1093/gastro/goag107,Beyond triglyceride clearance: rethinking hypertriglyceridemia-associated acute pancreatitis in the apoC-III era.,ldl-apob-cardiovascular-risk,narrative_review,human,E,retired_from_active_findings,title_topic_signal_missing,2026-10-01,Git history and prior public-data snapshots
finding-pubmed-42808312,pubmed-42808312,42808312,10.1002/jcp.70233,Molecular and Cellular Underpinnings of Primary Hypertension: An Integrative Mechanistic Framework.,microbiome-inflammaging,narrative_review,human,E,retired_from_active_findings,title_topic_signal_missing,2026-10-01,Git history and prior public-data snapshots
finding-pubmed-42808495,pubmed-42808495,42808495,10.1177/13872877261492699,Accelerated biological aging in the association between early-life tobacco smoke exposure and dementia risk: An exploratory mediation analysis.,epigenetic-clocks,human_cohort,human,C,retired_from_active_findings,title_topic_signal_missing,2026-10-01,Git history and prior public-data snapshots
finding-pubmed-42808497,pubmed-42808497,42808497,10.1177/13872877261492695,Age-frailty status jointly modifies the nonlinear association between systolic blood pressure and annual cognitive aging rate: A community-based cohort study.,resistance-training-muscle,human_cohort,human,B,retired_from_active_findings,topic_scope_mismatch,2026-10-01,Git history and prior public-data snapshots
finding-pubmed-42808600,pubmed-42808600,42808600,10.5603/pjnns.113469,Snoring prevalence in hospitalized ischemic stroke patients under adaptive versus standard ward lighting: a sequential two-cohort observational study.,sleep-aging,human_cohort,human,B,retired_from_active_findings,title_topic_signal_missing,2026-10-01,Git history and prior public-data snapshots
finding-pubmed-42808811,pubmed-42808811,42808811,10.1111/echo.70641,Arterial-Ventricular Coupling Strain Index as an Independent Predictor of 10-Year ASCVD Risk in Diabetic-Hypertensive Patients.,blood-pressure-aging,metadata_only_needs_classification,human,E,retired_from_active_findings,title_topic_signal_missing,2026-10-01,Git history and prior public-data snapshots
finding-pubmed-42808918,pubmed-42808918,42808918,10.23736/S0022-4707.26.17961-4,Split-set resistance training in-season increases maximal vertical power without enhancing athletic performance: a comparison with failure training in youth handball players.,resistance-training-muscle,metadata_only_needs_classification,human,E,retired_from_active_findings,topic_scope_mismatch,2026-10-01,Git history and prior public-data snapshots
finding-pubmed-42808923,pubmed-42808923,42808923,10.1002/ncp.70180,"Gastrointestinal adverse effects of GLP-1 receptor agonists and dual GIP/GLP-1 receptor agonists: A narrative expert review of approved therapies, oral formulations, and pipeline agents.",glp1-weight-cardiometabolic,narrative_review,human,E,retired_from_active_findings,topic_capacity_limit,2026-10-01,Git history and prior public-data snapshots
finding-pubmed-42809017,pubmed-42809017,42809017,10.2337/dc26-1678,Increased Risk of Obstructive Sleep Apnea and Poor Sleep Quality Among Older Adults With Type 1 Diabetes: The DCCT/EDIC Study.,sleep-aging,metadata_only_needs_classification,human,E,retired_from_active_findings,topic_capacity_limit,2026-10-01,Git history and prior public-data snapshots
finding-pubmed-42809041,pubmed-42809041,42809041,10.1007/s10072-026-09426-1,Dementia risk factors and biomarkers in subjective cognitive decline: real world evidence from the monza brain health service.,blood-pressure-aging,metadata_only_needs_classification,human,E,retired_from_active_findings,title_topic_signal_missing,2026-10-01,Git history and prior public-data snapshots
finding-pubmed-42809069,pubmed-42809069,42809069,10.1007/s11357-026-02554-8,"Autologous cytokine-induced NK cells as candidate cellular senolytics: evidence, obstacles, and the experiments still needed.",senolytics,narrative_review,human,E,retired_from_active_findings,topic_scope_mismatch,2026-10-01,Git history and prior public-data snapshots
finding-pubmed-42809105,pubmed-42809105,42809105,10.2196/92572,"Effects of Rhythm Control versus Rate Control on Atrial Fibrillation and Frailty Development in Older Patients: Protocol for the Cardioversion of Atrial Fibrillation and Frailty in the Elderly (CAFFE) Study, an Observational, Prospective Cohort Study.",resistance-training-muscle,protocol_or_registered_plan,human,E,retired_from_active_findings,protocol_or_registered_plan,2026-10-01,Git history and prior public-data snapshots
finding-pubmed-42809113,pubmed-42809113,42809113,10.1007/s00423-026-04285-y,Geriatric co-managed prehabilitation before esophagectomy in patients aged ≥ 65 years with esophageal cancer: a prospective feasibility study with matched historical controls.,physical-activity-healthspan,metadata_only_needs_classification,human,E,retired_from_active_findings,title_topic_signal_missing,2026-10-01,Git history and prior public-data snapshots
finding-pubmed-42809425,pubmed-42809425,42809425,10.14336/AD.2026.0713,Loss of Newborn Neuron Function Promotes Aβ Accumulation in an Alzheimer's Disease Mouse Model.,microbiome-inflammaging,animal_study,mouse,D,retired_from_active_findings,title_topic_signal_missing,2026-10-01,Git history and prior public-data snapshots
finding-pubmed-42809426,pubmed-42809426,42809426,10.14336/AD.2026.0946,Repurposing MitoQ10 as a Therapeutic for Established Alzheimer's Disease Pathology.,autophagy-mitophagy,animal_study,mouse,D,retired_from_active_findings,title_topic_signal_missing,2026-10-01,Git history and prior public-data snapshots
finding-pubmed-42809428,pubmed-42809428,42809428,10.14336/AD.2026.0752,"Lipid Networks in Osteoarthritis: Context-Dependent Drivers, Hallmarks of Aging, and Clinical Translation.",autophagy-mitophagy,metadata_only_needs_classification,human,E,retired_from_active_findings,title_topic_signal_missing,2026-10-01,Git history and prior public-data snapshots
finding-pubmed-42809552,pubmed-42809552,42809552,10.1371/journal.pone.0350571,Efficacy and safety of immune checkpoint inhibitors combined with TKIs for recurrent or metastatic cervical cancer with PIK3CA mutation.,blood-pressure-aging,metadata_only_needs_classification,human,E,retired_from_active_findings,title_topic_signal_missing,2026-10-01,Git history and prior public-data snapshots
finding-pubmed-42809588,pubmed-42809588,42809588,10.1371/journal.pmed.1004932,Assessing a multicomponent quality improvement strategy for chronic care of cardiovascular diseases in India: The C-QIP randomized feasibility trial.,physical-activity-healthspan,metadata_only_needs_classification,human,E,retired_from_active_findings,title_topic_signal_missing,2026-10-01,Git history and prior public-data snapshots
finding-pubmed-42809611,pubmed-42809611,42809611,10.1371/journal.pone.0358999,"Rapid community ""Healthy Heart"" screening to identify people at high risk of cardiovascular events.",blood-pressure-aging,metadata_only_needs_classification,human,E,retired_from_active_findings,title_topic_signal_missing,2026-10-01,Git history and prior public-data snapshots
finding-pubmed-42809711,pubmed-42809711,42809711,10.1152/ajpcell.90006.2026,Microbial-Derived Exerkines as a Model of Drug Discovery.,microbiome-inflammaging,narrative_review,needs_review,E,retired_from_active_findings,title_topic_signal_missing,2026-10-01,Git history and prior public-data snapshots
finding-pubmed-42809906,pubmed-42809906,42809906,10.1016/j.atherosclerosis.2026.121912,Lipoprotein(a) reduction with PCSK9-targeting pharmacotherapy: A prospective real-world registry study.,ldl-apob-cardiovascular-risk,metadata_only_needs_classification,human,E,retired_from_active_findings,topic_capacity_limit,2026-10-01,Git history and prior public-data snapshots
finding-pubmed-42809968,pubmed-42809968,42809968,10.1016/j.jhazmat.2026.143724,Enzymatic biotransformation of polystyrene: Interfacial oxidative modification by a serine hydrolase from Pseudomonas aeruginosa.,microbiome-inflammaging,metadata_only_needs_classification,human,E,retired_from_active_findings,title_topic_signal_missing,2026-10-01,Git history and prior public-data snapshots
finding-pubmed-42810204,pubmed-42810204,42810204,10.1016/j.medcli.2026.107618,Tirzepatide among patients with psoriasis and obesity.,glp1-weight-cardiometabolic,metadata_only_needs_classification,human,E,retired_from_active_findings,topic_capacity_limit,2026-10-01,Git history and prior public-data snapshots
finding-pubmed-42810293,pubmed-42810293,42810293,10.1016/j.jgo.2026.104156,Predicting chemotherapy vulnerability in older adults with advanced prostate cancer: Research letter from the SOGUG-FRAGDOC study.,resistance-training-muscle,metadata_only_needs_classification,human,E,retired_from_active_findings,title_topic_signal_missing,2026-10-01,Git history and prior public-data snapshots
finding-pubmed-42810380,pubmed-42810380,42810380,10.1055/a-2968-6152,Frailty Predicts Mortality While Fracture Complexity and Reduction Predict Failure After Surgery for Tibial Plateau Fractures in Elderly Patients: A Two-decade Cohort Study.,resistance-training-muscle,human_cohort,human,B,retired_from_active_findings,topic_scope_mismatch,2026-10-01,Git history and prior public-data snapshots
finding-pubmed-42810392,pubmed-42810392,42810392,10.1111/acel.70721,"Direct Pharmacological Activation of AMPK Extends Lifespan in Yeast, Worms and Flies.",metformin-aging,animal_study,mouse,D,retired_from_active_findings,title_topic_signal_missing,2026-10-01,Git history and prior public-data snapshots
finding-pubmed-42810438,pubmed-42810438,42810438,10.1016/j.jval.2026.09.3116,Estimating the Wider Societal Impact of Semaglutide Across Multiple Indications in Canada: an Economic Evaluation.,glp1-weight-cardiometabolic,metadata_only_needs_classification,human,E,retired_from_active_findings,topic_capacity_limit,2026-10-01,Git history and prior public-data snapshots
finding-pubmed-42810445,pubmed-42810445,42810445,10.1016/j.clnesp.2026.105138,Dietary Variety as a Potential Modifier of Multidomain Intervention Effects on Gait Speed in Older Adults with Mild Cognitive Impairment: A Secondary Analysis of the J-MINT Trial.,resistance-training-muscle,metadata_only_needs_classification,human,E,retired_from_active_findings,title_topic_signal_missing,2026-10-01,Git history and prior public-data snapshots
finding-pubmed-42810473,pubmed-42810473,42810473,10.1016/j.cpcardiol.2026.103469,"Personalized Primary Cardiovascular Prevention: The Convergences of Risk Scores, Coronary Calcium Scoring and Lipoprotein (a).",ldl-apob-cardiovascular-risk,narrative_review,human,E,retired_from_active_findings,title_topic_signal_missing,2026-10-01,Git history and prior public-data snapshots
finding-pubmed-42810548,pubmed-42810548,42810548,10.1016/j.hjc.2026.09.004,LDL-C Target Attainment and Treatment Gaps Six Months After Acute Coronary Syndrome: insights from the CALLINICUS-Hellas registry.,ldl-apob-cardiovascular-risk,metadata_only_needs_classification,human,E,retired_from_active_findings,topic_capacity_limit,2026-10-01,Git history and prior public-data snapshots
finding-pubmed-42810614,pubmed-42810614,42810614,10.1016/j.metabol.2026.156790,Comparative outcomes of GLP-1 receptor agonist and SGLT2 inhibitor users after liver transplantation: An emulated target trial.,glp1-weight-cardiometabolic,metadata_only_needs_classification,needs_review,E,retired_from_active_findings,topic_capacity_limit,2026-10-01,Git history and prior public-data snapshots
finding-pubmed-42810620,pubmed-42810620,42810620,10.1016/j.eprac.2026.09.013,Comparative Weight-Loss Outcomes Following Initiation of GLP-1 Receptor Agonists versus SGLT2 Inhibitors: A Real-World Active Comparator Study.,glp1-weight-cardiometabolic,metadata_only_needs_classification,human,E,retired_from_active_findings,topic_capacity_limit,2026-10-01,Git history and prior public-data snapshots
finding-pubmed-42810933,pubmed-42810933,42810933,10.1016/j.otc.2026.08.001,"Bariatric Surgery, Medical Weight Loss, and the Upper Aerodigestive Tract.",glp1-weight-cardiometabolic,narrative_review,needs_review,E,retired_from_active_findings,title_topic_signal_missing,2026-10-01,Git history and prior public-data snapshots
finding-pubmed-42811036,pubmed-42811036,42811036,10.1038/s44323-026-00103-2,Sympathetic activation links light exposure and rest-activity rhythm to liver injury and bile acid dysregulation.,time-restricted-eating,animal_study,mouse,D,retired_from_active_findings,title_topic_signal_missing,2026-10-01,Git history and prior public-data snapshots
finding-pubmed-42811122,pubmed-42811122,42811122,10.1038/s43587-026-01225-9,Exercise enhances aged chondrocyte health through microRNA-29-enriched extracellular vesicles.,physical-activity-healthspan,animal_study,mouse,D,retired_from_active_findings,nonhuman_record_in_human_outcome_topic,2026-10-01,Git history and prior public-data snapshots
finding-pubmed-42811242,pubmed-42811242,42811242,10.1007/s11357-026-02496-1,"Sex- and age-specific patterns in bone, muscle, and fat across adulthood and their relation to osteosarcopenic adiposity phenotype: a cross-sectional study.",resistance-training-muscle,metadata_only_needs_classification,human,E,retired_from_active_findings,topic_scope_mismatch,2026-10-01,Git history and prior public-data snapshots
finding-pubmed-42811274,pubmed-42811274,42811274,10.1113/JP291548,Macrophage-derived CD38 mediates colitis through NAD(+) depletion.,nad-nmn-nr-aging,metadata_only_needs_classification,human,E,retired_from_active_findings,title_topic_signal_missing,2026-10-01,Git history and prior public-data snapshots
finding-pubmed-42811336,pubmed-42811336,42811336,10.1186/s13045-026-01847-x,"Cellular senescence and regulated cell death in cancer: mechanisms, cross-regulatory networks and therapeutic implications.",senolytics,narrative_review,human,E,retired_from_active_findings,topic_scope_mismatch,2026-10-01,Git history and prior public-data snapshots
finding-pubmed-42811393,pubmed-42811393,42811393,10.1111/dom.71400,Efficacy and Safety of Dual GLP-1/Glucagon Receptor Agonism in Overweight and Obesity: A Class-Specific Systematic Review and Meta-Analysis.,glp1-weight-cardiometabolic,systematic_review_or_meta_analysis,human,E,retired_from_active_findings,topic_capacity_limit,2026-10-01,Git history and prior public-data snapshots
finding-pubmed-42811477,pubmed-42811477,42811477,10.1111/acem.70419,Frailty and Hospitalization After Emergency Department Evaluation Within Triage Categories in Older Patients: A Retrospective Cohort Study.,resistance-training-muscle,human_cohort,human,B,retired_from_active_findings,topic_scope_mismatch,2026-10-01,Git history and prior public-data snapshots
finding-pubmed-42811603,pubmed-42811603,42811603,10.1002/advs.78035,"Long-Term Human Skin Platform for Modeling Chronic Inflammation, Environmental Stress, and Therapeutic Intervention.",microbiome-inflammaging,metadata_only_needs_classification,human,E,retired_from_active_findings,topic_scope_mismatch,2026-10-01,Git history and prior public-data snapshots
finding-pubmed-42811665,pubmed-42811665,42811665,10.1080/00029157.2026.2713606,Hypnosis intervention for sleep quality in caregivers of individuals with Alzheimer's Disease.,sleep-aging,metadata_only_needs_classification,human,E,retired_from_active_findings,topic_capacity_limit,2026-10-01,Git history and prior public-data snapshots
finding-pubmed-42811797,pubmed-42811797,42811797,10.1111/acel.70733,From Regenerative to Degenerative Niche: Multicellular Crosstalk and Population Dynamics in Skeletal Muscle Aging.,resistance-training-muscle,animal_study,animal,D,retired_from_active_findings,title_topic_signal_missing,2026-10-01,Git history and prior public-data snapshots
finding-pubmed-42811812,pubmed-42811812,42811812,10.1080/07853890.2026.2726615,Home-based exercise interventions incorporating cardiac rehabilitation principles for people with cancer: a systematic review and meta-analysis.,resistance-training-muscle,systematic_review_or_meta_analysis,human,E,retired_from_active_findings,title_topic_signal_missing,2026-10-01,Git history and prior public-data snapshots
finding-pubmed-42811840,pubmed-42811840,42811840,,Evaluating the Burden of Non-Communicable Diseases in a Tertiary Hospital Setting: A Bangladesh Perspective.,blood-pressure-aging,metadata_only_needs_classification,human,E,retired_from_active_findings,title_topic_signal_missing,2026-10-01,Git history and prior public-data snapshots
finding-pubmed-42812018,pubmed-42812018,42812018,10.31083/RN53896,"Meningiomas in Elderly Patients: Epidemiology, Clinical Characteristics, Prognostic Factors, and Personalized Treatment Strategies.",resistance-training-muscle,narrative_review,human,E,retired_from_active_findings,title_topic_signal_missing,2026-10-01,Git history and prior public-data snapshots
finding-pubmed-42812433,pubmed-42812433,42812433,10.1007/s41105-026-00656-6,Recommended sleep duration is associated with greater parasympathetic regulation in patients with hypertension.,sleep-aging,metadata_only_needs_classification,human,E,retired_from_active_findings,topic_capacity_limit,2026-10-01,Git history and prior public-data snapshots
finding-pubmed-42812568,pubmed-42812568,42812568,10.1002/fsn3.72371,Association Between Fruits and Vegetables Consumption and Premature Coronary Artery Disease (PCAD): A Multi-Center Case Control Study.,blood-pressure-aging,metadata_only_needs_classification,human,E,retired_from_active_findings,title_topic_signal_missing,2026-10-01,Git history and prior public-data snapshots
finding-pubmed-42812578,pubmed-42812578,42812578,10.3831/KPI.2026.29.3.266,Cornus officinalis Fruit in the Modulation of Aging-Related Cellular Pathways: a short review.,autophagy-mitophagy,narrative_review,human,E,retired_from_active_findings,title_topic_signal_missing,2026-10-01,Git history and prior public-data snapshots
finding-pubmed-42812685,pubmed-42812685,42812685,10.1007/s41105-026-00669-1,Effects of age on association between obstructive sleep apnea and metabolic syndrome in the Japanese patient population.,sleep-aging,metadata_only_needs_classification,human,E,retired_from_active_findings,topic_capacity_limit,2026-10-01,Git history and prior public-data snapshots
finding-pubmed-42812847,pubmed-42812847,42812847,10.1210/jendso/bvag210,Cardiometabolic and atherosclerotic cardiovascular disease outcomes associated with tirzepatide: insights from a 1-year multicenter observational study.,glp1-weight-cardiometabolic,metadata_only_needs_classification,human,E,retired_from_active_findings,topic_capacity_limit,2026-10-01,Git history and prior public-data snapshots
finding-pubmed-42813208,pubmed-42813208,42813208,10.1093/lifemedi/lnag030,"Bile acids as a ""new hormone"" in aging-related liver disease.",autophagy-mitophagy,narrative_review,human,E,retired_from_active_findings,title_topic_signal_missing,2026-10-01,Git history and prior public-data snapshots
finding-pubmed-42813223,pubmed-42813223,42813223,10.1080/17437199.2026.2738646,Towards an Integrative Model of Physical Activity: bridging idiographic and nomothetic perspectives through participatory mapping.,physical-activity-healthspan,metadata_only_needs_classification,human,E,retired_from_active_findings,topic_capacity_limit,2026-10-01,Git history and prior public-data snapshots
finding-pubmed-42813280,pubmed-42813280,42813280,10.1161/HYPERTENSIONAHA.126.27590,Frailty Index Progression Around Hypertension Diagnosis in 14 Countries.,resistance-training-muscle,metadata_only_needs_classification,human,E,retired_from_active_findings,topic_scope_mismatch,2026-10-01,Git history and prior public-data snapshots
finding-pubmed-42813318,pubmed-42813318,42813318,10.1111/imj.70647,Semaglutide in type 2 diabetes and chronic kidney disease in Australia: practical clinical considerations from a multidisciplinary panel.,glp1-weight-cardiometabolic,narrative_review,human,E,retired_from_active_findings,topic_capacity_limit,2026-10-01,Git history and prior public-data snapshots
finding-pubmed-42813319,pubmed-42813319,42813319,10.1017/S1463423626101947,"Cardiovascular risk evaluation of foreign national incarcerated men in a closed prison in Istanbul, Türkiye.",physical-activity-healthspan,metadata_only_needs_classification,human,E,retired_from_active_findings,title_topic_signal_missing,2026-10-01,Git history and prior public-data snapshots
finding-pubmed-42813714,pubmed-42813714,42813714,10.3791/71135,Efficacy and Safety of Novel Oral Anticoagulants in Elderly Patients with Non-Valvular Atrial Fibrillation: A Retrospective Cohort Study.,resistance-training-muscle,human_cohort,human,B,retired_from_active_findings,title_topic_signal_missing,2026-10-01,Git history and prior public-data snapshots
finding-pubmed-42813801,pubmed-42813801,42813801,10.1128/msystems.00198-26,Comparative gut microbiome in diarrheal and non-diarrheal children: an individually matched case-control study.,microbiome-inflammaging,metadata_only_needs_classification,human,E,retired_from_active_findings,topic_scope_mismatch,2026-10-01,Git history and prior public-data snapshots
finding-pubmed-42813811,pubmed-42813811,42813811,10.5435/JAAOS-D-26-00882,"Clinical Translation of Mesenchymal Stem Cells to Medicinal Signaling Cells: Origins, Clinical Applications, and the Future of Regenerative Medicine-2026 Arnold I. Caplan Award for Distinguished Research in Orthobiologics.",senolytics,metadata_only_needs_classification,human,E,retired_from_active_findings,title_topic_signal_missing,2026-10-01,Git history and prior public-data snapshots
finding-pubmed-42814029,pubmed-42814029,42814029,10.1111/iju.70652,"Overactive Bladder Pharmacotherapy and Long-Term Care Needs, Dementia, and Frailty in Older Women.",resistance-training-muscle,human_cohort,human,B,retired_from_active_findings,topic_scope_mismatch,2026-10-01,Git history and prior public-data snapshots
finding-pubmed-42814074,pubmed-42814074,42814074,10.1016/j.jacc.2026.08.025,Food and Health: Nutrition for Prevention and Management of Cardiovascular Disease: 2026 ACC Scientific Statement: A Report of the American College of Cardiology.,dietary-pattern-longevity,narrative_review,human,E,retired_from_active_findings,topic_capacity_limit,2026-10-01,Git history and prior public-data snapshots
finding-pubmed-42814267,pubmed-42814267,42814267,10.1007/s41999-026-01615-7,Statin use and functional response to multicomponent exercise in acutely hospitalized older adults: secondary analysis of a randomized trial.,physical-activity-healthspan,human_randomized_or_clinical_trial,human,C,retired_from_active_findings,topic_capacity_limit,2026-10-01,Git history and prior public-data snapshots
finding-pubmed-42814278,pubmed-42814278,42814278,10.1007/s40279-026-02543-z,"A Return to Performance Continuum for Football (Soccer) Players After ACL Reconstruction: Bridging Rehabilitation, Return to Play and Sustained Performance.",physical-activity-healthspan,narrative_review,human,E,retired_from_active_findings,title_topic_signal_missing,2026-10-01,Git history and prior public-data snapshots
finding-pubmed-42814389,pubmed-42814389,42814389,10.1007/s40266-026-01339-0,Intravenous Iron Therapy in Very Old Adults with Heart Failure: A Frailty-Oriented Therapeutic Perspective.,resistance-training-muscle,narrative_review,human,E,retired_from_active_findings,topic_scope_mismatch,2026-10-01,Git history and prior public-data snapshots
finding-pubmed-42814432,pubmed-42814432,42814432,10.1001/jamacardio.2026.4068,"Global, Regional, and National Burden of Heart Failure, 1990-2023: A Systematic Analysis for the Global Burden of Disease Study 2023.",blood-pressure-aging,metadata_only_needs_classification,human,E,retired_from_active_findings,title_topic_signal_missing,2026-10-01,Git history and prior public-data snapshots
finding-pubmed-42814474,pubmed-42814474,42814474,10.1002/advs.77968,Topological Quantum Biomaterials Enable Pyroptosis-Senescence Coupling for Enhanced Colorectal Cancer Therapy.,senolytics,metadata_only_needs_classification,human,E,retired_from_active_findings,title_topic_signal_missing,2026-10-01,Git history and prior public-data snapshots
finding-pubmed-42814517,pubmed-42814517,42814517,10.1002/adhm.71782,"Magnesium Phosphate Composite Hydrogel Dressing Promotes Diabetic Wound Repair Through Anti-Inflammatory, Antioxidant, Angiogenic, and Metabolic Regulatory Mechanisms.",nad-nmn-nr-aging,metadata_only_needs_classification,human,E,retired_from_active_findings,title_topic_signal_missing,2026-10-01,Git history and prior public-data snapshots
finding-pubmed-42814539,pubmed-42814539,42814539,10.1073/pnas.2620353123,Atg39-dependent nucleophagy and Atg40-dependent ER-phagy require the Apq12/Brr6/Brl1 complex.,autophagy-mitophagy,metadata_only_needs_classification,human,E,retired_from_active_findings,title_topic_signal_missing,2026-10-01,Git history and prior public-data snapshots
finding-pubmed-42814587,pubmed-42814587,42814587,10.1177/19433654261485034,Unsupervised Clustering Analysis of Snoring Identifies Acoustic Biomarkers for the Severity of Obstructive Sleep Apnea.,sleep-aging,metadata_only_needs_classification,human,E,retired_from_active_findings,topic_capacity_limit,2026-10-01,Git history and prior public-data snapshots
finding-pubmed-42814631,pubmed-42814631,42814631,10.1113/EP093777,Prediction of acute mountain sickness occurring at 4554 m using overnight pulse oximetry from lower altitude: A pilot study.,physical-activity-healthspan,metadata_only_needs_classification,human,E,retired_from_active_findings,title_topic_signal_missing,2026-10-01,Git history and prior public-data snapshots
finding-pubmed-42814640,pubmed-42814640,42814640,10.1159/dig/acmag019,Factors associated with all-cause mortality in Gastroesophageal Carcinoma in Situ: Nationwide Cohort Study.,physical-activity-healthspan,human_cohort,human,B,retired_from_active_findings,title_topic_signal_missing,2026-10-01,Git history and prior public-data snapshots
finding-pubmed-42814650,pubmed-42814650,42814650,10.1159/jvr/adiag003,Endothelial-Fibroblast Organoids Generated in Hydrogel Microchamber Arrays: A Translational Model of Vascular Dysfunction in Cardio-Kidney-Metabolic Disease.,glp1-weight-cardiometabolic,mechanistic_or_cell_study,human,E,retired_from_active_findings,title_topic_signal_missing,2026-10-01,Git history and prior public-data snapshots
finding-pubmed-42814673,pubmed-42814673,42814673,10.1371/journal.pone.0357605,A high intensity vs. casual speed walking intervention to reverse frailty among older adults: a cluster randomized controlled trial.,resistance-training-muscle,human_randomized_or_clinical_trial,human,B,retired_from_active_findings,topic_scope_mismatch,2026-10-01,Git history and prior public-data snapshots
finding-pubmed-42814704,pubmed-42814704,42814704,10.1371/journal.pone.0357824,Age- and sex-stratified prevalence of obstructive sleep apnea and stroke risk comorbidities: A large cross-sectional EHR study.,sleep-aging,metadata_only_needs_classification,human,E,retired_from_active_findings,topic_capacity_limit,2026-10-01,Git history and prior public-data snapshots
finding-pubmed-42814717,pubmed-42814717,42814717,10.1371/journal.pone.0348737,Behavior of downstream swimming brown trout in accelerating and high flow velocity - Movement matters.,physical-activity-healthspan,metadata_only_needs_classification,human,E,retired_from_active_findings,title_topic_signal_missing,2026-10-01,Git history and prior public-data snapshots
finding-pubmed-42814817,pubmed-42814817,42814817,10.1126/sciadv.aee3657,Predicting and finding geroprotective compounds through modulating conserved longevity-associated aging modules.,resistance-training-muscle,animal_study,mouse,D,retired_from_active_findings,title_topic_signal_missing,2026-10-01,Git history and prior public-data snapshots
finding-pubmed-42814954,pubmed-42814954,42814954,10.1056/NEJMoa2604169,"Retatrutide, a Triple Hormone Receptor Agonist, for Treatment of Obesity.",sleep-aging,metadata_only_needs_classification,human,E,retired_from_active_findings,title_topic_signal_missing,2026-10-01,Git history and prior public-data snapshots
finding-pubmed-42814964,pubmed-42814964,42814964,10.1080/07481187.2026.2737206,"Changes in social connection, physical activity, and positive psychological attributes associated with grief-related symptoms and depression among bereaved older women during COVID-19.",physical-activity-healthspan,metadata_only_needs_classification,human,E,retired_from_active_findings,topic_capacity_limit,2026-10-01,Git history and prior public-data snapshots
finding-pubmed-42815039,pubmed-42815039,42815039,10.2196/88773,Enhancing a Behavioral Intervention Using Rest-Activity Rhythm Monitoring via a Consumer Wearable in Older Dementia Caregivers and People With Dementia: Feasibility and Acceptability Study.,sleep-aging,metadata_only_needs_classification,human,E,retired_from_active_findings,title_topic_signal_missing,2026-10-01,Git history and prior public-data snapshots
finding-pubmed-42815040,pubmed-42815040,42815040,10.2196/89518,Physical Activity Determinants Among Adolescents With Mild Intellectual Disability in Dutch Practical Education: Exploratory Sequential Mixed Methods Study.,physical-activity-healthspan,metadata_only_needs_classification,human,E,retired_from_active_findings,topic_capacity_limit,2026-10-01,Git history and prior public-data snapshots
finding-pubmed-42815273,pubmed-42815273,42815273,10.1016/j.maturitas.2026.109130,Association of biological aging with gout risk and all-cause mortality: Evidence from NHANES and UK Biobank.,epigenetic-clocks,human_cohort,human,B,retired_from_active_findings,title_topic_signal_missing,2026-10-01,Git history and prior public-data snapshots
finding-pubmed-42815319,pubmed-42815319,42815319,10.1016/j.jiph.2026.103378,Hidden burden: healthcare-associated infections in long-term care facilities in an ageing Polish population: a 20-month prospective observational study.,resistance-training-muscle,metadata_only_needs_classification,human,E,retired_from_active_findings,title_topic_signal_missing,2026-10-01,Git history and prior public-data snapshots
finding-pubmed-42815334,pubmed-42815334,42815334,10.1016/j.jamda.2026.106492,Frailty Modifies the Association Between Multimorbidity and Hospital-Associated Disability in Hospitalized Older Adults.,resistance-training-muscle,metadata_only_needs_classification,human,E,retired_from_active_findings,topic_scope_mismatch,2026-10-01,Git history and prior public-data snapshots
finding-pubmed-42815353,pubmed-42815353,42815353,10.1016/j.clinsp.2026.101166,"Comparative analysis of female breast cancer burden in China along the global sociodemographic gradient: risk attribution, decomposition, and age-period-cohort evidence from GBD 2021.",physical-activity-healthspan,human_cohort,human,B,retired_from_active_findings,title_topic_signal_missing,2026-10-01,Git history and prior public-data snapshots
finding-pubmed-42815378,pubmed-42815378,42815378,10.1016/j.foodchem.2026.151291,Artificial intelligence and in silico discovery of senolytic and senescence-associated food peptides.,senolytics,narrative_review,human,E,retired_from_active_findings,topic_scope_mismatch,2026-10-01,Git history and prior public-data snapshots
finding-pubmed-42815506,pubmed-42815506,42815506,10.1016/S0140-6736(26)01865-9,"Cardiovascular safety of orforglipron versus insulin glargine in adults with type 2 diabetes at increased cardiovascular risk (ACHIEVE-4): a phase 3, event-driven, randomised, open-label, non-inferiority, active comparator trial.",glp1-weight-cardiometabolic,human_randomized_or_clinical_trial,human,B,retired_from_active_findings,title_topic_signal_missing,2026-10-01,Git history and prior public-data snapshots
finding-pubmed-42815585,pubmed-42815585,42815585,10.1016/j.arr.2026.103387,Lifelong Epstein-Barr virus persistence as a stress test of ageing immune surveillance: from infectious mononucleosis to chronic active EBV disease and virus-associated malignancy.,microbiome-inflammaging,narrative_review,human,E,retired_from_active_findings,title_topic_signal_missing,2026-10-01,Git history and prior public-data snapshots
finding-pubmed-42815643,pubmed-42815643,42815643,10.1016/j.advnut.2026.100741,Plant-Derived Flavonoids Ameliorate Diabetic Nephropathy: Molecular Mechanisms and Therapeutic Potential.,senolytics,animal_study,animal,D,retired_from_active_findings,title_topic_signal_missing,2026-10-01,Git history and prior public-data snapshots
finding-pubmed-42815860,pubmed-42815860,42815860,10.1016/j.freeradbiomed.2026.09.028,Health Benefits of Beetroot Supplementation in Older Adults: A Systematic Review of blood pressure and Functional Implications.,resistance-training-muscle,systematic_review_or_meta_analysis,human,A,retired_from_active_findings,title_topic_signal_missing,2026-10-01,Git history and prior public-data snapshots
finding-pubmed-42815862,pubmed-42815862,42815862,10.1016/j.micpath.2026.108856,Qiguiyin Formula Combined with Fosfomycin Alleviates Lung Injury Induced by Pseudomonas Aeruginosa Infection via the Gut-Lung Axis.,microbiome-inflammaging,animal_study,mouse,D,retired_from_active_findings,title_topic_signal_missing,2026-10-01,Git history and prior public-data snapshots
finding-pubmed-42815966,pubmed-42815966,42815966,10.6133/apjcn.202610_35(5).0007,Inverse correlation between plasma 3-chlorotyrosine and pinch strength in chronic kidney disease patients.,resistance-training-muscle,metadata_only_needs_classification,human,E,retired_from_active_findings,title_topic_signal_missing,2026-10-01,Git history and prior public-data snapshots
finding-pubmed-42815968,pubmed-42815968,42815968,10.6133/apjcn.202610_35(5).0009,Iron status from diet and serum in relation to biological aging acceleration: A NHANES cross-sectional study.,epigenetic-clocks,metadata_only_needs_classification,human,E,retired_from_active_findings,title_topic_signal_missing,2026-10-01,Git history and prior public-data snapshots
finding-pubmed-42816087,pubmed-42816087,42816087,10.1136/bmjopen-2026-120433,Augmented reality-assisted Tai Chi for adults with diabetes-associated cognitive impairment: study protocol for a randomised controlled trial.,physical-activity-healthspan,protocol_or_registered_plan,human,E,retired_from_active_findings,non_result_publication_title,2026-10-01,Git history and prior public-data snapshots
finding-pubmed-42816093,pubmed-42816093,42816093,10.1136/bmjopen-2026-117510,Seroprevalence of Japanese encephalitis virus and other flavivirus-specific antibodies among Australian blood donors following a novel epidemic spread of Japanese encephalitis virus: a cross-sectional study.,microbiome-inflammaging,metadata_only_needs_classification,human,E,retired_from_active_findings,title_topic_signal_missing,2026-10-01,Git history and prior public-data snapshots
finding-pubmed-42816094,pubmed-42816094,42816094,10.1136/bmjopen-2026-121064,Authentic participatory research with older adults for cognitive health (APROACH) in rural Botswana and urban Montreal: protocol for a pilot randomised controlled trial.,blood-pressure-aging,protocol_or_registered_plan,human,E,retired_from_active_findings,protocol_or_registered_plan,2026-10-01,Git history and prior public-data snapshots
finding-pubmed-42816155,pubmed-42816155,42816155,10.1136/gutjnl-2026-338750,Rewinding the gut clock: from chronodisruption to targeted therapies.,time-restricted-eating,narrative_review,human,E,retired_from_active_findings,title_topic_signal_missing,2026-10-01,Git history and prior public-data snapshots
finding-pubmed-42816315,pubmed-42816315,42816315,10.1177/21621918261490101,"Wound Healing, Senescence, and Senotherapeutics.",senolytics,narrative_review,human,E,retired_from_active_findings,title_topic_signal_missing,2026-10-01,Git history and prior public-data snapshots
finding-pubmed-42816333,pubmed-42816333,42816333,10.1620/tjem.2026.J110,Comprehensive Management of Aspiration Pneumonia in Older Adults with Frailty.,resistance-training-muscle,metadata_only_needs_classification,human,E,retired_from_active_findings,topic_scope_mismatch,2026-10-01,Git history and prior public-data snapshots
finding-pubmed-42816394,pubmed-42816394,42816394,10.2169/internalmedicine.7925-26,Depressive Symptoms among Older Adults with Rheumatoid Arthritis during the COVID-19 Pandemic: A Repeated Cross-sectional Study.,resistance-training-muscle,metadata_only_needs_classification,human,E,retired_from_active_findings,title_topic_signal_missing,2026-10-01,Git history and prior public-data snapshots
finding-pubmed-42816442,pubmed-42816442,42816442,10.1093/joneph/aajag249,"The Interplay Between Klotho, Aldosterone, and Vascular Damage in Chronic Kidney Disease: Insights from a Cross-Sectional Study.",klotho-il11-aging,metadata_only_needs_classification,human,E,retired_from_active_findings,topic_scope_mismatch,2026-10-01,Git history and prior public-data snapshots
finding-pubmed-42816454,pubmed-42816454,42816454,10.1002/resp.70324,"Frailty, Chronological Age, and Clinical Outcomes in COPD: A Nationwide Cohort Study.",resistance-training-muscle,human_cohort,human,B,retired_from_active_findings,topic_scope_mismatch,2026-10-01,Git history and prior public-data snapshots
