finding_id,candidate_id,pmid,doi,title_en,topic_id,study_type,species,previous_level,decision,reason,retired_date,recovery_source
finding-pubmed-23812094,pubmed-23812094,23812094,10.1038/ijo.2013.120,Weight maintenance and additional weight loss with liraglutide after low-calorie-diet-induced weight loss: the SCALE Maintenance randomized study.,glp1-weight-cardiometabolic,human_randomized_or_clinical_trial,human,C,retired_from_active_findings,topic_capacity_limit,2026-08-28,Git history and prior public-data snapshots
finding-pubmed-26148926,pubmed-26148926,26148926,10.1017/S0007114514003936,The role of olive oil in disease prevention: a focus on the recent epidemiological evidence from cohort studies and dietary intervention trials.,dietary-pattern-longevity,narrative_review,human,C,retired_from_active_findings,topic_capacity_limit,2026-08-28,Git history and prior public-data snapshots
finding-pubmed-31565954,pubmed-31565954,31565954,10.1089/AID.2019.0136,Strengths and Limitations of the Veterans Aging Cohort Study Index as a Measure of Physiologic Frailty.,resistance-training-muscle,narrative_review,human,C,retired_from_active_findings,topic_capacity_limit,2026-08-28,Git history and prior public-data snapshots
finding-pubmed-31974513,pubmed-31974513,31974513,10.1038/s41598-020-57798-x,Impact of the early-life skin microbiota on the development of canine atopic dermatitis in a high-risk breed birth cohort.,microbiome-inflammaging,animal_study,animal,D,retired_from_active_findings,topic_capacity_limit,2026-08-28,Git history and prior public-data snapshots
finding-pubmed-34252094,pubmed-34252094,34252094,10.1371/journal.pone.0253976,Trajectories of frailty in aging: Prospective cohort study.,resistance-training-muscle,human_cohort,human,B,retired_from_active_findings,topic_capacity_limit,2026-08-28,Git history and prior public-data snapshots
finding-pubmed-34464599,pubmed-34464599,34464599,10.1016/j.amjmed.2021.07.012,"Cognitive Function, Sarcopenia, and Inflammation Are Strongly Associated with Frailty: A Framingham Cohort Study.",resistance-training-muscle,human_cohort,human,B,retired_from_active_findings,topic_capacity_limit,2026-08-28,Git history and prior public-data snapshots
finding-pubmed-34816568,pubmed-34816568,34816568,10.1111/ggi.14314,Common and different characteristics among combinations of physical frailty and sarcopenia in community-dwelling older adults: The Korean Frailty and Aging Cohort Study.,resistance-training-muscle,human_cohort,human,B,retired_from_active_findings,topic_capacity_limit,2026-08-28,Git history and prior public-data snapshots
finding-pubmed-34873876,pubmed-34873876,34873876,10.1002/jcsm.12870,Associations of osteoporosis and sarcopenia with frailty and multimorbidity among participants of the Hertfordshire Cohort Study.,resistance-training-muscle,human_cohort,human,B,retired_from_active_findings,topic_capacity_limit,2026-08-28,Git history and prior public-data snapshots
finding-pubmed-35093884,pubmed-35093884,35093884,10.21873/anticanres.15544,Enhancement of Radiation Response Associated With Metformin in Hepatocellular Carcinoma: Preclinical Animal and Clinical Cohort Study.,metformin-aging,mixed_human_and_animal_study,mixed_human_animal,D,retired_from_active_findings,topic_capacity_limit,2026-08-28,Git history and prior public-data snapshots
finding-pubmed-35289199,pubmed-35289199,35289199,10.1177/08968608221077462,"Comparison of frailty, sarcopenia and protein energy wasting in a contemporary peritoneal dialysis cohort.",resistance-training-muscle,human_cohort,human,B,retired_from_active_findings,topic_capacity_limit,2026-08-28,Git history and prior public-data snapshots
finding-pubmed-35405986,pubmed-35405986,35405986,10.3390/nu14071375,The Inverse Association of Sarcopenia and Protein-Source Food and Vegetable Intakes in the Korean Elderly: The Korean Frailty and Aging Cohort Study.,resistance-training-muscle,human_cohort,human,B,retired_from_active_findings,topic_capacity_limit,2026-08-28,Git history and prior public-data snapshots
finding-pubmed-35918606,pubmed-35918606,35918606,10.1007/s40520-022-02172-2,Chair stand test as a proxy for physical performance and muscle strength in sarcopenia diagnosis: the Korean frailty and aging cohort study.,resistance-training-muscle,human_cohort,human,B,retired_from_active_findings,topic_capacity_limit,2026-08-28,Git history and prior public-data snapshots
finding-pubmed-35981333,pubmed-35981333,35981333,10.1519/JPT.0000000000000358,Geriatric Vulnerabilities Among Obese Older Adults With and Without Sarcopenia: Findings From a Nationally Representative Cohort Study.,resistance-training-muscle,human_cohort,human,B,retired_from_active_findings,topic_capacity_limit,2026-08-28,Git history and prior public-data snapshots
finding-pubmed-36905804,pubmed-36905804,36905804,10.1016/j.archger.2022.104916,Height loss as an indicator of ageing through its association with frailty and sarcopenia: An observational cohort study.,resistance-training-muscle,human_cohort,human,B,retired_from_active_findings,topic_capacity_limit,2026-08-28,Git history and prior public-data snapshots
finding-pubmed-37020292,pubmed-37020292,37020292,10.1186/s12877-023-03903-4,Two-year longitudinal associations between nutritional status and frailty in community-dwelling older adults: Korean Frailty and Aging Cohort Study.,resistance-training-muscle,human_cohort,human,B,retired_from_active_findings,topic_capacity_limit,2026-08-28,Git history and prior public-data snapshots
finding-pubmed-37140052,pubmed-37140052,37140052,10.1093/ageing/afad058,"Frailty transitions and prevalence in an ageing population: longitudinal analysis of primary care data from an open cohort of adults aged 50 and over in England, 2006-2017.",resistance-training-muscle,human_cohort,human,B,retired_from_active_findings,topic_capacity_limit,2026-08-28,Git history and prior public-data snapshots
finding-pubmed-37724506,pubmed-37724506,37724506,10.1002/jcsm.13337,Effects of sarcopenia and frailty on postoperative recovery in elderly patients: A prospective cohort study.,resistance-training-muscle,human_cohort,human,B,retired_from_active_findings,topic_capacity_limit,2026-08-28,Git history and prior public-data snapshots
finding-pubmed-37847228,pubmed-37847228,37847228,10.1093/gerona/glad244,"Vigor to Frailty As a Continuum-A New Approach in the Study of Muscle, Mobility, and Aging Cohort.",resistance-training-muscle,human_cohort,human,B,retired_from_active_findings,topic_capacity_limit,2026-08-28,Git history and prior public-data snapshots
finding-pubmed-37889226,pubmed-37889226,37889226,10.1093/sleep/zsad274,"Comprehensive assessment of sleep duration, insomnia, and brain structure within the UK Biobank cohort.",sleep-aging,human_cohort,human,C,retired_from_active_findings,topic_capacity_limit,2026-08-28,Git history and prior public-data snapshots
finding-pubmed-38057913,pubmed-38057913,38057913,10.1002/jcsm.13401,Cross-sectional and longitudinal association between atrial fibrillation and sarcopenia: Findings from the Korean frailty and aging cohort study.,resistance-training-muscle,human_cohort,human,B,retired_from_active_findings,topic_capacity_limit,2026-08-28,Git history and prior public-data snapshots
finding-pubmed-38241094,pubmed-38241094,38241094,10.1093/eurheartj/ehad885,Changes in frailty and incident cardiovascular disease in three prospective cohorts.,resistance-training-muscle,human_cohort,human,B,retired_from_active_findings,topic_capacity_limit,2026-08-28,Git history and prior public-data snapshots
finding-pubmed-38267843,pubmed-38267843,38267843,10.1186/s12877-024-04694-y,"The prevalence and impact of sarcopenia in older cardiac patients undergoing inpatient cardiac rehabilitation - results from a prospective, observational cohort pre-study.",resistance-training-muscle,human_cohort,human,B,retired_from_active_findings,topic_capacity_limit,2026-08-28,Git history and prior public-data snapshots
finding-pubmed-38315906,pubmed-38315906,38315906,10.34172/jrhs.2023.126,Evaluation of Sleep Quality and Related Factors in Community-Dwelling Adults: Ardakan Cohort Study on Aging (ACSA).,sleep-aging,human_cohort,human,C,retired_from_active_findings,topic_capacity_limit,2026-08-28,Git history and prior public-data snapshots
finding-pubmed-38414347,pubmed-38414347,38414347,10.1111/acel.14135,Epigenome-wide analysis of frailty: Results from two European twin cohorts.,resistance-training-muscle,human_cohort,human,B,retired_from_active_findings,topic_capacity_limit,2026-08-28,Git history and prior public-data snapshots
finding-pubmed-38721536,pubmed-38721536,38721536,10.3389/fpubh.2024.1357618,Dose-response associations between physical activity and sedentary time with functional disability in older adults with or without frailty: a prospective cohort study.,resistance-training-muscle,human_cohort,human,B,retired_from_active_findings,topic_capacity_limit,2026-08-28,Git history and prior public-data snapshots
finding-pubmed-38739369,pubmed-38739369,38739369,10.1111/acel.14198,Association of sarcopenia with the long-term risk of atrial fibrillation: A prospective cohort study.,resistance-training-muscle,human_cohort,human,B,retired_from_active_findings,topic_capacity_limit,2026-08-28,Git history and prior public-data snapshots
finding-pubmed-38914770,pubmed-38914770,38914770,10.1007/s00296-024-05636-y,"Insomnia and short sleep duration, but not chronotype, is associated with chronic widespread pain: Mendelian randomization study.",sleep-aging,human_mendelian_randomization,human,C,retired_from_active_findings,topic_capacity_limit,2026-08-28,Git history and prior public-data snapshots
finding-pubmed-39102178,pubmed-39102178,39102178,10.1007/s13304-024-01962-9,"Frailty and sarcopenia in patients with cirrhosis awaiting liver transplantation: evidence from a single-centre, prospective cohort study.",resistance-training-muscle,human_cohort,human,B,retired_from_active_findings,topic_capacity_limit,2026-08-28,Git history and prior public-data snapshots
finding-pubmed-39117995,pubmed-39117995,39117995,10.1186/s12877-024-05268-8,Cardiovascular disease risk factors and frailty syndrome in community-dwelling older adults: Results from the Amirkola Health and Aging Project Cohort Study.,resistance-training-muscle,human_cohort,human,B,retired_from_active_findings,topic_capacity_limit,2026-08-28,Git history and prior public-data snapshots
finding-pubmed-39140371,pubmed-39140371,39140371,10.1093/ageing/afae172,"Secular trends in frailty among community-dwelling 75-95-year-old cohorts over three decades in Helsinki, Finland.",resistance-training-muscle,human_cohort,human,B,retired_from_active_findings,topic_capacity_limit,2026-08-28,Git history and prior public-data snapshots
finding-pubmed-39307074,pubmed-39307074,39307074,10.1016/j.jnha.2024.100368,Osteosarcopenia predicts greater risk of functional disability than sarcopenia: a longitudinal analysis of FraDySMex cohort study.,resistance-training-muscle,human_cohort,human,B,retired_from_active_findings,topic_capacity_limit,2026-08-28,Git history and prior public-data snapshots
finding-pubmed-39458463,pubmed-39458463,39458463,10.3390/nu16203467,Oral Frailty as a Risk Factor for Malnutrition and Sarcopenia in Patients on Hemodialysis: A Prospective Cohort Study.,resistance-training-muscle,human_cohort,human,B,retired_from_active_findings,topic_capacity_limit,2026-08-28,Git history and prior public-data snapshots
finding-pubmed-39570303,pubmed-39570303,39570303,10.1308/rcsann.2024.0091,Frailty and body composition predict adverse outcomes after emergency general surgery admission: a multicentre observational cohort study.,resistance-training-muscle,human_cohort,human,B,retired_from_active_findings,topic_capacity_limit,2026-08-28,Git history and prior public-data snapshots
finding-pubmed-39627573,pubmed-39627573,39627573,10.1007/s11357-024-01461-0,Cognitive frailty and functional disability in older adults: A 10-year prospective cohort study in Japan.,resistance-training-muscle,human_cohort,human,B,retired_from_active_findings,topic_capacity_limit,2026-08-28,Git history and prior public-data snapshots
finding-pubmed-39987831,pubmed-39987831,39987831,10.1016/j.scitotenv.2025.178924,Health and environmental dietary impact: Planetary health diet vs. Mediterranean diet. A nationwide cohort in Spain.,dietary-pattern-longevity,narrative_review,human,C,retired_from_active_findings,topic_capacity_limit,2026-08-28,Git history and prior public-data snapshots
finding-pubmed-40000536,pubmed-40000536,40000536,10.1007/s40519-025-01729-0,Sleep and binge eating in early adolescents: a prospective cohort study.,sleep-aging,human_cohort,human,C,retired_from_active_findings,topic_capacity_limit,2026-08-28,Git history and prior public-data snapshots
finding-pubmed-40047148,pubmed-40047148,40047148,10.1111/ggi.70012,Anticholinergic burden quantified using the Japanese risk scale as a predictor of frailty and sarcopenia among community-dwelling older adults: A 9-year Kashiwa cohort study.,resistance-training-muscle,human_cohort,human,B,retired_from_active_findings,topic_capacity_limit,2026-08-28,Git history and prior public-data snapshots
finding-pubmed-40172620,pubmed-40172620,40172620,10.1093/bjsopen/zraf016,"Sarcopenia, myosteatosis, and frailty parameters to predict adverse outcomes in patients undergoing emergency laparotomy: prospective observational multicentre cohort study.",resistance-training-muscle,human_cohort,human,B,retired_from_active_findings,topic_capacity_limit,2026-08-28,Git history and prior public-data snapshots
finding-pubmed-40284206,pubmed-40284206,40284206,10.3390/nu17081342,Plasma Leukocyte Cell-Derived Chemotaxin-2 as a Risk Factor of Sarcopenia: Korean Frailty and Aging Cohort Study.,resistance-training-muscle,human_cohort,human,B,retired_from_active_findings,topic_capacity_limit,2026-08-28,Git history and prior public-data snapshots
finding-pubmed-40389699,pubmed-40389699,40389699,10.1007/s11325-025-03352-w,Cardiovascular diseases and type D personality in patients with obstructive sleep apnea: a prospective cohort study.,sleep-aging,human_cohort,human,C,retired_from_active_findings,topic_capacity_limit,2026-08-28,Git history and prior public-data snapshots
finding-pubmed-40428779,pubmed-40428779,40428779,10.3390/medicina61050821,Sarcopenia and Frailty in Cirrhotic Patients: Evaluation of Prevalence and Risk Factors in a Single-Centre Cohort Study.,resistance-training-muscle,human_cohort,human,B,retired_from_active_findings,topic_capacity_limit,2026-08-28,Git history and prior public-data snapshots
finding-pubmed-40562647,pubmed-40562647,40562647,10.1016/j.pcd.2025.06.006,Pattern of semaglutide prescription in a real-world Canadian patient cohort.,glp1-weight-cardiometabolic,human_cohort,human,C,retired_from_active_findings,topic_capacity_limit,2026-08-28,Git history and prior public-data snapshots
finding-pubmed-40705035,pubmed-40705035,40705035,10.1093/eurheartj/ehaf351,Decision-making for older adults with advanced heart disease: a framework for balancing benefit versus futility.,resistance-training-muscle,narrative_review,human,E,retired_from_active_findings,title_topic_signal_missing,2026-08-28,Git history and prior public-data snapshots
finding-pubmed-40886239,pubmed-40886239,40886239,10.1007/s40520-025-03173-7,Association of temporalis muscle thickness and frailty in an Australian memory clinic cohort.,resistance-training-muscle,human_cohort,human,B,retired_from_active_findings,topic_capacity_limit,2026-08-28,Git history and prior public-data snapshots
finding-pubmed-40977495,pubmed-40977495,40977495,10.1093/eurjpc/zwaf470,Cardiovascular disease epidemiology and management in the elderly and very elderly.,resistance-training-muscle,narrative_review,human,E,retired_from_active_findings,title_topic_signal_missing,2026-08-28,Git history and prior public-data snapshots
finding-pubmed-41034143,pubmed-41034143,41034143,10.3399/BJGPO.2025.0007,Co-locating frailty intervention activities and general practice: a qualitative study exploring experiences and perceptions of participants and delivery partners.,resistance-training-muscle,metadata_only_needs_classification,human,E,retired_from_active_findings,topic_capacity_limit,2026-08-28,Git history and prior public-data snapshots
finding-pubmed-41166991,pubmed-41166991,41166991,10.1016/j.ebiom.2025.105995,AI-derived body composition analysis reveals muscle volume and metformin-associated adipose effects and the obesity paradox in non-small cell lung cancer.,metformin-aging,metadata_only_needs_classification,human,D,retired_from_active_findings,topic_capacity_limit,2026-08-28,Git history and prior public-data snapshots
finding-pubmed-41207680,pubmed-41207680,41207680,10.1253/circj.CJ-25-0500,Outcomes of Hemodialysis Patients Undergoing Contemporary Transcatheter Aortic Valve Implantation - Insights From the LAPLACE-TAVI Registry.,resistance-training-muscle,metadata_only_needs_classification,human,E,retired_from_active_findings,title_topic_signal_missing,2026-08-28,Git history and prior public-data snapshots
finding-pubmed-41238383,pubmed-41238383,41238383,10.3399/BJGPO.2025.0135,Experiences of GPs with incretin mimetics: a qualitative study in Germany.,glp1-weight-cardiometabolic,metadata_only_needs_classification,human,E,retired_from_active_findings,title_topic_signal_missing,2026-08-28,Git history and prior public-data snapshots
finding-pubmed-41491048,pubmed-41491048,41491048,10.3399/BJGPO.2025.0271,Delivering a primary care intervention to reduce frailty and improve resilience in people experiencing homelessness: a pilot feasibility study.,resistance-training-muscle,metadata_only_needs_classification,human,E,retired_from_active_findings,topic_capacity_limit,2026-08-28,Git history and prior public-data snapshots
finding-pubmed-41849236,pubmed-41849236,41849236,10.1158/1078-0432.CCR-25-4153,Low-Dose Intestinal Irradiation Enhances the Efficacy and Prognosis of PD-1 Blockade in Metastatic Non-Small Cell Lung Cancer.,microbiome-inflammaging,metadata_only_needs_classification,human,E,retired_from_active_findings,title_topic_signal_missing,2026-08-28,Git history and prior public-data snapshots
finding-pubmed-41849658,pubmed-41849658,41849658,10.1093/eurjpc/zwaf591,Cardiac rehabilitation against frailty and sarcopenia in older individuals: a literature review.,resistance-training-muscle,narrative_review,human,E,retired_from_active_findings,topic_capacity_limit,2026-08-28,Git history and prior public-data snapshots
finding-pubmed-41905614,pubmed-41905614,41905614,10.1016/j.jad.2026.121694,Microbiota-immune crosstalk underlying cancer-induced depression in patients with breast cancer.,microbiome-inflammaging,metadata_only_needs_classification,human,E,retired_from_active_findings,topic_capacity_limit,2026-08-28,Git history and prior public-data snapshots
finding-pubmed-41910632,pubmed-41910632,41910632,10.1093/ehjqcco/qcag051,Association of GLP-1 receptor agonists versus bariatric surgery with outcomes in obese patients with hypertrophic cardiomyopathy: a multicenter propensity-matched analysis.,glp1-weight-cardiometabolic,metadata_only_needs_classification,human,E,retired_from_active_findings,topic_capacity_limit,2026-08-28,Git history and prior public-data snapshots
finding-pubmed-41920137,pubmed-41920137,41920137,10.1016/j.jacc.2026.02.5080,Cardiogenic Shock Survivorship: A Multidisciplinary Approach Across the Continuum of Care.,resistance-training-muscle,narrative_review,human,E,retired_from_active_findings,title_topic_signal_missing,2026-08-28,Git history and prior public-data snapshots
finding-pubmed-41922176,pubmed-41922176,41922176,10.1136/bmjqs-2025-019321,Integrating 'what matters' conversations into preoperative care: a qualitative evaluation of surgical team workflows and barriers.,resistance-training-muscle,metadata_only_needs_classification,human,E,retired_from_active_findings,title_topic_signal_missing,2026-08-28,Git history and prior public-data snapshots
finding-pubmed-41927326,pubmed-41927326,41927326,10.1136/archdischild-2025-329155,Parents' preferences for interventions to improve aspects of children's current and future health: two discrete choice experiments.,resistance-training-muscle,metadata_only_needs_classification,human,E,retired_from_active_findings,title_topic_signal_missing,2026-08-28,Git history and prior public-data snapshots
finding-pubmed-41951734,pubmed-41951734,41951734,10.1038/s41586-026-10330-z,Genetic predictors of GLP1 receptor agonist weight loss and side effects.,glp1-weight-cardiometabolic,metadata_only_needs_classification,human,D,retired_from_active_findings,topic_capacity_limit,2026-08-28,Git history and prior public-data snapshots
finding-pubmed-41955285,pubmed-41955285,41955285,10.1093/ajhp/zxag110,Lp(a): A potentially modifiable cardiovascular risk factor.,ldl-apob-cardiovascular-risk,narrative_review,human,E,retired_from_active_findings,title_topic_signal_missing,2026-08-28,Git history and prior public-data snapshots
finding-pubmed-41997149,pubmed-41997149,41997149,10.1016/j.neuron.2026.03.027,SARM1 executes neuronal parthanatos and promotes excitotoxic cell death.,nad-nmn-nr-aging,narrative_review,cell,E,retired_from_active_findings,title_topic_signal_missing,2026-08-28,Git history and prior public-data snapshots
finding-pubmed-42035251,pubmed-42035251,42035251,10.1515/revneuro-2026-0040,The microbiota-gut-brain axis as a driver of secondary brain injury after aneurysmal subarachnoid hemorrhage: from bidirectional vicious cycle to therapeutic opportunities.,microbiome-inflammaging,narrative_review,human,E,retired_from_active_findings,topic_capacity_limit,2026-08-28,Git history and prior public-data snapshots
finding-pubmed-42057445,pubmed-42057445,42057445,10.1002/jsfa.70639,Yak whey powder enhanced antioxidant activity in aging mice by regulating gut microbiota.,microbiome-inflammaging,animal_study,mouse,D,retired_from_active_findings,topic_capacity_limit,2026-08-28,Git history and prior public-data snapshots
finding-pubmed-42082341,pubmed-42082341,42082341,10.1136/jech-2025-225333,Dyadic associations of depressive symptoms and cardiovascular health trajectories in middle-aged and older couples.,blood-pressure-aging,human_cohort,human,C,retired_from_active_findings,title_topic_signal_missing,2026-08-28,Git history and prior public-data snapshots
finding-pubmed-42083126,pubmed-42083126,42083126,10.1111/acel.70533,"Aged Gut Microbiota Induces Mucosal Transcriptional Dysregulation, Impairing Immune Surveillance.",microbiome-inflammaging,animal_study,mouse,D,retired_from_active_findings,topic_capacity_limit,2026-08-28,Git history and prior public-data snapshots
finding-pubmed-42086112,pubmed-42086112,42086112,10.1016/j.ijcard.2026.134538,"Ascending thoracic Aortic Wall stress response during aerobic, resistance and isometric exercise in patients with arrhythmogenic cardiomyopathy.",resistance-training-muscle,metadata_only_needs_classification,human,E,retired_from_active_findings,title_topic_signal_missing,2026-08-28,Git history and prior public-data snapshots
finding-pubmed-42092517,pubmed-42092517,42092517,10.1016/j.clnesp.2026.103316,"The effectiveness of 5:2 intermittent fasting compared with continuous caloric restriction in the treatment of recurrent weight gain after metabolic bariatric surgery: A non-inferiority, short-term, pilot feasibility study.",time-restricted-eating,human_randomized_or_clinical_trial,human,C,retired_from_active_findings,topic_capacity_limit,2026-08-28,Git history and prior public-data snapshots
finding-pubmed-42105790,pubmed-42105790,42105790,10.1016/j.freeradbiomed.2026.04.158,FMO1 disrupts mitochondrial functional homeostasis through ROS-mediated mechanisms to drive chondrocyte senescence and hypertrophy.,senolytics,animal_study,animal,D,retired_from_active_findings,title_topic_signal_missing,2026-08-28,Git history and prior public-data snapshots
finding-pubmed-42107262,pubmed-42107262,42107262,10.1016/j.bioorg.2026.109946,"Design, synthesis, and evaluation of novel andrographolide derivatives as anti-pancreatic cancer therapeutics.",autophagy-mitophagy,mechanistic_or_cell_study,human,E,retired_from_active_findings,title_topic_signal_missing,2026-08-28,Git history and prior public-data snapshots
finding-pubmed-42113606,pubmed-42113606,42113606,10.1093/biolre/ioag101,Generation of human primordial germ cell-like cells from cumulus and blood cell-derived isogenic human induced pluripotent stem cells†.,partial-reprogramming,mechanistic_or_cell_study,human,E,retired_from_active_findings,title_topic_signal_missing,2026-08-28,Git history and prior public-data snapshots
finding-pubmed-42113628,pubmed-42113628,42113628,10.1093/sleep/zsag125,Respiratory chemoreflex and risk of incident increase in blood pressure.,sleep-aging,metadata_only_needs_classification,human,E,retired_from_active_findings,title_topic_signal_missing,2026-08-28,Git history and prior public-data snapshots
finding-pubmed-42114087,pubmed-42114087,42114087,10.1519/JSC.0000000000005460,High-Load Compared With Low-Load Resistance Exercise Differentially Modulates Immune Responses of CD4 + T Cells in Postmenopausal Women.,physical-activity-healthspan,human_randomized_or_clinical_trial,human,C,retired_from_active_findings,topic_capacity_limit,2026-08-28,Git history and prior public-data snapshots
finding-pubmed-42133167,pubmed-42133167,42133167,10.1007/s11357-026-02299-4,Risk of falls and syncope across frailty levels in hypertensive older adults: a longitudinal study.,resistance-training-muscle,human_cohort,human,B,retired_from_active_findings,topic_capacity_limit,2026-08-28,Git history and prior public-data snapshots
finding-pubmed-42150869,pubmed-42150869,42150869,10.1111/dom.70867,Association of GLP-1 Receptor Agonist Use With Safety Outcomes in Individuals With Opioid Use Disorder: A Target Trial Emulation.,glp1-weight-cardiometabolic,metadata_only_needs_classification,human,E,retired_from_active_findings,topic_capacity_limit,2026-08-28,Git history and prior public-data snapshots
finding-pubmed-42153961,pubmed-42153961,42153961,10.1002/advs.202517087,Dissecting the Ecological Structure of Health and Disease in the Global Gut Microbiome.,microbiome-inflammaging,metadata_only_needs_classification,human,D,retired_from_active_findings,topic_capacity_limit,2026-08-28,Git history and prior public-data snapshots
finding-pubmed-42166178,pubmed-42166178,42166178,10.1093/sleep/zsag138,Cardiovascular risk stratification in obstructive sleep apnea: a potential role for cardiac troponins.,sleep-aging,metadata_only_needs_classification,needs_review,E,retired_from_active_findings,topic_capacity_limit,2026-08-28,Git history and prior public-data snapshots
finding-pubmed-42176939,pubmed-42176939,42176939,10.1016/j.envres.2026.124795,Health impacts of bus rapid transit systems in seven cities worldwide.,physical-activity-healthspan,metadata_only_needs_classification,human,E,retired_from_active_findings,title_topic_signal_missing,2026-08-28,Git history and prior public-data snapshots
finding-pubmed-42203047,pubmed-42203047,42203047,10.1016/j.bbr.2026.116296,"Thyronines and thyronamines: dual modulators of synaptic plasticity, cognitive decline, and geriatric depression in the aging brain.",autophagy-mitophagy,narrative_review,needs_review,E,retired_from_active_findings,title_topic_signal_missing,2026-08-28,Git history and prior public-data snapshots
finding-pubmed-42208070,pubmed-42208070,42208070,10.1097/AOG.0000000000006325,Gestational Weight Gain and Pregnancy Outcomes After Semaglutide Exposure.,glp1-weight-cardiometabolic,metadata_only_needs_classification,human,E,retired_from_active_findings,topic_capacity_limit,2026-08-28,Git history and prior public-data snapshots
finding-pubmed-42214796,pubmed-42214796,42214796,10.1016/j.bbr.2026.116303,Treadmill exercise mediates the neuroprotective effect in post-stroke depression rats through the PGC-1α/FNDC5/irisin pathway.,physical-activity-healthspan,mixed_human_and_animal_study,mixed_human_animal,D,retired_from_active_findings,topic_capacity_limit,2026-08-28,Git history and prior public-data snapshots
finding-pubmed-42216764,pubmed-42216764,42216764,10.1177/01939459261435595,The Mediating Role of Depression in the Relationship Between Physical Activity and Quality of Life Among Patients with Coronary Heart Disease.,physical-activity-healthspan,metadata_only_needs_classification,human,D,retired_from_active_findings,topic_capacity_limit,2026-08-28,Git history and prior public-data snapshots
finding-pubmed-42218572,pubmed-42218572,42218572,10.1097/CM9.0000000000004087,Restoration of circadian rhythm as novel targets against sarcopenia.,resistance-training-muscle,narrative_review,human,E,retired_from_active_findings,topic_capacity_limit,2026-08-28,Git history and prior public-data snapshots
finding-pubmed-42218651,pubmed-42218651,42218651,10.1200/JCO-26-00765,Structured Exercise Program After Adjuvant Chemotherapy for Colon Cancer: A Cost-Utility Analysis of the CHALLENGE Trial.,physical-activity-healthspan,human_randomized_or_clinical_trial,human,C,retired_from_active_findings,topic_capacity_limit,2026-08-28,Git history and prior public-data snapshots
finding-pubmed-42219155,pubmed-42219155,42219155,10.1123/japa.2025-0180,"Feasibility, Acceptability, and Preliminary Effects of the Online Exercise Program PERMANENTO in Older Adults: A Randomized Controlled Trial.",physical-activity-healthspan,human_randomized_or_clinical_trial,human,C,retired_from_active_findings,topic_capacity_limit,2026-08-28,Git history and prior public-data snapshots
finding-pubmed-42223116,pubmed-42223116,42223116,10.1093/eurheartj/ehag411,GLI1 activation induced by intermittent hypoxia drives cardiac fibroblast activation via enhanced PKM2-mediated glycolysis.,sleep-aging,animal_study,mouse,D,retired_from_active_findings,title_topic_signal_missing,2026-08-28,Git history and prior public-data snapshots
finding-pubmed-42224918,pubmed-42224918,42224918,10.1016/j.urolonc.2026.05.010,Survival association of GLP-1 receptor agonists and SGLT2 inhibitors in bladder cancer patients.,glp1-weight-cardiometabolic,metadata_only_needs_classification,human,D,retired_from_active_findings,topic_capacity_limit,2026-08-28,Git history and prior public-data snapshots
finding-pubmed-42228016,pubmed-42228016,42228016,10.1158/0008-5472.CAN-25-4466,Commensal Dysbiosis Alters Primary Bile Acid Signaling to Drive Mammary Gland Inflammation and Breast Tumor Dissemination.,microbiome-inflammaging,metadata_only_needs_classification,human,E,retired_from_active_findings,title_topic_signal_missing,2026-08-28,Git history and prior public-data snapshots
finding-pubmed-42229245,pubmed-42229245,42229245,10.1016/j.compbiomed.2026.111786,Longitudinal assessment of resting wakefulness heart rate variability and its association with sleep apnea severity.,sleep-aging,metadata_only_needs_classification,human,E,retired_from_active_findings,topic_capacity_limit,2026-08-28,Git history and prior public-data snapshots
finding-pubmed-42246564,pubmed-42246564,42246564,10.1093/joneph/aajaf072,Accuracy of SARC-F test for screening of sarcopenia in adult dialysis patients.,resistance-training-muscle,metadata_only_needs_classification,human,E,retired_from_active_findings,topic_capacity_limit,2026-08-28,Git history and prior public-data snapshots
finding-pubmed-42247160,pubmed-42247160,42247160,10.1007/s11357-026-02336-2,Age and sex dependent shift in murine gut microbiome reveals pathological links to host cardiovascular and metabolic pathways.,microbiome-inflammaging,animal_study,mouse,D,retired_from_active_findings,topic_capacity_limit,2026-08-28,Git history and prior public-data snapshots
finding-pubmed-42249138,pubmed-42249138,42249138,10.1038/s41591-026-04476-6,"Oral small molecule GLP-1 receptor agonist aleniglipron in people with overweight or obesity: a randomized, double-blind, placebo-controlled phase 2b trial.",glp1-weight-cardiometabolic,metadata_only_needs_classification,human,D,retired_from_active_findings,topic_capacity_limit,2026-08-28,Git history and prior public-data snapshots
finding-pubmed-42253238,pubmed-42253238,42253238,10.1056/NEJMoa2600751,Survodutide Once Weekly for the Treatment of Adults with Obesity.,glp1-weight-cardiometabolic,human_randomized_or_clinical_trial,human,B,retired_from_active_findings,title_topic_signal_missing,2026-08-28,Git history and prior public-data snapshots
finding-pubmed-42257388,pubmed-42257388,42257388,10.1093/joneph/aajaf068,"Association of carnitine levels with muscle status, fatigue, and mortality in hemodialysis patients.",resistance-training-muscle,metadata_only_needs_classification,human,E,retired_from_active_findings,title_topic_signal_missing,2026-08-28,Git history and prior public-data snapshots
finding-pubmed-42259626,pubmed-42259626,42259626,10.1111/dom.70938,Investigating the Incremental Cost and Utilization Burden of Obstructive Sleep Apnea in Overweight to Severely Obese Patients.,sleep-aging,metadata_only_needs_classification,human,D,retired_from_active_findings,topic_capacity_limit,2026-08-28,Git history and prior public-data snapshots
finding-pubmed-42262870,pubmed-42262870,42262870,10.1172/jci.insight.201810,Semaglutide-induced loss of skeletal muscle mass is blunted by co-administration of ketone esters.,glp1-weight-cardiometabolic,animal_study,mouse,D,retired_from_active_findings,nonhuman_record_in_human_outcome_topic,2026-08-28,Git history and prior public-data snapshots
finding-pubmed-42270313,pubmed-42270313,42270313,10.1136/bjsports-2025-111091,Optimal 24-hour movement behaviour compositions across trimesters and risk of hypertensive disorders of pregnancy: the Pregnancy 24/7 cohort study.,sleep-aging,human_cohort,human,C,retired_from_active_findings,title_topic_signal_missing,2026-08-28,Git history and prior public-data snapshots
finding-pubmed-42275159,pubmed-42275159,42275159,10.1172/jci.insight.198842,Fatty acid amide hydrolase inhibition for treatment of amyotrophic lateral sclerosis.,autophagy-mitophagy,animal_study,mouse,D,retired_from_active_findings,title_topic_signal_missing,2026-08-28,Git history and prior public-data snapshots
finding-pubmed-42283776,pubmed-42283776,42283776,10.1007/s11357-026-02353-1,oral functional limitation and long-term frailty trajectories: a 6-year cohort study of community-dwelling older adults in Korea.,resistance-training-muscle,human_cohort,human,B,retired_from_active_findings,topic_capacity_limit,2026-08-28,Git history and prior public-data snapshots
finding-pubmed-42284133,pubmed-42284133,42284133,10.1093/eurheartj/ehag432,Cardiac-targeted delivery of advanced medical therapies for heart disease.,blood-pressure-aging,narrative_review,human,E,retired_from_active_findings,title_topic_signal_missing,2026-08-28,Git history and prior public-data snapshots
finding-pubmed-42285456,pubmed-42285456,42285456,10.1016/j.amjcard.2026.06.003,Combined Effect of Cardiovascular Fitness and Hemodynamic Response to Exercise on Mortality.,physical-activity-healthspan,narrative_review,needs_review,E,retired_from_active_findings,topic_capacity_limit,2026-08-28,Git history and prior public-data snapshots
finding-pubmed-42296970,pubmed-42296970,42296970,10.1016/j.crmeth.2026.101501,Direct quantification of the metabolic heat output of individual Drosophila brains.,autophagy-mitophagy,metadata_only_needs_classification,human,E,retired_from_active_findings,title_topic_signal_missing,2026-08-28,Git history and prior public-data snapshots
finding-pubmed-42297568,pubmed-42297568,42297568,10.1002/oby.70247,SURMOUNT-REAL UK: A Pragmatic Randomized Clinical Trial to Assess the Effectiveness of Tirzepatide in Adults With Obesity.,glp1-weight-cardiometabolic,metadata_only_needs_classification,human,D,retired_from_active_findings,topic_capacity_limit,2026-08-28,Git history and prior public-data snapshots
finding-pubmed-42303274,pubmed-42303274,42303274,10.1111/dom.70991,Tirzepatide for Obesity in Adults ≥ 65 Years: A Post Hoc Analysis of the SURMOUNT and SUMMIT Clinical Trials.,glp1-weight-cardiometabolic,metadata_only_needs_classification,human,D,retired_from_active_findings,topic_capacity_limit,2026-08-28,Git history and prior public-data snapshots
finding-pubmed-42303864,pubmed-42303864,42303864,10.1038/s43587-026-01147-6,Nuclear export of R-loop by the DDX1 and XPO1 complex promotes senescence-associated secretory phenotype and inflammaging.,microbiome-inflammaging,mechanistic_or_cell_study,cell,D,retired_from_active_findings,topic_capacity_limit,2026-08-28,Git history and prior public-data snapshots
finding-pubmed-42315121,pubmed-42315121,42315121,10.1093/sleep/zsag150,Altered heart rate variability is associated with all-cause mortality in patients with co-morbid insomnia and obstructive sleep apnea.,sleep-aging,metadata_only_needs_classification,human,E,retired_from_active_findings,topic_capacity_limit,2026-08-28,Git history and prior public-data snapshots
finding-pubmed-42320152,pubmed-42320152,42320152,10.1016/j.scitotenv.2026.181943,"Performance of moving bed biofilm, periphyton, and halophyte biofilters in marine multi-trophic aquaculture systems.",microbiome-inflammaging,metadata_only_needs_classification,human,E,retired_from_active_findings,title_topic_signal_missing,2026-08-28,Git history and prior public-data snapshots
finding-pubmed-42322680,pubmed-42322680,42322680,10.1016/j.vaccine.2026.128853,"Influenza, pneumococcal, and herpes zoster vaccination in Italy: Knowledge, uptake, and determinants across the adult life course.",physical-activity-healthspan,metadata_only_needs_classification,human,E,retired_from_active_findings,title_topic_signal_missing,2026-08-28,Git history and prior public-data snapshots
finding-pubmed-42334436,pubmed-42334436,42334436,10.1093/ehjcvp/pvag044,Semaglutide for primary prevention of major adverse cardiac and cerebrovascular events in patients with type 2 diabetes and comorbid rheumatoid arthritis: a target-trial emulation.,glp1-weight-cardiometabolic,metadata_only_needs_classification,human,E,retired_from_active_findings,topic_capacity_limit,2026-08-28,Git history and prior public-data snapshots
finding-pubmed-42334799,pubmed-42334799,42334799,10.1007/s12325-026-03660-x,Experience with Tirzepatide and Weight Management During and After a Clinical Trial in Japanese Patients with Obesity Disease: A Qualitative Study.,glp1-weight-cardiometabolic,metadata_only_needs_classification,human,D,retired_from_active_findings,topic_capacity_limit,2026-08-28,Git history and prior public-data snapshots
finding-pubmed-42339860,pubmed-42339860,42339860,10.1080/17512433.2026.2695172,The systems medicine view of semaglutide: from clinical trials to molecular mechanisms.,glp1-weight-cardiometabolic,narrative_review,human,C,retired_from_active_findings,topic_capacity_limit,2026-08-28,Git history and prior public-data snapshots
finding-pubmed-42360689,pubmed-42360689,42360689,10.1093/bbb/zbag087,"TORC1 inactivation induces a noncanonical, separase-independent cohesin degradation.",rapamycin-mtor-aging,metadata_only_needs_classification,human,E,retired_from_active_findings,title_topic_signal_missing,2026-08-28,Git history and prior public-data snapshots
finding-pubmed-42372276,pubmed-42372276,42372276,10.7326/ANNALS-25-04623,Weekly and Biweekly Treatment With Bofanglutide Versus Semaglutide in Chinese Patients With Type 2 Diabetes : A Phase 2b Randomized Clinical Trial.,glp1-weight-cardiometabolic,metadata_only_needs_classification,human,D,retired_from_active_findings,topic_capacity_limit,2026-08-28,Git history and prior public-data snapshots
finding-pubmed-42374831,pubmed-42374831,42374831,10.1093/cvr/cvag146,The gut-heart axis in cardio-oncology.,microbiome-inflammaging,narrative_review,human,E,retired_from_active_findings,title_topic_signal_missing,2026-08-28,Git history and prior public-data snapshots
finding-pubmed-42377135,pubmed-42377135,42377135,10.1128/iai.00347-26,Pseudomonas aeruginosa infection causes lysosomal dysfunction in the cystic fibrosis bronchial epithelium.,rapamycin-mtor-aging,metadata_only_needs_classification,human,E,retired_from_active_findings,title_topic_signal_missing,2026-08-28,Git history and prior public-data snapshots
finding-pubmed-42383941,pubmed-42383941,42383941,10.1016/j.jacc.2026.05.022,Imaging-Derived Sarcopenic Obesity and Cardiovascular Outcomes: Insights Into Heart Failure Risk and Muscle Biology.,resistance-training-muscle,metadata_only_needs_classification,needs_review,E,retired_from_active_findings,topic_capacity_limit,2026-08-28,Git history and prior public-data snapshots
finding-pubmed-42389799,pubmed-42389799,42389799,10.1039/d6an00340k,Monitoring food spoilage biogenic amines utilizing a blue-emitting fluorescent ionic liquid.,autophagy-mitophagy,metadata_only_needs_classification,human,E,retired_from_active_findings,title_topic_signal_missing,2026-08-28,Git history and prior public-data snapshots
finding-pubmed-42394401,pubmed-42394401,42394401,10.1111/acel.70608,Interplay of the ENS and Microbiota With Murine Gut Epithelium-Derived Organoids in Aging.,microbiome-inflammaging,animal_study,mouse,D,retired_from_active_findings,topic_capacity_limit,2026-08-28,Git history and prior public-data snapshots
finding-pubmed-42395079,pubmed-42395079,42395079,10.1016/j.ajpc.2026.101681,Phenogroup-based stratification of cardiovascular risk in obstructive sleep apnea.,sleep-aging,metadata_only_needs_classification,human,D,retired_from_active_findings,topic_capacity_limit,2026-08-28,Git history and prior public-data snapshots
finding-pubmed-42397280,pubmed-42397280,42397280,10.1097/BSD.0000000000002113,Preoperative Use of GLP-1 Receptor Agonists Is Associated With Reduced Risk of Postoperative DVT and Mortality in Patients Undergoing Lumbar Laminectomy.,glp1-weight-cardiometabolic,metadata_only_needs_classification,human,D,retired_from_active_findings,topic_capacity_limit,2026-08-28,Git history and prior public-data snapshots
finding-pubmed-42400648,pubmed-42400648,42400648,10.1007/s00262-026-04488-8,GLP-1 receptor agonists at immune checkpoint inhibitor initiation with immune-related and supportive-care outcomes in patients with cancer and overweight or obesity without diabetes: a target trial emulation.,glp1-weight-cardiometabolic,metadata_only_needs_classification,human,D,retired_from_active_findings,topic_capacity_limit,2026-08-28,Git history and prior public-data snapshots
finding-pubmed-42406865,pubmed-42406865,42406865,10.1161/CIRCULATIONAHA.126.079319,Cardiovascular Risk Reduction With GLP-1 RA Drugs.,glp1-weight-cardiometabolic,narrative_review,human,C,retired_from_active_findings,topic_capacity_limit,2026-08-28,Git history and prior public-data snapshots
finding-pubmed-42412132,pubmed-42412132,42412132,10.1007/s00192-026-06789-z,Gut microbiome profile and inflammatory response in pelvic organ prolapse: A pilot study.,microbiome-inflammaging,metadata_only_needs_classification,human,E,retired_from_active_findings,topic_capacity_limit,2026-08-28,Git history and prior public-data snapshots
finding-pubmed-42413683,pubmed-42413683,42413683,10.1016/j.athoracsur.2026.06.059,Coronary Artery Bypass Grafting vs Percutaneous Coronary Intervention for Stable Multivessel Coronary Disease in the Current Era.,resistance-training-muscle,metadata_only_needs_classification,human,E,retired_from_active_findings,title_topic_signal_missing,2026-08-28,Git history and prior public-data snapshots
finding-pubmed-42420680,pubmed-42420680,42420680,10.1007/s10654-026-01426-x,The interaction of sleep characteristics and work-related stress in relation to the risk of dementia: findings from a Swedish cohort study.,sleep-aging,human_cohort,human,C,retired_from_active_findings,topic_capacity_limit,2026-08-28,Git history and prior public-data snapshots
finding-pubmed-42423536,pubmed-42423536,42423536,10.1002/advs.76460,Frequent Sweetened Beverage Consumption Is Associated With Accelerated Biological Aging: Evidence From a Population-Based Study and Gut Microbiota Analysis.,microbiome-inflammaging,metadata_only_needs_classification,human,D,retired_from_active_findings,topic_capacity_limit,2026-08-28,Git history and prior public-data snapshots
finding-pubmed-42429817,pubmed-42429817,42429817,10.1128/iai.00234-26,Genitourinary microbiota in older women: a persistent knowledge gap that limits clinical and research progress.,microbiome-inflammaging,narrative_review,human,E,retired_from_active_findings,topic_capacity_limit,2026-08-28,Git history and prior public-data snapshots
finding-pubmed-42433658,pubmed-42433658,42433658,10.1515/med-2026-1489,Computational and experimental evidence supports the modulation of inflammaging-related pathways by Sorghum bicolor 3-deoxyanthocyanidins.,microbiome-inflammaging,animal_study,animal,D,retired_from_active_findings,topic_capacity_limit,2026-08-28,Git history and prior public-data snapshots
finding-pubmed-42446420,pubmed-42446420,42446420,10.1093/ndt/gfag164,Risk factor obesity: treatment standard.,microbiome-inflammaging,narrative_review,human,E,retired_from_active_findings,title_topic_signal_missing,2026-08-28,Git history and prior public-data snapshots
finding-pubmed-42457353,pubmed-42457353,42457353,10.3899/jrheum.2026-0088,What Affects Care Complexity in Rheumatoid Arthritis? An Integrative Review of Complexity Domains and Associated Patient and Health System Outcomes.,resistance-training-muscle,narrative_review,human,E,retired_from_active_findings,title_topic_signal_missing,2026-08-28,Git history and prior public-data snapshots
finding-pubmed-42461036,pubmed-42461036,42461036,10.1128/aem.00311-26,Tracking interlinked microbial and geochemical succession over decades in landfilled municipal solid waste.,microbiome-inflammaging,metadata_only_needs_classification,human,E,retired_from_active_findings,title_topic_signal_missing,2026-08-28,Git history and prior public-data snapshots
finding-pubmed-42461643,pubmed-42461643,42461643,10.1001/jama.2026.11895,Hip Fractures: A Review.,physical-activity-healthspan,narrative_review,human,E,retired_from_active_findings,title_topic_signal_missing,2026-08-28,Git history and prior public-data snapshots
finding-pubmed-42462725,pubmed-42462725,42462725,10.1016/j.xcrm.2026.102919,Alterations of the host-lung microbiome metasystem in systemic inflammatory response syndrome is associated with secondary pneumonia.,microbiome-inflammaging,metadata_only_needs_classification,human,E,retired_from_active_findings,topic_capacity_limit,2026-08-28,Git history and prior public-data snapshots
finding-pubmed-42463407,pubmed-42463407,42463407,10.1016/j.scib.2026.07.038,Biallelic hexose-6-phosphate dehydrogenase variants cause mitochondrial dysfunction underlying Parkinson's disease.,autophagy-mitophagy,animal_study,mouse,D,retired_from_active_findings,title_topic_signal_missing,2026-08-28,Git history and prior public-data snapshots
finding-pubmed-42468556,pubmed-42468556,42468556,10.1088/1361-6579/ae8ca9,Predicting gait and timed up and go time using foot-tapping test and accelerometer.,resistance-training-muscle,metadata_only_needs_classification,human,E,retired_from_active_findings,title_topic_signal_missing,2026-08-28,Git history and prior public-data snapshots
finding-pubmed-42468803,pubmed-42468803,42468803,10.1016/j.jare.2026.07.040,Frailty-related plasma proteomic signatures and key biomarkers for new-onset dementia and its subtypes: A prospective cohort study.,resistance-training-muscle,human_cohort,human,B,retired_from_active_findings,topic_capacity_limit,2026-08-28,Git history and prior public-data snapshots
finding-pubmed-42473972,pubmed-42473972,42473972,10.1039/d6nr01324d,Engineering biomaterial-mediated delivery for osteoarthritis: targeting aging mechanisms to reestablish joint homeostasis.,autophagy-mitophagy,narrative_review,human,E,retired_from_active_findings,title_topic_signal_missing,2026-08-28,Git history and prior public-data snapshots
finding-pubmed-42475055,pubmed-42475055,42475055,10.1039/d6fo02531e,Enzymatically hydrolyzed steam-exploded rice bran alleviates bone loss in D-galactose-induced aging mice through modulation of the gut-bone axis.,microbiome-inflammaging,animal_study,mouse,D,retired_from_active_findings,title_topic_signal_missing,2026-08-28,Git history and prior public-data snapshots
finding-pubmed-42475653,pubmed-42475653,42475653,10.1212/WNL.0000000000218297,Multidomain Lifestyle Intervention in Mild Cognitive Impairment: Subgroup Analysis of the SUPERBRAIN-MEET Randomized Trial.,blood-pressure-aging,human_randomized_or_clinical_trial,human,C,retired_from_active_findings,title_topic_signal_missing,2026-08-28,Git history and prior public-data snapshots
finding-pubmed-42479076,pubmed-42479076,42479076,10.1021/acs.jafc.6c02121,Protective Effects of 18β-Glycyrrhetinic Acid against Inflammaging in Adipose Tissue of Diet-Induced Obese Mice.,microbiome-inflammaging,animal_study,mouse,D,retired_from_active_findings,topic_capacity_limit,2026-08-28,Git history and prior public-data snapshots
finding-pubmed-42479996,pubmed-42479996,42479996,10.1212/WNL.0000000000218281,A Predictive Model for Short-Term Mortality After Status Epilepticus: The ACARD Score.,resistance-training-muscle,metadata_only_needs_classification,human,E,retired_from_active_findings,title_topic_signal_missing,2026-08-28,Git history and prior public-data snapshots
finding-pubmed-42481860,pubmed-42481860,42481860,10.1007/s11357-026-02412-7,A metabolomic clock of population ageing: cross-cohort validation and associations with frailty and cognitive function.,resistance-training-muscle,human_cohort,human,B,retired_from_active_findings,topic_capacity_limit,2026-08-28,Git history and prior public-data snapshots
finding-pubmed-42496153,pubmed-42496153,42496153,10.1128/aem.00854-26,Faecalibacterium duncaniae-derived metabolites protect intestinal epithelial integrity under inflammatory conditions in dairy calves.,microbiome-inflammaging,animal_study,animal,D,retired_from_active_findings,title_topic_signal_missing,2026-08-28,Git history and prior public-data snapshots
finding-pubmed-42500869,pubmed-42500869,42500869,10.1161/JAHA.126.049566,Association of Accelerometer-Derived Physical Activity with Incident Cardiovascular Diseases and Mortality in People With Severe Mental Illness.,physical-activity-healthspan,metadata_only_needs_classification,human,D,retired_from_active_findings,topic_capacity_limit,2026-08-28,Git history and prior public-data snapshots
finding-pubmed-42517218,pubmed-42517218,42517218,10.1161/CIRCULATIONAHA.126.079391,Risk-Guided Screening for Atrial Fibrillation Using Electronic Health Records.,blood-pressure-aging,metadata_only_needs_classification,human,E,retired_from_active_findings,title_topic_signal_missing,2026-08-28,Git history and prior public-data snapshots
finding-pubmed-42517623,pubmed-42517623,42517623,10.1128/msystems.01800-25,Participant engagement and feedback in microbiome projects: a case of AWI-Gen 2.,microbiome-inflammaging,metadata_only_needs_classification,human,E,retired_from_active_findings,topic_capacity_limit,2026-08-28,Git history and prior public-data snapshots
finding-pubmed-42517673,pubmed-42517673,42517673,10.1039/d6fo01132b,Upcycled porcine whole-blood protein hydrolysate attenuates age-related sarcopenia-like phenotypes in Caenorhabditis elegans in an RSKS-1-dependent manner.,resistance-training-muscle,animal_study,animal,D,retired_from_active_findings,nonhuman_record_in_human_outcome_topic,2026-08-28,Git history and prior public-data snapshots
finding-pubmed-42519021,pubmed-42519021,42519021,10.1016/j.isci.2026.116791,Exercise-induced mitochondrial remodeling in energy-demanding organs during aging.,physical-activity-healthspan,narrative_review,human,E,retired_from_active_findings,topic_capacity_limit,2026-08-28,Git history and prior public-data snapshots
finding-pubmed-42519061,pubmed-42519061,42519061,10.1016/j.isci.2026.116770,TRF2 enriched cytoplasmic chromatin drives cGAS-STAT1-mediated inflammation in senescence.,metformin-aging,metadata_only_needs_classification,human,E,retired_from_active_findings,title_topic_signal_missing,2026-08-28,Git history and prior public-data snapshots
finding-pubmed-42522575,pubmed-42522575,42522575,10.1161/CIRCRESAHA.125.327192,Methylmalonate Overload Despite Glycemic Control Drives Diabetic Heart Damage.,metformin-aging,animal_study,mouse,D,retired_from_active_findings,title_topic_signal_missing,2026-08-28,Git history and prior public-data snapshots
finding-pubmed-42525904,pubmed-42525904,42525904,10.1212/WNL.0000000000218182,Association of Sleep Variables With Cognitive Performance and the Risk of Dementia in the Sleep and Dementia Consortium.,sleep-aging,metadata_only_needs_classification,human,E,retired_from_active_findings,topic_capacity_limit,2026-08-28,Git history and prior public-data snapshots
finding-pubmed-42535667,pubmed-42535667,42535667,10.1080/14779072.2026.2713476,Early changes in renal function do not appear to mediate cardiovascular risk with dapagliflozin plus semaglutide: a real-world observational hypothesis-generating cohort study.,glp1-weight-cardiometabolic,human_cohort,human,C,retired_from_active_findings,topic_capacity_limit,2026-08-28,Git history and prior public-data snapshots
finding-pubmed-42545547,pubmed-42545547,42545547,10.1007/s12020-026-04734-0,Association of the triglyceride glucose-Chinese visceral adiposity index with incident sarcopenia among middle-aged and older adults with diabetes: a prospective cohort study.,resistance-training-muscle,human_cohort,human,B,retired_from_active_findings,topic_capacity_limit,2026-08-28,Git history and prior public-data snapshots
finding-pubmed-42547571,pubmed-42547571,42547571,10.1038/s41393-026-01248-4,Predictive value of the 5-factor modified frailty index for pneumonia in older adults with cervical spinal cord injury.,resistance-training-muscle,metadata_only_needs_classification,human,D,retired_from_active_findings,topic_capacity_limit,2026-08-28,Git history and prior public-data snapshots
finding-pubmed-42547694,pubmed-42547694,42547694,10.1007/s44470-026-00145-0,"Validation of a deep learning-based system for sleep staging, arousal detection, and respiratory event scoring in atrial fibrillation patients.",sleep-aging,metadata_only_needs_classification,human,D,retired_from_active_findings,topic_capacity_limit,2026-08-28,Git history and prior public-data snapshots
finding-pubmed-42550905,pubmed-42550905,42550905,10.1073/pnas.2610287123,Early-life sugar restriction causally reduces adult cancer incidence and slows biological aging.,microbiome-inflammaging,metadata_only_needs_classification,human,E,retired_from_active_findings,title_topic_signal_missing,2026-08-28,Git history and prior public-data snapshots
finding-pubmed-42550990,pubmed-42550990,42550990,10.1212/WNL.0000000000218305,Association Between White Matter Integrity and Cognitive Performance Among Diverse Older Hispanic/Latino Adults in SOL-INCA MRI.,blood-pressure-aging,metadata_only_needs_classification,human,E,retired_from_active_findings,title_topic_signal_missing,2026-08-28,Git history and prior public-data snapshots
finding-pubmed-42552590,pubmed-42552590,42552590,10.1080/08037051.2026.2714591,"Commentary on ""hypertension and frailty among middle-aged and older adults in India: the mediating role of multimorbidity"".",resistance-training-muscle,metadata_only_needs_classification,human,E,retired_from_active_findings,topic_capacity_limit,2026-08-28,Git history and prior public-data snapshots
finding-pubmed-42554413,pubmed-42554413,42554413,10.1161/JAHA.126.048812,Impact of Physical Activity on Stroke and Mortality in Individuals With and Without Atrial Fibrillation: The HUNT Study and the Tromsø Study.,physical-activity-healthspan,metadata_only_needs_classification,human,E,retired_from_active_findings,topic_capacity_limit,2026-08-28,Git history and prior public-data snapshots
finding-pubmed-42556059,pubmed-42556059,42556059,10.1016/j.ejphar.2026.179208,The dual role of cell death in skeletal muscle homeostasis and disease: Mechanisms and therapeutic targeting.,resistance-training-muscle,narrative_review,human,E,retired_from_active_findings,title_topic_signal_missing,2026-08-28,Git history and prior public-data snapshots
finding-pubmed-42562320,pubmed-42562320,42562320,10.1016/j.clnesp.2026.105014,PHASE ANGLE AS A MARKER OF FRAILTY AND PROGNOSIS IN HEART FAILURE: EVIDENCE FROM A PROSPECTIVE COHORT STUDY.,resistance-training-muscle,human_cohort,human,B,retired_from_active_findings,topic_capacity_limit,2026-08-28,Git history and prior public-data snapshots
finding-pubmed-42562786,pubmed-42562786,42562786,10.1111/ans.70893,Perioperative Multidisciplinary Team Meetings: Illness Phases and Frailty in High-Risk Surgical Candidates.,resistance-training-muscle,metadata_only_needs_classification,human,D,retired_from_active_findings,topic_capacity_limit,2026-08-28,Git history and prior public-data snapshots
finding-pubmed-42567799,pubmed-42567799,42567799,10.1016/j.jos.2026.07.014,Oxidative Stress Predicts Sarcopenia Progression in Community Dwellers: A Minimum 5-Year Longitudinal Cohort.,resistance-training-muscle,human_cohort,human,B,retired_from_active_findings,topic_capacity_limit,2026-08-28,Git history and prior public-data snapshots
finding-pubmed-42570033,pubmed-42570033,42570033,10.1007/s12020-026-04738-w,Association of the combined triglyceride-glucose and frailty index with chronic kidney disease: evidence from two national cohort studies.,resistance-training-muscle,human_cohort,human,B,retired_from_active_findings,topic_capacity_limit,2026-08-28,Git history and prior public-data snapshots
finding-pubmed-42570075,pubmed-42570075,42570075,10.1007/s10620-026-10171-w,Impact of GLP-1 Analogue Therapy on Gastrointestinal Outcomes in Patients with Irritable Bowel Syndrome: A Real-World TriNetX Analysis.,glp1-weight-cardiometabolic,metadata_only_needs_classification,human,E,retired_from_active_findings,topic_capacity_limit,2026-08-28,Git history and prior public-data snapshots
finding-pubmed-42570555,pubmed-42570555,42570555,10.1016/j.jnha.2026.100936,Effects of intrinsic capacity on health-related outcomes are moderated by frailty status among community-dwelling older adults.,resistance-training-muscle,metadata_only_needs_classification,human,D,retired_from_active_findings,topic_capacity_limit,2026-08-28,Git history and prior public-data snapshots
finding-pubmed-42571764,pubmed-42571764,42571764,10.1016/j.cyto.2026.157194,Translational perspectives of next-generation cytokine therapies for musculoskeletal disorders.,resistance-training-muscle,narrative_review,human,E,retired_from_active_findings,title_topic_signal_missing,2026-08-28,Git history and prior public-data snapshots
finding-pubmed-42572036,pubmed-42572036,42572036,10.1186/s40104-026-01480-1,Dietary theabrownins alleviate age-related declines in productive performance and egg quality by improving intestinal health in laying hens.,microbiome-inflammaging,metadata_only_needs_classification,human,E,retired_from_active_findings,title_topic_signal_missing,2026-08-28,Git history and prior public-data snapshots
finding-pubmed-42572056,pubmed-42572056,42572056,10.1007/s11916-026-01546-9,GLP-1-Based Therapies in Pain Medicine: A Narrative Review and Expert Opinion on Obesity-Related Low Back and Knee Pain.,glp1-weight-cardiometabolic,narrative_review,human,E,retired_from_active_findings,topic_capacity_limit,2026-08-28,Git history and prior public-data snapshots
finding-pubmed-42572119,pubmed-42572119,42572119,10.1093/eurjpc/zwag408,Predicted 10-Year Cardiovascular Disease Risk Reduction with Tirzepatide Use Over Three Years for Primary Prevention of Cardiovascular Disease in Obesity.,glp1-weight-cardiometabolic,metadata_only_needs_classification,human,E,retired_from_active_findings,topic_capacity_limit,2026-08-28,Git history and prior public-data snapshots
finding-pubmed-42572896,pubmed-42572896,42572896,10.1080/16549716.2026.2712185,Clustering patterns of behavioral and metabolic risk factors for noncommunicable diseases in Iran: findings from a national STEPS survey.,physical-activity-healthspan,metadata_only_needs_classification,human,E,retired_from_active_findings,title_topic_signal_missing,2026-08-28,Git history and prior public-data snapshots
finding-pubmed-42573030,pubmed-42573030,42573030,10.1002/14651858.CD016380,Glucagon-like peptide-1 receptor agonist-based regimens compared with metformin-based regimens for preventing cardiovascular disease in adults with type 2 diabetes mellitus.,metformin-aging,metadata_only_needs_classification,human,E,retired_from_active_findings,topic_capacity_limit,2026-08-28,Git history and prior public-data snapshots
finding-pubmed-42573264,pubmed-42573264,42573264,10.1128/jvi.00552-26,Intragenic transcription from defective HIV proviruses triggers interferon responses in myeloid cells.,microbiome-inflammaging,mechanistic_or_cell_study,human,E,retired_from_active_findings,title_topic_signal_missing,2026-08-28,Git history and prior public-data snapshots
finding-pubmed-42573448,pubmed-42573448,42573448,10.1080/02640414.2026.2715264,Age-related force output changes in the knee extensors are different to those in the arm flexors.,resistance-training-muscle,metadata_only_needs_classification,human,E,retired_from_active_findings,title_topic_signal_missing,2026-08-28,Git history and prior public-data snapshots
finding-pubmed-42573482,pubmed-42573482,42573482,10.1111/apt.70917,"Screen-Detected Coeliac Disease in a Nationally Representative Cohort: Health Indicators, Long-Term Outcomes and Mortality.",ldl-apob-cardiovascular-risk,human_cohort,human,B,retired_from_active_findings,title_topic_signal_missing,2026-08-28,Git history and prior public-data snapshots
finding-pubmed-42573506,pubmed-42573506,42573506,10.1093/annalsats/aaoag243,No association between smoking and obstructive sleep apnea in men: evidence from middle-aged adults followed into later life.,sleep-aging,metadata_only_needs_classification,human,E,retired_from_active_findings,topic_capacity_limit,2026-08-28,Git history and prior public-data snapshots
finding-pubmed-42573541,pubmed-42573541,42573541,10.1016/j.jacc.2026.07.009,Cognitive Impairment and Frailty in Older Adults With Cardiovascular Disease: 2026 ACC Scientific Statement: A Report of the American College of Cardiology.,resistance-training-muscle,narrative_review,human,E,retired_from_active_findings,topic_capacity_limit,2026-08-28,Git history and prior public-data snapshots
finding-pubmed-42573645,pubmed-42573645,42573645,10.1007/s00223-026-01578-8,Optimal Resistance Exercise Strategies for Improving Bone Mineral Density in Middle-Aged and Older Adults: A Network Meta-Analysis Based on Exercise Intensity and Frequency.,resistance-training-muscle,systematic_review_or_meta_analysis,human,A,retired_from_active_findings,title_topic_signal_missing,2026-08-28,Git history and prior public-data snapshots
finding-pubmed-42573674,pubmed-42573674,42573674,10.1007/s40618-026-03004-0,Perioperative management of GLP-1 receptor agonists: a structured narrative review with considerations relevant to neurosurgical patients.,glp1-weight-cardiometabolic,narrative_review,human,E,retired_from_active_findings,topic_capacity_limit,2026-08-28,Git history and prior public-data snapshots
finding-pubmed-42573766,pubmed-42573766,42573766,10.1007/s00246-026-04418-6,Beyond Passive Congestion: The Inflammatory Gut-Liver Axis in Fontan Circulation.,microbiome-inflammaging,narrative_review,needs_review,E,retired_from_active_findings,title_topic_signal_missing,2026-08-28,Git history and prior public-data snapshots
finding-pubmed-42573807,pubmed-42573807,42573807,10.1007/s00402-026-06459-1,"Factors associated with selection of total hip arthroplasty versus hemiarthroplasty for femoral neck fracture in older adults: a nationwide analysis of 99,084 cases.",resistance-training-muscle,human_cohort,human,B,retired_from_active_findings,title_topic_signal_missing,2026-08-28,Git history and prior public-data snapshots
finding-pubmed-42573814,pubmed-42573814,42573814,10.1007/s00590-026-04905-9,"Early complications after surgery for periprosthetic femoral fractures: incidence, risk factors, and clinical implications.",resistance-training-muscle,metadata_only_needs_classification,human,E,retired_from_active_findings,title_topic_signal_missing,2026-08-28,Git history and prior public-data snapshots
finding-pubmed-42573852,pubmed-42573852,42573852,10.1007/s12035-026-06113-2,Towards Structural Restoration: Epigenetic Reprogramming and Direct Astrocyte-to-Neuron Lineage Conversion as Next-Generation Regenerative Neurotherapeutics.,partial-reprogramming,animal_study,animal,D,retired_from_active_findings,title_topic_signal_missing,2026-08-28,Git history and prior public-data snapshots
finding-pubmed-42573875,pubmed-42573875,42573875,10.1007/s11357-026-02470-x,Chronic subdural hematoma through the hallmarks of aging: a geroscience framework for the commonest neurosurgical condition of older adults.,senolytics,metadata_only_needs_classification,human,E,retired_from_active_findings,title_topic_signal_missing,2026-08-28,Git history and prior public-data snapshots
finding-pubmed-42574005,pubmed-42574005,42574005,10.1093/ntr/ntag174,"Associations of smoking, aging, and their interplay with the gut microbiome and chronic disease risk profiles.",microbiome-inflammaging,metadata_only_needs_classification,human,E,retired_from_active_findings,topic_capacity_limit,2026-08-28,Git history and prior public-data snapshots
finding-pubmed-42574220,pubmed-42574220,42574220,10.1016/j.xpro.2026.104774,Protocol for proteomic profiling of hypusinated protein candidates using a clickable spermidine probe.,autophagy-mitophagy,protocol_or_registered_plan,human,E,retired_from_active_findings,protocol_or_registered_plan,2026-08-28,Git history and prior public-data snapshots
finding-pubmed-42574573,pubmed-42574573,42574573,10.1002/jso.70370,Muscle Quantity Meets Muscle Quality: Integrating Skeletal Muscle Index and Hand Grip Strength to Predict Surgical Risk in Esophago-Gastric Cancer.,resistance-training-muscle,metadata_only_needs_classification,human,E,retired_from_active_findings,topic_capacity_limit,2026-08-28,Git history and prior public-data snapshots
finding-pubmed-42575227,pubmed-42575227,42575227,10.1016/j.ctim.2026.103417,Effectiveness of hyperbaric oxygen in traumatic brain injury patients: A systematic review and meta-analysis.,sleep-aging,systematic_review_or_meta_analysis,human,E,retired_from_active_findings,title_topic_signal_missing,2026-08-28,Git history and prior public-data snapshots
finding-pubmed-42575283,pubmed-42575283,42575283,10.1016/j.ajcnut.2026.101467,Inflammation hinders anabolic potential of nutritional support in cancer: findings from the Protein Recommendation to Increase Muscle (PRIMe) trial.,autophagy-mitophagy,metadata_only_needs_classification,human,E,retired_from_active_findings,title_topic_signal_missing,2026-08-28,Git history and prior public-data snapshots
finding-pubmed-42575369,pubmed-42575369,42575369,10.1016/j.ajogmf.2026.102084,Association between Maternal Nutrition and Preterm Birth: A Scoping Review.,dietary-pattern-longevity,narrative_review,human,E,retired_from_active_findings,topic_capacity_limit,2026-08-28,Git history and prior public-data snapshots
finding-pubmed-42575455,pubmed-42575455,42575455,10.1016/j.bbi.2026.106949,Intermittent fasting alleviates neuropathic pain and cognitive deficits via an Alistipes finegoldii-Hippuric Acid-STING neuroimmune axis.,time-restricted-eating,animal_study,mouse,D,retired_from_active_findings,nonhuman_record_in_human_outcome_topic,2026-08-28,Git history and prior public-data snapshots
finding-pubmed-42575575,pubmed-42575575,42575575,10.1016/j.jcin.2026.04.055,VExUS Score and Hepatorenal Congestion Improvements After Transcatheter Tricuspid Intervention: Clinical and Prognostic Insights.,resistance-training-muscle,metadata_only_needs_classification,human,E,retired_from_active_findings,title_topic_signal_missing,2026-08-28,Git history and prior public-data snapshots
finding-pubmed-42575693,pubmed-42575693,42575693,10.1136/bjsports-2025-111459,Outcomes of cardiovascular screening in professional female football players.,physical-activity-healthspan,metadata_only_needs_classification,needs_review,E,retired_from_active_findings,title_topic_signal_missing,2026-08-28,Git history and prior public-data snapshots
finding-pubmed-42575714,pubmed-42575714,42575714,10.1111/dom.71064,Tirzepatide Persistence and Associated Changes in Clinical Outcomes in US Adults With Obesity or Overweight: A 6-Month Claims Database Analysis.,glp1-weight-cardiometabolic,metadata_only_needs_classification,human,E,retired_from_active_findings,topic_capacity_limit,2026-08-28,Git history and prior public-data snapshots
finding-pubmed-42575845,pubmed-42575845,42575845,10.1111/dom.71181,AI Patient Support and 6-Month Medication Adherence in a Digital Obesity Program: A Retrospective Analysis.,glp1-weight-cardiometabolic,metadata_only_needs_classification,human,E,retired_from_active_findings,title_topic_signal_missing,2026-08-28,Git history and prior public-data snapshots
finding-pubmed-42575886,pubmed-42575886,42575886,10.1038/s41413-026-00568-8,Youthfulness of marrow Adipoq(+) cells maintained by Cbfβ facilitates stem cell-based bone repair.,senolytics,animal_study,mouse,D,retired_from_active_findings,title_topic_signal_missing,2026-08-28,Git history and prior public-data snapshots
finding-pubmed-42576021,pubmed-42576021,42576021,10.1007/s00210-026-05802-y,The role of m(6)A RNA methylation in skeletal muscle pathophysiology and its targeted therapeutic prospects.,resistance-training-muscle,narrative_review,human,E,retired_from_active_findings,title_topic_signal_missing,2026-08-28,Git history and prior public-data snapshots
finding-pubmed-42576025,pubmed-42576025,42576025,10.1038/s43587-026-01197-w,Maladaptive trained immunity as a hematopoietic stem cell driver of inflammaging.,microbiome-inflammaging,metadata_only_needs_classification,cell,E,retired_from_active_findings,topic_capacity_limit,2026-08-28,Git history and prior public-data snapshots
finding-pubmed-42576082,pubmed-42576082,42576082,10.1007/s00464-026-13216-3,Frailty and sarcopenia proxies are associated with postoperative outcomes after abdominal wall reconstruction: a national database analysis.,resistance-training-muscle,metadata_only_needs_classification,human,E,retired_from_active_findings,topic_capacity_limit,2026-08-28,Git history and prior public-data snapshots
finding-pubmed-42576130,pubmed-42576130,42576130,10.1007/s11357-026-02467-6,Preserving joint healthspan in knee osteoarthritis: a geroscience-guided review of non-surgical therapies and genicular artery embolization.,physical-activity-healthspan,narrative_review,human,E,retired_from_active_findings,title_topic_signal_missing,2026-08-28,Git history and prior public-data snapshots
finding-pubmed-42576415,pubmed-42576415,42576415,10.1097/MOT.0000000000001305,Gut microbiota and complications in kidney transplantation: a balancing act between commensal and pathogenic bacteria.,microbiome-inflammaging,metadata_only_needs_classification,human,E,retired_from_active_findings,topic_capacity_limit,2026-08-28,Git history and prior public-data snapshots
finding-pubmed-42576425,pubmed-42576425,42576425,10.1177/10966218261476769,The Prognostic Value of the Clinical Frailty Scale Without Category 9 in Older Adults with Advanced Cancer.,resistance-training-muscle,metadata_only_needs_classification,human,E,retired_from_active_findings,topic_capacity_limit,2026-08-28,Git history and prior public-data snapshots
finding-pubmed-42576448,pubmed-42576448,42576448,10.1210/clinem/dgag321,Management of Cirrhosis in Diabetes: A Pragmatic Approach to the Patient.,metformin-aging,metadata_only_needs_classification,human,E,retired_from_active_findings,title_topic_signal_missing,2026-08-28,Git history and prior public-data snapshots
finding-pubmed-42576608,pubmed-42576608,42576608,10.1515/jpem-2026-0335,Real-world effectiveness of tirzepatide among youth with type 2 diabetes and/or obesity: a multicenter analysis.,glp1-weight-cardiometabolic,metadata_only_needs_classification,human,E,retired_from_active_findings,topic_capacity_limit,2026-08-28,Git history and prior public-data snapshots
finding-pubmed-42576681,pubmed-42576681,42576681,10.1111/jebm.70178,Guideline for the Comprehensive Perioperative Management of Older Patients With Lung Cancer (2025).,resistance-training-muscle,narrative_review,human,E,retired_from_active_findings,title_topic_signal_missing,2026-08-28,Git history and prior public-data snapshots
finding-pubmed-42576719,pubmed-42576719,42576719,10.3346/jkms.2026.41.e203,Risk of Cardiovascular Disease According to Standard Industrial Sectors: A Nationwide Longitudinal Study.,physical-activity-healthspan,human_cohort,human,C,retired_from_active_findings,title_topic_signal_missing,2026-08-28,Git history and prior public-data snapshots
finding-pubmed-42577646,pubmed-42577646,42577646,10.1253/circrep.CR-25-0336,Prognostic Impact of Gait Speed Changes During Hospitalization in Patients Undergoing Transcatheter Aortic Valve Implantation.,resistance-training-muscle,metadata_only_needs_classification,human,E,retired_from_active_findings,title_topic_signal_missing,2026-08-28,Git history and prior public-data snapshots
finding-pubmed-42577720,pubmed-42577720,42577720,10.1155/padi/6914112,Air Pollution and Parkinson's Disease Pathology: Clinical Evidence and the Molecular Mechanisms Linking Airborne Toxicants to Neuroinflammation and Neurodegeneration.,microbiome-inflammaging,narrative_review,cell,E,retired_from_active_findings,title_topic_signal_missing,2026-08-28,Git history and prior public-data snapshots
finding-pubmed-42578314,pubmed-42578314,42578314,10.1111/jgh.70619,"MAFLD/MASLD: Past, Present, and Future.",glp1-weight-cardiometabolic,metadata_only_needs_classification,human,E,retired_from_active_findings,title_topic_signal_missing,2026-08-28,Git history and prior public-data snapshots
finding-pubmed-42578605,pubmed-42578605,42578605,10.1177/17474930261479041,"Factors associated with the presence, and longitudinal progression of, perivascular spaces: An exposome-wide analysis in the UK Biobank.",blood-pressure-aging,metadata_only_needs_classification,human,E,retired_from_active_findings,title_topic_signal_missing,2026-08-28,Git history and prior public-data snapshots
finding-pubmed-42578670,pubmed-42578670,42578670,10.1128/spectrum.03153-24,Exploring the hypothetical role of Bacteroides species in depression progression: insights from metagenomic analysis.,microbiome-inflammaging,metadata_only_needs_classification,human,E,retired_from_active_findings,title_topic_signal_missing,2026-08-28,Git history and prior public-data snapshots
finding-pubmed-42578715,pubmed-42578715,42578715,10.1002/anie.3768019,Decoding Atypical G-Quadruplexes and Their Interactome in Liquid Biopsies via Integrated Electroanalytical-Proteomic Technologies.,resistance-training-muscle,metadata_only_needs_classification,human,E,retired_from_active_findings,title_topic_signal_missing,2026-08-28,Git history and prior public-data snapshots
finding-pubmed-42578920,pubmed-42578920,42578920,10.1080/15502783.2026.2716273,"Effects of creatine supplementation with and without exercise and diet intervention on body composition, cognitive function, and markers of health in middle-aged and older adults.",resistance-training-muscle,human_randomized_or_clinical_trial,human,C,retired_from_active_findings,title_topic_signal_missing,2026-08-28,Git history and prior public-data snapshots
finding-pubmed-42578966,pubmed-42578966,42578966,10.1093/eurheartj/ehag598,Vitronectin-driven amyloid deposition disrupts mitochondrial homeostasis via integrin-mediated pathway in a humanized mouse model of transthyretin cardiac amyloidosis.,autophagy-mitophagy,animal_study,mouse,D,retired_from_active_findings,title_topic_signal_missing,2026-08-28,Git history and prior public-data snapshots
finding-pubmed-42578984,pubmed-42578984,42578984,10.1007/s00345-026-06669-7,Frailty and comorbidity surpass probable sarcopenia in predicting survival of mCRPC patients treated with first-line ARPIs: a comprehensive geriatric analysis.,resistance-training-muscle,metadata_only_needs_classification,human,E,retired_from_active_findings,topic_capacity_limit,2026-08-28,Git history and prior public-data snapshots
finding-pubmed-42579011,pubmed-42579011,42579011,10.1007/s00198-026-08177-1,Romosozumab in older adults: real-world patterns in fracture liaison service cohort.,resistance-training-muscle,human_cohort,human,B,retired_from_active_findings,title_topic_signal_missing,2026-08-28,Git history and prior public-data snapshots
finding-pubmed-42579102,pubmed-42579102,42579102,10.1021/acs.est.6c05454,Transcriptomic Insights into the Life-History and Population Responses of Brachionus plicatilis to Artificial Light at Night.,autophagy-mitophagy,metadata_only_needs_classification,human,E,retired_from_active_findings,title_topic_signal_missing,2026-08-28,Git history and prior public-data snapshots
finding-pubmed-42579141,pubmed-42579141,42579141,10.1007/s00103-026-04280-0,[Physical functioning and frailty in very old age in Germany].,resistance-training-muscle,metadata_only_needs_classification,human,E,retired_from_active_findings,topic_capacity_limit,2026-08-28,Git history and prior public-data snapshots
finding-pubmed-42579327,pubmed-42579327,42579327,10.1093/eurjpc/zwag412,Beta-blocker therapy and physical activity after myocardial infarction: a preplanned sub-study of the BETAMI trial.,physical-activity-healthspan,metadata_only_needs_classification,human,E,retired_from_active_findings,topic_capacity_limit,2026-08-28,Git history and prior public-data snapshots
finding-pubmed-42579771,pubmed-42579771,42579771,10.1097/HC9.0000000000001032,Micronutrient deficiencies in ambulatory adults with cirrhosis.,resistance-training-muscle,metadata_only_needs_classification,human,E,retired_from_active_findings,title_topic_signal_missing,2026-08-28,Git history and prior public-data snapshots
finding-pubmed-42579881,pubmed-42579881,42579881,10.18632/aging.206407,Metformin at the convergence of aging and longevity.,metformin-aging,narrative_review,human,E,retired_from_active_findings,topic_capacity_limit,2026-08-28,Git history and prior public-data snapshots
finding-pubmed-42580251,pubmed-42580251,42580251,10.1016/j.gerinurse.2026.104231,"The effects of mini-trampoline-Theraband and balance board-Theraband training on balance, fear of falling, functional strength and gait speed in older adults men.",resistance-training-muscle,metadata_only_needs_classification,human,E,retired_from_active_findings,title_topic_signal_missing,2026-08-28,Git history and prior public-data snapshots
finding-pubmed-42580514,pubmed-42580514,42580514,10.1016/j.yjmcc.2026.08.005,Cardiometabolic stress induces HFpEF with impaired bioenergetics and disrupted proteostasis in aged female mice.,autophagy-mitophagy,animal_study,mouse,D,retired_from_active_findings,title_topic_signal_missing,2026-08-28,Git history and prior public-data snapshots
finding-pubmed-42580587,pubmed-42580587,42580587,10.1016/j.jhepr.2026.101993,EQ-5D Health Utility Gains with Once-Weekly Semaglutide 2.4 mg in People with MASH and F2/F3 Fibrosis: An Analysis of ESSENCE.,glp1-weight-cardiometabolic,metadata_only_needs_classification,human,E,retired_from_active_findings,topic_capacity_limit,2026-08-28,Git history and prior public-data snapshots
finding-pubmed-42580589,pubmed-42580589,42580589,10.1016/j.clnesp.2026.105021,"Pre-procedural nutritional, metabolic, and inflammatory markers associated with survival after percutaneous endoscopic gastrostomy: A retrospective cohort study.",resistance-training-muscle,human_cohort,human,B,retired_from_active_findings,title_topic_signal_missing,2026-08-28,Git history and prior public-data snapshots
finding-pubmed-42580598,pubmed-42580598,42580598,10.1016/j.arr.2026.103296,"Clonal hematopoiesis of undetermined potential as an emerging determinant of inflammageing, and age-related diseases: Potential role as biomarker and target.",microbiome-inflammaging,narrative_review,human,E,retired_from_active_findings,title_topic_signal_missing,2026-08-28,Git history and prior public-data snapshots
finding-pubmed-42580599,pubmed-42580599,42580599,10.1016/j.arr.2026.103294,Plant-derived extracellular vesicles (PDEVs) in anti-aging research: A review of biomedical characteristics and therapeutic applications.,microbiome-inflammaging,animal_study,animal,D,retired_from_active_findings,title_topic_signal_missing,2026-08-28,Git history and prior public-data snapshots
finding-pubmed-42580608,pubmed-42580608,42580608,10.1016/j.cca.2026.121260,suPAR as a circulating inflammatory biomarker: time for translation into clinical practice - A systematic review.,microbiome-inflammaging,systematic_review_or_meta_analysis,human,A,retired_from_active_findings,title_topic_signal_missing,2026-08-28,Git history and prior public-data snapshots
finding-pubmed-42580624,pubmed-42580624,42580624,10.1016/j.cbpa.2026.112061,Review: The African turquoise killifish as a model for the integrative physiology of vertebrate aging.,microbiome-inflammaging,narrative_review,needs_review,E,retired_from_active_findings,title_topic_signal_missing,2026-08-28,Git history and prior public-data snapshots
finding-pubmed-42580772,pubmed-42580772,42580772,10.1136/bmj-2026-100216,"Evidence based interventions for bipolar disorder across phases and age groups: living umbrella review, evaluation, analysis, and communication hub (U-REACH) project.",physical-activity-healthspan,systematic_review_or_meta_analysis,human,E,retired_from_active_findings,title_topic_signal_missing,2026-08-28,Git history and prior public-data snapshots
finding-pubmed-42580826,pubmed-42580826,42580826,10.1136/bmjopen-2026-116399,Multiple long-term conditions and their association with quality of life and healthcare utilisation among adults in India: a cross-sectional analysis of WHO SAGE Waves 2 and 3.,blood-pressure-aging,metadata_only_needs_classification,human,E,retired_from_active_findings,title_topic_signal_missing,2026-08-28,Git history and prior public-data snapshots
finding-pubmed-42580835,pubmed-42580835,42580835,10.1136/bmjopen-2026-120427,"Obesity management for kidney TRANSPLANTation: protocol for the vanguard phase of an innovative randomised controlled trial, embedded in routine care (OK-TRANSPLANT 2).",glp1-weight-cardiometabolic,protocol_or_registered_plan,human,E,retired_from_active_findings,protocol_or_registered_plan,2026-08-28,Git history and prior public-data snapshots
finding-pubmed-42580908,pubmed-42580908,42580908,10.1016/j.ejim.2026.107117,Personalizing cardiovascular prevention in chronic kidney disease: an operational framework for risk-treatment mapping.,resistance-training-muscle,narrative_review,human,E,retired_from_active_findings,title_topic_signal_missing,2026-08-28,Git history and prior public-data snapshots
finding-pubmed-42580909,pubmed-42580909,42580909,10.1016/j.ejim.2026.107130,Sex and gender specific considerations on frailty: what have we learned?,resistance-training-muscle,narrative_review,human,E,retired_from_active_findings,topic_capacity_limit,2026-08-28,Git history and prior public-data snapshots
finding-pubmed-42581264,pubmed-42581264,42581264,10.1007/s11914-026-00977-y,A Review of Rejuvenation Strategies Targeting Mesenchymal Stem Cell Senescence and Their Impact on Bone Health and Regeneration.,senolytics,narrative_review,human,E,retired_from_active_findings,title_topic_signal_missing,2026-08-28,Git history and prior public-data snapshots
finding-pubmed-42581283,pubmed-42581283,42581283,10.1007/s00415-026-14056-w,Association between mild action tremor and cognition in community dwelling older adults: results from the KORA-Age study.,resistance-training-muscle,metadata_only_needs_classification,human,E,retired_from_active_findings,title_topic_signal_missing,2026-08-28,Git history and prior public-data snapshots
finding-pubmed-42581286,pubmed-42581286,42581286,10.1007/s00784-026-07076-3,"Associations between the oral microbiome, age, and cumulative dental caries experience: a cross-sectional study.",microbiome-inflammaging,metadata_only_needs_classification,human,E,retired_from_active_findings,topic_capacity_limit,2026-08-28,Git history and prior public-data snapshots
finding-pubmed-42581431,pubmed-42581431,42581431,10.1111/dom.71209,Association of GLP-1 Receptor Agonist Use With Cardiovascular Outcomes and Mortality in Japanese Patients With Type 2 Diabetes: A Real-World Claims Database Study.,glp1-weight-cardiometabolic,metadata_only_needs_classification,human,E,retired_from_active_findings,topic_capacity_limit,2026-08-28,Git history and prior public-data snapshots
finding-pubmed-42581575,pubmed-42581575,42581575,10.4235/agmr.26.0149,Current Knowledge and Gaps in Geriatric Rehabilitation among Physical and Rehabilitation Medicine specialists.,resistance-training-muscle,metadata_only_needs_classification,human,E,retired_from_active_findings,title_topic_signal_missing,2026-08-28,Git history and prior public-data snapshots
finding-pubmed-42581634,pubmed-42581634,42581634,10.1111/dom.71184,Quality of Diabetes Care Among Older Adults in Germany-Results of the Study on Health of Older People 2022/2023 Compared With Previous National Health Surveys.,blood-pressure-aging,metadata_only_needs_classification,human,E,retired_from_active_findings,title_topic_signal_missing,2026-08-28,Git history and prior public-data snapshots
finding-pubmed-42581816,pubmed-42581816,42581816,10.1093/cvr/cvag169,Timing of food intake impacts cardiovascular and neuroendocrine physiology and risk of disease.,time-restricted-eating,metadata_only_needs_classification,human,E,retired_from_active_findings,title_topic_signal_missing,2026-08-28,Git history and prior public-data snapshots
finding-pubmed-42582286,pubmed-42582286,42582286,10.1177/15357597261474773,Frailty and Late-Onset Epilepsy: Two Clinical Faces of Biological Aging?,resistance-training-muscle,metadata_only_needs_classification,needs_review,E,retired_from_active_findings,topic_capacity_limit,2026-08-28,Git history and prior public-data snapshots
finding-pubmed-42582476,pubmed-42582476,42582476,10.1007/s40200-026-02046-8,Relationship between cardiometabolic alterations and frailty in Brazilian urban and rural older adults.,resistance-training-muscle,metadata_only_needs_classification,human,E,retired_from_active_findings,topic_capacity_limit,2026-08-28,Git history and prior public-data snapshots
finding-pubmed-42582577,pubmed-42582577,42582577,10.1177/2689288X261448726,Natural History and Clinical Associations of Plasma Interleukin-6 Levels in Traumatic Brain Injury.,physical-activity-healthspan,metadata_only_needs_classification,human,E,retired_from_active_findings,title_topic_signal_missing,2026-08-28,Git history and prior public-data snapshots
finding-pubmed-42583874,pubmed-42583874,42583874,10.1093/joneph/aajag120,Association between sarcopenia and inflammation in non-geriatric patients with chronic kidney disease: a comparison of hemodialysis and non-hemodialysis patients.,resistance-training-muscle,metadata_only_needs_classification,human,E,retired_from_active_findings,topic_capacity_limit,2026-08-28,Git history and prior public-data snapshots
finding-pubmed-42583989,pubmed-42583989,42583989,10.1016/j.jacc.2026.05.050,Risk Reclassification Beyond BMI by Waist Circumference and Waist-to-Hip Ratio Across 9 Cardiovascular Outcomes: Results From the Cross-Cohort Collaboration.,blood-pressure-aging,human_cohort,human,B,retired_from_active_findings,title_topic_signal_missing,2026-08-28,Git history and prior public-data snapshots
finding-pubmed-42583991,pubmed-42583991,42583991,10.1016/j.jacc.2026.06.024,Cardiovascular Prevention and the Implementation Gap in GLP-1 Receptor Agonist Therapies: After the Trials.,glp1-weight-cardiometabolic,metadata_only_needs_classification,human,E,retired_from_active_findings,topic_capacity_limit,2026-08-28,Git history and prior public-data snapshots
finding-pubmed-42584027,pubmed-42584027,42584027,10.1002/lary.70808,Association of Glucagon-Like Peptide-1 Receptor Analogues and Laryngeal Symptoms in Obese Adults.,glp1-weight-cardiometabolic,human_cohort,human,C,retired_from_active_findings,title_topic_signal_missing,2026-08-28,Git history and prior public-data snapshots
finding-pubmed-42584776,pubmed-42584776,42584776,10.1007/s10029-026-03802-8,Emergency repair of incarcerated groin hernias in older adults: a retrospective cohort study of outcomes.,resistance-training-muscle,human_cohort,human,B,retired_from_active_findings,title_topic_signal_missing,2026-08-28,Git history and prior public-data snapshots
finding-pubmed-42584792,pubmed-42584792,42584792,10.1007/s41999-026-01568-x,Fall-Risk-Increasing drugs and falls in community-dwelling older adults: a prospective cohort study in a single Danish municipality.,resistance-training-muscle,human_cohort,human,B,retired_from_active_findings,title_topic_signal_missing,2026-08-28,Git history and prior public-data snapshots
finding-pubmed-42584805,pubmed-42584805,42584805,10.1007/s43678-026-01232-0,Planning the development of an AI-driven decision support architecture for the recognition of sudden cardiac arrest by 9-1-1 telecommunicators: report of a community engagement and brainstorming meeting.,physical-activity-healthspan,metadata_only_needs_classification,human,E,retired_from_active_findings,title_topic_signal_missing,2026-08-28,Git history and prior public-data snapshots
finding-pubmed-42584814,pubmed-42584814,42584814,10.1007/s12072-026-11138-9,Comparative risk of hepatocellular carcinoma and mortality among initiators of GLP-1 receptor agonists versus other glucose-lowering therapies: a target trial emulation.,metformin-aging,metadata_only_needs_classification,human,E,retired_from_active_findings,title_topic_signal_missing,2026-08-28,Git history and prior public-data snapshots
finding-pubmed-42585123,pubmed-42585123,42585123,10.1172/jci.insight.206714,Chronic Hypertension Impairs Lymphatic Drainage in Deep Cervical Lymph Nodes.,blood-pressure-aging,animal_study,animal,D,retired_from_active_findings,nonhuman_record_in_human_outcome_topic,2026-08-28,Git history and prior public-data snapshots
finding-pubmed-42585167,pubmed-42585167,42585167,10.1371/journal.pone.0354234,DELTA: Strengthening human biological resilience with an N=1 digital health and dynamic biomarker protocol.,time-restricted-eating,protocol_or_registered_plan,human,E,retired_from_active_findings,protocol_or_registered_plan,2026-08-28,Git history and prior public-data snapshots
finding-pubmed-42585188,pubmed-42585188,42585188,10.1371/journal.pone.0355745,Effect of reused litter on early cecal microbiota succession and the immune cells distribution in layer chickens.,microbiome-inflammaging,metadata_only_needs_classification,human,E,retired_from_active_findings,topic_capacity_limit,2026-08-28,Git history and prior public-data snapshots
finding-pubmed-42585191,pubmed-42585191,42585191,10.1371/journal.pone.0350296,"Trends and projections of IHD burden attributable to dietary high sodium and kidney dysfunction in G20 countries, 1990-2050.",blood-pressure-aging,metadata_only_needs_classification,human,E,retired_from_active_findings,title_topic_signal_missing,2026-08-28,Git history and prior public-data snapshots
finding-pubmed-42585237,pubmed-42585237,42585237,10.1371/journal.pone.0354978,External validation of model predicting healthcare costs using cohort study-derived and claims-derived predictor variables in community-dwelling older adults.,resistance-training-muscle,human_cohort,human,B,retired_from_active_findings,title_topic_signal_missing,2026-08-28,Git history and prior public-data snapshots
finding-pubmed-42585302,pubmed-42585302,42585302,10.1126/sciadv.aee9000,Phage-encoded NARP3 system rebuilds NAD(+) to subvert bacterial immunity.,nad-nmn-nr-aging,metadata_only_needs_classification,needs_review,E,retired_from_active_findings,title_topic_signal_missing,2026-08-28,Git history and prior public-data snapshots
finding-pubmed-42585547,pubmed-42585547,42585547,10.1097/JCN.0000000000001373,Nurse-Led Algorithm-Based Early Mobilization Protocol for Reducing Post-Intensive Care Syndrome in Intensive Care Unit Patients: A Randomized Controlled Trial.,sleep-aging,protocol_or_registered_plan,human,E,retired_from_active_findings,protocol_or_registered_plan,2026-08-28,Git history and prior public-data snapshots
finding-pubmed-42585576,pubmed-42585576,42585576,10.1097/JCN.0000000000001374,Behavioral Versus Pharmacologic Strategies in Cardiovascular Prevention: A Systematic Review and Meta-analysis.,physical-activity-healthspan,systematic_review_or_meta_analysis,human,A,retired_from_active_findings,title_topic_signal_missing,2026-08-28,Git history and prior public-data snapshots
finding-pubmed-42585629,pubmed-42585629,42585629,10.1097/ALN.0000000000006326,Preoperative Glucagon-Like Peptide-1 Receptor Agonists and Postoperative Outcomes: An Observational Analysis.,metformin-aging,metadata_only_needs_classification,human,E,retired_from_active_findings,title_topic_signal_missing,2026-08-28,Git history and prior public-data snapshots
finding-pubmed-42585667,pubmed-42585667,42585667,10.18632/aging.206401,"TMAO is associated with higher age, cardiometabolic risk factors and degenerative alterations of the brain in healthy elderly adults.",microbiome-inflammaging,metadata_only_needs_classification,human,E,retired_from_active_findings,title_topic_signal_missing,2026-08-28,Git history and prior public-data snapshots
finding-pubmed-42585732,pubmed-42585732,42585732,10.1016/j.gerinurse.2026.104208,Association between oral health conditions and body composition in patients aged 60 years or older attending sarcopenia and malnutrition clinic.,resistance-training-muscle,metadata_only_needs_classification,human,E,retired_from_active_findings,topic_capacity_limit,2026-08-28,Git history and prior public-data snapshots
finding-pubmed-42585858,pubmed-42585858,42585858,10.1016/j.jnha.2026.100946,Dietary patterns and gut microbial clusters jointly stratify frailty in community-dwelling older Japanese adults: a cross-sectional study in the Kyotango longevity area.,resistance-training-muscle,metadata_only_needs_classification,human,E,retired_from_active_findings,topic_capacity_limit,2026-08-28,Git history and prior public-data snapshots
finding-pubmed-42585867,pubmed-42585867,42585867,10.1016/j.jnha.2026.100938,Phase angle and ultrasonographic muscle thickness are potential methods to assess 30-day mortality risk in older adults with hip fractures.,resistance-training-muscle,human_cohort,human,B,retired_from_active_findings,title_topic_signal_missing,2026-08-28,Git history and prior public-data snapshots
finding-pubmed-42586072,pubmed-42586072,42586072,10.1016/j.medj.2026.101261,Engineered mesenchymal stem cells regulate integrated stress response for fibrosis therapy.,nad-nmn-nr-aging,metadata_only_needs_classification,human,E,retired_from_active_findings,title_topic_signal_missing,2026-08-28,Git history and prior public-data snapshots
finding-pubmed-42586245,pubmed-42586245,42586245,10.1016/j.arr.2026.103301,Targeting the hallmarks of ageing: Pharmacological challenges and breakthroughs in CRISPR delivery systems and future prospects.,microbiome-inflammaging,narrative_review,human,E,retired_from_active_findings,title_topic_signal_missing,2026-08-28,Git history and prior public-data snapshots
finding-pubmed-42586246,pubmed-42586246,42586246,10.1016/j.arr.2026.103288,"From food to function: Nutraceutical-based modulation of mitochondrial, inflammatory and epigenetic networks in retinal neurodegeneration.",microbiome-inflammaging,narrative_review,cell,E,retired_from_active_findings,title_topic_signal_missing,2026-08-28,Git history and prior public-data snapshots
finding-pubmed-42586261,pubmed-42586261,42586261,10.1016/j.jiac.2026.103051,Development and validation of the N-DROP score: A penalized logistic regression model for predicting 30-day in-hospital mortality in patients with nursing- and healthcare-associated pneumonia.,resistance-training-muscle,metadata_only_needs_classification,human,E,retired_from_active_findings,title_topic_signal_missing,2026-08-28,Git history and prior public-data snapshots
finding-pubmed-42586387,pubmed-42586387,42586387,10.1016/j.exger.2026.113279,"Age-associated inflammation is accompanied by JAK1-STAT1 signaling activation, megakaryocyte apoptosis, and enhanced thrombopoiesis in naturally aged mice.",klotho-il11-aging,animal_study,mouse,D,retired_from_active_findings,title_topic_signal_missing,2026-08-28,Git history and prior public-data snapshots
finding-pubmed-42586458,pubmed-42586458,42586458,10.1016/j.cpcardiol.2026.103423,From pathobiology to prescribing in obesity-driven HFpEF: A systematic review and practical therapeutic framework.,glp1-weight-cardiometabolic,systematic_review_or_meta_analysis,needs_review,E,retired_from_active_findings,title_topic_signal_missing,2026-08-28,Git history and prior public-data snapshots
finding-pubmed-42586460,pubmed-42586460,42586460,10.1016/j.cpcardiol.2026.103421,Pulse wave velocity and autonomic modulation across physical activity levels in youth: Evidence from the epi-family health study.,physical-activity-healthspan,narrative_review,human,E,retired_from_active_findings,topic_capacity_limit,2026-08-28,Git history and prior public-data snapshots
finding-pubmed-42586582,pubmed-42586582,42586582,10.1136/bmjoq-2026-004174,Development of a checklist to support management of older patients with Clostridioides difficile infection.,resistance-training-muscle,metadata_only_needs_classification,human,E,retired_from_active_findings,title_topic_signal_missing,2026-08-28,Git history and prior public-data snapshots
finding-pubmed-42586611,pubmed-42586611,42586611,10.1136/lupus-2026-002282,The lupus damage index revision program: Results from the item generation and reduction phases.,physical-activity-healthspan,narrative_review,human,E,retired_from_active_findings,title_topic_signal_missing,2026-08-28,Git history and prior public-data snapshots
finding-pubmed-42586925,pubmed-42586925,42586925,10.1016/j.ejim.2026.107126,"""Hospital-at-home and 30-day readmission among clinically eligible patients: a prospective cohort study with a capacity-constrained comparator group"".",resistance-training-muscle,human_cohort,human,B,retired_from_active_findings,title_topic_signal_missing,2026-08-28,Git history and prior public-data snapshots
finding-pubmed-42587018,pubmed-42587018,42587018,10.1038/s41366-026-02187-z,Epigenetic age acceleration and metabolic syndrome among Hispanic/Latino adults: Hispanic Community Health Study/Study of Latinos (HCHS/SOL).,blood-pressure-aging,metadata_only_needs_classification,human,E,retired_from_active_findings,title_topic_signal_missing,2026-08-28,Git history and prior public-data snapshots
finding-pubmed-42587039,pubmed-42587039,42587039,10.1038/s12276-026-01804-1,Meloxicam protects against muscle and metabolic decline in ageing through Cdon restoration and oxidative stress modulation.,resistance-training-muscle,animal_study,mouse,D,retired_from_active_findings,title_topic_signal_missing,2026-08-28,Git history and prior public-data snapshots
finding-pubmed-42587158,pubmed-42587158,42587158,10.1038/s41586-026-10922-9,Maternal influences on infant gut microbiome and health.,microbiome-inflammaging,metadata_only_needs_classification,human,E,retired_from_active_findings,topic_capacity_limit,2026-08-28,Git history and prior public-data snapshots
finding-pubmed-42587225,pubmed-42587225,42587225,10.1007/s40256-026-00811-x,Evaluating the Impact of Stair Climbing on Cardiovascular Risk Reduction: A Systematic Review and Meta-analysis.,physical-activity-healthspan,systematic_review_or_meta_analysis,human,A,retired_from_active_findings,title_topic_signal_missing,2026-08-28,Git history and prior public-data snapshots
finding-pubmed-42587241,pubmed-42587241,42587241,10.1007/s10519-026-10277-x,Selective Breeding for Voluntary Wheel-Running Behavior in Mice is not Associated with Reduced Lifetime Reproductive Success or Lifespan Under Long-Term Paired Breeding Conditions.,physical-activity-healthspan,animal_study,mouse,D,retired_from_active_findings,title_topic_signal_missing,2026-08-28,Git history and prior public-data snapshots
finding-pubmed-42587247,pubmed-42587247,42587247,10.1111/jgs.70660,Frailty and Five-Year Mortality After TAVR in Patients Aged 75 Years and Older.,resistance-training-muscle,metadata_only_needs_classification,human,E,retired_from_active_findings,topic_capacity_limit,2026-08-28,Git history and prior public-data snapshots
finding-pubmed-42587261,pubmed-42587261,42587261,10.1007/s11357-026-02454-x,Lifestyle correlates of verbal memory in community-dwelling older adults.,sleep-aging,metadata_only_needs_classification,human,E,retired_from_active_findings,title_topic_signal_missing,2026-08-28,Git history and prior public-data snapshots
finding-pubmed-42587349,pubmed-42587349,42587349,10.1111/dom.71174,SGLT2 Inhibitors and Outcomes in Elderly Patients With Chronic Kidney Disease: A Narrative Review.,resistance-training-muscle,narrative_review,human,E,retired_from_active_findings,title_topic_signal_missing,2026-08-28,Git history and prior public-data snapshots
finding-pubmed-42587397,pubmed-42587397,42587397,10.1002/lary.70806,ACDF Impact on Aerodigestive Function and Obstructive Sleep Apnea: A Scoping Review.,sleep-aging,narrative_review,human,E,retired_from_active_findings,topic_capacity_limit,2026-08-28,Git history and prior public-data snapshots
finding-pubmed-42590970,pubmed-42590970,42590970,10.1002/ajh.70456,Development and Validation of a Novel Geriatric Risk Score for Prognostication in Older Patients With Hodgkin Lymphoma: A Multicenter Retrospective Study.,resistance-training-muscle,metadata_only_needs_classification,human,E,retired_from_active_findings,title_topic_signal_missing,2026-08-28,Git history and prior public-data snapshots
finding-pubmed-42591629,pubmed-42591629,42591629,10.1007/s13205-026-05017-1,Study on the mosquitocidal mechanism of microencapsulated natural plant extracts based on gut microbiota regulation.,microbiome-inflammaging,metadata_only_needs_classification,human,E,retired_from_active_findings,topic_capacity_limit,2026-08-28,Git history and prior public-data snapshots
finding-pubmed-42591669,pubmed-42591669,42591669,10.1177/11795549261478177,Molecular Mechanisms and Biomarkers Driving the Transition From Chronic Atrophic Gastritis to Gastric Cancer.,microbiome-inflammaging,narrative_review,human,E,retired_from_active_findings,title_topic_signal_missing,2026-08-28,Git history and prior public-data snapshots
finding-pubmed-42592761,pubmed-42592761,42592761,10.1093/intimm/dxag042,Healthy ageing: The struggle for maintaining T cells young.,microbiome-inflammaging,metadata_only_needs_classification,human,E,retired_from_active_findings,title_topic_signal_missing,2026-08-28,Git history and prior public-data snapshots
finding-pubmed-42592825,pubmed-42592825,42592825,10.1093/joneph/aajag207,Prevalence of Chronic Kidney Disease in Hospitalized Patients in Internal Medicine Wards in Greece: The CKD-HOP Point Prevalence Study.,blood-pressure-aging,metadata_only_needs_classification,human,E,retired_from_active_findings,title_topic_signal_missing,2026-08-28,Git history and prior public-data snapshots
finding-pubmed-42592943,pubmed-42592943,42592943,10.1177/15394492261476577,Culturally Meaningful Leisure Among Caribbean Diaspora Older Adults in the United States: A Qualitative Study.,physical-activity-healthspan,metadata_only_needs_classification,human,E,retired_from_active_findings,title_topic_signal_missing,2026-08-28,Git history and prior public-data snapshots
finding-pubmed-42593027,pubmed-42593027,42593027,10.65868/BOTN7628,[Maxillomandibular advancement].,sleep-aging,metadata_only_needs_classification,human,E,retired_from_active_findings,title_topic_signal_missing,2026-08-28,Git history and prior public-data snapshots
finding-pubmed-42593080,pubmed-42593080,42593080,10.1177/15589447261475385,Clinical Characteristics of Concomitant Versus Isolated Carpal and Cubital Tunnel Syndromes: A Prospective Cohort Study.,resistance-training-muscle,human_cohort,human,C,retired_from_active_findings,title_topic_signal_missing,2026-08-28,Git history and prior public-data snapshots
finding-pubmed-42593123,pubmed-42593123,42593123,10.1177/02692155261478022,"Multiple-adverse health conditions, mental health, and health-related quality of life in stroke survivors: Latent profile analysis and mediation analysis.",resistance-training-muscle,metadata_only_needs_classification,human,E,retired_from_active_findings,title_topic_signal_missing,2026-08-28,Git history and prior public-data snapshots
finding-pubmed-42593220,pubmed-42593220,42593220,10.4103/aam.aam_87_26,Predictors of Postoperative Delirium in Elderly Patients Undergoing Hemiarthroplasty for Intertrochanteric Femur Fractures: A Prospective Observational Study.,resistance-training-muscle,metadata_only_needs_classification,human,E,retired_from_active_findings,title_topic_signal_missing,2026-08-28,Git history and prior public-data snapshots
finding-pubmed-42593274,pubmed-42593274,42593274,10.1177/02184923261424607,"The role of visceral debranching in hybrid thoracoabdominal aortic aneurysm repair: A narrative review of indications, techniques, and outcomes.",resistance-training-muscle,narrative_review,human,E,retired_from_active_findings,title_topic_signal_missing,2026-08-28,Git history and prior public-data snapshots
finding-pubmed-42593514,pubmed-42593514,42593514,10.1007/s00421-026-06390-8,Low-frequency resistance training enhances 2D strain-derived carotid strain and strain rate: a novel longitudinal application of strain imaging in healthy middle-aged females.,resistance-training-muscle,metadata_only_needs_classification,human,E,retired_from_active_findings,topic_capacity_limit,2026-08-28,Git history and prior public-data snapshots
finding-pubmed-42593551,pubmed-42593551,42593551,10.1007/s12640-026-00819-w,Metformin Enhances Antioxidant Defenses and Limits Lipid Peroxidation Through the Modulation of Nrf2/KEAP1 Pathway in Hippocampal Neurons Exposed to Amyloid-β Oligomers.,metformin-aging,animal_study,animal,D,retired_from_active_findings,nonhuman_record_in_human_outcome_topic,2026-08-28,Git history and prior public-data snapshots
finding-pubmed-42593604,pubmed-42593604,42593604,10.1007/s11883-026-01450-y,Exercise and Cardiovascular Risk Modulation in Post-COVID Syndrome.,resistance-training-muscle,narrative_review,human,E,retired_from_active_findings,title_topic_signal_missing,2026-08-28,Git history and prior public-data snapshots
finding-pubmed-42593661,pubmed-42593661,42593661,10.1007/s10597-026-01707-5,"Pain, Frailty, and Substance Use as Predictors of Spirituality and Religiosity in Older Adults with Serious Mental Illness.",resistance-training-muscle,metadata_only_needs_classification,human,E,retired_from_active_findings,topic_capacity_limit,2026-08-28,Git history and prior public-data snapshots
finding-pubmed-42593960,pubmed-42593960,42593960,10.18632/aging.206408,Indy reduction decreases aging-related dysbiosis in Drosophila.,resistance-training-muscle,metadata_only_needs_classification,cell,E,retired_from_active_findings,title_topic_signal_missing,2026-08-28,Git history and prior public-data snapshots
finding-pubmed-42594045,pubmed-42594045,42594045,10.1159/000552588,Nutritional Status as Predictor for Mortality in Older Adults With Acute Kidney Injury.,resistance-training-muscle,human_cohort,human,B,retired_from_active_findings,title_topic_signal_missing,2026-08-28,Git history and prior public-data snapshots
finding-pubmed-42594084,pubmed-42594084,42594084,10.1371/journal.pone.0354497,"Gastroparesis induced by glucagon-like peptide-1 receptor agonists: A systematic review of clinical features, diagnosis, management, and outcomes.",glp1-weight-cardiometabolic,systematic_review_or_meta_analysis,human,E,retired_from_active_findings,title_topic_signal_missing,2026-08-28,Git history and prior public-data snapshots
finding-pubmed-42594610,pubmed-42594610,42594610,10.1016/j.gerinurse.2026.104204,Motor-cognitive interventions for older adults with cognitive frailty: A scoping review.,resistance-training-muscle,narrative_review,human,E,retired_from_active_findings,topic_capacity_limit,2026-08-28,Git history and prior public-data snapshots
finding-pubmed-42595186,pubmed-42595186,42595186,10.1016/j.arr.2026.103300,"Thymus regeneration in countering immunosenescence: Mechanisms, strategies and future perspectives.",microbiome-inflammaging,narrative_review,human,E,retired_from_active_findings,title_topic_signal_missing,2026-08-28,Git history and prior public-data snapshots
finding-pubmed-42595648,pubmed-42595648,42595648,10.1016/j.ejim.2026.107121,Identification and management of sarcopenia in patients with multimorbidity: An EFIM critically appraised and adapted guideline.,resistance-training-muscle,narrative_review,human,E,retired_from_active_findings,topic_capacity_limit,2026-08-28,Git history and prior public-data snapshots
finding-pubmed-42595666,pubmed-42595666,42595666,10.1016/j.eimce.2026.503263,Clinical applications of point-of-care ultrasound for infectious diseases in older adults.,resistance-training-muscle,narrative_review,human,E,retired_from_active_findings,title_topic_signal_missing,2026-08-28,Git history and prior public-data snapshots
finding-pubmed-42595770,pubmed-42595770,42595770,10.1038/s41366-026-02190-4,Adherence to the Eatwell Guide and associations with markers of adiposity: a prospective analysis within the UK Biobank cohort.,physical-activity-healthspan,human_cohort,human,C,retired_from_active_findings,title_topic_signal_missing,2026-08-28,Git history and prior public-data snapshots
finding-pubmed-42596030,pubmed-42596030,42596030,10.1111/jgs.70653,Bridging the Implementation Gap: Barriers to Frailty Assessment in Outpatient Clinics.,resistance-training-muscle,metadata_only_needs_classification,human,E,retired_from_active_findings,topic_capacity_limit,2026-08-28,Git history and prior public-data snapshots
finding-pubmed-42596069,pubmed-42596069,42596069,10.1002/adhm.71590,3D-Printable and Bioelectronic-Compatible Graphene-Reinforced PLA Nanocomposites Rejuvenate Aged Bone Regeneration Through Glycolytic Reprogramming.,microbiome-inflammaging,animal_study,animal,D,retired_from_active_findings,title_topic_signal_missing,2026-08-28,Git history and prior public-data snapshots
finding-pubmed-42596071,pubmed-42596071,42596071,10.1080/15548627.2026.2704442,An expanding role for ATG8s and ATG8 E3-like ligases in maintaining membrane integrity.,autophagy-mitophagy,narrative_review,human,E,retired_from_active_findings,title_topic_signal_missing,2026-08-28,Git history and prior public-data snapshots
finding-pubmed-42596580,pubmed-42596580,42596580,10.1093/gerona/glag198,"Napping, Sleep Apnea, and Cognitive Function: Cross-sectional Results from the U.S. POINTER-zzz Sleep Ancillary Study.",sleep-aging,metadata_only_needs_classification,human,E,retired_from_active_findings,topic_capacity_limit,2026-08-28,Git history and prior public-data snapshots
finding-pubmed-42596762,pubmed-42596762,42596762,10.1111/1468-0009.70109,"Chronic Disease and Disability in the United States: Trends, Inequities, and Imperatives for Policy Reform.",cardiorespiratory-fitness,metadata_only_needs_classification,human,E,retired_from_active_findings,title_topic_signal_missing,2026-08-28,Git history and prior public-data snapshots
finding-pubmed-42596767,pubmed-42596767,42596767,10.1002/bcp.70780,Higher anticholinergic burden is associated with increased medium- and long-term mortality following hip fracture: A systematic review and meta-analysis.,resistance-training-muscle,systematic_review_or_meta_analysis,human,A,retired_from_active_findings,title_topic_signal_missing,2026-08-28,Git history and prior public-data snapshots
finding-pubmed-42596874,pubmed-42596874,42596874,10.1161/CIRCINTERVENTIONS.125.016435,"Pulmonary Atresia With Intact Septum Survival, Reintervention, and Days in Hospital Through Childhood: Contemporary Outcomes From a National Registry.",physical-activity-healthspan,metadata_only_needs_classification,human,E,retired_from_active_findings,title_topic_signal_missing,2026-08-28,Git history and prior public-data snapshots
finding-pubmed-42596889,pubmed-42596889,42596889,10.7189/jogh.16.04198,Role of Life's Essential 8 in the association of night shift work with cardiovascular disease and mortality: a prospective cohort study of UK Biobank participants.,physical-activity-healthspan,human_cohort,human,B,retired_from_active_findings,title_topic_signal_missing,2026-08-28,Git history and prior public-data snapshots
finding-pubmed-42597512,pubmed-42597512,42597512,10.1002/hsr2.73044,Beyond Weight Loss: Tirzepatide as a Metabolic Disease-Modifying Strategy for Metabolic Dysfunction-Associated Steatohepatitis: A Narrative Review.,glp1-weight-cardiometabolic,narrative_review,human,E,retired_from_active_findings,topic_capacity_limit,2026-08-28,Git history and prior public-data snapshots
finding-pubmed-42598971,pubmed-42598971,42598971,10.1093/infdis/jiag415,"Frailty as a framework to understand tuberculosis severity, recovery and sequelae.",resistance-training-muscle,metadata_only_needs_classification,human,E,retired_from_active_findings,topic_capacity_limit,2026-08-28,Git history and prior public-data snapshots
finding-pubmed-42599026,pubmed-42599026,42599026,10.1080/15384101.2026.2716406,The hormetic landscape: from evolutionary origination to mechanistic pathways in therapeutics.,autophagy-mitophagy,narrative_review,cell,E,retired_from_active_findings,title_topic_signal_missing,2026-08-28,Git history and prior public-data snapshots
finding-pubmed-42599324,pubmed-42599324,42599324,10.1177/00914150261445634,The Shadowy Side of Aging: The Determining Role of Depression in the Development of Frailty.,resistance-training-muscle,metadata_only_needs_classification,human,E,retired_from_active_findings,topic_capacity_limit,2026-08-28,Git history and prior public-data snapshots
finding-pubmed-42599381,pubmed-42599381,42599381,10.1007/s13300-026-01908-x,Survodutide for Obesity in Chinese Adults: Phase 3 Randomized Trial Design and Baseline Characteristics (SYNCHRONIZE™-CN).,sleep-aging,human_randomized_or_clinical_trial,human,C,retired_from_active_findings,title_topic_signal_missing,2026-08-28,Git history and prior public-data snapshots
finding-pubmed-42599544,pubmed-42599544,42599544,10.1007/s12029-026-01566-z,Relative Dose Intensity and Clinical Outcomes of Using Trifluridine/Tipiracil with or without Bevacizumab in Patients Aged ≥ 75 Years with Advanced or Recurrent Colorectal Cancer: a Single-Center Retrospective Study.,blood-pressure-aging,metadata_only_needs_classification,human,E,retired_from_active_findings,title_topic_signal_missing,2026-08-28,Git history and prior public-data snapshots
finding-pubmed-42599575,pubmed-42599575,42599575,10.1007/s43441-026-01033-8,Precision Lipid Management in the Era of Biotechnology and Artificial Intelligence: From Gene Editing to Smart Drug Delivery.,ldl-apob-cardiovascular-risk,narrative_review,human,E,retired_from_active_findings,title_topic_signal_missing,2026-08-28,Git history and prior public-data snapshots
finding-pubmed-42599599,pubmed-42599599,42599599,10.1007/s13668-026-00791-z,Mechanistic Insights into Houttuynia cordata Thunb. as a Potential Therapeutic Strategy Targeting Metabolic Disorders in Preclinical Models.,metformin-aging,narrative_review,human,E,retired_from_active_findings,title_topic_signal_missing,2026-08-28,Git history and prior public-data snapshots
finding-pubmed-42599663,pubmed-42599663,42599663,10.1007/s41999-026-01582-z,"Circulating biomarkers of the brain-muscle-metabolic axis in primary sarcopenia: neudesin, nesfatin-1, and irisin.",resistance-training-muscle,metadata_only_needs_classification,human,E,retired_from_active_findings,topic_capacity_limit,2026-08-28,Git history and prior public-data snapshots
finding-pubmed-42599670,pubmed-42599670,42599670,10.1093/femsec/fiag094,Factors shaping the lichen photobiome and mycobiome in a tropical lichen community.,microbiome-inflammaging,metadata_only_needs_classification,needs_review,E,retired_from_active_findings,title_topic_signal_missing,2026-08-28,Git history and prior public-data snapshots
finding-pubmed-42600137,pubmed-42600137,42600137,10.2196/81761,Comparing the Feasibility of S-Patch vs 24-Hour Holter in Frail Older People With Falls: Randomized Open-Label Crossover Pilot Study.,resistance-training-muscle,metadata_only_needs_classification,human,E,retired_from_active_findings,topic_capacity_limit,2026-08-28,Git history and prior public-data snapshots
finding-pubmed-42600321,pubmed-42600321,42600321,10.1016/j.arr.2026.103303,Exercise modalities for overall and domain-specific balance performance in older adults: A systematic review and Bayesian network meta-analysis.,resistance-training-muscle,systematic_review_or_meta_analysis,human,E,retired_from_active_findings,title_topic_signal_missing,2026-08-28,Git history and prior public-data snapshots
finding-pubmed-42600373,pubmed-42600373,42600373,10.1016/j.jnha.2026.100942,"Yogurt and human health across history, culture, and science: Lessons for modern aging populations.",microbiome-inflammaging,narrative_review,human,E,retired_from_active_findings,title_topic_signal_missing,2026-08-28,Git history and prior public-data snapshots
finding-pubmed-42600391,pubmed-42600391,42600391,10.1016/j.vetmic.2026.111185,Gut microbial differences in healthy and sick farmed American alligators (Alligator mississippiensis) during a disease outbreak.,microbiome-inflammaging,metadata_only_needs_classification,human,E,retired_from_active_findings,title_topic_signal_missing,2026-08-28,Git history and prior public-data snapshots
finding-pubmed-42600420,pubmed-42600420,42600420,10.1016/j.sleep.2026.109188,Nocturia as a clinical marker of cardiovascular risk in obstructive sleep apnoea.,sleep-aging,metadata_only_needs_classification,human,E,retired_from_active_findings,topic_capacity_limit,2026-08-28,Git history and prior public-data snapshots
finding-pubmed-42600665,pubmed-42600665,42600665,10.1016/j.mad.2026.112234,Identifying biomarkers of accelerated ageing in cancer patients from routine clinical data.,resistance-training-muscle,metadata_only_needs_classification,human,E,retired_from_active_findings,title_topic_signal_missing,2026-08-28,Git history and prior public-data snapshots
finding-pubmed-42600687,pubmed-42600687,42600687,10.1016/j.gastrohep.2026.502841,Liver Tumors in Anabolic Steroid Users: A Practical Approach for the Gastroenterologist and Hepatologist.,resistance-training-muscle,narrative_review,human,E,retired_from_active_findings,title_topic_signal_missing,2026-08-28,Git history and prior public-data snapshots
finding-pubmed-42600788,pubmed-42600788,42600788,10.1016/j.jad.2026.122381,"Frailty transitions, depressive symptoms, and incident dementia: findings from four longitudinal studies.",resistance-training-muscle,metadata_only_needs_classification,human,E,retired_from_active_findings,topic_capacity_limit,2026-08-28,Git history and prior public-data snapshots
finding-pubmed-42600800,pubmed-42600800,42600800,10.1053/j.jrn.2026.08.006,"Effects of Ketoanalogue Supplementation and Intradialytic Resistance Exercise on Functional Performance, Fatigue, and Muscle-Related Indices in Maintenance Hemodialysis Patients: A Randomised Controlled Trial.",resistance-training-muscle,human_randomized_or_clinical_trial,human,B,retired_from_active_findings,title_topic_signal_missing,2026-08-28,Git history and prior public-data snapshots
finding-pubmed-42600857,pubmed-42600857,42600857,10.1016/j.rmed.2026.109106,Association of inflammation-related biomarkers with the risk of obstructive sleep apnea among senior adults: a prospective cohort study.,sleep-aging,human_cohort,human,C,retired_from_active_findings,topic_capacity_limit,2026-08-28,Git history and prior public-data snapshots
finding-pubmed-42600955,pubmed-42600955,42600955,10.1016/j.exger.2026.113283,Nonlinear associations between exposure to natural environments and biological aging: A cohort study of middle-aged and older adults in China.,resistance-training-muscle,human_cohort,human,C,retired_from_active_findings,title_topic_signal_missing,2026-08-28,Git history and prior public-data snapshots
finding-pubmed-42600979,pubmed-42600979,42600979,10.1016/j.jtbi.2026.112574,Does human transthyretin aggregate in blood plasma or in cardiac tissue? A mathematical modeling study.,epigenetic-clocks,metadata_only_needs_classification,needs_review,E,retired_from_active_findings,title_topic_signal_missing,2026-08-28,Git history and prior public-data snapshots
finding-pubmed-42601049,pubmed-42601049,42601049,10.1055/a-2938-3600,"Late-Onset Neonatal Sepsis: Contemporary Epidemiology, Diagnosis, Prevention, and Precision Therapeutics.",microbiome-inflammaging,metadata_only_needs_classification,human,E,retired_from_active_findings,title_topic_signal_missing,2026-08-28,Git history and prior public-data snapshots
finding-pubmed-42601349,pubmed-42601349,42601349,10.1111/jgs.70667,Prevalence and Predictors of Non-Frailty Among Homebound Older Adults.,resistance-training-muscle,metadata_only_needs_classification,human,E,retired_from_active_findings,topic_capacity_limit,2026-08-28,Git history and prior public-data snapshots
finding-pubmed-42601488,pubmed-42601488,42601488,10.1038/s41591-026-04566-5,Histological aging signatures for monitoring tissue-specific aging and disease.,epigenetic-clocks,metadata_only_needs_classification,human,E,retired_from_active_findings,title_topic_signal_missing,2026-08-28,Git history and prior public-data snapshots
finding-pubmed-42601546,pubmed-42601546,42601546,10.1007/s11357-026-02478-3,"CT-based prediction of hematoma expansion and adverse outcomes after intracerebral hemorrhage: evidence appraisal, artificial intelligence translation, and GeroScience perspectives.",resistance-training-muscle,narrative_review,human,E,retired_from_active_findings,title_topic_signal_missing,2026-08-28,Git history and prior public-data snapshots
finding-pubmed-42601701,pubmed-42601701,42601701,10.1097/MD.0000000000050086,Association between habitual sleep duration and Alzheimer's disease: A cross-sectional study based on NHANES 2007-2018.,sleep-aging,metadata_only_needs_classification,human,E,retired_from_active_findings,topic_capacity_limit,2026-08-28,Git history and prior public-data snapshots
finding-pubmed-42601790,pubmed-42601790,42601790,10.1080/14787210.2026.2719690,Emerging therapies against infections due to free-living amoebae.,microbiome-inflammaging,narrative_review,human,E,retired_from_active_findings,title_topic_signal_missing,2026-08-28,Git history and prior public-data snapshots
finding-pubmed-42602328,pubmed-42602328,42602328,10.1016/j.isci.2026.117000,Comprehensive transcriptomic profiling reveals impaired polyamine metabolism as a contributor to age-related muscle decline.,resistance-training-muscle,animal_study,mouse,D,retired_from_active_findings,title_topic_signal_missing,2026-08-28,Git history and prior public-data snapshots
finding-pubmed-42602520,pubmed-42602520,42602520,10.1136/bmjph-2025-004732,"Socioeconomic, fertility and contraceptive determinants of unintended pregnancy among married women in Nepal: evidence from the 2022 NDHS.",physical-activity-healthspan,metadata_only_needs_classification,human,E,retired_from_active_findings,title_topic_signal_missing,2026-08-28,Git history and prior public-data snapshots
finding-pubmed-42602775,pubmed-42602775,42602775,10.1136/bmjph-2025-004434,Frailty among adult people living with HIV in Tanzania: a single-centred hospital-based cross-sectional study.,resistance-training-muscle,metadata_only_needs_classification,human,E,retired_from_active_findings,topic_capacity_limit,2026-08-28,Git history and prior public-data snapshots
finding-pubmed-42603000,pubmed-42603000,42603000,10.1016/j.isci.2026.117028,Intermittent fasting promotes remodeling of neural and vascular networks in visceral white adipose tissue.,time-restricted-eating,animal_study,mouse,D,retired_from_active_findings,nonhuman_record_in_human_outcome_topic,2026-08-28,Git history and prior public-data snapshots
finding-pubmed-42603099,pubmed-42603099,42603099,10.1002/1873-3468.70435,The microbiome in human skin aging.,microbiome-inflammaging,narrative_review,cell,E,retired_from_active_findings,topic_capacity_limit,2026-08-28,Git history and prior public-data snapshots
finding-pubmed-42603240,pubmed-42603240,42603240,10.1007/s12020-026-04757-7,Effect of tirzepatide and semaglutide on blood pressure: A systematic review and meta-analysis.,glp1-weight-cardiometabolic,systematic_review_or_meta_analysis,human,E,retired_from_active_findings,topic_capacity_limit,2026-08-28,Git history and prior public-data snapshots
finding-pubmed-42603367,pubmed-42603367,42603367,10.1016/j.healthplace.2026.103731,Neighborhood greenspace and brain imaging outcomes in older adults without dementia from three US Alzheimer's Disease Research Centers.,blood-pressure-aging,metadata_only_needs_classification,human,E,retired_from_active_findings,title_topic_signal_missing,2026-08-28,Git history and prior public-data snapshots
finding-pubmed-42603582,pubmed-42603582,42603582,10.1016/j.cca.2026.121283,Longitudinal automated lipid target monitoring integrated into a laboratory-based clinical decision support system: a real-world cardiovascular risk management approach.,ldl-apob-cardiovascular-risk,metadata_only_needs_classification,human,E,retired_from_active_findings,title_topic_signal_missing,2026-08-28,Git history and prior public-data snapshots
finding-pubmed-42603595,pubmed-42603595,42603595,10.1016/j.physbeh.2026.115478,Co-agonism of GLP-1R and CTR/AMYR in the lateral dorsal tegmental nucleus produces additive effects on homeostatic and motivated feeding.,glp1-weight-cardiometabolic,metadata_only_needs_classification,human,E,retired_from_active_findings,topic_capacity_limit,2026-08-28,Git history and prior public-data snapshots
finding-pubmed-42603625,pubmed-42603625,42603625,10.1016/j.exger.2026.113287,Remnant cholesterol inflammatory index in relation to frailty burden and longitudinal trajectories: Findings from CHARLS and ELSA.,resistance-training-muscle,metadata_only_needs_classification,human,E,retired_from_active_findings,topic_capacity_limit,2026-08-28,Git history and prior public-data snapshots
finding-pubmed-42603704,pubmed-42603704,42603704,10.1123/japa.2025-0083,The Role of Aquatic Training in Improving Risk of Falls in Older Adults: A Systematic Review With Meta-Analysis and Meta-Regression.,resistance-training-muscle,systematic_review_or_meta_analysis,human,A,retired_from_active_findings,title_topic_signal_missing,2026-08-28,Git history and prior public-data snapshots
finding-pubmed-42603859,pubmed-42603859,42603859,10.1002/jpen.70136,Sex-specific screening of low appendicular skeletal muscle mass index in community dwelling adults: A descriptive cross-sectional study.,resistance-training-muscle,metadata_only_needs_classification,human,E,retired_from_active_findings,topic_capacity_limit,2026-08-28,Git history and prior public-data snapshots
finding-pubmed-42604614,pubmed-42604614,42604614,10.1016/j.intimp.2026.117289,Cuproptosis: The metabolic-immune axis in chronic obstructive pulmonary disease pathogenesis and therapeutics.,microbiome-inflammaging,narrative_review,human,E,retired_from_active_findings,title_topic_signal_missing,2026-08-28,Git history and prior public-data snapshots
finding-pubmed-42605576,pubmed-42605576,42605576,10.1080/14796678.2026.2718644,Interventional treatment options for elderly patients with mitral regurgitation.,resistance-training-muscle,narrative_review,human,E,retired_from_active_findings,title_topic_signal_missing,2026-08-28,Git history and prior public-data snapshots
finding-pubmed-42605581,pubmed-42605581,42605581,10.1097/MCA.0000000000001667,Deconditioning in coronary artery disease: an underrecognized problem with contemporary clinical relevance.,physical-activity-healthspan,metadata_only_needs_classification,human,E,retired_from_active_findings,title_topic_signal_missing,2026-08-28,Git history and prior public-data snapshots
finding-pubmed-42605966,pubmed-42605966,42605966,10.1002/ohn.70393,Management Patterns and Outcomes of Vestibular Schwannoma in Older Adults: Assessment of the SEER Database.,resistance-training-muscle,human_cohort,human,B,retired_from_active_findings,title_topic_signal_missing,2026-08-28,Git history and prior public-data snapshots
finding-pubmed-42605976,pubmed-42605976,42605976,10.1002/ohn.70395,Frailty Severity and Voice Outcomes After Type 1 Thyroplasty.,resistance-training-muscle,metadata_only_needs_classification,human,E,retired_from_active_findings,topic_capacity_limit,2026-08-28,Git history and prior public-data snapshots
finding-pubmed-42606010,pubmed-42606010,42606010,10.1684/pnv.2026.1297,[Management of Acute Ischemic Stroke in Older Adults: What's New in Thrombolysis and Thrombectomy up to 24 Hours?].,resistance-training-muscle,metadata_only_needs_classification,human,E,retired_from_active_findings,title_topic_signal_missing,2026-08-28,Git history and prior public-data snapshots
finding-pubmed-42606034,pubmed-42606034,42606034,10.1113/JP290953,Unlocking metabolic plasticity: The potential effects of exercise to amplify time-restricted feeding benefits in aged obese female mice.,time-restricted-eating,animal_study,mouse,D,retired_from_active_findings,nonhuman_record_in_human_outcome_topic,2026-08-28,Git history and prior public-data snapshots
finding-pubmed-42606037,pubmed-42606037,42606037,10.1177/17504589261473132,"Preoperative anxiety, sleep disturbances and postoperative delirium in cardiac surgery: A scoping review for nursing practice.",sleep-aging,narrative_review,human,E,retired_from_active_findings,topic_capacity_limit,2026-08-28,Git history and prior public-data snapshots
finding-pubmed-42606162,pubmed-42606162,42606162,10.1002/cncr.70586,Practical considerations for the use of incretin mimetics in patients with neuroendocrine neoplasms: An expert consensus statement.,glp1-weight-cardiometabolic,narrative_review,human,E,retired_from_active_findings,title_topic_signal_missing,2026-08-28,Git history and prior public-data snapshots
finding-pubmed-42606178,pubmed-42606178,42606178,10.1002/acr.80141,Association between hand synovitis and all-cause mortality: a general population-based study.,physical-activity-healthspan,metadata_only_needs_classification,human,E,retired_from_active_findings,title_topic_signal_missing,2026-08-28,Git history and prior public-data snapshots
finding-pubmed-42606522,pubmed-42606522,42606522,10.1152/ajpendo.00105.2026,Mechanistic Drivers of Thermogenic Adipose Tissue Dysfunction in Aging and Obesity.,autophagy-mitophagy,narrative_review,cell,E,retired_from_active_findings,title_topic_signal_missing,2026-08-28,Git history and prior public-data snapshots
finding-pubmed-42606601,pubmed-42606601,42606601,10.1093/gerona/glag196,Modifiable Risk Factors for Mortality Across Life Course: A Pooled Population-Based Cohort Study.,blood-pressure-aging,human_cohort,human,B,retired_from_active_findings,title_topic_signal_missing,2026-08-28,Git history and prior public-data snapshots
finding-pubmed-42606617,pubmed-42606617,42606617,10.1007/s00399-026-01170-5,[The role of psychosocial risk factors in the development and course of atrial fibrillation].,sleep-aging,narrative_review,human,E,retired_from_active_findings,title_topic_signal_missing,2026-08-28,Git history and prior public-data snapshots
finding-pubmed-42606623,pubmed-42606623,42606623,10.1007/s00540-026-03873-y,Prebiotic raffinose attenuates surgery-induced delirium-like behaviors through gut microbiota-mediated serotonergic signaling in frail senescence-accelerated mice: an experimental study using SAMP10 mice.,microbiome-inflammaging,animal_study,mouse,D,retired_from_active_findings,topic_capacity_limit,2026-08-28,Git history and prior public-data snapshots
finding-pubmed-42606800,pubmed-42606800,42606800,10.1007/s11701-026-03817-4,Disproportionate expansion of radical prostatectomy among older men in Japan in the robotic surgery era: a nationwide descriptive time series analysis.,resistance-training-muscle,metadata_only_needs_classification,human,E,retired_from_active_findings,title_topic_signal_missing,2026-08-28,Git history and prior public-data snapshots
finding-pubmed-42606940,pubmed-42606940,42606940,10.1016/j.celrep.2026.117844,Caloric restriction suppresses colorectal tumors and melanoma through CD8 T cells in aged mice.,microbiome-inflammaging,animal_study,mouse,D,retired_from_active_findings,title_topic_signal_missing,2026-08-28,Git history and prior public-data snapshots
finding-pubmed-42606949,pubmed-42606949,42606949,10.1093/qjmed/hcag217,Associations Between Glucagon-like Peptide-1 Receptor Agonists and Respiratory Outcomes in Chronic Obstructive pulmonary disease and Diabetes.,metformin-aging,human_cohort,human,B,retired_from_active_findings,title_topic_signal_missing,2026-08-28,Git history and prior public-data snapshots
finding-pubmed-42606951,pubmed-42606951,42606951,10.1097/SHK.0000000000002926,Severe Burn Injury as a Chronic Immunometabolic Disease.,microbiome-inflammaging,metadata_only_needs_classification,human,E,retired_from_active_findings,title_topic_signal_missing,2026-08-28,Git history and prior public-data snapshots
finding-pubmed-42607021,pubmed-42607021,42607021,10.1159/000553430,Mitochondrial Dysfunction as a Central Hub of Aging: From Molecular Cascades to Inter-Organ Communication Networks.,autophagy-mitophagy,narrative_review,human,E,retired_from_active_findings,title_topic_signal_missing,2026-08-28,Git history and prior public-data snapshots
finding-pubmed-42607233,pubmed-42607233,42607233,10.14309/ctg.0000000000001082,The Cirrhosis Administrative Frailty Index (CAFI) Predicts Mortality Among Hospitalized Patients With Cirrhosis.,resistance-training-muscle,metadata_only_needs_classification,human,E,retired_from_active_findings,topic_capacity_limit,2026-08-28,Git history and prior public-data snapshots
finding-pubmed-42607310,pubmed-42607310,42607310,10.7326/ANNALS-26-00245,Longitudinal Changes in Heart Stress and the Risk for Cardiovascular Disease and Mortality in Older Adults : An Observational Study.,blood-pressure-aging,metadata_only_needs_classification,human,E,retired_from_active_findings,title_topic_signal_missing,2026-08-28,Git history and prior public-data snapshots
finding-pubmed-42607534,pubmed-42607534,42607534,10.1016/j.ctarc.2026.101371,"Molecular and clinicopathological insights into oral squamous cell carcinoma: Exploring oxidative stress, ferroptosis, circadian regulation, and novel biomarkers.",klotho-il11-aging,metadata_only_needs_classification,human,E,retired_from_active_findings,title_topic_signal_missing,2026-08-28,Git history and prior public-data snapshots
finding-pubmed-42607669,pubmed-42607669,42607669,10.1016/j.stem.2026.07.013,Ovarian aging and systemic health: Mechanisms and emerging intervention strategies.,senolytics,narrative_review,cell,E,retired_from_active_findings,title_topic_signal_missing,2026-08-28,Git history and prior public-data snapshots
finding-pubmed-42607684,pubmed-42607684,42607684,10.1016/j.molcel.2026.07.027,ER-liquid condensate contacts sequester FAM134B/C and RhoA to govern cell morphology.,autophagy-mitophagy,animal_study,mouse,D,retired_from_active_findings,title_topic_signal_missing,2026-08-28,Git history and prior public-data snapshots
finding-pubmed-42607709,pubmed-42607709,42607709,10.1111/hiv.70298,Dietary counselling and exercise training for lipid management in people living with HIV: A systematic review and meta-analysis.,ldl-apob-cardiovascular-risk,systematic_review_or_meta_analysis,human,E,retired_from_active_findings,title_topic_signal_missing,2026-08-28,Git history and prior public-data snapshots
finding-pubmed-42607818,pubmed-42607818,42607818,10.1016/j.freeradbiomed.2026.08.032,CoQ10 ameliorates intermittent hypoxia-induced ferroptosis by suppressing HMGB1 acetylation and release.,sleep-aging,animal_study,mouse,D,retired_from_active_findings,title_topic_signal_missing,2026-08-28,Git history and prior public-data snapshots
finding-pubmed-42607838,pubmed-42607838,42607838,10.1016/j.tjnut.2026.101789,Ingestion of 20 g of a plant-derived protein blend with and without added leucine or whey protein does not increase muscle protein synthesis rates in older males.,resistance-training-muscle,metadata_only_needs_classification,human,E,retired_from_active_findings,title_topic_signal_missing,2026-08-28,Git history and prior public-data snapshots
finding-pubmed-42607881,pubmed-42607881,42607881,10.1016/j.cct.2026.108436,"Rationale, design, and methods of the dietary approaches to stop hypertension for diabetes (DASH4D) controlled feeding trial.",dietary-pattern-longevity,metadata_only_needs_classification,human,E,retired_from_active_findings,topic_capacity_limit,2026-08-28,Git history and prior public-data snapshots
finding-pubmed-42607934,pubmed-42607934,42607934,10.1016/j.arr.2026.103308,Neuro-Metabolic Ageing Drives Diabetes-Associated Neurodegeneration: A Geroscience and Network Pharmacology Perspective.,microbiome-inflammaging,narrative_review,human,E,retired_from_active_findings,title_topic_signal_missing,2026-08-28,Git history and prior public-data snapshots
finding-pubmed-42607970,pubmed-42607970,42607970,10.1016/j.fsi.2026.111653,Pseudomonas juntendi MaLMAid0250 suppresses Vibrio in Artemia and enhances survival of Vibrio-challenged black scraper (Thamnaconus modestus).,microbiome-inflammaging,metadata_only_needs_classification,needs_review,E,retired_from_active_findings,title_topic_signal_missing,2026-08-28,Git history and prior public-data snapshots
finding-pubmed-42608016,pubmed-42608016,42608016,10.1123/jsr.2026-0027,Running Participation in People With Multiple Sclerosis: A Prospective Observational Cohort Study.,resistance-training-muscle,human_cohort,human,B,retired_from_active_findings,title_topic_signal_missing,2026-08-28,Git history and prior public-data snapshots
finding-pubmed-42608136,pubmed-42608136,42608136,10.1136/bmjdrc-2025-005743,Cardiometabolic factors and risk of dementia in people with type 2 diabetes in England: a large retrospective cohort study.,blood-pressure-aging,human_cohort,human,C,retired_from_active_findings,title_topic_signal_missing,2026-08-28,Git history and prior public-data snapshots
finding-pubmed-42608321,pubmed-42608321,42608321,10.1111/dom.71200,Retatrutide-Associated Improvements in Cardiovascular Risk Biomarkers in Adults With Obesity With or Without Type 2 Diabetes.,ldl-apob-cardiovascular-risk,metadata_only_needs_classification,human,E,retired_from_active_findings,title_topic_signal_missing,2026-08-28,Git history and prior public-data snapshots
finding-pubmed-42608333,pubmed-42608333,42608333,10.1111/dom.71236,Association of Lipid Ratios With Cardiovascular Outcomes in Type 2 Diabetes: A Population Cohort Study.,ldl-apob-cardiovascular-risk,human_cohort,human,C,retired_from_active_findings,title_topic_signal_missing,2026-08-28,Git history and prior public-data snapshots
finding-pubmed-42608499,pubmed-42608499,42608499,10.1007/s12035-026-06139-6,Every-Other-Day Fasting Prehabilitation Attenuates Secondary Injury Following Spinal Cord Injury and Is Associated with Stage-Dependent SREBP1-Related Metabolic-Immune Remodeling.,time-restricted-eating,animal_study,mouse,D,retired_from_active_findings,title_topic_signal_missing,2026-08-28,Git history and prior public-data snapshots
finding-pubmed-42608559,pubmed-42608559,42608559,10.1007/s00210-026-05809-5,Maximizing weight loss with cagrisema: a systematic review and GRADE-assessed meta-analysis of randomized controlled trials.,glp1-weight-cardiometabolic,systematic_review_or_meta_analysis,needs_review,E,retired_from_active_findings,title_topic_signal_missing,2026-08-28,Git history and prior public-data snapshots
finding-pubmed-42608589,pubmed-42608589,42608589,10.1007/s00018-026-06383-y,Comparative analysis of neuronal proteolytic pathways reveals neuron-specific and sub-compartmental-specific capacities with aging.,autophagy-mitophagy,animal_study,mouse,D,retired_from_active_findings,title_topic_signal_missing,2026-08-28,Git history and prior public-data snapshots
finding-pubmed-42608678,pubmed-42608678,42608678,10.1186/s12877-026-08038-w,"Delirium superimposed on dementia in nursing homes: prevalence, incidence, and prognosis - protocol of a prospective multicenter cohort study.",physical-activity-healthspan,protocol_or_registered_plan,human,E,retired_from_active_findings,protocol_or_registered_plan,2026-08-28,Git history and prior public-data snapshots
finding-pubmed-42608782,pubmed-42608782,42608782,10.1177/13524585261475090,Impact of frailty on multiple sclerosis.,resistance-training-muscle,narrative_review,human,E,retired_from_active_findings,topic_capacity_limit,2026-08-28,Git history and prior public-data snapshots
finding-pubmed-42608808,pubmed-42608808,42608808,10.1093/gerona/glag201,Gut microbial load mediates the longevity effect of Korean red ginseng in Drosophila melanogaster.,microbiome-inflammaging,metadata_only_needs_classification,human,E,retired_from_active_findings,title_topic_signal_missing,2026-08-28,Git history and prior public-data snapshots
finding-pubmed-42608824,pubmed-42608824,42608824,10.1002/ps.71212,Physiological and gut microbial responses of Apis cerana to sub-chronic exposure to binary pesticide mixtures at environmentally relevant concentrations.,microbiome-inflammaging,metadata_only_needs_classification,human,E,retired_from_active_findings,title_topic_signal_missing,2026-08-28,Git history and prior public-data snapshots
finding-pubmed-42608904,pubmed-42608904,42608904,10.1002/acr.80145,Extending Service Beyond Active Duty: Generalizability of Rheumatoid Arthritis Research Conducted Among U.S. Veterans.,resistance-training-muscle,narrative_review,human,E,retired_from_active_findings,title_topic_signal_missing,2026-08-28,Git history and prior public-data snapshots
finding-pubmed-42609160,pubmed-42609160,42609160,10.1111/jir.70162,"Frailty in Adults With Down Syndrome: Cognitive, Functional and Biomarker Associations.",resistance-training-muscle,metadata_only_needs_classification,human,E,retired_from_active_findings,topic_capacity_limit,2026-08-28,Git history and prior public-data snapshots
finding-pubmed-42609518,pubmed-42609518,42609518,10.1155/jare/9826332,Role of Sociodemographic Variables in the Association Between Physical Performance and Balance Disorders in Older Adults.,resistance-training-muscle,metadata_only_needs_classification,human,E,retired_from_active_findings,title_topic_signal_missing,2026-08-28,Git history and prior public-data snapshots
finding-pubmed-42609584,pubmed-42609584,42609584,10.1002/rmb2.70090,Inflammation and Oxidative Stress in Male Infertility: A Narrative Review.,microbiome-inflammaging,narrative_review,human,E,retired_from_active_findings,title_topic_signal_missing,2026-08-28,Git history and prior public-data snapshots
finding-pubmed-42610030,pubmed-42610030,42610030,10.2147/DMSO.S607678,Comparative Efficacy of Semaglutide and Tirzepatide in Chinese Adults with Obesity without Diabetes: A Real-World Observational Study.,glp1-weight-cardiometabolic,metadata_only_needs_classification,human,E,retired_from_active_findings,topic_capacity_limit,2026-08-28,Git history and prior public-data snapshots
finding-pubmed-42610056,pubmed-42610056,42610056,10.2147/DMSO.S609998,"Serum GDF3 is Associated with Visceral Obesity, Insulin Resistance, and Inflammation in Non-Diabetic Adults: A Cross-Sectional Study with an Interventional Component.",glp1-weight-cardiometabolic,metadata_only_needs_classification,human,E,retired_from_active_findings,title_topic_signal_missing,2026-08-28,Git history and prior public-data snapshots
finding-pubmed-42610271,pubmed-42610271,42610271,10.1161/CIRCULATIONAHA.125.074482,Effect of Semaglutide on the Inflammatory Biomarker High-Sensitivity CRP in Patients With Established Cardiovascular Disease and Overweight or Obesity in SELECT: A Prespecified Secondary Analysis.,glp1-weight-cardiometabolic,metadata_only_needs_classification,human,E,retired_from_active_findings,topic_capacity_limit,2026-08-28,Git history and prior public-data snapshots
finding-pubmed-42610488,pubmed-42610488,42610488,10.1002/14651858.CD015622.pub2,Metabolic and bariatric surgery in adults with obesity and diabetes mellitus: a network meta-analysis.,physical-activity-healthspan,systematic_review_or_meta_analysis,human,A,retired_from_active_findings,title_topic_signal_missing,2026-08-28,Git history and prior public-data snapshots
finding-pubmed-42610504,pubmed-42610504,42610504,10.1002/1744-9987.70212,Therapeutic Plasma Exchange in Neuromyelitis Optica Spectrum Disorder: Real-World Clinical Outcomes and Safety From a Tertiary Care Center in Northwest India.,resistance-training-muscle,metadata_only_needs_classification,human,E,retired_from_active_findings,title_topic_signal_missing,2026-08-28,Git history and prior public-data snapshots
finding-pubmed-42610529,pubmed-42610529,42610529,10.1002/advs.77189,Loss of LCN2 Function Ameliorates Glucocorticoid-Induced Muscle Atrophy via Remodeling the Extracellular Matrix.,resistance-training-muscle,animal_study,mouse,D,retired_from_active_findings,title_topic_signal_missing,2026-08-28,Git history and prior public-data snapshots
finding-pubmed-42611066,pubmed-42611066,42611066,10.1007/s00774-026-01742-y,A DXA-based profile of body composition in celiac patients: a cross-sectional retrospective study.,resistance-training-muscle,metadata_only_needs_classification,human,E,retired_from_active_findings,title_topic_signal_missing,2026-08-28,Git history and prior public-data snapshots
finding-pubmed-42611111,pubmed-42611111,42611111,10.1007/s40618-026-03024-w,Prospective changes in sleep quality and depressive symptom burden following initiation of GLP-1-based therapies in patients with obesity: a real-world study.,glp1-weight-cardiometabolic,metadata_only_needs_classification,human,E,retired_from_active_findings,topic_capacity_limit,2026-08-28,Git history and prior public-data snapshots
finding-pubmed-42611172,pubmed-42611172,42611172,10.1007/s40279-026-02521-5,"The Optimal Exercise Modality and Dose for Blood Pressure Management in Middle-Aged and Older Adults: A Systematic Review with Bayesian Model-Based, and Dose-Response Network Meta-Analysis of RCTs.",resistance-training-muscle,systematic_review_or_meta_analysis,human,E,retired_from_active_findings,title_topic_signal_missing,2026-08-28,Git history and prior public-data snapshots
finding-pubmed-42611363,pubmed-42611363,42611363,10.1007/s11154-026-10074-1,"Beyond weight: a stigma-free, integrated approach to obesity in patients affected by cancer.",resistance-training-muscle,narrative_review,human,E,retired_from_active_findings,title_topic_signal_missing,2026-08-28,Git history and prior public-data snapshots
finding-pubmed-42611367,pubmed-42611367,42611367,10.1007/s10143-026-04450-3,"Sarcopenic obesity and cachexia as nutritional risk phenotypes and histology-specific outcomes after intracranial tumor resection: a histology-stratified NSQIP analysis of 27,057 cases.",resistance-training-muscle,metadata_only_needs_classification,human,E,retired_from_active_findings,topic_capacity_limit,2026-08-28,Git history and prior public-data snapshots
finding-pubmed-42611709,pubmed-42611709,42611709,10.1016/j.tjfa.2026.100186,Research on the moderating role of age-friendly communities in the relationship between intrinsic capacity and functional ability.,resistance-training-muscle,metadata_only_needs_classification,human,E,retired_from_active_findings,title_topic_signal_missing,2026-08-28,Git history and prior public-data snapshots
finding-pubmed-42611729,pubmed-42611729,42611729,10.1093/milmed/usag382,Thinking Outside the Blood Box: Reimagining the Military Treatment Facility as a Power Projection Platform for Blood Logistics.,physical-activity-healthspan,metadata_only_needs_classification,human,E,retired_from_active_findings,title_topic_signal_missing,2026-08-28,Git history and prior public-data snapshots
finding-pubmed-42611796,pubmed-42611796,42611796,10.1182/blood.2025031886,Restoration of oscillatory shear stress in humans activates an endothelial protective genetic program and prevents DVT.,physical-activity-healthspan,metadata_only_needs_classification,human,E,retired_from_active_findings,title_topic_signal_missing,2026-08-28,Git history and prior public-data snapshots
finding-pubmed-42611800,pubmed-42611800,42611800,10.1159/000553633,Incomplete Intestinal Metaplasia as a High-Risk Clinical Phenotype in Gastric Carcinogenesis: Implications for Surveillance and Management.,microbiome-inflammaging,animal_study,animal,D,retired_from_active_findings,title_topic_signal_missing,2026-08-28,Git history and prior public-data snapshots
finding-pubmed-42612144,pubmed-42612144,42612144,10.2196/93130,Influence of a Multicomponent Supervised Exercise Program on Frail and Prefrail Community-Dwelling Older Adults: Protocol for a Randomized Controlled Trial.,resistance-training-muscle,protocol_or_registered_plan,human,E,retired_from_active_findings,protocol_or_registered_plan,2026-08-28,Git history and prior public-data snapshots
finding-pubmed-42612151,pubmed-42612151,42612151,10.1002/jso.70376,Determinants of Failure to Rescue After Pulmonary Resection for Lung Cancer: Insights From a National Inpatient Sample.,resistance-training-muscle,metadata_only_needs_classification,human,E,retired_from_active_findings,title_topic_signal_missing,2026-08-28,Git history and prior public-data snapshots
finding-pubmed-42612504,pubmed-42612504,42612504,10.1016/j.jnha.2026.100945,Multivariable-adjusted multi-omics signatures reveal gut microbial functional alterations and metabolic dysregulation in intrinsic capacity decline.,microbiome-inflammaging,metadata_only_needs_classification,human,E,retired_from_active_findings,title_topic_signal_missing,2026-08-28,Git history and prior public-data snapshots
finding-pubmed-42612506,pubmed-42612506,42612506,10.1016/j.jnha.2026.100956,Association between habitual intake of fermented milk products containing lactic acid bacteria and all-cause mortality: a community-based cohort prospective study.,physical-activity-healthspan,human_cohort,human,B,retired_from_active_findings,title_topic_signal_missing,2026-08-28,Git history and prior public-data snapshots
finding-pubmed-42612657,pubmed-42612657,42612657,10.1016/j.langlo.2026.103973,The impact of the women's medical education ban in Afghanistan on service coverage and maternal and neonatal mortality: a modelling study.,physical-activity-healthspan,metadata_only_needs_classification,human,E,retired_from_active_findings,title_topic_signal_missing,2026-08-28,Git history and prior public-data snapshots
finding-pubmed-42612664,pubmed-42612664,42612664,10.1016/S2352-3018(26)00147-5,"Global, regional, and national burden of HIV/AIDS, 1990-2023, with the estimated burden attributable to intimate partner violence and forecasted impacts of funding cuts through 2030: results from the Global Burden of Disease Study 2023.",physical-activity-healthspan,metadata_only_needs_classification,human,E,retired_from_active_findings,title_topic_signal_missing,2026-08-28,Git history and prior public-data snapshots
finding-pubmed-42612710,pubmed-42612710,42612710,10.1016/j.arr.2026.103310,"The nutrition-sleep-circadian axis in age-related neurodegeneration: Cellular mechanisms, metabolic dysfunction, and neuroprotective interventions.",time-restricted-eating,narrative_review,human,E,retired_from_active_findings,title_topic_signal_missing,2026-08-28,Git history and prior public-data snapshots
finding-pubmed-42612952,pubmed-42612952,42612952,10.1016/j.clnesp.2026.105038,"Malnutrition and sarcopenia in rheumatoid arthritis: Prevalence, risk factors, and the limitations of body mass index: A cross-sectional study.",resistance-training-muscle,metadata_only_needs_classification,human,E,retired_from_active_findings,topic_capacity_limit,2026-08-28,Git history and prior public-data snapshots
finding-pubmed-42613374,pubmed-42613374,42613374,10.1038/s41598-026-63370-w,Effect of preoperative body composition on long-term outcomes in patients undergoing distal cholangiocarcinoma resection.,resistance-training-muscle,metadata_only_needs_classification,human,E,retired_from_active_findings,title_topic_signal_missing,2026-08-28,Git history and prior public-data snapshots
finding-pubmed-42613453,pubmed-42613453,42613453,10.1038/s41409-026-03010-z,Fecal microbiota transplantation in the treatment of acute graft-versus-host disease: A retrospective study performed by the Complications Working Party and Pediatric Diseases Working Party of the EBMT.,microbiome-inflammaging,metadata_only_needs_classification,human,E,retired_from_active_findings,topic_capacity_limit,2026-08-28,Git history and prior public-data snapshots
finding-pubmed-42613646,pubmed-42613646,42613646,10.1097/JCMA.0000000000001415,Urban-rural differences in health behaviors and cognition: Two Taiwanese older cohorts.,physical-activity-healthspan,human_cohort,human,B,retired_from_active_findings,title_topic_signal_missing,2026-08-28,Git history and prior public-data snapshots
finding-pubmed-42613677,pubmed-42613677,42613677,10.1177/07334648261478669,Caregiver- and Care Recipient-Related Factors Linked to Pain in Family Caregivers of Persons Living with Dementia.,sleep-aging,metadata_only_needs_classification,human,E,retired_from_active_findings,title_topic_signal_missing,2026-08-28,Git history and prior public-data snapshots
finding-pubmed-42613867,pubmed-42613867,42613867,10.4266/acc.002912,Admission characteristics and factors associated with outcomes in elderly patients aged 75 years and older in a level 3 ICU in Nepal: a 4-year registry-based retrospective study.,resistance-training-muscle,metadata_only_needs_classification,human,E,retired_from_active_findings,title_topic_signal_missing,2026-08-28,Git history and prior public-data snapshots
finding-pubmed-42613870,pubmed-42613870,42613870,10.4266/acc.002236,Venoarterial extracorporeal membrane oxygenation as a rescue strategy in high-risk pulmonary thromboembolism.,resistance-training-muscle,metadata_only_needs_classification,human,E,retired_from_active_findings,title_topic_signal_missing,2026-08-28,Git history and prior public-data snapshots
finding-pubmed-42613915,pubmed-42613915,42613915,10.1113/EP093800,Effects of dietary nitrate supplementation on peak oxygen uptake following 10 days of Ramadan fasting in healthy adults.,sleep-aging,metadata_only_needs_classification,human,E,retired_from_active_findings,title_topic_signal_missing,2026-08-28,Git history and prior public-data snapshots
finding-pubmed-42614672,pubmed-42614672,42614672,10.1021/acsptsci.5c00752,Insomnia-Associated Circadian and Thrombotic Alterations Coincide with Morning Cardiac Vulnerability.,sleep-aging,animal_study,animal,D,retired_from_active_findings,nonhuman_record_in_human_outcome_topic,2026-08-28,Git history and prior public-data snapshots
finding-pubmed-42614739,pubmed-42614739,42614739,10.1002/hsr2.73067,Association Between EAT-Lancet Diet Adherence and Sleep Quality in Lactating Women: A Cross-Sectional Analysis.,sleep-aging,metadata_only_needs_classification,human,E,retired_from_active_findings,topic_capacity_limit,2026-08-28,Git history and prior public-data snapshots
finding-pubmed-42614901,pubmed-42614901,42614901,10.1021/acsptsci.6c00162,A Niacin-α-Lipoic Acid Hybrid Ameliorates Alzheimer's Disease Pathology in Mouse Models.,microbiome-inflammaging,animal_study,mouse,D,retired_from_active_findings,title_topic_signal_missing,2026-08-28,Git history and prior public-data snapshots
finding-pubmed-42615112,pubmed-42615112,42615112,10.1002/kjm2.70276,Metabolic Syndrome and Dementia Risk in Older Adults: A Narrative Review.,blood-pressure-aging,narrative_review,human,E,retired_from_active_findings,title_topic_signal_missing,2026-08-28,Git history and prior public-data snapshots
finding-pubmed-42615482,pubmed-42615482,42615482,10.3791/70058,"Prognostication in End-Stage Kidney Disease: Tools, Evidence, and Clinical Applications.",resistance-training-muscle,narrative_review,human,E,retired_from_active_findings,title_topic_signal_missing,2026-08-28,Git history and prior public-data snapshots
finding-pubmed-42615618,pubmed-42615618,42615618,10.1128/msystems.00876-26,Fermentation capacity of the gut microbiota influences exercise motivation and neuroendocrine integration.,physical-activity-healthspan,animal_study,mouse,D,retired_from_active_findings,nonhuman_record_in_human_outcome_topic,2026-08-28,Git history and prior public-data snapshots
finding-pubmed-42615756,pubmed-42615756,42615756,10.1590/S0004-2803.24612026-017,"CIRRHOSIS-ASSOCIATED SARCOPENIA: INTEGRATING IMAGING, FUNCTION, AND METABOLISM FOR CLINICAL DECISION-MAKING.",resistance-training-muscle,narrative_review,human,E,retired_from_active_findings,topic_capacity_limit,2026-08-28,Git history and prior public-data snapshots
finding-pubmed-42615768,pubmed-42615768,42615768,10.1590/0102-672020260000011e1940,Acutely kidney injury in the postoperative period of elective colorectal surgery: assessment of the age influence.,blood-pressure-aging,metadata_only_needs_classification,human,E,retired_from_active_findings,title_topic_signal_missing,2026-08-28,Git history and prior public-data snapshots
finding-pubmed-42615833,pubmed-42615833,42615833,10.1080/19490976.2026.2718621,Microbial metabolite-driven mechanisms linking the gut microbiome to atherosclerosis: multi-omic and translational perspectives.,microbiome-inflammaging,narrative_review,human,E,retired_from_active_findings,topic_capacity_limit,2026-08-28,Git history and prior public-data snapshots
finding-pubmed-42615985,pubmed-42615985,42615985,10.1093/gerona/glag197,"Social, economic, and environmental disparities in device-measured 24-hour movement behaviours in a nationally representative cohort of older English adults.",physical-activity-healthspan,human_cohort,human,C,retired_from_active_findings,title_topic_signal_missing,2026-08-28,Git history and prior public-data snapshots
finding-pubmed-42616115,pubmed-42616115,42616115,10.1007/s00264-026-06983-0,"Locomotive syndrome: history, current concepts, and future perspectives.",resistance-training-muscle,narrative_review,human,E,retired_from_active_findings,title_topic_signal_missing,2026-08-28,Git history and prior public-data snapshots
finding-pubmed-42616143,pubmed-42616143,42616143,10.1007/s00394-026-04076-7,"Synergistic effects of synbiotic, protein supplementation, and resistance training on inflammation, oxidative stress, and muscle strength in older adults with type 2 diabetes mellitus: a RCT triple-blinded study.",resistance-training-muscle,human_randomized_or_clinical_trial,human,C,retired_from_active_findings,topic_capacity_limit,2026-08-28,Git history and prior public-data snapshots
finding-pubmed-42616222,pubmed-42616222,42616222,10.1007/s13304-026-02816-2,"Safety, feasibility, and early outcomes of one hundred robotic bariatric procedures at a high-volume center.",sleep-aging,metadata_only_needs_classification,human,E,retired_from_active_findings,title_topic_signal_missing,2026-08-28,Git history and prior public-data snapshots
finding-pubmed-42616270,pubmed-42616270,42616270,10.1007/s10157-026-02927-5,Longitudinal associations between albuminuria and renal function and annual brain volume changes: the Ohasama study.,blood-pressure-aging,metadata_only_needs_classification,human,E,retired_from_active_findings,title_topic_signal_missing,2026-08-28,Git history and prior public-data snapshots
finding-pubmed-42616448,pubmed-42616448,42616448,10.1021/acs.jafc.6c00384,"Structural Characterization, Physicochemical Properties, and Ameliorating Effect on Age-Related Constipation of an Arabinogalactan from Peach Gum.",microbiome-inflammaging,metadata_only_needs_classification,needs_review,E,retired_from_active_findings,title_topic_signal_missing,2026-08-28,Git history and prior public-data snapshots
finding-pubmed-42616643,pubmed-42616643,42616643,10.1016/j.tjfa.2026.100185,Incident dementia risk by frailty status and living arrangements in older adults.,resistance-training-muscle,metadata_only_needs_classification,human,E,retired_from_active_findings,topic_capacity_limit,2026-08-28,Git history and prior public-data snapshots
finding-pubmed-42616688,pubmed-42616688,42616688,10.1159/000553306,construction and evaluation of sarcopenia risk prediction model for non-obese older adults.,resistance-training-muscle,metadata_only_needs_classification,human,E,retired_from_active_findings,topic_capacity_limit,2026-08-28,Git history and prior public-data snapshots
finding-pubmed-42616748,pubmed-42616748,42616748,10.1371/journal.pgph.0006956,Relationship of rotating-shift work with lifestyle and health status of hospital employees.,ldl-apob-cardiovascular-risk,metadata_only_needs_classification,human,E,retired_from_active_findings,title_topic_signal_missing,2026-08-28,Git history and prior public-data snapshots
finding-pubmed-42617205,pubmed-42617205,42617205,10.1016/j.jnha.2026.100937,Time-dependent biology of mortality in middle-aged and older adults: Distinct predictors for near- and long-term outcomes in a population-based cohort in Taiwan.,microbiome-inflammaging,human_cohort,human,B,retired_from_active_findings,title_topic_signal_missing,2026-08-28,Git history and prior public-data snapshots
finding-pubmed-42617291,pubmed-42617291,42617291,10.1016/j.atherosclerosis.2026.121879,Long-term average atherogenic index of plasma and cardiovascular mortality in 8.9 million Korean adults: A nationwide cohort study.,ldl-apob-cardiovascular-risk,human_cohort,human,B,retired_from_active_findings,title_topic_signal_missing,2026-08-28,Git history and prior public-data snapshots
finding-pubmed-42617399,pubmed-42617399,42617399,10.1016/j.clnu.2026.106758,Proteomic signature of healthy dietary patterns and risk of cardiovascular disease in the framingham heart study.,blood-pressure-aging,metadata_only_needs_classification,human,E,retired_from_active_findings,title_topic_signal_missing,2026-08-28,Git history and prior public-data snapshots
finding-pubmed-42617462,pubmed-42617462,42617462,10.1016/j.parkreldis.2026.108939,Association of early adjunctive dopaminergic therapy and 5-year mortality in Parkinson's disease: A nationwide cohort study.,resistance-training-muscle,human_cohort,human,B,retired_from_active_findings,title_topic_signal_missing,2026-08-28,Git history and prior public-data snapshots
finding-pubmed-42617503,pubmed-42617503,42617503,10.1016/j.eplepsyres.2026.107896,Real-world experience with GLP-1 receptor agonists in adults with epilepsy following a modified atkins diet.,glp1-weight-cardiometabolic,metadata_only_needs_classification,human,E,retired_from_active_findings,topic_capacity_limit,2026-08-28,Git history and prior public-data snapshots
finding-pubmed-42617741,pubmed-42617741,42617741,10.1016/j.jbc.2026.113470,Identification of a conserved neutralizing epitope on the ASFV H240R protein by a nanobody that inhibits viral attachment.,microbiome-inflammaging,animal_study,mouse,D,retired_from_active_findings,title_topic_signal_missing,2026-08-28,Git history and prior public-data snapshots
finding-pubmed-42617978,pubmed-42617978,42617978,10.1016/j.arr.2026.103297,Aging in the air we breathe: mechanisms and consequences of air pollution exposure for biological aging.,resistance-training-muscle,narrative_review,human,E,retired_from_active_findings,title_topic_signal_missing,2026-08-28,Git history and prior public-data snapshots
finding-pubmed-42617980,pubmed-42617980,42617980,10.1016/j.arr.2026.103307,Tryptophan Metabolism Regulates Immunosenescence and Inflammaging: The Macrophage Immunometabolic Axis and Therapeutic Targets.,microbiome-inflammaging,narrative_review,human,E,retired_from_active_findings,topic_capacity_limit,2026-08-28,Git history and prior public-data snapshots
finding-pubmed-42617992,pubmed-42617992,42617992,10.1016/j.jstrokecerebrovasdis.2026.108731,Immuno-metabolic interactions along the microbiota-gut-brain axis in ischemic stroke: a narrative review.,microbiome-inflammaging,narrative_review,human,E,retired_from_active_findings,topic_capacity_limit,2026-08-28,Git history and prior public-data snapshots
finding-pubmed-42618017,pubmed-42618017,42618017,10.1016/j.jogn.2026.07.002,Biomarkers for Biological Aging in Postmenopausal Women.,microbiome-inflammaging,metadata_only_needs_classification,human,E,retired_from_active_findings,title_topic_signal_missing,2026-08-28,Git history and prior public-data snapshots
finding-pubmed-42618336,pubmed-42618336,42618336,10.1111/imj.70603,Tigecycline combination therapy for fulminant Clostridioides difficile infection: an Australian experience.,microbiome-inflammaging,metadata_only_needs_classification,human,E,retired_from_active_findings,title_topic_signal_missing,2026-08-28,Git history and prior public-data snapshots
finding-pubmed-42618523,pubmed-42618523,42618523,10.1002/oby.70277,Major Adverse Liver Outcomes With Tirzepatide and Injectable Semaglutide in Adults With Overweight or Obesity and Type 2 Diabetes.,glp1-weight-cardiometabolic,metadata_only_needs_classification,human,E,retired_from_active_findings,topic_capacity_limit,2026-08-28,Git history and prior public-data snapshots
finding-pubmed-42618571,pubmed-42618571,42618571,10.1038/s41467-026-76108-z,Injury-driven stromal exhaustion disrupts intrinsic regenerative capability.,microbiome-inflammaging,metadata_only_needs_classification,human,E,retired_from_active_findings,title_topic_signal_missing,2026-08-28,Git history and prior public-data snapshots
finding-pubmed-42618679,pubmed-42618679,42618679,10.1038/s41371-026-01199-6,The association between mobility and asleep blood pressure alterations in frail and non-frail adults 80 years and older.,resistance-training-muscle,metadata_only_needs_classification,human,E,retired_from_active_findings,topic_capacity_limit,2026-08-28,Git history and prior public-data snapshots
finding-pubmed-42618722,pubmed-42618722,42618722,10.1007/s12630-026-03187-3,Preoperative fasting status and retained gastric contents in patients undergoing endoscopy who are using glucagon-like peptide type 1 receptor agonists: a multicentre retrospective study.,glp1-weight-cardiometabolic,human_cohort,human,C,retired_from_active_findings,title_topic_signal_missing,2026-08-28,Git history and prior public-data snapshots
finding-pubmed-42618772,pubmed-42618772,42618772,10.1038/s43587-026-01192-1,Noncircadian BMAL1-YAP activity amplifies persistent inflammation in aged epidermis.,microbiome-inflammaging,animal_study,mouse,D,retired_from_active_findings,title_topic_signal_missing,2026-08-28,Git history and prior public-data snapshots
finding-pubmed-42618869,pubmed-42618869,42618869,10.1007/s11357-026-02437-y,The impact of cumulative obesity and genetic susceptibility on biological aging in Chinese older adults.,epigenetic-clocks,metadata_only_needs_classification,human,E,retired_from_active_findings,title_topic_signal_missing,2026-08-28,Git history and prior public-data snapshots
finding-pubmed-42618902,pubmed-42618902,42618902,10.1186/s12877-026-08107-0,Stakeholder perspectives informing the design and development of a digital self-help intervention for healthy aging and mental well-being among older adults in urban India: a qualitative study.,physical-activity-healthspan,metadata_only_needs_classification,human,E,retired_from_active_findings,title_topic_signal_missing,2026-08-28,Git history and prior public-data snapshots
finding-pubmed-42618933,pubmed-42618933,42618933,10.1186/s13020-026-01415-y,Modified Gan-Mai-Da-Zao decoction for behavioral and psychological symptoms of dementia: preclinical efficacy and molecular mechanisms.,sleep-aging,animal_study,mouse,D,retired_from_active_findings,title_topic_signal_missing,2026-08-28,Git history and prior public-data snapshots
finding-pubmed-42619255,pubmed-42619255,42619255,10.1002/adhm.71594,Mitochondria-Targeted Nanotherapies in Aging Neurodegenerative Disorders: Emerging Prospects and Clinical Potential.,autophagy-mitophagy,narrative_review,human,E,retired_from_active_findings,title_topic_signal_missing,2026-08-28,Git history and prior public-data snapshots
finding-pubmed-42619278,pubmed-42619278,42619278,10.1002/elps.70144,Coated and Immobilized Polysaccharides-Based Stationary Phases for Planar Metallocenes Enantioseparation in Liquid Chromatography.,microbiome-inflammaging,metadata_only_needs_classification,cell,E,retired_from_active_findings,title_topic_signal_missing,2026-08-28,Git history and prior public-data snapshots
finding-pubmed-42619286,pubmed-42619286,42619286,10.1093/eurheartj/ehag621,Weekly Journal Scan: SURMOUNT and MAINTAIN the summit: tirzepatide after successful bodyweight loss.,glp1-weight-cardiometabolic,metadata_only_needs_classification,needs_review,E,retired_from_active_findings,topic_capacity_limit,2026-08-28,Git history and prior public-data snapshots
finding-pubmed-42619385,pubmed-42619385,42619385,10.1097/CM9.0000000000004273,Targeting interleukin-6 in immune-mediated inflammatory diseases: Current strategies and emerging technologies.,microbiome-inflammaging,metadata_only_needs_classification,human,E,retired_from_active_findings,title_topic_signal_missing,2026-08-28,Git history and prior public-data snapshots
finding-pubmed-42619425,pubmed-42619425,42619425,10.1080/13696998.2026.2718661,The ongoing challenge of Clostridioides difficile infection in Austria: economic evaluation of two recommended treatment pathways.,microbiome-inflammaging,metadata_only_needs_classification,human,E,retired_from_active_findings,title_topic_signal_missing,2026-08-28,Git history and prior public-data snapshots
finding-pubmed-42619634,pubmed-42619634,42619634,10.1111/head.70131,Glucagon-like peptide-1 receptor agonists in idiopathic intracranial hypertension: A systematic review and meta-analysis.,glp1-weight-cardiometabolic,systematic_review_or_meta_analysis,human,E,retired_from_active_findings,title_topic_signal_missing,2026-08-28,Git history and prior public-data snapshots
finding-pubmed-42620560,pubmed-42620560,42620560,10.1016/j.obpill.2026.100317,Increasing skeletal muscle mass and strength during incretin-based weight loss.,glp1-weight-cardiometabolic,metadata_only_needs_classification,human,E,retired_from_active_findings,title_topic_signal_missing,2026-08-28,Git history and prior public-data snapshots
finding-pubmed-42620943,pubmed-42620943,42620943,10.1177/20406207261475903,"Prevalence and factors associated with anemia among people living with HIV taking dolutegravir-based antiretroviral therapy at debre markos compressive specialized hospital, debre markos, northwest Ethiopia, 2024: A cross-sectional study.",microbiome-inflammaging,metadata_only_needs_classification,human,E,retired_from_active_findings,title_topic_signal_missing,2026-08-28,Git history and prior public-data snapshots
finding-pubmed-42621201,pubmed-42621201,42621201,10.1016/j.isci.2026.116701,Accelerated biological aging predicts poor outcomes in frail ICU patients.,resistance-training-muscle,metadata_only_needs_classification,human,E,retired_from_active_findings,topic_capacity_limit,2026-08-28,Git history and prior public-data snapshots
finding-pubmed-42621660,pubmed-42621660,42621660,10.1002/smmd.70050,Advancing Treatment of Degenerative Eye Diseases at the Nanoscale.,microbiome-inflammaging,narrative_review,human,E,retired_from_active_findings,title_topic_signal_missing,2026-08-28,Git history and prior public-data snapshots
finding-pubmed-42621775,pubmed-42621775,42621775,10.1002/mds.70496,Pathogenic GBA1 Variants and their Interaction with the Gut-Microbiota-Brain Axis in Parkinson's Disease.,microbiome-inflammaging,metadata_only_needs_classification,needs_review,E,retired_from_active_findings,topic_capacity_limit,2026-08-28,Git history and prior public-data snapshots
finding-pubmed-42621973,pubmed-42621973,42621973,10.2147/COPD.S615741,Questionnaire-Based Assessment of Physical Disability in COPD.,resistance-training-muscle,human_cohort,human,B,retired_from_active_findings,title_topic_signal_missing,2026-08-28,Git history and prior public-data snapshots
finding-pubmed-42622093,pubmed-42622093,42622093,10.1002/1873-3468.70445,The impact of aging on the gut-liver axis in health and disease.,microbiome-inflammaging,narrative_review,human,E,retired_from_active_findings,title_topic_signal_missing,2026-08-28,Git history and prior public-data snapshots
finding-pubmed-42622119,pubmed-42622119,42622119,10.1161/JAHA.126.049243,Sex Differences in Postoperative Recovery and Mortality After High-Risk Cardiac Surgery: A Propensity Score-Matched Post Hoc Analysis of the SUSTAIN-CSX Trial.,resistance-training-muscle,metadata_only_needs_classification,human,E,retired_from_active_findings,title_topic_signal_missing,2026-08-28,Git history and prior public-data snapshots
finding-pubmed-42622205,pubmed-42622205,42622205,10.1080/00325481.2026.2721720,Oral semaglutide for obesity: clarifying comparative evidence and real-world applicability.,glp1-weight-cardiometabolic,metadata_only_needs_classification,needs_review,E,retired_from_active_findings,topic_capacity_limit,2026-08-28,Git history and prior public-data snapshots
finding-pubmed-42622637,pubmed-42622637,42622637,10.1007/s00103-026-04288-6,[Walkability in older age: built environment factors and function-sensitive assessment in urban areas].,physical-activity-healthspan,narrative_review,human,E,retired_from_active_findings,title_topic_signal_missing,2026-08-28,Git history and prior public-data snapshots
finding-pubmed-42622752,pubmed-42622752,42622752,10.1007/s11739-026-04499-4,Oral semaglutide vs DPP-4 inhibitors in reducing risk of cognitive impairment in elderly patients with HFpEF and obesity.,glp1-weight-cardiometabolic,metadata_only_needs_classification,human,E,retired_from_active_findings,topic_capacity_limit,2026-08-28,Git history and prior public-data snapshots
finding-pubmed-42622779,pubmed-42622779,42622779,10.1007/s10730-026-09606-8,Biological-Age Scoring and the Risk of Algorithmic Age Discrimination: An Institutional Ethics Framework.,epigenetic-clocks,metadata_only_needs_classification,human,E,retired_from_active_findings,title_topic_signal_missing,2026-08-28,Git history and prior public-data snapshots
finding-pubmed-42622874,pubmed-42622874,42622874,10.1007/s00264-026-06984-z,Investigating the impact of Glucagon-like peptide-1 therapy on total shoulder arthroplasty outcomes.,glp1-weight-cardiometabolic,metadata_only_needs_classification,human,E,retired_from_active_findings,title_topic_signal_missing,2026-08-28,Git history and prior public-data snapshots
finding-pubmed-42622904,pubmed-42622904,42622904,10.1007/s12017-026-08945-6,Semaglutide Alleviates LPS-Induced Cognitive Disorder via O-GlcNAcylation of AKT-mTOR Signaling Pathway Components.,glp1-weight-cardiometabolic,mixed_human_and_animal_study,mixed_human_animal,D,retired_from_active_findings,topic_capacity_limit,2026-08-28,Git history and prior public-data snapshots
finding-pubmed-42623311,pubmed-42623311,42623311,10.1159/crd/absag007,Development and Validation of a Clinical Nomogram for Predicting Angiographic Progression of Coronary Heart Disease.,ldl-apob-cardiovascular-risk,metadata_only_needs_classification,human,E,retired_from_active_findings,title_topic_signal_missing,2026-08-28,Git history and prior public-data snapshots
finding-pubmed-42623313,pubmed-42623313,42623313,10.1152/ajpendo.00113.2026,A noninvasive (13)C-mannitol breath test to monitor semaglutide treatment-induced delayed oral-cecal transit in mice.,glp1-weight-cardiometabolic,animal_study,mouse,D,retired_from_active_findings,nonhuman_record_in_human_outcome_topic,2026-08-28,Git history and prior public-data snapshots
finding-pubmed-42623523,pubmed-42623523,42623523,10.1097/HC9.0000000000001019,The rate of and risk factors for falls among patients with cirrhosis: A multicenter study.,resistance-training-muscle,metadata_only_needs_classification,human,E,retired_from_active_findings,title_topic_signal_missing,2026-08-28,Git history and prior public-data snapshots
finding-pubmed-42623782,pubmed-42623782,42623782,10.1016/j.ric.2026.100054,Behavioral and neuronal biomarkers of aging and disease: Integration with physical performance and function.,resistance-training-muscle,metadata_only_needs_classification,human,E,retired_from_active_findings,title_topic_signal_missing,2026-08-28,Git history and prior public-data snapshots
finding-pubmed-42623876,pubmed-42623876,42623876,10.1016/j.jhazmat.2026.143327,A combined hazard to mariculture: Quality and safety impairment associated with intestinal barrier disruption in fish co-exposed to environmentally relevant microplastics and antibiotics.,microbiome-inflammaging,metadata_only_needs_classification,human,E,retired_from_active_findings,title_topic_signal_missing,2026-08-28,Git history and prior public-data snapshots
finding-pubmed-42624212,pubmed-42624212,42624212,10.1016/j.bpsc.2026.07.019,Fluctuations in real-life drinking in alcohol use disorder: A one-year longitudinal study using gamified tasks of decision making and cognitive control.,physical-activity-healthspan,human_cohort,human,C,retired_from_active_findings,title_topic_signal_missing,2026-08-28,Git history and prior public-data snapshots
finding-pubmed-42624237,pubmed-42624237,42624237,10.1016/j.envpol.2026.129002,"Photoaging-induced phytotoxicity of tire wear particles on tomato (Solanum lycopersicum L.): Evidence from oxidative stress, metabolic reprogramming, and microbial shifts.",microbiome-inflammaging,metadata_only_needs_classification,human,E,retired_from_active_findings,title_topic_signal_missing,2026-08-28,Git history and prior public-data snapshots
finding-pubmed-42624291,pubmed-42624291,42624291,10.1016/j.arr.2026.103312,Mitochondrial dysfunction in neurodegenerative diseases: Mechanisms and therapeutic advances.,autophagy-mitophagy,animal_study,animal,D,retired_from_active_findings,title_topic_signal_missing,2026-08-28,Git history and prior public-data snapshots
finding-pubmed-42624300,pubmed-42624300,42624300,10.1016/j.bbadis.2026.168421,From protection to progression: How CCT/TRiC shapes therapy-induced senescence in glioblastoma multiforme.,senolytics,narrative_review,human,E,retired_from_active_findings,title_topic_signal_missing,2026-08-28,Git history and prior public-data snapshots
finding-pubmed-42624319,pubmed-42624319,42624319,10.1016/j.envres.2026.125485,"Beyond heatwaves and cold spells: Long-term exposure to short-duration extremes, behavioural pathways, and hypertension risk in a national Chinese cohort.",sleep-aging,human_cohort,human,C,retired_from_active_findings,title_topic_signal_missing,2026-08-28,Git history and prior public-data snapshots
finding-pubmed-42624330,pubmed-42624330,42624330,10.1016/j.diabres.2026.113504,"Trends in utilization of glucagon-like peptide‑1 receptor agonists, sodium-glucose cotransporter‑2 inhibitors, and metabolic bariatric surgery in U.S. Adults with diabetes and obesity.",glp1-weight-cardiometabolic,metadata_only_needs_classification,human,E,retired_from_active_findings,title_topic_signal_missing,2026-08-28,Git history and prior public-data snapshots
finding-pubmed-42624351,pubmed-42624351,42624351,10.1016/j.biosystems.2026.105924,"Aging as cross-hallmark obstruction amplification: A sheaf-theoretic model of repair closure, senescence, inflammation, and regenerative failure.",senolytics,metadata_only_needs_classification,human,E,retired_from_active_findings,title_topic_signal_missing,2026-08-28,Git history and prior public-data snapshots
finding-pubmed-42624354,pubmed-42624354,42624354,10.1016/j.cardfail.2026.08.005,Machine Learning Predicts Functional Decline and Risk Phenotypes in Older Patients With Heart Failure.,resistance-training-muscle,human_cohort,human,B,retired_from_active_findings,title_topic_signal_missing,2026-08-28,Git history and prior public-data snapshots
finding-pubmed-42624356,pubmed-42624356,42624356,10.1016/j.lfs.2026.124642,"Redox-sensitive coordination of mitochondrial quality control: Integrating ROS, NAD(+), and Ca(2+) signaling in disease.",autophagy-mitophagy,narrative_review,human,E,retired_from_active_findings,title_topic_signal_missing,2026-08-28,Git history and prior public-data snapshots
finding-pubmed-42624590,pubmed-42624590,42624590,10.1136/bmjopen-2026-122003,Women in healthy transition deep phenotyping cohort study protocol (KiSO-DP): a within-participant multidisciplinary longitudinal cohort study across the menopausal transition.,blood-pressure-aging,protocol_or_registered_plan,human,E,retired_from_active_findings,protocol_or_registered_plan,2026-08-28,Git history and prior public-data snapshots
finding-pubmed-42624643,pubmed-42624643,42624643,10.1136/bmjresp-2025-004039,"A protocol for the rehabilitation of patients undergoing mechanical ventilation from the ICU to the post-hospital phase: the MOVE-ICUtoHOME, a multicentre randomised controlled trial.",cardiorespiratory-fitness,protocol_or_registered_plan,human,E,retired_from_active_findings,protocol_or_registered_plan,2026-08-28,Git history and prior public-data snapshots
finding-pubmed-42624776,pubmed-42624776,42624776,10.1097/CM9.0000000000004152,"Aging-, obesity-, and diabetes-related sarcopenia: Pathogenesis and interventions.",resistance-training-muscle,metadata_only_needs_classification,human,E,retired_from_active_findings,topic_capacity_limit,2026-08-28,Git history and prior public-data snapshots
finding-pubmed-42624917,pubmed-42624917,42624917,10.1038/s43587-026-01196-x,Inhibiting cyclin D1-CDK6 suppresses senescence-associated inflammatory gene expression and age-related functional decline.,resistance-training-muscle,animal_study,mouse,D,retired_from_active_findings,title_topic_signal_missing,2026-08-28,Git history and prior public-data snapshots
finding-pubmed-42624955,pubmed-42624955,42624955,10.1007/s11920-026-01709-w,"GLP-1 and dual GIP/GLP-1 receptor agonists' psychopharmacology and putative neuropsychiatric associated effects: a Bradford Hill-informed, systematic, evaluation.",glp1-weight-cardiometabolic,narrative_review,human,E,retired_from_active_findings,topic_capacity_limit,2026-08-28,Git history and prior public-data snapshots
finding-pubmed-42624997,pubmed-42624997,42624997,10.1007/s11606-026-10734-7,Bridging Social Determinants of Health and Multidimensional Frailty Among Older Adults: A Domain-Specific Latent Class and Network Analysis.,resistance-training-muscle,metadata_only_needs_classification,human,E,retired_from_active_findings,topic_capacity_limit,2026-08-28,Git history and prior public-data snapshots
finding-pubmed-42625100,pubmed-42625100,42625100,10.1007/s11357-026-02481-8,Examination of DNAm PhenoAge as an epigenetic biomarker for perioperative risk in adult spinal deformity surgeries.,epigenetic-clocks,metadata_only_needs_classification,human,E,retired_from_active_findings,title_topic_signal_missing,2026-08-28,Git history and prior public-data snapshots
finding-pubmed-42625193,pubmed-42625193,42625193,10.1186/s13071-026-07307-2,Comparative proteomic analysis of the angiogenic response in an in vitro model of vascular endothelial cells to excretory/secretory and somatic antigens of Dirofilaria immitis.,resistance-training-muscle,mechanistic_or_cell_study,human,E,retired_from_active_findings,title_topic_signal_missing,2026-08-28,Git history and prior public-data snapshots
finding-pubmed-42625231,pubmed-42625231,42625231,10.1186/s13071-026-07314-3,Endothelial proteomic response to Dirofilaria repens somatic antigens and the Dr20/22 protein reveals parasite-driven modulation of angiogenesis.,resistance-training-muscle,mechanistic_or_cell_study,human,E,retired_from_active_findings,title_topic_signal_missing,2026-08-28,Git history and prior public-data snapshots
finding-pubmed-42625269,pubmed-42625269,42625269,10.1097/CRD.0000000000001433,"Pediatric Hyperlipidemia Guidelines: A Comprehensive Review of Screening, Diagnosis, and Management.",ldl-apob-cardiovascular-risk,narrative_review,human,E,retired_from_active_findings,title_topic_signal_missing,2026-08-28,Git history and prior public-data snapshots
finding-pubmed-42625435,pubmed-42625435,42625435,10.1093/gerona/glag205,A generalized approach for estimating the pace of aging.,resistance-training-muscle,human_cohort,human,B,retired_from_active_findings,title_topic_signal_missing,2026-08-28,Git history and prior public-data snapshots
finding-pubmed-42625443,pubmed-42625443,42625443,10.1111/dmcn.70435,Pharmacological and non-pharmacological interventions for managing sleep disorders in children with cerebral palsy: A systematic review.,sleep-aging,systematic_review_or_meta_analysis,human,E,retired_from_active_findings,topic_capacity_limit,2026-08-28,Git history and prior public-data snapshots
finding-pubmed-42625519,pubmed-42625519,42625519,10.1093/eurheartj/ehag640,Statins and frailty in older adults: from cardioprotection to geroprotection.,resistance-training-muscle,metadata_only_needs_classification,human,E,retired_from_active_findings,topic_capacity_limit,2026-08-28,Git history and prior public-data snapshots
finding-pubmed-42625925,pubmed-42625925,42625925,10.1002/agm2.70104,Impact of Acute Functional Decline on Frailty and Mortality in Acutely Hospitalized Older Persons.,resistance-training-muscle,metadata_only_needs_classification,human,E,retired_from_active_findings,topic_capacity_limit,2026-08-28,Git history and prior public-data snapshots
finding-pubmed-42625955,pubmed-42625955,42625955,10.1002/mco2.70950,Predicting Gut Microbiome Diversity and Core Species From the Urine Metabolome.,microbiome-inflammaging,metadata_only_needs_classification,needs_review,E,retired_from_active_findings,topic_capacity_limit,2026-08-28,Git history and prior public-data snapshots
finding-pubmed-42626086,pubmed-42626086,42626086,10.3389/fcell.2026.1912393,Integrative transcriptomic and experimental analyses prioritize TPT1 as a PANoptosis-associated candidate molecular marker in sarcopenia.,resistance-training-muscle,animal_study,mouse,D,retired_from_active_findings,nonhuman_record_in_human_outcome_topic,2026-08-28,Git history and prior public-data snapshots
finding-pubmed-42626100,pubmed-42626100,42626100,10.1177/22799036261480261,Predicting changes in U.S. county health: What does machine learning tell us about multiple determinants of health.,physical-activity-healthspan,metadata_only_needs_classification,human,E,retired_from_active_findings,title_topic_signal_missing,2026-08-28,Git history and prior public-data snapshots
finding-pubmed-42626880,pubmed-42626880,42626880,10.7189/jogh.16.04187,Comparative neuroprotective effects of antidiabetic medications on Parkinson's disease risk: a Bayesian network meta-analysis.,glp1-weight-cardiometabolic,systematic_review_or_meta_analysis,human,E,retired_from_active_findings,title_topic_signal_missing,2026-08-28,Git history and prior public-data snapshots
finding-pubmed-42626977,pubmed-42626977,42626977,10.1002/14651858.CD015065.pub2,Brain-computer interface training for motor recovery after stroke.,resistance-training-muscle,systematic_review_or_meta_analysis,human,A,retired_from_active_findings,title_topic_signal_missing,2026-08-28,Git history and prior public-data snapshots
finding-pubmed-42627257,pubmed-42627257,42627257,10.1097/MOP.0000000000001614,The role of preventive cardiology in children.,physical-activity-healthspan,metadata_only_needs_classification,human,E,retired_from_active_findings,title_topic_signal_missing,2026-08-28,Git history and prior public-data snapshots
finding-pubmed-42627303,pubmed-42627303,42627303,10.1016/j.jacasi.2026.06.037,Epidemiological Analysis and 2040 Projections of Atrial Fibrillation and Flutter in Asia.,blood-pressure-aging,metadata_only_needs_classification,human,E,retired_from_active_findings,title_topic_signal_missing,2026-08-28,Git history and prior public-data snapshots
finding-pubmed-42627583,pubmed-42627583,42627583,10.1007/s12026-026-09829-4,Hidden Burden: Liver and Gastrointestinal Involvement in Chronic Granulomatous Disease.,microbiome-inflammaging,metadata_only_needs_classification,human,E,retired_from_active_findings,title_topic_signal_missing,2026-08-28,Git history and prior public-data snapshots
finding-pubmed-42627586,pubmed-42627586,42627586,10.1007/s12012-026-10175-y,"Cardio-Oncology in Cold Climates: Epidemiological Features, Bidirectional Interaction Mechanisms, and Integrated Management Strategies.",microbiome-inflammaging,narrative_review,human,E,retired_from_active_findings,title_topic_signal_missing,2026-08-28,Git history and prior public-data snapshots
finding-pubmed-42627709,pubmed-42627709,42627709,10.1093/chidev/aacag164,"Peer victimization, school belonging, and epigenetic aging among children of Latino immigrants.",epigenetic-clocks,metadata_only_needs_classification,human,E,retired_from_active_findings,title_topic_signal_missing,2026-08-28,Git history and prior public-data snapshots
finding-pubmed-42627823,pubmed-42627823,42627823,10.1371/journal.pone.0335830,Effects of integrating self-efficacy strategies into multi-joint resistance exercise for overweight and obese older adults: A randomized controlled trial.,resistance-training-muscle,human_randomized_or_clinical_trial,human,B,retired_from_active_findings,title_topic_signal_missing,2026-08-28,Git history and prior public-data snapshots
finding-pubmed-42627907,pubmed-42627907,42627907,10.1126/sciadv.aed3119,A multi-functional oral small molecule targeting energy and lipid metabolism to treat obesity and related metabolic disorders.,glp1-weight-cardiometabolic,metadata_only_needs_classification,human,E,retired_from_active_findings,title_topic_signal_missing,2026-08-28,Git history and prior public-data snapshots
finding-pubmed-42627964,pubmed-42627964,42627964,10.1111/phn.70154,Association Between the Dietary Inflammatory Index and Cognitive Frailty in Older Adults: A Cross Sectional Analysis of NHANES Data.,resistance-training-muscle,narrative_review,human,E,retired_from_active_findings,topic_capacity_limit,2026-08-28,Git history and prior public-data snapshots
finding-pubmed-42628012,pubmed-42628012,42628012,10.1097/BRS.0000000000005833,Effects of Sarcopenia on Surgical Outcomes After Biportal Endoscopic Lumbar Decompression and Fusion: A Retrospective Observational Study.,resistance-training-muscle,metadata_only_needs_classification,human,E,retired_from_active_findings,topic_capacity_limit,2026-08-28,Git history and prior public-data snapshots
finding-pubmed-42628218,pubmed-42628218,42628218,10.1016/j.micres.2026.128689,Mechanisms linking the gut microbiota to colorectal cancer development and progression.,microbiome-inflammaging,narrative_review,human,E,retired_from_active_findings,topic_capacity_limit,2026-08-28,Git history and prior public-data snapshots
finding-pubmed-42628247,pubmed-42628247,42628247,10.1016/j.jnha.2026.100958,"A pilot study of daily blueberry intake modulates the gut microbiota enzyme commissions in older, sedentary adults with mild depressive symptoms.",microbiome-inflammaging,metadata_only_needs_classification,human,E,retired_from_active_findings,topic_capacity_limit,2026-08-28,Git history and prior public-data snapshots
finding-pubmed-42628267,pubmed-42628267,42628267,10.1016/j.medcli.2026.107589,The 3D/3D(+) model: A real-world approach to frailty in emergency care.,resistance-training-muscle,narrative_review,human,E,retired_from_active_findings,topic_capacity_limit,2026-08-28,Git history and prior public-data snapshots
finding-pubmed-42628298,pubmed-42628298,42628298,10.1016/j.regg.2026.101835,[Polypharmacy and mortality in hospitalized older adults: Systematic review with exploratory meta-analysis].,resistance-training-muscle,systematic_review_or_meta_analysis,human,A,retired_from_active_findings,title_topic_signal_missing,2026-08-28,Git history and prior public-data snapshots
finding-pubmed-42628299,pubmed-42628299,42628299,10.1016/j.regg.2026.101834,Treatment modality in older patients with end-stage kidney disease: Description and retrospective follow-up of a center's cohort.,resistance-training-muscle,human_cohort,human,B,retired_from_active_findings,title_topic_signal_missing,2026-08-28,Git history and prior public-data snapshots
finding-pubmed-42628444,pubmed-42628444,42628444,10.1016/j.jamda.2026.106418,Concern About Falling in a Mexican Clinical Cohort of Adults Aged ≥65 Years: Postfall Syndrome Construct.,resistance-training-muscle,human_cohort,human,B,retired_from_active_findings,title_topic_signal_missing,2026-08-28,Git history and prior public-data snapshots
finding-pubmed-42628478,pubmed-42628478,42628478,10.1016/j.gerinurse.2026.104203,The effect of combined lifestyle intervention among long term care facilities: A systematic review.,physical-activity-healthspan,systematic_review_or_meta_analysis,human,A,retired_from_active_findings,title_topic_signal_missing,2026-08-28,Git history and prior public-data snapshots
finding-pubmed-42628483,pubmed-42628483,42628483,10.1016/j.gerinurse.2026.104276,Nursing interventions for foot health and self-management in frail older adults with diabetes: A narrative review.,resistance-training-muscle,narrative_review,human,E,retired_from_active_findings,topic_capacity_limit,2026-08-28,Git history and prior public-data snapshots
finding-pubmed-42628655,pubmed-42628655,42628655,10.1016/j.diabres.2026.113509,"Optimal dose and exercise modality to improve HbA1c in older adults with type 2 diabetes mellitus: a systematic review with pairwise, network, and dose-response meta-analyses.",resistance-training-muscle,systematic_review_or_meta_analysis,human,A,retired_from_active_findings,title_topic_signal_missing,2026-08-28,Git history and prior public-data snapshots
finding-pubmed-42628720,pubmed-42628720,42628720,10.1016/j.joen.2026.08.019,Inflammation and Regeneration in the Dentine-Pulp Complex: Where are we now and where are we going?,microbiome-inflammaging,mechanistic_or_cell_study,human,E,retired_from_active_findings,title_topic_signal_missing,2026-08-28,Git history and prior public-data snapshots
finding-pubmed-42628735,pubmed-42628735,42628735,10.1016/j.clnesp.2026.105056,Postprandial metabolic flexibility during an oral glucose tolerance test in adults with excess body weight and/or excess adiposity: a sex-based comparison using indirect calorimetry.,resistance-training-muscle,metadata_only_needs_classification,human,E,retired_from_active_findings,title_topic_signal_missing,2026-08-28,Git history and prior public-data snapshots
finding-pubmed-42628736,pubmed-42628736,42628736,10.1016/j.clnesp.2026.105058,"Definitions, diagnostic criteria and assessment methods used in the diagnosis of sarcopenia: a scoping review.",resistance-training-muscle,narrative_review,human,E,retired_from_active_findings,topic_capacity_limit,2026-08-28,Git history and prior public-data snapshots
finding-pubmed-42628738,pubmed-42628738,42628738,10.1016/j.clnesp.2026.105059,Equation-dependent anthropometric muscle-mass estimates and functional screening limitations in home-bound older adults.,resistance-training-muscle,metadata_only_needs_classification,human,E,retired_from_active_findings,title_topic_signal_missing,2026-08-28,Git history and prior public-data snapshots
finding-pubmed-42628787,pubmed-42628787,42628787,10.1016/j.mvr.2026.105004,Ruxolitinib preserves endothelial function in middle-aged and old mice after ischemia/reperfusion injury.,resistance-training-muscle,animal_study,mouse,D,retired_from_active_findings,title_topic_signal_missing,2026-08-28,Git history and prior public-data snapshots
finding-pubmed-42628818,pubmed-42628818,42628818,10.1053/j.jrn.2026.08.008,"Malnutrition, protein-energy wasting, sarcopenia and sarcopenic obesity in hemodialysis patients.",resistance-training-muscle,metadata_only_needs_classification,human,E,retired_from_active_findings,topic_capacity_limit,2026-08-28,Git history and prior public-data snapshots
finding-pubmed-42628824,pubmed-42628824,42628824,10.1016/j.amjcard.2026.08.022,The Cancer-Associated Lipid Paradox: Implications for Cardiovascular Risk and Lipid Management.,ldl-apob-cardiovascular-risk,narrative_review,human,E,retired_from_active_findings,title_topic_signal_missing,2026-08-28,Git history and prior public-data snapshots
finding-pubmed-42628827,pubmed-42628827,42628827,10.1016/j.exer.2026.111198,Lycium barbarum polysaccharides ameliorates high-fat diet induced lipid accumulation and aging through triggering lipophagy.,autophagy-mitophagy,animal_study,mouse,D,retired_from_active_findings,title_topic_signal_missing,2026-08-28,Git history and prior public-data snapshots
finding-pubmed-42628848,pubmed-42628848,42628848,10.1016/j.arr.2026.103319,E3 Ubiquitin ligases molecular strategies against proteostasis defects of imperfect ageing.,autophagy-mitophagy,narrative_review,human,E,retired_from_active_findings,title_topic_signal_missing,2026-08-28,Git history and prior public-data snapshots
finding-pubmed-42628914,pubmed-42628914,42628914,10.1016/j.metabol.2026.156753,"Time-restricted eating, immunomodulation and ketone metabolism in humans.",time-restricted-eating,narrative_review,needs_review,E,retired_from_active_findings,topic_capacity_limit,2026-08-28,Git history and prior public-data snapshots
finding-pubmed-42628960,pubmed-42628960,42628960,10.1163/18762891-bja00132,Study on the regulatory effect of Bifidobacterium animalis subsp. lactis BLa80 on immune function of healthy mice and pathogenicity in animals.,microbiome-inflammaging,animal_study,mouse,D,retired_from_active_findings,title_topic_signal_missing,2026-08-28,Git history and prior public-data snapshots
finding-pubmed-42629279,pubmed-42629279,42629279,10.1016/j.transproceed.2026.06.036,The Effects of Sarcopenia on Postoperative Outcomes in Living Donor Liver Transplantation Recipients: Insights From a Turkish Single-Center Study.,resistance-training-muscle,metadata_only_needs_classification,human,E,retired_from_active_findings,topic_capacity_limit,2026-08-28,Git history and prior public-data snapshots
finding-pubmed-42629301,pubmed-42629301,42629301,10.1016/j.tcb.2026.08.002,Vitamins tune cell death thresholds.,microbiome-inflammaging,narrative_review,cell,E,retired_from_active_findings,title_topic_signal_missing,2026-08-28,Git history and prior public-data snapshots
finding-pubmed-42629302,pubmed-42629302,42629302,10.1016/j.injury.2026.113601,Risk stratification in older adults with rib fractures: Performance of the STUMBL score.,resistance-training-muscle,metadata_only_needs_classification,human,E,retired_from_active_findings,title_topic_signal_missing,2026-08-28,Git history and prior public-data snapshots
finding-pubmed-42629305,pubmed-42629305,42629305,10.1016/j.ultrasmedbio.2026.07.019,Multi-Parameter Imaging-Derived Muscle Assessment System for Older Adults: A Promising Muscle Function Evaluation Tool.,resistance-training-muscle,metadata_only_needs_classification,human,E,retired_from_active_findings,title_topic_signal_missing,2026-08-28,Git history and prior public-data snapshots
finding-pubmed-42629315,pubmed-42629315,42629315,10.1002/1744-9987.70213,Case Series: Management of Elevated Lipoprotein(a) by Double-Filtration Plasmapheresis in Hemodialysis Patients With Chronic Kidney Disease.,ldl-apob-cardiovascular-risk,metadata_only_needs_classification,human,E,retired_from_active_findings,title_topic_signal_missing,2026-08-28,Git history and prior public-data snapshots
finding-pubmed-42629350,pubmed-42629350,42629350,10.1038/s41514-026-00491-6,How age and sex interaction is associated with immune aging with implications for vaccines and age-related autoimmunity.,microbiome-inflammaging,narrative_review,human,E,retired_from_active_findings,topic_capacity_limit,2026-08-28,Git history and prior public-data snapshots
finding-pubmed-42629391,pubmed-42629391,42629391,10.1038/s41375-026-03123-w,Health status impairments in tyrosine kinase inhibitor-treated chronic myeloid leukemia patients versus blood or marrow transplant survivors and non-cancer controls.,resistance-training-muscle,metadata_only_needs_classification,human,E,retired_from_active_findings,title_topic_signal_missing,2026-08-28,Git history and prior public-data snapshots
finding-pubmed-42629417,pubmed-42629417,42629417,10.1007/s00210-026-05813-9,Psychiatric and eye disorders associated with use of glucagon-like peptide 1 receptor agonists (GLP-1 RAs).,glp1-weight-cardiometabolic,metadata_only_needs_classification,human,E,retired_from_active_findings,topic_capacity_limit,2026-08-28,Git history and prior public-data snapshots
finding-pubmed-42629421,pubmed-42629421,42629421,10.1007/s00210-026-05855-z,A mechanism investigation on the effective strategy for alleviating acute myocardial infarction associated with sleep deprivation.,sleep-aging,animal_study,animal,D,retired_from_active_findings,nonhuman_record_in_human_outcome_topic,2026-08-28,Git history and prior public-data snapshots
finding-pubmed-42629519,pubmed-42629519,42629519,10.1007/s11357-026-02462-x,Mild cognitive impairment and pre-frailty show distinct plasma multi-omic signatures: a cross-sectional study.,resistance-training-muscle,metadata_only_needs_classification,human,E,retired_from_active_findings,topic_capacity_limit,2026-08-28,Git history and prior public-data snapshots
finding-pubmed-42629536,pubmed-42629536,42629536,10.1007/s11739-026-04452-5,Integrating comprehensive geriatric care into emergency departments: the GIROT-ED model.,resistance-training-muscle,metadata_only_needs_classification,human,E,retired_from_active_findings,title_topic_signal_missing,2026-08-28,Git history and prior public-data snapshots
finding-pubmed-42629558,pubmed-42629558,42629558,10.1186/s13049-026-01676-4,"Thoracic injuries in elderly trauma patients epidemiology, injury characteristics, in-hospital care and outcome.",blood-pressure-aging,metadata_only_needs_classification,human,E,retired_from_active_findings,title_topic_signal_missing,2026-08-28,Git history and prior public-data snapshots
finding-pubmed-42629597,pubmed-42629597,42629597,10.1177/10398562261479289,Real-world safety profile of trazodone: Evidence from FAERS pharmacovigilance data (2004-2024).,sleep-aging,metadata_only_needs_classification,human,E,retired_from_active_findings,title_topic_signal_missing,2026-08-28,Git history and prior public-data snapshots
finding-pubmed-42629705,pubmed-42629705,42629705,10.1097/MD.0000000000050169,Linking probable respiratory sarcopenia to frailty in older adults: A cross-sectional and longitudinal analysis.,resistance-training-muscle,metadata_only_needs_classification,human,E,retired_from_active_findings,topic_capacity_limit,2026-08-28,Git history and prior public-data snapshots
finding-pubmed-42630124,pubmed-42630124,42630124,10.1111/imj.70599,Development and application of a frailty index derived from patient-reported outcome measures and comorbidities in oncology patients.,resistance-training-muscle,metadata_only_needs_classification,human,E,retired_from_active_findings,topic_capacity_limit,2026-08-28,Git history and prior public-data snapshots
finding-pubmed-42630470,pubmed-42630470,42630470,10.3389/fendo.2026.1813608,Sedentary behavior and type 2 diabetes in community-dwelling middle-aged and older adults: indirect cross-sectional correlation of sarcopenic obesity.,resistance-training-muscle,metadata_only_needs_classification,human,E,retired_from_active_findings,topic_capacity_limit,2026-08-28,Git history and prior public-data snapshots
finding-pubmed-42630552,pubmed-42630552,42630552,10.1177/20552076261479799,Frail older adults' challenges in using telehealth services: A scoping review.,resistance-training-muscle,narrative_review,human,E,retired_from_active_findings,topic_capacity_limit,2026-08-28,Git history and prior public-data snapshots
finding-pubmed-42631388,pubmed-42631388,42631388,10.1152/japplphysiol.00519.2026,Cardiometabolic Benefits and Risks for Transgender Youth with the Initiation of Gender-Affirming Hormone Therapy: a case series.,ldl-apob-cardiovascular-risk,metadata_only_needs_classification,needs_review,E,retired_from_active_findings,title_topic_signal_missing,2026-08-28,Git history and prior public-data snapshots
finding-pubmed-42631701,pubmed-42631701,42631701,10.1093/jbmr/zjag127,Osteosarcopenia Revisited: From Mechanisms to Management.,resistance-training-muscle,metadata_only_needs_classification,human,E,retired_from_active_findings,topic_capacity_limit,2026-08-28,Git history and prior public-data snapshots
finding-pubmed-42631706,pubmed-42631706,42631706,10.1093/sleep/zsag232,Future goals after clear illustrations of morbidity and mortality associated with wearable-measured short sleep duration.,sleep-aging,metadata_only_needs_classification,needs_review,E,retired_from_active_findings,topic_capacity_limit,2026-08-28,Git history and prior public-data snapshots
finding-pubmed-42631724,pubmed-42631724,42631724,10.1007/s00702-026-03204-1,Frailty in Parkinson's disease: time to integrate it into treatment decision-making?,resistance-training-muscle,narrative_review,human,E,retired_from_active_findings,topic_capacity_limit,2026-08-28,Git history and prior public-data snapshots
finding-pubmed-42631799,pubmed-42631799,42631799,10.1007/s12325-026-03750-w,Risk of protein intake deficiency during treatment with GLP-1 and GIP/GLP-1 receptor agonists: considerations for secondary sarcopenia.,resistance-training-muscle,narrative_review,human,E,retired_from_active_findings,topic_capacity_limit,2026-08-28,Git history and prior public-data snapshots
finding-pubmed-42631814,pubmed-42631814,42631814,10.1007/s12975-026-01491-0,Therapeutic Potential of NLRP3 Inhibitor MCC950 in Aging Mice Stroke Outcomes.,microbiome-inflammaging,animal_study,mouse,D,retired_from_active_findings,title_topic_signal_missing,2026-08-28,Git history and prior public-data snapshots
finding-pubmed-42631826,pubmed-42631826,42631826,10.1007/s11357-026-02484-5,Integrating biological aging into clinical practice: a review and path forward for precision longevity medicine.,physical-activity-healthspan,narrative_review,human,E,retired_from_active_findings,title_topic_signal_missing,2026-08-28,Git history and prior public-data snapshots
finding-pubmed-42631833,pubmed-42631833,42631833,10.1007/s41999-026-01590-z,"Coexisting malnutrition risk, frailty, and probable sarcopenia are associated with previous-year falls in community-dwelling older adults: a retrospective cross-sectional real-world evidence study.",resistance-training-muscle,metadata_only_needs_classification,human,E,retired_from_active_findings,topic_capacity_limit,2026-08-28,Git history and prior public-data snapshots
finding-pubmed-42632246,pubmed-42632246,42632246,10.1016/j.arr.2026.103320,"Ageing of the skeletal muscle as a barrier to cell therapy: Cell sources, microenvironmental failure and autologous alternatives.",resistance-training-muscle,narrative_review,human,E,retired_from_active_findings,title_topic_signal_missing,2026-08-28,Git history and prior public-data snapshots
finding-pubmed-42632247,pubmed-42632247,42632247,10.1016/j.arr.2026.103316,Developmental programming of skeletal muscle aging by parental exercise: Intergenerational mechanisms and implications for lifelong muscle health.,physical-activity-healthspan,narrative_review,human,E,retired_from_active_findings,topic_capacity_limit,2026-08-28,Git history and prior public-data snapshots
finding-pubmed-42632370,pubmed-42632370,42632370,10.1016/j.jgo.2026.103094,Differential effects of social determinants on cancer survival by age at diagnosis: A population-based study in Alabama.,resistance-training-muscle,metadata_only_needs_classification,human,E,retired_from_active_findings,title_topic_signal_missing,2026-08-28,Git history and prior public-data snapshots
finding-pubmed-42632433,pubmed-42632433,42632433,10.1016/j.exger.2026.113291,"Triglyceride-glucose frailty index, metabolic-frailty phenotypes, and mortality in critically ill patients with acute kidney injury: Derivation, interpretation, and external validation.",resistance-training-muscle,metadata_only_needs_classification,human,E,retired_from_active_findings,topic_capacity_limit,2026-08-28,Git history and prior public-data snapshots
finding-pubmed-42632460,pubmed-42632460,42632460,10.1016/j.arr.2026.103332,The Dark Side of the Matrix: Elastin-Derived Fragments Drive Aging by Igniting the Immune System.,microbiome-inflammaging,narrative_review,human,E,retired_from_active_findings,title_topic_signal_missing,2026-08-28,Git history and prior public-data snapshots
finding-pubmed-42632461,pubmed-42632461,42632461,10.1016/j.arr.2026.103330,Ambient air pollution exposure and cognitive aging; mediators and possible pathways: a systematic review on the epidemiological studies.,blood-pressure-aging,systematic_review_or_meta_analysis,human,A,retired_from_active_findings,title_topic_signal_missing,2026-08-28,Git history and prior public-data snapshots
finding-pubmed-42632463,pubmed-42632463,42632463,10.1016/j.arr.2026.103318,Counteracting vascular ageing with Traditional Chinese Medicine: Mechanisms at the cellular and molecular levels.,autophagy-mitophagy,narrative_review,human,E,retired_from_active_findings,title_topic_signal_missing,2026-08-28,Git history and prior public-data snapshots
finding-pubmed-42632465,pubmed-42632465,42632465,10.1016/j.arr.2026.103315,Exercise and p21 signaling in central nervous system aging and senescence: A context- and dose-dependent relationship.,senolytics,narrative_review,human,E,retired_from_active_findings,title_topic_signal_missing,2026-08-28,Git history and prior public-data snapshots
finding-pubmed-42632601,pubmed-42632601,42632601,10.1016/j.mad.2026.112240,Ensemble DNA methylation clock demonstrates Immune-metabolic aging signatures associated with mortality.,epigenetic-clocks,metadata_only_needs_classification,human,E,retired_from_active_findings,title_topic_signal_missing,2026-08-28,Git history and prior public-data snapshots
finding-pubmed-42632893,pubmed-42632893,42632893,10.1186/s13102-026-01997-y,Trainability of repetitions-in-reserve estimation in younger and older adults: a parallel-group repeated-measures study.,resistance-training-muscle,metadata_only_needs_classification,human,E,retired_from_active_findings,title_topic_signal_missing,2026-08-28,Git history and prior public-data snapshots
finding-pubmed-42632902,pubmed-42632902,42632902,10.1186/s12979-026-00588-2,CD8(+) effector memory and regulatory T cell dynamics predict subclinical atherosclerotic plaque formation in healthy aging.,physical-activity-healthspan,metadata_only_needs_classification,human,E,retired_from_active_findings,title_topic_signal_missing,2026-08-28,Git history and prior public-data snapshots
finding-pubmed-42632951,pubmed-42632951,42632951,10.1177/15598276261479608,Sex and Age Differences in Physical Activity and Dietary Patterns Among Brazilian Middle-Aged and Older Adults: Evidence From ELSI-Brazil.,physical-activity-healthspan,metadata_only_needs_classification,human,E,retired_from_active_findings,topic_capacity_limit,2026-08-28,Git history and prior public-data snapshots
finding-pubmed-42633004,pubmed-42633004,42633004,10.1177/11795514261480411,"Effects of Time-Restricted Eating on Insulin Sensitivity, Glycemic Control, and Metabolic Outcomes in Low- and Middle-Income Countries: A Systematic Review.",time-restricted-eating,systematic_review_or_meta_analysis,human,E,retired_from_active_findings,topic_capacity_limit,2026-08-28,Git history and prior public-data snapshots
finding-pubmed-42633081,pubmed-42633081,42633081,10.1155/humu/7869246,Multiomic Investigation of Shared Genetic Pathways in Paediatric Congenital Heart Disease and Neurodevelopmental Disorders.,epigenetic-clocks,metadata_only_needs_classification,human,E,retired_from_active_findings,title_topic_signal_missing,2026-08-28,Git history and prior public-data snapshots
finding-pubmed-42633089,pubmed-42633089,42633089,10.1515/biol-2025-1366,Protective effect and mechanism of SIRT1 under stress-induced vascular senescence.,autophagy-mitophagy,narrative_review,needs_review,E,retired_from_active_findings,title_topic_signal_missing,2026-08-28,Git history and prior public-data snapshots
finding-pubmed-42633386,pubmed-42633386,42633386,10.1016/j.jarlif.2026.100083,GLP-1 receptor agonist therapy and skeletal muscle: A narrative review synthesizing adult evidence with implications for older adults.,glp1-weight-cardiometabolic,narrative_review,human,E,retired_from_active_findings,topic_capacity_limit,2026-08-28,Git history and prior public-data snapshots
finding-pubmed-42633398,pubmed-42633398,42633398,10.1016/j.bioactmat.2026.08.008,Therapeutic potential and underlying mechanisms of engineered young plasma-derived exosomes in Alzheimer's disease.,autophagy-mitophagy,animal_study,mouse,D,retired_from_active_findings,title_topic_signal_missing,2026-08-28,Git history and prior public-data snapshots
finding-pubmed-42633442,pubmed-42633442,42633442,10.2147/JIR.S605211,Gut Microbiota-Immune Interactions in Chronic Lung Diseases: An Emerging Cross-Disease Perspective Gut-Lung Axis in Chronic Lung Disease.,microbiome-inflammaging,narrative_review,human,E,retired_from_active_findings,topic_capacity_limit,2026-08-28,Git history and prior public-data snapshots
finding-pubmed-42633863,pubmed-42633863,42633863,10.1016/j.mad.2026.112239,Homeostatic dysregulation and clocks: a distance-based perspective.,epigenetic-clocks,metadata_only_needs_classification,human,E,retired_from_active_findings,title_topic_signal_missing,2026-08-28,Git history and prior public-data snapshots
finding-pubmed-42633880,pubmed-42633880,42633880,10.1016/j.oftale.2026.502652,Nutrition and microbiota in ocular surface and dry eye disease.,microbiome-inflammaging,narrative_review,human,E,retired_from_active_findings,topic_capacity_limit,2026-08-28,Git history and prior public-data snapshots
finding-pubmed-42633920,pubmed-42633920,42633920,10.5582/bst.2026.01148,Immunometabolic reprogramming via GLP-1 receptor agonists in people with HIV: A multidimensional systemic framework.,microbiome-inflammaging,metadata_only_needs_classification,human,E,retired_from_active_findings,title_topic_signal_missing,2026-08-28,Git history and prior public-data snapshots
finding-pubmed-42634097,pubmed-42634097,42634097,10.1111/obr.70204,Targeting Overweight and Obesity Phenotypes for Secondary Prevention of Cardiovascular Disease: A Call to Action for the Middle East and Beyond.,glp1-weight-cardiometabolic,narrative_review,human,E,retired_from_active_findings,title_topic_signal_missing,2026-08-28,Git history and prior public-data snapshots
finding-pubmed-42634179,pubmed-42634179,42634179,10.1093/joneph/aajag108,Impact of the management of advanced kidney disease in patients over 80 years of age: a multicenter Spanish study.,blood-pressure-aging,metadata_only_needs_classification,human,E,retired_from_active_findings,title_topic_signal_missing,2026-08-28,Git history and prior public-data snapshots
finding-pubmed-42634284,pubmed-42634284,42634284,10.1111/dom.71226,Responders Vs. Non-Responders or How to Predict the Response to GLP-1 or GLP-1/GIP Receptor Agonist Therapy.,glp1-weight-cardiometabolic,narrative_review,human,E,retired_from_active_findings,topic_capacity_limit,2026-08-28,Git history and prior public-data snapshots
finding-pubmed-42634335,pubmed-42634335,42634335,10.2174/011570159X476604260704180015,Metformin in Neurodegenerative Diseases: Mechanisms and Therapeutic Implications.,metformin-aging,metadata_only_needs_classification,human,E,retired_from_active_findings,topic_capacity_limit,2026-08-28,Git history and prior public-data snapshots
finding-pubmed-42634500,pubmed-42634500,42634500,10.1080/0886022X.2026.2707677,Association of low calf circumference and underweight with sarcopenia in older adults with chronic kidney disease: a cross-sectional study.,resistance-training-muscle,metadata_only_needs_classification,human,E,retired_from_active_findings,topic_capacity_limit,2026-08-28,Git history and prior public-data snapshots
finding-pubmed-42634599,pubmed-42634599,42634599,10.1111/dme.70467,Addressing the landscape of diabetes care within community nursing: Learning from a Sussex-based service evaluation.,resistance-training-muscle,metadata_only_needs_classification,human,E,retired_from_active_findings,title_topic_signal_missing,2026-08-28,Git history and prior public-data snapshots
finding-pubmed-42634795,pubmed-42634795,42634795,10.1210/jendso/bvag177,Weight loss outcomes with tirzepatide in women with and without self-reported polycystic ovary syndrome.,glp1-weight-cardiometabolic,metadata_only_needs_classification,human,E,retired_from_active_findings,topic_capacity_limit,2026-08-28,Git history and prior public-data snapshots
finding-pubmed-42634881,pubmed-42634881,42634881,10.1113/JP291437,Musculoskeletal and physiological responses to vortex wave stimulation in older adults.,resistance-training-muscle,metadata_only_needs_classification,human,E,retired_from_active_findings,title_topic_signal_missing,2026-08-28,Git history and prior public-data snapshots
finding-pubmed-42634934,pubmed-42634934,42634934,10.1161/CIRCHEARTFAILURE.126.014620,Multimodal Framework of Left Heart-Pulmonary Vascular Remodeling Underlying Right Ventricular Failure in PH-HFpEF.,physical-activity-healthspan,metadata_only_needs_classification,human,E,retired_from_active_findings,title_topic_signal_missing,2026-08-28,Git history and prior public-data snapshots
finding-pubmed-42634937,pubmed-42634937,42634937,10.1161/HYPERTENSIONAHA.125.25929,Cf-PWV Versus ba-PWV in Predicting Cardiovascular Events: Insights From a Community-Based Cohort.,blood-pressure-aging,human_cohort,human,B,retired_from_active_findings,title_topic_signal_missing,2026-08-28,Git history and prior public-data snapshots
finding-pubmed-42634943,pubmed-42634943,42634943,10.1161/HYPERTENSIONAHA.126.26866,Explaining Variance in Pulse Wave Velocity in Youth: The Youth Vascular Consortium.,blood-pressure-aging,metadata_only_needs_classification,human,E,retired_from_active_findings,title_topic_signal_missing,2026-08-28,Git history and prior public-data snapshots
finding-pubmed-42635401,pubmed-42635401,42635401,10.1080/19490976.2026.2718620,Fecal filtrate transplantation as salvage therapy for fulminant Clostridioides difficile infection in adult hematological patients during chemotherapy-induced aplasia: a pilot experience.,microbiome-inflammaging,human_randomized_or_clinical_trial,human,C,retired_from_active_findings,title_topic_signal_missing,2026-08-28,Git history and prior public-data snapshots
finding-pubmed-42635647,pubmed-42635647,42635647,10.1007/s10143-026-04457-w,The molecular basis of arteriovenous malformations (AVMs): Review of inflammation in AVM pathogenesis.,microbiome-inflammaging,narrative_review,human,E,retired_from_active_findings,title_topic_signal_missing,2026-08-28,Git history and prior public-data snapshots
finding-pubmed-42635669,pubmed-42635669,42635669,10.1007/s00586-026-10293-9,"GLP-1 receptor agonists and outcomes after cervical spine fusion: a systematic review, meta-analysis, and evidence map of real-world evidence.",glp1-weight-cardiometabolic,systematic_review_or_meta_analysis,human,E,retired_from_active_findings,topic_capacity_limit,2026-08-28,Git history and prior public-data snapshots
finding-pubmed-42635688,pubmed-42635688,42635688,10.1002/advs.77271,RSF1-Dependent PAR Turnover Promotes 53BP1 Liquid Condensate Formation at DNA Damage Sites.,microbiome-inflammaging,metadata_only_needs_classification,human,E,retired_from_active_findings,title_topic_signal_missing,2026-08-28,Git history and prior public-data snapshots
finding-pubmed-42635802,pubmed-42635802,42635802,10.1007/s00383-026-06571-8,Preoperative nutritional status as a predictor of postoperative morbidity in pediatric gastrointestinal surgery: a systematic review and meta-analysis.,microbiome-inflammaging,systematic_review_or_meta_analysis,human,A,retired_from_active_findings,title_topic_signal_missing,2026-08-28,Git history and prior public-data snapshots
finding-pubmed-42635922,pubmed-42635922,42635922,10.1007/s11739-026-04501-z,Clinically recognized sepsis in older adults admitted to medical wards: patient characteristics and hospital outcomes from the REPOSI register.,resistance-training-muscle,metadata_only_needs_classification,human,E,retired_from_active_findings,title_topic_signal_missing,2026-08-28,Git history and prior public-data snapshots
finding-pubmed-42635973,pubmed-42635973,42635973,10.1177/10538127261476803,Validity and reliability of the six-minute pegboard and ring test for assessing upper limb functional capacity in patients with rheumatoid arthritis.,resistance-training-muscle,metadata_only_needs_classification,human,E,retired_from_active_findings,title_topic_signal_missing,2026-08-28,Git history and prior public-data snapshots
finding-pubmed-42636097,pubmed-42636097,42636097,10.1152/ajpheart.00417.2026,Role of epigenetic factors during blockade of the Renin-Angiotensin system across aging.,partial-reprogramming,narrative_review,human,E,retired_from_active_findings,title_topic_signal_missing,2026-08-28,Git history and prior public-data snapshots
finding-pubmed-42636157,pubmed-42636157,42636157,10.1182/blood.2026034204,Ferroptotic stress promotes hematopoietic stem cell aging through S1P-dependent epigenetic and lipid remodeling.,microbiome-inflammaging,animal_study,mouse,D,retired_from_active_findings,title_topic_signal_missing,2026-08-28,Git history and prior public-data snapshots
finding-pubmed-42636197,pubmed-42636197,42636197,10.1371/journal.pone.0356206,Effect of vision training on visual function in older adults: A pilot randomized trial.,resistance-training-muscle,human_randomized_or_clinical_trial,human,B,retired_from_active_findings,title_topic_signal_missing,2026-08-28,Git history and prior public-data snapshots
finding-pubmed-42636203,pubmed-42636203,42636203,10.1371/journal.pone.0346758,Perspectives of frail older adults and family caregivers on Urinary Incontinence interventions: A qualitative study.,resistance-training-muscle,metadata_only_needs_classification,human,E,retired_from_active_findings,topic_capacity_limit,2026-08-28,Git history and prior public-data snapshots
finding-pubmed-42636218,pubmed-42636218,42636218,10.1371/journal.pone.0356138,Antidiabetic medications and risk of cognitive disorders in type 2 diabetes: A retrospective cohort study.,metformin-aging,human_cohort,human,C,retired_from_active_findings,title_topic_signal_missing,2026-08-28,Git history and prior public-data snapshots
finding-pubmed-42636272,pubmed-42636272,42636272,10.1080/15504263.2026.2720402,Exploring The Role of GLP-1 Receptor Agonists and DPP4 Inhibitors in the Treatment of Opioid Use Disorder: A Scoping Review.,glp1-weight-cardiometabolic,narrative_review,human,E,retired_from_active_findings,topic_capacity_limit,2026-08-28,Git history and prior public-data snapshots
finding-pubmed-42636430,pubmed-42636430,42636430,10.1080/07399332.2026.2715599,Utilization of maternal healthcare services among women in 33 low-and middle-income countries: A pooled analysis of 2015-2022 demographic and health survey data.,physical-activity-healthspan,metadata_only_needs_classification,human,E,retired_from_active_findings,title_topic_signal_missing,2026-08-28,Git history and prior public-data snapshots
finding-pubmed-42636431,pubmed-42636431,42636431,10.1080/13607863.2026.2720598,Prevalent physical multimorbidity patterns and depressive symptom trajectories among community dwelling U.S. older adults.,blood-pressure-aging,metadata_only_needs_classification,human,E,retired_from_active_findings,title_topic_signal_missing,2026-08-28,Git history and prior public-data snapshots
finding-pubmed-42636541,pubmed-42636541,42636541,10.1016/j.medcli.2026.107590,Development and validation of a multivariable risk score for postoperative complications in urological surgery in older patients: FRAC cohort study.,resistance-training-muscle,human_cohort,human,B,retired_from_active_findings,title_topic_signal_missing,2026-08-28,Git history and prior public-data snapshots
finding-pubmed-42636703,pubmed-42636703,42636703,10.1016/j.jchromb.2026.125254,Tongxie Yaofang ameliorates chronic relapsing ulcerative colitis by regulating gut microbiota and microbial metabolites.,time-restricted-eating,animal_study,mouse,D,retired_from_active_findings,title_topic_signal_missing,2026-08-28,Git history and prior public-data snapshots
finding-pubmed-42636888,pubmed-42636888,42636888,10.1016/j.jconrel.2026.115297,Dual-transporter-targeted oral nanomicelles of semaglutide enable enhanced intestinal absorption and metabolic reprogramming in obesity and diabetes.,glp1-weight-cardiometabolic,animal_study,mouse,D,retired_from_active_findings,nonhuman_record_in_human_outcome_topic,2026-08-28,Git history and prior public-data snapshots
finding-pubmed-42636992,pubmed-42636992,42636992,10.1016/j.rmed.2026.109126,"COPD and Osteoporosis: Epidemiology, Pathophysiology, Clinical Impact, and Management Strategies: A Narrative Review.",resistance-training-muscle,narrative_review,human,E,retired_from_active_findings,title_topic_signal_missing,2026-08-28,Git history and prior public-data snapshots
finding-pubmed-42637012,pubmed-42637012,42637012,10.1016/j.arr.2026.103336,Mechanisms and therapeutic strategies for VEGFR inhibitor-induced cardiotoxicity and hepatotoxicity in cancer therapy.,resistance-training-muscle,narrative_review,human,E,retired_from_active_findings,title_topic_signal_missing,2026-08-28,Git history and prior public-data snapshots
finding-pubmed-42637159,pubmed-42637159,42637159,10.1016/j.exger.2026.113290,Peripheral blood mitochondrial DNA copy number is associated with cardiac diastolic dysfunction in frail older adults.,resistance-training-muscle,metadata_only_needs_classification,human,E,retired_from_active_findings,topic_capacity_limit,2026-08-28,Git history and prior public-data snapshots
finding-pubmed-42637261,pubmed-42637261,42637261,10.1136/bmjopen-2025-114655,"Burden, unmet healthcare and associated disabilities among people with prevalent stroke in tea-tribe communities of Cachar district, Assam state, Northeast India: a cross-sectional study.",blood-pressure-aging,metadata_only_needs_classification,human,E,retired_from_active_findings,title_topic_signal_missing,2026-08-28,Git history and prior public-data snapshots
finding-pubmed-42637526,pubmed-42637526,42637526,10.1136/gutjnl-2026-339128,Emerging exposure-driven accelerated colorectal carcinogenesis: a model with implications for screening colonoscopy effectiveness.,microbiome-inflammaging,narrative_review,human,E,retired_from_active_findings,title_topic_signal_missing,2026-08-28,Git history and prior public-data snapshots
finding-pubmed-42637918,pubmed-42637918,42637918,10.1007/s00113-026-01742-7,[Geriatric care concepts in the treatment of patients with trochanteric femoral fractures].,resistance-training-muscle,narrative_review,human,E,retired_from_active_findings,title_topic_signal_missing,2026-08-28,Git history and prior public-data snapshots
finding-pubmed-42637965,pubmed-42637965,42637965,10.1007/s10439-026-04338-9,Kinematics Limit the Potential to Capitalize on Available Muscle Strength During Sit-to-Stand for Patients Before and After Total Knee Arthroplasty.,resistance-training-muscle,metadata_only_needs_classification,human,E,retired_from_active_findings,topic_capacity_limit,2026-08-28,Git history and prior public-data snapshots
finding-pubmed-42637986,pubmed-42637986,42637986,10.1007/s10198-026-01986-5,How long retirement lasts matters: the effect of retirement duration on frailty in Europe.,resistance-training-muscle,metadata_only_needs_classification,human,E,retired_from_active_findings,topic_capacity_limit,2026-08-28,Git history and prior public-data snapshots
finding-pubmed-42637995,pubmed-42637995,42637995,10.1007/s41999-026-01593-w,"Communication strategies amongst healthcare professionals, patients and caregivers in Hospital-at-Home Admission Avoidance models for acutely ill older adults: a scoping review.",resistance-training-muscle,narrative_review,human,E,retired_from_active_findings,title_topic_signal_missing,2026-08-28,Git history and prior public-data snapshots
finding-pubmed-42638036,pubmed-42638036,42638036,10.1002/oby.70289,"Extreme Obesity (BMI ≥ 60 kg/m(2)) Characterization up to and Beyond 80 kg/m(2) in 1,262,454 Bariatric Surgery Patients.",sleep-aging,metadata_only_needs_classification,human,E,retired_from_active_findings,title_topic_signal_missing,2026-08-28,Git history and prior public-data snapshots
finding-pubmed-42638077,pubmed-42638077,42638077,10.1136/ejhpharm-2026-005049,Semaglutide-associated agranulocytosis requiring hospitalisation and granulocyte colony-stimulating factor: a case report.,glp1-weight-cardiometabolic,metadata_only_needs_classification,human,E,retired_from_active_findings,topic_capacity_limit,2026-08-28,Git history and prior public-data snapshots
finding-pubmed-42638119,pubmed-42638119,42638119,10.1186/s40478-026-02412-w,Reduced microvascular coverage links a hypoxia-associated niche to microglial autophagic dysfunction in Parkinson's disease.,autophagy-mitophagy,animal_study,mouse,D,retired_from_active_findings,title_topic_signal_missing,2026-08-28,Git history and prior public-data snapshots
finding-pubmed-42638356,pubmed-42638356,42638356,10.1093/gerona/glag208,Napping Characteristics and Incident Dementia: Results From The National Health and Aging Trends Study.,sleep-aging,metadata_only_needs_classification,human,E,retired_from_active_findings,title_topic_signal_missing,2026-08-28,Git history and prior public-data snapshots
finding-pubmed-42638665,pubmed-42638665,42638665,10.3389/fpubh.2026.1868178,Relationship between mobile phone use and multidimensional frailty: evidence from UK Biobank.,resistance-training-muscle,metadata_only_needs_classification,human,E,retired_from_active_findings,topic_capacity_limit,2026-08-28,Git history and prior public-data snapshots
finding-pubmed-42638826,pubmed-42638826,42638826,10.3389/fnut.2026.1846471,Nutrition-related clinical laboratory indicators in perioperative management of geriatric hip fractures: a narrative review from risk stratification to precision intervention.,resistance-training-muscle,narrative_review,human,E,retired_from_active_findings,title_topic_signal_missing,2026-08-28,Git history and prior public-data snapshots
finding-pubmed-42638833,pubmed-42638833,42638833,10.1177/1759720X261479921,"Frailty in rheumatoid arthritis, psoriatic arthritis, and axial spondyloarthritis: Current evidence and knowledge gaps.",resistance-training-muscle,narrative_review,human,E,retired_from_active_findings,topic_capacity_limit,2026-08-28,Git history and prior public-data snapshots
finding-pubmed-42638927,pubmed-42638927,42638927,10.3389/fpubh.2026.1879570,"Parental socioeconomic position, childhood poverty and healthy aging: retrospective and prospective study of six cohorts across 32 wealthy and developing nations.",resistance-training-muscle,human_cohort,human,B,retired_from_active_findings,title_topic_signal_missing,2026-08-28,Git history and prior public-data snapshots
finding-pubmed-42639051,pubmed-42639051,42639051,10.3389/fmicb.2026.1852881,Deciphering osteoarthritis cartilage heterogeneity: gene expression-guided patient stratification and microbiome correlations.,microbiome-inflammaging,metadata_only_needs_classification,human,E,retired_from_active_findings,topic_capacity_limit,2026-08-28,Git history and prior public-data snapshots
finding-pubmed-42639133,pubmed-42639133,42639133,10.2147/IJN.S625602,Multimodal Bioactive Approaches in Smart Dressings for Diabetic Foot Ulcers.,microbiome-inflammaging,narrative_review,human,E,retired_from_active_findings,title_topic_signal_missing,2026-08-28,Git history and prior public-data snapshots
finding-pubmed-42639271,pubmed-42639271,42639271,10.1155/arat/9582674,"Prevalence and Correlates of Dyslipidemia in HIV-Positive Patients at Selected Public Hospitals in Addis Ababa, Ethiopia, 2025.",physical-activity-healthspan,metadata_only_needs_classification,human,E,retired_from_active_findings,title_topic_signal_missing,2026-08-28,Git history and prior public-data snapshots
finding-pubmed-42639313,pubmed-42639313,42639313,10.3389/fsurg.2026.1714967,Maxillomandibular advancement for obstructive sleep apnea: a contemporary review.,sleep-aging,narrative_review,human,E,retired_from_active_findings,topic_capacity_limit,2026-08-28,Git history and prior public-data snapshots
finding-pubmed-42639370,pubmed-42639370,42639370,10.1155/jnme/6646504,Skeletal Muscle Mass in Women With Breast Cancer: Evaluation of Agreement Between Different Methods.,resistance-training-muscle,metadata_only_needs_classification,human,E,retired_from_active_findings,topic_capacity_limit,2026-08-28,Git history and prior public-data snapshots
finding-pubmed-42639462,pubmed-42639462,42639462,10.1080/20002297.2026.2717777,"Unveiling the link between oral microbial α-diversity, advanced cardiovascular-kidney-metabolic syndrome, and mortality.",resistance-training-muscle,metadata_only_needs_classification,human,E,retired_from_active_findings,title_topic_signal_missing,2026-08-28,Git history and prior public-data snapshots
finding-pubmed-42639547,pubmed-42639547,42639547,10.2147/IJWH.S619242,Family Harmony Mediates the Association Between Subjective Well-Being and Health-Promoting Behaviors Among Middle-Aged Women in Northern China.,physical-activity-healthspan,metadata_only_needs_classification,human,E,retired_from_active_findings,title_topic_signal_missing,2026-08-28,Git history and prior public-data snapshots
finding-pubmed-42639574,pubmed-42639574,42639574,10.2147/CCID.S620755,Multi-Omics Reveals That Hydroxypinacolone Retinoate Alleviates UV-Induced Skin Aging via the p38/MMP9/Collagen Axis.,autophagy-mitophagy,animal_study,mouse,D,retired_from_active_findings,title_topic_signal_missing,2026-08-28,Git history and prior public-data snapshots
finding-pubmed-42639583,pubmed-42639583,42639583,10.1590/1980-5764-DN-2026-0482,Hypertension and depression coexistence and its association with frailty in older adults: a cross-sectional study.,resistance-training-muscle,metadata_only_needs_classification,human,E,retired_from_active_findings,topic_capacity_limit,2026-08-28,Git history and prior public-data snapshots
finding-pubmed-42639925,pubmed-42639925,42639925,10.1080/25310429.2026.2722795,Clinical practice patterns and unmet needs in the use of GLP-1 receptor agonists in sleep medicine: A pan-European survey performed in the European sleep apnoea database network.,sleep-aging,metadata_only_needs_classification,human,E,retired_from_active_findings,topic_capacity_limit,2026-08-28,Git history and prior public-data snapshots
finding-pubmed-42640108,pubmed-42640108,42640108,10.1080/21688370.2026.2721715,Decoding the multidimensional landscape of skin aging: molecular pathways and next-generation diagnostics & therapeutics.,rapamycin-mtor-aging,narrative_review,human,E,retired_from_active_findings,title_topic_signal_missing,2026-08-28,Git history and prior public-data snapshots
finding-pubmed-42640250,pubmed-42640250,42640250,,Invasive vs Non-invasive Management of Elderly Patients with Non-ST-Elevation Myocardial Infarction (NSTEMI).,resistance-training-muscle,metadata_only_needs_classification,human,E,retired_from_active_findings,title_topic_signal_missing,2026-08-28,Git history and prior public-data snapshots
finding-pubmed-42640287,pubmed-42640287,42640287,10.1007/s00391-026-02643-5,"[Multicomponent programs in delirium prevention and delirium management in older adults : Evidence, guideline recommendations and perspectives on delirium-sensitive care].",resistance-training-muscle,narrative_review,human,E,retired_from_active_findings,title_topic_signal_missing,2026-08-28,Git history and prior public-data snapshots
finding-pubmed-42640367,pubmed-42640367,42640367,10.1007/s12035-026-06146-7,Beyond the Ribosome: The Expanding Role of the Nucleolus in Neurodegenerative Pathways.,microbiome-inflammaging,narrative_review,human,E,retired_from_active_findings,title_topic_signal_missing,2026-08-28,Git history and prior public-data snapshots
finding-pubmed-42640395,pubmed-42640395,42640395,10.1007/s10792-026-04215-3,Exosomes in the treatment of age-related ophthalmic diseases: an updated review.,microbiome-inflammaging,narrative_review,human,E,retired_from_active_findings,title_topic_signal_missing,2026-08-28,Git history and prior public-data snapshots
finding-pubmed-42640444,pubmed-42640444,42640444,10.1007/s12272-026-01632-x,Anti-inflammatory phytochemicals from medicinal herbs based on senoinflammation schema for healthy aging.,microbiome-inflammaging,narrative_review,human,E,retired_from_active_findings,title_topic_signal_missing,2026-08-28,Git history and prior public-data snapshots
finding-pubmed-42640526,pubmed-42640526,42640526,10.1007/s11325-026-03786-w,Obstructive sleep apnea-related hypoxemia and heart rate dynamics are associated with systemic inflammation in people living with HIV.,sleep-aging,metadata_only_needs_classification,human,E,retired_from_active_findings,topic_capacity_limit,2026-08-28,Git history and prior public-data snapshots
finding-pubmed-42640567,pubmed-42640567,42640567,10.1093/jnci/djag297,Epigenetic aging of colorectal mucosa in cancer development.,physical-activity-healthspan,metadata_only_needs_classification,human,E,retired_from_active_findings,title_topic_signal_missing,2026-08-28,Git history and prior public-data snapshots
finding-pubmed-42640716,pubmed-42640716,42640716,10.2215/CJN.0000001208,Glucagon-Like Peptide-1 Receptor Agonist Use and Risks of Hospitalization and Mortality in Patients with End-Stage Kidney Disease.,glp1-weight-cardiometabolic,human_cohort,human,B,retired_from_active_findings,title_topic_signal_missing,2026-08-28,Git history and prior public-data snapshots
finding-pubmed-42640741,pubmed-42640741,42640741,10.1177/02841851261478938,CT-derived composite coronary wall thickness as a marker of early vessel wall remodeling in patients with CAD-RADS 0-2.,ldl-apob-cardiovascular-risk,metadata_only_needs_classification,human,E,retired_from_active_findings,title_topic_signal_missing,2026-08-28,Git history and prior public-data snapshots
finding-pubmed-42640744,pubmed-42640744,42640744,10.1093/eurjpc/zwag441,Worsening Trends in Modifiable Cardiovascular Risk Factors Among Patients Hospitalised for Cardiovascular Disease in Spain (2007-2022): A Nationwide Sex-Specific Analysis.,blood-pressure-aging,metadata_only_needs_classification,human,E,retired_from_active_findings,title_topic_signal_missing,2026-08-28,Git history and prior public-data snapshots
finding-pubmed-42640857,pubmed-42640857,42640857,10.1159/ned/adwag015,Burden of Stroke and Its Subtypes in Young Adults in China: A Systematic Analysis from 1990 to 2023 and Projections to 2050.,blood-pressure-aging,metadata_only_needs_classification,human,E,retired_from_active_findings,title_topic_signal_missing,2026-08-28,Git history and prior public-data snapshots
finding-pubmed-42640861,pubmed-42640861,42640861,10.1159/000553510,"Longitudinal Changes in Body Composition, Adaptive Thermogenesis and Muscle Strength in Patients with Obesity Treated with Semaglutide.",glp1-weight-cardiometabolic,metadata_only_needs_classification,human,E,retired_from_active_findings,topic_capacity_limit,2026-08-28,Git history and prior public-data snapshots
finding-pubmed-42641078,pubmed-42641078,42641078,10.2196/56497,"Feasibility and Preliminary Efficacy of a ""Sit Less"" Program Leveraging Fitbit Tracking and Tailored Text Messages in Cardiometabolic Disease: Findings From 2 Parallel Randomized Controlled Trials in Coronary Artery Disease and Type 2 Diabetes.",physical-activity-healthspan,human_randomized_or_clinical_trial,human,C,retired_from_active_findings,title_topic_signal_missing,2026-08-28,Git history and prior public-data snapshots
finding-pubmed-42641328,pubmed-42641328,42641328,10.1016/j.gerinurse.2026.104333,Association between hyperhomocysteinemia and frailty in older adults with acute ischemic stroke: A cross-sectional study.,resistance-training-muscle,metadata_only_needs_classification,human,E,retired_from_active_findings,topic_capacity_limit,2026-08-28,Git history and prior public-data snapshots
finding-pubmed-42641331,pubmed-42641331,42641331,10.1016/j.gerinurse.2026.104271,Brazilian Portuguese version of the Clinical Frailty Scale Classification Tree and the Health Questionnaires: Validity and reliability study.,resistance-training-muscle,metadata_only_needs_classification,human,E,retired_from_active_findings,topic_capacity_limit,2026-08-28,Git history and prior public-data snapshots
finding-pubmed-42641765,pubmed-42641765,42641765,10.1016/j.arr.2026.103331,Anti-amyloid drugs: Integrated clinical pathways for treating older patients with frailty and dementia.,resistance-training-muscle,narrative_review,human,E,retired_from_active_findings,topic_capacity_limit,2026-08-28,Git history and prior public-data snapshots
finding-pubmed-42641826,pubmed-42641826,42641826,10.1016/j.exger.2026.113299,Increased TWEAK and decreased MyoG expression in age-related impairment of muscle regeneration and H(2)O(2)-induced senescence-associated changes in C2C12 cells.,resistance-training-muscle,animal_study,mouse,D,retired_from_active_findings,title_topic_signal_missing,2026-08-28,Git history and prior public-data snapshots
finding-pubmed-42641831,pubmed-42641831,42641831,10.1016/j.critrevonc.2026.105565,"Immune checkpoint inhibitor combinations across clinically distinct metastatic renal cell carcinoma populations with limited or heterogeneous trial evidence: A systematic review, evidence map, and meta-analysis.",resistance-training-muscle,systematic_review_or_meta_analysis,human,A,retired_from_active_findings,title_topic_signal_missing,2026-08-28,Git history and prior public-data snapshots
finding-pubmed-42641836,pubmed-42641836,42641836,10.1016/j.cpcardiol.2026.103429,"Remote Ischemic Conditioning in Chronic Heart Failure: A Systematic Review of Clinical Outcomes, Biomarkers, and Mechanistic Evidence.",cardiorespiratory-fitness,systematic_review_or_meta_analysis,human,A,retired_from_active_findings,title_topic_signal_missing,2026-08-28,Git history and prior public-data snapshots
finding-pubmed-42641877,pubmed-42641877,42641877,10.1016/j.molmet.2026.102432,Intermittent Time-Restricted Feeding Recapitulates the Physiological Benefits of Daily Time-Restricted Feeding in Male Mice with Chronic Metabolic Disease.,time-restricted-eating,animal_study,mouse,D,retired_from_active_findings,nonhuman_record_in_human_outcome_topic,2026-08-28,Git history and prior public-data snapshots
finding-pubmed-42641979,pubmed-42641979,42641979,10.1016/j.amjmed.2026.08.010,Inflammation-Associated Cardiovascular Risk Differs According to SSRI Use in Patients with Chronic Kidney Disease.,microbiome-inflammaging,metadata_only_needs_classification,human,E,retired_from_active_findings,title_topic_signal_missing,2026-08-28,Git history and prior public-data snapshots
finding-pubmed-42642186,pubmed-42642186,42642186,10.7507/1002-1892.202604013,[Predictive value of the pre-injury Barthel index for 1-year postoperative case fatality rate after hip arthroplasty in elderly patients with hip fracture].,blood-pressure-aging,human_cohort,human,B,retired_from_active_findings,title_topic_signal_missing,2026-08-28,Git history and prior public-data snapshots
finding-pubmed-42642268,pubmed-42642268,42642268,10.1016/j.jfma.2026.08.043,"Microbiome-metabolome multi-omics biomarkers for infectious disease prognosis: Current evidence, AI-driven integration, and translational challenges.",microbiome-inflammaging,narrative_review,human,E,retired_from_active_findings,topic_capacity_limit,2026-08-28,Git history and prior public-data snapshots
finding-pubmed-42642323,pubmed-42642323,42642323,10.1016/j.pcd.2026.08.007,Beyond conventional lipid markers: Atherogenic index of plasma and triglyceride-glucose index in relation to cardiometabolic multimorbidity in older adults.,blood-pressure-aging,metadata_only_needs_classification,human,E,retired_from_active_findings,title_topic_signal_missing,2026-08-28,Git history and prior public-data snapshots
finding-pubmed-42642357,pubmed-42642357,42642357,10.1111/dom.71266,Cardiorenal Mortality and Safety Outcomes of GLP-1 Receptor Agonists in Type 2 Diabetes With BMI Below 27 kg/m(2): A Target Trial Emulation.,glp1-weight-cardiometabolic,metadata_only_needs_classification,human,E,retired_from_active_findings,topic_capacity_limit,2026-08-28,Git history and prior public-data snapshots
finding-pubmed-42642496,pubmed-42642496,42642496,10.1007/s10522-026-10496-z,Aging regulation by gut microbiota: molecular insights from Caenorhabditis elegans.,microbiome-inflammaging,narrative_review,needs_review,E,retired_from_active_findings,topic_capacity_limit,2026-08-28,Git history and prior public-data snapshots
finding-pubmed-42642519,pubmed-42642519,42642519,10.1038/s43587-026-01206-y,cGAS-deficient mice display premature aging associated with derepression of LINE1 elements and inflammation.,resistance-training-muscle,animal_study,mouse,D,retired_from_active_findings,title_topic_signal_missing,2026-08-28,Git history and prior public-data snapshots
finding-pubmed-42642628,pubmed-42642628,42642628,10.1038/s41440-026-02784-5,Additional blood-pressure-lowering effect of exercise in adults on stable antihypertensive medication: a systematic review and meta-analysis of randomised controlled trials.,physical-activity-healthspan,systematic_review_or_meta_analysis,human,E,retired_from_active_findings,topic_capacity_limit,2026-08-28,Git history and prior public-data snapshots
finding-pubmed-42642821,pubmed-42642821,42642821,10.3346/jkms.2026.41.e224,"Characteristics, Healthcare Utilization, and Medical Expenditures of Home-Based Primary Care Users in Korea.",resistance-training-muscle,metadata_only_needs_classification,human,E,retired_from_active_findings,title_topic_signal_missing,2026-08-28,Git history and prior public-data snapshots
finding-pubmed-42642985,pubmed-42642985,42642985,10.1080/03007995.2026.2717477,Real-world treatment patterns and outcomes of patients treated with commercial chimeric antigen receptor T-cell therapy for relapsed/refractory multiple myeloma.,resistance-training-muscle,metadata_only_needs_classification,human,E,retired_from_active_findings,title_topic_signal_missing,2026-08-28,Git history and prior public-data snapshots
finding-pubmed-42643337,pubmed-42643337,42643337,10.2147/NSS.S623090,Sleep Instability and Severe Obstructive Sleep Apnea are Associated with Carotid Atherosclerotic Burden but Not Plaque Vulnerability in Acute Ischemic Stroke.,sleep-aging,metadata_only_needs_classification,human,E,retired_from_active_findings,topic_capacity_limit,2026-08-28,Git history and prior public-data snapshots
finding-pubmed-42643353,pubmed-42643353,42643353,10.2147/CIA.S581799,Development and Validation of a Predictive Risk Score for Poor Functional Outcome After Transcatheter Aortic Valve Replacement in Elderly Patients.,resistance-training-muscle,human_cohort,human,B,retired_from_active_findings,title_topic_signal_missing,2026-08-28,Git history and prior public-data snapshots
finding-pubmed-42643391,pubmed-42643391,42643391,10.3389/fimmu.2026.1903929,Aging-associated immune and stromal programs mark interferon- and remodeling-linked spatial contexts in psoriatic skin.,microbiome-inflammaging,metadata_only_needs_classification,human,E,retired_from_active_findings,title_topic_signal_missing,2026-08-28,Git history and prior public-data snapshots
finding-pubmed-42643710,pubmed-42643710,42643710,10.2147/JIR.S605710,Targeting the CD47-SIRPα Axis in Atherosclerosis: From Pathogenesis to Therapeutic Implications.,microbiome-inflammaging,narrative_review,human,E,retired_from_active_findings,title_topic_signal_missing,2026-08-28,Git history and prior public-data snapshots
finding-pubmed-42643735,pubmed-42643735,42643735,10.3389/fneur.2026.1899641,BrainAgeMS: protocol for a prospective comparative study of brain aging in healthy adults and people with multiple sclerosis.,epigenetic-clocks,protocol_or_registered_plan,human,E,retired_from_active_findings,protocol_or_registered_plan,2026-08-28,Git history and prior public-data snapshots
finding-pubmed-42643792,pubmed-42643792,42643792,10.1177/20503121261481605,"Hypertension self-care practices and associated factors among people with hypertension on follow-up in selected public healthcare facilities in the Ashanti Region, Ghana. A multicentre cross-sectional survey.",physical-activity-healthspan,metadata_only_needs_classification,human,E,retired_from_active_findings,title_topic_signal_missing,2026-08-28,Git history and prior public-data snapshots
finding-pubmed-42643841,pubmed-42643841,42643841,10.1016/j.bbrep.2026.102752,NAD(+) metabolism influences TGF-β-associated transcriptional programs and the gut microbiota in murine models of colitis.,nad-nmn-nr-aging,animal_study,mouse,D,retired_from_active_findings,title_topic_signal_missing,2026-08-28,Git history and prior public-data snapshots
finding-pubmed-42644131,pubmed-42644131,42644131,10.2147/COPD.S621875,"Coexisting Sarcopenia and Osteoporosis in COPD: Integrated Identification, Risk-Oriented Assessment, and Comprehensive Management-A Structured Narrative Review.",resistance-training-muscle,narrative_review,human,E,retired_from_active_findings,topic_capacity_limit,2026-08-28,Git history and prior public-data snapshots
finding-pubmed-42644167,pubmed-42644167,42644167,10.1093/ehjdh/ztag128,Multi-horizon machine learning for population-level hypertension risk stratification in the UK Biobank.,physical-activity-healthspan,metadata_only_needs_classification,human,E,retired_from_active_findings,title_topic_signal_missing,2026-08-28,Git history and prior public-data snapshots
finding-pubmed-42644350,pubmed-42644350,42644350,10.1093/gbe/evag218,Comparative genomics reveals signatures of distinct metabolic strategies and gene loss associated with Hydra immortality.,klotho-il11-aging,metadata_only_needs_classification,human,E,retired_from_active_findings,title_topic_signal_missing,2026-08-28,Git history and prior public-data snapshots
finding-pubmed-42644357,pubmed-42644357,42644357,10.4081/ejtm.2026.15846,"Exercise-induced irisin-BDNF signaling in aging: implications for cognitive decline, sarcopenia, and neurodegeneration. A narrative review.",resistance-training-muscle,narrative_review,human,E,retired_from_active_findings,topic_capacity_limit,2026-08-28,Git history and prior public-data snapshots
finding-pubmed-42644417,pubmed-42644417,42644417,10.1111/cen.70203,Serum Lipid Profile in Patients With Primary Adrenal Insufficiency Receiving Glucocorticoid Replacement.,ldl-apob-cardiovascular-risk,metadata_only_needs_classification,human,E,retired_from_active_findings,title_topic_signal_missing,2026-08-28,Git history and prior public-data snapshots
finding-pubmed-42644500,pubmed-42644500,42644500,10.3791/71979,TCR Signal Strength and Duration In Primary Mouse CD8+ T Cell Activation and Differentiation: A Standardized In Vitro Approach.,rapamycin-mtor-aging,animal_study,mouse,D,retired_from_active_findings,title_topic_signal_missing,2026-08-28,Git history and prior public-data snapshots
finding-pubmed-42644556,pubmed-42644556,42644556,10.1002/adma.74776,Bioinspired Hemostatic Dressings for Rapid and Safe Bleeding Control Via Nanofiber Bridging of Kaolin and Cotton.,microbiome-inflammaging,animal_study,animal,D,retired_from_active_findings,title_topic_signal_missing,2026-08-28,Git history and prior public-data snapshots
finding-pubmed-42645006,pubmed-42645006,42645006,10.3390/geriatrics11040102,Autoimmune Oral Mucosal Diseases in Older Patients: An Overview of Early Recognition and Management in the Primary Care Setting.,resistance-training-muscle,narrative_review,human,E,retired_from_active_findings,title_topic_signal_missing,2026-08-28,Git history and prior public-data snapshots
finding-pubmed-42645010,pubmed-42645010,42645010,10.3390/geriatrics11040106,"Beyond Chronological Age: Frailty, Vulnerability, and Invasive Decision-Making in Older Adults with Acute Coronary Syndromes.",resistance-training-muscle,narrative_review,human,E,retired_from_active_findings,topic_capacity_limit,2026-08-28,Git history and prior public-data snapshots
finding-pubmed-42645011,pubmed-42645011,42645011,10.3390/geriatrics11040107,How Gut Microbiota Influence Healthy Aging: Overview of Reviews.,microbiome-inflammaging,narrative_review,human,E,retired_from_active_findings,topic_capacity_limit,2026-08-28,Git history and prior public-data snapshots
finding-pubmed-42645015,pubmed-42645015,42645015,10.3390/geriatrics11040111,Navigating Adversity in Older Age: An Integrative Review of Contemporary Resilience Concepts and Measurement Challenges.,resistance-training-muscle,narrative_review,human,E,retired_from_active_findings,title_topic_signal_missing,2026-08-28,Git history and prior public-data snapshots
finding-pubmed-42645162,pubmed-42645162,42645162,10.3390/cells15161434,NCOA4-Mediated Ferritinophagy Contributes to Iron Overload-Driven Ferroptosis of Senescent Myoblasts in Mice.,resistance-training-muscle,animal_study,mouse,D,retired_from_active_findings,title_topic_signal_missing,2026-08-28,Git history and prior public-data snapshots
finding-pubmed-42645174,pubmed-42645174,42645174,10.3390/cells15161446,"Engineering Mesenchymal Stem Cells for Healthspan-Relevant Applications: Therapeutic Potential, Challenges, and Future Solutions.",microbiome-inflammaging,animal_study,animal,D,retired_from_active_findings,title_topic_signal_missing,2026-08-28,Git history and prior public-data snapshots
finding-pubmed-42645185,pubmed-42645185,42645185,10.3390/cells15161457,"Potential Roles of Cellular Senescence and Inflammaging in Prostate Cancer: Aging Microenvironment, Immune Remodeling, and Therapeutic Implications.",microbiome-inflammaging,narrative_review,human,E,retired_from_active_findings,topic_capacity_limit,2026-08-28,Git history and prior public-data snapshots
finding-pubmed-42645385,pubmed-42645385,42645385,10.3390/curroncol33080480,Prognostic Value of Immunonutritional Status and Radiologic Muscle Mass in Older Patients Receiving Immune Checkpoint Inhibitors: A Real-World Study.,resistance-training-muscle,metadata_only_needs_classification,human,E,retired_from_active_findings,topic_capacity_limit,2026-08-28,Git history and prior public-data snapshots
finding-pubmed-42645390,pubmed-42645390,42645390,10.3390/curroncol33080485,Standard Therapy Plus Adjunctive Vegan Lifestyle Intervention in Metastatic Prostate Cancer: A Case Report.,physical-activity-healthspan,metadata_only_needs_classification,human,E,retired_from_active_findings,title_topic_signal_missing,2026-08-28,Git history and prior public-data snapshots
finding-pubmed-42645535,pubmed-42645535,42645535,10.1007/s00108-026-02172-8,"[Sarcopenia: diagnosis, clinical implications, and treatment].",resistance-training-muscle,metadata_only_needs_classification,human,E,retired_from_active_findings,topic_capacity_limit,2026-08-28,Git history and prior public-data snapshots
finding-pubmed-42645553,pubmed-42645553,42645553,10.1007/s10522-026-10497-y,An aging essential 8: closing the gap between geroscience and the public it serves.,epigenetic-clocks,narrative_review,human,E,retired_from_active_findings,title_topic_signal_missing,2026-08-28,Git history and prior public-data snapshots
finding-pubmed-42645557,pubmed-42645557,42645557,10.1007/s00134-026-08598-w,Early mobilization for mechanical ventilation for sepsis or acute respiratory failure (EVER): a multicenter randomized controlled trial with 12-month outcomes.,resistance-training-muscle,human_randomized_or_clinical_trial,human,C,retired_from_active_findings,title_topic_signal_missing,2026-08-28,Git history and prior public-data snapshots
finding-pubmed-42645635,pubmed-42645635,42645635,10.1007/s11912-026-01825-z,GLP-1 Receptor Agonists and Obesity Related Cancers: What We Know So Far.,glp1-weight-cardiometabolic,narrative_review,human,E,retired_from_active_findings,topic_capacity_limit,2026-08-28,Git history and prior public-data snapshots
finding-pubmed-42645680,pubmed-42645680,42645680,10.1007/s11427-026-3414-8,The cGAS-STING pathway in inflammaging and neuroinflammation.,microbiome-inflammaging,narrative_review,cell,E,retired_from_active_findings,topic_capacity_limit,2026-08-28,Git history and prior public-data snapshots
finding-pubmed-42645764,pubmed-42645764,42645764,10.1007/s11357-026-02473-8,Linking modifiable risk factors to vascular and neurodegenerative brain changes.,blood-pressure-aging,metadata_only_needs_classification,human,E,retired_from_active_findings,title_topic_signal_missing,2026-08-28,Git history and prior public-data snapshots
finding-pubmed-42645861,pubmed-42645861,42645861,10.3390/jcdd13080390,The Limits of Comorbidity Indices in TAVI: How Aggregation Dilutes the Prognostic Power of Individual Biomarkers.,resistance-training-muscle,metadata_only_needs_classification,human,E,retired_from_active_findings,title_topic_signal_missing,2026-08-28,Git history and prior public-data snapshots
finding-pubmed-42645866,pubmed-42645866,42645866,10.3390/jcdd13080395,Diuretics in Cardiovascular Disease: For How Long and at What Dose?,resistance-training-muscle,narrative_review,human,E,retired_from_active_findings,title_topic_signal_missing,2026-08-28,Git history and prior public-data snapshots
finding-pubmed-42645871,pubmed-42645871,42645871,10.3390/jcdd13080400,Discharge AI-ECG-Derived Age and Incidence of Cardiac Allograft Vasculopathy at 3 Years: A Pilot Study.,epigenetic-clocks,metadata_only_needs_classification,human,E,retired_from_active_findings,title_topic_signal_missing,2026-08-28,Git history and prior public-data snapshots
finding-pubmed-42645929,pubmed-42645929,42645929,10.3390/jpm16080435,Total En Bloc Spondylectomy in Modern Spine Oncology: Selection-Relevant Survival Signals and Treatment Burden in a Single-Center Cohort.,resistance-training-muscle,human_cohort,human,B,retired_from_active_findings,title_topic_signal_missing,2026-08-28,Git history and prior public-data snapshots
finding-pubmed-42646063,pubmed-42646063,42646063,10.3390/jox16040149,"Micro- and Nanoplastic Pollution and Renal Health: Human Evidence, Mechanisms, and Clinical Implications.",autophagy-mitophagy,narrative_review,human,E,retired_from_active_findings,title_topic_signal_missing,2026-08-28,Git history and prior public-data snapshots
finding-pubmed-42646314,pubmed-42646314,42646314,10.3390/metabo16080578,"Dietary Inflammation, Gut Mycobiota, and Microbial Cross-Kingdom Associations with Cardiovascular Health in Older Adults.",physical-activity-healthspan,metadata_only_needs_classification,human,E,retired_from_active_findings,title_topic_signal_missing,2026-08-28,Git history and prior public-data snapshots
finding-pubmed-42646500,pubmed-42646500,42646500,10.3390/neurosci7040090,"Exercise and Brain Health in Postmenopausal Women: A Review of Cognitive Benefits, Mechanisms, and Neurodegeneration Prevention.",resistance-training-muscle,narrative_review,human,E,retired_from_active_findings,title_topic_signal_missing,2026-08-28,Git history and prior public-data snapshots
finding-pubmed-42646897,pubmed-42646897,42646897,10.3390/sports14080359,Progressive Resistance Exercise Training and Physical and Behavioural Health Components in Adults with Intellectual Disabilities: A Repeated Time-Series Design.,resistance-training-muscle,metadata_only_needs_classification,human,E,retired_from_active_findings,title_topic_signal_missing,2026-08-28,Git history and prior public-data snapshots
finding-pubmed-42646995,pubmed-42646995,42646995,10.3390/toxics14080713,Rutin-Loaded Nanostructured Lipid Carriers Attenuate Doxorubicin-Induced Nephrotoxicity and Modulate Epigenetic Regulation and MyD88/STAT3 Signaling.,klotho-il11-aging,animal_study,animal,D,retired_from_active_findings,title_topic_signal_missing,2026-08-28,Git history and prior public-data snapshots
finding-pubmed-42647034,pubmed-42647034,42647034,10.1001/jamapsychiatry.2026.2574,"Glucagon-Like Peptide 1 Receptor Agonists, Mortality, and Cardiovascular Outcomes in Serious Mental Illness.",glp1-weight-cardiometabolic,metadata_only_needs_classification,human,E,retired_from_active_findings,title_topic_signal_missing,2026-08-28,Git history and prior public-data snapshots
finding-pubmed-42647082,pubmed-42647082,42647082,10.2196/76867,Digital Health Interventions Incorporating Behavior Change Techniques and Gamification for Bladder Health in Adults Aged 50 Years and Older: Rapid Review.,physical-activity-healthspan,narrative_review,human,E,retired_from_active_findings,title_topic_signal_missing,2026-08-28,Git history and prior public-data snapshots
finding-pubmed-42647115,pubmed-42647115,42647115,10.1080/27697061.2026.2719468,"Why Serum Magnesium Fails: A Narrative Review of Magnesium Biochemistry, Compartmental Exchange, and Endpoint Selection for Supplementation Trials.",sleep-aging,narrative_review,human,E,retired_from_active_findings,title_topic_signal_missing,2026-08-28,Git history and prior public-data snapshots
finding-pubmed-42647124,pubmed-42647124,42647124,10.1073/pnas.2617749123,Parental niche construction buffers microbial and competitive challenges and drives offspring dependence in burying beetles.,microbiome-inflammaging,metadata_only_needs_classification,human,E,retired_from_active_findings,title_topic_signal_missing,2026-08-28,Git history and prior public-data snapshots
finding-pubmed-42647137,pubmed-42647137,42647137,10.1002/lary.70863,Implementation of a Novel Subspecialty Outpatient Palliative Medicine Head and Neck Cancer Clinic.,resistance-training-muscle,metadata_only_needs_classification,human,E,retired_from_active_findings,title_topic_signal_missing,2026-08-28,Git history and prior public-data snapshots
finding-pubmed-42647148,pubmed-42647148,42647148,10.1093/ehjcvp/pvag055,PharmaPlain: SOUL trial looking at the effect of oral semaglutide on cardiovascular outcomes in people with type 2 diabetes and atherosclerotic cardiovascular disease and/or chronic kidney disease.,glp1-weight-cardiometabolic,metadata_only_needs_classification,needs_review,E,retired_from_active_findings,topic_capacity_limit,2026-08-28,Git history and prior public-data snapshots
finding-pubmed-42647240,pubmed-42647240,42647240,10.3390/pathophysiology33030063,"Assessment of Exercise Intolerance and Evaluation for HFpEF: A Literature Review of Pathophysiology, Diagnosis, and Management.",physical-activity-healthspan,narrative_review,human,E,retired_from_active_findings,topic_capacity_limit,2026-08-28,Git history and prior public-data snapshots
finding-pubmed-42647357,pubmed-42647357,42647357,10.3390/jfmk11030316,Efficacy and Cost-Effective Treatment of Isometric Resistance Training for Blood Pressure Control: A Narrative Review in Healthy Individuals and People with Cardiovascular Diseases.,resistance-training-muscle,narrative_review,human,E,retired_from_active_findings,topic_capacity_limit,2026-08-28,Git history and prior public-data snapshots
finding-pubmed-42647433,pubmed-42647433,42647433,10.1159/ger/acxag002,Melding Geriatrics and Physical Medicine and Rehabilitation to Help Older Adults.,resistance-training-muscle,narrative_review,human,E,retired_from_active_findings,title_topic_signal_missing,2026-08-28,Git history and prior public-data snapshots
finding-pubmed-42647447,pubmed-42647447,42647447,10.1249/MSS.0000000000004118,"Knee Cartilage Composition, Morphology, and Function in Asymptomatic Recreational Runners, Non-Runners, and Obese Adults: A Matched 4HAIE MRI Study.",physical-activity-healthspan,metadata_only_needs_classification,human,E,retired_from_active_findings,title_topic_signal_missing,2026-08-28,Git history and prior public-data snapshots
finding-pubmed-42647526,pubmed-42647526,42647526,10.1371/journal.pgph.0007191,Effects of community health worker-led interventions on cardiometabolic outcomes in vulnerable populations: A systematic review and meta-analysis.,ldl-apob-cardiovascular-risk,systematic_review_or_meta_analysis,human,E,retired_from_active_findings,title_topic_signal_missing,2026-08-28,Git history and prior public-data snapshots
finding-pubmed-42647600,pubmed-42647600,42647600,10.1126/scitranslmed.aea1228,Urogenital immune signatures are associated with birth outcomes after maternal urinary tract infection.,microbiome-inflammaging,animal_study,mouse,D,retired_from_active_findings,title_topic_signal_missing,2026-08-28,Git history and prior public-data snapshots
finding-pubmed-42648014,pubmed-42648014,42648014,10.1016/j.msard.2026.107670,Validity of patient-reported outcome measures for pain in multiple sclerosis.,resistance-training-muscle,metadata_only_needs_classification,needs_review,E,retired_from_active_findings,title_topic_signal_missing,2026-08-28,Git history and prior public-data snapshots
finding-pubmed-42648063,pubmed-42648063,42648063,10.1016/j.anl.2026.08.009,Age-stratified clinical interpretation of AWGS2025 sarcopenia criteria in head and neck cancer treated with definitive chemoradiotherapy: Comparison with AWGS2019.,resistance-training-muscle,metadata_only_needs_classification,human,E,retired_from_active_findings,topic_capacity_limit,2026-08-28,Git history and prior public-data snapshots
finding-pubmed-42648104,pubmed-42648104,42648104,10.1016/j.gerinurse.2026.104313,Disaster preparedness among nurses caring for older adults: a systematic review.,resistance-training-muscle,systematic_review_or_meta_analysis,human,E,retired_from_active_findings,title_topic_signal_missing,2026-08-28,Git history and prior public-data snapshots
finding-pubmed-42648107,pubmed-42648107,42648107,10.1016/j.gerinurse.2026.104331,Unraveling the dynamics: Characteristics of prefrailty transition across different directions.,resistance-training-muscle,metadata_only_needs_classification,human,E,retired_from_active_findings,topic_capacity_limit,2026-08-28,Git history and prior public-data snapshots
finding-pubmed-42648109,pubmed-42648109,42648109,10.1016/j.gerinurse.2026.104300,"Relationship between frailty, caregiver burden, and depressive symptoms among family caregivers of community-dwelling older adults with frailty: the roles of mastery, competence, and coping styles.",resistance-training-muscle,metadata_only_needs_classification,human,E,retired_from_active_findings,topic_capacity_limit,2026-08-28,Git history and prior public-data snapshots
finding-pubmed-42648442,pubmed-42648442,42648442,10.1016/j.arr.2026.103335,Computational precision nutrition for sarcopenia and associated multimorbidity in ageing.,resistance-training-muscle,narrative_review,human,E,retired_from_active_findings,topic_capacity_limit,2026-08-28,Git history and prior public-data snapshots
finding-pubmed-42648504,pubmed-42648504,42648504,10.1016/j.exger.2026.113302,Deep learning-derived magnetic resonance imaging masseter muscle volume is associated with oral impairment and cognitive frailty in older Japanese adults.,resistance-training-muscle,metadata_only_needs_classification,human,E,retired_from_active_findings,topic_capacity_limit,2026-08-28,Git history and prior public-data snapshots
finding-pubmed-42648506,pubmed-42648506,42648506,10.1016/j.exger.2026.113286,High-intensity interval training preferentially improves cardiac function via enhanced histone lactylation and macrophage polarization in SAMP8 mice.,resistance-training-muscle,animal_study,mouse,D,retired_from_active_findings,title_topic_signal_missing,2026-08-28,Git history and prior public-data snapshots
finding-pubmed-42648525,pubmed-42648525,42648525,10.1016/j.cca.2026.121304,Assay-specific reference intervals and evaluation of key preanalytical factors for C-terminal agrin fragment measured using the Abcam ab216945 ELISA.,resistance-training-muscle,metadata_only_needs_classification,human,E,retired_from_active_findings,title_topic_signal_missing,2026-08-28,Git history and prior public-data snapshots
finding-pubmed-42648635,pubmed-42648635,42648635,10.1016/j.redare.2026.502207,Dynamic changes in the internal jugular vein during supine and passive leg raising as predictors of spinal anesthesia-induced hypotension in the elderly: A prospective diagnostic accuracy study.,blood-pressure-aging,metadata_only_needs_classification,human,E,retired_from_active_findings,title_topic_signal_missing,2026-08-28,Git history and prior public-data snapshots
finding-pubmed-42648728,pubmed-42648728,42648728,10.1093/eurjpc/zwag316,Cardiovascular risk management in the elderly: a dilemma in daily clinical practice.,resistance-training-muscle,narrative_review,human,E,retired_from_active_findings,title_topic_signal_missing,2026-08-28,Git history and prior public-data snapshots
finding-pubmed-42648952,pubmed-42648952,42648952,10.1016/j.jfma.2026.08.029,Consensus-based recommendations by the Hematology Society of Taiwan for the management of multiple myeloma in 2026.,resistance-training-muscle,metadata_only_needs_classification,human,E,retired_from_active_findings,title_topic_signal_missing,2026-08-28,Git history and prior public-data snapshots
finding-pubmed-42649069,pubmed-42649069,42649069,10.2169/internalmedicine.7956-26,Gastrointestinal Diseases and Sarcopenia.,resistance-training-muscle,metadata_only_needs_classification,human,E,retired_from_active_findings,topic_capacity_limit,2026-08-28,Git history and prior public-data snapshots
finding-pubmed-42649415,pubmed-42649415,42649415,10.1038/s43587-026-01217-9,Loss of cGAS disrupts H3K9me3 organization and derepresses LINE1 to cause inflammaging.,microbiome-inflammaging,metadata_only_needs_classification,needs_review,E,retired_from_active_findings,topic_capacity_limit,2026-08-28,Git history and prior public-data snapshots
finding-pubmed-42649437,pubmed-42649437,42649437,10.1007/s11682-026-01195-x,Assessing cognitive impairment in epilepsy using Arterial spin-labeled (ASL) perfusion imaging.,sleep-aging,metadata_only_needs_classification,human,E,retired_from_active_findings,title_topic_signal_missing,2026-08-28,Git history and prior public-data snapshots
finding-pubmed-42649514,pubmed-42649514,42649514,10.1186/s12933-026-03346-2,Disease-modifying anti-diabetic drugs (DMADDs): bridging the SIMPLE approach to disease interception.,glp1-weight-cardiometabolic,metadata_only_needs_classification,human,E,retired_from_active_findings,title_topic_signal_missing,2026-08-28,Git history and prior public-data snapshots
finding-pubmed-42649911,pubmed-42649911,42649911,10.3390/cancers18162597,"Relative Melatonergic Status and Systemic Inflammatory, Oxidative, and Biological Aging Burden in Adults: An Exploratory Cross-Sectional Biomarker Analysis.",microbiome-inflammaging,metadata_only_needs_classification,human,E,retired_from_active_findings,title_topic_signal_missing,2026-08-28,Git history and prior public-data snapshots
finding-pubmed-42649970,pubmed-42649970,42649970,10.3390/cancers18162658,"Microbiome Disturbance, Nutritional Vulnerability, and Treatment Tolerance in Pancreatic Ductal Adenocarcinoma: Mechanistic Links and Clinical Readiness.",microbiome-inflammaging,narrative_review,human,E,retired_from_active_findings,topic_capacity_limit,2026-08-28,Git history and prior public-data snapshots
finding-pubmed-42650025,pubmed-42650025,42650025,10.3390/cancers18162714,GLP-1 Receptor Agonist Use in Cancer Survivors-Challenges and Opportunities: A Narrative Review.,glp1-weight-cardiometabolic,narrative_review,human,E,retired_from_active_findings,topic_capacity_limit,2026-08-28,Git history and prior public-data snapshots
finding-pubmed-42650124,pubmed-42650124,42650124,10.3390/genes17080931,Temporal Dynamics of Latent Fingerprint Microbiomes: A First Step to Decoding Crime Evidence.,microbiome-inflammaging,metadata_only_needs_classification,human,E,retired_from_active_findings,topic_capacity_limit,2026-08-28,Git history and prior public-data snapshots
finding-pubmed-42650137,pubmed-42650137,42650137,10.3390/genes17080944,Transcriptomic Markers of Immunosenescence in Cynomolgus Macaques: A Pilot Study.,microbiome-inflammaging,animal_study,animal,D,retired_from_active_findings,title_topic_signal_missing,2026-08-28,Git history and prior public-data snapshots
finding-pubmed-42650156,pubmed-42650156,42650156,10.3390/genes17080964,Epigenetic Skeletal Muscle Memory: The Impact of Physical Activity on Aging and Post-Injury Regeneration.,resistance-training-muscle,narrative_review,human,E,retired_from_active_findings,title_topic_signal_missing,2026-08-28,Git history and prior public-data snapshots
finding-pubmed-42650529,pubmed-42650529,42650529,10.3390/foods15162832,Chemical Diversity and Microbial Complexity of Liupao Tea Aroma: A Comprehensive Review.,microbiome-inflammaging,narrative_review,human,E,retired_from_active_findings,title_topic_signal_missing,2026-08-28,Git history and prior public-data snapshots
finding-pubmed-42650724,pubmed-42650724,42650724,10.3390/antibiotics15080799,Endophytic Fungal Metabolites as Modulators of Key Signaling Pathways in Chronic Diseases and Aging.,microbiome-inflammaging,narrative_review,human,E,retired_from_active_findings,title_topic_signal_missing,2026-08-28,Git history and prior public-data snapshots
finding-pubmed-42650830,pubmed-42650830,42650830,10.3390/biom16081164,Age-Dependent Progression of Neurological Involvement in PRPP Deficiency: Insights from a Four-Generation Family and Systematic Review.,nad-nmn-nr-aging,systematic_review_or_meta_analysis,human,E,retired_from_active_findings,title_topic_signal_missing,2026-08-28,Git history and prior public-data snapshots
finding-pubmed-42650872,pubmed-42650872,42650872,10.3390/biom16081206,Shared Major Metabolic Pathways and Potential Targeted Therapies in Malignancies and Systemic Lupus Erythematosus.,microbiome-inflammaging,narrative_review,human,E,retired_from_active_findings,title_topic_signal_missing,2026-08-28,Git history and prior public-data snapshots
finding-pubmed-42651241,pubmed-42651241,42651241,10.3390/healthcare14162472,Physical Capacity Changes Following a Virtual Reality-Assisted Exercise Program in Institutionalized Older Adults: A Pilot Intervention Study.,blood-pressure-aging,metadata_only_needs_classification,human,E,retired_from_active_findings,title_topic_signal_missing,2026-08-28,Git history and prior public-data snapshots
finding-pubmed-42651265,pubmed-42651265,42651265,10.3390/healthcare14162495,Frailty Components as Moderators of the Subjective Cognitive Decline-Depressive Symptoms Association: A Sex-Stratified Population-Based Study.,resistance-training-muscle,metadata_only_needs_classification,human,E,retired_from_active_findings,topic_capacity_limit,2026-08-28,Git history and prior public-data snapshots
finding-pubmed-42651337,pubmed-42651337,42651337,10.3390/healthcare14162568,Association Between Phase Angle and AWGS 2025-Defined Sarcopenia in Community-Dwelling Older Adults.,resistance-training-muscle,metadata_only_needs_classification,human,E,retired_from_active_findings,topic_capacity_limit,2026-08-28,Git history and prior public-data snapshots
finding-pubmed-42651365,pubmed-42651365,42651365,10.3390/healthcare14162596,"Risk-Adaptive Cardio-Oncology Rehabilitation: A Narrative Review of Exercise Prescription, Multimodal Monitoring, and Implementation Pathways.",physical-activity-healthspan,narrative_review,human,E,retired_from_active_findings,topic_capacity_limit,2026-08-28,Git history and prior public-data snapshots
finding-pubmed-42651378,pubmed-42651378,42651378,10.3390/healthcare14162609,Association Between Oral Function Limitation and Frailty-Related Functional Impairment in Older Koreans: An Analysis of KNHANES 2024.,resistance-training-muscle,metadata_only_needs_classification,human,E,retired_from_active_findings,topic_capacity_limit,2026-08-28,Git history and prior public-data snapshots
finding-pubmed-42651417,pubmed-42651417,42651417,10.3390/healthcare14162648,Factors Associated with Meeting Physical Activity Guideline Recommendations in a Single Community Rehabilitation Center in Singapore: An Exploratory Study.,physical-activity-healthspan,narrative_review,human,E,retired_from_active_findings,topic_capacity_limit,2026-08-28,Git history and prior public-data snapshots
finding-pubmed-42651432,pubmed-42651432,42651432,10.3390/healthcare14162663,Independent Associations of Appendicular Skeletal Muscle Mass Index and Waist Circumference with Site-Specific Bone Mineral Density in Postmenopausal Women: A Real-World Cross-Sectional Study.,resistance-training-muscle,metadata_only_needs_classification,human,E,retired_from_active_findings,topic_capacity_limit,2026-08-28,Git history and prior public-data snapshots
finding-pubmed-42651682,pubmed-42651682,42651682,10.3390/biology15161377,"Bone as a Biomarker of Ageing and Senescence: Connecting Musculoskeletal Health to Longevity via Diet, Nutrition and Exercise.",physical-activity-healthspan,narrative_review,human,E,retired_from_active_findings,topic_capacity_limit,2026-08-28,Git history and prior public-data snapshots
finding-pubmed-42652002,pubmed-42652002,42652002,10.3390/ani16162597,Calcium Homeostasis and Parturient Paresis in Ruminants: Mechanistic Insights and Clinical Management.,klotho-il11-aging,narrative_review,human,E,retired_from_active_findings,title_topic_signal_missing,2026-08-28,Git history and prior public-data snapshots
finding-pubmed-42652033,pubmed-42652033,42652033,10.3390/ani16162628,"Cortex Phellodendri Extract Supplementation Alleviates Intestinal Oxidative Stress, Inflammation, and Microbiota Dysbiosis in Early Weaning Piglets.",microbiome-inflammaging,metadata_only_needs_classification,human,E,retired_from_active_findings,topic_capacity_limit,2026-08-28,Git history and prior public-data snapshots
finding-pubmed-42652199,pubmed-42652199,42652199,10.3390/biomedicines14081817,Role of Oral-Lung Infection Axis on Respiratory Health.,microbiome-inflammaging,narrative_review,human,E,retired_from_active_findings,title_topic_signal_missing,2026-08-28,Git history and prior public-data snapshots
finding-pubmed-42652215,pubmed-42652215,42652215,10.3390/biomedicines14081834,"Dietary, Nutrient, and Supramolecular Nanofiber Modulation of the Liver Sinusoidal Clearance System in Metabolic Diseases and Aging.",microbiome-inflammaging,narrative_review,human,E,retired_from_active_findings,title_topic_signal_missing,2026-08-28,Git history and prior public-data snapshots
finding-pubmed-42652249,pubmed-42652249,42652249,10.3390/biomedicines14081868,Non-Pharmacological Strategies in Atherosclerotic Cardiovascular Disease: From Molecular Mechanisms to Clinical Integration.,time-restricted-eating,narrative_review,human,E,retired_from_active_findings,title_topic_signal_missing,2026-08-28,Git history and prior public-data snapshots
finding-pubmed-42652355,pubmed-42652355,42652355,10.3390/ijerph23081040,"Prevalence and Risk Factors of Sarcopenia Among Community-Dwelling Older Adults in Nakhon Si Thammarat, Thailand.",resistance-training-muscle,metadata_only_needs_classification,human,E,retired_from_active_findings,topic_capacity_limit,2026-08-28,Git history and prior public-data snapshots
finding-pubmed-42652379,pubmed-42652379,42652379,10.3390/ijerph23081065,"Body Composition, Strength, Mobility, and Posture Associated with Shoulder Pain and Disability in Community-Dwelling Older Adults: A Narrative Review.",resistance-training-muscle,narrative_review,human,E,retired_from_active_findings,title_topic_signal_missing,2026-08-28,Git history and prior public-data snapshots
finding-pubmed-42652618,pubmed-42652618,42652618,10.3390/jcm15166211,"Artificial Intelligence for Personalized Prediction of Post-TIPS Outcomes: Integrating Clinical, Biochemical, and Radiomics Data-A Narrative Review.",microbiome-inflammaging,narrative_review,human,E,retired_from_active_findings,title_topic_signal_missing,2026-08-28,Git history and prior public-data snapshots
finding-pubmed-42652627,pubmed-42652627,42652627,10.3390/jcm15166223,Temporal Trends and Predictors of Mortality in Heart Failure with Reduced Ejection Fraction: The Role of Renal Function and Left Ventricular Improvement.,blood-pressure-aging,metadata_only_needs_classification,human,E,retired_from_active_findings,title_topic_signal_missing,2026-08-28,Git history and prior public-data snapshots
finding-pubmed-42652628,pubmed-42652628,42652628,10.3390/jcm15166224,"Antiresorptive Use and Risk of Hip Fracture in Older Women with Osteoporosis: Findings from a Real-World National Database of 21,332 Women.",resistance-training-muscle,metadata_only_needs_classification,human,E,retired_from_active_findings,title_topic_signal_missing,2026-08-28,Git history and prior public-data snapshots
finding-pubmed-42652652,pubmed-42652652,42652652,10.3390/jcm15166247,"Ethnic Differences in Cardiac Rehabilitation Enrolment, Participation, and Mortality: A Retrospective Cohort Study from Auckland, New Zealand.",physical-activity-healthspan,human_cohort,human,B,retired_from_active_findings,title_topic_signal_missing,2026-08-28,Git history and prior public-data snapshots
finding-pubmed-42652665,pubmed-42652665,42652665,10.3390/jcm15166260,Cardiac Comorbidity Burden and Post-Liver Transplant Outcomes: A Propensity-Matched Multicenter Analysis.,resistance-training-muscle,human_cohort,human,B,retired_from_active_findings,title_topic_signal_missing,2026-08-28,Git history and prior public-data snapshots
finding-pubmed-42652666,pubmed-42652666,42652666,10.3390/jcm15166263,Comparative Analysis of the ASA-PS Score and Clinical Frailty Scale in Predicting Postoperative Intensive Care Unit Requirement in Geriatric Hip Fracture Surgery: A Retrospective Evaluation.,resistance-training-muscle,metadata_only_needs_classification,human,E,retired_from_active_findings,topic_capacity_limit,2026-08-28,Git history and prior public-data snapshots
finding-pubmed-42652680,pubmed-42652680,42652680,10.3390/jcm15166277,Biologics in Older Adults with Chronic Obstructive Pulmonary Disease: A Narrative Review.,resistance-training-muscle,narrative_review,human,E,retired_from_active_findings,title_topic_signal_missing,2026-08-28,Git history and prior public-data snapshots
finding-pubmed-42652696,pubmed-42652696,42652696,10.3390/jcm15166294,Association Between Immediate Postoperative Pulse Pressure and Three-Year All-Cause Mortality After Hip Fracture Surgery in Older Adults: A Post Hoc Analysis of a Prospective Cohort.,blood-pressure-aging,human_cohort,human,B,retired_from_active_findings,title_topic_signal_missing,2026-08-28,Git history and prior public-data snapshots
finding-pubmed-42652707,pubmed-42652707,42652707,10.3390/jcm15166303,Management of Syncope in Geriatric Patients: Are 2018 European Society of Cardiology Guidelines Still Relevant?,resistance-training-muscle,narrative_review,human,E,retired_from_active_findings,title_topic_signal_missing,2026-08-28,Git history and prior public-data snapshots
finding-pubmed-42652710,pubmed-42652710,42652710,10.3390/jcm15166305,Single-Access Transfemoral TAVI with a Balloon Expandable Valve: Age-Stratified Analysis of Clinical Outcomes.,blood-pressure-aging,metadata_only_needs_classification,human,E,retired_from_active_findings,title_topic_signal_missing,2026-08-28,Git history and prior public-data snapshots
finding-pubmed-42652722,pubmed-42652722,42652722,10.3390/jcm15166317,"Atrial Cardiomyopathy: Pathophysiology, Diagnostic Approaches, and Prognostic Implications-A Narrative Review.",sleep-aging,narrative_review,needs_review,E,retired_from_active_findings,title_topic_signal_missing,2026-08-28,Git history and prior public-data snapshots
finding-pubmed-42652762,pubmed-42652762,42652762,10.3390/jcm15166358,"Residual Atherothrombotic Risk After Myocardial Infarction: Integrating Lipid, Inflammatory and Thrombotic Pathways.",ldl-apob-cardiovascular-risk,narrative_review,human,E,retired_from_active_findings,title_topic_signal_missing,2026-08-28,Git history and prior public-data snapshots
finding-pubmed-42652765,pubmed-42652765,42652765,10.3390/jcm15166362,"A Review of Sex Differences in Patients with Aortic Stenosis: A Focus on Diagnostic and Treatment Differences, a Narrative Review.",resistance-training-muscle,narrative_review,human,E,retired_from_active_findings,title_topic_signal_missing,2026-08-28,Git history and prior public-data snapshots
finding-pubmed-42652781,pubmed-42652781,42652781,10.3390/jcm15166377,Usefulness of Strain Echocardiography in Heart Failure with Preserved Ejection Fraction.,physical-activity-healthspan,narrative_review,human,E,retired_from_active_findings,title_topic_signal_missing,2026-08-28,Git history and prior public-data snapshots
finding-pubmed-42652808,pubmed-42652808,42652808,10.3390/jcm15166403,Frailty Assessment in Polymyalgia Rheumatica: Comparative Performance and Determinants of Clinical-Research Frailty Assessment (CRAF) and Kihon Checklist (KCL) Scores.,resistance-training-muscle,metadata_only_needs_classification,human,E,retired_from_active_findings,topic_capacity_limit,2026-08-28,Git history and prior public-data snapshots
finding-pubmed-42652849,pubmed-42652849,42652849,10.3390/jcm15166446,Insights into Metabolically Healthy Obesity-A Narrative Review.,cardiorespiratory-fitness,narrative_review,needs_review,E,retired_from_active_findings,title_topic_signal_missing,2026-08-28,Git history and prior public-data snapshots
finding-pubmed-42652890,pubmed-42652890,42652890,10.3390/jcm15166487,Explainable Multimodal Machine Learning Predicts 90-Day Treatment Failure in Older Patients with Fragility Fractures of the Pelvis.,resistance-training-muscle,metadata_only_needs_classification,human,E,retired_from_active_findings,title_topic_signal_missing,2026-08-28,Git history and prior public-data snapshots
finding-pubmed-42653013,pubmed-42653013,42653013,10.3390/life16081324,Comparative Analysis by Machine Learning of Geriatric Frailty and Alzheimer's Disease Classification Using Independent Datasets.,resistance-training-muscle,metadata_only_needs_classification,human,E,retired_from_active_findings,topic_capacity_limit,2026-08-28,Git history and prior public-data snapshots
finding-pubmed-42653046,pubmed-42653046,42653046,10.3390/life16081357,Integrative GWAS Catalog Analysis of Proxy-Trait Intersection in Sarcopenia-Related Musculoskeletal Aging with Multi-Criteria Evidence Integration.,resistance-training-muscle,metadata_only_needs_classification,human,E,retired_from_active_findings,topic_capacity_limit,2026-08-28,Git history and prior public-data snapshots
finding-pubmed-42653234,pubmed-42653234,42653234,10.3390/ijms27167229,Duration of Caloric Restriction Modulates Brain Redox Adaptation and Frailty During Aging.,resistance-training-muscle,animal_study,animal,D,retired_from_active_findings,nonhuman_record_in_human_outcome_topic,2026-08-28,Git history and prior public-data snapshots
finding-pubmed-42653252,pubmed-42653252,42653252,10.3390/ijms27167249,"The Brain-Muscle Axis in Neurodegeneration: Linking Dementia, Sarcopenia, and Exercise-Mediated Neuroprotection.",resistance-training-muscle,narrative_review,human,E,retired_from_active_findings,topic_capacity_limit,2026-08-28,Git history and prior public-data snapshots
finding-pubmed-42653317,pubmed-42653317,42653317,10.3390/ijms27167312,Identification and Validation of Plasma Protein Biomarkers for Abdominal Aortic Aneurysm Using Integrated Proteomics.,microbiome-inflammaging,metadata_only_needs_classification,human,E,retired_from_active_findings,title_topic_signal_missing,2026-08-28,Git history and prior public-data snapshots
finding-pubmed-42653402,pubmed-42653402,42653402,10.3390/ijms27167399,Glycyrrhizin Ameliorates Learning and Memory Impairment via Inhibition of Neuroinflammation in an Alzheimer's Disease Mouse Model SAMP8.,klotho-il11-aging,animal_study,mouse,D,retired_from_active_findings,title_topic_signal_missing,2026-08-28,Git history and prior public-data snapshots
finding-pubmed-42653500,pubmed-42653500,42653500,10.3390/ijms27167503,Serum Periostin as a Complementary Biomarker of Frailty in Type 2 Diabetes: A Pilot Study Using the FRAIL Scale.,resistance-training-muscle,metadata_only_needs_classification,human,E,retired_from_active_findings,topic_capacity_limit,2026-08-28,Git history and prior public-data snapshots
finding-pubmed-42653816,pubmed-42653816,42653816,10.3390/ph19081321,Effects of Incretin-Based Therapies on Testosterone Levels and Incretin Response in Men with Hypogonadism: A Systematic Literature Review Following PRISMA 2020 Guidelines.,glp1-weight-cardiometabolic,narrative_review,human,E,retired_from_active_findings,title_topic_signal_missing,2026-08-28,Git history and prior public-data snapshots
finding-pubmed-42653915,pubmed-42653915,42653915,10.3390/molecules31162833,Novel Insights into the Pleiotropic Neuroprotective Action of Synthetic Halogen Free Thyronamine-like Analogues.,autophagy-mitophagy,animal_study,animal,D,retired_from_active_findings,title_topic_signal_missing,2026-08-28,Git history and prior public-data snapshots
finding-pubmed-42654146,pubmed-42654146,42654146,10.3390/pharmaceutics18081031,Moxifloxacin-Mediated Downregulation of Intestinal P-Glycoprotein Alters the Pharmacokinetics of Dabigatran Etexilate: Mechanistic Insights in Rats and PBPK Model-Informed Dose Optimization.,microbiome-inflammaging,mixed_human_and_animal_study,mixed_human_animal,D,retired_from_active_findings,title_topic_signal_missing,2026-08-28,Git history and prior public-data snapshots
finding-pubmed-42654194,pubmed-42654194,42654194,10.3390/nu18162614,The Effect of an Essential Amino Acid Supplement on Muscle Performance and Inflammation in an Animal Model of Overtraining.,resistance-training-muscle,animal_study,mouse,D,retired_from_active_findings,title_topic_signal_missing,2026-08-28,Git history and prior public-data snapshots
finding-pubmed-42654209,pubmed-42654209,42654209,10.3390/nu18162629,Association of Mediterranean Diet Adherence with Self-Reported Muscle-Related Functional Status and Fracture Probability in Postmenopausal Women Evaluated for Osteoporosis: A Cross-Sectional Study.,resistance-training-muscle,metadata_only_needs_classification,human,E,retired_from_active_findings,title_topic_signal_missing,2026-08-28,Git history and prior public-data snapshots
finding-pubmed-42654212,pubmed-42654212,42654212,10.3390/nu18162632,Effects of a Multi-Component Nutraceutical (NUT2) on the Lipid Profile in Adults with Low-to-Moderate Cardiovascular Risk: A Randomized Placebo-Controlled Trial.,ldl-apob-cardiovascular-risk,human_randomized_or_clinical_trial,human,C,retired_from_active_findings,title_topic_signal_missing,2026-08-28,Git history and prior public-data snapshots
finding-pubmed-42654221,pubmed-42654221,42654221,10.3390/nu18162641,"Medicinal Plant Polysaccharides as Microbiota-Directed Modulators of Immunosenescence: Structural Determinants, Metabolite Reprogramming, and Host Immune Regulation.",microbiome-inflammaging,narrative_review,human,E,retired_from_active_findings,topic_capacity_limit,2026-08-28,Git history and prior public-data snapshots
finding-pubmed-42654223,pubmed-42654223,42654223,10.3390/nu18162643,Do Patients Receiving GLP-1 Receptor Agonists for Weight Loss Require Structured Dietetic Care? Lessons from Metabolic and Bariatric Surgery (MBS) Pathways.,glp1-weight-cardiometabolic,narrative_review,human,E,retired_from_active_findings,topic_capacity_limit,2026-08-28,Git history and prior public-data snapshots
finding-pubmed-42654234,pubmed-42654234,42654234,10.3390/nu18162654,Beyond Weight Loss: Skeletal Muscle Health During Incretin-Based Therapy in Patients with Diabesity.,resistance-training-muscle,narrative_review,human,E,retired_from_active_findings,title_topic_signal_missing,2026-08-28,Git history and prior public-data snapshots
finding-pubmed-42654237,pubmed-42654237,42654237,10.3390/nu18162657,Intermittent Fasting and the Gut Microbiota: Mechanisms Linking Microbial Remodeling to Metabolic and Immune Regulation.,time-restricted-eating,narrative_review,human,E,retired_from_active_findings,topic_capacity_limit,2026-08-28,Git history and prior public-data snapshots
finding-pubmed-42654256,pubmed-42654256,42654256,10.3390/nu18162676,Artificial Intelligence-Based Muscle Ultrasound: A Novel Approach to Nutritional Evaluation Beyond Quantity in Neurological Patients.,resistance-training-muscle,metadata_only_needs_classification,human,E,retired_from_active_findings,title_topic_signal_missing,2026-08-28,Git history and prior public-data snapshots
finding-pubmed-42654261,pubmed-42654261,42654261,10.3390/nu18162681,"Effects of the Mediterranean Diet, Ketogenic Diet, and Intermittent Fasting on Iron Metabolism and Iron Deficiency Risk in Adults with Obesity: A Systematic Literature Review.",time-restricted-eating,systematic_review_or_meta_analysis,human,E,retired_from_active_findings,topic_capacity_limit,2026-08-28,Git history and prior public-data snapshots
finding-pubmed-42654264,pubmed-42654264,42654264,10.3390/nu18162684,Muscle Strength and Physical Performance in Relation to Dietary Intake Among Older Men and Women.,resistance-training-muscle,metadata_only_needs_classification,human,E,retired_from_active_findings,topic_capacity_limit,2026-08-28,Git history and prior public-data snapshots
finding-pubmed-42654291,pubmed-42654291,42654291,10.3390/nu18162711,"Beyond Bone Health: Exploring the ""Heart-Brain-Bone"" Axis Modulated by Lipid-Soluble Nutrients (Omega-3, Vitamin D3, and Vitamin K2).",microbiome-inflammaging,narrative_review,human,E,retired_from_active_findings,title_topic_signal_missing,2026-08-28,Git history and prior public-data snapshots
finding-pubmed-42654302,pubmed-42654302,42654302,10.3390/nu18162722,Dietary Intake as an Undermeasured Potential Mediator: The Ethical Case for Complete and Transparent Dietary Reporting in GLP-1 Receptor Agonist Trials.,glp1-weight-cardiometabolic,metadata_only_needs_classification,human,E,retired_from_active_findings,topic_capacity_limit,2026-08-28,Git history and prior public-data snapshots
finding-pubmed-42654313,pubmed-42654313,42654313,10.3390/nu18162733,Prevalence of Sarcopenia and Its Association with Nutrition Risk in Community-Dwelling Older Adults with Subjective Cognitive Impairment or Living in Retirement Homes.,resistance-training-muscle,metadata_only_needs_classification,human,E,retired_from_active_findings,topic_capacity_limit,2026-08-28,Git history and prior public-data snapshots
finding-pubmed-42654433,pubmed-42654433,42654433,10.3390/medicina62081536,Is There a Better Day of the Week to Administer Semaglutide or Tirzepatide? A Systematic Literature Review.,glp1-weight-cardiometabolic,systematic_review_or_meta_analysis,human,E,retired_from_active_findings,topic_capacity_limit,2026-08-28,Git history and prior public-data snapshots
finding-pubmed-42654458,pubmed-42654458,42654458,10.3390/medicina62081561,Lipoprotein(a) and Hypertension-Mediated Organ Damage in Patients with Essential Hypertension: Associations with Carotid Plaque and Impaired Nocturnal Blood Pressure Dipping.,ldl-apob-cardiovascular-risk,metadata_only_needs_classification,human,E,retired_from_active_findings,title_topic_signal_missing,2026-08-28,Git history and prior public-data snapshots
finding-pubmed-42655185,pubmed-42655185,42655185,10.3390/microorganisms14081841,Age-Related and Lifestyle-Related Differences in Gut Microbiota Composition Among Community-Dwelling Adults.,microbiome-inflammaging,metadata_only_needs_classification,human,E,retired_from_active_findings,topic_capacity_limit,2026-08-28,Git history and prior public-data snapshots
finding-pubmed-42655421,pubmed-42655421,42655421,10.3390/s26165112,Toward Clinically Feasible Assessment of Muscle Mass: Validation of a Seated Bioelectrical Impedance Device Against Dual-Energy X-Ray Absorptiometry (DXA) in Older Adults.,resistance-training-muscle,metadata_only_needs_classification,human,E,retired_from_active_findings,topic_capacity_limit,2026-08-28,Git history and prior public-data snapshots
finding-pubmed-42655951,pubmed-42655951,42655951,10.1111/dme.70460,The impact of frailty on glycaemic control in older adults with type 1 diabetes: An observational study.,resistance-training-muscle,metadata_only_needs_classification,human,E,retired_from_active_findings,topic_capacity_limit,2026-08-28,Git history and prior public-data snapshots
finding-pubmed-42656022,pubmed-42656022,42656022,10.1002/ijgo.71328,The womb as the cradle of longevity: Perinatal origins of biological aging.,epigenetic-clocks,narrative_review,human,E,retired_from_active_findings,title_topic_signal_missing,2026-08-28,Git history and prior public-data snapshots
finding-pubmed-42656071,pubmed-42656071,42656071,10.1097/WCO.0000000000001512,Recent advances in adult-onset disorders of muscle lipid metabolism.,physical-activity-healthspan,metadata_only_needs_classification,human,E,retired_from_active_findings,title_topic_signal_missing,2026-08-28,Git history and prior public-data snapshots
finding-pubmed-42656234,pubmed-42656234,42656234,10.3389/fneur.2026.1885303,Artificial intelligence-integrated multimodal retinal imaging for early detection and risk stratification of systemic vascular and neurodegenerative diseases.,epigenetic-clocks,metadata_only_needs_classification,human,E,retired_from_active_findings,title_topic_signal_missing,2026-08-28,Git history and prior public-data snapshots
finding-pubmed-42656265,pubmed-42656265,42656265,10.3389/fendo.2026.1906385,"Association between sarcopenia and fall history in middle-aged and older adults: a multidimensional clinical analysis of nutritional status, bone health, and medication burden.",resistance-training-muscle,metadata_only_needs_classification,human,E,retired_from_active_findings,topic_capacity_limit,2026-08-28,Git history and prior public-data snapshots
finding-pubmed-42656389,pubmed-42656389,42656389,10.1016/j.lanwpc.2026.101934,"The impact and evolution of environmental/occupational, behavioural, and metabolic risk factors on CVD burdens in the Asia-Pacific region from 1990 to 2023: a secondary analysis of the Global Burden of Disease Study 2023.",blood-pressure-aging,metadata_only_needs_classification,human,E,retired_from_active_findings,title_topic_signal_missing,2026-08-28,Git history and prior public-data snapshots
finding-pubmed-42656448,pubmed-42656448,42656448,10.3389/fcimb.2026.1916422,A case series study of fever-diarrhea-hematochezia triad as the first presentation in plasma EBV DNA-positive diseases.,ldl-apob-cardiovascular-risk,metadata_only_needs_classification,human,E,retired_from_active_findings,title_topic_signal_missing,2026-08-28,Git history and prior public-data snapshots
finding-pubmed-42656523,pubmed-42656523,42656523,10.3389/fpubh.2026.1926810,Moving Barbados forward: a case for investment in exercise for geriatric health.,physical-activity-healthspan,metadata_only_needs_classification,human,E,retired_from_active_findings,topic_capacity_limit,2026-08-28,Git history and prior public-data snapshots
finding-pubmed-42656532,pubmed-42656532,42656532,10.3389/fimmu.2026.1920764,Chronic TLR7 activation promotes expansion of activated CD11c(+) double-negative B cells and autoreactive humoral responses in lupus-like autoimmunity.,microbiome-inflammaging,mixed_human_and_animal_study,mixed_human_animal,D,retired_from_active_findings,title_topic_signal_missing,2026-08-28,Git history and prior public-data snapshots
finding-pubmed-42656588,pubmed-42656588,42656588,10.1210/jendso/bvag190,Glycemia-based predictors of T2D development in adults with obesity and prediabetes: SURMOUNT-1 post hoc analysis.,glp1-weight-cardiometabolic,metadata_only_needs_classification,human,E,retired_from_active_findings,title_topic_signal_missing,2026-08-28,Git history and prior public-data snapshots
finding-pubmed-42656613,pubmed-42656613,42656613,10.3389/fnagi.2026.1891571,Non-invasive brain stimulation on functional capacity in prefrail older adults: a protocol for a randomised clinical trial.,resistance-training-muscle,protocol_or_registered_plan,human,E,retired_from_active_findings,protocol_or_registered_plan,2026-08-28,Git history and prior public-data snapshots
finding-pubmed-42656624,pubmed-42656624,42656624,10.1016/j.ijnsa.2026.100655,Social frailty and related social vulnerabilities among older adults in the Philippines: A narrative review.,resistance-training-muscle,narrative_review,human,E,retired_from_active_findings,topic_capacity_limit,2026-08-28,Git history and prior public-data snapshots
finding-pubmed-42656656,pubmed-42656656,42656656,10.3389/fpsyt.2026.1862532,"Dance-based exercise interventions in older adults: a narrative review examining the effects on depression, cognitive-motor function, mood, and quality of life.",physical-activity-healthspan,narrative_review,human,E,retired_from_active_findings,topic_capacity_limit,2026-08-28,Git history and prior public-data snapshots
finding-pubmed-42656659,pubmed-42656659,42656659,10.3389/fsurg.2026.1855285,Prognostic value of preoperative sarcopenia and inflammatory markers in patients undergoing pancreaticoduodenectomy.,resistance-training-muscle,metadata_only_needs_classification,human,E,retired_from_active_findings,topic_capacity_limit,2026-08-28,Git history and prior public-data snapshots
finding-pubmed-42656687,pubmed-42656687,42656687,10.3389/fcvm.2026.1901995,"Early evolocumab improves lipid profile, inflammation and short-term outcomes in non-revascularized CHIP-NSTEACS patients: a retrospective cohort study.",ldl-apob-cardiovascular-risk,human_cohort,human,B,retired_from_active_findings,title_topic_signal_missing,2026-08-28,Git history and prior public-data snapshots
finding-pubmed-42656750,pubmed-42656750,42656750,10.3389/fimmu.2026.1903190,"Molecular basis of coronary artery disease-malignancy comorbidity: inflammation, immunometabolism, thrombosis, and cardio-oncology translation.",microbiome-inflammaging,narrative_review,human,E,retired_from_active_findings,title_topic_signal_missing,2026-08-28,Git history and prior public-data snapshots
finding-pubmed-42656906,pubmed-42656906,42656906,10.1002/hsr2.72851,Association Between Opium Consumption and Lipid Profile: A Systematic Review and Meta-Analysis of Observational Studies.,ldl-apob-cardiovascular-risk,systematic_review_or_meta_analysis,human,E,retired_from_active_findings,title_topic_signal_missing,2026-08-28,Git history and prior public-data snapshots
finding-pubmed-42657038,pubmed-42657038,42657038,10.2147/JMDH.S619903,Impact of Traditional Korean Medicine on Reducing Polypharmacy and Potentially Inappropriate Medications in Elderly Stroke Patients: A Retrospective Cohort Study.,blood-pressure-aging,human_cohort,human,B,retired_from_active_findings,title_topic_signal_missing,2026-08-28,Git history and prior public-data snapshots
finding-pubmed-42657148,pubmed-42657148,42657148,10.2147/IMCRJ.S607930,Complete Neurological Recovery Following Combined Anterior-Posterior Cervical Corpectomy and Circumferential Stabilization for Severe Cervical Tuberculosis with Grade IV C3-C4 Spondylolisthesis: A Rare Case Report from Somalia.,resistance-training-muscle,metadata_only_needs_classification,human,E,retired_from_active_findings,title_topic_signal_missing,2026-08-28,Git history and prior public-data snapshots
finding-pubmed-42657207,pubmed-42657207,42657207,10.2147/IJWH.S621813,Effect of High Intensity Sweeteners on the Reproductive System: From the Onset of Puberty to Menstrual Health: A Comprehensive Review of Human and Animal Evidence.,microbiome-inflammaging,narrative_review,human,E,retired_from_active_findings,title_topic_signal_missing,2026-08-28,Git history and prior public-data snapshots
finding-pubmed-42657484,pubmed-42657484,42657484,10.1161/HYPERTENSIONAHA.126.27749,TSP-1 Endothelial Signaling Impairs Brain Angiogenesis in Preeclampsia.,blood-pressure-aging,animal_study,mouse,D,retired_from_active_findings,title_topic_signal_missing,2026-08-28,Git history and prior public-data snapshots
finding-pubmed-42657743,pubmed-42657743,42657743,10.1093/eurjpc/zwag429,Low cardiovascular risk in early midlife and quality of life in old age: a life-long follow-up study in men.,resistance-training-muscle,metadata_only_needs_classification,human,E,retired_from_active_findings,title_topic_signal_missing,2026-08-28,Git history and prior public-data snapshots
finding-pubmed-42657752,pubmed-42657752,42657752,10.1161/JAHA.125.047844,AMERICCAASS Registry: A Contemporary View of Heart Failure in the Americas.,physical-activity-healthspan,metadata_only_needs_classification,human,E,retired_from_active_findings,title_topic_signal_missing,2026-08-28,Git history and prior public-data snapshots
finding-pubmed-42657770,pubmed-42657770,42657770,10.1210/clinem/dgag350,Effects of Semaglutide versus Bariatric Surgery on Noninvasive Markers of Hepatic Steatosis and Fibrosis in Obesity with MASLD.,glp1-weight-cardiometabolic,metadata_only_needs_classification,human,E,retired_from_active_findings,topic_capacity_limit,2026-08-28,Git history and prior public-data snapshots
finding-pubmed-42657783,pubmed-42657783,42657783,10.7554/eLife.105314,A whole-animal phenotypic drug screen identifies suppressors of atherogenic lipoproteins.,ldl-apob-cardiovascular-risk,animal_study,animal,D,retired_from_active_findings,title_topic_signal_missing,2026-08-28,Git history and prior public-data snapshots
finding-pubmed-42657993,pubmed-42657993,42657993,10.23938/ASSN.1176,Non-pharmacological interventions and quality of life in female survivors of hormone receptor-positive breast cancer receiving adjuvant endocrine therapy: A systematic review.,physical-activity-healthspan,systematic_review_or_meta_analysis,human,A,retired_from_active_findings,title_topic_signal_missing,2026-08-28,Git history and prior public-data snapshots
finding-pubmed-42658092,pubmed-42658092,42658092,10.1097/JTN.0000000000000939,Frailty Assessment Practices Among Members of the Society of Trauma Nurses: An Exploratory Survey.,resistance-training-muscle,metadata_only_needs_classification,human,E,retired_from_active_findings,topic_capacity_limit,2026-08-28,Git history and prior public-data snapshots
finding-pubmed-42658307,pubmed-42658307,42658307,10.1007/s00394-026-04080-x,"Mediterranean diet adherence, healthy sleep, and lung cancer risk: a prospective study of 192,034 UK Biobank participants.",dietary-pattern-longevity,human_cohort,human,C,retired_from_active_findings,topic_capacity_limit,2026-08-28,Git history and prior public-data snapshots
finding-pubmed-42658308,pubmed-42658308,42658308,10.1007/s10522-026-10469-2,Lifelong dietary interventions selectively reverse age-associated circulating microRNA upregulation in a time-dependent manner in female MMTV-TGF-α mice.,caloric-restriction-human,animal_study,mouse,D,retired_from_active_findings,title_topic_signal_missing,2026-08-28,Git history and prior public-data snapshots
finding-pubmed-42658638,pubmed-42658638,42658638,10.1037/hea0001631,"Social isolation, loneliness, and biological aging acceleration.",epigenetic-clocks,human_mendelian_randomization,human,B,retired_from_active_findings,title_topic_signal_missing,2026-08-28,Git history and prior public-data snapshots
finding-pubmed-42658689,pubmed-42658689,42658689,10.1080/17483107.2026.2719268,Assistive technology for independent community living: a scoping review of needs and solutions related to physical impairments.,resistance-training-muscle,narrative_review,human,E,retired_from_active_findings,title_topic_signal_missing,2026-08-28,Git history and prior public-data snapshots
finding-pubmed-42658749,pubmed-42658749,42658749,10.1159/ocl/aebag001,Redefining Fitness in Chronic Lymphocytic Leukemia: A Treatment-Specific Framework forthe Targeted Therapy Era.,resistance-training-muscle,narrative_review,human,E,retired_from_active_findings,title_topic_signal_missing,2026-08-28,Git history and prior public-data snapshots
finding-pubmed-42658819,pubmed-42658819,42658819,10.1371/journal.pmen.0000693,"Depressive symptoms and association with prevalent cardiovascular disease: A cross-sectional analysis in Port-au-Prince, Haiti.",physical-activity-healthspan,metadata_only_needs_classification,human,E,retired_from_active_findings,title_topic_signal_missing,2026-08-28,Git history and prior public-data snapshots
finding-pubmed-42658904,pubmed-42658904,42658904,10.2106/JBJS.25.01269,Distal Radial Fracture as an Early Marker of Bone Fragility: A Population-Based Study in Japan.,resistance-training-muscle,human_cohort,human,B,retired_from_active_findings,title_topic_signal_missing,2026-08-28,Git history and prior public-data snapshots
finding-pubmed-42658951,pubmed-42658951,42658951,10.1126/science.aeh4348,Beyond wrinkles.,microbiome-inflammaging,metadata_only_needs_classification,needs_review,E,retired_from_active_findings,title_topic_signal_missing,2026-08-28,Git history and prior public-data snapshots
