id,title_en,title_zh,year,doi,pmid,pmcid,url,source,query,include_status,notes,last_checked
pubmed-42043561,Long-term outcomes after operative versus conservative management of congenital thoracic malformations: a propensity-matched cohort study.,,2026,10.1007/s00383-026-06444-0,42043561,,https://pubmed.ncbi.nlm.nih.gov/42043561/,PubMed,cardiorespiratory_fitness_mortality,needs_review,Fetched by scripts/fetch_pubmed.py,2026-04-28
pubmed-41975747,Prognostic Value of Exercise Testing in Patients with Liver Cirrhosis.,,2026,10.3390/diagnostics16071036,41975747,,https://pubmed.ncbi.nlm.nih.gov/41975747/,PubMed,cardiorespiratory_fitness_mortality,needs_review,Fetched by scripts/fetch_pubmed.py,2026-04-28
pubmed-41954336,Effect of preoperative prehabilitation in adults undergoing cardiac surgery on physical status and perioperative complications: a systematic review and meta-analysis.,,2026,10.23736/S0375-9393.26.19684-9,41954336,,https://pubmed.ncbi.nlm.nih.gov/41954336/,PubMed,cardiorespiratory_fitness_mortality,needs_review,Fetched by scripts/fetch_pubmed.py,2026-04-28
pubmed-41922221,Association between marital status and mortality risk in cardiac disease: a cardiopulmonary exercise testing cohort study.,,2026,10.1265/ehpm.25-00433,41922221,,https://pubmed.ncbi.nlm.nih.gov/41922221/,PubMed,cardiorespiratory_fitness_mortality,needs_review,Fetched by scripts/fetch_pubmed.py,2026-04-28
pubmed-41918573,Step cadence to guide physical activity intensity in coronary heart disease.,,2026,10.3389/fspor.2026.1763343,41918573,,https://pubmed.ncbi.nlm.nih.gov/41918573/,PubMed,cardiorespiratory_fitness_mortality,needs_review,Fetched by scripts/fetch_pubmed.py,2026-04-28
pubmed-41881375,Physical Activity and Exercise in patients with coexisting Chronic Kidney Disease and Peripheral Artery Disease: Time to Bridge the Gap?,,2026,10.1053/j.jrn.2026.02.008,41881375,,https://pubmed.ncbi.nlm.nih.gov/41881375/,PubMed,cardiorespiratory_fitness_mortality,needs_review,Fetched by scripts/fetch_pubmed.py,2026-04-28
pubmed-41867233,"Design and Rationale of the My Heart Counts Cardiovascular Health Study: a Large-Scale, Fully Digital Biobank, and Randomized Trial of Large Language Model-Driven Coaching of Physical Activity.",,2026,10.64898/2026.03.02.26347447,41867233,,https://pubmed.ncbi.nlm.nih.gov/41867233/,PubMed,cardiorespiratory_fitness_mortality,needs_review,Fetched by scripts/fetch_pubmed.py,2026-04-28
pubmed-41855413,Obesity and Ventilatory Responses During Exercise in the Fitness Registry and the Importance of Exercise National Database (FRIEND).,,2026,10.1111/sms.70264,41855413,,https://pubmed.ncbi.nlm.nih.gov/41855413/,PubMed,cardiorespiratory_fitness_mortality,needs_review,Fetched by scripts/fetch_pubmed.py,2026-04-28
pubmed-41850726,Grading the evidence on the effects of exercise interventions in children and adolescents during and beyond cancer treatment: an umbrella review of systematic reviews with meta-analyses.,,2026,10.1136/bjsports-2025-110756,41850726,,https://pubmed.ncbi.nlm.nih.gov/41850726/,PubMed,cardiorespiratory_fitness_mortality,needs_review,Fetched by scripts/fetch_pubmed.py,2026-04-28
pubmed-41822003,Insulin resistance and metabolic health predict cardiorespiratory fitness: cohort study.,,2026,10.1093/ehjopen/oeag029,41822003,,https://pubmed.ncbi.nlm.nih.gov/41822003/,PubMed,cardiorespiratory_fitness_mortality,needs_review,Fetched by scripts/fetch_pubmed.py,2026-04-28
pubmed-41810896,High-intensity interval training for reducing cardiometabolic syndrome in healthy but sedentary populations.,,2026,10.1002/14651858.CD013617.pub2,41810896,,https://pubmed.ncbi.nlm.nih.gov/41810896/,PubMed,cardiorespiratory_fitness_mortality,needs_review,Fetched by scripts/fetch_pubmed.py,2026-04-28
pubmed-41808022,Systematic review of prognostic value of cardiorespiratory fitness in patients with cirrhosis.,,2026,10.1186/s12876-026-04715-7,41808022,,https://pubmed.ncbi.nlm.nih.gov/41808022/,PubMed,cardiorespiratory_fitness_mortality,needs_review,Fetched by scripts/fetch_pubmed.py,2026-04-28
pubmed-41779174,Early Experience with the First Canadian Paediatric Fontan Long-Term Follow-up Clinic.,,2026,10.1007/s00246-026-04212-4,41779174,,https://pubmed.ncbi.nlm.nih.gov/41779174/,PubMed,cardiorespiratory_fitness_mortality,needs_review,Fetched by scripts/fetch_pubmed.py,2026-04-28
pubmed-41665614,Effect of preoperative prehabilitation on the 6-minute walk distance and postoperative outcomes in adult patients: meta-analysis.,,2025,10.1093/bjsopen/zraf162,41665614,,https://pubmed.ncbi.nlm.nih.gov/41665614/,PubMed,cardiorespiratory_fitness_mortality,needs_review,Fetched by scripts/fetch_pubmed.py,2026-04-28
pubmed-41603324,Meta-analysis of reference values of cardiorespiratory fitness and impact of interventions in patients with cirrhosis.,,2026,10.1080/17474124.2026.2623009,41603324,,https://pubmed.ncbi.nlm.nih.gov/41603324/,PubMed,cardiorespiratory_fitness_mortality,needs_review,Fetched by scripts/fetch_pubmed.py,2026-04-28
pubmed-41597311,"Telehealth-Based Cardiac Rehabilitation for Heart Failure: A Systematic Review of Effectiveness, Access, and Patient-Centred Outcome.",,2025,10.3390/medicina62010025,41597311,,https://pubmed.ncbi.nlm.nih.gov/41597311/,PubMed,cardiorespiratory_fitness_mortality,needs_review,Fetched by scripts/fetch_pubmed.py,2026-04-28
pubmed-41595741,Cardiac Rehabilitation in Patients with Implantable Cardioverter-Defibrillators: A Systematic Review and Meta-Analysis of Randomized Controlled Trials and TSA.,,2026,10.3390/biomedicines14010207,41595741,,https://pubmed.ncbi.nlm.nih.gov/41595741/,PubMed,cardiorespiratory_fitness_mortality,needs_review,Fetched by scripts/fetch_pubmed.py,2026-04-28
pubmed-41557475,Is Ventilatory Equivalent for Carbon Dioxide (VE/VCO2) Slope the Key to Reduce Mortality in Patients Undergoing Pneumonectomy?,,2026,10.1093/ejcts/ezag040,41557475,,https://pubmed.ncbi.nlm.nih.gov/41557475/,PubMed,cardiorespiratory_fitness_mortality,needs_review,Fetched by scripts/fetch_pubmed.py,2026-04-28
pubmed-42039745,Machine learning-based risk prediction model for sepsis development in patients with multidrug-resistant Pseudomonas aeruginosa infections: a multicenter retrospective cohort study.,,2026,10.3389/fcimb.2026.1792743,42039745,,https://pubmed.ncbi.nlm.nih.gov/42039745/,PubMed,resistance_training_mortality_sarcopenia,needs_review,Fetched by scripts/fetch_pubmed.py,2026-04-28
pubmed-42038818,Effect of leucine-enriched essential amino acid supplementation combined with different exercise regimen on appendicular skeletal muscle mass and muscle performance in older adults: an open label randomized controlled trial.,,2026,10.1093/jbmrpl/ziag052,42038818,,https://pubmed.ncbi.nlm.nih.gov/42038818/,PubMed,resistance_training_mortality_sarcopenia,needs_review,Fetched by scripts/fetch_pubmed.py,2026-04-28
pubmed-42029608,Supervised (Home-Based Exercise) Prehabilitation Program in Pancreatic Cancer Patients Undergoing to Neoadjuvant Chemotherapy: A Pilot Feasibility Study.,,2026,10.3390/medsci14020184,42029608,,https://pubmed.ncbi.nlm.nih.gov/42029608/,PubMed,resistance_training_mortality_sarcopenia,needs_review,Fetched by scripts/fetch_pubmed.py,2026-04-28
pubmed-42029117,BMAL1 Drives Cisplatin Resistance in Non-Small Cell Lung Cancer Via Lactate-MRP1 Signaling Pathway.,,2026,10.1111/1759-7714.70279,42029117,,https://pubmed.ncbi.nlm.nih.gov/42029117/,PubMed,resistance_training_mortality_sarcopenia,needs_review,Fetched by scripts/fetch_pubmed.py,2026-04-28
pubmed-42020128,LEAN mass Preservation with Resistance Exercise and Protein during semaglutide and tirzepatide therapy (LEAN-PREP study): a protocol for a randomised controlled trial.,,2026,10.1136/bmjopen-2026-116911,42020128,,https://pubmed.ncbi.nlm.nih.gov/42020128/,PubMed,resistance_training_mortality_sarcopenia,needs_review,Fetched by scripts/fetch_pubmed.py,2026-04-28
pubmed-42019312,"Impact of eccentric exercise on walking functional capacity after severe COVID-19: randomized, controlled open-label trial.",,2026,10.1016/j.rehab.2026.102125,42019312,,https://pubmed.ncbi.nlm.nih.gov/42019312/,PubMed,resistance_training_mortality_sarcopenia,needs_review,Fetched by scripts/fetch_pubmed.py,2026-04-28
pubmed-42014247,Efficacy of swallowing muscle training for the treatment of patients with post-stroke dysphagia: A systematic review and meta-analysis.,,2026,10.1016/j.anorl.2026.03.005,42014247,,https://pubmed.ncbi.nlm.nih.gov/42014247/,PubMed,resistance_training_mortality_sarcopenia,needs_review,Fetched by scripts/fetch_pubmed.py,2026-04-28
pubmed-42013225,Implementing Systematic Assessment of Physical Function in Hospitalised Medical Patients: Description and Evaluation Guided By the Quality Implementation Framework.,,2026,10.1111/jep.70447,42013225,,https://pubmed.ncbi.nlm.nih.gov/42013225/,PubMed,resistance_training_mortality_sarcopenia,needs_review,Fetched by scripts/fetch_pubmed.py,2026-04-28
pubmed-42003496,The pivotal role of pro-anabolic modulators on muscle mass and function: a systematic review.,,2026,10.1017/S0954422426100390,42003496,,https://pubmed.ncbi.nlm.nih.gov/42003496/,PubMed,resistance_training_mortality_sarcopenia,needs_review,Fetched by scripts/fetch_pubmed.py,2026-04-28
pubmed-42001466,Effects of Tai Chi combined with elastic band training on muscle and executive inhibitory function in older adults with sarcopenia: a randomized controlled trial based on fNIRS.,,2026,10.1093/ageing/afag095,42001466,,https://pubmed.ncbi.nlm.nih.gov/42001466/,PubMed,resistance_training_mortality_sarcopenia,needs_review,Fetched by scripts/fetch_pubmed.py,2026-04-28
pubmed-41996930,Comparative efficacy of combined exercise and nutritional interventions for sarcopenia: A systematic review and network meta-analysis incorporating remote delivery models.,,2026,10.1016/j.archger.2026.106239,41996930,,https://pubmed.ncbi.nlm.nih.gov/41996930/,PubMed,resistance_training_mortality_sarcopenia,needs_review,Fetched by scripts/fetch_pubmed.py,2026-04-28
pubmed-41993758,Abortion in conflict zones: moral responsibilities of humanitarian agencies in providing safe abortion care.,,2026,10.3389/frph.2026.1767552,41993758,,https://pubmed.ncbi.nlm.nih.gov/41993758/,PubMed,resistance_training_mortality_sarcopenia,needs_review,Fetched by scripts/fetch_pubmed.py,2026-04-28
pubmed-41990058,Stenotrophomonas maltophilia infections in intensive care units: a prospective and international ID-IRI study.,,2026,10.3855/jidc.22056,41990058,,https://pubmed.ncbi.nlm.nih.gov/41990058/,PubMed,resistance_training_mortality_sarcopenia,needs_review,Fetched by scripts/fetch_pubmed.py,2026-04-28
pubmed-41987200,Characterization and therapeutic evaluation of a novel phage S18-3 targeting poultry-derived Enterobacter hormaechei infection in mice.,,2026,10.1186/s12917-026-05451-6,41987200,,https://pubmed.ncbi.nlm.nih.gov/41987200/,PubMed,resistance_training_mortality_sarcopenia,needs_review,Fetched by scripts/fetch_pubmed.py,2026-04-28
pubmed-41985884,"Exercise and Weekly Sirolimus (Rapamycin) in Older Adults: RAPA-EX-01 Randomised, Double-Blind, Placebo-Controlled Trial.",,2026,10.1002/jcsm.70274,41985884,,https://pubmed.ncbi.nlm.nih.gov/41985884/,PubMed,resistance_training_mortality_sarcopenia,needs_review,Fetched by scripts/fetch_pubmed.py,2026-04-28
pubmed-41984883,Reducing frailty in frail people with multiple sclerosis: Feasibility of a 6-week multimodal exercise training program.,,2026,10.1371/journal.pone.0347063,41984883,,https://pubmed.ncbi.nlm.nih.gov/41984883/,PubMed,resistance_training_mortality_sarcopenia,needs_review,Fetched by scripts/fetch_pubmed.py,2026-04-28
pubmed-41983453,Disuse-Induced Muscle Atrophy and Muscle Weakness From Hospitalization to Spaceflight: Exercise Succeeds in Prevention and Treatment-A Meta-Analysis.,,2026,10.1002/jcsm.70259,41983453,,https://pubmed.ncbi.nlm.nih.gov/41983453/,PubMed,resistance_training_mortality_sarcopenia,needs_review,Fetched by scripts/fetch_pubmed.py,2026-04-28
pubmed-41981492,Effects of low-load resistance training with blood flow restriction and swallowing training on sarcopenic dysphagia in community-dwelling older people in China: a randomised controlled trial protocol.,,2026,10.1186/s12877-026-07464-0,41981492,,https://pubmed.ncbi.nlm.nih.gov/41981492/,PubMed,resistance_training_mortality_sarcopenia,needs_review,Fetched by scripts/fetch_pubmed.py,2026-04-28
pubmed-42042942,Baseline Body Composition Characteristics and Overall Survival in Young Women with Breast Cancer: Matched Case-Control Study Nested Within a Cohort.,,2026,10.3390/tomography12040054,42042942,,https://pubmed.ncbi.nlm.nih.gov/42042942/,PubMed,physical_activity_longevity,needs_review,Fetched by scripts/fetch_pubmed.py,2026-04-28
pubmed-42041977,Prognostic Value of the RVFWLS/PASP Ratio in Pulmonary Arterial Hypertension.,,2026,10.3390/jcdd13040151,42041977,,https://pubmed.ncbi.nlm.nih.gov/42041977/,PubMed,physical_activity_longevity,needs_review,Fetched by scripts/fetch_pubmed.py,2026-04-28
pubmed-42035205,Therapeutic potential of mesenchymal stromal cells in COVID-19: a meta-analysis of clinical trials conducted since the pandemic onset.,,2026,10.1186/s13287-026-05020-6,42035205,,https://pubmed.ncbi.nlm.nih.gov/42035205/,PubMed,physical_activity_longevity,needs_review,Fetched by scripts/fetch_pubmed.py,2026-04-28
pubmed-42034248,Associations of lung function abnormalities with the onset and progression of mental disorders in the UK Biobank.,,2026,10.1016/j.jad.2026.121846,42034248,,https://pubmed.ncbi.nlm.nih.gov/42034248/,PubMed,physical_activity_longevity,needs_review,Fetched by scripts/fetch_pubmed.py,2026-04-28
pubmed-42029913,Provincial variation and associated factors in adherence to cervical cancer screening in Canada: Evidence from the Canadian Partnership for Tomorrow's Health.,,2026,10.1177/09691413261445025,42029913,,https://pubmed.ncbi.nlm.nih.gov/42029913/,PubMed,physical_activity_longevity,needs_review,Fetched by scripts/fetch_pubmed.py,2026-04-28
pubmed-42029706,Exercise snacks performed in real-world settings reduce postprandial hyperglycaemia and glycaemic variability in individuals living with type 2 diabetes: a randomised crossover study.,,2026,10.1007/s00125-026-06741-2,42029706,,https://pubmed.ncbi.nlm.nih.gov/42029706/,PubMed,physical_activity_longevity,needs_review,Fetched by scripts/fetch_pubmed.py,2026-04-28
pubmed-42024666,Effects of peppermint (Mentha x piperita L.) oil on cardiometabolic outcomes in patients with pre- and stage 1 hypertension: A placebo randomized controlled trial.,,2026,10.1371/journal.pone.0344538,42024666,,https://pubmed.ncbi.nlm.nih.gov/42024666/,PubMed,physical_activity_longevity,needs_review,Fetched by scripts/fetch_pubmed.py,2026-04-28
pubmed-42022156,Evaluating Nutrition and Physical Activity Interventions in College Students: A Systematic Review.,,2026,10.1177/15598276261440910,42022156,,https://pubmed.ncbi.nlm.nih.gov/42022156/,PubMed,physical_activity_longevity,needs_review,Fetched by scripts/fetch_pubmed.py,2026-04-28
pubmed-42021260,The combined impact of social isolation and unhealthy risk score on mortality risk: a study from two prospective cohorts.,,2026,10.1186/s12889-026-27461-7,42021260,,https://pubmed.ncbi.nlm.nih.gov/42021260/,PubMed,physical_activity_longevity,needs_review,Fetched by scripts/fetch_pubmed.py,2026-04-28
pubmed-42020122,Outcome 50 years after surgical repair of pulmonary valve stenosis: a longitudinal cohort study.,,2026,10.1136/bmjopen-2025-115162,42020122,,https://pubmed.ncbi.nlm.nih.gov/42020122/,PubMed,physical_activity_longevity,needs_review,Fetched by scripts/fetch_pubmed.py,2026-04-28
pubmed-42019429,Associations of mortality with leisure-time physical activity and sitting time in postmenopausal women: Insights from NHANES.,,2026,10.1016/j.maturitas.2026.108951,42019429,,https://pubmed.ncbi.nlm.nih.gov/42019429/,PubMed,physical_activity_longevity,needs_review,Fetched by scripts/fetch_pubmed.py,2026-04-28
pubmed-42018036,Pre-diagnosis recreational physical activity and lung cancer survival within the California teachers study.,,2026,10.1007/s10552-026-02169-6,42018036,,https://pubmed.ncbi.nlm.nih.gov/42018036/,PubMed,physical_activity_longevity,needs_review,Fetched by scripts/fetch_pubmed.py,2026-04-28
pubmed-42013243,The Effect of Prehabilitation on Health Resource Use and 1-Year Survival: An Observational Cohort Evaluation of the Active Together Service.,,2026,10.1111/jep.70425,42013243,,https://pubmed.ncbi.nlm.nih.gov/42013243/,PubMed,physical_activity_longevity,needs_review,Fetched by scripts/fetch_pubmed.py,2026-04-28
pubmed-42011820,Psychosocial interventions for supporting women to stop smoking in pregnancy.,,2026,10.1002/14651858.CD001055.pub6,42011820,,https://pubmed.ncbi.nlm.nih.gov/42011820/,PubMed,physical_activity_longevity,needs_review,Fetched by scripts/fetch_pubmed.py,2026-04-28
pubmed-42011271,Falls Among Residents Living in Care Homes Using Real-Time Data Collection: A Large UK Case-Control Study.,,2026,10.1002/hsr2.72350,42011271,,https://pubmed.ncbi.nlm.nih.gov/42011271/,PubMed,physical_activity_longevity,needs_review,Fetched by scripts/fetch_pubmed.py,2026-04-28
pubmed-42007192,Exercise Volume and Coronary Artery Calcification: A Systematic Review.,,2026,10.1016/j.cjco.2025.12.009,42007192,,https://pubmed.ncbi.nlm.nih.gov/42007192/,PubMed,physical_activity_longevity,needs_review,Fetched by scripts/fetch_pubmed.py,2026-04-28
pubmed-42043711,The association between height-indexed skeletal muscle mass and cardiometabolic multimorbidity is largely accounted for by body mass index: findings from an older UK cohort.,,2026,10.1007/s11357-026-02276-x,42043711,,https://pubmed.ncbi.nlm.nih.gov/42043711/,PubMed,blood_pressure_mortality_aging,needs_review,Fetched by scripts/fetch_pubmed.py,2026-04-28
pubmed-42043710,Twenty-four-hour blood pressure and CSF biomarkers of Alzheimer's disease and related dementias in a community cohort.,,2026,10.1007/s11357-026-02220-z,42043710,,https://pubmed.ncbi.nlm.nih.gov/42043710/,PubMed,blood_pressure_mortality_aging,needs_review,Fetched by scripts/fetch_pubmed.py,2026-04-28
pubmed-42042602,"Effect of Roxadustat on Cardiometabolism in Healthy Individuals (ROXACardioMeta): Protocol for a Double-Blind, Placebo-Controlled and Randomised Cross-Over Trial.",,2026,10.3390/mps9020051,42042602,,https://pubmed.ncbi.nlm.nih.gov/42042602/,PubMed,blood_pressure_mortality_aging,needs_review,Fetched by scripts/fetch_pubmed.py,2026-04-28
pubmed-42041955,Recommended Cardiometabolic Screening Guidelines for Unhoused Adults: A Street Medicine Needs Assessment.,,2026,10.3390/clinpract16040078,42041955,,https://pubmed.ncbi.nlm.nih.gov/42041955/,PubMed,blood_pressure_mortality_aging,needs_review,Fetched by scripts/fetch_pubmed.py,2026-04-28
pubmed-42040970,"Prevalence of Cardiovascular Disease Risk Factors and NT pro-BNP for Cardiovascular Disease Risk Prediction among Older People Living with HIV in Almaty, Kazakhstan.",,2026,10.21203/rs.3.rs-9269044/v1,42040970,,https://pubmed.ncbi.nlm.nih.gov/42040970/,PubMed,blood_pressure_mortality_aging,needs_review,Fetched by scripts/fetch_pubmed.py,2026-04-28
pubmed-42038454,"Associations among diet, gut microbiota, and hypertension: a cross-sectional study in Thai subjects.",,2026,10.7717/peerj.21135,42038454,,https://pubmed.ncbi.nlm.nih.gov/42038454/,PubMed,blood_pressure_mortality_aging,needs_review,Fetched by scripts/fetch_pubmed.py,2026-04-28
pubmed-42037708,A novel integrated inflammatory-metabolic indicator as a potential predictor of obstructive sleep apnea: evidence from a clinical cohort and validation in the US National Health and Nutrition Examination Survey.,,2026,10.3389/fneur.2026.1813862,42037708,,https://pubmed.ncbi.nlm.nih.gov/42037708/,PubMed,blood_pressure_mortality_aging,needs_review,Fetched by scripts/fetch_pubmed.py,2026-04-28
pubmed-42036869,[Mathematical Models for Evidence-Based Primary Prevention Policy of Cerebrovascular and Cardiovascular Disease : An Integrated Analysis of Bayesian APC and IMPACT(NCD-JPN)].,,2026,10.11477/mf.030126030540020469,42036869,,https://pubmed.ncbi.nlm.nih.gov/42036869/,PubMed,blood_pressure_mortality_aging,needs_review,Fetched by scripts/fetch_pubmed.py,2026-04-28
pubmed-42036355,Genetic determinants of childhood blood pressure and heart rate in relation to adult health outcomes: the consortium of childhood blood pressure.,,2026,10.1093/eurheartj/ehag313,42036355,,https://pubmed.ncbi.nlm.nih.gov/42036355/,PubMed,blood_pressure_mortality_aging,needs_review,Fetched by scripts/fetch_pubmed.py,2026-04-28
pubmed-42036351,Predicting primary aldosteronism: risk stratification-based and machine learning-based models.,,2026,10.1093/eurjpc/zwag197,42036351,,https://pubmed.ncbi.nlm.nih.gov/42036351/,PubMed,blood_pressure_mortality_aging,needs_review,Fetched by scripts/fetch_pubmed.py,2026-04-28
pubmed-42035778,Pharmacological blood-pressure lowering for the prevention of cardiovascular disease and death across the full spectrum of chronic kidney disease severity: an individual-participant data meta-analysis.,,2026,10.1016/S0140-6736(26)00367-3,42035778,,https://pubmed.ncbi.nlm.nih.gov/42035778/,PubMed,blood_pressure_mortality_aging,needs_review,Fetched by scripts/fetch_pubmed.py,2026-04-28
pubmed-42035361,"Associations of 24-Hour Urinary Sodium, Potassium Excretion and Sodium-to-Potassium Ratio With Longitudinal Home Blood Pressure Control in Patients With Apparent Treatment-Resistant Hypertension.",,2026,10.1111/jch.70263,42035361,,https://pubmed.ncbi.nlm.nih.gov/42035361/,PubMed,blood_pressure_mortality_aging,needs_review,Fetched by scripts/fetch_pubmed.py,2026-04-28
pubmed-42033757,Advanced maternal age at first delivery as a risk factor for long-term cardiovascular disease.,,2026,10.1093/ehjqcco/qcag076,42033757,,https://pubmed.ncbi.nlm.nih.gov/42033757/,PubMed,blood_pressure_mortality_aging,needs_review,Fetched by scripts/fetch_pubmed.py,2026-04-28
pubmed-42033409,"Plasma phosphorylated tau 181, vascular risk factors, and cognition in elderly Hispanics.",,2026,10.1177/13872877261443653,42033409,,https://pubmed.ncbi.nlm.nih.gov/42033409/,PubMed,blood_pressure_mortality_aging,needs_review,Fetched by scripts/fetch_pubmed.py,2026-04-28
pubmed-42033350,Gestational Diabetes Exposure in Utero is Associated with Increased Aortic Stiffness in Older Children.,,2026,10.1139/apnm-2025-0243,42033350,,https://pubmed.ncbi.nlm.nih.gov/42033350/,PubMed,blood_pressure_mortality_aging,needs_review,Fetched by scripts/fetch_pubmed.py,2026-04-28
pubmed-42031431,"Sex differences in the diagnosis, management and outcomes of patients with infective endocarditis.",,2026,10.1136/openhrt-2026-004026,42031431,,https://pubmed.ncbi.nlm.nih.gov/42031431/,PubMed,blood_pressure_mortality_aging,needs_review,Fetched by scripts/fetch_pubmed.py,2026-04-28
pubmed-42034918,Trans fatty acids from dairy foods do not affect risk of cardiometabolic diseases: Systematic review and meta-analysis of evidence from randomized controlled trials and systematic review of prospective cohort studies.,,2026,10.1016/j.nutres.2026.03.009,42034918,,https://pubmed.ncbi.nlm.nih.gov/42034918/,PubMed,ldl_apob_cardiovascular_mortality,needs_review,Fetched by scripts/fetch_pubmed.py,2026-04-28
pubmed-42031588,The association between remnant cholesterol and cardiovascular events: A systematic review and meta-regression.,,2026,10.1016/j.jacl.2026.03.026,42031588,,https://pubmed.ncbi.nlm.nih.gov/42031588/,PubMed,ldl_apob_cardiovascular_mortality,needs_review,Fetched by scripts/fetch_pubmed.py,2026-04-28
pubmed-42011216,Digital health interventions for lipid management in atherosclerotic cardiovascular disease: a systematic review and meta-analysis of randomised controlled trials.,,2026,10.1016/j.eclinm.2026.103886,42011216,,https://pubmed.ncbi.nlm.nih.gov/42011216/,PubMed,ldl_apob_cardiovascular_mortality,needs_review,Fetched by scripts/fetch_pubmed.py,2026-04-28
pubmed-41976494,Effects of Dry-Cured Ham Consumption on Cardiometabolic and Vascular Health in Adults: A Systematic Review and Meta-Analysis of Human Intervention Studies.,,2026,10.3390/foods15071198,41976494,,https://pubmed.ncbi.nlm.nih.gov/41976494/,PubMed,ldl_apob_cardiovascular_mortality,needs_review,Fetched by scripts/fetch_pubmed.py,2026-04-28
pubmed-41955285,Lp(a): A potentially modifiable cardiovascular risk factor.,,2026,10.1093/ajhp/zxag110,41955285,,https://pubmed.ncbi.nlm.nih.gov/41955285/,PubMed,ldl_apob_cardiovascular_mortality,needs_review,Fetched by scripts/fetch_pubmed.py,2026-04-28
pubmed-41949264,"HDL and ASCVD: is high HDL-C protective, harmful, or simply misleading?",,2026,10.1097/MOL.0000000000001041,41949264,,https://pubmed.ncbi.nlm.nih.gov/41949264/,PubMed,ldl_apob_cardiovascular_mortality,needs_review,Fetched by scripts/fetch_pubmed.py,2026-04-28
pubmed-41935556,Rationale and design of the Corrie Lipids Program: Impact of a digital health-enabled implementation initiative to improve lipid management.,,2026,10.1016/j.ahj.2026.107440,41935556,,https://pubmed.ncbi.nlm.nih.gov/41935556/,PubMed,ldl_apob_cardiovascular_mortality,needs_review,Fetched by scripts/fetch_pubmed.py,2026-04-28
pubmed-41928358,Chronic kidney disease induces a distinct lipidomic signature and accelerates atherosclerosis progression in a novel minipig model.,,2026,10.1186/s42826-026-00274-w,41928358,,https://pubmed.ncbi.nlm.nih.gov/41928358/,PubMed,ldl_apob_cardiovascular_mortality,needs_review,Fetched by scripts/fetch_pubmed.py,2026-04-28
pubmed-41916797,Achieving LDL-C <1.0 mmol/L and cardiovascular outcomes in patients with coronary artery disease who received percutaneous coronary intervention.,,2026,10.1016/j.atherosclerosis.2026.120684,41916797,,https://pubmed.ncbi.nlm.nih.gov/41916797/,PubMed,ldl_apob_cardiovascular_mortality,needs_review,Fetched by scripts/fetch_pubmed.py,2026-04-28
pubmed-41910315,Intensive LDL Cholesterol Targeting in Atherosclerotic Cardiovascular Disease.,,2026,10.1056/NEJMoa2600283,41910315,,https://pubmed.ncbi.nlm.nih.gov/41910315/,PubMed,ldl_apob_cardiovascular_mortality,needs_review,Fetched by scripts/fetch_pubmed.py,2026-04-28
pubmed-41903215,Evolocumab to Reduce First Major Cardiovascular Events in Patients Without Known Significant Atherosclerosis and With Diabetes: Results From the VESALIUS-CV Trial.,,2026,10.1001/jama.2026.3277,41903215,,https://pubmed.ncbi.nlm.nih.gov/41903215/,PubMed,ldl_apob_cardiovascular_mortality,needs_review,Fetched by scripts/fetch_pubmed.py,2026-04-28
pubmed-41877106,Excess apolipoprotein B predicts long-term survival in statin-treated CAD irrespective of achieved LDL-C levels: a pooled cohort analysis.,,2026,10.1186/s12944-026-02928-z,41877106,,https://pubmed.ncbi.nlm.nih.gov/41877106/,PubMed,ldl_apob_cardiovascular_mortality,needs_review,Fetched by scripts/fetch_pubmed.py,2026-04-28
pubmed-41876350,Dyslipidemia and therapies after heart transplantation: Current evidence and future directions.,,2026,10.1016/j.jacl.2026.02.021,41876350,,https://pubmed.ncbi.nlm.nih.gov/41876350/,PubMed,ldl_apob_cardiovascular_mortality,needs_review,Fetched by scripts/fetch_pubmed.py,2026-04-28
pubmed-41862301,Global burden and causal analysis of LDL-C-related cardiovascular diseases: A GBD 2021 and Mendelian randomization study.,,2026,10.1016/j.numecd.2026.104622,41862301,,https://pubmed.ncbi.nlm.nih.gov/41862301/,PubMed,ldl_apob_cardiovascular_mortality,needs_review,Fetched by scripts/fetch_pubmed.py,2026-04-28
pubmed-41856833,"The effect of red pepper/capsaicin on cardiovascular risk factors: a systematic review, meta-analysis, and GRADE assessment.",,2026,10.1016/j.numecd.2026.104616,41856833,,https://pubmed.ncbi.nlm.nih.gov/41856833/,PubMed,ldl_apob_cardiovascular_mortality,needs_review,Fetched by scripts/fetch_pubmed.py,2026-04-28
pubmed-41852675,Association between lipoprotein combine index and all-cause and cardiovascular mortality in patients undergoing peritoneal dialysis: a multicenter retrospective cohort study.,,2026,10.3389/fnut.2026.1768195,41852675,,https://pubmed.ncbi.nlm.nih.gov/41852675/,PubMed,ldl_apob_cardiovascular_mortality,needs_review,Fetched by scripts/fetch_pubmed.py,2026-04-28
pubmed-42029601,Sarcopenia as a Prognostic Marker of Early Mortality After Surgery for Acute Aortic Dissection: A Prospective Cohort Study.,,2026,10.3390/medsci14020177,42029601,,https://pubmed.ncbi.nlm.nih.gov/42029601/,PubMed,sleep_duration_mortality_aging,needs_review,Fetched by scripts/fetch_pubmed.py,2026-04-28
pubmed-42029551,Redefining Obstructive Sleep Apnea: Multidimensional Phenotyping Beyond the Apnea-Hypopnea Index.,,2026,10.3390/pathophysiology33020024,42029551,,https://pubmed.ncbi.nlm.nih.gov/42029551/,PubMed,sleep_duration_mortality_aging,needs_review,Fetched by scripts/fetch_pubmed.py,2026-04-28
pubmed-42028462,Extreme heat impacts on daily life and adaptive behaviours captured through lived experience.,,2025,10.1088/1748-9326/adcbc5,42028462,,https://pubmed.ncbi.nlm.nih.gov/42028462/,PubMed,sleep_duration_mortality_aging,needs_review,Fetched by scripts/fetch_pubmed.py,2026-04-28
pubmed-42026650,Mind the gap: obtaining reliable sleep estimates and the diagnostic value of sleep discrepancy in individuals with Alzheimer's disease and Lewy body disease.,,2026,10.1002/alz.71377,42026650,,https://pubmed.ncbi.nlm.nih.gov/42026650/,PubMed,sleep_duration_mortality_aging,needs_review,Fetched by scripts/fetch_pubmed.py,2026-04-28
pubmed-42025465,The impact of sarcopenia on clinical outcomes in patients with diabetes: A systematic review and meta-analysis of cohort studies.,,2026,10.1016/j.pcd.2026.04.008,42025465,,https://pubmed.ncbi.nlm.nih.gov/42025465/,PubMed,sleep_duration_mortality_aging,needs_review,Fetched by scripts/fetch_pubmed.py,2026-04-28
pubmed-42023454,Impact of Sleep Quality on Cognitive Function in Elderly Patients With Alzheimer's Disease.,,2026,10.62641/aep.v54i2.2126,42023454,,https://pubmed.ncbi.nlm.nih.gov/42023454/,PubMed,sleep_duration_mortality_aging,needs_review,Fetched by scripts/fetch_pubmed.py,2026-04-28
pubmed-42018962,"The Relationship Between Sleep, Cognition, and Dementia Risk in People With Focal Epilepsy.",,2026,10.1212/WNL.0000000000214985,42018962,,https://pubmed.ncbi.nlm.nih.gov/42018962/,PubMed,sleep_duration_mortality_aging,needs_review,Fetched by scripts/fetch_pubmed.py,2026-04-28
pubmed-42017028,The role of sleep disorders in the risk for CKD and CKD progression.,,2026,10.1093/ckj/sfag098,42017028,,https://pubmed.ncbi.nlm.nih.gov/42017028/,PubMed,sleep_duration_mortality_aging,needs_review,Fetched by scripts/fetch_pubmed.py,2026-04-28
pubmed-42014143,"Intranasal dexmedetomidine in reducing postoperative delirium among cardiac surgery patients by improving sleep quality in China (DREAMS): study protocol for a single-centre, double-blind, randomised controlled trial.",,2026,10.1136/bmjopen-2025-110057,42014143,,https://pubmed.ncbi.nlm.nih.gov/42014143/,PubMed,sleep_duration_mortality_aging,needs_review,Fetched by scripts/fetch_pubmed.py,2026-04-28
pubmed-42008265,Objectively Measured Daytime Napping Patterns and All-Cause Mortality in Older Adults.,,2026,10.1001/jamanetworkopen.2026.7938,42008265,,https://pubmed.ncbi.nlm.nih.gov/42008265/,PubMed,sleep_duration_mortality_aging,needs_review,Fetched by scripts/fetch_pubmed.py,2026-04-28
pubmed-42006279,Impacts of Multidisciplinary Lung Cancer Meeting Presentation in a Clinical Quality Registry.,,2026,10.1016/j.jtocrr.2026.100984,42006279,,https://pubmed.ncbi.nlm.nih.gov/42006279/,PubMed,sleep_duration_mortality_aging,needs_review,Fetched by scripts/fetch_pubmed.py,2026-04-28
pubmed-41999513,Biobehavioral and Interpersonal Predictors of Cognitive Impairment in Older Adults With Type 2 Diabetes: A Systematic Review of Cohort Studies.,,2026,10.1177/10998004261444978,41999513,,https://pubmed.ncbi.nlm.nih.gov/41999513/,PubMed,sleep_duration_mortality_aging,needs_review,Fetched by scripts/fetch_pubmed.py,2026-04-28
pubmed-41992647,"Chronic Cerebral Hypoxia and Cognitive Impairment: A Systematic Review and Meta-Analysis Based on Chronic Mountain Sickness, Anemia, Chronic Obstructive Pulmonary Disease, and Obstructive Sleep Apnea.",,2026,10.1002/cns.70875,41992647,,https://pubmed.ncbi.nlm.nih.gov/41992647/,PubMed,sleep_duration_mortality_aging,needs_review,Fetched by scripts/fetch_pubmed.py,2026-04-28
pubmed-41990895,Neural-molecular signatures of insomnia: Insights from signed differential mapping and gene expression analysis.,,2026,10.1016/j.neuroimage.2026.121926,41990895,,https://pubmed.ncbi.nlm.nih.gov/41990895/,PubMed,sleep_duration_mortality_aging,needs_review,Fetched by scripts/fetch_pubmed.py,2026-04-28
pubmed-41982049,Integrating Social and Clinical Determinants of Pre-Eclampsia: A Hierarchical Systematic Review and Conceptual Framework for Prevention.,,2026,10.1111/1471-0528.70240,41982049,,https://pubmed.ncbi.nlm.nih.gov/41982049/,PubMed,sleep_duration_mortality_aging,needs_review,Fetched by scripts/fetch_pubmed.py,2026-04-28
pubmed-41980483,Evaluation of Duration of Mechanical Ventilation Associated with Short-Course Midazolam Infusion in the Emergency Department.,,2026,10.1016/j.jemermed.2026.02.033,41980483,,https://pubmed.ncbi.nlm.nih.gov/41980483/,PubMed,sleep_duration_mortality_aging,needs_review,Fetched by scripts/fetch_pubmed.py,2026-04-28
pubmed-42037549,Short-Term Dietary Intervention Alters Physiological Profiles Relevant to Ageing.,,2026,10.1111/acel.70507,42037549,,https://pubmed.ncbi.nlm.nih.gov/42037549/,PubMed,dietary_pattern_longevity,needs_review,Fetched by scripts/fetch_pubmed.py,2026-04-28
pubmed-42035516,"Efficacy of Mediterranean Diet in pregnancy: A systematic review and meta-analysis featured in the Italian National Guidelines ""La Dieta Mediterranea"".",,2026,10.1016/j.nut.2026.113129,42035516,,https://pubmed.ncbi.nlm.nih.gov/42035516/,PubMed,dietary_pattern_longevity,needs_review,Fetched by scripts/fetch_pubmed.py,2026-04-28
pubmed-42035505,Association of plant-based diet with cardiometabolic multimorbidity trajectory: A prospective study in UK Biobank.,,2026,10.1016/j.jnha.2026.100860,42035505,,https://pubmed.ncbi.nlm.nih.gov/42035505/,PubMed,dietary_pattern_longevity,needs_review,Fetched by scripts/fetch_pubmed.py,2026-04-28
pubmed-42033408,Dietary intervention and cognition across Alzheimer's disease biomarker levels: The MIND clinical trial.,,2026,10.1177/13872877261442856,42033408,,https://pubmed.ncbi.nlm.nih.gov/42033408/,PubMed,dietary_pattern_longevity,needs_review,Fetched by scripts/fetch_pubmed.py,2026-04-28
pubmed-42028362,Development of Telenutrition Education and Counseling Protocol to Improve Diet Quality in Individuals With Spinal Cord Injury.,,2026,10.46292/sci25-00125,42028362,,https://pubmed.ncbi.nlm.nih.gov/42028362/,PubMed,dietary_pattern_longevity,needs_review,Fetched by scripts/fetch_pubmed.py,2026-04-28
pubmed-42009100,Geroprotective effects of diet and exercise plus metformin in frail older veterans with obesity: The DEMFOS randomized trial protocol.,,2026,10.1016/j.cct.2026.108321,42009100,,https://pubmed.ncbi.nlm.nih.gov/42009100/,PubMed,dietary_pattern_longevity,needs_review,Fetched by scripts/fetch_pubmed.py,2026-04-28
pubmed-42008251,Brain Imaging Biomarkers and Cognitive Outcomes in a Multidomain Lifestyle Intervention: The POINTER Imaging Ancillary Study.,,2026,10.1001/jamaneurol.2026.0832,42008251,,https://pubmed.ncbi.nlm.nih.gov/42008251/,PubMed,dietary_pattern_longevity,needs_review,Fetched by scripts/fetch_pubmed.py,2026-04-28
pubmed-42003012,Nutrient patterns associated with depression: evidence from the CUME+ study.,,2026,10.1080/09637486.2026.2654461,42003012,,https://pubmed.ncbi.nlm.nih.gov/42003012/,PubMed,dietary_pattern_longevity,needs_review,Fetched by scripts/fetch_pubmed.py,2026-04-28
pubmed-41999682,Effects of one avocado a day for six months on cognitive performance in overweight adults: A randomized controlled trial.,,2026,10.1016/j.jnha.2026.100847,41999682,,https://pubmed.ncbi.nlm.nih.gov/41999682/,PubMed,dietary_pattern_longevity,needs_review,Fetched by scripts/fetch_pubmed.py,2026-04-28
pubmed-41999038,"Associations of plant-based diets with all-cause and cause-specific mortality and life expectancy among participants with cardiometabolic disorders from UK, US, and China.",,2026,10.1093/eurjpc/zwag220,41999038,,https://pubmed.ncbi.nlm.nih.gov/41999038/,PubMed,dietary_pattern_longevity,needs_review,Fetched by scripts/fetch_pubmed.py,2026-04-28
pubmed-41990558,Sarcopenic obesity: Call to action and nutritional agenda from the international clinical nutrition community.,,2026,10.1016/j.clnu.2026.106645,41990558,,https://pubmed.ncbi.nlm.nih.gov/41990558/,PubMed,dietary_pattern_longevity,needs_review,Fetched by scripts/fetch_pubmed.py,2026-04-28
pubmed-41984760,Ultra-processed food consumption and the risk of overweight and obesity in adolescents: A systematic review and meta-analysis.,,2026,10.1371/journal.pone.0344873,41984760,,https://pubmed.ncbi.nlm.nih.gov/41984760/,PubMed,dietary_pattern_longevity,needs_review,Fetched by scripts/fetch_pubmed.py,2026-04-28
pubmed-41978089,"Ultra-Processed Foods and the Cardiovascular-Kidney-Metabolic Continuum: Integrating Epidemiological, Multi-Omics, and Translational Evidence.",,2026,10.3390/nu18071039,41978089,,https://pubmed.ncbi.nlm.nih.gov/41978089/,PubMed,dietary_pattern_longevity,needs_review,Fetched by scripts/fetch_pubmed.py,2026-04-28
pubmed-41960328,Metabolic Adaptations to Caloric Restriction: Time- and Group-Dependent Metabolomic Signatures from the CALERIE™ Trial.,,2026,10.21203/rs.3.rs-9237764/v1,41960328,,https://pubmed.ncbi.nlm.nih.gov/41960328/,PubMed,dietary_pattern_longevity,needs_review,Fetched by scripts/fetch_pubmed.py,2026-04-28
pubmed-41958469,Weight loss and metabolic improvements dominate the microbiome response in the MIND diet intervention: a randomized controlled trial.,,2026,10.1002/trc2.70239,41958469,,https://pubmed.ncbi.nlm.nih.gov/41958469/,PubMed,dietary_pattern_longevity,needs_review,Fetched by scripts/fetch_pubmed.py,2026-04-28
pubmed-41947180,m-Lifestyle Intervention for Employees (m-LIfE): protocol for a pilot cluster randomized controlled trial on cardiovascular disease prevention strategies.,,2026,10.1186/s40814-026-01815-9,41947180,,https://pubmed.ncbi.nlm.nih.gov/41947180/,PubMed,dietary_pattern_longevity,needs_review,Fetched by scripts/fetch_pubmed.py,2026-04-28
pubmed-41943481,Baseline characteristics of the SINgapore GERiatric Intervention Study to Reduce Cognitive Decline and Physical Frailty (SINGER) multidomain dementia prevention randomized controlled trial and insights from the recruitment process.,,2026,10.1002/alz.71313,41943481,,https://pubmed.ncbi.nlm.nih.gov/41943481/,PubMed,dietary_pattern_longevity,needs_review,Fetched by scripts/fetch_pubmed.py,2026-04-28
pubmed-42043665,Investigating fasting for metabolic health and longevity.,,2026,10.1007/s10522-026-10438-9,42043665,,https://pubmed.ncbi.nlm.nih.gov/42043665/,PubMed,caloric_restriction_human_aging,needs_review,Fetched by scripts/fetch_pubmed.py,2026-04-28
pubmed-42039591,Senescence and DNA Damage-Induced Inflammation Drive Heart Failure with Preserved Ejection Fraction in Cardiovascular Kidney Metabolic Syndrome.,,2026,10.64898/2026.04.13.718331,42039591,,https://pubmed.ncbi.nlm.nih.gov/42039591/,PubMed,caloric_restriction_human_aging,needs_review,Fetched by scripts/fetch_pubmed.py,2026-04-28
pubmed-42032757,Senescence of T cells and organ aging.,,2026,10.1186/s41232-026-00419-3,42032757,,https://pubmed.ncbi.nlm.nih.gov/42032757/,PubMed,caloric_restriction_human_aging,needs_review,Fetched by scripts/fetch_pubmed.py,2026-04-28
pubmed-42021510,Fasting and Caloric Restriction Activate an ADIOL-NHR-91-Kynurenine Pathway Signaling Axis to Promote Healthspan.,,2026,10.1111/acel.70496,42021510,,https://pubmed.ncbi.nlm.nih.gov/42021510/,PubMed,caloric_restriction_human_aging,needs_review,Fetched by scripts/fetch_pubmed.py,2026-04-28
pubmed-42019832,Iron Deficiency Drives Pathological Cardiac Remodeling and Diastolic Dysfunction associated with inhibition of AMPK-mTORC1 Signaling.,,2026,10.1016/j.carpath.2026.107828,42019832,,https://pubmed.ncbi.nlm.nih.gov/42019832/,PubMed,caloric_restriction_human_aging,needs_review,Fetched by scripts/fetch_pubmed.py,2026-04-28
pubmed-42017010,Female resistance to the metabolic benefits of protein restriction is reversed by ovariectomy in mice.,,2026,10.64898/2026.03.31.715667,42017010,,https://pubmed.ncbi.nlm.nih.gov/42017010/,PubMed,caloric_restriction_human_aging,needs_review,Fetched by scripts/fetch_pubmed.py,2026-04-28
pubmed-42015873,Metabolomics Identified Caloric Restriction-associated Glycerophospholipid Alterations in ApoE-/- Mice.,,2026,10.1093/gpbjnl/qzag030,42015873,,https://pubmed.ncbi.nlm.nih.gov/42015873/,PubMed,caloric_restriction_human_aging,needs_review,Fetched by scripts/fetch_pubmed.py,2026-04-28
pubmed-42013407,Association of the Mediterranean Diet With White Matter Integrity Among Hispanic or Latino Adults: Results From the SOL-INCA-MRI Study.,,2026,10.1212/WNL.0000000000214867,42013407,,https://pubmed.ncbi.nlm.nih.gov/42013407/,PubMed,caloric_restriction_human_aging,needs_review,Fetched by scripts/fetch_pubmed.py,2026-04-28
pubmed-41978186,Dietary Patterns and Cerebral Glucose Metabolism in Older Adults: Findings from the Western Australian Memory Study.,,2026,10.3390/nu18071136,41978186,,https://pubmed.ncbi.nlm.nih.gov/41978186/,PubMed,caloric_restriction_human_aging,needs_review,Fetched by scripts/fetch_pubmed.py,2026-04-28
pubmed-41978176,Dietary Pattern-Induced Gut Microbiota Differences Are Associated with White Matter Volume Changes in Middle-Aged Female Macaques.,,2026,10.3390/nu18071124,41978176,,https://pubmed.ncbi.nlm.nih.gov/41978176/,PubMed,caloric_restriction_human_aging,needs_review,Fetched by scripts/fetch_pubmed.py,2026-04-28
pubmed-41978141,"Ketogenic Diet and Brain Health: Cerebrovascular Mechanisms, Neuroprotection, and Translational Implications.",,2026,10.3390/nu18071091,41978141,,https://pubmed.ncbi.nlm.nih.gov/41978141/,PubMed,caloric_restriction_human_aging,needs_review,Fetched by scripts/fetch_pubmed.py,2026-04-28
pubmed-41974968,Exoproteome of calorie-restricted humans identifies complement deactivation as an immunometabolic checkpoint reducing inflammaging.,,2026,10.1038/s43587-026-01107-0,41974968,,https://pubmed.ncbi.nlm.nih.gov/41974968/,PubMed,caloric_restriction_human_aging,needs_review,Fetched by scripts/fetch_pubmed.py,2026-04-28
pubmed-41959663,"Effects of combined Mediterranean diet and physical activity intervention on the gut microbiome and disease progression in individuals with Parkinson's disease: study protocol for a multicenter, randomized controlled pilot study (PRIME study).",,2026,10.3389/fnagi.2026.1743490,41959663,,https://pubmed.ncbi.nlm.nih.gov/41959663/,PubMed,caloric_restriction_human_aging,needs_review,Fetched by scripts/fetch_pubmed.py,2026-04-28
pubmed-41959369,Metabolic reprogramming by caloric restriction enhances acute phase virological control and reduces chronic inflammation in SIV-infected rhesus macaques.,,2026,10.64898/2026.03.11.711076,41959369,,https://pubmed.ncbi.nlm.nih.gov/41959369/,PubMed,caloric_restriction_human_aging,needs_review,Fetched by scripts/fetch_pubmed.py,2026-04-28
pubmed-41959063,Sleeve gastrectomy protects lean mice from future obesity.,,2026,10.64898/2026.03.09.710623,41959063,,https://pubmed.ncbi.nlm.nih.gov/41959063/,PubMed,caloric_restriction_human_aging,needs_review,Fetched by scripts/fetch_pubmed.py,2026-04-28
pubmed-42039766,The Role of Gut Microbiome in Obesity and Weight Management: A Review of Current Evidence and Future Directions.,,2026,10.1002/fsn3.71801,42039766,,https://pubmed.ncbi.nlm.nih.gov/42039766/,PubMed,intermittent_fasting_aging_human,needs_review,Fetched by scripts/fetch_pubmed.py,2026-04-28
pubmed-42018499,"Changes in anthropometric indices, lifestyle patterns, and mental stress with ramadan intermittent fasting among healthy students: A prospective cohort study.",,2026,10.1371/journal.pone.0345940,42018499,,https://pubmed.ncbi.nlm.nih.gov/42018499/,PubMed,intermittent_fasting_aging_human,needs_review,Fetched by scripts/fetch_pubmed.py,2026-04-28
pubmed-41999199,Determinants of oxidative stress in orthodox Christian women: A comparative analysis of monastic and non-monastic lifestyles.,,2026,10.1177/17455057261442708,41999199,,https://pubmed.ncbi.nlm.nih.gov/41999199/,PubMed,intermittent_fasting_aging_human,needs_review,Fetched by scripts/fetch_pubmed.py,2026-04-28
pubmed-41985711,Intermittent fasting and cardiometabolic responses under cardiac stress: a systematic review of preclinical studies.,,2026,10.1016/j.lfs.2026.124393,41985711,,https://pubmed.ncbi.nlm.nih.gov/41985711/,PubMed,intermittent_fasting_aging_human,needs_review,Fetched by scripts/fetch_pubmed.py,2026-04-28
pubmed-41980218,"The Interplay Between Physical Exercise, Nutritional Strategies, and Brain-Derived Neurotrophic Factor in Promoting Cognitive Performance.",,2026,10.14336/AD.2025.1456,41980218,,https://pubmed.ncbi.nlm.nih.gov/41980218/,PubMed,intermittent_fasting_aging_human,needs_review,Fetched by scripts/fetch_pubmed.py,2026-04-28
pubmed-41978091,Fasting-Based Dietary Interventions in Cancer Patients and Survivors: A Scoping Review.,,2026,10.3390/nu18071035,41978091,,https://pubmed.ncbi.nlm.nih.gov/41978091/,PubMed,intermittent_fasting_aging_human,needs_review,Fetched by scripts/fetch_pubmed.py,2026-04-28
pubmed-41964971,The Effect of Integrated Lifestyle Intervention Incorporating Calorie-Carbohydrate Restriction With or Without Time-Restricted Feeding for Remission of Type 2 Diabetes (DIREM): A Single Blind Randomised Controlled Trial.,,2026,10.1002/edm2.70209,41964971,,https://pubmed.ncbi.nlm.nih.gov/41964971/,PubMed,intermittent_fasting_aging_human,needs_review,Fetched by scripts/fetch_pubmed.py,2026-04-28
pubmed-41940859,Time-restricted eating in Alzheimer's disease (TREAD): A call for research.,,2026,10.1177/13872877261438520,41940859,,https://pubmed.ncbi.nlm.nih.gov/41940859/,PubMed,intermittent_fasting_aging_human,needs_review,Fetched by scripts/fetch_pubmed.py,2026-04-28
pubmed-41928885,Effect of a 5:2 intermittent fasting diet on obese patients with polycystic ovary syndrome.,,2026,10.3389/fendo.2026.1758805,41928885,,https://pubmed.ncbi.nlm.nih.gov/41928885/,PubMed,intermittent_fasting_aging_human,needs_review,Fetched by scripts/fetch_pubmed.py,2026-04-28
pubmed-41901179,Adherence and Metabolic Outcomes of Early and Late Time-Restricted Eating with Energy Restriction vs. Energy Restriction Alone: A 6-Month Follow-Up.,,2026,10.3390/nu18061004,41901179,,https://pubmed.ncbi.nlm.nih.gov/41901179/,PubMed,intermittent_fasting_aging_human,needs_review,Fetched by scripts/fetch_pubmed.py,2026-04-28
pubmed-41863228,Enteral Feeding and Circadian Rhythms: A Useful Liaison in Critical and Non-critical Patients.,,2026,10.2174/0115748871392163251206221657,41863228,,https://pubmed.ncbi.nlm.nih.gov/41863228/,PubMed,intermittent_fasting_aging_human,needs_review,Fetched by scripts/fetch_pubmed.py,2026-04-28
pubmed-41862063,Obesity-focused dietary interventions in breast cancer care: A comprehensive review of medical nutrition therapy approaches and efficacy in prevention and treatment.,,2026,10.1016/j.semcancer.2026.03.002,41862063,,https://pubmed.ncbi.nlm.nih.gov/41862063/,PubMed,intermittent_fasting_aging_human,needs_review,Fetched by scripts/fetch_pubmed.py,2026-04-28
pubmed-41859904,Effect of 2 Weeks of Time-Restricted Eating on Innate Immunity and Systemic Inflammation in Patients With a History of Myocardial Infarction: A Randomized-Controlled Crossover Study.,,2026,10.1161/JAHA.125.048092,41859904,,https://pubmed.ncbi.nlm.nih.gov/41859904/,PubMed,intermittent_fasting_aging_human,needs_review,Fetched by scripts/fetch_pubmed.py,2026-04-28
pubmed-41857344,Pilot Randomised Controlled Trial of the Feasibility and Acceptability of Family-Based Time Limited Eating to Treat Obesity.,,2026,10.1111/ijpo.70103,41857344,,https://pubmed.ncbi.nlm.nih.gov/41857344/,PubMed,intermittent_fasting_aging_human,needs_review,Fetched by scripts/fetch_pubmed.py,2026-04-28
pubmed-41850653,"Relative Effects of Time-Restricted Eating, Energy-Restricted Eating, and Unrestricted Eating on Eating Patterns and Dietary Intake: Results from a Randomized Controlled Trial.",,2026,10.1016/j.jand.2026.156331,41850653,,https://pubmed.ncbi.nlm.nih.gov/41850653/,PubMed,intermittent_fasting_aging_human,needs_review,Fetched by scripts/fetch_pubmed.py,2026-04-28
pubmed-41850420,An obligatory role for AgRP neurons in maintaining body temperature during time-restricted feeding.,,2026,10.1016/j.metabol.2026.156595,41850420,,https://pubmed.ncbi.nlm.nih.gov/41850420/,PubMed,intermittent_fasting_aging_human,needs_review,Fetched by scripts/fetch_pubmed.py,2026-04-28
pubmed-42034831,GLP-1 agonists and changes in body mass and composition in adults with overweight or obesity with or without type 2 diabetes mellitus: a systematic review and meta-analysis.,,2026,10.1038/s41366-026-02088-1,42034831,,https://pubmed.ncbi.nlm.nih.gov/42034831/,PubMed,glp1_obesity_cardiometabolic_outcomes,needs_review,Fetched by scripts/fetch_pubmed.py,2026-04-28
pubmed-42033283,Effect of GLP-1 Receptor Agonists on Post-Ablation Atrial Fibrillation Recurrence: A Meta‑Analysis.,,2026,10.1111/pace.70262,42033283,,https://pubmed.ncbi.nlm.nih.gov/42033283/,PubMed,glp1_obesity_cardiometabolic_outcomes,needs_review,Fetched by scripts/fetch_pubmed.py,2026-04-28
pubmed-42029967,Efficacy of GLP-1 Receptor agonists in treating Obstructive sleep apnea: A systematic review and meta-analysis of cardiometabolic and respiratory outcomes.,,2026,10.1007/s11325-026-03681-4,42029967,,https://pubmed.ncbi.nlm.nih.gov/42029967/,PubMed,glp1_obesity_cardiometabolic_outcomes,needs_review,Fetched by scripts/fetch_pubmed.py,2026-04-28
pubmed-42017027,Clinical outcomes of glucagon-like peptide-1 receptor agonist therapy in kidney transplant recipients: a systematic review and meta-analysis.,,2026,10.1093/ckj/sfag105,42017027,,https://pubmed.ncbi.nlm.nih.gov/42017027/,PubMed,glp1_obesity_cardiometabolic_outcomes,needs_review,Fetched by scripts/fetch_pubmed.py,2026-04-28
pubmed-42011503,Emerging Effects of Glucagon-Like Peptide-1 Receptor Agonists and Sodium-Glucose Cotransporter 2 Inhibitors on Male Sexual Hormones and Behaviors: Systematic Review and Meta-Analysis.,,2026,10.1111/andr.70238,42011503,,https://pubmed.ncbi.nlm.nih.gov/42011503/,PubMed,glp1_obesity_cardiometabolic_outcomes,needs_review,Fetched by scripts/fetch_pubmed.py,2026-04-28
pubmed-42009258,GLP-1-based therapies and limb outcomes in PAD: a systematic review and meta-analysis of real-world studies.,,2026,10.1016/j.diabres.2026.113271,42009258,,https://pubmed.ncbi.nlm.nih.gov/42009258/,PubMed,glp1_obesity_cardiometabolic_outcomes,needs_review,Fetched by scripts/fetch_pubmed.py,2026-04-28
pubmed-42007544,Tirzepatide as Adjunct to Insulin in Adults With Type 1 Diabetes and Overweight or Obesity: A Systematic Review of Randomized and Real-World Evidence.,,2026,10.1002/edm2.70225,42007544,,https://pubmed.ncbi.nlm.nih.gov/42007544/,PubMed,glp1_obesity_cardiometabolic_outcomes,needs_review,Fetched by scripts/fetch_pubmed.py,2026-04-28
pubmed-41996180,Effect of Incretin-Based and Nonpharmacologic Weight Loss on Body Composition : A Systematic Review.,,2026,10.7326/ANNALS-25-00478,41996180,,https://pubmed.ncbi.nlm.nih.gov/41996180/,PubMed,glp1_obesity_cardiometabolic_outcomes,needs_review,Fetched by scripts/fetch_pubmed.py,2026-04-28
pubmed-41992023,Cardiometabolic Profiles of Oral and Subcutaneous Glucagon-Like Peptide-1 Receptor Mono-Agonists in Adults With Overweight or Obesity: A Systematic Review and Network Meta-Analysis.,,2026,10.1111/dom.70742,41992023,,https://pubmed.ncbi.nlm.nih.gov/41992023/,PubMed,glp1_obesity_cardiometabolic_outcomes,needs_review,Fetched by scripts/fetch_pubmed.py,2026-04-28
pubmed-41991368,Glucagon-like Peptide-1 receptor agonists are not associated with increased risk of pancreatic cancer: A systematic review and meta-analysis.,,2026,10.1016/j.pan.2026.04.005,41991368,,https://pubmed.ncbi.nlm.nih.gov/41991368/,PubMed,glp1_obesity_cardiometabolic_outcomes,needs_review,Fetched by scripts/fetch_pubmed.py,2026-04-28
pubmed-41987895,Efficacy and safety of novel antidiabetic drugs in patients with type 2 diabetes and chronic kidney disease: a network meta-analysis.,,2026,10.3389/fendo.2026.1750615,41987895,,https://pubmed.ncbi.nlm.nih.gov/41987895/,PubMed,glp1_obesity_cardiometabolic_outcomes,needs_review,Fetched by scripts/fetch_pubmed.py,2026-04-28
pubmed-41984016,Comparative Cardiovascular Effectiveness of Glucagon-Like Peptide 1 Receptor Agonists and Sodium-Glucose Cotransporter 2 Inhibitors in Diabetes Mellitus.,,2026,10.1016/j.jacc.2026.02.5123,41984016,,https://pubmed.ncbi.nlm.nih.gov/41984016/,PubMed,glp1_obesity_cardiometabolic_outcomes,needs_review,Fetched by scripts/fetch_pubmed.py,2026-04-28
pubmed-41975852,Comparative Efficacy and Safety of Tirzepatide Versus Dulaglutide in Patients with Type 2 Diabetes Mellitus: A Systematic Review and Meta-Analysis.,,2026,10.3390/healthcare14070850,41975852,,https://pubmed.ncbi.nlm.nih.gov/41975852/,PubMed,glp1_obesity_cardiometabolic_outcomes,needs_review,Fetched by scripts/fetch_pubmed.py,2026-04-28
pubmed-41973746,Visual and Neurological Outcomes Following Glucagon-Like Peptide-1 Receptor Agonist Therapy and Bariatric Surgery in Idiopathic Intracranial Hypertension: A Network Meta-Analysis.,,2026,10.1177/15578518261442833,41973746,,https://pubmed.ncbi.nlm.nih.gov/41973746/,PubMed,glp1_obesity_cardiometabolic_outcomes,needs_review,Fetched by scripts/fetch_pubmed.py,2026-04-28
pubmed-41969412,Antidiabetic drug and chronic respiratory disease in type 2 diabetes: a network meta-analysis and Mendelian randomization analysis.,,2026,10.1177/20420188261437346,41969412,,https://pubmed.ncbi.nlm.nih.gov/41969412/,PubMed,glp1_obesity_cardiometabolic_outcomes,needs_review,Fetched by scripts/fetch_pubmed.py,2026-04-28
pubmed-42023167,"Metformin and epigenetic age in non-diabetic older people with HIV in Madrid (METFORAGING): a double-blind, randomised, placebo-controlled, pilot trial.",,2026,10.1016/j.eclinm.2026.103874,42023167,,https://pubmed.ncbi.nlm.nih.gov/42023167/,PubMed,metformin_aging_longevity,needs_review,Fetched by scripts/fetch_pubmed.py,2026-04-28
pubmed-41995776,"Metformin in Diabetes and Beyond: Therapeutic Mechanisms, Lactic Acidosis, Organ-Specific Effects, and Nanotechnology-Based Delivery Strategies.",,2026,10.1007/s11596-026-00198-5,41995776,,https://pubmed.ncbi.nlm.nih.gov/41995776/,PubMed,metformin_aging_longevity,needs_review,Fetched by scripts/fetch_pubmed.py,2026-04-28
pubmed-41994361,Aging reimagined: Bridging clinical modulation and scientific breakthroughs.,,2026,10.5114/biolsport.2026.156224,41994361,,https://pubmed.ncbi.nlm.nih.gov/41994361/,PubMed,metformin_aging_longevity,needs_review,Fetched by scripts/fetch_pubmed.py,2026-04-28
pubmed-41980294,Glucose metabolism's impact on Blastocystis presence in the human gut.,,2026,10.1016/j.clnu.2026.106647,41980294,,https://pubmed.ncbi.nlm.nih.gov/41980294/,PubMed,metformin_aging_longevity,needs_review,Fetched by scripts/fetch_pubmed.py,2026-04-28
pubmed-41957871,Beyond disease treatment and prevention: From geroscience and molecular hallmarks to gerotherapeutics and precision geromedicine.,,2026,10.1097/JCMA.0000000000001374,41957871,,https://pubmed.ncbi.nlm.nih.gov/41957871/,PubMed,metformin_aging_longevity,needs_review,Fetched by scripts/fetch_pubmed.py,2026-04-28
pubmed-41956136,Drug repurposing in Alzheimer's disease: Emerging therapeutic strategies and promising candidates.,,2026,10.1016/j.arr.2026.103113,41956136,,https://pubmed.ncbi.nlm.nih.gov/41956136/,PubMed,metformin_aging_longevity,needs_review,Fetched by scripts/fetch_pubmed.py,2026-04-28
pubmed-41948241,Effects of Metformin on Mitochondrial Health and Oxidative Stress in Age-Related Macular Degeneration: A Systematic Review.,,2026,10.7759/cureus.104820,41948241,,https://pubmed.ncbi.nlm.nih.gov/41948241/,PubMed,metformin_aging_longevity,needs_review,Fetched by scripts/fetch_pubmed.py,2026-04-28
pubmed-41942753,"The anti-obesogenic metabolite, Lac-Phe, is elevated by metformin treatment in prostate cancer patients.",,2026,10.1038/s44321-026-00408-6,41942753,,https://pubmed.ncbi.nlm.nih.gov/41942753/,PubMed,metformin_aging_longevity,needs_review,Fetched by scripts/fetch_pubmed.py,2026-04-28
pubmed-41942023,Concept and connotation of the geroprotective and anti-aging effects of metformin: From AMPK activation to SASP suppression.,,2026,10.1016/j.mce.2026.112802,41942023,,https://pubmed.ncbi.nlm.nih.gov/41942023/,PubMed,metformin_aging_longevity,needs_review,Fetched by scripts/fetch_pubmed.py,2026-04-28
pubmed-41899438,From Metabolism to Longevity: Molecular Mechanisms Underlying Metformin's Anticancer and Anti-Aging Effects.,,2026,10.3390/cimb48030286,41899438,,https://pubmed.ncbi.nlm.nih.gov/41899438/,PubMed,metformin_aging_longevity,needs_review,Fetched by scripts/fetch_pubmed.py,2026-04-28
pubmed-41897350,Metformin-A Type 2 Diabetes Mellitus Drug-And Ovarian Cancer: Anticancer Mechanisms and Therapeutic Implications.,,2026,10.3390/biom16030413,41897350,,https://pubmed.ncbi.nlm.nih.gov/41897350/,PubMed,metformin_aging_longevity,needs_review,Fetched by scripts/fetch_pubmed.py,2026-04-28
pubmed-41894158,Exercise in a Pill: Emerging Therapeutics for Age-Related Orthopedic Diseases.,,2026,10.1177/15230864251411560,41894158,,https://pubmed.ncbi.nlm.nih.gov/41894158/,PubMed,metformin_aging_longevity,needs_review,Fetched by scripts/fetch_pubmed.py,2026-04-28
pubmed-41864210,Multiomic analysis of ART-interruption cohorts identifies cell-extrinsic and -intrinsic mechanisms driving lymphocyte-mediated control of HIV rebound.,,2026,10.1016/j.immuni.2026.01.029,41864210,,https://pubmed.ncbi.nlm.nih.gov/41864210/,PubMed,metformin_aging_longevity,needs_review,Fetched by scripts/fetch_pubmed.py,2026-04-28
pubmed-41862429,Predictors of Discontinuation of Angiotensin Converting Enzyme Inhibitors Use Among Medicare Beneficiaries Using Sodium-Glucose Cotransporter 2 Inhibitors.,,2026,10.1002/pds.70352,41862429,,https://pubmed.ncbi.nlm.nih.gov/41862429/,PubMed,metformin_aging_longevity,needs_review,Fetched by scripts/fetch_pubmed.py,2026-04-28
pubmed-41859618,"A Randomized, Multicenter Study Evaluating the Efficacy, Safety and Tolerability of Dapagliflozin + Gliclazide Fixed Dose Combination Over Dapagliflozin Monotherapy in Type 2 Diabetes Mellitus Patients Inadequately Controlled on Metformin Monotherapy.",,2026,10.7759/cureus.103676,41859618,,https://pubmed.ncbi.nlm.nih.gov/41859618/,PubMed,metformin_aging_longevity,needs_review,Fetched by scripts/fetch_pubmed.py,2026-04-28
pubmed-41854838,"Managing Bone Fragility in Older Adults with Diabetes: Pathophysiology, Assessment, and Therapeutic Considerations.",,2026,10.1007/s40266-026-01290-0,41854838,,https://pubmed.ncbi.nlm.nih.gov/41854838/,PubMed,metformin_aging_longevity,needs_review,Fetched by scripts/fetch_pubmed.py,2026-04-28
pubmed-42034786,SASP-driven vascular aging: unraveling the transcriptional nexus in endothelial senescence and cardiovascular disease.,,2026,10.1007/s00418-026-02475-9,42034786,,https://pubmed.ncbi.nlm.nih.gov/42034786/,PubMed,rapamycin_mtor_aging,needs_review,Fetched by scripts/fetch_pubmed.py,2026-04-28
pubmed-42017452,Next-Generation Therapies for Meningioma: Overcoming Barriers and Expanding Treatment Options.,,2026,10.1080/07357907.2026.2661627,42017452,,https://pubmed.ncbi.nlm.nih.gov/42017452/,PubMed,rapamycin_mtor_aging,needs_review,Fetched by scripts/fetch_pubmed.py,2026-04-28
pubmed-42011226,"SRN-901, a Novel Longevity Drug, Extends Lifespan and Healthspan by Targeting Multiple Aging Pathways.",,2026,10.2147/DDDT.S594895,42011226,,https://pubmed.ncbi.nlm.nih.gov/42011226/,PubMed,rapamycin_mtor_aging,needs_review,Fetched by scripts/fetch_pubmed.py,2026-04-28
pubmed-42009954,Deconstructing the RAGE signaling maze: the molecular key to opening a new dimension of ovarian anti-aging.,,2026,10.1038/s12276-026-01678-3,42009954,,https://pubmed.ncbi.nlm.nih.gov/42009954/,PubMed,rapamycin_mtor_aging,needs_review,Fetched by scripts/fetch_pubmed.py,2026-04-28
pubmed-42008486,Prion propagation is controlled by a hierarchical network involving the nuclear Tfap2c and hnRNP K factors and the cytosolic mTORC1 complex.,,2026,10.1371/journal.ppat.1014056,42008486,,https://pubmed.ncbi.nlm.nih.gov/42008486/,PubMed,rapamycin_mtor_aging,needs_review,Fetched by scripts/fetch_pubmed.py,2026-04-28
pubmed-42000694,The metabolic-inflammatory axis in aging: A multi-organ framework anchored in Sarcopenia - A review.,,2026,10.1016/j.archger.2026.106254,42000694,,https://pubmed.ncbi.nlm.nih.gov/42000694/,PubMed,rapamycin_mtor_aging,needs_review,Fetched by scripts/fetch_pubmed.py,2026-04-28
pubmed-42000396,5-Hydroxytryptamine 2B receptor antagonism restores ATP and reduces tubulointerstitial fibrosis in the renal cortices of aged mice.,,2026,10.1016/j.jpet.2026.104321,42000396,,https://pubmed.ncbi.nlm.nih.gov/42000396/,PubMed,rapamycin_mtor_aging,needs_review,Fetched by scripts/fetch_pubmed.py,2026-04-28
pubmed-41996004,Lactate-driven pyrimidine synthesis promotes ferroptosis resistance in hepatocellular carcinoma.,,2026,10.1186/s43556-026-00450-3,41996004,,https://pubmed.ncbi.nlm.nih.gov/41996004/,PubMed,rapamycin_mtor_aging,needs_review,Fetched by scripts/fetch_pubmed.py,2026-04-28
pubmed-41979886,Hyperactive Muscle mTORC1 Attenuates Functional Adaptations to Endurance Training Despite Alterations in Mitochondrial and Lipid Profiles.,,2026,10.1152/japplphysiol.00730.2025,41979886,,https://pubmed.ncbi.nlm.nih.gov/41979886/,PubMed,rapamycin_mtor_aging,needs_review,Fetched by scripts/fetch_pubmed.py,2026-04-28
pubmed-41965078,Antagonistic Pleiotropy Governing Reproductive Aging: Evolutionary Regulation of Endometrial Receptivity.,,2026,10.1093/reprod/xaag044,41965078,,https://pubmed.ncbi.nlm.nih.gov/41965078/,PubMed,rapamycin_mtor_aging,needs_review,Fetched by scripts/fetch_pubmed.py,2026-04-28
pubmed-41962762,Why dietary interventions fail or succeed in ageing: Metabolic resilience as the missing integrative framework.,,2026,10.1016/j.clnesp.2026.103277,41962762,,https://pubmed.ncbi.nlm.nih.gov/41962762/,PubMed,rapamycin_mtor_aging,needs_review,Fetched by scripts/fetch_pubmed.py,2026-04-28
pubmed-41956139,Mitochondrial quality control as a central pharmacological target in aging.,,2026,10.1016/j.phrs.2026.108188,41956139,,https://pubmed.ncbi.nlm.nih.gov/41956139/,PubMed,rapamycin_mtor_aging,needs_review,Fetched by scripts/fetch_pubmed.py,2026-04-28
pubmed-41943835,CBX8 suppresses autophagy-dependent senescence in colorectal cancer by modulating the mTOR signaling pathway.,,2026,10.7150/ijbs.126032,41943835,,https://pubmed.ncbi.nlm.nih.gov/41943835/,PubMed,rapamycin_mtor_aging,needs_review,Fetched by scripts/fetch_pubmed.py,2026-04-28
pubmed-41929967,The Cheung Glutamatergic Regimen as a candidate for primary and secondary prevention of Alzheimer's disease onset.,,2026,10.1177/25424823261433953,41929967,,https://pubmed.ncbi.nlm.nih.gov/41929967/,PubMed,rapamycin_mtor_aging,needs_review,Fetched by scripts/fetch_pubmed.py,2026-04-28
pubmed-41909987,Sirolimus and Mimetics: Modulator Sine Qua Non for Cardiac Xenotransplantation?,,2026,10.1096/fj.202600109RR,41909987,,https://pubmed.ncbi.nlm.nih.gov/41909987/,PubMed,rapamycin_mtor_aging,needs_review,Fetched by scripts/fetch_pubmed.py,2026-04-28
pubmed-41879399,Esketamine and postoperative cognitive dysfunction in aged mice: Role of the SIRT3/AMPK/mTOR pathway.,,2026,10.36721/PJPS.2026.39.5.REG.15336.1,41879399,,https://pubmed.ncbi.nlm.nih.gov/41879399/,PubMed,rapamycin_mtor_aging,needs_review,Fetched by scripts/fetch_pubmed.py,2026-04-28
pubmed-42041525,"Immunosenescence and Inflammaging as Drivers of Neurodegeneration: Cellular Mechanisms, Neuroimmune Crosstalk, and Therapeutic Implications.",,2026,10.3390/cells15080657,42041525,,https://pubmed.ncbi.nlm.nih.gov/42041525/,PubMed,senolytics_human_aging,needs_review,Fetched by scripts/fetch_pubmed.py,2026-04-28
pubmed-42039200,The senescent niche hypothesis: microglial dysfunction and replacement strategies in drug-resistant epilepsy.,,2026,10.3389/fimmu.2026.1807871,42039200,,https://pubmed.ncbi.nlm.nih.gov/42039200/,PubMed,senolytics_human_aging,needs_review,Fetched by scripts/fetch_pubmed.py,2026-04-28
pubmed-42037130,"Adipose as a Driver, Not a Bystander: A Modern Synthesis of Obesity-Related Erectile Dysfunction.",,2026,10.1111/dom.70818,42037130,,https://pubmed.ncbi.nlm.nih.gov/42037130/,PubMed,senolytics_human_aging,needs_review,Fetched by scripts/fetch_pubmed.py,2026-04-28
pubmed-42035526,Tubeimoside Ⅰ targets sodium/potassium ATPase alpha 1 subunit to selectively eliminate senescent cells and alleviate aging-associated abnormalities.,,2026,10.1016/j.phymed.2026.158202,42035526,,https://pubmed.ncbi.nlm.nih.gov/42035526/,PubMed,senolytics_human_aging,needs_review,Fetched by scripts/fetch_pubmed.py,2026-04-28
pubmed-42034836,Class I histone deacetylases and their inhibitors as targets to modulate cellular senescence in osteoarthritis.,,2026,10.1007/s11357-026-02260-5,42034836,,https://pubmed.ncbi.nlm.nih.gov/42034836/,PubMed,senolytics_human_aging,needs_review,Fetched by scripts/fetch_pubmed.py,2026-04-28
pubmed-42033013,Immunosenescence and Inflammaging: From Pathological Hallmarks to Rejuvenation Strategies.,,2026,10.1093/gerona/glag108,42033013,,https://pubmed.ncbi.nlm.nih.gov/42033013/,PubMed,senolytics_human_aging,needs_review,Fetched by scripts/fetch_pubmed.py,2026-04-28
pubmed-42030209,"The Right Time, The Right Cell: The Potential for Precision Senotherapy in Pulmonary Arterial Hypertension.",,2026,10.1152/ajplung.00104.2026,42030209,,https://pubmed.ncbi.nlm.nih.gov/42030209/,PubMed,senolytics_human_aging,needs_review,Fetched by scripts/fetch_pubmed.py,2026-04-28
pubmed-42028013,Natural senolytic activity of Rhodiola rosea extract alleviates age-associated phenotypes via paraptosis.,,2026,10.1016/j.isci.2026.115607,42028013,,https://pubmed.ncbi.nlm.nih.gov/42028013/,PubMed,senolytics_human_aging,needs_review,Fetched by scripts/fetch_pubmed.py,2026-04-28
pubmed-42026023,Subclonal β-catenin/YAP signaling heterogeneity accelerates ovarian cancer metastasis through a senescence-associated secretory phenotype.,,2026,10.1038/s41419-026-08737-7,42026023,,https://pubmed.ncbi.nlm.nih.gov/42026023/,PubMed,senolytics_human_aging,needs_review,Fetched by scripts/fetch_pubmed.py,2026-04-28
pubmed-42024235,Targeting the FOXO4-p53 axis by retro-inverso peptide senolytic agents: a pharmacological strategy to mitigate brain aging and cognitive decline.,,2026,10.1007/s00210-026-05309-6,42024235,,https://pubmed.ncbi.nlm.nih.gov/42024235/,PubMed,senolytics_human_aging,needs_review,Fetched by scripts/fetch_pubmed.py,2026-04-28
pubmed-42021544,Senolytic Treatment With Fisetin Reverses Age-Related Endothelial Dysfunction Partially Mediated by SASP Factor CXCL12.,,2026,10.1111/acel.70500,42021544,,https://pubmed.ncbi.nlm.nih.gov/42021544/,PubMed,senolytics_human_aging,needs_review,Fetched by scripts/fetch_pubmed.py,2026-04-28
pubmed-42011821,Senolytics alleviate cyclophosphamide-induced premature ovarian insufficiency by eliminating senescent cells.,,2026,10.4081/ejh.2026.4537,42011821,,https://pubmed.ncbi.nlm.nih.gov/42011821/,PubMed,senolytics_human_aging,needs_review,Fetched by scripts/fetch_pubmed.py,2026-04-28
pubmed-42005598,The Biological Mechanisms of Frailty: Focusing on Cellular Senescence.,,2026,10.15420/ecr.2025.81,42005598,,https://pubmed.ncbi.nlm.nih.gov/42005598/,PubMed,senolytics_human_aging,needs_review,Fetched by scripts/fetch_pubmed.py,2026-04-28
pubmed-42003900,The Implications of Radiotherapy-Induced Cellular Senescence for Cancer Treatment and Tumor Microenvironment Modulation.,,2026,10.7150/ijbs.130683,42003900,,https://pubmed.ncbi.nlm.nih.gov/42003900/,PubMed,senolytics_human_aging,needs_review,Fetched by scripts/fetch_pubmed.py,2026-04-28
pubmed-42002470,"Senescent cell heterogeneity: origins, detection, and therapeutic implications.",,2026,10.1016/j.tcb.2026.03.015,42002470,,https://pubmed.ncbi.nlm.nih.gov/42002470/,PubMed,senolytics_human_aging,needs_review,Fetched by scripts/fetch_pubmed.py,2026-04-28
pubmed-41991686,p21(+)TREM2(+) senescent macrophages fuel inflammaging and metabolic dysfunction-associated steatotic liver disease.,,2026,10.1038/s43587-026-01101-6,41991686,,https://pubmed.ncbi.nlm.nih.gov/41991686/,PubMed,senolytics_human_aging,needs_review,Fetched by scripts/fetch_pubmed.py,2026-04-28
pubmed-42034399,Unraveling the mechanism of hepatocyte response to flusilazole: Insights from multi-omics analysis and molecular docking.,,2026,10.1016/j.pestbp.2026.107051,42034399,,https://pubmed.ncbi.nlm.nih.gov/42034399/,PubMed,nad_nmn_nr_human_aging,needs_review,Fetched by scripts/fetch_pubmed.py,2026-04-28
pubmed-42033923,Emerging chemical strategies for CD38 inhibition: restoring NAD(+) metabolism and disease control.,,2026,10.1016/j.bmc.2026.118676,42033923,,https://pubmed.ncbi.nlm.nih.gov/42033923/,PubMed,nad_nmn_nr_human_aging,needs_review,Fetched by scripts/fetch_pubmed.py,2026-04-28
pubmed-42033195,"Hyperglycemia Leads to BMSC Impaired Osteogenesis, Enhanced Adipogenesis, and Altered Metabolism.",,2026,10.1002/jcb.70090,42033195,,https://pubmed.ncbi.nlm.nih.gov/42033195/,PubMed,nad_nmn_nr_human_aging,needs_review,Fetched by scripts/fetch_pubmed.py,2026-04-28
pubmed-42033099,Endothelial NAD(+) depletion drives vascular senescence and neuroinflammation via mtDNA-cGAS/STING-CD38 signaling in Alzheimer's disease.,,2026,10.1002/alz.71423,42033099,,https://pubmed.ncbi.nlm.nih.gov/42033099/,PubMed,nad_nmn_nr_human_aging,needs_review,Fetched by scripts/fetch_pubmed.py,2026-04-28
pubmed-42032617,"Mitochondria at the heart of aging: structure, function, and failure.",,2026,10.1186/s12967-026-08047-8,42032617,,https://pubmed.ncbi.nlm.nih.gov/42032617/,PubMed,nad_nmn_nr_human_aging,needs_review,Fetched by scripts/fetch_pubmed.py,2026-04-28
pubmed-42021567,Measurement of Red Blood Cell Sorbitol Dehydrogenase Activity for Fast Screening of SORD-Related Neuropathies.,,2026,10.1111/jns.70122,42021567,,https://pubmed.ncbi.nlm.nih.gov/42021567/,PubMed,nad_nmn_nr_human_aging,needs_review,Fetched by scripts/fetch_pubmed.py,2026-04-28
pubmed-42015379,The Mitochondrial NAD Transporter SLC25A51 in Adipocytes Regulates Adipose Tissue Mitochondrial Function and Systemic Metabolism During Aging.,,2026,10.1111/acel.70509,42015379,,https://pubmed.ncbi.nlm.nih.gov/42015379/,PubMed,nad_nmn_nr_human_aging,needs_review,Fetched by scripts/fetch_pubmed.py,2026-04-28
pubmed-42009242,Melatonin Safeguards Embryo and Blastoid Development against Oxybenzone Toxicity via a Mitochondrial-Linked NAD(+) and Glucose Metabolic Axis.,,2026,10.1016/j.envpol.2026.128132,42009242,,https://pubmed.ncbi.nlm.nih.gov/42009242/,PubMed,nad_nmn_nr_human_aging,needs_review,Fetched by scripts/fetch_pubmed.py,2026-04-28
pubmed-42009036,Epidemiology and spatial analysis of hepatitis B and C in the Czech Republic.,,2026,10.61568/emi/11-6659/20260202/142615,42009036,,https://pubmed.ncbi.nlm.nih.gov/42009036/,PubMed,nad_nmn_nr_human_aging,needs_review,Fetched by scripts/fetch_pubmed.py,2026-04-28
pubmed-42009009,"Safety and efficacy of individualised exercise and NAD(+) precursor supplementation in patients with Friedreich's ataxia in the USA: a single-centre, 2 × 2 factorial, randomised controlled trial.",,2026,10.1016/S1474-4422(26)00082-7,42009009,,https://pubmed.ncbi.nlm.nih.gov/42009009/,PubMed,nad_nmn_nr_human_aging,needs_review,Fetched by scripts/fetch_pubmed.py,2026-04-28
pubmed-41993559,Tau-induced mitochondrial reverse electron transport drives neurodegeneration.,,2026,10.64898/2026.04.04.716514,41993559,,https://pubmed.ncbi.nlm.nih.gov/41993559/,PubMed,nad_nmn_nr_human_aging,needs_review,Fetched by scripts/fetch_pubmed.py,2026-04-28
pubmed-41986597,Stable bioreactor control reveals acidic pH-driven metabolic reprogramming and mitochondrial dysfunction in human lymphoblastoid cells.,,2026,10.1038/s42003-026-10013-5,41986597,,https://pubmed.ncbi.nlm.nih.gov/41986597/,PubMed,nad_nmn_nr_human_aging,needs_review,Fetched by scripts/fetch_pubmed.py,2026-04-28
pubmed-41984562,"[A multicenter, international observational study of the efficacy of Cytoflavin solution for intravenous administration in patients with ischemic stroke not receiving reperfusion therapy].",,2026,10.17116/jnevro2026126031116,41984562,,https://pubmed.ncbi.nlm.nih.gov/41984562/,PubMed,nad_nmn_nr_human_aging,needs_review,Fetched by scripts/fetch_pubmed.py,2026-04-28
pubmed-41984403,Hepatic Sirt2-PARP1-HMGB1 axis promotes exercise-mediated amelioration of MASH in mice.,,2026,10.1007/s11427-025-3241-0,41984403,,https://pubmed.ncbi.nlm.nih.gov/41984403/,PubMed,nad_nmn_nr_human_aging,needs_review,Fetched by scripts/fetch_pubmed.py,2026-04-28
pubmed-41980965,SpiR is a gut microbial enzyme that drives cholesterol conversion.,,2026,10.1038/s41467-026-70820-6,41980965,,https://pubmed.ncbi.nlm.nih.gov/41980965/,PubMed,nad_nmn_nr_human_aging,needs_review,Fetched by scripts/fetch_pubmed.py,2026-04-28
pubmed-41977220,"SIRT1 in Atherosclerosis: Integrative Control of Vascular Metabolism, Inflammation and Aging.",,2026,10.3390/ijms27073031,41977220,,https://pubmed.ncbi.nlm.nih.gov/41977220/,PubMed,nad_nmn_nr_human_aging,needs_review,Fetched by scripts/fetch_pubmed.py,2026-04-28
pubmed-41976189,The Molecular Exposome of Visible Age Reversal: From Organ-Skin Axes to Regenerative Aesthetics.,,2026,10.3390/molecules31071147,41976189,,https://pubmed.ncbi.nlm.nih.gov/41976189/,PubMed,nad_nmn_nr_human_aging,needs_review,Fetched by scripts/fetch_pubmed.py,2026-04-28
pubmed-41967334,PARP inhibitors target cellular energy metabolism: Mechanisms of action and clinical implications.,,2026,10.1016/j.tranon.2026.102757,41967334,,https://pubmed.ncbi.nlm.nih.gov/41967334/,PubMed,nad_nmn_nr_human_aging,needs_review,Fetched by scripts/fetch_pubmed.py,2026-04-28
pubmed-41961343,Vitamin B3 rescues mitochondrial homeostasis in dexamethasone-induced skeletal muscle atrophy by reducing oxidative stress.,,2026,10.1007/s10863-026-10106-0,41961343,,https://pubmed.ncbi.nlm.nih.gov/41961343/,PubMed,nad_nmn_nr_human_aging,needs_review,Fetched by scripts/fetch_pubmed.py,2026-04-28
pubmed-41961121,Non-invasive biomarkers for diagnosis and monitoring of primary mitochondrial diseases.,,2026,10.1007/s00415-026-13794-1,41961121,,https://pubmed.ncbi.nlm.nih.gov/41961121/,PubMed,nad_nmn_nr_human_aging,needs_review,Fetched by scripts/fetch_pubmed.py,2026-04-28
pubmed-42043830,Acute Brain Injury in New-Onset Refractory Status Epilepticus and Etiology-Defined Status Epilepticus.,,2026,10.1001/jamaneurol.2026.0865,42043830,,https://pubmed.ncbi.nlm.nih.gov/42043830/,PubMed,epigenetic_clocks_intervention,needs_review,Fetched by scripts/fetch_pubmed.py,2026-04-28
pubmed-42043765,The forgotten population: Early-onset Alzheimer's in people with Down syndrome.,,2026,10.1002/alz.71311,42043765,,https://pubmed.ncbi.nlm.nih.gov/42043765/,PubMed,epigenetic_clocks_intervention,needs_review,Fetched by scripts/fetch_pubmed.py,2026-04-28
pubmed-42043759,Contrast Sensitivity Function in Parkinson's Disease: Effects of Illumination and Disease Stage.,,2026,10.1007/s44402-026-00091-7,42043759,,https://pubmed.ncbi.nlm.nih.gov/42043759/,PubMed,epigenetic_clocks_intervention,needs_review,Fetched by scripts/fetch_pubmed.py,2026-04-28
pubmed-42043728,Association between oral frailty and a laboratory-based frailty index in older adults.,,2026,10.1007/s41999-026-01489-9,42043728,,https://pubmed.ncbi.nlm.nih.gov/42043728/,PubMed,epigenetic_clocks_intervention,needs_review,Fetched by scripts/fetch_pubmed.py,2026-04-28
pubmed-42043672,"Subarachnoid hemorrhage: epidemiology, risk factors, pathogenesis, and clinical therapies.",,2026,10.1186/s43556-026-00455-y,42043672,,https://pubmed.ncbi.nlm.nih.gov/42043672/,PubMed,epigenetic_clocks_intervention,needs_review,Fetched by scripts/fetch_pubmed.py,2026-04-28
pubmed-42043574,Unfavorably altered fibrin clot properties in women with unexplained infertility: association with pregnancy outcomes.,,2026,10.1007/s00404-026-08418-y,42043574,,https://pubmed.ncbi.nlm.nih.gov/42043574/,PubMed,epigenetic_clocks_intervention,needs_review,Fetched by scripts/fetch_pubmed.py,2026-04-28
pubmed-42043261,"Immunogenicity and Safety of Biological E's Monovalent rDNA Hepatitis B Vaccine (BEVAC(®)) in Neonates and Infants: A Multicentre, Randomized, Phase IV Non-Inferiority Trial.",,2026,10.3390/v18040472,42043261,,https://pubmed.ncbi.nlm.nih.gov/42043261/,PubMed,epigenetic_clocks_intervention,needs_review,Fetched by scripts/fetch_pubmed.py,2026-04-28
pubmed-42043203,Post-Pandemic Neutralizing Antibody Responses to SARS-CoV-2 D614G Variant in Rural and Urban Ghana.,,2026,10.3390/v18040414,42043203,,https://pubmed.ncbi.nlm.nih.gov/42043203/,PubMed,epigenetic_clocks_intervention,needs_review,Fetched by scripts/fetch_pubmed.py,2026-04-28
pubmed-42043093,The Role of Sex in Individual and Group Rowing Performance.,,2026,10.3390/sports14040161,42043093,,https://pubmed.ncbi.nlm.nih.gov/42043093/,PubMed,epigenetic_clocks_intervention,needs_review,Fetched by scripts/fetch_pubmed.py,2026-04-28
pubmed-42043085,The Influence of Biological Age and Sex on Gross Motor Skill Development in Young Athletes: A Pilot Study.,,2026,10.3390/sports14040153,42043085,,https://pubmed.ncbi.nlm.nih.gov/42043085/,PubMed,epigenetic_clocks_intervention,needs_review,Fetched by scripts/fetch_pubmed.py,2026-04-28
pubmed-42043069,Creatine Supplementation Dose and Duration Are Not Associated with Increased Side Effects: A Structured Review and Study-Level Dose-Response Analysis of Randomized Controlled Trials.,,2026,10.3390/sports14040137,42043069,,https://pubmed.ncbi.nlm.nih.gov/42043069/,PubMed,epigenetic_clocks_intervention,needs_review,Fetched by scripts/fetch_pubmed.py,2026-04-28
pubmed-42042886,Towards Metabolomics-Guided Healthy and Anti-Aging Nutrition.,,2026,10.3390/metabo16040241,42042886,,https://pubmed.ncbi.nlm.nih.gov/42042886/,PubMed,epigenetic_clocks_intervention,needs_review,Fetched by scripts/fetch_pubmed.py,2026-04-28
pubmed-42042812,"Safety and Immunogenicity of SII's 10-Valent Pneumococcal Conjugate Vaccine (PCV10-SII) in Vietnamese Children Aged from 6 Weeks to 24 Months: An Open-Label, Single-Arm Bridging Study.",,2026,10.3390/vaccines14040336,42042812,,https://pubmed.ncbi.nlm.nih.gov/42042812/,PubMed,epigenetic_clocks_intervention,needs_review,Fetched by scripts/fetch_pubmed.py,2026-04-28
pubmed-42042772,State of Inequality in Childhood Immunization: Monitoring Progress Across Low- and Middle-Income Countries over the Past Decade.,,2026,10.3390/vaccines14040296,42042772,,https://pubmed.ncbi.nlm.nih.gov/42042772/,PubMed,epigenetic_clocks_intervention,needs_review,Fetched by scripts/fetch_pubmed.py,2026-04-28
pubmed-42042615,Stereological Assessment of Locus Coeruleus in the Mouse: A Methodological Study in Pups and Adult Animals.,,2026,10.3390/mps9020064,42042615,,https://pubmed.ncbi.nlm.nih.gov/42042615/,PubMed,epigenetic_clocks_intervention,needs_review,Fetched by scripts/fetch_pubmed.py,2026-04-28
pubmed-42042607,Management of Patients with Suspected Hypersensitivity to Chemotherapy Drugs: A Practical Approach in a Tertiary Care Setting.,,2026,10.3390/mps9020056,42042607,,https://pubmed.ncbi.nlm.nih.gov/42042607/,PubMed,epigenetic_clocks_intervention,needs_review,Fetched by scripts/fetch_pubmed.py,2026-04-28
pubmed-42042556,Sex Differences in Psychotropic Drug Exposure and Safety: A Systematic Review Toward Personalized Dosing Strategies.,,2026,10.3390/jpm16040189,42042556,,https://pubmed.ncbi.nlm.nih.gov/42042556/,PubMed,epigenetic_clocks_intervention,needs_review,Fetched by scripts/fetch_pubmed.py,2026-04-28
pubmed-42042247,Executive Functioning as a Mediator Between Digital Media Exposure and Communication Outcomes in Children and Adolescents.,,2026,10.3390/jintelligence14040067,42042247,,https://pubmed.ncbi.nlm.nih.gov/42042247/,PubMed,epigenetic_clocks_intervention,needs_review,Fetched by scripts/fetch_pubmed.py,2026-04-28
pubmed-42042128,"Gel-Based 3D Food Printing for Dysphagia Management: Advances in Personalized Nutrition, Texture Control, and Clinical Translation.",,2026,10.3390/gels12040289,42042128,,https://pubmed.ncbi.nlm.nih.gov/42042128/,PubMed,epigenetic_clocks_intervention,needs_review,Fetched by scripts/fetch_pubmed.py,2026-04-28
pubmed-42041632,Adropin and Endothelin-1 as Complementary Signals Associated with Early Vascular Aging in Middle-Aged Type 2 Diabetes.,,2026,10.3390/diseases14040140,42041632,,https://pubmed.ncbi.nlm.nih.gov/42041632/,PubMed,proteomic_metabolomic_aging_clocks,needs_review,Fetched by scripts/fetch_pubmed.py,2026-04-28
pubmed-42040943,A Circulating Proteomic Signature of Allostatic Load Predicts Multisystem Disease and Mortality.,,2026,10.21203/rs.3.rs-8881432/v1,42040943,,https://pubmed.ncbi.nlm.nih.gov/42040943/,PubMed,proteomic_metabolomic_aging_clocks,needs_review,Fetched by scripts/fetch_pubmed.py,2026-04-28
pubmed-42040082,Association of PM2.5 exposure with 10-year atherosclerotic cardiovascular disease risk: a mediation analysis of blood and urinary biomarkers.,,2026,10.3389/fpubh.2026.1799605,42040082,,https://pubmed.ncbi.nlm.nih.gov/42040082/,PubMed,proteomic_metabolomic_aging_clocks,needs_review,Fetched by scripts/fetch_pubmed.py,2026-04-28
pubmed-42039905,Association between the uric acid-to-albumin ratio and risk of all-cause mortality in centenarians: a prospective cohort study.,,2026,10.3389/fnut.2026.1790083,42039905,,https://pubmed.ncbi.nlm.nih.gov/42039905/,PubMed,proteomic_metabolomic_aging_clocks,needs_review,Fetched by scripts/fetch_pubmed.py,2026-04-28
pubmed-42038696,Chronic Kidney disease and cognitive frailty in aging: molecular crosstalk and clinical implications.,,2026,10.3389/fnagi.2026.1778574,42038696,,https://pubmed.ncbi.nlm.nih.gov/42038696/,PubMed,proteomic_metabolomic_aging_clocks,needs_review,Fetched by scripts/fetch_pubmed.py,2026-04-28
pubmed-42037699,Differential associations of NFL and GFAP with neuropsychiatric symptoms by amyloid status across the Alzheimer's disease continuum.,,2026,10.3389/fneur.2026.1782816,42037699,,https://pubmed.ncbi.nlm.nih.gov/42037699/,PubMed,proteomic_metabolomic_aging_clocks,needs_review,Fetched by scripts/fetch_pubmed.py,2026-04-28
pubmed-42036643,Emerging multidimensional biomarker system for cardiovascular-kidney-metabolic syndrome: from multi-omics integration to clinical artificial intelligence.,,2026,10.1186/s12933-026-03178-0,42036643,,https://pubmed.ncbi.nlm.nih.gov/42036643/,PubMed,proteomic_metabolomic_aging_clocks,needs_review,Fetched by scripts/fetch_pubmed.py,2026-04-28
pubmed-42035900,Challenging Memory Tests in Early Alzheimer's Disease: From Research to Clinical Practice.,,2026,10.1016/j.neubiorev.2026.106701,42035900,,https://pubmed.ncbi.nlm.nih.gov/42035900/,PubMed,proteomic_metabolomic_aging_clocks,needs_review,Fetched by scripts/fetch_pubmed.py,2026-04-28
pubmed-42034839,"Epigenetic Skin Aging and Its Reversal to Improve Skin Longevity across Ethnicities and Phototypes Using a Dihydromyricetin-Containing Serum: Results from a Prospective, Single-Cohort Study.",,2026,10.1007/s13555-026-01764-4,42034839,,https://pubmed.ncbi.nlm.nih.gov/42034839/,PubMed,proteomic_metabolomic_aging_clocks,needs_review,Fetched by scripts/fetch_pubmed.py,2026-04-28
pubmed-42034645,Single-cell profiling reveals distinct populations of tumor-associated macrophages and metastatic tumor cells in breast cancer brain metastasis.,,2026,10.1038/s41419-026-08807-w,42034645,,https://pubmed.ncbi.nlm.nih.gov/42034645/,PubMed,proteomic_metabolomic_aging_clocks,needs_review,Fetched by scripts/fetch_pubmed.py,2026-04-28
pubmed-42032151,CT-based AI system for quantitative and integrated management of acute respiratory distress syndrome in critical care.,,2026,10.1038/s41746-026-02648-9,42032151,,https://pubmed.ncbi.nlm.nih.gov/42032151/,PubMed,proteomic_metabolomic_aging_clocks,needs_review,Fetched by scripts/fetch_pubmed.py,2026-04-28
pubmed-42032026,Graph theory reveals functional connectome disruptions in adolescent major depressive disorder with childhood trauma.,,2026,10.1038/s43856-026-01593-8,42032026,,https://pubmed.ncbi.nlm.nih.gov/42032026/,PubMed,proteomic_metabolomic_aging_clocks,needs_review,Fetched by scripts/fetch_pubmed.py,2026-04-28
pubmed-42026226,Context-Dependent Regulation of Microglial Metabolic and Immune States via IL-3/CD123 Signaling: Implications for Glial Crosstalk and Cognitive Impairment.,,2026,10.1007/s12035-026-05815-x,42026226,,https://pubmed.ncbi.nlm.nih.gov/42026226/,PubMed,proteomic_metabolomic_aging_clocks,needs_review,Fetched by scripts/fetch_pubmed.py,2026-04-28
pubmed-42026117,Decoupling MCI-specific signatures from shared neurobiological substrates of cognitive aging via deep learning.,,2026,10.1038/s41746-026-02597-3,42026117,,https://pubmed.ncbi.nlm.nih.gov/42026117/,PubMed,proteomic_metabolomic_aging_clocks,needs_review,Fetched by scripts/fetch_pubmed.py,2026-04-28
pubmed-42025102,N-glycosylation remodeling in aging: Biomarkers and modulators of biological age across organ systems.,,2026,10.1016/j.bbagen.2026.130950,42025102,,https://pubmed.ncbi.nlm.nih.gov/42025102/,PubMed,proteomic_metabolomic_aging_clocks,needs_review,Fetched by scripts/fetch_pubmed.py,2026-04-28
pubmed-42022539,Early Cancer Detection: What's Going on and What's Next.,,2026,10.1002/mco2.70653,42022539,,https://pubmed.ncbi.nlm.nih.gov/42022539/,PubMed,proteomic_metabolomic_aging_clocks,needs_review,Fetched by scripts/fetch_pubmed.py,2026-04-28
pubmed-42042213,Marine Bioactives in Liver Aging: Mechanistic Insights and Translational Potential.,,2026,10.3390/md24040138,42042213,,https://pubmed.ncbi.nlm.nih.gov/42042213/,PubMed,partial_reprogramming_aging,needs_review,Fetched by scripts/fetch_pubmed.py,2026-04-28
pubmed-42039648,The Muscle Tissue Environment Limits Muscle Stem Cells in Aged Mice.,,2026,10.64898/2026.04.10.717808,42039648,,https://pubmed.ncbi.nlm.nih.gov/42039648/,PubMed,partial_reprogramming_aging,needs_review,Fetched by scripts/fetch_pubmed.py,2026-04-28
pubmed-42034223,Embryonic Stem Cell-Derived Extracellular Vesicles Alleviate Ovarian Dysfunction.,,2026,10.1016/j.mad.2026.112186,42034223,,https://pubmed.ncbi.nlm.nih.gov/42034223/,PubMed,partial_reprogramming_aging,needs_review,Fetched by scripts/fetch_pubmed.py,2026-04-28
pubmed-42033075,Aging-Driven Immunosuppression: The Role of Tregs in the Ovarian Tumor Microenvironment.,,2026,10.1111/acel.70510,42033075,,https://pubmed.ncbi.nlm.nih.gov/42033075/,PubMed,partial_reprogramming_aging,needs_review,Fetched by scripts/fetch_pubmed.py,2026-04-28
pubmed-42032020,Rejuvenating the damaged and aged heart: lessons from development.,,2026,10.1038/s44385-026-00080-y,42032020,,https://pubmed.ncbi.nlm.nih.gov/42032020/,PubMed,partial_reprogramming_aging,needs_review,Fetched by scripts/fetch_pubmed.py,2026-04-28
pubmed-42023726,Elucidating the Mechanism of Action of the Astragalus-Ginseng Herb Pair in Treating Coronary Heart Disease: A Network Pharmacology and Experimental Validation Approach.,,2026,10.1177/15491684261446288,42023726,,https://pubmed.ncbi.nlm.nih.gov/42023726/,PubMed,partial_reprogramming_aging,needs_review,Fetched by scripts/fetch_pubmed.py,2026-04-28
pubmed-42010239,"Cardiovascular ageing: hallmarks, signaling pathways, diseases and therapeutic targets.",,2026,10.1038/s41392-026-02630-7,42010239,,https://pubmed.ncbi.nlm.nih.gov/42010239/,PubMed,partial_reprogramming_aging,needs_review,Fetched by scripts/fetch_pubmed.py,2026-04-28
pubmed-42005232,What to Look for in Red Light Therapy: A Product Guide Backed by Science.,,2026,10.7759/cureus.105378,42005232,,https://pubmed.ncbi.nlm.nih.gov/42005232/,PubMed,partial_reprogramming_aging,needs_review,Fetched by scripts/fetch_pubmed.py,2026-04-28
pubmed-42004533,Exercise rejuvenates bone marrow mesenchymal stem cells associated with the inhibition of inflammatory factors and senescence-related factors.,,2026,10.1016/j.bbrep.2026.102561,42004533,,https://pubmed.ncbi.nlm.nih.gov/42004533/,PubMed,partial_reprogramming_aging,needs_review,Fetched by scripts/fetch_pubmed.py,2026-04-28
pubmed-42001182,A multifunctional ICAM1-directed MnO₂@ZIF8 nanoplatform with Tanshinone IIA synergistically reverses senescence and restores alveolar regeneration in septic lung injury.,,2026,10.1186/s12951-026-04362-w,42001182,,https://pubmed.ncbi.nlm.nih.gov/42001182/,PubMed,partial_reprogramming_aging,needs_review,Fetched by scripts/fetch_pubmed.py,2026-04-28
pubmed-41998143,Blood as the mirror and modulator of aging: mechanistic insights and rejuvenation strategies.,,2026,10.1038/s12276-026-01688-1,41998143,,https://pubmed.ncbi.nlm.nih.gov/41998143/,PubMed,partial_reprogramming_aging,needs_review,Fetched by scripts/fetch_pubmed.py,2026-04-28
pubmed-41993614,Cholesterol sulfate replenishment rejuvenates aged hematopoietic stem cell phenomes.,,2026,10.7150/thno.126134,41993614,,https://pubmed.ncbi.nlm.nih.gov/41993614/,PubMed,partial_reprogramming_aging,needs_review,Fetched by scripts/fetch_pubmed.py,2026-04-28
pubmed-41992290,From collapse to comeback: Luteolin rejuvenates nucleus pulposus progenitor cells via SIRT1/ATF5-UPRmt to reverse intervertebral disc degeneration cascade.,,2026,10.1186/s13287-026-05003-7,41992290,,https://pubmed.ncbi.nlm.nih.gov/41992290/,PubMed,partial_reprogramming_aging,needs_review,Fetched by scripts/fetch_pubmed.py,2026-04-28
pubmed-41987628,Research Advances in Cell-Assisted Lipotransfer for Facial and Breast Surgery.,,2026,10.62713/aic.4487,41987628,,https://pubmed.ncbi.nlm.nih.gov/41987628/,PubMed,partial_reprogramming_aging,needs_review,Fetched by scripts/fetch_pubmed.py,2026-04-28
pubmed-41986913,An Extracellular Matrix Aging Clock Based on Circulating Matrisome Proteins Predicts Biological Aging and Disease.,,2026,10.1111/acel.70474,41986913,,https://pubmed.ncbi.nlm.nih.gov/41986913/,PubMed,partial_reprogramming_aging,needs_review,Fetched by scripts/fetch_pubmed.py,2026-04-28
pubmed-41985457,Electromagnetic field-inducible in vivo gene switch for remote spatiotemporal control of gene expression.,,2026,10.1016/j.cell.2026.03.029,41985457,,https://pubmed.ncbi.nlm.nih.gov/41985457/,PubMed,partial_reprogramming_aging,needs_review,Fetched by scripts/fetch_pubmed.py,2026-04-28
pubmed-41985437,Human immune aging clock identifies RUNX1 as a decelerator of T cell senescence.,,2026,10.1016/j.immuni.2026.02.007,41985437,,https://pubmed.ncbi.nlm.nih.gov/41985437/,PubMed,partial_reprogramming_aging,needs_review,Fetched by scripts/fetch_pubmed.py,2026-04-28
pubmed-41979382,Clearance of Senescent Cells by BCL(XL)-PROTAC: A Novel Approach to Treat COPD?,,2026,10.1111/acel.70487,41979382,,https://pubmed.ncbi.nlm.nih.gov/41979382/,PubMed,partial_reprogramming_aging,needs_review,Fetched by scripts/fetch_pubmed.py,2026-04-28
pubmed-42039664,Humanized Klotho haplotypes cause widespread transcriptomic changes in mouse brain.,,2026,10.64898/2026.04.15.718745,42039664,,https://pubmed.ncbi.nlm.nih.gov/42039664/,PubMed,klotho_aging_human,needs_review,Fetched by scripts/fetch_pubmed.py,2026-04-28
pubmed-41996134,Elevated plasma klotho levels attenuate Alzheimer's disease pathologies and cognitive decline in APOE ε4 carriers.,,2026,10.1002/alz.71397,41996134,,https://pubmed.ncbi.nlm.nih.gov/41996134/,PubMed,klotho_aging_human,needs_review,Fetched by scripts/fetch_pubmed.py,2026-04-28
pubmed-41983942,Neuroprotective roles of klotho: Molecular pathways and therapeutic implications for cognitive health in neurological and psychiatric diseases.,,2026,10.1113/EP093571,41983942,,https://pubmed.ncbi.nlm.nih.gov/41983942/,PubMed,klotho_aging_human,needs_review,Fetched by scripts/fetch_pubmed.py,2026-04-28
pubmed-41977305,The IR-Homeostat Hypothesis: Intron Retention as an Evolutionarily Conserved Fine-Tuning Layer and a Reversible Blood Biomarker of Homeostatic Dysregulation in Mood Disorders.,,2026,10.3390/ijms27073119,41977305,,https://pubmed.ncbi.nlm.nih.gov/41977305/,PubMed,klotho_aging_human,needs_review,Fetched by scripts/fetch_pubmed.py,2026-04-28
pubmed-41941929,The emerging role of FGF21 in alcohol consumption and dependence: mechanisms and therapeutic prospects.,,2026,10.1016/j.gene.2026.150150,41941929,,https://pubmed.ncbi.nlm.nih.gov/41941929/,PubMed,klotho_aging_human,needs_review,Fetched by scripts/fetch_pubmed.py,2026-04-28
pubmed-41916755,Longevity factor klotho and resistance to cognitive deficits in individuals with Parkinson's disease and in an α-synuclein mouse model.,,2026,10.1523/JNEUROSCI.1904-25.2026,41916755,,https://pubmed.ncbi.nlm.nih.gov/41916755/,PubMed,klotho_aging_human,needs_review,Fetched by scripts/fetch_pubmed.py,2026-04-28
pubmed-41905429,Endogenous α-Klotho is a common target in atherosclerosis and calcific aortic valve disease.,,2026,10.1016/j.bcp.2026.117937,41905429,,https://pubmed.ncbi.nlm.nih.gov/41905429/,PubMed,klotho_aging_human,needs_review,Fetched by scripts/fetch_pubmed.py,2026-04-28
pubmed-41892298,Antiaging Properties of the Klotho Protein.,,2026,10.3390/cells15060507,41892298,,https://pubmed.ncbi.nlm.nih.gov/41892298/,PubMed,klotho_aging_human,needs_review,Fetched by scripts/fetch_pubmed.py,2026-04-28
pubmed-41879938,Distinct effects of aging and klotho deletion on the choroid plexus.,,2026,10.1007/s11357-026-02196-w,41879938,,https://pubmed.ncbi.nlm.nih.gov/41879938/,PubMed,klotho_aging_human,needs_review,Fetched by scripts/fetch_pubmed.py,2026-04-28
pubmed-41833629,Alpha-Klotho-deficient female mice exhibit estrogen metabolic dysregulation and a premature ovarian insufficiency-like phenotype.,,2026,10.1016/j.mce.2026.112787,41833629,,https://pubmed.ncbi.nlm.nih.gov/41833629/,PubMed,klotho_aging_human,needs_review,Fetched by scripts/fetch_pubmed.py,2026-04-28
pubmed-41831318,Integrative Approaches to Treating Cellular Senescence in Kidney Disease.,,2026,10.1002/advs.202519392,41831318,,https://pubmed.ncbi.nlm.nih.gov/41831318/,PubMed,klotho_aging_human,needs_review,Fetched by scripts/fetch_pubmed.py,2026-04-28
pubmed-41804995,"Polypharmacy, anticholinergic burden and inflammation in relation to accelerated biological ageing.",,2026,10.1093/ageing/afag048,41804995,,https://pubmed.ncbi.nlm.nih.gov/41804995/,PubMed,klotho_aging_human,needs_review,Fetched by scripts/fetch_pubmed.py,2026-04-28
pubmed-41796790,The antiaging protein Klotho is a key factor in susceptibility to cerebral ischemia.,,2026,10.1016/j.neuroscience.2026.03.005,41796790,,https://pubmed.ncbi.nlm.nih.gov/41796790/,PubMed,klotho_aging_human,needs_review,Fetched by scripts/fetch_pubmed.py,2026-04-28
pubmed-41796322,Impact of Klotho genotype on lactylation in Alzheimer's disease and mechanistic insights.,,2026,10.1186/s12979-026-00563-x,41796322,,https://pubmed.ncbi.nlm.nih.gov/41796322/,PubMed,klotho_aging_human,needs_review,Fetched by scripts/fetch_pubmed.py,2026-04-28
pubmed-41793702,Relationship of serum α-Klotho with diabetic kidney disease and mortality in diabetes: A population-based observational study.,,2026,10.5414/CN111769,41793702,,https://pubmed.ncbi.nlm.nih.gov/41793702/,PubMed,klotho_aging_human,needs_review,Fetched by scripts/fetch_pubmed.py,2026-04-28
pubmed-42041539,Systematic Comparison of the TGF-β Isoforms in Normal Dermal and Lung Fibroblasts Identifies TGF-β2 and TGF-β3 as Priority Targets in Tissue Fibrosis.,,2026,10.3390/cells15080671,42041539,,https://pubmed.ncbi.nlm.nih.gov/42041539/,PubMed,il11_aging,needs_review,Fetched by scripts/fetch_pubmed.py,2026-04-28
pubmed-42024442,IL11⁺ fibroblasts are implicated in non-response to anti-TNFα via fibrosis in inflammatory bowel disease.,,2026,10.1172/jci.insight.198895,42024442,,https://pubmed.ncbi.nlm.nih.gov/42024442/,PubMed,il11_aging,needs_review,Fetched by scripts/fetch_pubmed.py,2026-04-28
pubmed-41993652,Therapeutic targets for fibro-inflammation in Graves' orbitopathy.,,2026,10.4103/tjo.TJO-D-25-00057,41993652,,https://pubmed.ncbi.nlm.nih.gov/41993652/,PubMed,il11_aging,needs_review,Fetched by scripts/fetch_pubmed.py,2026-04-28
pubmed-41972725,Tissue and Isoform-Specific Effects of Platelet-Derived Growth Factor on Neonatal-Derived Dermal and Fetal-Derived Lung Fibroblast Profibrotic Functions.,,2026,10.3390/cells15070637,41972725,,https://pubmed.ncbi.nlm.nih.gov/41972725/,PubMed,il11_aging,needs_review,Fetched by scripts/fetch_pubmed.py,2026-04-28
pubmed-41960295,"Harnessing the anti-inflammatory, skin-protective, and antioxidant potential of Epilobium dodonaei extracts using in vitro and in silico approaches.",,2026,10.1039/d6ra01632d,41960295,,https://pubmed.ncbi.nlm.nih.gov/41960295/,PubMed,il11_aging,needs_review,Fetched by scripts/fetch_pubmed.py,2026-04-28
pubmed-41945189,Generation and characterization of the Il11-Cre knock-in mouse.,,2026,10.1007/s11248-026-00491-y,41945189,,https://pubmed.ncbi.nlm.nih.gov/41945189/,PubMed,il11_aging,needs_review,Fetched by scripts/fetch_pubmed.py,2026-04-28
pubmed-41936612,IL-11-IL6ST-STAT3 signaling defines a convergent inflammatory axis in esophageal cancer subtypes.,,2026,10.1038/s41598-026-46619-2,41936612,,https://pubmed.ncbi.nlm.nih.gov/41936612/,PubMed,il11_aging,needs_review,Fetched by scripts/fetch_pubmed.py,2026-04-28
pubmed-41909151,Non-linear age-related change in human Interleukin-11 and the receptor subunit alpha DNA methylation.,,2026,10.1016/j.bbrep.2026.102546,41909151,,https://pubmed.ncbi.nlm.nih.gov/41909151/,PubMed,il11_aging,needs_review,Fetched by scripts/fetch_pubmed.py,2026-04-28
pubmed-41789107,The role of IL-11 in chronic diseases.,,2026,10.3389/fimmu.2026.1763360,41789107,,https://pubmed.ncbi.nlm.nih.gov/41789107/,PubMed,il11_aging,needs_review,Fetched by scripts/fetch_pubmed.py,2026-04-28
pubmed-41691554,Alterations in bone-related hormones and genes expression in femoral bone of polycystic ovary syndrome rats.,,2026,10.1007/s00774-025-01688-7,41691554,,https://pubmed.ncbi.nlm.nih.gov/41691554/,PubMed,il11_aging,needs_review,Fetched by scripts/fetch_pubmed.py,2026-04-28
pubmed-41562114,"Glutamate enhances the production of inflammatory cytokines IL-6 and IL-11, as well as chemokines CXCL2, CXCL3, and CXCL8 in keloid fibroblasts.",,2025,10.3389/fmolb.2025.1720876,41562114,,https://pubmed.ncbi.nlm.nih.gov/41562114/,PubMed,il11_aging,needs_review,Fetched by scripts/fetch_pubmed.py,2026-04-28
pubmed-41548664,IL-11 acts as an alarmin-like pro-inflammatory mediator regulating mucosal responses during helminth infection.,,2026,10.1016/j.mucimm.2026.01.005,41548664,,https://pubmed.ncbi.nlm.nih.gov/41548664/,PubMed,il11_aging,needs_review,Fetched by scripts/fetch_pubmed.py,2026-04-28
pubmed-41519218,A single cell transcriptomics-based analysis provides mechanistic insights into the chronic low-concentration effects on hematopoietic disruption in zebrafish(Danio rerio) by Antinomy.,,2026,10.1016/j.cbi.2025.111892,41519218,,https://pubmed.ncbi.nlm.nih.gov/41519218/,PubMed,il11_aging,needs_review,Fetched by scripts/fetch_pubmed.py,2026-04-28
pubmed-41501466,Bidirectional CRISPR screens decode a GLIS3-dependent fibrotic cell circuit.,,2026,10.1038/s41586-025-09907-x,41501466,,https://pubmed.ncbi.nlm.nih.gov/41501466/,PubMed,il11_aging,needs_review,Fetched by scripts/fetch_pubmed.py,2026-04-28
pubmed-41497665,Combined antagonism of Oncostatin M (OSM) and Interleukin 6 (IL-6) provides both anti-fibrotic and anti-inflammatory benefit in pulmonary fibrosis.,,2026,10.64898/2025.12.25.695625,41497665,,https://pubmed.ncbi.nlm.nih.gov/41497665/,PubMed,il11_aging,needs_review,Fetched by scripts/fetch_pubmed.py,2026-04-28
pubmed-41487426,Emerging roles for interleukin-11 in the inflammatory response of intracerebral hemorrhage.,,2025,10.3389/fneur.2025.1719102,41487426,,https://pubmed.ncbi.nlm.nih.gov/41487426/,PubMed,il11_aging,needs_review,Fetched by scripts/fetch_pubmed.py,2026-04-28
pubmed-42037787,Intravenous Infusion of Autologous Plasma and Buffy Coat Components Enhances Natural Killer Cell Activity: A Case Report.,,2026,10.7759/cureus.105873,42037787,,https://pubmed.ncbi.nlm.nih.gov/42037787/,PubMed,parabiosis_plasma_aging,needs_review,Fetched by scripts/fetch_pubmed.py,2026-04-28
pubmed-42036745,Cellular Senescence of Patient-derived Fibroblasts Reveals the Mid-old Stage as a Critical Window for Transcriptomic Signatures Linked to Alzheimer's Disease Biomarkers and Classification.,,2026,10.9758/cpn.25.1360,42036745,,https://pubmed.ncbi.nlm.nih.gov/42036745/,PubMed,parabiosis_plasma_aging,needs_review,Fetched by scripts/fetch_pubmed.py,2026-04-28
pubmed-42027317,Resistance to age-related hypercoagulability: insights from the naked mole rat.,,2026,10.1016/j.rpth.2026.103458,42027317,,https://pubmed.ncbi.nlm.nih.gov/42027317/,PubMed,parabiosis_plasma_aging,needs_review,Fetched by scripts/fetch_pubmed.py,2026-04-28
pubmed-42023707,Multimodal Noninvasive Biomarker Characterization of Structural and Functional Alterations in ADSS1-Deficient Myopathy.,,2026,10.1002/jimd.70193,42023707,,https://pubmed.ncbi.nlm.nih.gov/42023707/,PubMed,parabiosis_plasma_aging,needs_review,Fetched by scripts/fetch_pubmed.py,2026-04-28
pubmed-41985730,The impact of HIIT and plasma injection on skeletal muscle morphology in aged rats: Insights into age-related muscle remodeling.,,2026,10.1016/j.exger.2026.113131,41985730,,https://pubmed.ncbi.nlm.nih.gov/41985730/,PubMed,parabiosis_plasma_aging,needs_review,Fetched by scripts/fetch_pubmed.py,2026-04-28
pubmed-41981905,Sleep-Dependent Clearance of Brain Metabolites via the Glymphatic System: Implications for Alzheimer's Pathophysiology.,,2026,10.1002/brb3.71374,41981905,,https://pubmed.ncbi.nlm.nih.gov/41981905/,PubMed,parabiosis_plasma_aging,needs_review,Fetched by scripts/fetch_pubmed.py,2026-04-28
pubmed-41981266,Midlife sleep characteristics and Alzheimer's disease biomarkers 20 years later.,,2026,10.1002/alz.71342,41981266,,https://pubmed.ncbi.nlm.nih.gov/41981266/,PubMed,parabiosis_plasma_aging,needs_review,Fetched by scripts/fetch_pubmed.py,2026-04-28
pubmed-41978213,Isomaltulose-Based Stimulant Beverages Can Improve Postprandial Metabolic Responses Without Compromising Cognitive Benefits Associated with Caffeinated Energy Drinks.,,2026,10.3390/nu18071163,41978213,,https://pubmed.ncbi.nlm.nih.gov/41978213/,PubMed,parabiosis_plasma_aging,needs_review,Fetched by scripts/fetch_pubmed.py,2026-04-28
pubmed-41963316,Plasma phosphorylated tau 217 detects amyloid-β in neuronal synuclein disease.,,2026,10.1038/s41531-026-01341-8,41963316,,https://pubmed.ncbi.nlm.nih.gov/41963316/,PubMed,parabiosis_plasma_aging,needs_review,Fetched by scripts/fetch_pubmed.py,2026-04-28
pubmed-41952883,Age-dependent neuroinflammatory effects of red blood cells and their exosomes in a human brain-on-chip model.,,2026,10.1016/j.brci.2025.100044,41952883,,https://pubmed.ncbi.nlm.nih.gov/41952883/,PubMed,parabiosis_plasma_aging,needs_review,Fetched by scripts/fetch_pubmed.py,2026-04-28
pubmed-41942754,Hyperglycemia impairs cognitive function by inducing mitochondrial damage through lactylation of LRPPRC at K223.,,2026,10.1038/s44321-026-00422-8,41942754,,https://pubmed.ncbi.nlm.nih.gov/41942754/,PubMed,parabiosis_plasma_aging,needs_review,Fetched by scripts/fetch_pubmed.py,2026-04-28
pubmed-41933123,Plasma Proteomic Profiling of Young and Older Adults Identifies Candidate Biomarkers of Biological Aging at the Intersection of Age and Disease.,,2026,10.1111/acel.70469,41933123,,https://pubmed.ncbi.nlm.nih.gov/41933123/,PubMed,parabiosis_plasma_aging,needs_review,Fetched by scripts/fetch_pubmed.py,2026-04-28
pubmed-41928923,Microbiome contribution to Indy longevity in Drosophila.,,2026,10.64898/2026.03.25.714291,41928923,,https://pubmed.ncbi.nlm.nih.gov/41928923/,PubMed,parabiosis_plasma_aging,needs_review,Fetched by scripts/fetch_pubmed.py,2026-04-28
pubmed-42042089,Redox-Regulated Mitophagy and Lysosomal Dysfunction as a Convergent Mechanism in Female Infertility: Molecular Insights and Therapeutic Perspectives.,,2026,10.3390/cimb48040429,42042089,,https://pubmed.ncbi.nlm.nih.gov/42042089/,PubMed,autophagy_mitophagy_longevity,needs_review,Fetched by scripts/fetch_pubmed.py,2026-04-28
pubmed-42042037,"Plant-Derived Bioactive Compounds: Antioxidation, Autophagy, and Translational Applications in Skin Protection.",,2026,10.3390/cimb48040377,42042037,,https://pubmed.ncbi.nlm.nih.gov/42042037/,PubMed,autophagy_mitophagy_longevity,needs_review,Fetched by scripts/fetch_pubmed.py,2026-04-28
pubmed-42039572,Early mitophagy defects and impaired mitochondrial energy metabolism drive target organ damage progression: lessons from the Fabry heart.,,2026,10.64898/2026.04.15.718770,42039572,,https://pubmed.ncbi.nlm.nih.gov/42039572/,PubMed,autophagy_mitophagy_longevity,needs_review,Fetched by scripts/fetch_pubmed.py,2026-04-28
pubmed-42038693,"Pink1 at the crossroads of aging, exercise, and diet in Parkinson's disease: a mechanistic review.",,2026,10.3389/fnagi.2026.1738559,42038693,,https://pubmed.ncbi.nlm.nih.gov/42038693/,PubMed,autophagy_mitophagy_longevity,needs_review,Fetched by scripts/fetch_pubmed.py,2026-04-28
pubmed-42038260,"Research Progress on Pathology, Molecular Mechanisms, and Intervention Strategies of Cognitive Dysfunction Associated with Type 2 Diabetes.",,2026,10.2147/IJGM.S582385,42038260,,https://pubmed.ncbi.nlm.nih.gov/42038260/,PubMed,autophagy_mitophagy_longevity,needs_review,Fetched by scripts/fetch_pubmed.py,2026-04-28
pubmed-42033241,An oral-gut microbial metabolite links Fusobacterium nucleatum to aggravated myocardial ischemia-reperfusion injury.,,2026,10.1080/19490976.2026.2662082,42033241,,https://pubmed.ncbi.nlm.nih.gov/42033241/,PubMed,autophagy_mitophagy_longevity,needs_review,Fetched by scripts/fetch_pubmed.py,2026-04-28
pubmed-42031321,Co-Aggregation of Amyloidogenic Proteins in Age-Related Neurodegenerative Diseases.,,2026,10.1016/j.arr.2026.103148,42031321,,https://pubmed.ncbi.nlm.nih.gov/42031321/,PubMed,autophagy_mitophagy_longevity,needs_review,Fetched by scripts/fetch_pubmed.py,2026-04-28
pubmed-42031120,MITOCHONDRIAL METABOLISM AS A DETERMINANT OF HETEROGENEOUS PLATELET FUNCTIONAL PHENOTYPES: IMPLICATIONS FOR ANTIPLATELET RESISTANCE.,,2026,10.1016/j.freeradbiomed.2026.04.145,42031120,,https://pubmed.ncbi.nlm.nih.gov/42031120/,PubMed,autophagy_mitophagy_longevity,needs_review,Fetched by scripts/fetch_pubmed.py,2026-04-28
pubmed-42026253,The long-lived immune system of centenarians.,,2026,10.1038/s41577-026-01291-5,42026253,,https://pubmed.ncbi.nlm.nih.gov/42026253/,PubMed,autophagy_mitophagy_longevity,needs_review,Fetched by scripts/fetch_pubmed.py,2026-04-28
pubmed-42025774,Organelle interactome disruption: The systemic pathological mechanisms and therapeutic prospects of mitochondria-lysosome-ER crosstalk in Alzheimer's disease.,,2026,10.1016/j.arr.2026.103145,42025774,,https://pubmed.ncbi.nlm.nih.gov/42025774/,PubMed,autophagy_mitophagy_longevity,needs_review,Fetched by scripts/fetch_pubmed.py,2026-04-28
pubmed-42013738,Spermidine alleviates sepsis-induced cardiomyopathy by improving mitochondrial quality and quantity via a Metallothionein 1-dependent antioxidant pathway.,,2026,10.1016/j.phymed.2026.158174,42013738,,https://pubmed.ncbi.nlm.nih.gov/42013738/,PubMed,autophagy_mitophagy_longevity,needs_review,Fetched by scripts/fetch_pubmed.py,2026-04-28
pubmed-42009637,dMyc suppresses CTG-induced cytotoxicity in the Drosophila model of DM1 by reducing autophagy and cell death.,,2026,10.1038/s41420-026-03123-w,42009637,,https://pubmed.ncbi.nlm.nih.gov/42009637/,PubMed,autophagy_mitophagy_longevity,needs_review,Fetched by scripts/fetch_pubmed.py,2026-04-28
pubmed-42002028,UHRF1-mediated DNA 5-mC modification drives super-enhancer redistribution and impedes osteogenesis via TGM2-regulated autophagic flux in senile osteoporosis.,,2026,10.1016/j.jare.2026.04.042,42002028,,https://pubmed.ncbi.nlm.nih.gov/42002028/,PubMed,autophagy_mitophagy_longevity,needs_review,Fetched by scripts/fetch_pubmed.py,2026-04-28
pubmed-41993147,Autophagy selectively clears ER in TNF-α-induced muscle atrophy.,,2026,10.1080/27694127.2026.2649064,41993147,,https://pubmed.ncbi.nlm.nih.gov/41993147/,PubMed,autophagy_mitophagy_longevity,needs_review,Fetched by scripts/fetch_pubmed.py,2026-04-28
pubmed-41988659,The complex relationship between oxidative stress and aging: new perspectives on similarities and differences.,,2026,10.1080/10408363.2026.2651307,41988659,,https://pubmed.ncbi.nlm.nih.gov/41988659/,PubMed,autophagy_mitophagy_longevity,needs_review,Fetched by scripts/fetch_pubmed.py,2026-04-28
pubmed-42042103,"Constipation in Older Adults: Pathophysiology, Clinical Impact, and Management Strategies.",,2026,10.3390/geriatrics11020047,42042103,,https://pubmed.ncbi.nlm.nih.gov/42042103/,PubMed,microbiome_healthy_aging,needs_review,Fetched by scripts/fetch_pubmed.py,2026-04-28
pubmed-42030942,Gut microbiota modulation of regulatory DNA elements revealed by massively parallel functional characterization.,,2026,10.1016/j.molcel.2026.03.036,42030942,,https://pubmed.ncbi.nlm.nih.gov/42030942/,PubMed,microbiome_healthy_aging,needs_review,Fetched by scripts/fetch_pubmed.py,2026-04-28
pubmed-42015224,Comorbid Alzheimer's Disease and Type 2 Diabetes Microbiota Shape Age-Associated Gut-Brain Axis Profiles.,,2026,10.1111/acel.70488,42015224,,https://pubmed.ncbi.nlm.nih.gov/42015224/,PubMed,microbiome_healthy_aging,needs_review,Fetched by scripts/fetch_pubmed.py,2026-04-28
pubmed-42014597,Gut microbiota as potential mediator linking dietary preferences and aging phenotypes.,,2026,10.1007/s10522-026-10437-w,42014597,,https://pubmed.ncbi.nlm.nih.gov/42014597/,PubMed,microbiome_healthy_aging,needs_review,Fetched by scripts/fetch_pubmed.py,2026-04-28
pubmed-42012979,The naked mole-rat microbiome is associated with healthy aging and social structure.,,2026,10.1016/j.celrep.2026.117265,42012979,,https://pubmed.ncbi.nlm.nih.gov/42012979/,PubMed,microbiome_healthy_aging,needs_review,Fetched by scripts/fetch_pubmed.py,2026-04-28
pubmed-42003490,"Dietary (poly)phenols, the gut-brain axis, and menopause: a perspective on an overlooked biological crossroad.",,2026,10.1039/d6fo00429f,42003490,,https://pubmed.ncbi.nlm.nih.gov/42003490/,PubMed,microbiome_healthy_aging,needs_review,Fetched by scripts/fetch_pubmed.py,2026-04-28
pubmed-41997961,Oral microbiome signatures predict biological age and host health.,,2026,10.1038/s41467-026-72096-2,41997961,,https://pubmed.ncbi.nlm.nih.gov/41997961/,PubMed,microbiome_healthy_aging,needs_review,Fetched by scripts/fetch_pubmed.py,2026-04-28
pubmed-41984783,The neuroactive potential of the elderly human gut microbiome is associated with mental health status.,,2026,10.1371/journal.pone.0343493,41984783,,https://pubmed.ncbi.nlm.nih.gov/41984783/,PubMed,microbiome_healthy_aging,needs_review,Fetched by scripts/fetch_pubmed.py,2026-04-28
pubmed-41982910,The role of microbiota dysbiosis in Parkinson's disease: Pathophysiology and therapeutic opportunities.,,2025,10.1016/j.engmic.2025.100222,41982910,,https://pubmed.ncbi.nlm.nih.gov/41982910/,PubMed,microbiome_healthy_aging,needs_review,Fetched by scripts/fetch_pubmed.py,2026-04-28
pubmed-41970216,"Bile acid signaling, metabolism, and aging.",,2026,10.1016/j.livres.2026.02.002,41970216,,https://pubmed.ncbi.nlm.nih.gov/41970216/,PubMed,microbiome_healthy_aging,needs_review,Fetched by scripts/fetch_pubmed.py,2026-04-28
pubmed-41962470,The gut-joint axis in osteoarthritis: integrating microbiota-driven metaflammation and immunosenescence.,,2026,10.1016/j.intimp.2026.116612,41962470,,https://pubmed.ncbi.nlm.nih.gov/41962470/,PubMed,microbiome_healthy_aging,needs_review,Fetched by scripts/fetch_pubmed.py,2026-04-28
pubmed-41957526,Plasma acetic acid mediates the relationship between gut microbiome and various health measures in older adults.,,2026,10.1038/s43856-026-01566-x,41957526,,https://pubmed.ncbi.nlm.nih.gov/41957526/,PubMed,microbiome_healthy_aging,needs_review,Fetched by scripts/fetch_pubmed.py,2026-04-28
pubmed-42041941,"Triple Latency as a Driver of Chronic Inflammation: An Integrative View of HSV, EBV, and CMV Persistence in Immunocompetent Hosts.",,2026,10.3390/clinpract16040064,42041941,,https://pubmed.ncbi.nlm.nih.gov/42041941/,PubMed,inflammaging_interventions,needs_review,Fetched by scripts/fetch_pubmed.py,2026-04-28
pubmed-42041629,Glycation at the Crossroads of Disease Pathogenesis: Mechanistic Insights and Therapeutic Frontiers.,,2026,10.3390/diseases14040137,42041629,,https://pubmed.ncbi.nlm.nih.gov/42041629/,PubMed,inflammaging_interventions,needs_review,Fetched by scripts/fetch_pubmed.py,2026-04-28
pubmed-42041592,Retinal Pigment Epithelium Ageing: Cellular and Molecular Mechanisms of Long-Term Homeostasis and Age-Related Dysfunction.,,2026,10.3390/cells15080725,42041592,,https://pubmed.ncbi.nlm.nih.gov/42041592/,PubMed,inflammaging_interventions,needs_review,Fetched by scripts/fetch_pubmed.py,2026-04-28
pubmed-42041558,"Outer Membrane Vesicles as Systems-Level Drivers of Neuroinflammation, Metabolic Dysfunction, and Proteinopathy in Alzheimer's Disease.",,2026,10.3390/cells15080690,42041558,,https://pubmed.ncbi.nlm.nih.gov/42041558/,PubMed,inflammaging_interventions,needs_review,Fetched by scripts/fetch_pubmed.py,2026-04-28
pubmed-42041534,Dysregulated Repair in Aging and Disease: Extracellular Vesicles as an Emerging Protective Strategy.,,2026,10.3390/cells15080662,42041534,,https://pubmed.ncbi.nlm.nih.gov/42041534/,PubMed,inflammaging_interventions,needs_review,Fetched by scripts/fetch_pubmed.py,2026-04-28
pubmed-42040927,Intermittent Hypoxia Mimicking Sleep Apnea Induces Systemic and Tissue Specific Epigenetic Changes and p16-Mediated Cellular Senescence Underlying Vascular Dysfunction.,,2026,10.21203/rs.3.rs-9371471/v1,42040927,,https://pubmed.ncbi.nlm.nih.gov/42040927/,PubMed,inflammaging_interventions,needs_review,Fetched by scripts/fetch_pubmed.py,2026-04-28
pubmed-42040727,Red Cell Distribution Width (RDW) as a Prognostic Marker in Systemic Diseases: A Mini Review.,,2026,10.1007/s12288-025-02210-9,42040727,,https://pubmed.ncbi.nlm.nih.gov/42040727/,PubMed,inflammaging_interventions,needs_review,Fetched by scripts/fetch_pubmed.py,2026-04-28
pubmed-42040567,High serum urokinase-type plasminogen activator receptor correlates with sepsis-induced cardiomyopathy in sepsis patients.,,2026,10.3389/fmed.2026.1789588,42040567,,https://pubmed.ncbi.nlm.nih.gov/42040567/,PubMed,inflammaging_interventions,needs_review,Fetched by scripts/fetch_pubmed.py,2026-04-28
pubmed-42040311,Identification and Validation of Ferroptosis-Related Biomarkers and Therapeutic Targets in ARDS: A Bioinformatics and Experimental Study.,,2026,10.2147/JIR.S566825,42040311,,https://pubmed.ncbi.nlm.nih.gov/42040311/,PubMed,inflammaging_interventions,needs_review,Fetched by scripts/fetch_pubmed.py,2026-04-28
pubmed-42039903,The immune system as a guardian of health: micronutrient support and lifelong protection.,,2026,10.3389/fnut.2026.1802025,42039903,,https://pubmed.ncbi.nlm.nih.gov/42039903/,PubMed,inflammaging_interventions,needs_review,Fetched by scripts/fetch_pubmed.py,2026-04-28
pubmed-42039172,"An intricate relationship between fibrosis and autoimmune diseases: a specific focus on unraveling its molecular, immunological, and epigenetic drivers.",,2026,10.3389/fimmu.2026.1754620,42039172,,https://pubmed.ncbi.nlm.nih.gov/42039172/,PubMed,inflammaging_interventions,needs_review,Fetched by scripts/fetch_pubmed.py,2026-04-28
pubmed-42041555,Current Preclinical and Clinical Evidence of Shock Wave Therapy for Spinal Cord Injury: A Systematic Review.,,2026,10.3390/cells15080687,42041555,,https://pubmed.ncbi.nlm.nih.gov/42041555/,PubMed,sauna_heat_therapy_mortality,needs_review,Fetched by scripts/fetch_pubmed.py,2026-04-28
pubmed-42035475,Neoadjuvant chemotherapy for soft-tissue sarcoma of the extremities: A post-hoc Sarculator-based risk analysis of the EORTC 62961-ESHO 95 randomized trial.,,2026,10.1002/cncr.70427,42035475,,https://pubmed.ncbi.nlm.nih.gov/42035475/,PubMed,sauna_heat_therapy_mortality,needs_review,Fetched by scripts/fetch_pubmed.py,2026-04-28
pubmed-42035370,Natural compounds targeting inflammatory signaling and cell adhesion molecules in ischemic acute kidney injury.,,2026,10.1007/s12272-026-01601-4,42035370,,https://pubmed.ncbi.nlm.nih.gov/42035370/,PubMed,sauna_heat_therapy_mortality,needs_review,Fetched by scripts/fetch_pubmed.py,2026-04-28
pubmed-42030307,A secondary head-to-head comparison of low-intensity focused ultrasound and repetitive transcranial magnetic stimulation for motor recovery after stroke.,,2026,10.1371/journal.pone.0348030,42030307,,https://pubmed.ncbi.nlm.nih.gov/42030307/,PubMed,sauna_heat_therapy_mortality,needs_review,Fetched by scripts/fetch_pubmed.py,2026-04-28
pubmed-42020928,A study on the structural and magnetic properties of Fe(3)O(4)@SiO(2) core-shell microspheres along with a safety assessment in treating chemotherapy-resistant ovarian cancer.,,2026,10.1080/02656736.2025.2610818,42020928,,https://pubmed.ncbi.nlm.nih.gov/42020928/,PubMed,sauna_heat_therapy_mortality,needs_review,Fetched by scripts/fetch_pubmed.py,2026-04-28
pubmed-42016344,"Nanomedicine-Integrated Phototherapy for Cancer Theranostics: A Systematic Review of Photoresponsive Materials, Mechanisms, and Clinical Translation.",,2026,10.2147/IJN.S596646,42016344,,https://pubmed.ncbi.nlm.nih.gov/42016344/,PubMed,sauna_heat_therapy_mortality,needs_review,Fetched by scripts/fetch_pubmed.py,2026-04-28
pubmed-41990305,Impact of seasonal temperature variations on adverse outcomes in atrial fibrillation: comparative insights from Vigo and Murcia cohorts.,,2026,10.7189/jogh.16.04110,41990305,,https://pubmed.ncbi.nlm.nih.gov/41990305/,PubMed,sauna_heat_therapy_mortality,needs_review,Fetched by scripts/fetch_pubmed.py,2026-04-28
pubmed-41987374,"[Preventing Bathing-Related Accidents without Overemphasizing ""Heat Shock"": toward Prevention Strategies Centered on Heat-Related Illness].",,2026,10.1265/jjh.25012,41987374,,https://pubmed.ncbi.nlm.nih.gov/41987374/,PubMed,sauna_heat_therapy_mortality,needs_review,Fetched by scripts/fetch_pubmed.py,2026-04-28
pubmed-41972154,"The construction of CD8+ T cell-associated molecular subtypes in esophageal squamous cell carcinoma reveals tumor heterogeneity, tumor microenvironment, and immunotherapy.",,2026,10.3389/fimmu.2026.1775837,41972154,,https://pubmed.ncbi.nlm.nih.gov/41972154/,PubMed,sauna_heat_therapy_mortality,needs_review,Fetched by scripts/fetch_pubmed.py,2026-04-28
pubmed-41962307,"A randomized clinical study comparing trabectedin combined with regional hyperthermia with trabectedin in patients with advanced soft tissue sarcoma: HyperTET, a German Interdisciplinary Sarcoma Group trial.",,2026,10.1016/j.esmoop.2026.106921,41962307,,https://pubmed.ncbi.nlm.nih.gov/41962307/,PubMed,sauna_heat_therapy_mortality,needs_review,Fetched by scripts/fetch_pubmed.py,2026-04-28
pubmed-20301431,Carnitine Palmitoyltransferase II Deficiency.,,1993,,20301431,,https://pubmed.ncbi.nlm.nih.gov/20301431/,PubMed,sauna_heat_therapy_mortality,needs_review,Fetched by scripts/fetch_pubmed.py,2026-04-28
pubmed-41925750,"[Consensus statement of the Austrian Society for Rheumatology and Rehabilitation on the management of increased cardiovascular risk in rheumatoid arthritis, psoriatic arthritis and spondyloarthritis].",,2026,10.1007/s00508-026-02718-8,41925750,,https://pubmed.ncbi.nlm.nih.gov/41925750/,PubMed,sauna_heat_therapy_mortality,needs_review,Fetched by scripts/fetch_pubmed.py,2026-04-28
clinicaltrials-NCT07475546,Combination Gerotherapeutic Interventions for Healthspan Improvement,,2025,,,,https://clinicaltrials.gov/study/NCT07475546,ClinicalTrials.gov,metformin_aging,needs_review,ACTIVE_NOT_RECRUITING | INTERVENTIONAL | Fetched by scripts/fetch_clinical_trials.py,2026-04-28
clinicaltrials-NCT07092618,Effectiveness of Alternative Therapies in Maintaining Weight Loss Achieved by GLP-1 Medications Post-Cessation,,2024,,,,https://clinicaltrials.gov/study/NCT07092618,ClinicalTrials.gov,metformin_aging,needs_review,RECRUITING | INTERVENTIONAL | Fetched by scripts/fetch_clinical_trials.py,2026-04-28
clinicaltrials-NCT06975111,Focusing on the Menopausal Transition to Improve Mid-Life Women's Health,,2026,,,,https://clinicaltrials.gov/study/NCT06975111,ClinicalTrials.gov,metformin_aging,needs_review,NOT_YET_RECRUITING | INTERVENTIONAL | Fetched by scripts/fetch_clinical_trials.py,2026-04-28
clinicaltrials-NCT00621101,Pharmacokinetic Drug Interaction Between Ezetimibe and Sirolimus After Single Dose Administration in Healthy Subjects,,2007,,,,https://clinicaltrials.gov/study/NCT00621101,ClinicalTrials.gov,rapamycin_aging,needs_review,COMPLETED | INTERVENTIONAL | Fetched by scripts/fetch_clinical_trials.py,2026-04-28
clinicaltrials-NCT00877773,Phosphatidylinositol 3 Kinase and Mammalian Target of Rapamycin (PI3K-mTOR) in Advanced Cancer Patients,,2009,,,,https://clinicaltrials.gov/study/NCT00877773,ClinicalTrials.gov,rapamycin_aging,needs_review,TERMINATED | INTERVENTIONAL | Fetched by scripts/fetch_clinical_trials.py,2026-04-28
clinicaltrials-NCT04629495,Rapamycin - Effects on Alzheimer's and Cognitive Health,,2021,,,,https://clinicaltrials.gov/study/NCT04629495,ClinicalTrials.gov,rapamycin_aging,needs_review,RECRUITING | INTERVENTIONAL | Fetched by scripts/fetch_clinical_trials.py,2026-04-28
clinicaltrials-NCT01523977,Everolimus With Multiagent Re-Induction Chemotherapy in Pediatric Patients With ALL,,2011,,,,https://clinicaltrials.gov/study/NCT01523977,ClinicalTrials.gov,rapamycin_aging,needs_review,COMPLETED | INTERVENTIONAL | Fetched by scripts/fetch_clinical_trials.py,2026-04-28
clinicaltrials-NCT01534143,High Dose Busulfan and Bortezomib in Treating Patients With High Risk Multiple Myeloma Undergoing Stem Cell Transplant,,2012,,,,https://clinicaltrials.gov/study/NCT01534143,ClinicalTrials.gov,rapamycin_aging,needs_review,TERMINATED | INTERVENTIONAL | Fetched by scripts/fetch_clinical_trials.py,2026-04-28
clinicaltrials-NCT01265810,Caphosol in Oral Mucositis Due to Targeted Therapy,,2011,,,,https://clinicaltrials.gov/study/NCT01265810,ClinicalTrials.gov,rapamycin_aging,needs_review,COMPLETED | INTERVENTIONAL | Fetched by scripts/fetch_clinical_trials.py,2026-04-28
clinicaltrials-NCT01797315,Prevention of Skin Cancer in High Risk Patients After Conversion to a Sirolimus-based Immunosuppressive Protocol,,2007,,,,https://clinicaltrials.gov/study/NCT01797315,ClinicalTrials.gov,rapamycin_aging,needs_review,TERMINATED | INTERVENTIONAL | Fetched by scripts/fetch_clinical_trials.py,2026-04-28
clinicaltrials-NCT03811717,Fasting and Exercise-induced Changes in Human Skeletal Muscle,,2019,,,,https://clinicaltrials.gov/study/NCT03811717,ClinicalTrials.gov,rapamycin_aging,needs_review,COMPLETED | INTERVENTIONAL | Fetched by scripts/fetch_clinical_trials.py,2026-04-28
clinicaltrials-NCT04753749,Evaluation of a Modified Anti-Platelet Therapy Associated With Low-dose DES Firehawk in Acute Myocardial Infarction Patients Treated With Complete Revascularization Strategy,,2021,,,,https://clinicaltrials.gov/study/NCT04753749,ClinicalTrials.gov,rapamycin_aging,needs_review,COMPLETED | INTERVENTIONAL | Fetched by scripts/fetch_clinical_trials.py,2026-04-28
clinicaltrials-NCT06029569,Rapamycin Coated Balloon Dilation Catheter for Arteriovenous Fistula,,2023,,,,https://clinicaltrials.gov/study/NCT06029569,ClinicalTrials.gov,rapamycin_aging,needs_review,UNKNOWN | INTERVENTIONAL | Fetched by scripts/fetch_clinical_trials.py,2026-04-28
crossref-10.1093/geroni/igz038.2989,AGING INTERVENTIONS GET HUMAN: CAN WE EXTEND HEALTHSPAN?,,2019,10.1093/geroni/igz038.2989,,,https://doi.org/10.1093/geroni/igz038.2989,Crossref,human_longevity_interventions_reviews,needs_review,Fetched by scripts/fetch_crossref.py,2026-04-28
crossref-10.70593/978-93-49910-64-5_8,Targeting Longevity: Supplements as Interventions to Modulate Aging Pathways and Enhance Healthspan,,2025,10.70593/978-93-49910-64-5_8,,,https://doi.org/10.70593/978-93-49910-64-5_8,Crossref,human_longevity_interventions_reviews,needs_review,Fetched by scripts/fetch_crossref.py,2026-04-28
crossref-10.3389/fragi.2023.1172789,Sex differences in pharmacological interventions and their effects on lifespan and healthspan outcomes: a systematic review,,2023,10.3389/fragi.2023.1172789,,,https://doi.org/10.3389/fragi.2023.1172789,Crossref,human_longevity_interventions_reviews,needs_review,Fetched by scripts/fetch_crossref.py,2026-04-28
crossref-10.1186/2046-2395-3-2,Mitochondrial and sex steroid hormone crosstalk during aging,,2014,10.1186/2046-2395-3-2,,,https://doi.org/10.1186/2046-2395-3-2,Crossref,human_longevity_interventions_reviews,needs_review,Fetched by scripts/fetch_crossref.py,2026-04-28
crossref-10.1186/2046-2395-3-3,Making heads or tails of mitochondrial membranes in longevity and aging: a role for comparative studies,,2014,10.1186/2046-2395-3-3,,,https://doi.org/10.1186/2046-2395-3-3,Crossref,human_longevity_interventions_reviews,needs_review,Fetched by scripts/fetch_crossref.py,2026-04-28
crossref-10.1186/2046-2395-2-2,Systems integrity in health and aging - an animal model approach,,2013,10.1186/2046-2395-2-2,,,https://doi.org/10.1186/2046-2395-2-2,Crossref,human_longevity_interventions_reviews,needs_review,Fetched by scripts/fetch_crossref.py,2026-04-28
crossref-10.1186/2046-2395-3-6,Mitochondrial oxidative stress in aging and healthspan,,2014,10.1186/2046-2395-3-6,,,https://doi.org/10.1186/2046-2395-3-6,Crossref,human_longevity_interventions_reviews,needs_review,Fetched by scripts/fetch_crossref.py,2026-04-28
crossref-10.1186/2046-2395-3-7,The role of mitochondria in longevity and healthspan,,2014,10.1186/2046-2395-3-7,,,https://doi.org/10.1186/2046-2395-3-7,Crossref,human_longevity_interventions_reviews,needs_review,Fetched by scripts/fetch_crossref.py,2026-04-28
crossref-10.3389/fnagi.2026.1815030,Beyond lifespan and healthspan: a biological framework for experienced longevity,,2026,10.3389/fnagi.2026.1815030,,,https://doi.org/10.3389/fnagi.2026.1815030,Crossref,human_longevity_interventions_reviews,needs_review,Fetched by scripts/fetch_crossref.py,2026-04-28
crossref-10.1038/s43587-023-00547-2,Isoleucine dietary restriction boosts healthspan and longevity in mice,,2023,10.1038/s43587-023-00547-2,,,https://doi.org/10.1038/s43587-023-00547-2,Crossref,human_longevity_interventions_reviews,needs_review,Fetched by scripts/fetch_crossref.py,2026-04-28
crossref-10.1186/2046-2395-1-1,Translating longevity research into healthspan,,2012,10.1186/2046-2395-1-1,,,https://doi.org/10.1186/2046-2395-1-1,Crossref,human_longevity_interventions_reviews,needs_review,Fetched by scripts/fetch_crossref.py,2026-04-28
crossref-10.1093/geroni/igx004.037,NAD PRECURSORS AS INTERVENTIONS FOR AGE-RELATED DISEASES AND EXTENDING HUMAN HEALTHSPAN,,2017,10.1093/geroni/igx004.037,,,https://doi.org/10.1093/geroni/igx004.037,Crossref,human_longevity_interventions_reviews,needs_review,Fetched by scripts/fetch_crossref.py,2026-04-28
crossref-10.1186/2046-2395-3-4,A midlife crisis for the mitochondrial free radical theory of aging,,2014,10.1186/2046-2395-3-4,,,https://doi.org/10.1186/2046-2395-3-4,Crossref,human_longevity_interventions_reviews,needs_review,Fetched by scripts/fetch_crossref.py,2026-04-28
crossref-10.1007/978-94-017-0283-6_12,Mitochondrial Interventions in Aging and Longevity,,2003,10.1007/978-94-017-0283-6_12,,,https://doi.org/10.1007/978-94-017-0283-6_12,Crossref,human_longevity_interventions_reviews,needs_review,Fetched by scripts/fetch_crossref.py,2026-04-28
crossref-10.1101/2021.05.31.446397,"Longevity interventions temporally scale healthspan in
                  <i>Caenorhabditis elegans</i>",,2021,10.1101/2021.05.31.446397,,,https://doi.org/10.1101/2021.05.31.446397,Crossref,human_longevity_interventions_reviews,needs_review,Fetched by scripts/fetch_crossref.py,2026-04-28
crossref-10.3389/fragi.2024.1417455,The Longevity Med Summit: insights on healthspan from cell to society,,2024,10.3389/fragi.2024.1417455,,,https://doi.org/10.3389/fragi.2024.1417455,Crossref,human_longevity_interventions_reviews,needs_review,Fetched by scripts/fetch_crossref.py,2026-04-28
crossref-10.1007/978-94-017-0283-6_13,Hormonal Interventions of Aging and Longevity,,2003,10.1007/978-94-017-0283-6_13,,,https://doi.org/10.1007/978-94-017-0283-6_13,Crossref,human_longevity_interventions_reviews,needs_review,Fetched by scripts/fetch_crossref.py,2026-04-28
crossref-10.1093/geroni/igad104.0455,PRESIDENTIAL SYMPOSIUM: EXTENDING HEALTHSPAN AND LONGEVITY,,2023,10.1093/geroni/igad104.0455,,,https://doi.org/10.1093/geroni/igad104.0455,Crossref,human_longevity_interventions_reviews,needs_review,Fetched by scripts/fetch_crossref.py,2026-04-28
clinicaltrials-NCT05025956,Senolytic Agent Improve the Benefit of Platelet-Rich Plasma and Losartan,,2021,,,,https://clinicaltrials.gov/study/NCT05025956,ClinicalTrials.gov,senolytics_aging,needs_review,ACTIVE_NOT_RECRUITING | INTERVENTIONAL | Fetched by scripts/fetch_clinical_trials.py,2026-04-28
clinicaltrials-NCT04771611,COVFIS-HOME: COVID-19 Pilot Study of Fisetin to Alleviate Dysfunction and Decrease Complications,,2021,,,,https://clinicaltrials.gov/study/NCT04771611,ClinicalTrials.gov,senolytics_aging,needs_review,COMPLETED | INTERVENTIONAL | Fetched by scripts/fetch_clinical_trials.py,2026-04-28
clinicaltrials-NCT05724329,Neoadjuvant Tislelizumab in Combination With Dasatinib and Quercetin in Resectable HNSCC (COIS-01),,2023,,,,https://clinicaltrials.gov/study/NCT05724329,ClinicalTrials.gov,senolytics_aging,needs_review,ACTIVE_NOT_RECRUITING | INTERVENTIONAL | Fetched by scripts/fetch_clinical_trials.py,2026-04-28
clinicaltrials-NCT07025226,"Sequential Treatments or Combinations Including Dasatinib, Quercetin, Fisetin and/or Temozolomide for the Treatment of Previously Treated Glioma With Residual Disease",,2025,,,,https://clinicaltrials.gov/study/NCT07025226,ClinicalTrials.gov,senolytics_aging,needs_review,RECRUITING | INTERVENTIONAL | Fetched by scripts/fetch_clinical_trials.py,2026-04-28
clinicaltrials-NCT05482672,"GetHealthy-OA: A Program to Improve Pain and Function for Patients With Knee Osteoarthritis, Obesity, and Depression",,2023,,,,https://clinicaltrials.gov/study/NCT05482672,ClinicalTrials.gov,senolytics_aging,needs_review,WITHDRAWN | INTERVENTIONAL | Fetched by scripts/fetch_clinical_trials.py,2026-04-28
clinicaltrials-NCT06018467,Senolytics to Improve Osteoporosis Therapy,,2023,,,,https://clinicaltrials.gov/study/NCT06018467,ClinicalTrials.gov,senolytics_aging,needs_review,ACTIVE_NOT_RECRUITING | INTERVENTIONAL | Fetched by scripts/fetch_clinical_trials.py,2026-04-28
clinicaltrials-NCT06953518,An Open-Label Pilot Study of Qualia Senolytic Supplementation for the Attenuation of Systemic Inflammatory Cytokines,,2025,,,,https://clinicaltrials.gov/study/NCT06953518,ClinicalTrials.gov,senolytics_aging,needs_review,NOT_YET_RECRUITING | INTERVENTIONAL | Fetched by scripts/fetch_clinical_trials.py,2026-04-28
clinicaltrials-NCT05838560,Dasatinib Plus Quercetin for Accelerated Aging in Mental Disorders,,2023,,,,https://clinicaltrials.gov/study/NCT05838560,ClinicalTrials.gov,senolytics_aging,needs_review,ACTIVE_NOT_RECRUITING | INTERVENTIONAL | Fetched by scripts/fetch_clinical_trials.py,2026-04-28
clinicaltrials-NCT05653258,Single Nuclei RNA-seq to Map Adipose Cellular Populations and Senescent Cells in Older Subjects,,2023,,,,https://clinicaltrials.gov/study/NCT05653258,ClinicalTrials.gov,senolytics_aging,needs_review,RECRUITING | INTERVENTIONAL | Fetched by scripts/fetch_clinical_trials.py,2026-04-28
clinicaltrials-NCT06133634,Fisetin to Improve Vascular Function in Older Adults,,2023,,,,https://clinicaltrials.gov/study/NCT06133634,ClinicalTrials.gov,senolytics_aging,needs_review,ACTIVE_NOT_RECRUITING | INTERVENTIONAL | Fetched by scripts/fetch_clinical_trials.py,2026-04-28
crossref-10.1123/japa.2019-0493,Influence of Cardiorespiratory Fitness on Risk of Dementia and Dementia Mortality: A Systematic Review and Meta-Analysis of Prospective Cohort Studies,,2021,10.1123/japa.2019-0493,,,https://doi.org/10.1123/japa.2019-0493,Crossref,exercise_cardiorespiratory_fitness_longevity,needs_review,Fetched by scripts/fetch_crossref.py,2026-04-28
crossref-10.51473/rcmos.v1i2.2025.1690,Treinamento intervalado de alta intensidade (HIIT) vs. Treinamento Contínuo de Intensidade Moderada (MICT) na Otimização da Capacidade Cardiorrespiratória (VO2max),,2025,10.51473/rcmos.v1i2.2025.1690,,,https://doi.org/10.51473/rcmos.v1i2.2025.1690,Crossref,exercise_cardiorespiratory_fitness_longevity,needs_review,Fetched by scripts/fetch_crossref.py,2026-04-28
crossref-10.1097/ncc.0000000000000847,"Cardiorespiratory Fitness, Physical Activity, Walking Speed, Lack of Participation in Leisure Activities, and Lung Cancer Mortality",,2021,10.1097/ncc.0000000000000847,,,https://doi.org/10.1097/ncc.0000000000000847,Crossref,exercise_cardiorespiratory_fitness_longevity,needs_review,Fetched by scripts/fetch_crossref.py,2026-04-28
crossref-10.1093/annonc/mdu250,Cardiorespiratory fitness as predictor of cancer mortality: a systematic review and meta-analysis,,2015,10.1093/annonc/mdu250,,,https://doi.org/10.1093/annonc/mdu250,Crossref,exercise_cardiorespiratory_fitness_longevity,needs_review,Fetched by scripts/fetch_crossref.py,2026-04-28
crossref-10.1001/jama.2009.681,Cardiorespiratory Fitness as a Quantitative Predictor of All-Cause Mortality and Cardiovascular Events in Healthy Men and Women,,2009,10.1001/jama.2009.681,,,https://doi.org/10.1001/jama.2009.681,Crossref,exercise_cardiorespiratory_fitness_longevity,needs_review,Fetched by scripts/fetch_crossref.py,2026-04-28
crossref-10.1016/j.atherosclerosis.2021.06.904,Is estimated cardiorespiratory fitness an effective predictor for cardiovascular and all-cause mortality? A meta-analysis,,2021,10.1016/j.atherosclerosis.2021.06.904,,,https://doi.org/10.1016/j.atherosclerosis.2021.06.904,Crossref,exercise_cardiorespiratory_fitness_longevity,needs_review,Fetched by scripts/fetch_crossref.py,2026-04-28
crossref-10.36950/2025.2ciss024,600 meters to VO2max: Predicting Cardiorespiratory Fitness with an Uphill Run,,2025,10.36950/2025.2ciss024,,,https://doi.org/10.36950/2025.2ciss024,Crossref,exercise_cardiorespiratory_fitness_longevity,needs_review,Fetched by scripts/fetch_crossref.py,2026-04-28
crossref-10.1136/bjsports-2021-104876,"Cardiorespiratory fitness and mortality from all causes, cardiovascular disease and cancer: dose–response meta-analysis of cohort studies",,2022,10.1136/bjsports-2021-104876,,,https://doi.org/10.1136/bjsports-2021-104876,Crossref,exercise_cardiorespiratory_fitness_longevity,needs_review,Fetched by scripts/fetch_crossref.py,2026-04-28
crossref-10.3410/f.740063388.793586023,Faculty Opinions recommendation of The association of estimated cardiorespiratory fitness with COVID-19 incidence and mortality: A cohort study.,,2021,10.3410/f.740063388.793586023,,,https://doi.org/10.3410/f.740063388.793586023,Crossref,exercise_cardiorespiratory_fitness_longevity,needs_review,Fetched by scripts/fetch_crossref.py,2026-04-28
crossref-10.1001/jama.299.9.1013-b,"Cardiorespiratory Fitness, Adiposity, and Mortality",,2008,10.1001/jama.299.9.1013-b,,,https://doi.org/10.1001/jama.299.9.1013-b,Crossref,exercise_cardiorespiratory_fitness_longevity,needs_review,Fetched by scripts/fetch_crossref.py,2026-04-28
crossref-10.1001/jama.299.9.1013-a,"Cardiorespiratory Fitness, Adiposity, and Mortality",,2008,10.1001/jama.299.9.1013-a,,,https://doi.org/10.1001/jama.299.9.1013-a,Crossref,exercise_cardiorespiratory_fitness_longevity,needs_review,Fetched by scripts/fetch_crossref.py,2026-04-28
crossref-10.1001/jama.299.9.1014-a,"Cardiorespiratory Fitness, Adiposity, and Mortality—Reply",,2008,10.1001/jama.299.9.1014-a,,,https://doi.org/10.1001/jama.299.9.1014-a,Crossref,exercise_cardiorespiratory_fitness_longevity,needs_review,Fetched by scripts/fetch_crossref.py,2026-04-28
crossref-10.1093/ndt/gfad063c_6919,#6919 CARDIORESPIRATORY FITNESS AND MORTALITY RISK IN PATIENTS RECEIVING HEMODIALYSIS: A PROSPECTIVE COHORT,,2023,10.1093/ndt/gfad063c_6919,,,https://doi.org/10.1093/ndt/gfad063c_6919,Crossref,exercise_cardiorespiratory_fitness_longevity,needs_review,Fetched by scripts/fetch_crossref.py,2026-04-28
crossref-10.1016/s0016-5085(17)32878-0,Is Cardiorespiratory Fitness (VO2Max) Associated with Risk of Colorectal Adenoma ? A Case-Control Study,,2017,10.1016/s0016-5085(17)32878-0,,,https://doi.org/10.1016/s0016-5085(17)32878-0,Crossref,exercise_cardiorespiratory_fitness_longevity,needs_review,Fetched by scripts/fetch_crossref.py,2026-04-28
crossref-10.1101/2023.03.08.23286976,Reliability and validity of clinical tests of cardiorespiratory fitness: A systematic review and meta-analysis,,2023,10.1101/2023.03.08.23286976,,,https://doi.org/10.1101/2023.03.08.23286976,Crossref,exercise_cardiorespiratory_fitness_longevity,needs_review,Fetched by scripts/fetch_crossref.py,2026-04-28
crossref-10.2196/preprints.91185,Assessment of Cardiorespiratory Fitness In Individuals With Type 2 Diabetes Mellitus: Systematic Review And Meta-Analysis Protocol (Preprint),,2026,10.2196/preprints.91185,,,https://doi.org/10.2196/preprints.91185,Crossref,exercise_cardiorespiratory_fitness_longevity,needs_review,Fetched by scripts/fetch_crossref.py,2026-04-28
crossref-10.5220/0010683900002967,Effects of Smartphone Usage on Physical and Cardiorespiratory Fitness in Millennials Cohort,,2019,10.5220/0010683900002967,,,https://doi.org/10.5220/0010683900002967,Crossref,exercise_cardiorespiratory_fitness_longevity,needs_review,Fetched by scripts/fetch_crossref.py,2026-04-28
crossref-10.1111/j.1469-8986.2006.00373.x,Cardiorespiratory fitness and laboratory stress: A meta‐regression analysis,,2006,10.1111/j.1469-8986.2006.00373.x,,,https://doi.org/10.1111/j.1469-8986.2006.00373.x,Crossref,exercise_cardiorespiratory_fitness_longevity,needs_review,Fetched by scripts/fetch_crossref.py,2026-04-28
clinicaltrials-NCT01285388,"Safety, Tolerability and Pharmacokinetic Study of MB12066 in Healthy Volunteers",,2010,,,,https://clinicaltrials.gov/study/NCT01285388,ClinicalTrials.gov,nad_nmn_nr_aging,needs_review,COMPLETED | INTERVENTIONAL | Fetched by scripts/fetch_clinical_trials.py,2026-04-28
clinicaltrials-NCT02064569,Safety Evaluation of Gene Therapy in Leber Hereditary Optic Neuropathy (LHON) Patients,,2014,,,,https://clinicaltrials.gov/study/NCT02064569,ClinicalTrials.gov,nad_nmn_nr_aging,needs_review,COMPLETED | INTERVENTIONAL | Fetched by scripts/fetch_clinical_trials.py,2026-04-28
clinicaltrials-NCT05938556,Coaching for Advanced Practice Providers,,2023,,,,https://clinicaltrials.gov/study/NCT05938556,ClinicalTrials.gov,nad_nmn_nr_aging,needs_review,COMPLETED | INTERVENTIONAL | Fetched by scripts/fetch_clinical_trials.py,2026-04-28
clinicaltrials-NCT06431945,Early Detection of HCV in Injection Drug Users,,2023,,,,https://clinicaltrials.gov/study/NCT06431945,ClinicalTrials.gov,nad_nmn_nr_aging,needs_review,RECRUITING | OBSERVATIONAL | Fetched by scripts/fetch_clinical_trials.py,2026-04-28
clinicaltrials-NCT03717935,Oral Amino Acid Nutrition to Improve Glucose Excursions in PCOS,,2018,,,,https://clinicaltrials.gov/study/NCT03717935,ClinicalTrials.gov,nad_nmn_nr_aging,needs_review,COMPLETED | INTERVENTIONAL | Fetched by scripts/fetch_clinical_trials.py,2026-04-28
clinicaltrials-NCT02576574,Avelumab in First-line NSCLC (JAVELIN Lung 100),,2015,,,,https://clinicaltrials.gov/study/NCT02576574,ClinicalTrials.gov,nad_nmn_nr_aging,needs_review,COMPLETED | INTERVENTIONAL | Fetched by scripts/fetch_clinical_trials.py,2026-04-28
clinicaltrials-NCT03912220,Evaluation of Nicotinamide Riboside in Prevention of Small Fiber Axon Degeneration and Promotion of Nerve Regeneration,,2020,,,,https://clinicaltrials.gov/study/NCT03912220,ClinicalTrials.gov,nad_nmn_nr_aging,needs_review,COMPLETED | INTERVENTIONAL | Fetched by scripts/fetch_clinical_trials.py,2026-04-28
clinicaltrials-NCT04112043,Nicotinamide Riboside as an Enhancer of Exercise Therapy in Hypertensive Older Adults (The NEET Trial),,2020,,,,https://clinicaltrials.gov/study/NCT04112043,ClinicalTrials.gov,nad_nmn_nr_aging,needs_review,COMPLETED | INTERVENTIONAL | Fetched by scripts/fetch_clinical_trials.py,2026-04-28
clinicaltrials-NCT03283085,A Safety Extension Study of Ontamalimab in Participants With Moderate to Severe Ulcerative Colitis or Crohn's Disease (AIDA),,2018,,,,https://clinicaltrials.gov/study/NCT03283085,ClinicalTrials.gov,nad_nmn_nr_aging,needs_review,COMPLETED | INTERVENTIONAL | Fetched by scripts/fetch_clinical_trials.py,2026-04-28
clinicaltrials-NCT05485610,Effect of NMN (Nicotinamide Mononucleotide) on Diminished Ovarian Reserve (Including Premature Ovarian Insufficiency),,2022,,,,https://clinicaltrials.gov/study/NCT05485610,ClinicalTrials.gov,nad_nmn_nr_aging,needs_review,UNKNOWN | INTERVENTIONAL | Fetched by scripts/fetch_clinical_trials.py,2026-04-28
crossref-10.21203/rs.2.16189/v1,Effect of Resistance Training in the Treatment of Pre-Sarcopenia or Sarcopenia and Pre-Frailty or Frailty in Older People: A Systematic Review and Meta-Analysis of Randomized Controlled Studies,,2019,10.21203/rs.2.16189/v1,,,https://doi.org/10.21203/rs.2.16189/v1,Crossref,resistance_training_sarcopenia_frailty,needs_review,Fetched by scripts/fetch_crossref.py,2026-04-28
crossref-10.1186/s13102-026-01655-3,The effects of resistance training on myostatin in older adults with frailty and/or sarcopenia: a systematic review and meta analysis,,2026,10.1186/s13102-026-01655-3,,,https://doi.org/10.1186/s13102-026-01655-3,Crossref,resistance_training_sarcopenia_frailty,needs_review,Fetched by scripts/fetch_crossref.py,2026-04-28
crossref-10.1002/jcsm.13875,Correction to “Effectiveness of Mind–Body Exercise in Older Adults With Sarcopenia and Frailty: A Systematic Review and Meta‐Analysis”,,2025,10.1002/jcsm.13875,,,https://doi.org/10.1002/jcsm.13875,Crossref,resistance_training_sarcopenia_frailty,needs_review,Fetched by scripts/fetch_crossref.py,2026-04-28
crossref-10.1186/s12891-025-09436-8,Combined resistance training and amino acid-based supplementation for sarcopenia in older adults: a systematic review and meta-analysis,,2026,10.1186/s12891-025-09436-8,,,https://doi.org/10.1186/s12891-025-09436-8,Crossref,resistance_training_sarcopenia_frailty,needs_review,Fetched by scripts/fetch_crossref.py,2026-04-28
crossref-10.1111/jan.14231/v1/review2,"Review for ""The Relationship Between Sleep‐wake Disturbances and Frailty Among Older Adults: A Systematic Review""",,2019,10.1111/jan.14231/v1/review2,,,https://doi.org/10.1111/jan.14231/v1/review2,Crossref,resistance_training_sarcopenia_frailty,needs_review,Fetched by scripts/fetch_crossref.py,2026-04-28
crossref-10.1007/978-3-030-89162-6_7,"Malnutrition, Cachexia, and Sarcopenia in Older Adults with Cancer and Frailty",,2022,10.1007/978-3-030-89162-6_7,,,https://doi.org/10.1007/978-3-030-89162-6_7,Crossref,resistance_training_sarcopenia_frailty,needs_review,Fetched by scripts/fetch_crossref.py,2026-04-28
crossref-10.1111/jan.17081/v1/review2,"Review for ""Relationship Between Sleep and Cognitive Frailty in Older Adults: A Systematic Review and Meta-Analysis""",,2025,10.1111/jan.17081/v1/review2,,,https://doi.org/10.1111/jan.17081/v1/review2,Crossref,resistance_training_sarcopenia_frailty,needs_review,Fetched by scripts/fetch_crossref.py,2026-04-28
crossref-10.1111/jan.17081/v2/review1,"Review for ""Relationship Between Sleep and Cognitive Frailty in Older Adults: A Systematic Review and Meta-Analysis""",,2025,10.1111/jan.17081/v2/review1,,,https://doi.org/10.1111/jan.17081/v2/review1,Crossref,resistance_training_sarcopenia_frailty,needs_review,Fetched by scripts/fetch_crossref.py,2026-04-28
crossref-10.1111/jan.17081/v1/review1,"Review for ""Relationship Between Sleep and Cognitive Frailty in Older Adults: A Systematic Review and Meta-Analysis""",,2025,10.1111/jan.17081/v1/review1,,,https://doi.org/10.1111/jan.17081/v1/review1,Crossref,resistance_training_sarcopenia_frailty,needs_review,Fetched by scripts/fetch_crossref.py,2026-04-28
crossref-10.22540/jfsf-10-269,The Use of Electrical Stimulation for Older Adults at Risk for Developing Sarcopenia: A Systematic Review,,2025,10.22540/jfsf-10-269,,,https://doi.org/10.22540/jfsf-10-269,Crossref,resistance_training_sarcopenia_frailty,needs_review,Fetched by scripts/fetch_crossref.py,2026-04-28
crossref-10.1002/jcsm.13806,Effectiveness of Mind–Body Exercise in Older Adults With Sarcopenia and Frailty: A Systematic Review and Meta‐Analysis,,2025,10.1002/jcsm.13806,,,https://doi.org/10.1002/jcsm.13806,Crossref,resistance_training_sarcopenia_frailty,needs_review,Fetched by scripts/fetch_crossref.py,2026-04-28
crossref-10.1111/jan.14231/v2/review1,"Review for ""The Relationship Between Sleep‐wake Disturbances and Frailty Among Older Adults: A Systematic Review""",,2019,10.1111/jan.14231/v2/review1,,,https://doi.org/10.1111/jan.14231/v2/review1,Crossref,resistance_training_sarcopenia_frailty,needs_review,Fetched by scripts/fetch_crossref.py,2026-04-28
crossref-10.1111/jan.14231/v1/review3,"Review for ""The Relationship Between Sleep‐wake Disturbances and Frailty Among Older Adults: A Systematic Review""",,2019,10.1111/jan.14231/v1/review3,,,https://doi.org/10.1111/jan.14231/v1/review3,Crossref,resistance_training_sarcopenia_frailty,needs_review,Fetched by scripts/fetch_crossref.py,2026-04-28
crossref-10.51224/srxiv.428,Machine-based resistance training improves functional capacity in older adults,,2024,10.51224/srxiv.428,,,https://doi.org/10.51224/srxiv.428,Crossref,resistance_training_sarcopenia_frailty,needs_review,Fetched by scripts/fetch_crossref.py,2026-04-28
crossref-10.1111/jan.14231/v1/review1,"Review for ""The Relationship Between Sleep‐wake Disturbances and Frailty Among Older Adults: A Systematic Review""",,2019,10.1111/jan.14231/v1/review1,,,https://doi.org/10.1111/jan.14231/v1/review1,Crossref,resistance_training_sarcopenia_frailty,needs_review,Fetched by scripts/fetch_crossref.py,2026-04-28
crossref-10.1002/brb3.1926/v1/review1,"Review for ""Cognitive frailty as a predictor of adverse outcomes among older adults: A systematic review and meta‐analysis""",,2020,10.1002/brb3.1926/v1/review1,,,https://doi.org/10.1002/brb3.1926/v1/review1,Crossref,resistance_training_sarcopenia_frailty,needs_review,Fetched by scripts/fetch_crossref.py,2026-04-28
clinicaltrials-NCT05880095,Healthy Aging Through Time- Restricted Eating in Adults With Overweight/Obesity and Incipient Liver Disease: ENSATI,,2023,,,,https://clinicaltrials.gov/study/NCT05880095,ClinicalTrials.gov,caloric_restriction_aging,needs_review,COMPLETED | INTERVENTIONAL | Fetched by scripts/fetch_clinical_trials.py,2026-04-28
clinicaltrials-NCT07218445,The Effect of Tirzepatide on Menopausal Vasomotor Symptoms and Biological Aging in Post-menopausal Women With Obesity,,2026,,,,https://clinicaltrials.gov/study/NCT07218445,ClinicalTrials.gov,caloric_restriction_aging,needs_review,RECRUITING | INTERVENTIONAL | Fetched by scripts/fetch_clinical_trials.py,2026-04-28
clinicaltrials-NCT04465721,TREAT to Improve Cardiometabolic Health,,2021,,,,https://clinicaltrials.gov/study/NCT04465721,ClinicalTrials.gov,caloric_restriction_aging,needs_review,ACTIVE_NOT_RECRUITING | INTERVENTIONAL | Fetched by scripts/fetch_clinical_trials.py,2026-04-28
clinicaltrials-NCT07057310,Aging Well: Targeting Obesity With GLP-1 Agonists to Enhance Physical and Vascular Health in Postmenopausal Women,,2025,,,,https://clinicaltrials.gov/study/NCT07057310,ClinicalTrials.gov,caloric_restriction_aging,needs_review,ENROLLING_BY_INVITATION | INTERVENTIONAL | Fetched by scripts/fetch_clinical_trials.py,2026-04-28
crossref-10.3390/nu16172878,"Molecular Mechanisms of Healthy Aging: The Role of Caloric Restriction, Intermittent Fasting, Mediterranean Diet, and Ketogenic Diet—A Scoping Review",,2024,10.3390/nu16172878,,,https://doi.org/10.3390/nu16172878,Crossref,nutrition_dietary_restriction_aging,needs_review,Fetched by scripts/fetch_crossref.py,2026-04-28
crossref-10.1016/j.cca.2024.118674,"Cross-talk on the interplay between caloric restriction, intermittent fasting, and healthy aging",,2024,10.1016/j.cca.2024.118674,,,https://doi.org/10.1016/j.cca.2024.118674,Crossref,nutrition_dietary_restriction_aging,needs_review,Fetched by scripts/fetch_crossref.py,2026-04-28
crossref-10.1007/978-3-031-49622-6_1,Caloric Restriction and Biomarkers of Aging,,2024,10.1007/978-3-031-49622-6_1,,,https://doi.org/10.1007/978-3-031-49622-6_1,Crossref,nutrition_dietary_restriction_aging,needs_review,Fetched by scripts/fetch_crossref.py,2026-04-28
crossref-10.1007/978-3-030-83017-5_24,Fasting and Caloric Restriction for Healthy Aging and Longevity,,2021,10.1007/978-3-030-83017-5_24,,,https://doi.org/10.1007/978-3-030-83017-5_24,Crossref,nutrition_dietary_restriction_aging,needs_review,Fetched by scripts/fetch_crossref.py,2026-04-28
crossref-10.1016/j.exger.2013.04.011,Fasting or caloric restriction for Healthy Aging,,2013,10.1016/j.exger.2013.04.011,,,https://doi.org/10.1016/j.exger.2013.04.011,Crossref,nutrition_dietary_restriction_aging,needs_review,Fetched by scripts/fetch_crossref.py,2026-04-28
crossref-10.1016/j.arr.2006.04.002,Caloric restriction and intermittent fasting: Two potential diets for successful brain aging,,2006,10.1016/j.arr.2006.04.002,,,https://doi.org/10.1016/j.arr.2006.04.002,Crossref,nutrition_dietary_restriction_aging,needs_review,Fetched by scripts/fetch_crossref.py,2026-04-28
crossref-10.1016/b978-0-443-30060-8.00017-0,"Interplay between diet, exercise, and intermittent fasting in metabolic disease reduction in people with obesity and promoting healthy aging",,2026,10.1016/b978-0-443-30060-8.00017-0,,,https://doi.org/10.1016/b978-0-443-30060-8.00017-0,Crossref,nutrition_dietary_restriction_aging,needs_review,Fetched by scripts/fetch_crossref.py,2026-04-28
crossref-10.23937/2572-3278/1510052,Caloric Intake and its Effect on Aging and Cognitive Slowing: A Review of the Research into Intermittent Fasting,,2021,10.23937/2572-3278/1510052,,,https://doi.org/10.23937/2572-3278/1510052,Crossref,nutrition_dietary_restriction_aging,needs_review,Fetched by scripts/fetch_crossref.py,2026-04-28
crossref-10.21203/rs.3.rs-1442328/v1,Effects of Intermittent Fasting in Humans Compared to a Normal Diet and Caloric Restriction: A Meta-analysis of Randomized Controlled Trials,,2022,10.21203/rs.3.rs-1442328/v1,,,https://doi.org/10.21203/rs.3.rs-1442328/v1,Crossref,nutrition_dietary_restriction_aging,needs_review,Fetched by scripts/fetch_crossref.py,2026-04-28
crossref-10.1093/geroni/igad104.1357,CALORIC RESTRICTION AND AGING: FROM CALORIES TO FASTING Times,,2023,10.1093/geroni/igad104.1357,,,https://doi.org/10.1093/geroni/igad104.1357,Crossref,nutrition_dietary_restriction_aging,needs_review,Fetched by scripts/fetch_crossref.py,2026-04-28
crossref-10.5604/01.3001.0054.2479,Caloric Restriction and Intermittent Fasting: possible strategies for delaying brain aging in humans and animals,,2024,10.5604/01.3001.0054.2479,,,https://doi.org/10.5604/01.3001.0054.2479,Crossref,nutrition_dietary_restriction_aging,needs_review,Fetched by scripts/fetch_crossref.py,2026-04-28
crossref-10.3390/ijerph19116698,"The Effectiveness of Intermittent Fasting, Time Restricted Feeding, Caloric Restriction, a Ketogenic Diet and the Mediterranean Diet as Part of the Treatment Plan to Improve Health and Chronic Musculoskeletal Pain: A Systematic Review",,2022,10.3390/ijerph19116698,,,https://doi.org/10.3390/ijerph19116698,Crossref,nutrition_dietary_restriction_aging,needs_review,Fetched by scripts/fetch_crossref.py,2026-04-28
crossref-10.12688/f1000research.7136.1,Dietary restriction with and without caloric restriction for healthy aging,,2016,10.12688/f1000research.7136.1,,,https://doi.org/10.12688/f1000research.7136.1,Crossref,nutrition_dietary_restriction_aging,needs_review,Fetched by scripts/fetch_crossref.py,2026-04-28
crossref-10.1186/isrctn12085208,"The effect of a low-calorie Mediterranean diet, intermittent fasting, and natural senolytics on aging markers in participants with low and high vascular risk",,2026,10.1186/isrctn12085208,,,https://doi.org/10.1186/isrctn12085208,Crossref,nutrition_dietary_restriction_aging,needs_review,Fetched by scripts/fetch_crossref.py,2026-04-28
crossref-10.1007/978-3-031-49622-6_2,Protein Restriction in Aging and Disease,,2024,10.1007/978-3-031-49622-6_2,,,https://doi.org/10.1007/978-3-031-49622-6_2,Crossref,nutrition_dietary_restriction_aging,needs_review,Fetched by scripts/fetch_crossref.py,2026-04-28
crossref-10.37766/inplasy2020.12.0031,"The effectiveness of intermittent fasting, caloric restriction and time-restricted feeding for the blood pressure management in general healthy adults: Protocol for a systematic review and meta-analysis",,2020,10.37766/inplasy2020.12.0031,,,https://doi.org/10.37766/inplasy2020.12.0031,Crossref,nutrition_dietary_restriction_aging,needs_review,Fetched by scripts/fetch_crossref.py,2026-04-28
crossref-10.5256/f1000research.7686.r12172,Peer Review Report For: Dietary restriction with and without caloric restriction for healthy aging [version 1; peer review: 3 approved],,2016,10.5256/f1000research.7686.r12172,,,https://doi.org/10.5256/f1000research.7686.r12172,Crossref,nutrition_dietary_restriction_aging,needs_review,Fetched by scripts/fetch_crossref.py,2026-04-28
crossref-10.5256/f1000research.7686.r12173,Peer Review Report For: Dietary restriction with and without caloric restriction for healthy aging [version 1; peer review: 3 approved],,2016,10.5256/f1000research.7686.r12173,,,https://doi.org/10.5256/f1000research.7686.r12173,Crossref,nutrition_dietary_restriction_aging,needs_review,Fetched by scripts/fetch_crossref.py,2026-04-28
clinicaltrials-NCT07535996,IBM Dietary Surveillance Study,,2026,,,,https://clinicaltrials.gov/study/NCT07535996,ClinicalTrials.gov,time_restricted_eating_aging,needs_review,NOT_YET_RECRUITING | OBSERVATIONAL | Fetched by scripts/fetch_clinical_trials.py,2026-04-28
clinicaltrials-NCT02460783,"Intermittent Calorie Restriction, Insulin Resistance, and Biomarkers of Brain Function",,2015,,,,https://clinicaltrials.gov/study/NCT02460783,ClinicalTrials.gov,time_restricted_eating_aging,needs_review,COMPLETED | INTERVENTIONAL | Fetched by scripts/fetch_clinical_trials.py,2026-04-28
clinicaltrials-NCT07042087,Lifestyle for the BRAin Health - Time Restricted Eating and Mindfulness,,2024,,,,https://clinicaltrials.gov/study/NCT07042087,ClinicalTrials.gov,time_restricted_eating_aging,needs_review,RECRUITING | INTERVENTIONAL | Fetched by scripts/fetch_clinical_trials.py,2026-04-28
clinicaltrials-NCT06019195,The Effect of Intermittent Fasting on Brain Health,,2024,,,,https://clinicaltrials.gov/study/NCT06019195,ClinicalTrials.gov,time_restricted_eating_aging,needs_review,COMPLETED | INTERVENTIONAL | Fetched by scripts/fetch_clinical_trials.py,2026-04-28
clinicaltrials-NCT05732935,Fasting ENHANCE Pilot Study,,2023,,,,https://clinicaltrials.gov/study/NCT05732935,ClinicalTrials.gov,time_restricted_eating_aging,needs_review,ACTIVE_NOT_RECRUITING | INTERVENTIONAL | Fetched by scripts/fetch_clinical_trials.py,2026-04-28
clinicaltrials-NCT03771261,Balanced (Egg) Protein During Obesity Reduction: Differential Responses of Insulin Resistance by Race,,2018,,,,https://clinicaltrials.gov/study/NCT03771261,ClinicalTrials.gov,time_restricted_eating_aging,needs_review,COMPLETED | INTERVENTIONAL | Fetched by scripts/fetch_clinical_trials.py,2026-04-28
clinicaltrials-NCT02923674,Empowered With Movement to Prevent Obesity and Weight Regain,,2016,,,,https://clinicaltrials.gov/study/NCT02923674,ClinicalTrials.gov,time_restricted_eating_aging,needs_review,COMPLETED | INTERVENTIONAL | Fetched by scripts/fetch_clinical_trials.py,2026-04-28
clinicaltrials-NCT05769335,Calories or Time Restriction to Alter Biomarkers of Aging and Diabetes,,2023,,,,https://clinicaltrials.gov/study/NCT05769335,ClinicalTrials.gov,time_restricted_eating_aging,needs_review,COMPLETED | INTERVENTIONAL | Fetched by scripts/fetch_clinical_trials.py,2026-04-28
clinicaltrials-NCT05678426,"TirolGESUND: Baseline-controlled Comparison of the Effects of Fasting Dietary Intervention or Smoking Cessation Combined With Exercise in Healthy Female Tyrolean Volunteers Aged 30-60 on Epigenetic and Multi-omic Biomarkers of Health, Ageing, and Disease",,2021,,,,https://clinicaltrials.gov/study/NCT05678426,ClinicalTrials.gov,time_restricted_eating_aging,needs_review,ACTIVE_NOT_RECRUITING | INTERVENTIONAL | Fetched by scripts/fetch_clinical_trials.py,2026-04-28
clinicaltrials-NCT07143305,Effect of Citrulline Malate Supplementation on Physical Function and Biochemical Parameters in Physically Active Older Women,,2020,,,,https://clinicaltrials.gov/study/NCT07143305,ClinicalTrials.gov,exercise_older_adults_frailty,needs_review,COMPLETED | INTERVENTIONAL | Fetched by scripts/fetch_clinical_trials.py,2026-04-28
clinicaltrials-NCT03667664,PREPA PREvention of Loss of Autonomy,,2018,,,,https://clinicaltrials.gov/study/NCT03667664,ClinicalTrials.gov,exercise_older_adults_frailty,needs_review,ACTIVE_NOT_RECRUITING | INTERVENTIONAL | Fetched by scripts/fetch_clinical_trials.py,2026-04-28
clinicaltrials-NCT03719573,Geriatric Assessment and Intervention in Older Patients Undergoing Surgery for Colorectal Cancer,,2019,,,,https://clinicaltrials.gov/study/NCT03719573,ClinicalTrials.gov,exercise_older_adults_frailty,needs_review,COMPLETED | INTERVENTIONAL | Fetched by scripts/fetch_clinical_trials.py,2026-04-28
clinicaltrials-NCT06496022,Comparative Analysis of Risk Factors and Prediction of Frailty Syndrome,,2024,,,,https://clinicaltrials.gov/study/NCT06496022,ClinicalTrials.gov,exercise_older_adults_frailty,needs_review,ACTIVE_NOT_RECRUITING | OBSERVATIONAL | Fetched by scripts/fetch_clinical_trials.py,2026-04-28
clinicaltrials-NCT07205016,FreeFrail Project: A Multicomponent Intervention for the Management of Frailty in Primary Care: A Randomized Controlled Trial,,2026,,,,https://clinicaltrials.gov/study/NCT07205016,ClinicalTrials.gov,exercise_older_adults_frailty,needs_review,NOT_YET_RECRUITING | INTERVENTIONAL | Fetched by scripts/fetch_clinical_trials.py,2026-04-28
clinicaltrials-NCT03797352,HOPE (Healthy Older People Everyday) To Age in Place,,2019,,,,https://clinicaltrials.gov/study/NCT03797352,ClinicalTrials.gov,exercise_older_adults_frailty,needs_review,UNKNOWN | INTERVENTIONAL | Fetched by scripts/fetch_clinical_trials.py,2026-04-28
clinicaltrials-NCT07359495,Multicomponent Training and Muscle Quality in Older Women,,2026,,,,https://clinicaltrials.gov/study/NCT07359495,ClinicalTrials.gov,exercise_older_adults_frailty,needs_review,NOT_YET_RECRUITING | INTERVENTIONAL | Fetched by scripts/fetch_clinical_trials.py,2026-04-28
clinicaltrials-NCT05938153,"Evaluation of Metabolic Syndrome, Frailty, Locomotive Syndrome, Balance and Physical Fitness in Elderly Individuals",,2023,,,,https://clinicaltrials.gov/study/NCT05938153,ClinicalTrials.gov,exercise_older_adults_frailty,needs_review,COMPLETED | OBSERVATIONAL | Fetched by scripts/fetch_clinical_trials.py,2026-04-28
clinicaltrials-NCT07292428,Cognitive-motor Technology Rehabilitation in Frail Individuals,,2026,,,,https://clinicaltrials.gov/study/NCT07292428,ClinicalTrials.gov,exercise_older_adults_frailty,needs_review,RECRUITING | INTERVENTIONAL | Fetched by scripts/fetch_clinical_trials.py,2026-04-28
clinicaltrials-NCT03712306,The (Cost)Effectiveness of Increasing Protein Intake on Physical Funtioning in Older Adults,,2018,,,,https://clinicaltrials.gov/study/NCT03712306,ClinicalTrials.gov,exercise_older_adults_frailty,needs_review,COMPLETED | INTERVENTIONAL | Fetched by scripts/fetch_clinical_trials.py,2026-04-28
crossref-10.59368/agingbio.20240027,Nutrition Interventions as Geroprotectors: Design and Interpretation of Early-Stage Clinical Trial of Strawberries,,2024,10.59368/agingbio.20240027,,,https://doi.org/10.59368/agingbio.20240027,Crossref,geroprotectors_mtor_metformin_senolytics,needs_review,Fetched by scripts/fetch_crossref.py,2026-04-28
crossref-10.20944/preprints202512.0724.v1,"The Integration Breakthrough: Sequenced Rapamycin, Senolytics, and NAD+ Boosters for Enhanced Anti-Aging Based on Cellular Energy Principles",,2025,10.20944/preprints202512.0724.v1,,,https://doi.org/10.20944/preprints202512.0724.v1,Crossref,geroprotectors_mtor_metformin_senolytics,needs_review,Fetched by scripts/fetch_crossref.py,2026-04-28
crossref-10.18632/aging.100561,"Metformin and rapamycin are master-keys for understanding the relationship between cell senescent, aging and cancer",,2013,10.18632/aging.100561,,,https://doi.org/10.18632/aging.100561,Crossref,geroprotectors_mtor_metformin_senolytics,needs_review,Fetched by scripts/fetch_crossref.py,2026-04-28
crossref-10.1111/acel.13561,"Corrigendum to: Anti‐aging pharmacology in cutaneous wound healing: Effects of metformin, resveratrol, and rapamycin by local application",,2022,10.1111/acel.13561,,,https://doi.org/10.1111/acel.13561,Crossref,geroprotectors_mtor_metformin_senolytics,needs_review,Fetched by scripts/fetch_crossref.py,2026-04-28
crossref-10.22541/au.159372989.91282630,Mechanisms under Metformin and Rapamycin as Anti-aging Drugs,,2020,10.22541/au.159372989.91282630,,,https://doi.org/10.22541/au.159372989.91282630,Crossref,geroprotectors_mtor_metformin_senolytics,needs_review,Fetched by scripts/fetch_crossref.py,2026-04-28
crossref-10.1038/s43587-025-00876-4,The geroprotectors trametinib and rapamycin combine additively to extend mouse healthspan and lifespan,,2025,10.1038/s43587-025-00876-4,,,https://doi.org/10.1038/s43587-025-00876-4,Crossref,geroprotectors_mtor_metformin_senolytics,needs_review,Fetched by scripts/fetch_crossref.py,2026-04-28
crossref-10.1093/geroni/igaf122.1102,Clinical Trials of Senolytics in Alzheimer’s Disease Treatment and Prevention,,2025,10.1093/geroni/igaf122.1102,,,https://doi.org/10.1093/geroni/igaf122.1102,Crossref,geroprotectors_mtor_metformin_senolytics,needs_review,Fetched by scripts/fetch_crossref.py,2026-04-28
crossref-10.1007/978-981-97-8514-8_26,Senescent Cells and Antiaging Medicine: Development of Senolytics,,2024,10.1007/978-981-97-8514-8_26,,,https://doi.org/10.1007/978-981-97-8514-8_26,Crossref,geroprotectors_mtor_metformin_senolytics,needs_review,Fetched by scripts/fetch_crossref.py,2026-04-28
crossref-10.1093/geroni/igaa057.2654,"Senescence and Senolytics: State of the Art on Cellular Senescence, Senolytics, and Healthspan",,2020,10.1093/geroni/igaa057.2654,,,https://doi.org/10.1093/geroni/igaa057.2654,Crossref,geroprotectors_mtor_metformin_senolytics,needs_review,Fetched by scripts/fetch_crossref.py,2026-04-28
crossref-10.18632/aging.204354,Rapamycin treatment early in life reprograms aging: hyperfunction theory and clinical practice,,2022,10.18632/aging.204354,,,https://doi.org/10.18632/aging.204354,Crossref,geroprotectors_mtor_metformin_senolytics,needs_review,Fetched by scripts/fetch_crossref.py,2026-04-28
crossref-10.18632/aging.101401,Metformin reduces glucose intolerance caused by rapamycin treatment in genetically heterogeneous female mice,,2018,10.18632/aging.101401,,,https://doi.org/10.18632/aging.101401,Crossref,geroprotectors_mtor_metformin_senolytics,needs_review,Fetched by scripts/fetch_crossref.py,2026-04-28
crossref-10.1164/ajrccm-conference.2022.c29,"C29. SENESCENCE, SENOLYTICS, AND AGING IN LUNG BIOLOGY",,2022,10.1164/ajrccm-conference.2022.c29,,,https://doi.org/10.1164/ajrccm-conference.2022.c29,Crossref,geroprotectors_mtor_metformin_senolytics,needs_review,Fetched by scripts/fetch_crossref.py,2026-04-28
crossref-10.18632/aging.101750,Paradoxes of senolytics,,2018,10.18632/aging.101750,,,https://doi.org/10.18632/aging.101750,Crossref,geroprotectors_mtor_metformin_senolytics,needs_review,Fetched by scripts/fetch_crossref.py,2026-04-28
crossref-10.18632/aging.101319,Towards natural mimetics of metformin and rapamycin,,2017,10.18632/aging.101319,,,https://doi.org/10.18632/aging.101319,Crossref,geroprotectors_mtor_metformin_senolytics,needs_review,Fetched by scripts/fetch_crossref.py,2026-04-28
crossref-10.1111/acel.70131,"Rapamycin, Not Metformin, Mirrors Dietary Restriction‐Driven Lifespan Extension in Vertebrates: A Meta‐Analysis",,2025,10.1111/acel.70131,,,https://doi.org/10.1111/acel.70131,Crossref,geroprotectors_mtor_metformin_senolytics,needs_review,Fetched by scripts/fetch_crossref.py,2026-04-28
crossref-10.5772/intechopen.79338,"Where and How in the mTOR Pathway Inhibitors Fight Aging: Rapamycin, Resveratrol, and Metformin",,2019,10.5772/intechopen.79338,,,https://doi.org/10.5772/intechopen.79338,Crossref,geroprotectors_mtor_metformin_senolytics,needs_review,Fetched by scripts/fetch_crossref.py,2026-04-28
crossref-10.1038/s43587-023-00422-0,Artificial intelligence identifies new small-molecule senolytics,,2023,10.1038/s43587-023-00422-0,,,https://doi.org/10.1038/s43587-023-00422-0,Crossref,geroprotectors_mtor_metformin_senolytics,needs_review,Fetched by scripts/fetch_crossref.py,2026-04-28
crossref-10.1038/s43587-023-00450-w,Senolytics combat COVID-19 in aging,,2023,10.1038/s43587-023-00450-w,,,https://doi.org/10.1038/s43587-023-00450-w,Crossref,geroprotectors_mtor_metformin_senolytics,needs_review,Fetched by scripts/fetch_crossref.py,2026-04-28
clinicaltrials-NCT06613542,Effects Of Daily Taurine Intake For 6 Months On Biological Age and Body Metabolism Indicators As Well As Physical Fitness In 55-75-year-old Women And Men,,2024,,,,https://clinicaltrials.gov/study/NCT06613542,ClinicalTrials.gov,biological_age_clock_trial,needs_review,COMPLETED | INTERVENTIONAL | Fetched by scripts/fetch_clinical_trials.py,2026-04-28
clinicaltrials-NCT05004220,Effects of Plasmapheresis on Aging Biomarkers,,2021,,,,https://clinicaltrials.gov/study/NCT05004220,ClinicalTrials.gov,biological_age_clock_trial,needs_review,COMPLETED | OBSERVATIONAL | Fetched by scripts/fetch_clinical_trials.py,2026-04-28
clinicaltrials-NCT06666660,Daily Intake of Multivitamin & Mineral Supplementation Effects on Biological Age of Relatively Healthy Middle-aged Individuals,,2024,,,,https://clinicaltrials.gov/study/NCT06666660,ClinicalTrials.gov,biological_age_clock_trial,needs_review,RECRUITING | INTERVENTIONAL | Fetched by scripts/fetch_clinical_trials.py,2026-04-28
clinicaltrials-NCT04110028,Nicotinamide Riboside in Hospitalized Patients,,2019,,,,https://clinicaltrials.gov/study/NCT04110028,ClinicalTrials.gov,biological_age_clock_trial,needs_review,COMPLETED | INTERVENTIONAL | Fetched by scripts/fetch_clinical_trials.py,2026-04-28
clinicaltrials-NCT05706389,Does Alpha-ketoglutarate Supplementation Lower BiologicaL agE in Middle- Aged Adults?,,2023,,,,https://clinicaltrials.gov/study/NCT05706389,ClinicalTrials.gov,biological_age_clock_trial,needs_review,UNKNOWN | INTERVENTIONAL | Fetched by scripts/fetch_clinical_trials.py,2026-04-28
clinicaltrials-NCT07322224,Multi-Modal Longevity Protocol Including Autologous Cell-Free Conditioned Media,,2024,,,,https://clinicaltrials.gov/study/NCT07322224,ClinicalTrials.gov,biological_age_clock_trial,needs_review,COMPLETED | INTERVENTIONAL | Fetched by scripts/fetch_clinical_trials.py,2026-04-28
clinicaltrials-NCT07462767,Precision Microbiota Interventions for Senoreduction Trial,,2026,,,,https://clinicaltrials.gov/study/NCT07462767,ClinicalTrials.gov,biological_age_clock_trial,needs_review,NOT_YET_RECRUITING | INTERVENTIONAL | Fetched by scripts/fetch_clinical_trials.py,2026-04-28
clinicaltrials-NCT07242833,Evaluation of the Effect of Seasonality on Biological Age in Adults,,2025,,,,https://clinicaltrials.gov/study/NCT07242833,ClinicalTrials.gov,biological_age_clock_trial,needs_review,RECRUITING | OBSERVATIONAL | Fetched by scripts/fetch_clinical_trials.py,2026-04-28
clinicaltrials-NCT06534450,The Effects Of Therapeutic Plasma Exchange (TPE) On Age Related Biomarkers And Epigenetics,,2022,,,,https://clinicaltrials.gov/study/NCT06534450,ClinicalTrials.gov,biological_age_clock_trial,needs_review,ACTIVE_NOT_RECRUITING | INTERVENTIONAL | Fetched by scripts/fetch_clinical_trials.py,2026-04-28
crossref-10.1007/s13668-023-00475-y,NAD+ Precursors Nicotinamide Mononucleotide (NMN) and Nicotinamide Riboside (NR): Potential Dietary Contribution to Health,,2023,10.1007/s13668-023-00475-y,,,https://doi.org/10.1007/s13668-023-00475-y,Crossref,nad_precursors_aging_trials,needs_review,Fetched by scripts/fetch_crossref.py,2026-04-28
crossref-10.1136/jnnp-2024-ehdn.333,J012 NAD-HD: a randomized clinical trial of nicotinamide riboside in Huntington’s disease,,2024,10.1136/jnnp-2024-ehdn.333,,,https://doi.org/10.1136/jnnp-2024-ehdn.333,Crossref,nad_precursors_aging_trials,needs_review,Fetched by scripts/fetch_crossref.py,2026-04-28
crossref-10.3390/biom11071044,"Enzymatic and Chemical Syntheses of Vacor Analogs of Nicotinamide Riboside, NMN and NAD",,2021,10.3390/biom11071044,,,https://doi.org/10.3390/biom11071044,Crossref,nad_precursors_aging_trials,needs_review,Fetched by scripts/fetch_crossref.py,2026-04-28
crossref-10.1080/19476337.2025.2458753,Determination of NAD+ precursors nicotinamide mononucleotide (NMN) and nicotinamide riboside (NR) in plant foods: exploring dietary sources,,2025,10.1080/19476337.2025.2458753,,,https://doi.org/10.1080/19476337.2025.2458753,Crossref,nad_precursors_aging_trials,needs_review,Fetched by scripts/fetch_crossref.py,2026-04-28
crossref-10.31525/ct1-nct04112043,Nicotinamide Riboside as an Enhancer of Exercise Therapy in Hypertensive Older Adults (The NEET Trial),,2019,10.31525/ct1-nct04112043,,,https://doi.org/10.31525/ct1-nct04112043,Crossref,nad_precursors_aging_trials,needs_review,Fetched by scripts/fetch_crossref.py,2026-04-28
crossref-10.7554/elife.19749.002,Figure 1. Various modes of axonal protection mediated by the manipulation of NAD+ synthesis pathways.,,2016,10.7554/elife.19749.002,,,https://doi.org/10.7554/elife.19749.002,Crossref,nad_precursors_aging_trials,needs_review,Fetched by scripts/fetch_crossref.py,2026-04-28
crossref-10.2210/pdb2qg6/pdb,Crystal structure of human nicotinamide riboside kinase (NRK1) in complex with nicotinamide mononucleotide (NMN),,2007,10.2210/pdb2qg6/pdb,,,https://doi.org/10.2210/pdb2qg6/pdb,Crossref,nad_precursors_aging_trials,needs_review,Fetched by scripts/fetch_crossref.py,2026-04-28
crossref-10.1093/humrep/deab130.229,P–230 The NAD+ precursor nicotinamide riboside protects against postovulatary aging in vitro,,2021,10.1093/humrep/deab130.229,,,https://doi.org/10.1093/humrep/deab130.229,Crossref,nad_precursors_aging_trials,needs_review,Fetched by scripts/fetch_crossref.py,2026-04-28
crossref-10.3389/fragi.2026.1652582,Intravenous infusion of nicotinamide adenine dinucleotide (NAD+) versus nicotinamide riboside (NR): a retrospective tolerability pilot study in a real-world setting,,2026,10.3389/fragi.2026.1652582,,,https://doi.org/10.3389/fragi.2026.1652582,Crossref,nad_precursors_aging_trials,needs_review,Fetched by scripts/fetch_crossref.py,2026-04-28
crossref-10.1016/j.arr.2025.102992,Comparison of anti-aging effect of PQQ (Pyrroloquinoline quinone) and NMN/NR (Nicotinamide mononucleotide /Nicotinamide riboside) – possible combination use,,2026,10.1016/j.arr.2025.102992,,,https://doi.org/10.1016/j.arr.2025.102992,Crossref,nad_precursors_aging_trials,needs_review,Fetched by scripts/fetch_crossref.py,2026-04-28
crossref-10.2139/ssrn.4081081,"The Efficacy and Safety of Β-Nicotinamide Mononucleotide (NMN) as Anti-Aging Supplementation in Healthy Middle-Aged and Older (40-65 Years Old) Adults: A Randomized, Multicenter, Double-Blind, Placebo-Controlled, Parallel-Group, Dose-Dependent Human Clinical Trial",,2022,10.2139/ssrn.4081081,,,https://doi.org/10.2139/ssrn.4081081,Crossref,nad_precursors_aging_trials,needs_review,Fetched by scripts/fetch_crossref.py,2026-04-28
crossref-10.61841/gyj2gr52,EFFICACY OF NICOTINAMIDE MONONUCLEOTIDE SUPPLEMENTATION (NMN) IN BLOOD NICOTINAMIDE ADENINE DINUCLEOTIDE (NAD) FOR ANTI-AGING IN ADULTS: A SYSTEMATIC REVIEW,,2024,10.61841/gyj2gr52,,,https://doi.org/10.61841/gyj2gr52,Crossref,nad_precursors_aging_trials,needs_review,Fetched by scripts/fetch_crossref.py,2026-04-28
crossref-10.70675/ebc65f6czbd70z4b20z8b9dz060f92879a22,"Impact of nicotinamide riboside, a precursor of NAD⁺ on cardiac remodeling after myocardial infarction in rat",,2026,10.70675/ebc65f6czbd70z4b20z8b9dz060f92879a22,,,https://doi.org/10.70675/ebc65f6czbd70z4b20z8b9dz060f92879a22,Crossref,nad_precursors_aging_trials,needs_review,Fetched by scripts/fetch_crossref.py,2026-04-28
crossref-10.1038/s41514-017-0016-9,"Repeat dose NRPT (nicotinamide riboside and pterostilbene) increases NAD+ levels in humans safely and sustainably: a randomized, double-blind, placebo-controlled study",,2017,10.1038/s41514-017-0016-9,,,https://doi.org/10.1038/s41514-017-0016-9,Crossref,nad_precursors_aging_trials,needs_review,Fetched by scripts/fetch_crossref.py,2026-04-28
crossref-10.32469/10355/45788,Mobile aging: A randomized trial of mobility transition counseling for high-risk older adults,,2021,10.32469/10355/45788,,,https://doi.org/10.32469/10355/45788,Crossref,nad_precursors_aging_trials,needs_review,Fetched by scripts/fetch_crossref.py,2026-04-28
crossref-10.1016/j.jff.2025.107115,"Comparative efficacy of a standardized herbal composition LN22199, nicotinamide riboside, and their combination on NAD+ metabolism in healthy aging adults",,2025,10.1016/j.jff.2025.107115,,,https://doi.org/10.1016/j.jff.2025.107115,Crossref,nad_precursors_aging_trials,needs_review,Fetched by scripts/fetch_crossref.py,2026-04-28
clinicaltrials-NCT07544420,aKLmRNA-mediated Protein Replacement Therapy,,2026,,,,https://clinicaltrials.gov/study/NCT07544420,ClinicalTrials.gov,klotho_aging,needs_review,NOT_YET_RECRUITING | INTERVENTIONAL | Fetched by scripts/fetch_clinical_trials.py,2026-04-28
clinicaltrials-NCT07195318,Fisetin Supplementation for Healthy Aging,,2025,,,,https://clinicaltrials.gov/study/NCT07195318,ClinicalTrials.gov,klotho_aging,needs_review,RECRUITING | INTERVENTIONAL | Fetched by scripts/fetch_clinical_trials.py,2026-04-28
clinicaltrials-NCT03457870,Intermittent Energy Restriction and Chewing on Neural Stem Cell Ageing and Adult Hippocampal Neurogenesis Associated Cognition,,2018,,,,https://clinicaltrials.gov/study/NCT03457870,ClinicalTrials.gov,klotho_aging,needs_review,COMPLETED | INTERVENTIONAL | Fetched by scripts/fetch_clinical_trials.py,2026-04-28
clinicaltrials-NCT05720468,Exercise for Cognitive Excellence in Parkinson's Disease,,2023,,,,https://clinicaltrials.gov/study/NCT05720468,ClinicalTrials.gov,klotho_aging,needs_review,RECRUITING | INTERVENTIONAL | Fetched by scripts/fetch_clinical_trials.py,2026-04-28
clinicaltrials-NCT06431932,Pilot Trial of Fisetin in Healthy Volunteers and Older Patients With Multimorbidity,,2026,,,,https://clinicaltrials.gov/study/NCT06431932,ClinicalTrials.gov,klotho_aging,needs_review,RECRUITING | INTERVENTIONAL | Fetched by scripts/fetch_clinical_trials.py,2026-04-28
clinicaltrials-NCT06910475,Physical Exercise and Biomolecular Analysis to Reduce Uremic Toxins in Chronic Kidney Disease: An Exploratory Study,,2025,,,,https://clinicaltrials.gov/study/NCT06910475,ClinicalTrials.gov,klotho_aging,needs_review,ENROLLING_BY_INVITATION | INTERVENTIONAL | Fetched by scripts/fetch_clinical_trials.py,2026-04-28
clinicaltrials-NCT04630132,Renal Ageing-sarcopenia Network,,2017,,,,https://clinicaltrials.gov/study/NCT04630132,ClinicalTrials.gov,klotho_aging,needs_review,UNKNOWN | OBSERVATIONAL | Fetched by scripts/fetch_clinical_trials.py,2026-04-28
clinicaltrials-NCT04132492,"AGNES - Aging Nephropathy Study, a Prospective Observational Cohort of Chronic Kidney Disease in Elderly Patients",,2019,,,,https://clinicaltrials.gov/study/NCT04132492,ClinicalTrials.gov,klotho_aging,needs_review,COMPLETED | OBSERVATIONAL | Fetched by scripts/fetch_clinical_trials.py,2026-04-28
clinicaltrials-NCT06193252,Slow-SPEED-NL: Slowing Parkinson's Early Through Exercise Dosage-Netherlands,,2024,,,,https://clinicaltrials.gov/study/NCT06193252,ClinicalTrials.gov,klotho_aging,needs_review,RECRUITING | INTERVENTIONAL | Fetched by scripts/fetch_clinical_trials.py,2026-04-28
crossref-10.1161/circgen.118.002089,Epigenetic Age Acceleration,,2018,10.1161/circgen.118.002089,,,https://doi.org/10.1161/circgen.118.002089,Crossref,aging_clocks_disease_prediction,needs_review,Fetched by scripts/fetch_crossref.py,2026-04-28
crossref-10.1007/s00403-024-03129-3,A miRNA-based epigenetic molecular clock for biological skin-age prediction,,2024,10.1007/s00403-024-03129-3,,,https://doi.org/10.1007/s00403-024-03129-3,Crossref,aging_clocks_disease_prediction,needs_review,Fetched by scripts/fetch_crossref.py,2026-04-28
crossref-10.51224/sportrxiv.825,Proof of Concept - The Impact of Resistance Training on Female Biological Age: Evidence from a Sex-Specific Epigenetic Clock (UmmuAge),,2026,10.51224/sportrxiv.825,,,https://doi.org/10.51224/sportrxiv.825,Crossref,aging_clocks_disease_prediction,needs_review,Fetched by scripts/fetch_crossref.py,2026-04-28
crossref-10.1111/1755-0998.70016,"<scp>RETRACTION</scp>
                    : Age Prediction of Green Turtles With an Epigenetic Clock",,2025,10.1111/1755-0998.70016,,,https://doi.org/10.1111/1755-0998.70016,Crossref,aging_clocks_disease_prediction,needs_review,Fetched by scripts/fetch_crossref.py,2026-04-28
crossref-10.1186/s12864-025-12271-9,EnsembleAge clock: a reliable and robust epigenetic age clock service reveals epigenetic age acceleration in opioid-overdosed brains,,2025,10.1186/s12864-025-12271-9,,,https://doi.org/10.1186/s12864-025-12271-9,Crossref,aging_clocks_disease_prediction,needs_review,Fetched by scripts/fetch_crossref.py,2026-04-28
crossref-10.1093/clinchem/hvaf041,Proteomic Aging Clock Predicts Mortality and Risk of Common Age-Related Diseases,,2025,10.1093/clinchem/hvaf041,,,https://doi.org/10.1093/clinchem/hvaf041,Crossref,aging_clocks_disease_prediction,needs_review,Fetched by scripts/fetch_crossref.py,2026-04-28
crossref-10.1101/2022.02.13.480245,"Clock Work: Deconstructing the Epigenetic Clock Signals in Aging, Disease, and Reprogramming",,2022,10.1101/2022.02.13.480245,,,https://doi.org/10.1101/2022.02.13.480245,Crossref,aging_clocks_disease_prediction,needs_review,Fetched by scripts/fetch_crossref.py,2026-04-28
crossref-10.69645/nuil7547,Decoding aging: how a proteomic clock predicts mortality and disease across populations,,2025,10.69645/nuil7547,,,https://doi.org/10.69645/nuil7547,Crossref,aging_clocks_disease_prediction,needs_review,Fetched by scripts/fetch_crossref.py,2026-04-28
crossref-10.1101/2025.03.11.642648,EpImAge: An Epigenetic-Immune Clock for Disease-Associated Biological Aging,,2025,10.1101/2025.03.11.642648,,,https://doi.org/10.1101/2025.03.11.642648,Crossref,aging_clocks_disease_prediction,needs_review,Fetched by scripts/fetch_crossref.py,2026-04-28
crossref-10.1093/geroni/igab046.3741,Systems aging clock: A novel epigenetic aging clock modeled from organ &amp; bodily function based mortality indices,,2021,10.1093/geroni/igab046.3741,,,https://doi.org/10.1093/geroni/igab046.3741,Crossref,aging_clocks_disease_prediction,needs_review,Fetched by scripts/fetch_crossref.py,2026-04-28
crossref-10.1007/978-981-97-8514-8_12,Biological Age and Aging Clock: Aging Clock,,2024,10.1007/978-981-97-8514-8_12,,,https://doi.org/10.1007/978-981-97-8514-8_12,Crossref,aging_clocks_disease_prediction,needs_review,Fetched by scripts/fetch_crossref.py,2026-04-28
crossref-10.1101/2023.01.13.524017,Region-Based Epigenetic Clock Design Improves RRBS-Based Age Prediction,,2023,10.1101/2023.01.13.524017,,,https://doi.org/10.1101/2023.01.13.524017,Crossref,aging_clocks_disease_prediction,needs_review,Fetched by scripts/fetch_crossref.py,2026-04-28
crossref-10.1017/cbo9780511585050.020,Winding back the clock,,1996,10.1017/cbo9780511585050.020,,,https://doi.org/10.1017/cbo9780511585050.020,Crossref,aging_clocks_disease_prediction,needs_review,Fetched by scripts/fetch_crossref.py,2026-04-28
crossref-10.1134/s0006297924602843,Epigenetic Clock: DNA Methylation as a Marker of Biological Age and Age-Associated Diseases,,2025,10.1134/s0006297924602843,,,https://doi.org/10.1134/s0006297924602843,Crossref,aging_clocks_disease_prediction,needs_review,Fetched by scripts/fetch_crossref.py,2026-04-28
crossref-10.1093/bioinformatics/btae656,"BS-clock, advancing epigenetic age prediction with high-resolution DNA methylation bisulfite sequencing data",,2024,10.1093/bioinformatics/btae656,,,https://doi.org/10.1093/bioinformatics/btae656,Crossref,aging_clocks_disease_prediction,needs_review,Fetched by scripts/fetch_crossref.py,2026-04-28
crossref-10.18632/aging.206188,EpiAge: a next-generation sequencing-based ELOVL2 epigenetic clock for biological age assessment in saliva and blood across health and disease,,2025,10.18632/aging.206188,,,https://doi.org/10.18632/aging.206188,Crossref,aging_clocks_disease_prediction,needs_review,Fetched by scripts/fetch_crossref.py,2026-04-28
crossref-10.37766/inplasy2022.12.0006,An ELOVL2 based epigenetic clock for forensic age prediction: a systematic review,,2022,10.37766/inplasy2022.12.0006,,,https://doi.org/10.37766/inplasy2022.12.0006,Crossref,aging_clocks_disease_prediction,needs_review,Fetched by scripts/fetch_crossref.py,2026-04-28
crossref-10.1111/acel.14039,Partial cellular reprogramming: A deep dive into an emerging rejuvenation technology,,2024,10.1111/acel.14039,,,https://doi.org/10.1111/acel.14039,Crossref,partial_reprogramming_rejuvenation,needs_review,Fetched by scripts/fetch_crossref.py,2026-04-28
crossref-10.58489/2836-5038/028,Partial Reprogramming Uncouples Cellular Identity from Cellular Aging in Mesenchymal Stromal Cells,,2026,10.58489/2836-5038/028,,,https://doi.org/10.58489/2836-5038/028,Crossref,partial_reprogramming_rejuvenation,needs_review,Fetched by scripts/fetch_crossref.py,2026-04-28
crossref-10.1016/j.arr.2025.102737,Conserved biological processes in partial cellular reprogramming: Relevance to aging and rejuvenation,,2025,10.1016/j.arr.2025.102737,,,https://doi.org/10.1016/j.arr.2025.102737,Crossref,partial_reprogramming_rejuvenation,needs_review,Fetched by scripts/fetch_crossref.py,2026-04-28
crossref-10.1101/2025.11.27.690966,Rejuvenation capacity of genetic versus human-optimized chemical reprogramming in cellular aging models,,2025,10.1101/2025.11.27.690966,,,https://doi.org/10.1101/2025.11.27.690966,Crossref,partial_reprogramming_rejuvenation,needs_review,Fetched by scripts/fetch_crossref.py,2026-04-28
crossref-10.1080/13102818.2024.2358999,"Aging, partial reprogramming and bioelectric fields: unveiling the path to cellular rejuvenation",,2024,10.1080/13102818.2024.2358999,,,https://doi.org/10.1080/13102818.2024.2358999,Crossref,partial_reprogramming_rejuvenation,needs_review,Fetched by scripts/fetch_crossref.py,2026-04-28
crossref-10.1242/dev.200755,Age reprogramming: cell rejuvenation by partial reprogramming,,2022,10.1242/dev.200755,,,https://doi.org/10.1242/dev.200755,Crossref,partial_reprogramming_rejuvenation,needs_review,Fetched by scripts/fetch_crossref.py,2026-04-28
crossref-10.1089/cell.2025.0009,Rejuvenation to the Heart: Overcoming Age-Related Metabolic Barriers in Direct Cardiac Reprogramming,,2025,10.1089/cell.2025.0009,,,https://doi.org/10.1089/cell.2025.0009,Crossref,partial_reprogramming_rejuvenation,needs_review,Fetched by scripts/fetch_crossref.py,2026-04-28
crossref-10.1016/j.arr.2026.103009,The epigenetic rejuvenation promise: Partial reprogramming as a therapeutic strategy for aging and disease,,2026,10.1016/j.arr.2026.103009,,,https://doi.org/10.1016/j.arr.2026.103009,Crossref,partial_reprogramming_rejuvenation,needs_review,Fetched by scripts/fetch_crossref.py,2026-04-28
crossref-10.1089/rej.2017.1958,Rejuvenation by Partial Reprogramming of the Epigenome,,2017,10.1089/rej.2017.1958,,,https://doi.org/10.1089/rej.2017.1958,Crossref,partial_reprogramming_rejuvenation,needs_review,Fetched by scripts/fetch_crossref.py,2026-04-28
crossref-10.7554/elife.90579.1.sa0,Reviewer #2 (Public Review): Multi-omics characterization of partial chemical reprogramming reveals evidence of cell rejuvenation,,2023,10.7554/elife.90579.1.sa0,,,https://doi.org/10.7554/elife.90579.1.sa0,Crossref,partial_reprogramming_rejuvenation,needs_review,Fetched by scripts/fetch_crossref.py,2026-04-28
crossref-10.7554/elife.90579.2.sa1,Reviewer #1 (Public Review): Multi-omics characterization of partial chemical reprogramming reveals evidence of cell rejuvenation,,2024,10.7554/elife.90579.2.sa1,,,https://doi.org/10.7554/elife.90579.2.sa1,Crossref,partial_reprogramming_rejuvenation,needs_review,Fetched by scripts/fetch_crossref.py,2026-04-28
crossref-10.7554/elife.90579.3.sa1,Reviewer #1 (Public Review): Multi-omics characterization of partial chemical reprogramming reveals evidence of cell rejuvenation,,2024,10.7554/elife.90579.3.sa1,,,https://doi.org/10.7554/elife.90579.3.sa1,Crossref,partial_reprogramming_rejuvenation,needs_review,Fetched by scripts/fetch_crossref.py,2026-04-28
crossref-10.7554/elife.90579.2.sa0,Reviewer #2 (Public Review): Multi-omics characterization of partial chemical reprogramming reveals evidence of cell rejuvenation,,2024,10.7554/elife.90579.2.sa0,,,https://doi.org/10.7554/elife.90579.2.sa0,Crossref,partial_reprogramming_rejuvenation,needs_review,Fetched by scripts/fetch_crossref.py,2026-04-28
crossref-10.7554/elife.90579.3.sa2,Reviewer #2 (Public Review): Multi-omics characterization of partial chemical reprogramming reveals evidence of cell rejuvenation,,2024,10.7554/elife.90579.3.sa2,,,https://doi.org/10.7554/elife.90579.3.sa2,Crossref,partial_reprogramming_rejuvenation,needs_review,Fetched by scripts/fetch_crossref.py,2026-04-28
crossref-10.7554/elife.90579.1.sa1,Reviewer #1 (Public Review): Multi-omics characterization of partial chemical reprogramming reveals evidence of cell rejuvenation,,2023,10.7554/elife.90579.1.sa1,,,https://doi.org/10.7554/elife.90579.1.sa1,Crossref,partial_reprogramming_rejuvenation,needs_review,Fetched by scripts/fetch_crossref.py,2026-04-28
crossref-10.1038/s43587-024-00681-5,"mTOR links nutrients, inflammaging and lifespan",,2024,10.1038/s43587-024-00681-5,,,https://doi.org/10.1038/s43587-024-00681-5,Crossref,immune_inflammation_aging,needs_review,Fetched by scripts/fetch_crossref.py,2026-04-28
crossref-10.1038/s43587-024-00699-9,Blocking IL-11 improves healthspan and lifespan in mice,,2024,10.1038/s43587-024-00699-9,,,https://doi.org/10.1038/s43587-024-00699-9,Crossref,immune_inflammation_aging,needs_review,Fetched by scripts/fetch_crossref.py,2026-04-28
crossref-10.18632/aging.102117,Phenotypes of Klotho,,2019,10.18632/aging.102117,,,https://doi.org/10.18632/aging.102117,Crossref,immune_inflammation_aging,needs_review,Fetched by scripts/fetch_crossref.py,2026-04-28
crossref-10.3389/fragi.2024.1490302,"The 3 I’s of immunity and aging: immunosenescence, inflammaging, and immune resilience",,2024,10.3389/fragi.2024.1490302,,,https://doi.org/10.3389/fragi.2024.1490302,Crossref,immune_inflammation_aging,needs_review,Fetched by scripts/fetch_crossref.py,2026-04-28
crossref-10.18632/aging.102121,Immune system development and age-dependent maintenance in Klotho-hypomorphic mice,,2019,10.18632/aging.102121,,,https://doi.org/10.18632/aging.102121,Crossref,immune_inflammation_aging,needs_review,Fetched by scripts/fetch_crossref.py,2026-04-28
crossref-10.18632/aging.102256,Is RAGE the receptor for inflammaging?,,2019,10.18632/aging.102256,,,https://doi.org/10.18632/aging.102256,Crossref,immune_inflammation_aging,needs_review,Fetched by scripts/fetch_crossref.py,2026-04-28
crossref-10.1111/acel.14360,Pro‐inflammatory cytokine 11 plays a pivotal role in inflammaging‐associated pathologies,,2024,10.1111/acel.14360,,,https://doi.org/10.1111/acel.14360,Crossref,immune_inflammation_aging,needs_review,Fetched by scripts/fetch_crossref.py,2026-04-28
crossref-10.1016/j.ccell.2024.09.015,IL-1 signaling in aging and cancer: An inflammaging feedback loop unveiled,,2024,10.1016/j.ccell.2024.09.015,,,https://doi.org/10.1016/j.ccell.2024.09.015,Crossref,immune_inflammation_aging,needs_review,Fetched by scripts/fetch_crossref.py,2026-04-28
crossref-10.18632/aging.103953,Aging without inflammaging: lesson from Spalax,,2020,10.18632/aging.103953,,,https://doi.org/10.18632/aging.103953,Crossref,immune_inflammation_aging,needs_review,Fetched by scripts/fetch_crossref.py,2026-04-28
crossref-10.64628/aam.anyhphxmu,Gut bacteria and the immune system: How aging changes the microbiome and can lead to ‘inflammaging’,,2024,10.64628/aam.anyhphxmu,,,https://doi.org/10.64628/aam.anyhphxmu,Crossref,immune_inflammation_aging,needs_review,Fetched by scripts/fetch_crossref.py,2026-04-28
crossref-10.18632/aging.102224,Neuronal microtubules impact lifespan,,2019,10.18632/aging.102224,,,https://doi.org/10.18632/aging.102224,Crossref,immune_inflammation_aging,needs_review,Fetched by scripts/fetch_crossref.py,2026-04-28
crossref-10.1093/geroni/igac059.2671,INTERMITTENT KETOGENIC DIETS EXTEND LIFESPAN AND ATTENUATE INFLAMMAGING IN MALE MICE,,2022,10.1093/geroni/igac059.2671,,,https://doi.org/10.1093/geroni/igac059.2671,Crossref,immune_inflammation_aging,needs_review,Fetched by scripts/fetch_crossref.py,2026-04-28
crossref-10.7868/s3034510325110123,Genetics of Aging and Lifespan: Molecular Mechanisms and Intervention Prospects,,2025,10.7868/s3034510325110123,,,https://doi.org/10.7868/s3034510325110123,Crossref,immune_inflammation_aging,needs_review,Fetched by scripts/fetch_crossref.py,2026-04-28
crossref-10.14336/ad.2025.1125,Metabolic-Inflammatory Syndrome: Decoding the Metabolic-Immune Axis for Precision Intervention,,2025,10.14336/ad.2025.1125,,,https://doi.org/10.14336/ad.2025.1125,Crossref,immune_inflammation_aging,needs_review,Fetched by scripts/fetch_crossref.py,2026-04-28
crossref-10.1038/s43587-021-00132-5,Inhibition of BIN2 extends reproductive lifespan,,2021,10.1038/s43587-021-00132-5,,,https://doi.org/10.1038/s43587-021-00132-5,Crossref,immune_inflammation_aging,needs_review,Fetched by scripts/fetch_crossref.py,2026-04-28
crossref-10.18632/aging.101337,Can oxygen anosmia extend lifespan?,,2017,10.18632/aging.101337,,,https://doi.org/10.18632/aging.101337,Crossref,immune_inflammation_aging,needs_review,Fetched by scripts/fetch_crossref.py,2026-04-28
crossref-10.1021/acs.jafc.2c07241.s001,Using Inflammatory Biological Age To Evaluate the Preventing Aging Effect of a Polyphenol-Probiotic-Enhanced Dietary Pattern in Adults Aged 50 Years and Older,,2023,10.1021/acs.jafc.2c07241.s001,,,https://doi.org/10.1021/acs.jafc.2c07241.s001,Crossref,clinical_aging_biomarkers,needs_review,Fetched by scripts/fetch_crossref.py,2026-04-28
crossref-10.64239/pi-qt1502,Clinical and Biological Effects of Long-Term Lithium Treatment in Older Adults With Amnestic Mild Cognitive Impairment: A Randomized Clinical Trial,,2020,10.64239/pi-qt1502,,,https://doi.org/10.64239/pi-qt1502,Crossref,clinical_aging_biomarkers,needs_review,Fetched by scripts/fetch_crossref.py,2026-04-28
crossref-10.1332/policypress/9781447352563.003.0008,An age-friendly city? LGBTQ and frail older adults,,2021,10.1332/policypress/9781447352563.003.0008,,,https://doi.org/10.1332/policypress/9781447352563.003.0008,Crossref,clinical_aging_biomarkers,needs_review,Fetched by scripts/fetch_crossref.py,2026-04-28
crossref-10.1007/s12603-022-1812-x,"Effect of Diet, Exercise, or Both on Biological Age and Healthy Aging in Older Adults with Obesity: Secondary Analysis of a Randomized Controlled Trial",,2022,10.1007/s12603-022-1812-x,,,https://doi.org/10.1007/s12603-022-1812-x,Crossref,clinical_aging_biomarkers,needs_review,Fetched by scripts/fetch_crossref.py,2026-04-28
crossref-10.1093/geront/gnv554.01,BIOMARKERS OF AGING AND AGE-ASSOCIATED DISEASE  CURCUMIN SUPPLEMENTATION IMPROVES VASCULAR ENDOTHELIAL FUNCTION IN MIDDLE-AGED AND OLDER ADULTS,,2015,10.1093/geront/gnv554.01,,,https://doi.org/10.1093/geront/gnv554.01,Crossref,clinical_aging_biomarkers,needs_review,Fetched by scripts/fetch_crossref.py,2026-04-28
crossref-10.32388/a6s7rz,How do older adults cope with their aging and age? A scale for an offensive coping strategy of older adults,,2023,10.32388/a6s7rz,,,https://doi.org/10.32388/a6s7rz,Crossref,clinical_aging_biomarkers,needs_review,Fetched by scripts/fetch_crossref.py,2026-04-28
crossref-10.1093/geroni/igae098.1908,BIOMARKERS OF AGING AND PRECISION HEALTH CARE FOR OLDER ADULTS,,2024,10.1093/geroni/igae098.1908,,,https://doi.org/10.1093/geroni/igae098.1908,Crossref,clinical_aging_biomarkers,needs_review,Fetched by scripts/fetch_crossref.py,2026-04-28
crossref-10.32388/251th9,"Review of: ""How do older adults cope with their aging and age? A scale for an offensive coping strategy of older adults""",,2023,10.32388/251th9,,,https://doi.org/10.32388/251th9,Crossref,clinical_aging_biomarkers,needs_review,Fetched by scripts/fetch_crossref.py,2026-04-28
crossref-10.32388/01ddff,"Review of: ""How do older adults cope with their aging and age? A scale for an offensive coping strategy of older adults""",,2023,10.32388/01ddff,,,https://doi.org/10.32388/01ddff,Crossref,clinical_aging_biomarkers,needs_review,Fetched by scripts/fetch_crossref.py,2026-04-28
crossref-10.32388/9uich0,"Review of: ""How do older adults cope with their aging and age? A scale for an offensive coping strategy of older adults""",,2023,10.32388/9uich0,,,https://doi.org/10.32388/9uich0,Crossref,clinical_aging_biomarkers,needs_review,Fetched by scripts/fetch_crossref.py,2026-04-28
crossref-10.32388/ecfhn3,"Review of: ""How do older adults cope with their aging and age? A scale for an offensive coping strategy of older adults""",,2023,10.32388/ecfhn3,,,https://doi.org/10.32388/ecfhn3,Crossref,clinical_aging_biomarkers,needs_review,Fetched by scripts/fetch_crossref.py,2026-04-28
crossref-10.32388/u4tlah,"Review of: ""How do older adults cope with their aging and age? A scale for an offensive coping strategy of older adults""",,2023,10.32388/u4tlah,,,https://doi.org/10.32388/u4tlah,Crossref,clinical_aging_biomarkers,needs_review,Fetched by scripts/fetch_crossref.py,2026-04-28
crossref-10.32388/fo77nl,"Review of: ""How do older adults cope with their aging and age? A scale for an offensive coping strategy of older adults""",,2023,10.32388/fo77nl,,,https://doi.org/10.32388/fo77nl,Crossref,clinical_aging_biomarkers,needs_review,Fetched by scripts/fetch_crossref.py,2026-04-28
crossref-10.32388/ikw72e,"Review of: ""How do older adults cope with their aging and age? A scale for an offensive coping strategy of older adults""",,2023,10.32388/ikw72e,,,https://doi.org/10.32388/ikw72e,Crossref,clinical_aging_biomarkers,needs_review,Fetched by scripts/fetch_crossref.py,2026-04-28
crossref-10.32388/lj3vf9,"Review of: ""How do older adults cope with their aging and age? A scale for an offensive coping strategy of older adults""",,2023,10.32388/lj3vf9,,,https://doi.org/10.32388/lj3vf9,Crossref,clinical_aging_biomarkers,needs_review,Fetched by scripts/fetch_crossref.py,2026-04-28
crossref-10.32388/tma3l0,"Review of: ""How do older adults cope with their aging and age? A scale for an offensive coping strategy of older adults""",,2023,10.32388/tma3l0,,,https://doi.org/10.32388/tma3l0,Crossref,clinical_aging_biomarkers,needs_review,Fetched by scripts/fetch_crossref.py,2026-04-28
crossref-10.2147/cia.s422371,"Can We Slow Down Biological Age Progression? Study Protocol for the proBNPage Reduction (PBAR) Randomized, Double-Blind, Placebo-Controlled Trial (Effects of 4 “Anti-Aging” Food Supplements in Healthy Older Adults)",,2023,10.2147/cia.s422371,,,https://doi.org/10.2147/cia.s422371,Crossref,clinical_aging_biomarkers,needs_review,Fetched by scripts/fetch_crossref.py,2026-04-28
crossref-10.1186/2046-2395-1-4,"Thioredoxin, oxidative stress, cancer and aging",,2012,10.1186/2046-2395-1-4,,,https://doi.org/10.1186/2046-2395-1-4,Crossref,human_longevity_interventions_reviews,needs_review,Fetched by scripts/fetch_crossref.py,2026-04-28
crossref-10.46858/vimsjpt.6205,Effect of different phases of menstrual cycle on cardiorespiratory fitness (vo2max) and physical fitness index in physiotherapy students age group between 18 to 25 years,,2024,10.46858/vimsjpt.6205,,,https://doi.org/10.46858/vimsjpt.6205,Crossref,exercise_cardiorespiratory_fitness_longevity,needs_review,Fetched by scripts/fetch_crossref.py,2026-04-28
crossref-10.1002/jcsm.13856,Comment on “Effectiveness of Mind–Body Exercise in Older Adults With Sarcopenia and Frailty: A Systematic Review and Meta‐Analysis” by Wan et al.,,2025,10.1002/jcsm.13856,,,https://doi.org/10.1002/jcsm.13856,Crossref,resistance_training_sarcopenia_frailty,needs_review,Fetched by scripts/fetch_crossref.py,2026-04-28
crossref-10.5256/f1000research.7686.r12174,Peer Review Report For: Dietary restriction with and without caloric restriction for healthy aging [version 1; peer review: 3 approved],,2016,10.5256/f1000research.7686.r12174,,,https://doi.org/10.5256/f1000research.7686.r12174,Crossref,nutrition_dietary_restriction_aging,needs_review,Fetched by scripts/fetch_crossref.py,2026-04-28
clinicaltrials-NCT06767410,A Multi-domain Intervention for Healthy Aging,,2025,,,,https://clinicaltrials.gov/study/NCT06767410,ClinicalTrials.gov,frailty_multidomain,needs_review,RECRUITING | INTERVENTIONAL | Fetched by scripts/fetch_clinical_trials.py,2026-04-28
clinicaltrials-NCT03056768,Taiwan Health Promotion Intervention Study for Elders,,2014,,,,https://clinicaltrials.gov/study/NCT03056768,ClinicalTrials.gov,frailty_multidomain,needs_review,COMPLETED | INTERVENTIONAL | Fetched by scripts/fetch_clinical_trials.py,2026-04-28
clinicaltrials-NCT07525583,Implementation of Decade of Healthy Ageing Action Plan to Screen and Prevent Decline in Intrinsic Capacity in Elders (SPICE) Through Multisectoral Collaboration in Singapore,,2025,,,,https://clinicaltrials.gov/study/NCT07525583,ClinicalTrials.gov,frailty_multidomain,needs_review,RECRUITING | OBSERVATIONAL | Fetched by scripts/fetch_clinical_trials.py,2026-04-28
clinicaltrials-NCT05731167,Validation and Application of a Multi-dimentional Frailty Assessment Tool-Cohort Intervention and Follow up,,2023,,,,https://clinicaltrials.gov/study/NCT05731167,ClinicalTrials.gov,frailty_multidomain,needs_review,UNKNOWN | INTERVENTIONAL | Fetched by scripts/fetch_clinical_trials.py,2026-04-28
clinicaltrials-NCT06693271,"Investigating the Combined Effects of Protein, Blueberries, and Exercise on Cardiovascular Health and Frailty in Older Nova Scotians",,2025,,,,https://clinicaltrials.gov/study/NCT06693271,ClinicalTrials.gov,frailty_multidomain,needs_review,NOT_YET_RECRUITING | INTERVENTIONAL | Fetched by scripts/fetch_clinical_trials.py,2026-04-28
clinicaltrials-NCT05610605,Education for Prevention and Treatment of Frailty,,2022,,,,https://clinicaltrials.gov/study/NCT05610605,ClinicalTrials.gov,frailty_multidomain,needs_review,COMPLETED | INTERVENTIONAL | Fetched by scripts/fetch_clinical_trials.py,2026-04-28
clinicaltrials-NCT06975540,Synergy of Exercise and Nutrition in Preventing and Treating Frailty,,2019,,,,https://clinicaltrials.gov/study/NCT06975540,ClinicalTrials.gov,frailty_multidomain,needs_review,COMPLETED | INTERVENTIONAL | Fetched by scripts/fetch_clinical_trials.py,2026-04-28
clinicaltrials-NCT06820710,Multidomain Interventions for Elderly Individuals in Residential Structures,,2025,,,,https://clinicaltrials.gov/study/NCT06820710,ClinicalTrials.gov,frailty_multidomain,needs_review,COMPLETED | INTERVENTIONAL | Fetched by scripts/fetch_clinical_trials.py,2026-04-28
clinicaltrials-NCT05828043,Brain Aging: Muscle-to-brain Axis Modulates Physio-cognitive Decline,,2021,,,,https://clinicaltrials.gov/study/NCT05828043,ClinicalTrials.gov,frailty_multidomain,needs_review,COMPLETED | INTERVENTIONAL | Fetched by scripts/fetch_clinical_trials.py,2026-04-28
clinicaltrials-NCT02082171,Multidomain Intervention to Prevent Disability in Elders,,2013,,,,https://clinicaltrials.gov/study/NCT02082171,ClinicalTrials.gov,frailty_multidomain,needs_review,COMPLETED | INTERVENTIONAL | Fetched by scripts/fetch_clinical_trials.py,2026-04-28
crossref-10.52403/ijrr.20230871,Nicotinamide Mononucleotide (NMN) as a Solution of Decrease Nicotinamide Adenine Dinucleotide (NAD+) in Aging,,2023,10.52403/ijrr.20230871,,,https://doi.org/10.52403/ijrr.20230871,Crossref,nad_precursors_aging_trials,needs_review,Fetched by scripts/fetch_crossref.py,2026-04-28
clinicaltrials-NCT06274749,Effects of Urolithin A Supplementation on Glucose Metabolism in Healthy Adults 55 >= Years Old: A Randomized Triple-Masked Controlled Clinical Trial,,2026,,,,https://clinicaltrials.gov/study/NCT06274749,ClinicalTrials.gov,urolithin_a_aging,needs_review,RECRUITING | INTERVENTIONAL | Fetched by scripts/fetch_clinical_trials.py,2026-04-28
clinicaltrials-NCT07377136,Influence of the Urolithin A on the Population With BMI Higher Than 30 During Restricted Eating.,,2025,,,,https://clinicaltrials.gov/study/NCT07377136,ClinicalTrials.gov,urolithin_a_aging,needs_review,ENROLLING_BY_INVITATION | INTERVENTIONAL | Fetched by scripts/fetch_clinical_trials.py,2026-04-28
clinicaltrials-NCT03283462,Bioenergetics and Muscle Function Improvement With AMAZ-02 in Elderly Skeletal Muscle (ENERGIZE Trial),,2018,,,,https://clinicaltrials.gov/study/NCT03283462,ClinicalTrials.gov,urolithin_a_aging,needs_review,COMPLETED | INTERVENTIONAL | Fetched by scripts/fetch_clinical_trials.py,2026-04-28
clinicaltrials-NCT06556706,Impact of Urolithin A (Mitopure) on Mitochondrial Quality in Muscle of Frail Older Adults,,2024,,,,https://clinicaltrials.gov/study/NCT06556706,ClinicalTrials.gov,urolithin_a_aging,needs_review,COMPLETED | INTERVENTIONAL | Fetched by scripts/fetch_clinical_trials.py,2026-04-28
clinicaltrials-NCT07231783,The Effect of Urolithin A (Mitopure®) Supplementation on Muscle Strength in Healthy Middle-Aged Adults,,2025,,,,https://clinicaltrials.gov/study/NCT07231783,ClinicalTrials.gov,urolithin_a_aging,needs_review,RECRUITING | INTERVENTIONAL | Fetched by scripts/fetch_clinical_trials.py,2026-04-28
clinicaltrials-NCT07383311,Autophagy-Enhancers to Reduce Sleep Disturbances,,2025,,,,https://clinicaltrials.gov/study/NCT07383311,ClinicalTrials.gov,spermidine_aging,needs_review,RECRUITING | INTERVENTIONAL | Fetched by scripts/fetch_clinical_trials.py,2026-04-28
clinicaltrials-NCT05415176,Taurine Supplementation Associated or Not With Exercise: Effect on Browning of White Adipose Tissue in Elderly Women With Sarcopenic Obesity,,2023,,,,https://clinicaltrials.gov/study/NCT05415176,ClinicalTrials.gov,taurine_aging,needs_review,UNKNOWN | INTERVENTIONAL | Fetched by scripts/fetch_clinical_trials.py,2026-04-28
clinicaltrials-NCT01787682,Nutritional and Functional Changes in Heart Failure and COPD,,2012,,,,https://clinicaltrials.gov/study/NCT01787682,ClinicalTrials.gov,taurine_aging,needs_review,COMPLETED | INTERVENTIONAL | Fetched by scripts/fetch_clinical_trials.py,2026-04-28
clinicaltrials-NCT02082418,Effects of Alpha-lactalbumin Intake on Metabolic and Cognitive Functions in Elderly,,2014,,,,https://clinicaltrials.gov/study/NCT02082418,ClinicalTrials.gov,taurine_aging,needs_review,COMPLETED | INTERVENTIONAL | Fetched by scripts/fetch_clinical_trials.py,2026-04-28
clinicaltrials-NCT03812744,Neurophysiological Effects of Whole Coffee Cherry Extract in Older Adults,,2016,,,,https://clinicaltrials.gov/study/NCT03812744,ClinicalTrials.gov,taurine_aging,needs_review,COMPLETED | INTERVENTIONAL | Fetched by scripts/fetch_clinical_trials.py,2026-04-28
clinicaltrials-NCT07049731,Improvement of Skeletal and Muscle Health in Patients With Sarcopenia by Protein Powder With Resistance Exercise,,2025,,,,https://clinicaltrials.gov/study/NCT07049731,ClinicalTrials.gov,taurine_aging,needs_review,NOT_YET_RECRUITING | INTERVENTIONAL | Fetched by scripts/fetch_clinical_trials.py,2026-04-28
clinicaltrials-NCT04516421,Protein Supplementation Intervention for Improving Muscle Mass and Physical Performance in Older People With Sarcopenia,,2020,,,,https://clinicaltrials.gov/study/NCT04516421,ClinicalTrials.gov,taurine_aging,needs_review,UNKNOWN | INTERVENTIONAL | Fetched by scripts/fetch_clinical_trials.py,2026-04-28
clinicaltrials-NCT04421014,Ketone Ester Effects on Biomarkers of Brain Metabolism and Cognitive Performance in Cognitively Intact Adults 55 Years Old or Older,,2021,,,,https://clinicaltrials.gov/study/NCT04421014,ClinicalTrials.gov,taurine_aging,needs_review,COMPLETED | INTERVENTIONAL | Fetched by scripts/fetch_clinical_trials.py,2026-04-28
clinicaltrials-NCT05149716,Taurine as a Possible Anti-aging Therapy?,,2020,,,,https://clinicaltrials.gov/study/NCT05149716,ClinicalTrials.gov,taurine_aging,needs_review,COMPLETED | INTERVENTIONAL | Fetched by scripts/fetch_clinical_trials.py,2026-04-28
clinicaltrials-NCT06607068,Assessment of Taurine Concentration in Older Women With/Without Obesity And With/Without Type 2 Diabetes Mellitus,,2024,,,,https://clinicaltrials.gov/study/NCT06607068,ClinicalTrials.gov,taurine_aging,needs_review,ACTIVE_NOT_RECRUITING | OBSERVATIONAL | Fetched by scripts/fetch_clinical_trials.py,2026-04-28
clinicaltrials-NCT04703036,"Glutathione, Oxidative Stress and Mitochondrial Function in COVID-19",,2021,,,,https://clinicaltrials.gov/study/NCT04703036,ClinicalTrials.gov,glynac_aging,needs_review,TERMINATED | INTERVENTIONAL | Fetched by scripts/fetch_clinical_trials.py,2026-04-28
crossref-10.21203/rs.3.rs-3238684/v1,Physical activity interventions to reduce fear of falling in older adults with frailty: a systematic review of randomized controlled trials,,2023,10.21203/rs.3.rs-3238684/v1,,,https://doi.org/10.21203/rs.3.rs-3238684/v1,Crossref,frailty_multidomain_interventions,needs_review,Fetched by scripts/fetch_crossref.py,2026-04-28
crossref-10.2196/preprints.50870,A Mobile Intervention Designed Specifically for Older Adults With Frailty to Support Healthy Eating: Pilot Randomized Controlled Trial (Preprint),,2023,10.2196/preprints.50870,,,https://doi.org/10.2196/preprints.50870,Crossref,frailty_multidomain_interventions,needs_review,Fetched by scripts/fetch_crossref.py,2026-04-28
crossref-10.21203/rs.3.rs-5372510/v1,Interprofessional homebased reablement intervention for older adults in Sweden: A randomized controlled trial,,2024,10.21203/rs.3.rs-5372510/v1,,,https://doi.org/10.21203/rs.3.rs-5372510/v1,Crossref,frailty_multidomain_interventions,needs_review,Fetched by scripts/fetch_crossref.py,2026-04-28
crossref-10.7287/peerj.3879v0.1/reviews/2,"Peer Review #2 of ""A randomized control trial feasibility evaluation of an mHealth intervention for wheelchair skill training among middle-aged and older adults (v0.1)""",,2017,10.7287/peerj.3879v0.1/reviews/2,,,https://doi.org/10.7287/peerj.3879v0.1/reviews/2,Crossref,frailty_multidomain_interventions,needs_review,Fetched by scripts/fetch_crossref.py,2026-04-28
crossref-10.7287/peerj.3879v0.1/reviews/1,"Peer Review #1 of ""A randomized control trial feasibility evaluation of an mHealth intervention for wheelchair skill training among middle-aged and older adults (v0.1)""",,2017,10.7287/peerj.3879v0.1/reviews/1,,,https://doi.org/10.7287/peerj.3879v0.1/reviews/1,Crossref,frailty_multidomain_interventions,needs_review,Fetched by scripts/fetch_crossref.py,2026-04-28
crossref-10.2196/preprints.96230,Effect of a Health Belief Model–Based Motor-Cognitive Dual-Task Intervention on Functional Improvement in Older Adults with Cognitive Frailty: A Randomized Controlled Trial (Preprint),,2026,10.2196/preprints.96230,,,https://doi.org/10.2196/preprints.96230,Crossref,frailty_multidomain_interventions,needs_review,Fetched by scripts/fetch_crossref.py,2026-04-28
crossref-10.1186/s12889-025-24221-x,Impact of a nurse-led multidomain intervention on intrinsic capacity among community-dwelling older adults in China: a cluster randomized trial,,2025,10.1186/s12889-025-24221-x,,,https://doi.org/10.1186/s12889-025-24221-x,Crossref,frailty_multidomain_interventions,needs_review,Fetched by scripts/fetch_crossref.py,2026-04-28
crossref-10.1002/brb3.1926/v2/review1,"Review for ""Cognitive frailty as a predictor of adverse outcomes among older adults: A systematic review and meta‐analysis""",,2020,10.1002/brb3.1926/v2/review1,,,https://doi.org/10.1002/brb3.1926/v2/review1,Crossref,frailty_multidomain_interventions,needs_review,Fetched by scripts/fetch_crossref.py,2026-04-28
crossref-10.1097/md.0000000000030689,Preoperative walking intervention did not appear to improve patient-reported postoperative recovery in older adults with frailty traits: Randomized trial,,2022,10.1097/md.0000000000030689,,,https://doi.org/10.1097/md.0000000000030689,Crossref,frailty_multidomain_interventions,needs_review,Fetched by scripts/fetch_crossref.py,2026-04-28
crossref-10.2196/50870,A Mobile Intervention Designed Specifically for Older Adults With Frailty to Support Healthy Eating: Pilot Randomized Controlled Trial,,2023,10.2196/50870,,,https://doi.org/10.2196/50870,Crossref,frailty_multidomain_interventions,needs_review,Fetched by scripts/fetch_crossref.py,2026-04-28
crossref-10.1016/j.jalz.2017.06.1795,[P3–575]: PARTICIPANTS’ EXPERIENCES OF MULTIDOMAIN LIFESTYLE‐BASED INTERVENTION (FINGER) TO PREVENT COGNITIVE DECLINE,,2017,10.1016/j.jalz.2017.06.1795,,,https://doi.org/10.1016/j.jalz.2017.06.1795,Crossref,dementia_prevention_lifestyle_aging,needs_review,Fetched by scripts/fetch_crossref.py,2026-04-28
crossref-10.1002/alz70861_108294,Multidomain intervention for preventiing cognitive decline among older adults with mild cognitive impairment ‐ Interim results from TINAGE trial,,2025,10.1002/alz70861_108294,,,https://doi.org/10.1002/alz70861_108294,Crossref,dementia_prevention_lifestyle_aging,needs_review,Fetched by scripts/fetch_crossref.py,2026-04-28
crossref-10.1002/alz.077098,e‐FINGERPRINT Pilot Study: Assessing the feasibility of digital data collection and multidomain lifestyle guidance towards the prevention of cognitive decline and dementia,,2023,10.1002/alz.077098,,,https://doi.org/10.1002/alz.077098,Crossref,dementia_prevention_lifestyle_aging,needs_review,Fetched by scripts/fetch_crossref.py,2026-04-28
crossref-10.1002/alz.082143,e‐FINGERPRINT Pilot Study: Assessing the feasibility of digital data collection and multidomain lifestyle guidance towards the prevention of cognitive decline and dementia,,2023,10.1002/alz.082143,,,https://doi.org/10.1002/alz.082143,Crossref,dementia_prevention_lifestyle_aging,needs_review,Fetched by scripts/fetch_crossref.py,2026-04-28
crossref-10.1002/alz.088066,The effectiveness of a personalised multidomain lifestyle intervention programme to slow cognitive decline: study protocol for a series of randomised open‐label N‐of‐1 trials,,2024,10.1002/alz.088066,,,https://doi.org/10.1002/alz.088066,Crossref,dementia_prevention_lifestyle_aging,needs_review,Fetched by scripts/fetch_crossref.py,2026-04-28
crossref-10.2147/cia.s182046,"Body, Brain, Life for Cognitive Decline (BBL-CD): protocol for a multidomain dementia risk reduction randomized controlled trial for subjective cognitive decline and mild cognitive impairment",,2018,10.2147/cia.s182046,,,https://doi.org/10.2147/cia.s182046,Crossref,dementia_prevention_lifestyle_aging,needs_review,Fetched by scripts/fetch_crossref.py,2026-04-28
crossref-10.1016/j.jalz.2011.05.238,"O1‐02‐08: MAPT study: a 3‐year randomized trial of omega 3 and/or multidomain intervention for the prevention of cognitive decline in frail elderly subjects‐rationale, design and baseline data",,2011,10.1016/j.jalz.2011.05.238,,,https://doi.org/10.1016/j.jalz.2011.05.238,Crossref,dementia_prevention_lifestyle_aging,needs_review,Fetched by scripts/fetch_crossref.py,2026-04-28
crossref-10.1080/13607863.2023.2190083,"The feasibility of a multidomain dementia risk reduction randomised controlled trial for people experiencing cognitive decline: the Body, Brain, Life for Cognitive Decline (BBL-CD)",,2023,10.1080/13607863.2023.2190083,,,https://doi.org/10.1080/13607863.2023.2190083,Crossref,dementia_prevention_lifestyle_aging,needs_review,Fetched by scripts/fetch_crossref.py,2026-04-28
crossref-10.3390/nu10101560,Multidomain Lifestyle Intervention Strategies for the Delay of Cognitive Impairment in Healthy Aging,,2018,10.3390/nu10101560,,,https://doi.org/10.3390/nu10101560,Crossref,dementia_prevention_lifestyle_aging,needs_review,Fetched by scripts/fetch_crossref.py,2026-04-28
crossref-10.1016/j.jns.2025.123800,Multidomain lifestyle intervention for dementia prevention: Neurobiological evidence from superbrain,,2025,10.1016/j.jns.2025.123800,,,https://doi.org/10.1016/j.jns.2025.123800,Crossref,dementia_prevention_lifestyle_aging,needs_review,Fetched by scripts/fetch_crossref.py,2026-04-28
crossref-10.1002/alz.038738,Does the impact of a multidomain intensive lifestyle intervention on cognitive function depend on baseline frailty?,,2020,10.1002/alz.038738,,,https://doi.org/10.1002/alz.038738,Crossref,dementia_prevention_lifestyle_aging,needs_review,Fetched by scripts/fetch_crossref.py,2026-04-28
crossref-10.1002/alz.053388,"Development of a healthy lifestyle index within a multidomain intervention aimed at prevention of cognitive impairment and dementia, and its association with cognition: Results from the FINGER trial",,2021,10.1002/alz.053388,,,https://doi.org/10.1002/alz.053388,Crossref,dementia_prevention_lifestyle_aging,needs_review,Fetched by scripts/fetch_crossref.py,2026-04-28
crossref-10.1016/j.jalz.2017.06.138,[P1–071]: MULTIDOMAIN LIFESTYLE INTERVENTION BENEFITS A LARGE ELDERLY POPULATION AT RISK FOR COGNITIVE DECLINE: SUBGROUP ANALYSES OF THE FINNISH GERIATRIC INTERVENTION STUDY TO PREVENT COGNITIVE IMPAIRMENT AND DISABILITY (FINGER),,2017,10.1016/j.jalz.2017.06.138,,,https://doi.org/10.1016/j.jalz.2017.06.138,Crossref,dementia_prevention_lifestyle_aging,needs_review,Fetched by scripts/fetch_crossref.py,2026-04-28
crossref-10.1016/j.jalz.2017.06.086,[P1–019]: MULTIDOMAIN LIFESTYLE INTERVENTION BENEFITS A LARGE ELDERLY POPULATION AT RISK FOR COGNITIVE DECLINE: SUBGROUP ANALYSES OF THE FINNISH GERIATRIC INTERVENTION STUDY TO PREVENT COGNITIVE IMPAIRMENT AND DISABILITY (FINGER),,2017,10.1016/j.jalz.2017.06.086,,,https://doi.org/10.1016/j.jalz.2017.06.086,Crossref,dementia_prevention_lifestyle_aging,needs_review,Fetched by scripts/fetch_crossref.py,2026-04-28
crossref-10.1002/alz.039411,Effect of occupational complexity on cognitive change during a multidomain lifestyle intervention: The FINGER trial,,2020,10.1002/alz.039411,,,https://doi.org/10.1002/alz.039411,Crossref,dementia_prevention_lifestyle_aging,needs_review,Fetched by scripts/fetch_crossref.py,2026-04-28
crossref-10.1002/alz.079786,Higher glucose parameters at baseline are related to hippocampal volume decline after a 2‐year multidomain lifestyle intervention to prevent cognitive decline in people at risk of developing Alzheimer’s disease: Exploratory results from the FINGER study,,2023,10.1002/alz.079786,,,https://doi.org/10.1002/alz.079786,Crossref,dementia_prevention_lifestyle_aging,needs_review,Fetched by scripts/fetch_crossref.py,2026-04-28
crossref-10.1002/alz.053567,Multidomain interventions for the prevention of dementia and cognitive decline: A Cochrane systematic review and meta‐analysis,,2021,10.1002/alz.053567,,,https://doi.org/10.1002/alz.053567,Crossref,dementia_prevention_lifestyle_aging,needs_review,Fetched by scripts/fetch_crossref.py,2026-04-28
crossref-10.1136/bmjopen-2023-075015,MyCOACH (COnnected Advice for Cognitive Health): a digitally delivered multidomain intervention for cognitive decline and risk of dementia in adults with mild cognitive impairment or subjective cognitive decline–study protocol for a randomised controlled trial,,2023,10.1136/bmjopen-2023-075015,,,https://doi.org/10.1136/bmjopen-2023-075015,Crossref,dementia_prevention_lifestyle_aging,needs_review,Fetched by scripts/fetch_crossref.py,2026-04-28
crossref-10.1111/dom.70676/v2/review1,"Review for ""Weight Loss Outcomes Between GLP-1 Receptor Agonists and Bariatric Surgery in Adults with Obesity: A Systematic Review, Meta-Analysis and Meta-Regression""",,2026,10.1111/dom.70676/v2/review1,,,https://doi.org/10.1111/dom.70676/v2/review1,Crossref,diabetes_obesity_longevity_outcomes,needs_review,Fetched by scripts/fetch_crossref.py,2026-04-28
crossref-10.1111/dom.70676/v1/review2,"Review for ""Weight Loss Outcomes Between GLP-1 Receptor Agonists and Bariatric Surgery in Adults with Obesity: A Systematic Review, Meta-Analysis and Meta-Regression""",,2025,10.1111/dom.70676/v1/review2,,,https://doi.org/10.1111/dom.70676/v1/review2,Crossref,diabetes_obesity_longevity_outcomes,needs_review,Fetched by scripts/fetch_crossref.py,2026-04-28
crossref-10.1111/dom.70676/v1/review1,"Review for ""Weight Loss Outcomes Between GLP-1 Receptor Agonists and Bariatric Surgery in Adults with Obesity: A Systematic Review, Meta-Analysis and Meta-Regression""",,2025,10.1111/dom.70676/v1/review1,,,https://doi.org/10.1111/dom.70676/v1/review1,Crossref,diabetes_obesity_longevity_outcomes,needs_review,Fetched by scripts/fetch_crossref.py,2026-04-28
crossref-10.1111/dom.70676/v1/decision1,"Decision letter for ""Weight Loss Outcomes Between GLP-1 Receptor Agonists and Bariatric Surgery in Adults with Obesity: A Systematic Review, Meta-Analysis and Meta-Regression""",,2025,10.1111/dom.70676/v1/decision1,,,https://doi.org/10.1111/dom.70676/v1/decision1,Crossref,diabetes_obesity_longevity_outcomes,needs_review,Fetched by scripts/fetch_crossref.py,2026-04-28
crossref-10.1111/dom.70676/v2/decision1,"Decision letter for ""Weight Loss Outcomes Between GLP-1 Receptor Agonists and Bariatric Surgery in Adults with Obesity: A Systematic Review, Meta-Analysis and Meta-Regression""",,2026,10.1111/dom.70676/v2/decision1,,,https://doi.org/10.1111/dom.70676/v2/decision1,Crossref,diabetes_obesity_longevity_outcomes,needs_review,Fetched by scripts/fetch_crossref.py,2026-04-28
crossref-10.1111/dom.70676,"Weight Loss Outcomes Between
                    <scp>GLP</scp>
                    ‐1 Receptor Agonists and Bariatric Surgery in Adults With Obesity: A Systematic Review, Meta‐Analysis and Meta‐Regression",,2026,10.1111/dom.70676,,,https://doi.org/10.1111/dom.70676,Crossref,diabetes_obesity_longevity_outcomes,needs_review,Fetched by scripts/fetch_crossref.py,2026-04-28
crossref-10.1089/obe.2008.0160,Would Population-Wide Sustained Weight Loss Lower Mortality from Diabetes and Cardiovascular Disease?,,2008,10.1089/obe.2008.0160,,,https://doi.org/10.1089/obe.2008.0160,Crossref,diabetes_obesity_longevity_outcomes,needs_review,Fetched by scripts/fetch_crossref.py,2026-04-28
crossref-10.37766/inplasy2024.10.0072,Mediterranean Diet in Older Adults: Cardiovascular Outcomes and Mortality from Observational and Interventional Studies. A Systematic Review and Meta-Analysis,,2024,10.37766/inplasy2024.10.0072,,,https://doi.org/10.37766/inplasy2024.10.0072,Crossref,diabetes_obesity_longevity_outcomes,needs_review,Fetched by scripts/fetch_crossref.py,2026-04-28
crossref-10.4172/2165-7904.s5-005,Weight Loss Interventions and Outcomes: Type 2 Diabetes,,2015,10.4172/2165-7904.s5-005,,,https://doi.org/10.4172/2165-7904.s5-005,Crossref,diabetes_obesity_longevity_outcomes,needs_review,Fetched by scripts/fetch_crossref.py,2026-04-28
crossref-10.37766/inplasy2021.1.0104,Pharmacotherapy weight-loss interventions to prevent type 2 diabetes in overweight or obese adults and older adults: A protocol for systematic review and network meta-analysis,,2021,10.37766/inplasy2021.1.0104,,,https://doi.org/10.37766/inplasy2021.1.0104,Crossref,diabetes_obesity_longevity_outcomes,needs_review,Fetched by scripts/fetch_crossref.py,2026-04-28
crossref-10.1111/dom.12430,Effectiveness of lifestyle‐based weight loss interventions for adults with type 2 diabetes: a systematic review and meta‐analysis,,2015,10.1111/dom.12430,,,https://doi.org/10.1111/dom.12430,Crossref,diabetes_obesity_longevity_outcomes,needs_review,Fetched by scripts/fetch_crossref.py,2026-04-28
crossref-10.4172/2165-7904.s1.008,The challenges of weight loss for obese older adults,,2012,10.4172/2165-7904.s1.008,,,https://doi.org/10.4172/2165-7904.s1.008,Crossref,diabetes_obesity_longevity_outcomes,needs_review,Fetched by scripts/fetch_crossref.py,2026-04-28
crossref-10.4172/2165-7904.1000147,Overweight and Obesity among Older Adults: How should Obesity be Determined?,,2012,10.4172/2165-7904.1000147,,,https://doi.org/10.4172/2165-7904.1000147,Crossref,diabetes_obesity_longevity_outcomes,needs_review,Fetched by scripts/fetch_crossref.py,2026-04-28
crossref-10.1093/geroni/igad104.2256,GLP-1 AGONISTS: EFFECT IN MANAGEMENT OF DIABETES AND WEIGHT LOSS IN OLDER ADULTS WITH OVERWEIGHT AND OBESITY,,2023,10.1093/geroni/igad104.2256,,,https://doi.org/10.1093/geroni/igad104.2256,Crossref,diabetes_obesity_longevity_outcomes,needs_review,Fetched by scripts/fetch_crossref.py,2026-04-28
crossref-10.26226/morressier.5d9b6235ea541d6ca8494178,"Fasting glucose and cardiovascular disease, and mortality in Korean older adults with diabetes",,2019,10.26226/morressier.5d9b6235ea541d6ca8494178,,,https://doi.org/10.26226/morressier.5d9b6235ea541d6ca8494178,Crossref,diabetes_obesity_longevity_outcomes,needs_review,Fetched by scripts/fetch_crossref.py,2026-04-28
crossref-10.1002/doi2.48,Weight loss even associated with weight regain is shown to improve cardiovascular risks,,2023,10.1002/doi2.48,,,https://doi.org/10.1002/doi2.48,Crossref,diabetes_obesity_longevity_outcomes,needs_review,Fetched by scripts/fetch_crossref.py,2026-04-28
crossref-10.4172/2165-7904.1000292,"Maternal Obesity, Maternal Gestational Diabetes Mellitus, and Maternal and Neonatal Outcomes",,2016,10.4172/2165-7904.1000292,,,https://doi.org/10.4172/2165-7904.1000292,Crossref,diabetes_obesity_longevity_outcomes,needs_review,Fetched by scripts/fetch_crossref.py,2026-04-28
crossref-10.1111/dom.16135/v2/decision1,"Decision letter for ""Impact of weight change on kidney transplantation outcomes: A systematic review and meta‐analysis""",,2024,10.1111/dom.16135/v2/decision1,,,https://doi.org/10.1111/dom.16135/v2/decision1,Crossref,diabetes_obesity_longevity_outcomes,needs_review,Fetched by scripts/fetch_crossref.py,2026-04-28
crossref-10.1111/acel.13345,"Cap‐independent translation: A shared mechanism for lifespan extension by rapamycin, acarbose, and 17α‐estradiol",,2021,10.1111/acel.13345,,,https://doi.org/10.1111/acel.13345,Crossref,itp_mouse_lifespan_drugs,needs_review,Fetched by scripts/fetch_crossref.py,2026-04-28
crossref-10.1016/j.ebiom.2016.11.038,NIA Interventions Testing Program: Investigating Putative Aging Intervention Agents in a Genetically Heterogeneous Mouse Model,,2017,10.1016/j.ebiom.2016.11.038,,,https://doi.org/10.1016/j.ebiom.2016.11.038,Crossref,itp_mouse_lifespan_drugs,needs_review,Fetched by scripts/fetch_crossref.py,2026-04-28
crossref-10.1111/j.1474-9726.2011.00715.x,The NIA Interventions Testing Program Announces the 2011 Solicitation of Proposals,,2011,10.1111/j.1474-9726.2011.00715.x,,,https://doi.org/10.1111/j.1474-9726.2011.00715.x,Crossref,itp_mouse_lifespan_drugs,needs_review,Fetched by scripts/fetch_crossref.py,2026-04-28
crossref-10.1111/j.1474-9726.2006.00207.x,The NIA Interventions Testing Program Announces the 2006 Solicitation of Proposals,,2006,10.1111/j.1474-9726.2006.00207.x,,,https://doi.org/10.1111/j.1474-9726.2006.00207.x,Crossref,itp_mouse_lifespan_drugs,needs_review,Fetched by scripts/fetch_crossref.py,2026-04-28
crossref-10.1111/j.1474-9726.2009.00510.x,The NIA Interventions Testing Program Announces the 2009 Solicitation of Proposals,,2009,10.1111/j.1474-9726.2009.00510.x,,,https://doi.org/10.1111/j.1474-9726.2009.00510.x,Crossref,itp_mouse_lifespan_drugs,needs_review,Fetched by scripts/fetch_crossref.py,2026-04-28
crossref-10.1111/j.1474-9726.2007.00338.x,The NIA Interventions Testing Program Announces the 2008 Solicitation of Proposals,,2007,10.1111/j.1474-9726.2007.00338.x,,,https://doi.org/10.1111/j.1474-9726.2007.00338.x,Crossref,itp_mouse_lifespan_drugs,needs_review,Fetched by scripts/fetch_crossref.py,2026-04-28
crossref-10.1111/j.1474-9726.2012.00820.x,The NIA Interventions Testing Program Announces the 2012 Solicitation of Proposals,,2012,10.1111/j.1474-9726.2012.00820.x,,,https://doi.org/10.1111/j.1474-9726.2012.00820.x,Crossref,itp_mouse_lifespan_drugs,needs_review,Fetched by scripts/fetch_crossref.py,2026-04-28
crossref-10.1111/j.1474-9726.2012.00850.x,The NIA Interventions Testing Program Announces the 2012 Solicitation of Proposals,,2012,10.1111/j.1474-9726.2012.00850.x,,,https://doi.org/10.1111/j.1474-9726.2012.00850.x,Crossref,itp_mouse_lifespan_drugs,needs_review,Fetched by scripts/fetch_crossref.py,2026-04-28
crossref-10.1111/acel.12542,The NIA interventions testing program announces the 2016 solicitation of proposals,,2016,10.1111/acel.12542,,,https://doi.org/10.1111/acel.12542,Crossref,itp_mouse_lifespan_drugs,needs_review,Fetched by scripts/fetch_crossref.py,2026-04-28
crossref-10.1093/geroni/igx004.034,THE NIA INTERVENTIONS TESTING PROGRAM: AN UPDATE,,2017,10.1093/geroni/igx004.034,,,https://doi.org/10.1093/geroni/igx004.034,Crossref,itp_mouse_lifespan_drugs,needs_review,Fetched by scripts/fetch_crossref.py,2026-04-28
crossref-10.1016/b978-0-12-411596-5.00010-1,NIA Interventions Testing Program,,2016,10.1016/b978-0-12-411596-5.00010-1,,,https://doi.org/10.1016/b978-0-12-411596-5.00010-1,Crossref,itp_mouse_lifespan_drugs,needs_review,Fetched by scripts/fetch_crossref.py,2026-04-28
crossref-10.21203/rs.3.rs-7466146/v1,"The gerotherapeutic drugs rapamycin, acarbose, and phenylbutyrate extend lifespan and enhance healthy aging in house crickets",,2026,10.21203/rs.3.rs-7466146/v1,,,https://doi.org/10.21203/rs.3.rs-7466146/v1,Crossref,itp_mouse_lifespan_drugs,needs_review,Fetched by scripts/fetch_crossref.py,2026-04-28
crossref-10.1093/gerona/glv177,The NIA Interventions Testing Program Announces the 2016 Solicitation of Proposals,,2016,10.1093/gerona/glv177,,,https://doi.org/10.1093/gerona/glv177,Crossref,itp_mouse_lifespan_drugs,needs_review,Fetched by scripts/fetch_crossref.py,2026-04-28
crossref-10.1111/acel.12084,The <scp>NIA</scp> Interventions Testing Program Announces the 2013 Solicitation of Proposals,,2013,10.1111/acel.12084,,,https://doi.org/10.1111/acel.12084,Crossref,itp_mouse_lifespan_drugs,needs_review,Fetched by scripts/fetch_crossref.py,2026-04-28
crossref-10.1111/acel.12419,The <scp>NIA</scp> Interventions Testing Program Announces the 2016 Solicitation of Proposals,,2015,10.1111/acel.12419,,,https://doi.org/10.1111/acel.12419,Crossref,itp_mouse_lifespan_drugs,needs_review,Fetched by scripts/fetch_crossref.py,2026-04-28
crossref-10.1016/s0047-6374(14)00018-9,The NIA Interventions Testing Program Announces the 2014 Solicitation of Proposals,,2014,10.1016/s0047-6374(14)00018-9,,,https://doi.org/10.1016/s0047-6374(14)00018-9,Crossref,itp_mouse_lifespan_drugs,needs_review,Fetched by scripts/fetch_crossref.py,2026-04-28
crossref-10.1111/acel.12083,The <scp>NIA</scp> Interventions Testing Program Announces the 2013 Solicitation of Proposals,,2013,10.1111/acel.12083,,,https://doi.org/10.1111/acel.12083,Crossref,itp_mouse_lifespan_drugs,needs_review,Fetched by scripts/fetch_crossref.py,2026-04-28
crossref-10.1101/2025.08.25.671822,"The gerotherapeutic drugs rapamycin, acarbose, and phenylbutyrate extend lifespan and enhance healthy aging in house crickets",,2025,10.1101/2025.08.25.671822,,,https://doi.org/10.1101/2025.08.25.671822,Crossref,itp_mouse_lifespan_drugs,needs_review,Fetched by scripts/fetch_crossref.py,2026-04-28
crossref-10.1093/geroni/igaa057.3157,Reversing cognitive-decline in older adults in an open-label clinical trial: novel mechanisms and the role of GlyNAC,,2020,10.1093/geroni/igaa057.3157,,,https://doi.org/10.1093/geroni/igaa057.3157,Crossref,nutraceuticals_aging_trials,needs_review,Fetched by scripts/fetch_crossref.py,2026-04-28
crossref-10.29011/2688-6499.100012,Impact of Taurine and Caffeine on the Cognitive Performance of Healthy Older Adults,,2018,10.29011/2688-6499.100012,,,https://doi.org/10.29011/2688-6499.100012,Crossref,nutraceuticals_aging_trials,needs_review,Fetched by scripts/fetch_crossref.py,2026-04-28
crossref-10.1093/geroni/igae098.0656,"GLYNAC SUPPLEMENTATION IN OLDER ADULTS IMPROVES GLUTATHIONE, MITOCHONDRIA, AGING HALLMARKS, AND FUNCTION",,2024,10.1093/geroni/igae098.0656,,,https://doi.org/10.1093/geroni/igae098.0656,Crossref,nutraceuticals_aging_trials,needs_review,Fetched by scripts/fetch_crossref.py,2026-04-28
crossref-10.1093/geroni/igac059.2933,GLYNAC SUPPLEMENTATION IN OLDER ADULTS PROTECTS FROM MEAL DRIVEN OXIDATIVE STRESS AND INFLAMMATION: RESULTS OF A RCT,,2022,10.1093/geroni/igac059.2933,,,https://doi.org/10.1093/geroni/igac059.2933,Crossref,nutraceuticals_aging_trials,needs_review,Fetched by scripts/fetch_crossref.py,2026-04-28
crossref-10.20944/preprints202602.0022.v1,Mitophagy Deficiency Drives Skeletal Muscle Aging: Translational Evidence for Urolithin A and Spermidine in Reversing Primary Sarcopenia,,2026,10.20944/preprints202602.0022.v1,,,https://doi.org/10.20944/preprints202602.0022.v1,Crossref,nutraceuticals_aging_trials,needs_review,Fetched by scripts/fetch_crossref.py,2026-04-28
crossref-10.21203/rs.3.rs-9252335/v1,Evaluation of a Synthetic Spermidine–Spermine Supplement with Arginine and BB12: Safety Outcomes and Beclin-1 Modulation in a Randomized Placebo-Controlled Pilot Trial in Older Adults,,2026,10.21203/rs.3.rs-9252335/v1,,,https://doi.org/10.21203/rs.3.rs-9252335/v1,Crossref,nutraceuticals_aging_trials,needs_review,Fetched by scripts/fetch_crossref.py,2026-04-28
crossref-10.18632/aging.103527,Spermine and spermidine modulate T-cell function in older adults with and without cognitive decline ex vivo,,2020,10.18632/aging.103527,,,https://doi.org/10.18632/aging.103527,Crossref,nutraceuticals_aging_trials,needs_review,Fetched by scripts/fetch_crossref.py,2026-04-28
crossref-10.1093/geroni/igac059.389,"SUPPLEMENTING GLYNAC IN AGING IMPROVES GLUTATHIONE, MITOCHONDRIA, AND AGING HALLMARKS: A RANDOMIZED CLINICAL TRIAL",,2022,10.1093/geroni/igac059.389,,,https://doi.org/10.1093/geroni/igac059.389,Crossref,nutraceuticals_aging_trials,needs_review,Fetched by scripts/fetch_crossref.py,2026-04-28
pubmed-42042580,Personalised Approach to the Management of Older People with Type 2 Diabetes Mellitus-A Comprehensive Narrative Review.,,2026,10.3390/jpm16040213,42042580,,https://pubmed.ncbi.nlm.nih.gov/42042580/,PubMed,diabetes_glycemic_control_mortality_aging,needs_review,Fetched by scripts/fetch_pubmed.py,2026-04-28
pubmed-42042523,A Novel Diabetic Limb Preservation Initiative Using Symptom-Focused Education and Coordinated Podiatric Care.,,2026,10.7547/25-108,42042523,,https://pubmed.ncbi.nlm.nih.gov/42042523/,PubMed,diabetes_glycemic_control_mortality_aging,needs_review,Fetched by scripts/fetch_pubmed.py,2026-04-28
pubmed-42041990,Preoperative Systemic Immune-Inflammation Index as an Independent Predictor of Postoperative Wound Infection in Diabetic CABG Patients.,,2026,10.3390/jcdd13040164,42041990,,https://pubmed.ncbi.nlm.nih.gov/42041990/,PubMed,diabetes_glycemic_control_mortality_aging,needs_review,Fetched by scripts/fetch_pubmed.py,2026-04-28
pubmed-42040885,"Ultra-processed food intake, cognitive function, and dementia risk: A cross-sectional study of middle-aged and older Australian adults.",,2026,10.1002/dad2.70335,42040885,,https://pubmed.ncbi.nlm.nih.gov/42040885/,PubMed,diabetes_glycemic_control_mortality_aging,needs_review,Fetched by scripts/fetch_pubmed.py,2026-04-28
pubmed-42038465,"One-year all-cause mortality and comorbidity predictors in 14,975 adults with PCR-confirmed COVID-19: a retrospective Turkish cohort study.",,2026,10.7717/peerj.21206,42038465,,https://pubmed.ncbi.nlm.nih.gov/42038465/,PubMed,diabetes_glycemic_control_mortality_aging,needs_review,Fetched by scripts/fetch_pubmed.py,2026-04-28
pubmed-42037563,Protective effects of SGLT2 inhibitors and GLP-1 receptor agonists on infection-related implant failure following ankle fracture ORIF: A global big data analysis.,,2026,10.1177/10225536261447739,42037563,,https://pubmed.ncbi.nlm.nih.gov/42037563/,PubMed,diabetes_glycemic_control_mortality_aging,needs_review,Fetched by scripts/fetch_pubmed.py,2026-04-28
pubmed-42037141,Obesity in Late Adolescence and Healthcare Costs in Young to Mid-Adulthood.,,2026,10.1111/dom.70788,42037141,,https://pubmed.ncbi.nlm.nih.gov/42037141/,PubMed,diabetes_glycemic_control_mortality_aging,needs_review,Fetched by scripts/fetch_pubmed.py,2026-04-28
pubmed-42037126,Association of Metabolic Vulnerability Index With Incident Type 2 Diabetes in General Population and All-Cause Mortality in Patients With Diabetes: A Cohort Study Based on UK Biobank.,,2026,10.1111/dom.70789,42037126,,https://pubmed.ncbi.nlm.nih.gov/42037126/,PubMed,diabetes_glycemic_control_mortality_aging,needs_review,Fetched by scripts/fetch_pubmed.py,2026-04-28
pubmed-42036876,Dose-response relationship between gestational blood glucose levels and risk of pre-eclampsia in singleton pregnancies: A retrospective multicenter study.,,2026,10.1097/CM9.0000000000004057,42036876,,https://pubmed.ncbi.nlm.nih.gov/42036876/,PubMed,diabetes_glycemic_control_mortality_aging,needs_review,Fetched by scripts/fetch_pubmed.py,2026-04-28
pubmed-42036458,SGLT2 inhibitor use and disparities in all-cause mortality in type 2 diabetes: insights from a multi-ethnic population.,,2026,10.1007/s00125-026-06733-2,42036458,,https://pubmed.ncbi.nlm.nih.gov/42036458/,PubMed,diabetes_glycemic_control_mortality_aging,needs_review,Fetched by scripts/fetch_pubmed.py,2026-04-28
pubmed-42035327,Outcome of the Management of Patients with Tropical Diabetic Hand Syndrome.,,2025,,42035327,,https://pubmed.ncbi.nlm.nih.gov/42035327/,PubMed,diabetes_glycemic_control_mortality_aging,needs_review,Fetched by scripts/fetch_pubmed.py,2026-04-28
pubmed-42035244,Differential metabolomic prediction of outcomes in HFpEF and HFrEF: a prospective international multi-ethnic cohort study.,,2026,10.1093/cvr/cvag090,42035244,,https://pubmed.ncbi.nlm.nih.gov/42035244/,PubMed,diabetes_glycemic_control_mortality_aging,needs_review,Fetched by scripts/fetch_pubmed.py,2026-04-28
pubmed-42035178,L-shaped association of skeletal muscle mass with all-cause mortality among US adults: a population-based cohort study.,,2026,10.1186/s13690-026-01920-4,42035178,,https://pubmed.ncbi.nlm.nih.gov/42035178/,PubMed,diabetes_glycemic_control_mortality_aging,needs_review,Fetched by scripts/fetch_pubmed.py,2026-04-28
pubmed-42040748,Pre-operative antiplatelet therapy is associated with increased risk of periprosthetic joint infection following total shoulder arthroplasty.,,2026,10.1016/j.jsea.2026.100010,42040748,,https://pubmed.ncbi.nlm.nih.gov/42040748/,PubMed,obesity_weight_loss_mortality_aging,needs_review,Fetched by scripts/fetch_pubmed.py,2026-04-28
pubmed-42040585,Sleeve-fundoplication without gastric resection vs. sleeve gastrectomy: comparable weight loss with reduced GERD incidence in obese rats.,,2026,10.3389/fmed.2026.1792963,42040585,,https://pubmed.ncbi.nlm.nih.gov/42040585/,PubMed,obesity_weight_loss_mortality_aging,needs_review,Fetched by scripts/fetch_pubmed.py,2026-04-28
pubmed-42040568,Label-free quantitative urinary proteomics for non-invasive biomarker discovery in endometrial cancer.,,2026,10.3389/fmed.2026.1759839,42040568,,https://pubmed.ncbi.nlm.nih.gov/42040568/,PubMed,obesity_weight_loss_mortality_aging,needs_review,Fetched by scripts/fetch_pubmed.py,2026-04-28
pubmed-42037164,Modern Treatment for Achalasia: Endoscopic and Surgical therapies.,,2026,10.1093/bjs/znag046,42037164,,https://pubmed.ncbi.nlm.nih.gov/42037164/,PubMed,obesity_weight_loss_mortality_aging,needs_review,Fetched by scripts/fetch_pubmed.py,2026-04-28
pubmed-42035861,From the discovery of GLP-1 to today's diabetes/obesity therapy and beyond.,,2026,10.1016/j.biopsych.2026.04.010,42035861,,https://pubmed.ncbi.nlm.nih.gov/42035861/,PubMed,obesity_weight_loss_mortality_aging,needs_review,Fetched by scripts/fetch_pubmed.py,2026-04-28
pubmed-42035776,"Semaglutide, weight loss, and cardiovascular outcomes in the SELECT trial.",,2026,10.1016/S0140-6736(26)00255-2,42035776,,https://pubmed.ncbi.nlm.nih.gov/42035776/,PubMed,obesity_weight_loss_mortality_aging,needs_review,Fetched by scripts/fetch_pubmed.py,2026-04-28
pubmed-42035775,"Semaglutide, weight loss, and cardiovascular outcomes in the SELECT trial.",,2026,10.1016/S0140-6736(26)00256-4,42035775,,https://pubmed.ncbi.nlm.nih.gov/42035775/,PubMed,obesity_weight_loss_mortality_aging,needs_review,Fetched by scripts/fetch_pubmed.py,2026-04-28
pubmed-42035774,"Semaglutide, weight loss, and cardiovascular outcomes in the SELECT trial - Authors' reply.",,2026,10.1016/S0140-6736(26)00706-3,42035774,,https://pubmed.ncbi.nlm.nih.gov/42035774/,PubMed,obesity_weight_loss_mortality_aging,needs_review,Fetched by scripts/fetch_pubmed.py,2026-04-28
pubmed-42033503,Effects of inspiratory muscle training in adults with obesity and obstructive sleep apnea: a systematic review.,,2026,10.1007/s11325-026-03689-w,42033503,,https://pubmed.ncbi.nlm.nih.gov/42033503/,PubMed,obesity_weight_loss_mortality_aging,needs_review,Fetched by scripts/fetch_pubmed.py,2026-04-28
pubmed-42033237,Cardiovascular outcomes of glucagon-like peptide-1 receptor agonists: A systematic review.,,2026,10.1093/ajhp/zxag121,42033237,,https://pubmed.ncbi.nlm.nih.gov/42033237/,PubMed,obesity_weight_loss_mortality_aging,needs_review,Fetched by scripts/fetch_pubmed.py,2026-04-28
pubmed-42030900,Shaping the future of muscle health: A clinical nutrition perspective and research agenda.,,2026,10.1016/j.clnu.2026.106652,42030900,,https://pubmed.ncbi.nlm.nih.gov/42030900/,PubMed,obesity_weight_loss_mortality_aging,needs_review,Fetched by scripts/fetch_pubmed.py,2026-04-28
pubmed-42030899,Malnutrition defined by the GLIM criteria predicts increased mortality and prolonged hospitalisation among intensive care unit patients: a nationwide database study.,,2026,10.1016/j.clnu.2026.106657,42030899,,https://pubmed.ncbi.nlm.nih.gov/42030899/,PubMed,obesity_weight_loss_mortality_aging,needs_review,Fetched by scripts/fetch_pubmed.py,2026-04-28
pubmed-42043692,A consolidated framework for implementation research (CFIR) informed exploration of a primary care intervention to support deprescribing for problematic polypharmacy in older adults living with frailty (DEPPLOY) in England: a qualitative study.,,2026,10.1007/s11096-026-02140-0,42043692,,https://pubmed.ncbi.nlm.nih.gov/42043692/,PubMed,frailty_interventions_older_adults,needs_review,Fetched by scripts/fetch_pubmed.py,2026-04-28
pubmed-42043469,A Review of Community-Based Frailty and Malnutrition Screening in Older Adults: Current Interventions and Tools.,,2026,10.1007/s10900-026-01567-w,42043469,,https://pubmed.ncbi.nlm.nih.gov/42043469/,PubMed,frailty_interventions_older_adults,needs_review,Fetched by scripts/fetch_pubmed.py,2026-04-28
pubmed-42043332,Addressing Frailty in the Emergency Department: Early Outcomes of a Geriatric Rapid Access Clinic.,,2026,10.1111/acem.70291,42043332,,https://pubmed.ncbi.nlm.nih.gov/42043332/,PubMed,frailty_interventions_older_adults,needs_review,Fetched by scripts/fetch_pubmed.py,2026-04-28
pubmed-42042106,Screening for Pre-Frailty Using Phase Angle Derived from Bioelectrical Impedance Analysis in Community-Dwelling Older Adults.,,2026,10.3390/geriatrics11020049,42042106,,https://pubmed.ncbi.nlm.nih.gov/42042106/,PubMed,frailty_interventions_older_adults,needs_review,Fetched by scripts/fetch_pubmed.py,2026-04-28
pubmed-42042105,Appropriateness and Outcome of a Statin Deprescription Intervention in Hospitalized Frail Older Adults: A Retrospective Study.,,2026,10.3390/geriatrics11020050,42042105,,https://pubmed.ncbi.nlm.nih.gov/42042105/,PubMed,frailty_interventions_older_adults,needs_review,Fetched by scripts/fetch_pubmed.py,2026-04-28
pubmed-42042096,Personalized Hemodialysis Approaches in Frail Older Individuals.,,2026,10.3390/geriatrics11020040,42042096,,https://pubmed.ncbi.nlm.nih.gov/42042096/,PubMed,frailty_interventions_older_adults,needs_review,Fetched by scripts/fetch_pubmed.py,2026-04-28
pubmed-42042092,Emergency Ventral Hernia Management in Older Adults: A Retrospective Cohort Study and Structured Review of the Literature.,,2026,10.3390/geriatrics11020036,42042092,,https://pubmed.ncbi.nlm.nih.gov/42042092/,PubMed,frailty_interventions_older_adults,needs_review,Fetched by scripts/fetch_pubmed.py,2026-04-28
pubmed-42042090,Integrating a Palliative Approach into Cardiogeriatric Decision-Making for Frail Older Adults with Heart Failure.,,2026,10.3390/geriatrics11020034,42042090,,https://pubmed.ncbi.nlm.nih.gov/42042090/,PubMed,frailty_interventions_older_adults,needs_review,Fetched by scripts/fetch_pubmed.py,2026-04-28
pubmed-42041185,Associations of Frailty Index and Composite Dietary Antioxidant Index With Major Ocular Diseases and Analysis of Component Contributions: A Cross-Sectional Study.,,2026,10.1167/tvst.15.4.25,42041185,,https://pubmed.ncbi.nlm.nih.gov/42041185/,PubMed,frailty_interventions_older_adults,needs_review,Fetched by scripts/fetch_pubmed.py,2026-04-28
pubmed-42039132,Risk prediction model for cognitive frailty in older adults with diabetes: a systematic review and meta-analysis.,,2026,10.3389/fendo.2026.1794278,42039132,,https://pubmed.ncbi.nlm.nih.gov/42039132/,PubMed,frailty_interventions_older_adults,needs_review,Fetched by scripts/fetch_pubmed.py,2026-04-28
pubmed-42038862,"Orthostatic Hypotension, Frailty, and Cognitive Impairments Among Older Adults: A Hospital-based Study : Orthostatic Hypotension and Cognitive Frailty in Older Adults.",,2025,10.31661/gmj.v14i.3735,42038862,,https://pubmed.ncbi.nlm.nih.gov/42038862/,PubMed,frailty_interventions_older_adults,needs_review,Fetched by scripts/fetch_pubmed.py,2026-04-28
pubmed-42037682,"Frailty status and the risk of dementia, Alzheimer's disease: a meta-analysis of observational studies.",,2026,10.3389/fneur.2026.1798080,42037682,,https://pubmed.ncbi.nlm.nih.gov/42037682/,PubMed,frailty_interventions_older_adults,needs_review,Fetched by scripts/fetch_pubmed.py,2026-04-28
pubmed-42037433,[Prediction modeling for fall alertness impairment in Meniere's disease: development and clinical validation].,,2026,10.13201/j.issn.2096-7993.2026.05.007,42037433,,https://pubmed.ncbi.nlm.nih.gov/42037433/,PubMed,frailty_interventions_older_adults,needs_review,Fetched by scripts/fetch_pubmed.py,2026-04-28
pubmed-42041818,LearningRx Cognitive Training for Workplace Self-Efficacy in Adults with Post-COVID-19 Brain Fog: A Mixed-Methods Pilot Study.,,2026,10.3390/brainsci16040410,42041818,,https://pubmed.ncbi.nlm.nih.gov/42041818/,PubMed,cognitive_decline_dementia_prevention,needs_review,Fetched by scripts/fetch_pubmed.py,2026-04-28
pubmed-42040754,Evaluating the cognitive impact of exergames on community-dwelling older adults beyond laboratory settings: a systematic review and meta-analysis.,,2026,10.3389/frdem.2026.1768487,42040754,,https://pubmed.ncbi.nlm.nih.gov/42040754/,PubMed,cognitive_decline_dementia_prevention,needs_review,Fetched by scripts/fetch_pubmed.py,2026-04-28
pubmed-42036374,[Association between energy-adjusted dietary inflammatory index and cognitive function in individuals aged 55 and over across four Chinese provinces from 2018 to 2019].,,2026,10.19813/j.cnki.weishengyanjiu.2026.02.010,42036374,,https://pubmed.ncbi.nlm.nih.gov/42036374/,PubMed,cognitive_decline_dementia_prevention,needs_review,Fetched by scripts/fetch_pubmed.py,2026-04-28
pubmed-42034980,Geriatric Oncology multidomain intervention study to prevent Cognitive impairment among older Indian patients with cancer receiving chemotherapy: a multicentric randomised controlled trial (GOCog).,,2026,10.1186/s12877-026-07513-8,42034980,,https://pubmed.ncbi.nlm.nih.gov/42034980/,PubMed,cognitive_decline_dementia_prevention,needs_review,Fetched by scripts/fetch_pubmed.py,2026-04-28
pubmed-42032739,"Pathways to resilience: relationships between cognitive reserve, psychological debt, and Alzheimer's disease biomarkers.",,2026,10.1186/s13195-026-02054-z,42032739,,https://pubmed.ncbi.nlm.nih.gov/42032739/,PubMed,cognitive_decline_dementia_prevention,needs_review,Fetched by scripts/fetch_pubmed.py,2026-04-28
pubmed-42028554,Causal machine learning analysis identifies subpopulations most likely to benefit from healthy lifestyles for cognitive outcomes.,,2026,10.1002/gps3.70013,42028554,,https://pubmed.ncbi.nlm.nih.gov/42028554/,PubMed,cognitive_decline_dementia_prevention,needs_review,Fetched by scripts/fetch_pubmed.py,2026-04-28
pubmed-42027570,The role of nutrition and multimodal lifestyle interventions in Alzheimer's prevention and management: a mini-review.,,2026,10.3389/fnut.2026.1818913,42027570,,https://pubmed.ncbi.nlm.nih.gov/42027570/,PubMed,cognitive_decline_dementia_prevention,needs_review,Fetched by scripts/fetch_pubmed.py,2026-04-28
pubmed-42024796,Alcohol and neurodegenerative diseases: a review of mechanistic insights and disease specific effects.,,2026,10.1080/00952990.2026.2645215,42024796,,https://pubmed.ncbi.nlm.nih.gov/42024796/,PubMed,cognitive_decline_dementia_prevention,needs_review,Fetched by scripts/fetch_pubmed.py,2026-04-28
pubmed-42022545,Gut-brain health effects of PREbiotics in older adults with suspected COgnitive DEcline: design of the PRECODE randomised placebo-controlled trial.,,2026,10.3389/fnut.2026.1738622,42022545,,https://pubmed.ncbi.nlm.nih.gov/42022545/,PubMed,cognitive_decline_dementia_prevention,needs_review,Fetched by scripts/fetch_pubmed.py,2026-04-28
pubmed-42019901,The hidden link between diabetes and dementia: Findings from recent epidemiological studies.,,2026,10.1016/j.bj.2026.100985,42019901,,https://pubmed.ncbi.nlm.nih.gov/42019901/,PubMed,cognitive_decline_dementia_prevention,needs_review,Fetched by scripts/fetch_pubmed.py,2026-04-28
pubmed-42019884,The MAIA trial: protocol of a prospective randomized controlled trial to evaluate the impact of an omega-3 polyunsaturated fatty acids-enriched diet on the loss of independence in nursing home residents.,,2026,10.1016/j.clnesp.2026.103302,42019884,,https://pubmed.ncbi.nlm.nih.gov/42019884/,PubMed,cognitive_decline_dementia_prevention,needs_review,Fetched by scripts/fetch_pubmed.py,2026-04-28
pubmed-42012858,Cost-utility of implantable tibial neuromodulation (Revi) versus conservative therapy for urgency urinary incontinence in adults: a US payer perspective.,,2026,10.1080/13696998.2026.2655592,42012858,,https://pubmed.ncbi.nlm.nih.gov/42012858/,PubMed,cognitive_decline_dementia_prevention,needs_review,Fetched by scripts/fetch_pubmed.py,2026-04-28
pubmed-42012771,Well-being decline during adolescence: school transition as a predominant driver beyond age progression.,,2026,10.1111/jcpp.70154,42012771,,https://pubmed.ncbi.nlm.nih.gov/42012771/,PubMed,cognitive_decline_dementia_prevention,needs_review,Fetched by scripts/fetch_pubmed.py,2026-04-28
pubmed-42009666,Cohort profile Davos Alzheimer's Collaborative DAC Egypt Cohort.,,2026,10.1038/s41514-026-00378-6,42009666,,https://pubmed.ncbi.nlm.nih.gov/42009666/,PubMed,cognitive_decline_dementia_prevention,needs_review,Fetched by scripts/fetch_pubmed.py,2026-04-28
pubmed-42039874,Alcohol Consumption and Health Outcomes Among Men in a Rural HIV-Endemic Cohort in South Africa.,,2025,10.12688/wellcomeopenres.24185.2,42039874,,https://pubmed.ncbi.nlm.nih.gov/42039874/,PubMed,smoking_alcohol_mortality_healthy_aging,needs_review,Fetched by scripts/fetch_pubmed.py,2026-04-28
pubmed-42021780,Pharmacist-Led Integrated Management for Patients with Chronic Obstructive Pulmonary Disease: A Systematic Review and Meta-Analysis.,,2026,10.2147/COPD.S589904,42021780,,https://pubmed.ncbi.nlm.nih.gov/42021780/,PubMed,smoking_alcohol_mortality_healthy_aging,needs_review,Fetched by scripts/fetch_pubmed.py,2026-04-28
pubmed-42006699,"Relationship between metabolic syndrome, metabolic syndrome-related factors, and all-cause mortality in the O City Cohort I survey: a 28-year follow-up study of rural Japanese residents.",,2026,10.2185/jrm.2025-030,42006699,,https://pubmed.ncbi.nlm.nih.gov/42006699/,PubMed,smoking_alcohol_mortality_healthy_aging,needs_review,Fetched by scripts/fetch_pubmed.py,2026-04-28
pubmed-42002084,"The association between neighborhood socioeconomic status and lung cancer incidence and mortality risk: A systematic review and meta-analysis of cohort studies from North America, Europe, and Asia.",,2026,10.1016/j.ypmed.2026.108582,42002084,,https://pubmed.ncbi.nlm.nih.gov/42002084/,PubMed,smoking_alcohol_mortality_healthy_aging,needs_review,Fetched by scripts/fetch_pubmed.py,2026-04-28
pubmed-41994605,Global Burden of Alcoholic Cardiomyopathy in Adults Aged 60 and Older From 1990 to 2021: A Secondary Analysis of Global Burden of Disease 2021 Data.,,2026,10.1002/hsr2.72358,41994605,,https://pubmed.ncbi.nlm.nih.gov/41994605/,PubMed,smoking_alcohol_mortality_healthy_aging,needs_review,Fetched by scripts/fetch_pubmed.py,2026-04-28
pubmed-41992304,Tracking DNA methylation-based biological age over 8 years and its association with mortality in community-dwelling older adults.,,2026,10.1186/s13148-026-02067-3,41992304,,https://pubmed.ncbi.nlm.nih.gov/41992304/,PubMed,smoking_alcohol_mortality_healthy_aging,needs_review,Fetched by scripts/fetch_pubmed.py,2026-04-28
pubmed-41991748,Factors associated with and patterns of alcohol intake in late survivorship for breast cancer survivors.,,2026,10.1007/s10549-026-07957-x,41991748,,https://pubmed.ncbi.nlm.nih.gov/41991748/,PubMed,smoking_alcohol_mortality_healthy_aging,needs_review,Fetched by scripts/fetch_pubmed.py,2026-04-28
pubmed-41980036,"Global burden of esophageal cancer attributable to smoking and alcohol, 1990-2021, with projections to 2040: a population-based analysis of the global burden of disease study 2021.",,2026,10.1080/07853890.2026.2657616,41980036,,https://pubmed.ncbi.nlm.nih.gov/41980036/,PubMed,smoking_alcohol_mortality_healthy_aging,needs_review,Fetched by scripts/fetch_pubmed.py,2026-04-28
pubmed-41976854,"From Birth to Midlife-Liver Function, Fibrosis and Mortality in Individuals with Severe Alpha-1-Antitrypsin Deficiency Identified by Neonatal Screening.",,2026,10.3390/jcm15072553,41976854,,https://pubmed.ncbi.nlm.nih.gov/41976854/,PubMed,smoking_alcohol_mortality_healthy_aging,needs_review,Fetched by scripts/fetch_pubmed.py,2026-04-28
pubmed-41938945,Relative contributions of lifestyle factors to stage-specific progression and mortality in cardiovascular-kidney-metabolic syndrome: a prospective cohort study with multi-state models.,,2026,10.3389/fpubh.2026.1782700,41938945,,https://pubmed.ncbi.nlm.nih.gov/41938945/,PubMed,smoking_alcohol_mortality_healthy_aging,needs_review,Fetched by scripts/fetch_pubmed.py,2026-04-28
pubmed-41935254,Changes of DNA methylation in smokers and ex-smokers referred for coronary angiography. Results from the LURIC study.,,2026,10.1186/s13148-026-02118-9,41935254,,https://pubmed.ncbi.nlm.nih.gov/41935254/,PubMed,smoking_alcohol_mortality_healthy_aging,needs_review,Fetched by scripts/fetch_pubmed.py,2026-04-28
pubmed-41931367,Association between Alcohol Consumption and All-Cause Mortality in Patients Undergoing Hemodialysis: A Survival Analysis from the DIET-HD Cohort.,,2026,10.2215/CJN.0000001052,41931367,,https://pubmed.ncbi.nlm.nih.gov/41931367/,PubMed,smoking_alcohol_mortality_healthy_aging,needs_review,Fetched by scripts/fetch_pubmed.py,2026-04-28
pubmed-41930690,"Complications After Rectal Cancer Surgery: Do Female Patients Fare Better? A Retrospective, Matched Cohort Analysis.",,2026,10.1097/DCR.0000000000004211,41930690,,https://pubmed.ncbi.nlm.nih.gov/41930690/,PubMed,smoking_alcohol_mortality_healthy_aging,needs_review,Fetched by scripts/fetch_pubmed.py,2026-04-28
pubmed-41926775,Cardiovascular effects of electronic cigarettes and heated tobacco products: Clinical evidence from a narrative review.,,2026,10.17219/acem/217292,41926775,,https://pubmed.ncbi.nlm.nih.gov/41926775/,PubMed,smoking_alcohol_mortality_healthy_aging,needs_review,Fetched by scripts/fetch_pubmed.py,2026-04-28
pubmed-41925089,"Rate of Viral Resuppression and Predictors Among PLHIV on Second-Line Antiretroviral Therapy at Gondar Comprehensive Specialized Hospital, Northwest, Ethiopia: A Retrospective Cohort Study.",,2026,10.1177/23259582261439620,41925089,,https://pubmed.ncbi.nlm.nih.gov/41925089/,PubMed,smoking_alcohol_mortality_healthy_aging,needs_review,Fetched by scripts/fetch_pubmed.py,2026-04-28
pubmed-41918302,"Machine Learning Approaches to Identify Physical, Psychological, and Social Predictors of Worsening Frailty Transitions Among Community-Dwelling Older Adults: A Longitudinal Cohort Study.",,2026,10.1111/ggi.70467,41918302,,https://pubmed.ncbi.nlm.nih.gov/41918302/,PubMed,smoking_alcohol_mortality_healthy_aging,needs_review,Fetched by scripts/fetch_pubmed.py,2026-04-28
pubmed-41903721,The Impact of preoperative smoking cessation on outcomes of elective suprainguinal bypasses in patients with aortoiliac occlusive disease: A propensity-score matched analysis.,,2026,10.1016/j.jvs.2026.03.440,41903721,,https://pubmed.ncbi.nlm.nih.gov/41903721/,PubMed,smoking_alcohol_mortality_healthy_aging,needs_review,Fetched by scripts/fetch_pubmed.py,2026-04-28
pubmed-41882990,An Evaluation of Mortality Rates and Their Determinants in a Cohort of Former Asbestos Miners in South Africa.,,2026,10.1002/ajim.70077,41882990,,https://pubmed.ncbi.nlm.nih.gov/41882990/,PubMed,smoking_alcohol_mortality_healthy_aging,needs_review,Fetched by scripts/fetch_pubmed.py,2026-04-28
pubmed-42041974,"Is Age-Related Hearing Loss a Modifiable Risk Factor for Cognitive Decline? Mechanisms, Evidence, and Future Directions.",,2026,10.3390/audiolres16020061,42041974,,https://pubmed.ncbi.nlm.nih.gov/42041974/,PubMed,hearing_vision_social_isolation_aging,needs_review,Fetched by scripts/fetch_pubmed.py,2026-04-28
pubmed-42040757,Hearing loss and incident dementia over 8 years in Black and White older adults: the Atherosclerosis Risk in Communities Neurocognitive Study.,,2026,10.3389/fepid.2026.1798451,42040757,,https://pubmed.ncbi.nlm.nih.gov/42040757/,PubMed,hearing_vision_social_isolation_aging,needs_review,Fetched by scripts/fetch_pubmed.py,2026-04-28
pubmed-42036152,Linking social isolation to excess mortality in stroke survivors: a population-based investigation of inflammation indicators.,,2026,10.1080/10749357.2026.2664216,42036152,,https://pubmed.ncbi.nlm.nih.gov/42036152/,PubMed,hearing_vision_social_isolation_aging,needs_review,Fetched by scripts/fetch_pubmed.py,2026-04-28
pubmed-42034210,Visual Impairment as a Marker of Systemic Vulnerability and Cause-Specific Mortality in U.S. Adults.,,2026,10.1016/j.ajo.2026.04.019,42034210,,https://pubmed.ncbi.nlm.nih.gov/42034210/,PubMed,hearing_vision_social_isolation_aging,needs_review,Fetched by scripts/fetch_pubmed.py,2026-04-28
pubmed-42029604,Longitudinal Evaluation of Neurological and Sensory Changes in Gaucher Disease: A Prospective Observational Cohort Study (SENOPRO).,,2026,10.3390/medsci14020181,42029604,,https://pubmed.ncbi.nlm.nih.gov/42029604/,PubMed,hearing_vision_social_isolation_aging,needs_review,Fetched by scripts/fetch_pubmed.py,2026-04-28
pubmed-42022659,Protocol for a Pre-Post Field Trial of a Home Hearing and Vision Care Program for Older Australians With Diverse Cognitive Abilities and Hearing and/or Vision Impairment.,,2026,10.1002/hsr2.71931,42022659,,https://pubmed.ncbi.nlm.nih.gov/42022659/,PubMed,hearing_vision_social_isolation_aging,needs_review,Fetched by scripts/fetch_pubmed.py,2026-04-28
pubmed-42008923,"Glycoproteinoses: Clinical features, therapeutic landscape, and regulatory pathways in rare lysosomal disorders.",,2026,10.1016/j.ymgme.2026.110129,42008923,,https://pubmed.ncbi.nlm.nih.gov/42008923/,PubMed,hearing_vision_social_isolation_aging,needs_review,Fetched by scripts/fetch_pubmed.py,2026-04-28
pubmed-42006759,Intersectional inequalities in COVID-19 morbidity and mortality in Sweden: a retrospective population-based cohort study.,,2026,10.1136/bmjph-2025-004719,42006759,,https://pubmed.ncbi.nlm.nih.gov/42006759/,PubMed,hearing_vision_social_isolation_aging,needs_review,Fetched by scripts/fetch_pubmed.py,2026-04-28
pubmed-42004168,Multimodal frailty detection in primary care using a portable sensor-based platform: exploratory results.,,2026,10.3389/fragi.2026.1695517,42004168,,https://pubmed.ncbi.nlm.nih.gov/42004168/,PubMed,hearing_vision_social_isolation_aging,needs_review,Fetched by scripts/fetch_pubmed.py,2026-04-28
pubmed-42001390,The Association Between Religious Participation and Social Isolation in Middle-Aged and Older Adults: A Longitudinal Analysis of the Canadian Longitudinal Study on Aging.,,2026,10.1007/s10943-026-02665-8,42001390,,https://pubmed.ncbi.nlm.nih.gov/42001390/,PubMed,hearing_vision_social_isolation_aging,needs_review,Fetched by scripts/fetch_pubmed.py,2026-04-28
pubmed-41996390,Impact of prophylactic oral azithromycin during labor on Azithromycin Resistance (AMR) in nasal Staphylococcus aureus and Streptococcus pneumoniae in women and infants in the multi-country Azithromycin Prevention in Labor Use Study (A-PLUS).,,2026,10.1371/journal.pone.0346174,41996390,,https://pubmed.ncbi.nlm.nih.gov/41996390/,PubMed,hearing_vision_social_isolation_aging,needs_review,Fetched by scripts/fetch_pubmed.py,2026-04-28
pubmed-41992392,Evaluation of Brain Age on Magnetic Resonance Imaging Using Machine Learning Techniques in Patients With Hearing Loss.,,2026,10.1097/AUD.0000000000001824,41992392,,https://pubmed.ncbi.nlm.nih.gov/41992392/,PubMed,hearing_vision_social_isolation_aging,needs_review,Fetched by scripts/fetch_pubmed.py,2026-04-28
pubmed-41988474,Low vitamin D status and 10-year dementia risk in sensory-impaired adults: a propensity score-matched cohort study.,,2026,10.3389/fnut.2026.1822195,41988474,,https://pubmed.ncbi.nlm.nih.gov/41988474/,PubMed,hearing_vision_social_isolation_aging,needs_review,Fetched by scripts/fetch_pubmed.py,2026-04-28
pubmed-41966701,Effects of Nature-based Group Intervention on Cognition and Nature Connectedness Among Lonely Older Adults Living in Assisted Living Facilities-Secondary Analyses of an RCT.,,2026,10.1016/j.jamda.2026.106203,41966701,,https://pubmed.ncbi.nlm.nih.gov/41966701/,PubMed,hearing_vision_social_isolation_aging,needs_review,Fetched by scripts/fetch_pubmed.py,2026-04-28
pubmed-41966599,Knowledge and perception of dementia risk and protective factors: a systematic review and meta-analysis.,,2026,10.1016/j.tjpad.2026.100565,41966599,,https://pubmed.ncbi.nlm.nih.gov/41966599/,PubMed,hearing_vision_social_isolation_aging,needs_review,Fetched by scripts/fetch_pubmed.py,2026-04-28
pubmed-41957530,Conductive Hearing Loss is Associated With Dementia in the All of Us Research Program.,,2026,10.1002/lary.70546,41957530,,https://pubmed.ncbi.nlm.nih.gov/41957530/,PubMed,hearing_vision_social_isolation_aging,needs_review,Fetched by scripts/fetch_pubmed.py,2026-04-28
pubmed-41954898,Low-Dose Aspirin and Central Presbycusis: A Substudy of the ASPREE Randomized Clinical Trial.,,2026,10.1001/jamaoto.2026.0338,41954898,,https://pubmed.ncbi.nlm.nih.gov/41954898/,PubMed,hearing_vision_social_isolation_aging,needs_review,Fetched by scripts/fetch_pubmed.py,2026-04-28
pubmed-42043230,Surveillance of Seasonal Influenza Viruses in Kazakhstan (2020-2025).,,2026,10.3390/v18040441,42043230,,https://pubmed.ncbi.nlm.nih.gov/42043230/,PubMed,vaccination_older_adults_mortality,needs_review,Fetched by scripts/fetch_pubmed.py,2026-04-28
pubmed-42042960,"Trends in Pulmonary Tuberculosis Mortality: A Population-Based Study in a Northern Vietnamese Province, 2005-2008 and 2011-2018.",,2026,10.3390/tropicalmed11040099,42042960,,https://pubmed.ncbi.nlm.nih.gov/42042960/,PubMed,vaccination_older_adults_mortality,needs_review,Fetched by scripts/fetch_pubmed.py,2026-04-28
pubmed-42042786,Neo-BCV: A Novel Bacterial Complex Vaccine Reshaping the Gut Microbiota to Enhance the Antitumor Immune Response.,,2026,10.3390/vaccines14040310,42042786,,https://pubmed.ncbi.nlm.nih.gov/42042786/,PubMed,vaccination_older_adults_mortality,needs_review,Fetched by scripts/fetch_pubmed.py,2026-04-28
pubmed-42042784,Effects of Respiratory Vaccines in Older Adults with Cardiovascular Diseases: A Scoping Review.,,2026,10.3390/vaccines14040308,42042784,,https://pubmed.ncbi.nlm.nih.gov/42042784/,PubMed,vaccination_older_adults_mortality,needs_review,Fetched by scripts/fetch_pubmed.py,2026-04-28
pubmed-42042039,Tea Polyphenols in the COVID-19 Era: Mechanistic Insights and Translational Challenges.,,2026,10.3390/cimb48040379,42042039,,https://pubmed.ncbi.nlm.nih.gov/42042039/,PubMed,vaccination_older_adults_mortality,needs_review,Fetched by scripts/fetch_pubmed.py,2026-04-28
pubmed-42035777,"Safety and efficacy of the monoclonal antibody L9LS for malaria prevention in children exposed to perennial malaria transmission in Kenya: a randomised, double-blind, placebo-controlled, phase 2 trial.",,2026,10.1016/S0140-6736(26)00258-8,42035777,,https://pubmed.ncbi.nlm.nih.gov/42035777/,PubMed,vaccination_older_adults_mortality,needs_review,Fetched by scripts/fetch_pubmed.py,2026-04-28
pubmed-42035758,"Burden of 292 causes of death and life expectancy decomposition in Iran, 1990-2023: a systematic analysis for the Global Burden of Disease Study 2023.",,2026,10.1016/S2214-109X(26)00031-8,42035758,,https://pubmed.ncbi.nlm.nih.gov/42035758/,PubMed,vaccination_older_adults_mortality,needs_review,Fetched by scripts/fetch_pubmed.py,2026-04-28
pubmed-42033232,"In the name of immunity, for the sake of the sacred: An analysis of the Iranian government's response to the COVID-19 outbreak.",,2026,10.1080/17441692.2026.2648971,42033232,,https://pubmed.ncbi.nlm.nih.gov/42033232/,PubMed,vaccination_older_adults_mortality,needs_review,Fetched by scripts/fetch_pubmed.py,2026-04-28
pubmed-42031470,Common femoral artery pseudoaneurysm due to Mycobacterium Bovis infection following intravescical bacillus Calmette-Guerin therapy.,,2026,10.1016/j.ijtb.2025.02.003,42031470,,https://pubmed.ncbi.nlm.nih.gov/42031470/,PubMed,vaccination_older_adults_mortality,needs_review,Fetched by scripts/fetch_pubmed.py,2026-04-28
pubmed-42030311,The impact of COVID-19 vaccination on long-term risk of new-onset atrial fibrillation/flutter after COVID-19 infection: A retrospective cohort study.,,2026,10.1371/journal.pone.0348133,42030311,,https://pubmed.ncbi.nlm.nih.gov/42030311/,PubMed,vaccination_older_adults_mortality,needs_review,Fetched by scripts/fetch_pubmed.py,2026-04-28
pubmed-42029668,Determinants and gaps influencing zero-dose immunization and maternal Health service utilization in Nigeria: a cross-sectional household survey across six Nigerian states.,,2026,10.1080/16549716.2026.2660488,42029668,,https://pubmed.ncbi.nlm.nih.gov/42029668/,PubMed,vaccination_older_adults_mortality,needs_review,Fetched by scripts/fetch_pubmed.py,2026-04-28
pubmed-42028354,Mortality Due to COVID-19 Among Persons With Traumatic Spinal Cord Injury in the United States: 2020-2022.,,2026,10.46292/sci25-00118,42028354,,https://pubmed.ncbi.nlm.nih.gov/42028354/,PubMed,vaccination_older_adults_mortality,needs_review,Fetched by scripts/fetch_pubmed.py,2026-04-28
pubmed-42027928,Household transmission of SARS-CoV-2 in the paediatric age group and associated factors: an ambispective community-based study.,,2026,10.3389/fpubh.2026.1778406,42027928,,https://pubmed.ncbi.nlm.nih.gov/42027928/,PubMed,vaccination_older_adults_mortality,needs_review,Fetched by scripts/fetch_pubmed.py,2026-04-28
pubmed-42026913,Effect of Respiratory Syncytial Virus on the Global Burden of Lower Respiratory Infections: Lessons From the Global Burden of Disease Study 1990-2021.,,2026,10.1002/iid3.70415,42026913,,https://pubmed.ncbi.nlm.nih.gov/42026913/,PubMed,vaccination_older_adults_mortality,needs_review,Fetched by scripts/fetch_pubmed.py,2026-04-28
pubmed-42026681,In vivo adenine base editing of mutant Galc gene ameliorates Krabbe disease progression.,,2026,10.1186/s13073-026-01620-2,42026681,,https://pubmed.ncbi.nlm.nih.gov/42026681/,PubMed,itp_mouse_lifespan_interventions,needs_review,Fetched by scripts/fetch_pubmed.py,2026-04-28
pubmed-41863332,Chronic rapamycin treatment attenuates age-related motor deficits in sex-dependent manner in UM-HET3 mice.,,2026,10.1093/gerona/glag070,41863332,,https://pubmed.ncbi.nlm.nih.gov/41863332/,PubMed,itp_mouse_lifespan_interventions,needs_review,Fetched by scripts/fetch_pubmed.py,2026-04-28
pubmed-41843349,"Astaxanthin, meclizine, mitoglitazone, pioglitazone, alpha-ketoglutarate, mifepristone, methotrexate, and atorvastatin-telmisartan do not increase lifespan in UM-HET3 mice.",,2026,10.1007/s11357-026-02201-2,41843349,,https://pubmed.ncbi.nlm.nih.gov/41843349/,PubMed,itp_mouse_lifespan_interventions,needs_review,Fetched by scripts/fetch_pubmed.py,2026-04-28
pubmed-41837372,Improving statistical rigor in animal aging research by addressing clustering and nesting effects: Illustration with the National Institute on Aging's Intervention Testing Program data.,,2026,10.1093/gerona/glag074,41837372,,https://pubmed.ncbi.nlm.nih.gov/41837372/,PubMed,itp_mouse_lifespan_interventions,needs_review,Fetched by scripts/fetch_pubmed.py,2026-04-28
pubmed-41664694,The mechanism of prostaglandin E2 upregulation of programmed death ligand 1 expression promoting immune escape in non-small cell lung cancer.,,2025,10.25259/Cytojournal_129_2025,41664694,,https://pubmed.ncbi.nlm.nih.gov/41664694/,PubMed,itp_mouse_lifespan_interventions,needs_review,Fetched by scripts/fetch_pubmed.py,2026-04-28
pubmed-41630039,Kaempferol alleviates T-cell immunosenescence and inflammaging in aged mice via the SIRT3-LKB1-AMPK-mitophagy pathway.,,2026,10.1186/s12979-026-00560-0,41630039,,https://pubmed.ncbi.nlm.nih.gov/41630039/,PubMed,itp_mouse_lifespan_interventions,needs_review,Fetched by scripts/fetch_pubmed.py,2026-04-28
pubmed-41591548,Cav-1 deficiency induces cardiac dysfunction via the AdipoR1-AMPK-mTOR autophagy pathway.,,2026,10.1007/s00011-025-02171-9,41591548,,https://pubmed.ncbi.nlm.nih.gov/41591548/,PubMed,itp_mouse_lifespan_interventions,needs_review,Fetched by scripts/fetch_pubmed.py,2026-04-28
pubmed-41563386,"Camonsertib, an ATRi, in Combination with Low-Dose Gemcitabine in Solid Tumors with DNA Damage Response Aberrations: Preclinical and Phase Ib Results.",,2026,10.1158/1078-0432.CCR-25-2240,41563386,,https://pubmed.ncbi.nlm.nih.gov/41563386/,PubMed,itp_mouse_lifespan_interventions,needs_review,Fetched by scripts/fetch_pubmed.py,2026-04-28
pubmed-41514094,Association between cagemate number and risk of death in mice: a time-varying covariate analysis using Cox frailty models.,,2026,10.1007/s11357-025-02080-z,41514094,,https://pubmed.ncbi.nlm.nih.gov/41514094/,PubMed,itp_mouse_lifespan_interventions,needs_review,Fetched by scripts/fetch_pubmed.py,2026-04-28
pubmed-41337822,Time-restricted feeding rescues sociability deficits and reduces neuroinflammation in aged mice.,,2026,10.1016/j.neurobiolaging.2025.11.007,41337822,,https://pubmed.ncbi.nlm.nih.gov/41337822/,PubMed,itp_mouse_lifespan_interventions,needs_review,Fetched by scripts/fetch_pubmed.py,2026-04-28
pubmed-41332661,Autonomous AI Agents Discover Aging Interventions from Millions of Molecular Profiles.,,2025,10.1101/2023.02.28.530532,41332661,,https://pubmed.ncbi.nlm.nih.gov/41332661/,PubMed,itp_mouse_lifespan_interventions,needs_review,Fetched by scripts/fetch_pubmed.py,2026-04-28
pubmed-41331947,Strategic trimodal therapy enhances radiation-induced abscopal response in renal cancer.,,2025,10.1186/s12967-025-07518-8,41331947,,https://pubmed.ncbi.nlm.nih.gov/41331947/,PubMed,itp_mouse_lifespan_interventions,needs_review,Fetched by scripts/fetch_pubmed.py,2026-04-28
pubmed-41258280,"Deciphering the timing and impact of life-extending interventions: temporal efficacy profiler distinguishes early, midlife, and senescence phase efficacies.",,2025,10.1038/s41467-025-65158-4,41258280,,https://pubmed.ncbi.nlm.nih.gov/41258280/,PubMed,itp_mouse_lifespan_interventions,needs_review,Fetched by scripts/fetch_pubmed.py,2026-04-28
pubmed-41143867,Hydrogen-rich water alleviates neuropathic pain through the modulation of bile acid/Takeda G-protein-coupled receptor 5-mediated autophagy.,,2026,10.1097/j.pain.0000000000003830,41143867,,https://pubmed.ncbi.nlm.nih.gov/41143867/,PubMed,itp_mouse_lifespan_interventions,needs_review,Fetched by scripts/fetch_pubmed.py,2026-04-28
pubmed-41068535,Salivary gland tissue chip screening identifies candidate radioprotective drugs.,,2025,10.1038/s43856-025-01136-7,41068535,,https://pubmed.ncbi.nlm.nih.gov/41068535/,PubMed,itp_mouse_lifespan_interventions,needs_review,Fetched by scripts/fetch_pubmed.py,2026-04-28
pubmed-41034946,PLA2 driven lipid signaling drives ARMS tumorigenic cell properties.,,2025,10.1186/s12964-025-02409-3,41034946,,https://pubmed.ncbi.nlm.nih.gov/41034946/,PubMed,itp_mouse_lifespan_interventions,needs_review,Fetched by scripts/fetch_pubmed.py,2026-04-28
pubmed-41001421,Parasite-mediated alteration of behaviour and biomolecular dynamics in a mouse model.,,2025,10.3389/fcimb.2025.1574660,41001421,,https://pubmed.ncbi.nlm.nih.gov/41001421/,PubMed,itp_mouse_lifespan_interventions,needs_review,Fetched by scripts/fetch_pubmed.py,2026-04-28
pubmed-40973907,"Extension of lifespan by epicatechin, halofuginone and mitoglitazone in male but not female genetically heterogeneous mice.",,2025,10.1007/s11357-025-01881-6,40973907,,https://pubmed.ncbi.nlm.nih.gov/40973907/,PubMed,itp_mouse_lifespan_interventions,needs_review,Fetched by scripts/fetch_pubmed.py,2026-04-28
pubmed-40939341,Inhibiting mTORC1 pathway by rapamycin restores the balance of CD8(+) T cell subsets and reduces CD8(+) T cell-mediated platelet destruction in immune thrombocytopenia.,,2025,10.1016/j.thromres.2025.109475,40939341,,https://pubmed.ncbi.nlm.nih.gov/40939341/,PubMed,itp_mouse_lifespan_interventions,needs_review,Fetched by scripts/fetch_pubmed.py,2026-04-28
pubmed-40871670,"5,7-Dimethoxyflavone Attenuates Sarcopenic Obesity by Enhancing PGC-1α-Mediated Mitochondrial Function in High-Fat-Diet-Induced Obese Mice.",,2025,10.3390/nu17162642,40871670,,https://pubmed.ncbi.nlm.nih.gov/40871670/,PubMed,itp_mouse_lifespan_interventions,needs_review,Fetched by scripts/fetch_pubmed.py,2026-04-28
pubmed-41959358,A composite frailty index enables quantification of functional aging and identification of gerotherapeutic drugs in the house cricket.,,2026,10.64898/2026.04.01.715973,41959358,,https://pubmed.ncbi.nlm.nih.gov/41959358/,PubMed,acarbose_lifespan_aging,needs_review,Fetched by scripts/fetch_pubmed.py,2026-04-28
pubmed-41918339,Postprandial Hypotension-Methods for the Evaluation and Management.,,2026,10.1111/ggi.70456,41918339,,https://pubmed.ncbi.nlm.nih.gov/41918339/,PubMed,acarbose_lifespan_aging,needs_review,Fetched by scripts/fetch_pubmed.py,2026-04-28
pubmed-41858791,TAS2R38 taster variants-linked MGAM expression in Alzheimer's disease: a novel target for precision drug repurposing.,,2026,10.3389/fnagi.2026.1768436,41858791,,https://pubmed.ncbi.nlm.nih.gov/41858791/,PubMed,acarbose_lifespan_aging,needs_review,Fetched by scripts/fetch_pubmed.py,2026-04-28
pubmed-41797003,Integrative Experimental Paradigm of Oxadiazole-Schiff Base Hybrids: Pharmacophore-Driven Docking Simulations and DFT Insights Toward Antidiabetic Therapeutic Discovery.,,2026,10.1111/cbdd.70270,41797003,,https://pubmed.ncbi.nlm.nih.gov/41797003/,PubMed,acarbose_lifespan_aging,needs_review,Fetched by scripts/fetch_pubmed.py,2026-04-28
pubmed-41432249,Antidiabetic Evaluation of New Pyrimidine-Thiazoline Hybrids Endorsed With Enzyme Kinetic Studies and Computational Analysis.,,2025,10.1111/cbdd.70224,41432249,,https://pubmed.ncbi.nlm.nih.gov/41432249/,PubMed,acarbose_lifespan_aging,needs_review,Fetched by scripts/fetch_pubmed.py,2026-04-28
pubmed-41360035,Hypoglycemic effects of lanostane triterpenoids from the fruiting bodies of Ganoderma lingzhi.,,2026,10.1016/j.bioorg.2025.109333,41360035,,https://pubmed.ncbi.nlm.nih.gov/41360035/,PubMed,acarbose_lifespan_aging,needs_review,Fetched by scripts/fetch_pubmed.py,2026-04-28
pubmed-41344575,Progress in anti-ageing drug research for age-related diseases: A review.,,2026,10.1016/j.arr.2025.102982,41344575,,https://pubmed.ncbi.nlm.nih.gov/41344575/,PubMed,acarbose_lifespan_aging,needs_review,Fetched by scripts/fetch_pubmed.py,2026-04-28
pubmed-41168880,Integrative Omics Reveal Female-Specific Benefits of p16(+) Cell Clearance in Aging Mice.,,2026,10.1002/advs.202509444,41168880,,https://pubmed.ncbi.nlm.nih.gov/41168880/,PubMed,acarbose_lifespan_aging,needs_review,Fetched by scripts/fetch_pubmed.py,2026-04-28
pubmed-40872202,"Bioactive Potential of Nepenthes miranda Flower Extracts: Antidiabetic, Anti-Skin Aging, Cytotoxic, and Dihydroorotase-Inhibitory Activities.",,2025,10.3390/plants14162579,40872202,,https://pubmed.ncbi.nlm.nih.gov/40872202/,PubMed,acarbose_lifespan_aging,needs_review,Fetched by scripts/fetch_pubmed.py,2026-04-28
pubmed-40836299,Comparative cardiovascular outcomes and safety of hypoglycemic drug classes in patients with type 2 diabetes and hypertension: a multicenter cohort analysis.,,2025,10.1186/s12933-025-02892-5,40836299,,https://pubmed.ncbi.nlm.nih.gov/40836299/,PubMed,acarbose_lifespan_aging,needs_review,Fetched by scripts/fetch_pubmed.py,2026-04-28
pubmed-40759331,A diet-based Drosophila melanogaster model for the in vivo pharmacological evaluation of α-glucosidase inhibitors.,,2025,10.1016/j.ejphar.2025.178028,40759331,,https://pubmed.ncbi.nlm.nih.gov/40759331/,PubMed,acarbose_lifespan_aging,needs_review,Fetched by scripts/fetch_pubmed.py,2026-04-28
pubmed-40753098,Glycemic levels and cardiovascular events in type 2 diabetes: A cohort study of drugs with different hypoglycemic potentials.,,2025,10.1038/s41598-025-10215-7,40753098,,https://pubmed.ncbi.nlm.nih.gov/40753098/,PubMed,acarbose_lifespan_aging,needs_review,Fetched by scripts/fetch_pubmed.py,2026-04-28
pubmed-40747306,Bioinformatic analysis identifies LPL as a critical gene in diabetic kidney disease via lipoprotein metabolism.,,2025,10.3389/fendo.2025.1620032,40747306,,https://pubmed.ncbi.nlm.nih.gov/40747306/,PubMed,acarbose_lifespan_aging,needs_review,Fetched by scripts/fetch_pubmed.py,2026-04-28
pubmed-40719030,The Effects of Acarbose on the Postprandial Hypotensive Response in Older Adults.,,2025,10.1017/S0714980825100056,40719030,,https://pubmed.ncbi.nlm.nih.gov/40719030/,PubMed,acarbose_lifespan_aging,needs_review,Fetched by scripts/fetch_pubmed.py,2026-04-28
pubmed-40636718,The lifespan-extending MEK1 inhibitor trametinib promotes regulation of de novo lipogenesis enzymes by chaperone-mediated autophagy.,,2025,10.3389/fragi.2025.1621808,40636718,,https://pubmed.ncbi.nlm.nih.gov/40636718/,PubMed,acarbose_lifespan_aging,needs_review,Fetched by scripts/fetch_pubmed.py,2026-04-28
pubmed-40542226,Oral Semaglutide as an Opportunity for an Appropriate Therapeutic Switch in People with Type 2 Diabetes: A Delphi Consensus.,,2025,10.1007/s13300-025-01762-3,40542226,,https://pubmed.ncbi.nlm.nih.gov/40542226/,PubMed,acarbose_lifespan_aging,needs_review,Fetched by scripts/fetch_pubmed.py,2026-04-28
pubmed-42028759,Comparative Study of Different Anti Craving Medication for Alcohol Dependence and Their Effect on Relapse Rate.,,2025,,42028759,,https://pubmed.ncbi.nlm.nih.gov/42028759/,PubMed,taurine_aging_longevity,needs_review,Fetched by scripts/fetch_pubmed.py,2026-04-28
pubmed-42007129,Protective effect of taurine on skin aging caused by deficiency of B cell-specific Moloney MLV insertion site-1.,,2026,10.62347/FLHK8476,42007129,,https://pubmed.ncbi.nlm.nih.gov/42007129/,PubMed,taurine_aging_longevity,needs_review,Fetched by scripts/fetch_pubmed.py,2026-04-28
pubmed-42002262,"Plasma amino acids as correlates of serum IGF-1, linear growth and fat-free mass: a cross-sectional study among Ugandan children with stunting.",,2026,10.1016/j.tjnut.2026.101543,42002262,,https://pubmed.ncbi.nlm.nih.gov/42002262/,PubMed,taurine_aging_longevity,needs_review,Fetched by scripts/fetch_pubmed.py,2026-04-28
pubmed-41994792,"The Efficacy and Safety of N-acetylcysteine and Taurine (Nefrosave®) in Chronic Kidney Disease: A Double-Blind, Multicenter, Placebo-Controlled Trial (DELAY-CKD).",,2026,10.7759/cureus.105078,41994792,,https://pubmed.ncbi.nlm.nih.gov/41994792/,PubMed,taurine_aging_longevity,needs_review,Fetched by scripts/fetch_pubmed.py,2026-04-28
pubmed-41971364,"Beyond weight loss, cognitive health, and glycemic control: taurine supplementation as a reprogrammer of adipose tissue plasticity, physical performance, metabolic flexibility, neuroinflammaging, and cardiac remodeling in obesity, aging, and diabetes.",,2026,10.3389/fnut.2026.1783074,41971364,,https://pubmed.ncbi.nlm.nih.gov/41971364/,PubMed,taurine_aging_longevity,needs_review,Fetched by scripts/fetch_pubmed.py,2026-04-28
pubmed-41959330,Mapping the mammalian dark metabolome by in vivo isotope tracing.,,2026,10.64898/2026.03.31.713900,41959330,,https://pubmed.ncbi.nlm.nih.gov/41959330/,PubMed,taurine_aging_longevity,needs_review,Fetched by scripts/fetch_pubmed.py,2026-04-28
pubmed-41909027,"Effects of dietary taurine supplementation on polyunsaturated fatty acids, cholesterol, and egg quality of egg of hens.",,2026,10.3389/fnut.2026.1746365,41909027,,https://pubmed.ncbi.nlm.nih.gov/41909027/,PubMed,taurine_aging_longevity,needs_review,Fetched by scripts/fetch_pubmed.py,2026-04-28
pubmed-41889717,"A nutritional blend of taurine, vitamins B6, B9, and B12 improves motivated behaviors in healthy adults-a double-blinded randomized clinical trial.",,2026,10.3389/fnut.2026.1711478,41889717,,https://pubmed.ncbi.nlm.nih.gov/41889717/,PubMed,taurine_aging_longevity,needs_review,Fetched by scripts/fetch_pubmed.py,2026-04-28
pubmed-41876672,Age-dependent alterations of TRPA1 and urocortin 1 signaling in the Edinger-Westphal nucleus in a mouse model of Alzheimer's disease.,,2026,10.1038/s41598-026-44022-5,41876672,,https://pubmed.ncbi.nlm.nih.gov/41876672/,PubMed,taurine_aging_longevity,needs_review,Fetched by scripts/fetch_pubmed.py,2026-04-28
pubmed-41842618,The Metabolic Homeostasis of Harpagoside and Taurine Sustains Postovulatory Oocyte Quality.,,2026,10.1096/fj.202504163R,41842618,,https://pubmed.ncbi.nlm.nih.gov/41842618/,PubMed,taurine_aging_longevity,needs_review,Fetched by scripts/fetch_pubmed.py,2026-04-28
pubmed-41822834,Ostrich Meat: A Review on Nutritional Properties and Health Benefits.,,2025,10.5851/kosfa.2025.e30,41822834,,https://pubmed.ncbi.nlm.nih.gov/41822834/,PubMed,taurine_aging_longevity,needs_review,Fetched by scripts/fetch_pubmed.py,2026-04-28
pubmed-41794210,PEX5 integrates the p38 MAPK signaling pathway and taurine metabolism to regulate senescence in lung fibroblasts.,,2026,10.1016/j.yexcr.2026.114973,41794210,,https://pubmed.ncbi.nlm.nih.gov/41794210/,PubMed,taurine_aging_longevity,needs_review,Fetched by scripts/fetch_pubmed.py,2026-04-28
pubmed-41785413,A missed opportunity: a retrospective cohort study of alcohol use disorder pharmacotherapy in hospitalized patients.,,2026,10.1093/alcalc/agag008,41785413,,https://pubmed.ncbi.nlm.nih.gov/41785413/,PubMed,taurine_aging_longevity,needs_review,Fetched by scripts/fetch_pubmed.py,2026-04-28
pubmed-41769045,TUG1 and H19 lncRNAs Can Predict Anti-TNF Unresponsiveness in Patients With Ulcerative Colitis: A Machine Learning-Based Approach.,,2026,10.1155/mi/9078048,41769045,,https://pubmed.ncbi.nlm.nih.gov/41769045/,PubMed,taurine_aging_longevity,needs_review,Fetched by scripts/fetch_pubmed.py,2026-04-28
pubmed-41754080,Associations Between Gut Microbiome Enterotypes and Body Weight Change During Whole Milk Consumption.,,2026,10.3390/nu18040563,41754080,,https://pubmed.ncbi.nlm.nih.gov/41754080/,PubMed,taurine_aging_longevity,needs_review,Fetched by scripts/fetch_pubmed.py,2026-04-28
pubmed-41738963,Association between habitual dietary taurine intake and the risk of metabolic dysfunction-associated steatotic liver disease: a prospective cohort study.,,2026,10.1039/d5fo05581d,41738963,,https://pubmed.ncbi.nlm.nih.gov/41738963/,PubMed,taurine_aging_longevity,needs_review,Fetched by scripts/fetch_pubmed.py,2026-04-28
pubmed-41866331,"Urolithin A From Gut Metabolite to Therapeutic Agent: Bioavailability, Mechanisms, and Translational Insights.",,2026,10.1111/1750-3841.70988,41866331,,https://pubmed.ncbi.nlm.nih.gov/41866331/,PubMed,urolithin_a_mitophagy_aging,needs_review,Fetched by scripts/fetch_pubmed.py,2026-04-28
pubmed-41859662,Potential impact of urolithin A on pathways relevant to sleep health: a mini review.,,2026,10.3389/fnut.2026.1779855,41859662,,https://pubmed.ncbi.nlm.nih.gov/41859662/,PubMed,urolithin_a_mitophagy_aging,needs_review,Fetched by scripts/fetch_pubmed.py,2026-04-28
pubmed-41854947,Beyond Supportive Care: Mitochondria as a Strategic Therapeutic Avenue in Acute Pancreatitis.,,2026,10.1007/s10620-026-09806-9,41854947,,https://pubmed.ncbi.nlm.nih.gov/41854947/,PubMed,urolithin_a_mitophagy_aging,needs_review,Fetched by scripts/fetch_pubmed.py,2026-04-28
pubmed-41823685,The interplay between mitophagy and ferroptosis in Alzheimer's disease: Mechanisms and therapeutic implications.,,2026,10.1177/13872877261420211,41823685,,https://pubmed.ncbi.nlm.nih.gov/41823685/,PubMed,urolithin_a_mitophagy_aging,needs_review,Fetched by scripts/fetch_pubmed.py,2026-04-28
pubmed-41793088,The Interaction Between Mitophagy Dysregulation and the Diabetic Bladder Microenvironment.,,2026,10.1111/1753-0407.70199,41793088,,https://pubmed.ncbi.nlm.nih.gov/41793088/,PubMed,urolithin_a_mitophagy_aging,needs_review,Fetched by scripts/fetch_pubmed.py,2026-04-28
pubmed-41786716,"Early mitophagy activation by Urolithin A prevents, but late activation does not reverse, age-related cognitive impairment.",,2026,10.1038/s41514-026-00351-3,41786716,,https://pubmed.ncbi.nlm.nih.gov/41786716/,PubMed,urolithin_a_mitophagy_aging,needs_review,Fetched by scripts/fetch_pubmed.py,2026-04-28
pubmed-41750555,The Gut-Extracellular Vesicle-Mitochondria Axis in Reproductive Aging: Antioxidant and Anti-Senescence Mechanisms.,,2026,10.3390/antiox15020174,41750555,,https://pubmed.ncbi.nlm.nih.gov/41750555/,PubMed,urolithin_a_mitophagy_aging,needs_review,Fetched by scripts/fetch_pubmed.py,2026-04-28
pubmed-41722622,Age-related sarcopenia and the gut microbiome: mechanistic insights into the gut-muscle axis and potential microbiome based therapeutic interventions.,,2026,10.1016/j.arr.2026.103065,41722622,,https://pubmed.ncbi.nlm.nih.gov/41722622/,PubMed,urolithin_a_mitophagy_aging,needs_review,Fetched by scripts/fetch_pubmed.py,2026-04-28
pubmed-41642121,"Precision health targeting TMAO in postmenopausal women: polyphenol effects modulated by urolithin A and equol metabotypes in a randomised, placebo-controlled crossover trial.",,2026,10.1039/d5fo05461c,41642121,,https://pubmed.ncbi.nlm.nih.gov/41642121/,PubMed,urolithin_a_mitophagy_aging,needs_review,Fetched by scripts/fetch_pubmed.py,2026-04-28
pubmed-41530572,SIRT3 attenuates AGEs-induced senescence in human granulosa cells through enhancing mitophagy.,,2026,10.1007/s10565-026-10138-7,41530572,,https://pubmed.ncbi.nlm.nih.gov/41530572/,PubMed,urolithin_a_mitophagy_aging,needs_review,Fetched by scripts/fetch_pubmed.py,2026-04-28
pubmed-41491872,"Author Correction: Effect of the mitophagy inducer urolithin A on age-related immune decline: a randomized, placebo-controlled trial.",,2026,10.1038/s43587-025-01060-4,41491872,,https://pubmed.ncbi.nlm.nih.gov/41491872/,PubMed,urolithin_a_mitophagy_aging,needs_review,Fetched by scripts/fetch_pubmed.py,2026-04-28
pubmed-41408634,Urinary polyphenol signature of the Mediterranean diet is associated with lower cardiovascular disease risk: the PREDIMED trial.,,2025,10.1186/s12916-025-04587-w,41408634,,https://pubmed.ncbi.nlm.nih.gov/41408634/,PubMed,urolithin_a_mitophagy_aging,needs_review,Fetched by scripts/fetch_pubmed.py,2026-04-28
pubmed-41404767,Distinct roles of urolithin A and spermidine in mitophagy and autophagy: implications for dietary supplementation.,,2025,10.1017/S0954422425100292,41404767,,https://pubmed.ncbi.nlm.nih.gov/41404767/,PubMed,urolithin_a_mitophagy_aging,needs_review,Fetched by scripts/fetch_pubmed.py,2026-04-28
pubmed-41374004,"Microbial Metabolite, Macro Impact: Urolithin A in the Nexus of Insulin Resistance and Colorectal Tumorigenesis.",,2025,10.3390/nu17233712,41374004,,https://pubmed.ncbi.nlm.nih.gov/41374004/,PubMed,urolithin_a_mitophagy_aging,needs_review,Fetched by scripts/fetch_pubmed.py,2026-04-28
pubmed-41340874,Oxidative stress as a nexus: Integrating mitophagy and ferroptosis in endometrial carcinogenesis (Review).,,2026,10.3892/ol.2025.15393,41340874,,https://pubmed.ncbi.nlm.nih.gov/41340874/,PubMed,urolithin_a_mitophagy_aging,needs_review,Fetched by scripts/fetch_pubmed.py,2026-04-28
pubmed-41276723,Neuroprotective Attributes of Gut-derived Urolithins in Parkinson's Disease.,,2025,10.1007/s12035-025-05541-w,41276723,,https://pubmed.ncbi.nlm.nih.gov/41276723/,PubMed,urolithin_a_mitophagy_aging,needs_review,Fetched by scripts/fetch_pubmed.py,2026-04-28
pubmed-42012729,"Spermidine in the aging brain: mechanisms, preclinical evidence, and clinical perspectives.",,2026,10.1007/s11033-026-11827-6,42012729,,https://pubmed.ncbi.nlm.nih.gov/42012729/,PubMed,spermidine_autophagy_aging,needs_review,Fetched by scripts/fetch_pubmed.py,2026-04-28
pubmed-42000692,Spermidine and spermine in elderly patients with coronary artery disease: a cross-sectional study of dietary intake and plasma and skeletal muscle concentrations.,,2026,10.1016/j.clnu.2026.106651,42000692,,https://pubmed.ncbi.nlm.nih.gov/42000692/,PubMed,spermidine_autophagy_aging,needs_review,Fetched by scripts/fetch_pubmed.py,2026-04-28
pubmed-41908371,Spermidine Supplementation Reduces Genetic Damage in the Liver and Bone Marrow of Rodents.,,2026,10.1021/acsomega.5c11099,41908371,,https://pubmed.ncbi.nlm.nih.gov/41908371/,PubMed,spermidine_autophagy_aging,needs_review,Fetched by scripts/fetch_pubmed.py,2026-04-28
pubmed-41904730,Pharmacological reactivation of autophagic flux by natural compounds or synthetic cell-permeable peptide prevents doxorubicin-induced cardiomyopathy.,,2026,10.1007/s00395-026-01174-9,41904730,,https://pubmed.ncbi.nlm.nih.gov/41904730/,PubMed,spermidine_autophagy_aging,needs_review,Fetched by scripts/fetch_pubmed.py,2026-04-28
pubmed-41874700,"Adaptive crosstalk between polyamine metabolism, translation, and autophagy sustains energy homeostasis in mammals during starvation: a scoping review.",,2026,10.1007/s00726-026-03512-6,41874700,,https://pubmed.ncbi.nlm.nih.gov/41874700/,PubMed,spermidine_autophagy_aging,needs_review,Fetched by scripts/fetch_pubmed.py,2026-04-28
pubmed-41860145,Therapeutic Potential of Spermidine in Rheumatoid Arthritis: Mechanisms and Future Directions.,,2026,10.1111/1756-185x.70610,41860145,,https://pubmed.ncbi.nlm.nih.gov/41860145/,PubMed,spermidine_autophagy_aging,needs_review,Fetched by scripts/fetch_pubmed.py,2026-04-28
pubmed-41812731,Inhibition of T cell polyamine metabolism promotes transplant acceptance by modulating cytotoxic CD8(+) T cell differentiation.,,2026,10.1016/j.ajt.2026.02.038,41812731,,https://pubmed.ncbi.nlm.nih.gov/41812731/,PubMed,spermidine_autophagy_aging,needs_review,Fetched by scripts/fetch_pubmed.py,2026-04-28
pubmed-41812646,HKDC1-Mediated Polyamine Rewiring Drives Lenvatinib Resistance and Immune Escape in Hepatocellular Carcinoma.,,2026,10.3350/cmh.2025.1269,41812646,,https://pubmed.ncbi.nlm.nih.gov/41812646/,PubMed,spermidine_autophagy_aging,needs_review,Fetched by scripts/fetch_pubmed.py,2026-04-28
pubmed-41754095,"The Diet-Microbiota-Polyamine Axis in Intestinal Aging: Microbial Pathways, Functional Foods, and Physiological Implications.",,2026,10.3390/nu18040578,41754095,,https://pubmed.ncbi.nlm.nih.gov/41754095/,PubMed,spermidine_autophagy_aging,needs_review,Fetched by scripts/fetch_pubmed.py,2026-04-28
pubmed-41751214,Mechanistic Links Between the Gut Microbiome and Longevity Therapeutics.,,2026,10.3390/biomedicines14020316,41751214,,https://pubmed.ncbi.nlm.nih.gov/41751214/,PubMed,spermidine_autophagy_aging,needs_review,Fetched by scripts/fetch_pubmed.py,2026-04-28
pubmed-41721534,Spermidine improve high copper diet-induced intestinal oxidative stress and microbiota community composition.,,2026,10.1080/10715762.2026.2625094,41721534,,https://pubmed.ncbi.nlm.nih.gov/41721534/,PubMed,spermidine_autophagy_aging,needs_review,Fetched by scripts/fetch_pubmed.py,2026-04-28
pubmed-41721117,Probiotic and microbial modulation of polyamine production: an emerging avenue for neuroprotection in neurodegenerative disorders.,,2026,10.1007/s00726-026-03505-5,41721117,,https://pubmed.ncbi.nlm.nih.gov/41721117/,PubMed,spermidine_autophagy_aging,needs_review,Fetched by scripts/fetch_pubmed.py,2026-04-28
pubmed-41720867,"A novel fasting mimetic (Mimio) creates fasting-like benefits to hunger control, oxidative stress, and cardiometabolic health in humans.",,2026,10.1038/s41598-026-38495-7,41720867,,https://pubmed.ncbi.nlm.nih.gov/41720867/,PubMed,spermidine_autophagy_aging,needs_review,Fetched by scripts/fetch_pubmed.py,2026-04-28
pubmed-41698047,Nanotherapeutic Macrophage-Neuro Reprogramming Through Immunometabolic Crosstalk Mitigates Sepsis-Induced Lung Injury and Neurologic Damage.,,2026,10.1002/advs.202520665,41698047,,https://pubmed.ncbi.nlm.nih.gov/41698047/,PubMed,spermidine_autophagy_aging,needs_review,Fetched by scripts/fetch_pubmed.py,2026-04-28
pubmed-41663409,The role of spermidine in plants and humans: a pathway from climate change adaptation to health benefits.,,2026,10.1038/s41538-025-00695-2,41663409,,https://pubmed.ncbi.nlm.nih.gov/41663409/,PubMed,spermidine_autophagy_aging,needs_review,Fetched by scripts/fetch_pubmed.py,2026-04-28
pubmed-42043835,ROS Self-Supply Nanoplatform Based on Fenton Catalyst for Chemodynamic and Immunotherapy: Reprogramming Cold Tumor Into Hot Tumor in Cancer Treatment.,,2026,10.1002/advs.202523039,42043835,,https://pubmed.ncbi.nlm.nih.gov/42043835/,PubMed,glynac_glutathione_aging,needs_review,Fetched by scripts/fetch_pubmed.py,2026-04-28
pubmed-42043784,"Melphalan's Effect on Testicular Prepubertal Rats: Induction of Autophagy and Apoptosis, Modulated by the Potential of Chrysin.",,2026,10.1177/1096620X261434448,42043784,,https://pubmed.ncbi.nlm.nih.gov/42043784/,PubMed,glynac_glutathione_aging,needs_review,Fetched by scripts/fetch_pubmed.py,2026-04-28
pubmed-42043670,Antidepressant and Anxiolytic Effects of Intranasal Curcumin in Parkinson's Disease Model Rats: Inhibition of Neuroinflammation and Oxidative Stress.,,2026,10.1007/s11655-026-3937-y,42043670,,https://pubmed.ncbi.nlm.nih.gov/42043670/,PubMed,glynac_glutathione_aging,needs_review,Fetched by scripts/fetch_pubmed.py,2026-04-28
pubmed-42043658,"Propylparaben exposure induces hematobiochemical alterations, genotoxicity oxidative stress and apoptosis in Labeo rohita.",,2026,10.1007/s11259-026-11230-3,42043658,,https://pubmed.ncbi.nlm.nih.gov/42043658/,PubMed,glynac_glutathione_aging,needs_review,Fetched by scripts/fetch_pubmed.py,2026-04-28
pubmed-42043281,Potent Polydopamine-Based Cascade Nanozyme as ROS Amplifier for Triple Photothermal-Catalytic- Chemotherapy.,,2026,10.1021/acs.bioconjchem.6c00055,42043281,,https://pubmed.ncbi.nlm.nih.gov/42043281/,PubMed,glynac_glutathione_aging,needs_review,Fetched by scripts/fetch_pubmed.py,2026-04-28
pubmed-42043172,"Multi-Metal Leachate from Lithium Slag Induces Oxidative Stress, Circadian Disruption, and Neurobehavioural Toxicity in Zebrafish Larvae.",,2026,10.3390/toxics14040345,42043172,,https://pubmed.ncbi.nlm.nih.gov/42043172/,PubMed,glynac_glutathione_aging,needs_review,Fetched by scripts/fetch_pubmed.py,2026-04-28
pubmed-42042335,Antioxidant Response of Yarrowia lipolytica Cells: Functional Analysis of Genes Encoding Catalases.,,2026,10.3390/jof12040240,42042335,,https://pubmed.ncbi.nlm.nih.gov/42042335/,PubMed,glynac_glutathione_aging,needs_review,Fetched by scripts/fetch_pubmed.py,2026-04-28
pubmed-42042305,ATP-Responsive Bimetallic Metal-Organic Frameworks Amplify Oxidative Stress in the Tumor Microenvironment for Synergistic Chemo-Immunotherapy.,,2026,10.3390/jfb17040199,42042305,,https://pubmed.ncbi.nlm.nih.gov/42042305/,PubMed,glynac_glutathione_aging,needs_review,Fetched by scripts/fetch_pubmed.py,2026-04-28
pubmed-42041933,"Altered Hippocampal Clock Gene Regulation Is Associated with Circadian Dysregulation of Oxidative Imbalance, Neuroinflammation, and Histopathological Damage After Pinealectomy.",,2026,10.3390/biology15080655,42041933,,https://pubmed.ncbi.nlm.nih.gov/42041933/,PubMed,glynac_glutathione_aging,needs_review,Fetched by scripts/fetch_pubmed.py,2026-04-28
pubmed-42041903,Redox Reprogramming of the Diseased Liver by Dietary Flavonoids: From Molecular Signalling to Gut-Liver Crosstalk.,,2026,10.3390/biology15080625,42041903,,https://pubmed.ncbi.nlm.nih.gov/42041903/,PubMed,glynac_glutathione_aging,needs_review,Fetched by scripts/fetch_pubmed.py,2026-04-28
pubmed-42041879,Lysine Carboxymethyl Cysteinate (LCC) Protects the Epidermis from UVB-Induced Barrier Damage Through the Activation of Autophagy.,,2026,10.3390/biology15080601,42041879,,https://pubmed.ncbi.nlm.nih.gov/42041879/,PubMed,glynac_glutathione_aging,needs_review,Fetched by scripts/fetch_pubmed.py,2026-04-28
pubmed-42041867,"Fluopyram Induces Multilevel Toxicity in Zebrafish: Insights from Developmental Impairment, Oxidative Stress, and Metabolic Disruption.",,2026,10.3390/jox16020069,42041867,,https://pubmed.ncbi.nlm.nih.gov/42041867/,PubMed,glynac_glutathione_aging,needs_review,Fetched by scripts/fetch_pubmed.py,2026-04-28
pubmed-42041533,Adenophora divaricata Franch. & Sav. Attenuates Particulate Matter-Induced Inflammatory Responses in RAW264.7 Macrophage Cells.,,2026,10.3390/cells15080666,42041533,,https://pubmed.ncbi.nlm.nih.gov/42041533/,PubMed,glynac_glutathione_aging,needs_review,Fetched by scripts/fetch_pubmed.py,2026-04-28
pubmed-42041184,Alogliptin Attenuates Diclofenac-Induced Acute Kidney Injury Associated With Activation of the AKT/Nrf2-mediated Ferroptosis Pathway.,,2026,10.1002/jbt.70848,42041184,,https://pubmed.ncbi.nlm.nih.gov/42041184/,PubMed,glynac_glutathione_aging,needs_review,Fetched by scripts/fetch_pubmed.py,2026-04-28
pubmed-42039567,β-Amyloid and Glutathione Dysregulation Cooperatively Drive Lipid Peroxidation and Ferroptosis in Neuron-Like Cells.,,2026,10.64898/2026.04.15.718809,42039567,,https://pubmed.ncbi.nlm.nih.gov/42039567/,PubMed,glynac_glutathione_aging,needs_review,Fetched by scripts/fetch_pubmed.py,2026-04-28
pubmed-42038311,Magnesium isoglycyrrhizinate ameliorates acetaminophen-induced acute liver injury with hyperglycaemia by modulating autophagy and oxidative stress in liver-resident macrophages.,,2026,10.3389/fphar.2026.1744099,42038311,,https://pubmed.ncbi.nlm.nih.gov/42038311/,PubMed,glynac_glutathione_aging,needs_review,Fetched by scripts/fetch_pubmed.py,2026-04-28
pubmed-42031341,Alcohol consumption and molecular subtypes of colorectal cancer: pooled observational and Mendelian randomization analyses.,,2026,10.1016/j.ajcnut.2026.101308,42031341,,https://pubmed.ncbi.nlm.nih.gov/42031341/,PubMed,mendelian_randomization_longevity_risk_factors,needs_review,Fetched by scripts/fetch_pubmed.py,2026-04-28
pubmed-42030924,Remnant Cholesterol and Incident Depression in Aging: A 14-Year Prospective Cohort Study and Mendelian Randomization Analysis.,,2026,10.1016/j.psychres.2026.117170,42030924,,https://pubmed.ncbi.nlm.nih.gov/42030924/,PubMed,mendelian_randomization_longevity_risk_factors,needs_review,Fetched by scripts/fetch_pubmed.py,2026-04-28
pubmed-42017882,"Body Mass Index, Clinical Outcomes, and Mortality in Heart Failure: A Mendelian Randomization Study.",,2026,10.1016/j.jacc.2026.02.5093,42017882,,https://pubmed.ncbi.nlm.nih.gov/42017882/,PubMed,mendelian_randomization_longevity_risk_factors,needs_review,Fetched by scripts/fetch_pubmed.py,2026-04-28
pubmed-42010892,Higher Body Mass Index Is a Causal Risk Factor for Skin Infections: A Mendelian Randomisation Study Using UK Biobank and FinnGen.,,2026,10.1111/dom.70797,42010892,,https://pubmed.ncbi.nlm.nih.gov/42010892/,PubMed,mendelian_randomization_longevity_risk_factors,needs_review,Fetched by scripts/fetch_pubmed.py,2026-04-28
pubmed-41986588,Low-density lipoprotein cholesterol and risk of COPD: a Mendelian randomization study.,,2026,10.1038/s41598-026-48823-6,41986588,,https://pubmed.ncbi.nlm.nih.gov/41986588/,PubMed,mendelian_randomization_longevity_risk_factors,needs_review,Fetched by scripts/fetch_pubmed.py,2026-04-28
pubmed-41929323,Effects of Genetically-Proxied Antihypertensive Drug Targets on Preeclampsia and Birth Weight.,,2026,10.64898/2026.03.17.26346752,41929323,,https://pubmed.ncbi.nlm.nih.gov/41929323/,PubMed,mendelian_randomization_longevity_risk_factors,needs_review,Fetched by scripts/fetch_pubmed.py,2026-04-28
pubmed-41926485,"Exploring the Causal Relationship and Potential Mediating Mechanisms Between Obesity and Facial Aging: A Two-Sample, Multivariable and Mediation Mendelian Randomization Study.",,2026,10.2147/CCID.S565342,41926485,,https://pubmed.ncbi.nlm.nih.gov/41926485/,PubMed,mendelian_randomization_longevity_risk_factors,needs_review,Fetched by scripts/fetch_pubmed.py,2026-04-28
pubmed-41861149,The potential effect and pathway of valsartan: genome-wide and phenome-wide association study from UK Biobank data.,,2026,10.1097/FPC.0000000000000597,41861149,,https://pubmed.ncbi.nlm.nih.gov/41861149/,PubMed,mendelian_randomization_longevity_risk_factors,needs_review,Fetched by scripts/fetch_pubmed.py,2026-04-28
pubmed-41833577,Shared genetic architecture between sleep traits and cardiometabolic diseases.,,2026,10.1016/j.ebiom.2026.106220,41833577,,https://pubmed.ncbi.nlm.nih.gov/41833577/,PubMed,mendelian_randomization_longevity_risk_factors,needs_review,Fetched by scripts/fetch_pubmed.py,2026-04-28
pubmed-41791434,Genetic associations and mediating effects of insulin resistance between hypertension and sarcopenia: A bidirectional two-sample Mendelian randomization study.,,2026,10.1016/j.exger.2026.113086,41791434,,https://pubmed.ncbi.nlm.nih.gov/41791434/,PubMed,mendelian_randomization_longevity_risk_factors,needs_review,Fetched by scripts/fetch_pubmed.py,2026-04-28
pubmed-41780208,"Global Burden of Rheumatic Heart Disease (1990-2021), Attributable Risk Factors, and Future Projections.",,2026,10.1016/j.jacbts.2026.101511,41780208,,https://pubmed.ncbi.nlm.nih.gov/41780208/,PubMed,mendelian_randomization_longevity_risk_factors,needs_review,Fetched by scripts/fetch_pubmed.py,2026-04-28
pubmed-41770508,Clonal hematopoiesis mutation is associated with risk of incident lung cancer and death.,,2026,10.1007/s11357-026-02170-6,41770508,,https://pubmed.ncbi.nlm.nih.gov/41770508/,PubMed,mendelian_randomization_longevity_risk_factors,needs_review,Fetched by scripts/fetch_pubmed.py,2026-04-28
pubmed-41760054,Exploring significant gender disparities in esophageal cancer risk: Insights from Mendelian randomization analysis and global burden of disease data.,,2026,10.1097/MD.0000000000047800,41760054,,https://pubmed.ncbi.nlm.nih.gov/41760054/,PubMed,mendelian_randomization_longevity_risk_factors,needs_review,Fetched by scripts/fetch_pubmed.py,2026-04-28
pubmed-41738305,Assessing the Causal Effects of Environmental Tobacco Smoke Exposure: A meta-analytic Mendelian randomisation study.,,2026,10.1093/ntr/ntag047,41738305,,https://pubmed.ncbi.nlm.nih.gov/41738305/,PubMed,mendelian_randomization_longevity_risk_factors,needs_review,Fetched by scripts/fetch_pubmed.py,2026-04-28
