finding_id,candidate_id,pmid,doi,source,query,title_en,title_zh,journal,year,study_type_draft,species_draft,population_draft,intervention_or_exposure_draft,comparator_draft,endpoint_draft,result_en,result_zh,conclusion_en,conclusion_zh,evidence_level_draft,endpoint_class_draft,translation_status,review_status,last_checked
finding-pubmed-42043561,pubmed-42043561,42043561,10.1007/s00383-026-06444-0,PubMed,cardiorespiratory_fitness_mortality,Long-term outcomes after operative versus conservative management of congenital thoracic malformations: a propensity-matched cohort study.,,Pediatric surgery international,2026,needs_classification,needs_review,,心肺适能与死亡风险,,H1,"Among 194 children (median follow-up 8.7 years), 162 underwent surgery and 32 were observed. Surgical patients showed smaller prenatal relative lung volume (51% vs. 79%, p = 0.02) and higher neonatal acuity (ICU admission 78% vs. 54%, p < 0.01). After matching, postnatal length of stay remained longer after surgery (15 vs. 6 days, p = 0.03). Thoracoscopy was associated with shorter postoperative stay, fewer complications and no mortality. Long-term fitness and quality of life were comparable between groups (p > 0.5).","中文初稿：该研究属于「心肺适能与死亡风险」主题；英文摘要结论显示：Among 194 children (median follow-up 8.7 years), 162 underwent surgery and 32 were observed. Surgical patients showed smaller prenatal relative lung volume (51% vs. 79%, p = 0.02) and higher neonatal acuity (ICU admission 78% vs. 54%, p < 0.01). After matching, postnatal length of stay remained longer after surgery (15 vs. 6 days, p = 0.03). Thoracoscopy was associated with shorter postoperative stay, fewer complications and no mortality. Long-term fitness and quality of life were comparable...",Surgical management of CTMs does not impair long-term exercise capacity or psychosocial outcomes. Minimally invasive resection appears safe and may be offered as a preventive option in asymptomatic patients.,中文初稿：该研究属于「心肺适能与死亡风险」主题；英文摘要结论显示：Surgical management of CTMs does not impair long-term exercise capacity or psychosocial outcomes. Minimally invasive resection appears safe and may be offered as a preventive option in asymptomatic patients.,E,H1,zh_draft_needs_review,needs_manual_review,2026-04-28
finding-pubmed-42039745,pubmed-42039745,42039745,10.3389/fcimb.2026.1792743,PubMed,resistance_training_mortality_sarcopenia,Machine learning-based risk prediction model for sepsis development in patients with multidrug-resistant Pseudomonas aeruginosa infections: a multicenter retrospective cohort study.,,Frontiers in cellular and infection microbiology,2026,human_cohort,human,,抗阻训练、肌肉与衰弱/死亡风险,,H1,"The sepsis incidence was approximately 7% across cohorts. Feature selection identified six key predictors: calcium level, chronic obstructive pulmonary disease (COPD), red blood cell distribution width-standard deviation (RDW-SD), intra-abdominal infection, invasive catheters, and prior antibiotic exposure. The Random Forest model demonstrated superior performance, achieving an AUC of 1.000 in the SMOTE-balanced training set, 0.837 in internal validation, and 0.816 in external validation. SHAP analysis highlighted COPD and calcium levels as the most significant contributors to sepsis risk.","中文初稿：该研究属于「抗阻训练、肌肉与衰弱/死亡风险」主题；英文摘要结论显示：The sepsis incidence was approximately 7% across cohorts. Feature selection identified six key predictors: calcium level, chronic obstructive pulmonary disease (COPD), red blood cell distribution width-standard deviation (RDW-SD), intra-abdominal infection, invasive catheters, and prior antibiotic exposure. The Random Forest model demonstrated superior performance, achieving an AUC of 1.000 in the SMOTE-balanced training set, 0.837 in internal validation, and 0.816 in external validation. SHA...","This study presents the first interpretable ML model specifically tailored for predicting sepsis onset in patients with MDR-PA infections. By addressing the limitations of general sepsis scores, our validated model and accompanying web-based tool provide clinicians with a precise, visualizable decision-support system to optimize early intervention strategies.","中文初稿：该研究属于「抗阻训练、肌肉与衰弱/死亡风险」主题；英文摘要结论显示：This study presents the first interpretable ML model specifically tailored for predicting sepsis onset in patients with MDR-PA infections. By addressing the limitations of general sepsis scores, our validated model and accompanying web-based tool provide clinicians with a precise, visualizable decision-support system to optimize early intervention strategies.",B,H1,zh_draft_needs_review,needs_manual_review,2026-04-28
finding-pubmed-42042942,pubmed-42042942,42042942,10.3390/tomography12040054,PubMed,physical_activity_longevity,Baseline Body Composition Characteristics and Overall Survival in Young Women with Breast Cancer: Matched Case-Control Study Nested Within a Cohort.,,"Tomography (Ann Arbor, Mich.)",2026,human_cohort,human,,身体活动与健康寿命,,H4,"The median age was 35 (IQR, 32-38); 47% were White and 37% were Black. The majority (78%) were not Hispanic or Latina. Most (67%) were overweight/obese. Specific thresholds for IMAT index (>2.57), VAT (>31.38), and SMG (<2419.89) were associated with worse survival (all p < 0.05), while no cutpoints were identified for other variables.","中文初稿：该研究属于「身体活动与健康寿命」主题；英文摘要结论显示：The median age was 35 (IQR, 32-38); 47% were White and 37% were Black. The majority (78%) were not Hispanic or Latina. Most (67%) were overweight/obese. Specific thresholds for IMAT index (>2.57), VAT (>31.38), and SMG (<2419.89) were associated with worse survival (all p < 0.05), while no cutpoints were identified for other variables.","These findings show that muscle fat infiltration and reduced muscle quality have important prognostic value in young women with breast cancer. Exploratory cutpoints derived from routine staging CT scans may help inform risk stratification and generate hypotheses for targeted nutritional or exercise interventions, but require validation in larger, independent cohorts before clinical application.","中文初稿：该研究属于「身体活动与健康寿命」主题；英文摘要结论显示：These findings show that muscle fat infiltration and reduced muscle quality have important prognostic value in young women with breast cancer. Exploratory cutpoints derived from routine staging CT scans may help inform risk stratification and generate hypotheses for targeted nutritional or exercise interventions, but require validation in larger, independent cohorts before clinical application.",C,H4,zh_draft_needs_review,needs_manual_review,2026-04-28
finding-pubmed-42043711,pubmed-42043711,42043711,10.1007/s11357-026-02276-x,PubMed,blood_pressure_mortality_aging,The association between height-indexed skeletal muscle mass and cardiometabolic multimorbidity is largely accounted for by body mass index: findings from an older UK cohort.,,GeroScience,2026,human_cohort,human,,血压与心血管/死亡风险,,H1,"Several studies suggest that higher skeletal muscle mass (SMM) may be associated with a lower risk of adverse cardiometabolic outcomes. However, the relationship between SMM and cardiometabolic multimorbidity (CMM) has not been evaluated. We investigated the prospective association between height-indexed SMM and CMM risk in an older population. Data were analyzed from 3348 participants (mean age 64 years; 45.1% men) in the English Longitudinal Study of Ageing who were free of hypertension, coronary heart disease, diabetes, and stroke at baseline (wave 4, 2008-2009). Height-indexed SMM was derived from body weight, height, age, and sex. CMM was defined at wave 10 (2021-2023) as the presence of two or more of the following conditions: hypertension, cardiovascular disease, diabetes, or stroke. Odds ratios (ORs) and 95% confidence intervals (CIs) for CMM were estimated. During 12-15 years...","中文初稿：该研究属于「血压与心血管/死亡风险」主题；英文摘要结论显示：Several studies suggest that higher skeletal muscle mass (SMM) may be associated with a lower risk of adverse cardiometabolic outcomes. However, the relationship between SMM and cardiometabolic multimorbidity (CMM) has not been evaluated. We investigated the prospective association between height-indexed SMM and CMM risk in an older population. Data were analyzed from 3348 participants (mean age 64 years; 45.1% men) in the English Longitudinal Study of Ageing who were free of hypertension, co...",,中文初稿：该记录属于「血压与心血管/死亡风险」主题；摘要中未解析出明确结论，需要人工阅读全文复核。,B,H1,zh_draft_needs_review,needs_manual_review,2026-04-28
finding-pubmed-42034918,pubmed-42034918,42034918,10.1016/j.nutres.2026.03.009,PubMed,ldl_apob_cardiovascular_mortality,Trans fatty acids from dairy foods do not affect risk of cardiometabolic diseases: Systematic review and meta-analysis of evidence from randomized controlled trials and systematic review of prospective cohort studies.,,"Nutrition research (New York, N.Y.)",2026,systematic_review_or_meta_analysis,needs_review,,LDL-C/apoB 与心血管风险,,H1,"Dairy foods are becoming one of the major dietary sources of trans fatty acids (TFA) as global initiatives to eliminate industrially produced TFA are implemented. This systematic review aimed to assess the cardiometabolic effects of TFA from dairy foods, using data from randomized controlled trials (RCTs) and prospective cohort studies (PCS). We hypothesized that TFA from dairy foods would have no effect on biomarkers for or risk of cardiovascular diseases. Searches for RCTs and PCS were conducted in PubMed and EMBASE using PRISMA guidelines. RCTs compared the impact on blood lipids of regular dairy foods with TFA-enhanced dairy fat/foods produced by altering the cow's diet. Pooled meta-analysis of RCTs using the random effects model was performed for total cholesterol, low-density lipoprotein cholesterol, high-density lipoprotein cholesterol (HDL-C), total cholesterol/HDL-C, low-dens...","中文初稿：该研究属于「LDL-C/apoB 与心血管风险」主题；英文摘要结论显示：Dairy foods are becoming one of the major dietary sources of trans fatty acids (TFA) as global initiatives to eliminate industrially produced TFA are implemented. This systematic review aimed to assess the cardiometabolic effects of TFA from dairy foods, using data from randomized controlled trials (RCTs) and prospective cohort studies (PCS). We hypothesized that TFA from dairy foods would have no effect on biomarkers for or risk of cardiovascular diseases. Searches for RCTs and PCS were cond...",,中文初稿：该记录属于「LDL-C/apoB 与心血管风险」主题；摘要中未解析出明确结论，需要人工阅读全文复核。,A,H1,zh_draft_needs_review,needs_manual_review,2026-04-28
finding-pubmed-42029601,pubmed-42029601,42029601,10.3390/medsci14020177,PubMed,sleep_duration_mortality_aging,Sarcopenia as a Prognostic Marker of Early Mortality After Surgery for Acute Aortic Dissection: A Prospective Cohort Study.,,"Medical sciences (Basel, Switzerland)",2026,needs_classification,needs_review,,睡眠与健康结局,,H1,"In the group of patients with a high risk of stroke, completely dependent and suffering from insomnia, transfusions were used significantly more often. SGA scores, CHA2DS2-VA score, and Barthel scale scores were dependent on the level of pain at discharge. Grip strength was significantly higher among patients who survived 3 months. The differences reached statistical significance on the second postoperative day.","中文初稿：该研究属于「睡眠与健康结局」主题；英文摘要结论显示：In the group of patients with a high risk of stroke, completely dependent and suffering from insomnia, transfusions were used significantly more often. SGA scores, CHA2DS2-VA score, and Barthel scale scores were dependent on the level of pain at discharge. Grip strength was significantly higher among patients who survived 3 months. The differences reached statistical significance on the second postoperative day.","The results indicate that malnutrition is a key factor in the clinical condition of patients, increasing the risk of sarcopenia, stroke, and the severity of insomnia. At the same time, a higher degree of malnutrition is associated with reduced functional independence, which in turn affects the patient's overall condition. The study found that malnutrition is a key factor in worsening the clinical condition of patients with aortic dissection, increasing the risk of sarcopenia, stroke and exacerbation of insomnia. The relationship between lower self-reliance and higher insomnia levels underscores the complex interplay among nutritional status, physical functioning, and sleep quality.","中文初稿：该研究属于「睡眠与健康结局」主题；英文摘要结论显示：The results indicate that malnutrition is a key factor in the clinical condition of patients, increasing the risk of sarcopenia, stroke, and the severity of insomnia. At the same time, a higher degree of malnutrition is associated with reduced functional independence, which in turn affects the patient's overall condition. The study found that malnutrition is a key factor in worsening the clinical condition of patients with aortic dissection, increasing the risk of sarcopenia, stroke and exace...",E,H1,zh_draft_needs_review,needs_manual_review,2026-04-28
finding-pubmed-42037549,pubmed-42037549,42037549,10.1111/acel.70507,PubMed,dietary_pattern_longevity,Short-Term Dietary Intervention Alters Physiological Profiles Relevant to Ageing.,,Aging cell,2026,human_randomized_or_clinical_trial,human,,饮食模式与死亡风险,,H1,"Ageing is a complex process influenced by modifiable factors such as diet, which may accelerate or decelerate physiological decline. While chronological age increases uniformly, biological ageing varies between individuals, reflecting differences in health status and the resilience of biological systems. The Klemera-Doubal Method (KDM), a composite biomarker-based index often used as an estimate of biological age, has been associated with morbidity and mortality in large cohorts. This study examined whether dietary manipulation of protein source and macronutrient composition affects KDM estimates in older adults. We analysed data from the Nutrition for Healthy Living study, a 2 × 2 factorial dietary intervention trial involving 104 participants aged 65-75 years. Participants were randomised to one of four diets: omnivorous/high-fat (OHF), omnivorous/high-carbohydrate (OHC), semi-veget...","中文初稿：该研究属于「饮食模式与死亡风险」主题；英文摘要结论显示：Ageing is a complex process influenced by modifiable factors such as diet, which may accelerate or decelerate physiological decline. While chronological age increases uniformly, biological ageing varies between individuals, reflecting differences in health status and the resilience of biological systems. The Klemera-Doubal Method (KDM), a composite biomarker-based index often used as an estimate of biological age, has been associated with morbidity and mortality in large cohorts. This study e...",,中文初稿：该记录属于「饮食模式与死亡风险」主题；摘要中未解析出明确结论，需要人工阅读全文复核。,B,H1,zh_draft_needs_review,needs_manual_review,2026-04-28
finding-pubmed-42043665,pubmed-42043665,42043665,10.1007/s10522-026-10438-9,PubMed,caloric_restriction_human_aging,Investigating fasting for metabolic health and longevity.,,Biogerontology,2026,needs_classification,needs_review,,热量限制与人体衰老指标,,H2,"Humans have evolved adaptive mechanisms that enable survival even with zero calories for periods of months or longer. Intermittent 'low-dose' exposure to the metabolic stress of fasting may also activate pathways that promote metabolic health and longevity, although such benefits have not been proven in humans. Here we present our perspective of the current rationale and evidence base to support fasting for gain in metabolic health. In the absence of individual level risk factors for potential harm, such as frailty, osteoporosis or osteopenia, or a current/historical eating disorder, a trial of intermittent fasting or time-restricted eating to promote weight loss and metabolic health is reasonable for the motivated patient who is overweight or obese. We conclude, however, that the current state of evidence is limited and not sufficient to justify widespread adoption of fasting practic...","中文初稿：该研究属于「热量限制与人体衰老指标」主题；英文摘要结论显示：Humans have evolved adaptive mechanisms that enable survival even with zero calories for periods of months or longer. Intermittent 'low-dose' exposure to the metabolic stress of fasting may also activate pathways that promote metabolic health and longevity, although such benefits have not been proven in humans. Here we present our perspective of the current rationale and evidence base to support fasting for gain in metabolic health. In the absence of individual level risk factors for potentia...",,中文初稿：该记录属于「热量限制与人体衰老指标」主题；摘要中未解析出明确结论，需要人工阅读全文复核。,E,H2,zh_draft_needs_review,needs_manual_review,2026-04-28
finding-pubmed-42039766,pubmed-42039766,42039766,10.1002/fsn3.71801,PubMed,intermittent_fasting_aging_human,The Role of Gut Microbiome in Obesity and Weight Management: A Review of Current Evidence and Future Directions.,,Food science & nutrition,2026,needs_classification,needs_review,,限时进食/间歇性禁食与代谢健康,,H3,"Obesity has become an emerging challenge all over the world. In 2022, one in eight people was living with obesity. It is most common in adults and children. It is due to an imbalance between energy consumption and utilization. However, the human gut microbiome regulates energy metabolism, a complex ecosystem of microorganisms residing in the gastrointestinal tract, which stimulates hormone production, produces various metabolites, and interacts with brain responses involved in maintaining energy balance in the body. Dysbiosis, characterized by an imbalance in microbial composition, has been linked to increased energy harvesting, impaired bile acid metabolism, chronic low-grade inflammation, impaired appetite regulation, and excessive intake, ultimately leading to obesity. The primary focus of this review is to discuss the current understanding of the roles of diet, exercise, pharmacol...","中文初稿：该研究属于「限时进食/间歇性禁食与代谢健康」主题；英文摘要结论显示：Obesity has become an emerging challenge all over the world. In 2022, one in eight people was living with obesity. It is most common in adults and children. It is due to an imbalance between energy consumption and utilization. However, the human gut microbiome regulates energy metabolism, a complex ecosystem of microorganisms residing in the gastrointestinal tract, which stimulates hormone production, produces various metabolites, and interacts with brain responses involved in maintaining ene...",,中文初稿：该记录属于「限时进食/间歇性禁食与代谢健康」主题；摘要中未解析出明确结论，需要人工阅读全文复核。,E,H3,zh_draft_needs_review,needs_manual_review,2026-04-28
finding-pubmed-42034831,pubmed-42034831,42034831,10.1038/s41366-026-02088-1,PubMed,glp1_obesity_cardiometabolic_outcomes,GLP-1 agonists and changes in body mass and composition in adults with overweight or obesity with or without type 2 diabetes mellitus: a systematic review and meta-analysis.,,International journal of obesity (2005),2026,systematic_review_or_meta_analysis,needs_review,,GLP-1/减重与心代谢结局,,H3,"GLP-1 RA treatment consistently reduced body weight, BMI, and waist circumference across all time points. At 3 months, mean body weight decreased by approximately 9%, accompanied by marked reductions in fat mass and visceral adipose tissue. At 6 months, weight reduction averaged 5%, with semaglutide, liraglutide, and exenatide showing comparable effects, while lean mass remained largely preserved. At 12 months, weight loss persisted at around 4%, with variability between agents, most notably liraglutide. Across studies, fat mass decline predominated, whereas reductions in lean body mass were modest.","中文初稿：该研究属于「GLP-1/减重与心代谢结局」主题；英文摘要结论显示：GLP-1 RA treatment consistently reduced body weight, BMI, and waist circumference across all time points. At 3 months, mean body weight decreased by approximately 9%, accompanied by marked reductions in fat mass and visceral adipose tissue. At 6 months, weight reduction averaged 5%, with semaglutide, liraglutide, and exenatide showing comparable effects, while lean mass remained largely preserved. At 12 months, weight loss persisted at around 4%, with variability between agents, most notably...","GLP-1 RAs provide clinically meaningful weight loss primarily through selective fat mass reduction, with relative preservation of lean tissue, supporting their role in achieving ""quality"" weight loss. Differences between agents highlight the importance of individualized treatment strategies, complemented by nutritional and exercise interventions to optimize long-term outcomes.","中文初稿：该研究属于「GLP-1/减重与心代谢结局」主题；英文摘要结论显示：GLP-1 RAs provide clinically meaningful weight loss primarily through selective fat mass reduction, with relative preservation of lean tissue, supporting their role in achieving ""quality"" weight loss. Differences between agents highlight the importance of individualized treatment strategies, complemented by nutritional and exercise interventions to optimize long-term outcomes.",E,H3,zh_draft_needs_review,needs_manual_review,2026-04-28
finding-pubmed-42023167,pubmed-42023167,42023167,10.1016/j.eclinm.2026.103874,PubMed,metformin_aging_longevity,"Metformin and epigenetic age in non-diabetic older people with HIV in Madrid (METFORAGING): a double-blind, randomised, placebo-controlled, pilot trial.",,EClinicalMedicine,2026,human_randomized_or_clinical_trial,human,,二甲双胍与衰老/健康寿命,,H1,"Between March 2, and Oct 2, 2022, 55 individuals were screened, and 40 were randomly assigned to metformin (n = 19) or placebo (n = 21). Enrolment was closed at 40 participants because of slow recruitment, below the pragmatic target of 60 outlined in the study protocol. Median age was 56.4 years (IQR 53.0-60.8), 12 (30%) were female, and 35 (87.5%) self-identified as White. Mean adherence by pill count was 97.5% in both groups. 35 (87.5%) of 40 participants continued treatment to 96 weeks (n = 17 in the metformin group and n = 18 in the placebo group; per-protocol population). At week 96, the adjusted between-group difference (metformin vs. placebo) for PhenoAge EAA was -1.02 years (95% confidence interval [CI] -5.30 to 3.26; p = 0.627). 48 adverse events occurred in 16 (84%) of 19 participants who received metformin and 48 adverse events occurred in 19 (90%) of 21 participants who re...","中文初稿：该研究属于「二甲双胍与衰老/健康寿命」主题；英文摘要结论显示：Between March 2, and Oct 2, 2022, 55 individuals were screened, and 40 were randomly assigned to metformin (n = 19) or placebo (n = 21). Enrolment was closed at 40 participants because of slow recruitment, below the pragmatic target of 60 outlined in the study protocol. Median age was 56.4 years (IQR 53.0-60.8), 12 (30%) were female, and 35 (87.5%) self-identified as White. Mean adherence by pill count was 97.5% in both groups. 35 (87.5%) of 40 participants continued treatment to 96 weeks (n...","Although no significant difference was noted in the primary outcome between groups, these preliminary findings support the feasibility of geroscience-trials in this population and support further investigation of metformin in larger, adequately powered studies to determine whether metformin can modify biological ageing in people with HIV.","中文初稿：该研究属于「二甲双胍与衰老/健康寿命」主题；英文摘要结论显示：Although no significant difference was noted in the primary outcome between groups, these preliminary findings support the feasibility of geroscience-trials in this population and support further investigation of metformin in larger, adequately powered studies to determine whether metformin can modify biological ageing in people with HIV.",B,H1,zh_draft_needs_review,needs_manual_review,2026-04-28
finding-pubmed-42034786,pubmed-42034786,42034786,10.1007/s00418-026-02475-9,PubMed,rapamycin_mtor_aging,SASP-driven vascular aging: unraveling the transcriptional nexus in endothelial senescence and cardiovascular disease.,,Histochemistry and cell biology,2026,needs_classification,needs_review,,雷帕霉素/mTOR 与衰老,,H4,"Endothelial cell senescence represents a critical mechanistic driver in the initiation and progression of cardiovascular diseases. Senescent endothelial cells exhibit characteristic features, including cell cycle arrest-mediated primarily through the p53/p21 and p16 pathways-morphological transformations such as increased cell volume, elevated caveolin-1 expression, and loss of LaminB1, as well as activation of the senescence-associated secretory phenotype (SASP). The SASP facilitates the secretion of numerous inflammatory cytokines and chemokines, thereby fostering a state of chronic inflammation and contributing to tissue dysfunction. Key molecular regulators of endothelial senescence include transcription factors such as NF-κB and p53, along with the p38 MAPK signaling pathway, which collectively modulate inflammatory responses, cell cycle progression, and stress adaptation. This r...","中文初稿：该研究属于「雷帕霉素/mTOR 与衰老」主题；英文摘要结论显示：Endothelial cell senescence represents a critical mechanistic driver in the initiation and progression of cardiovascular diseases. Senescent endothelial cells exhibit characteristic features, including cell cycle arrest-mediated primarily through the p53/p21 and p16 pathways-morphological transformations such as increased cell volume, elevated caveolin-1 expression, and loss of LaminB1, as well as activation of the senescence-associated secretory phenotype (SASP). The SASP facilitates the sec...",,中文初稿：该记录属于「雷帕霉素/mTOR 与衰老」主题；摘要中未解析出明确结论，需要人工阅读全文复核。,E,H4,zh_draft_needs_review,needs_manual_review,2026-04-28
finding-pubmed-42041525,pubmed-42041525,42041525,10.3390/cells15080657,PubMed,senolytics_human_aging,"Immunosenescence and Inflammaging as Drivers of Neurodegeneration: Cellular Mechanisms, Neuroimmune Crosstalk, and Therapeutic Implications.",,Cells,2026,needs_classification,needs_review,,Senolytics 与细胞衰老,,H4,"Aging is accompanied by profound alterations in immune function, termed immunosenescence, and by a chronic, low-grade inflammatory state known as inflammaging. These processes are increasingly recognized as central drivers of age-related neurodegenerative diseases, including Alzheimer's Disease, Parkinson's Disease, Amyotrophic Lateral Sclerosis and Multiple Sclerosis. In the central nervous system, senescent microglia and astrocytes lose their homeostatic and neuroprotective functions, while systemic immune aging and blood-brain barrier dysfunction further amplify neuroinflammation and impair protein aggregate clearance. This sustained pro-inflammatory environment promotes synaptic dysfunction, neuronal loss and cognitive decline. Here, we synthesize current knowledge of the mechanistic links among immunosenescence, inflammaging, and neurodegeneration, highlighting innate and adaptiv...","中文初稿：该研究属于「Senolytics 与细胞衰老」主题；英文摘要结论显示：Aging is accompanied by profound alterations in immune function, termed immunosenescence, and by a chronic, low-grade inflammatory state known as inflammaging. These processes are increasingly recognized as central drivers of age-related neurodegenerative diseases, including Alzheimer's Disease, Parkinson's Disease, Amyotrophic Lateral Sclerosis and Multiple Sclerosis. In the central nervous system, senescent microglia and astrocytes lose their homeostatic and neuroprotective functions, while...",,中文初稿：该记录属于「Senolytics 与细胞衰老」主题；摘要中未解析出明确结论，需要人工阅读全文复核。,E,H4,zh_draft_needs_review,needs_manual_review,2026-04-28
finding-pubmed-42034399,pubmed-42034399,42034399,10.1016/j.pestbp.2026.107051,PubMed,nad_nmn_nr_human_aging,Unraveling the mechanism of hepatocyte response to flusilazole: Insights from multi-omics analysis and molecular docking.,,Pesticide biochemistry and physiology,2026,animal_study,needs_review,,NAD/NMN/NR 与衰老,,H4,"Triazole fungicides are ubiquitous in agricultural practices, yet the multifaceted mechanisms underlying their hepatotoxicity remain inadequately defined. In this study, we employed an integrated multi-omics framework, incorporating network toxicology, transcriptomics, untargeted metabolomics, and molecular docking, to investigate the effects of flusilazole (10 μM) on AML12 mouse hepatocytes. Molecular docking established a robust mechanistic nexus between flusilazole and Cytochrome P450 (CYP) enzymes, revealing high binding affinities for CYP51, CYP1A1, and CYP2D22. These interactions correlated with a profound systemic disruption of lipid homeostasis, specifically the blockade of steroid hormone biosynthesis and the perturbation of sphingolipid metabolism. Integrated O2PLS and pathway analysis identified concordant transcriptomic and metabolomic alterations in the tryptophan-NAD+ an...","中文初稿：该研究属于「NAD/NMN/NR 与衰老」主题；英文摘要结论显示：Triazole fungicides are ubiquitous in agricultural practices, yet the multifaceted mechanisms underlying their hepatotoxicity remain inadequately defined. In this study, we employed an integrated multi-omics framework, incorporating network toxicology, transcriptomics, untargeted metabolomics, and molecular docking, to investigate the effects of flusilazole (10 μM) on AML12 mouse hepatocytes. Molecular docking established a robust mechanistic nexus between flusilazole and Cytochrome P450 (CYP...",,中文初稿：该记录属于「NAD/NMN/NR 与衰老」主题；摘要中未解析出明确结论，需要人工阅读全文复核。,D,H4,zh_draft_needs_review,needs_manual_review,2026-04-28
finding-pubmed-42043830,pubmed-42043830,42043830,10.1001/jamaneurol.2026.0865,PubMed,epigenetic_clocks_intervention,Acute Brain Injury in New-Onset Refractory Status Epilepticus and Etiology-Defined Status Epilepticus.,,JAMA neurology,2026,human_cohort,human,,表观遗传时钟与干预,,H5,"A total of 78 patients with cNORSE (mean [95% CI] age, 37 [30-41] years; 44 female [56%]) and 2 independent cohorts of 211 patients (mean [95% CI] age, 69 [66-71] years; 128 female [61%]) and 73 patients (mean [95% CI] age, 56 [45-65] years; 39 male [53%]) with eSE were included. NfL concentrations were markedly elevated in cNORSE-approximately 10-fold higher in CSF and 4-fold higher in serum-compared with the eSE cohorts (CSF: median [IQR], 6408 [1503-22 963] pg/mL compared with 694 [219-2389] pg/mL; serum: median [IQR], 231 [99-855] pg/mL compared with 55 [20-135] pg/mL; P <.001). Serum NfL levels were nearly 20-fold higher in cNORSE than in the cohort with epilepsy and in healthy controls (median [IQR], 11 [7-19 ] and 7 [5-14 ] pg/mL, respectively). Serum and CSF NfL levels were strongly correlated (Spearman ρ = 0.75; P < .001) and rose sharply between week 1 (median [IQR], 101 [51...","中文初稿：该研究属于「表观遗传时钟与干预」主题；英文摘要结论显示：A total of 78 patients with cNORSE (mean [95% CI] age, 37 [30-41] years; 44 female [56%]) and 2 independent cohorts of 211 patients (mean [95% CI] age, 69 [66-71] years; 128 female [61%]) and 73 patients (mean [95% CI] age, 56 [45-65] years; 39 male [53%]) with eSE were included. NfL concentrations were markedly elevated in cNORSE-approximately 10-fold higher in CSF and 4-fold higher in serum-compared with the eSE cohorts (CSF: median [IQR], 6408 [1503-22 963] pg/mL compared with 694 [219-238...",,中文初稿：该记录属于「表观遗传时钟与干预」主题；摘要中未解析出明确结论，需要人工阅读全文复核。,C,H5,zh_draft_needs_review,needs_manual_review,2026-04-28
finding-pubmed-41975747,pubmed-41975747,41975747,10.3390/diagnostics16071036,PubMed,cardiorespiratory_fitness_mortality,Prognostic Value of Exercise Testing in Patients with Liver Cirrhosis.,,"Diagnostics (Basel, Switzerland)",2026,human_cohort,human,,心肺适能与死亡风险,,H1,"Background/Objectives: Cirrhosis is associated with increased mortality. In this study, we aimed to investigate the prognostic relevance of 6-min-walk-distance- and cardiopulmonary exercise testing (CPET)-derived peak oxygen uptake (VO2) as estimates of exercise capacity in outpatients with cirrhosis. Methods: Patients underwent a comprehensive clinical characterization including cardiopulmonary exercise testing, six-minute-walking-test-derived distance, and echocardiography. We stratified the cohort using established prognostic thresholds for the six-minute-walking-test-derived distance (440 m) and peak VO2 (65% predicted) and Child-Pugh class (A vs. B/C). Competing risk analyses were performed using cumulative incidence functions and subdistribution hazard models to assess the impact of baseline variables on mortality, accounting for liver transplantation (LT) as a competing event a...","中文初稿：该研究属于「心肺适能与死亡风险」主题；英文摘要结论显示：Background/Objectives: Cirrhosis is associated with increased mortality. In this study, we aimed to investigate the prognostic relevance of 6-min-walk-distance- and cardiopulmonary exercise testing (CPET)-derived peak oxygen uptake (VO2) as estimates of exercise capacity in outpatients with cirrhosis. Methods: Patients underwent a comprehensive clinical characterization including cardiopulmonary exercise testing, six-minute-walking-test-derived distance, and echocardiography. We stratified th...",,中文初稿：该记录属于「心肺适能与死亡风险」主题；摘要中未解析出明确结论，需要人工阅读全文复核。,B,H1,zh_draft_needs_review,needs_manual_review,2026-04-28
finding-pubmed-42038818,pubmed-42038818,42038818,10.1093/jbmrpl/ziag052,PubMed,resistance_training_mortality_sarcopenia,Effect of leucine-enriched essential amino acid supplementation combined with different exercise regimen on appendicular skeletal muscle mass and muscle performance in older adults: an open label randomized controlled trial.,,JBMR plus,2026,human_randomized_or_clinical_trial,human,,抗阻训练、肌肉与衰弱/死亡风险,,H1,"Sarcopenia in older adults increases fall risk and frailty. Improving muscle mass and function enhances balance and supports basic activities of daily living. Leucine-enriched essential amino acid supplementation combined with resistance training has been shown to enhance muscle performance. The present study evaluated muscle performance outcomes after 6 mo of these treatments. In an open-label randomized controlled trial, 66 participants were randomized equally to control and intervention groups (n = 33 each). Both groups consumed daily leucine-enriched essential amino acid supplements after exercise. The intervention group performed resistance training, and the control group followed regular walking and strengthening exercises. Primary outcomes were appendicular skeletal muscle mass index (ASMI), gait speed, and hand grip strength. Safety was assessed by adverse event reporting and...","中文初稿：该研究属于「抗阻训练、肌肉与衰弱/死亡风险」主题；英文摘要结论显示：Sarcopenia in older adults increases fall risk and frailty. Improving muscle mass and function enhances balance and supports basic activities of daily living. Leucine-enriched essential amino acid supplementation combined with resistance training has been shown to enhance muscle performance. The present study evaluated muscle performance outcomes after 6 mo of these treatments. In an open-label randomized controlled trial, 66 participants were randomized equally to control and intervention gr...",,中文初稿：该记录属于「抗阻训练、肌肉与衰弱/死亡风险」主题；摘要中未解析出明确结论，需要人工阅读全文复核。,B,H1,zh_draft_needs_review,needs_manual_review,2026-04-28
finding-pubmed-42041977,pubmed-42041977,42041977,10.3390/jcdd13040151,PubMed,physical_activity_longevity,Prognostic Value of the RVFWLS/PASP Ratio in Pulmonary Arterial Hypertension.,,Journal of cardiovascular development and disease,2026,human_cohort,human,,身体活动与健康寿命,,H1,"During a median follow-up of 32 months, 78 primary events occurred. Patients in the lower RVFWLS/PASP group (<0.246%/mmHg) exhibited significantly worse exercise capacity, higher NT-proBNP levels, and poorer hemodynamics compared with the higher group (≥0.246%/mmHg) (all p < 0.001). The event-free survival rate for the composite endpoint was significantly lower in the group with reduced RVFWLS/PASP compared with that observed in the higher RVFWLS/PASP group (log-rank p < 0.05). Multivariate Cox regression analysis demonstrated RVFWLS/PASP ≥ 0.246%/mmHg was independently predictive of reduced risk for the primary endpoint (HR = 0.46, 95%CI 0.23-0.93, p < 0.05). Moreover, RVFWLS/PASP facilitated additional risk stratification among patients classified as low risk based on established models (FPHN, COMPERA 2.0, and REVEAL Lite 2).","中文初稿：该研究属于「身体活动与健康寿命」主题；英文摘要结论显示：During a median follow-up of 32 months, 78 primary events occurred. Patients in the lower RVFWLS/PASP group (<0.246%/mmHg) exhibited significantly worse exercise capacity, higher NT-proBNP levels, and poorer hemodynamics compared with the higher group (≥0.246%/mmHg) (all p < 0.001). The event-free survival rate for the composite endpoint was significantly lower in the group with reduced RVFWLS/PASP compared with that observed in the higher RVFWLS/PASP group (log-rank p < 0.05). Multivariate C...","RVFWLS/PASP is a robust, independent determinant of long-term prognosis in patients with PAH. As a noninvasive measure of RV-PA coupling, it provides significant incremental value for clinical risk assessment and treatment monitoring.","中文初稿：该研究属于「身体活动与健康寿命」主题；英文摘要结论显示：RVFWLS/PASP is a robust, independent determinant of long-term prognosis in patients with PAH. As a noninvasive measure of RV-PA coupling, it provides significant incremental value for clinical risk assessment and treatment monitoring.",B,H1,zh_draft_needs_review,needs_manual_review,2026-04-28
finding-pubmed-42043710,pubmed-42043710,42043710,10.1007/s11357-026-02220-z,PubMed,blood_pressure_mortality_aging,Twenty-four-hour blood pressure and CSF biomarkers of Alzheimer's disease and related dementias in a community cohort.,,GeroScience,2026,human_cohort,human,,血压与心血管/死亡风险,,H1,"Hypertension in midlife is associated with increased dementia risk, yet its relationship with early pathological changes of Alzheimer's disease and related dementias (ADRD) remains unclear. Unlike office blood pressure (BP), 24-h ambulatory BP (ABPM) may better reflect cardiovascular risk, but associations between 24-h BP measures with ADRD biomarkers are unknown. This cross-sectional study examined associations between BP and cerebrospinal fluid biomarkers of ADRD in mid-to-late life. Dementia-free participants (n = 77; mean age = 67 [SD, 6]; 39% women) from the community-based Brain and Cognitive Health (BACH) cohort underwent office and 24-h ABPM assessments to calculate mean BP, nocturnal dipping, blood pressure variability (BPV, coefficient of variation) across 24-h, awake and asleep periods. Participants also completed a lumbar puncture to assess ADRD biomarkers: Aβ42/Aβ40 ratio...","中文初稿：该研究属于「血压与心血管/死亡风险」主题；英文摘要结论显示：Hypertension in midlife is associated with increased dementia risk, yet its relationship with early pathological changes of Alzheimer's disease and related dementias (ADRD) remains unclear. Unlike office blood pressure (BP), 24-h ambulatory BP (ABPM) may better reflect cardiovascular risk, but associations between 24-h BP measures with ADRD biomarkers are unknown. This cross-sectional study examined associations between BP and cerebrospinal fluid biomarkers of ADRD in mid-to-late life. Dement...",,中文初稿：该记录属于「血压与心血管/死亡风险」主题；摘要中未解析出明确结论，需要人工阅读全文复核。,B,H1,zh_draft_needs_review,needs_manual_review,2026-04-28
finding-pubmed-42031588,pubmed-42031588,42031588,10.1016/j.jacl.2026.03.026,PubMed,ldl_apob_cardiovascular_mortality,The association between remnant cholesterol and cardiovascular events: A systematic review and meta-regression.,,Journal of clinical lipidology,2026,systematic_review_or_meta_analysis,needs_review,,LDL-C/apoB 与心血管风险,,H1,"Forty-three RCTs met the inclusion criteria; most had some risk of bias, and evidence certainty was moderate. Meta-analysis showed absolute risk reductions of 0.4% (95% CI 0.1%-0.6%) for all-cause mortality, 1.3% (95% CI 1.1%-1.6%) for myocardial infarction, and 0.4% (95% CI 0.2%-0.6%) for stroke in treatment vs control groups. Meta-regression demonstrated no association between RC reduction and any clinical outcome, whereas LDL-C and non-high-density lipoprotein cholesterol reductions were associated with risk reduction.","中文初稿：该研究属于「LDL-C/apoB 与心血管风险」主题；英文摘要结论显示：Forty-three RCTs met the inclusion criteria; most had some risk of bias, and evidence certainty was moderate. Meta-analysis showed absolute risk reductions of 0.4% (95% CI 0.1%-0.6%) for all-cause mortality, 1.3% (95% CI 1.1%-1.6%) for myocardial infarction, and 0.4% (95% CI 0.2%-0.6%) for stroke in treatment vs control groups. Meta-regression demonstrated no association between RC reduction and any clinical outcome, whereas LDL-C and non-high-density lipoprotein cholesterol reductions were a...","RC reduction was not associated with cardiovascular benefit. This contrasts with observational and Mendelian randomization studies, likely reflecting methodological differences; MR estimates lifelong genetically mediated exposure and may not reliably predict the effects of short-term pharmacological lipid lowering.","中文初稿：该研究属于「LDL-C/apoB 与心血管风险」主题；英文摘要结论显示：RC reduction was not associated with cardiovascular benefit. This contrasts with observational and Mendelian randomization studies, likely reflecting methodological differences; MR estimates lifelong genetically mediated exposure and may not reliably predict the effects of short-term pharmacological lipid lowering.",A,H1,zh_draft_needs_review,needs_manual_review,2026-04-28
finding-pubmed-42029551,pubmed-42029551,42029551,10.3390/pathophysiology33020024,PubMed,sleep_duration_mortality_aging,Redefining Obstructive Sleep Apnea: Multidimensional Phenotyping Beyond the Apnea-Hypopnea Index.,,Pathophysiology : the official journal of the International Society for Pathophysiology,2026,human_cohort,human,,睡眠与健康结局,,H1,"Background: Obstructive sleep apnea (OSA) is a complex and diverse disorder affecting almost one billion individuals worldwide. Severity of untreated OSA, measured by the apnea-hypopnea index (AHI), is noted to be associated with an increased all-cause and cardiovascular mortality. Although widely used, AHI insufficiently captures disease variability as there is a poor correlation of symptoms with the AHI. There lies individual susceptibility to the effects of OSA and that parameter alone poorly predicts cardiovascular outcomes without considering intermittent hypoxia and the hemodynamic effects of OSA. Recognition of clinical, polysomnographic, and neurophysiological phenotypes offers an opportunity to refine diagnosis, prognosis, and management strategies. Methods: We conducted a narrative synthesis of the literature involving 70 articles, focusing on quantitative and qualitative (Q...","中文初稿：该研究属于「睡眠与健康结局」主题；英文摘要结论显示：Background: Obstructive sleep apnea (OSA) is a complex and diverse disorder affecting almost one billion individuals worldwide. Severity of untreated OSA, measured by the apnea-hypopnea index (AHI), is noted to be associated with an increased all-cause and cardiovascular mortality. Although widely used, AHI insufficiently captures disease variability as there is a poor correlation of symptoms with the AHI. There lies individual susceptibility to the effects of OSA and that parameter alone poo...",,中文初稿：该记录属于「睡眠与健康结局」主题；摘要中未解析出明确结论，需要人工阅读全文复核。,B,H1,zh_draft_needs_review,needs_manual_review,2026-04-28
finding-pubmed-42035516,pubmed-42035516,42035516,10.1016/j.nut.2026.113129,PubMed,dietary_pattern_longevity,"Efficacy of Mediterranean Diet in pregnancy: A systematic review and meta-analysis featured in the Italian National Guidelines ""La Dieta Mediterranea"".",,"Nutrition (Burbank, Los Angeles County, Calif.)",2026,systematic_review_or_meta_analysis,needs_review,,饮食模式与死亡风险,,H1,"Maternal nutritional status and dietary patterns represent key determinants of pregnancy outcomes and long-term health of the offspring, through metabolic, epigenetic, and developmental programming mechanisms. Mediterranean Diet (MD) has been widely acknowledged as a model of healthy eating, with anti-inflammatory and cardiometabolic benefits, and evidence on the impact of MD during pregnancy on maternal/infant outcomes is growing. The present systematic review and meta-analysis evaluates the association between adherence to MD during pregnancy and maternal and neonatal health outcomes. This review was conducted in accordance with PRISMA 2020 and MOOSE guidelines. A comprehensive search of PubMed/MEDLINE, Scopus, Embase, and Cochrane Library was performed up to February 28, 2024. Study quality was assessed using the Newcastle-Ottawa Scale, and the certainty of evidence was evaluated w...","中文初稿：该研究属于「饮食模式与死亡风险」主题；英文摘要结论显示：Maternal nutritional status and dietary patterns represent key determinants of pregnancy outcomes and long-term health of the offspring, through metabolic, epigenetic, and developmental programming mechanisms. Mediterranean Diet (MD) has been widely acknowledged as a model of healthy eating, with anti-inflammatory and cardiometabolic benefits, and evidence on the impact of MD during pregnancy on maternal/infant outcomes is growing. The present systematic review and meta-analysis evaluates the...",,中文初稿：该记录属于「饮食模式与死亡风险」主题；摘要中未解析出明确结论，需要人工阅读全文复核。,A,H1,zh_draft_needs_review,needs_manual_review,2026-04-28
finding-pubmed-42039591,pubmed-42039591,42039591,10.64898/2026.04.13.718331,PubMed,caloric_restriction_human_aging,Senescence and DNA Damage-Induced Inflammation Drive Heart Failure with Preserved Ejection Fraction in Cardiovascular Kidney Metabolic Syndrome.,,bioRxiv : the preprint server for biology,2026,animal_study,needs_review,,热量限制与人体衰老指标,,H4,"Heart failure with preserved ejection fraction (HFpEF) is strongly associated with cardiometabolic comorbidities, including obesity, diabetes, hypertension, chronic kidney disease and aging, yet the mechanistic contribution of cellular senescence to HFpEF pathogenesis remains poorly defined. To model clinically relevant HFpEF, we subjected p16-3MR mice to a novel chronic ""four-hit"" cardiovascular-kidney-metabolic stress regimen (10 months of a high-fat diet, low-dose streptozotocin, L-NAME, and aging). These mice developed a robust HFpEF phenotype characterized by left ventricular hypertrophy, impaired diastolic function (reduced E'/A' and elevated E/E'), preserved ejection fraction, reduced -dP/dt, exercise intolerance, pulmonary congestion, and increased cardiac CD68⁺ macrophage infiltration. Cardiac proteomics identified 821 proteins significantly altered by four-hit stress. Select...","中文初稿：该研究属于「热量限制与人体衰老指标」主题；英文摘要结论显示：Heart failure with preserved ejection fraction (HFpEF) is strongly associated with cardiometabolic comorbidities, including obesity, diabetes, hypertension, chronic kidney disease and aging, yet the mechanistic contribution of cellular senescence to HFpEF pathogenesis remains poorly defined. To model clinically relevant HFpEF, we subjected p16-3MR mice to a novel chronic ""four-hit"" cardiovascular-kidney-metabolic stress regimen (10 months of a high-fat diet, low-dose streptozotocin, L-NAME, a...","Across mouse, human, fly, and human iPSC models, our findings identify DNA damage-driven senescence and ZBP1-cGAS-STING signaling as conserved, causal mechanisms linking cardiovascular-kidney-metabolic comorbidities to HFpEF, highlighting senescence and innate immune pathways as promising therapeutic targets.","中文初稿：该研究属于「热量限制与人体衰老指标」主题；英文摘要结论显示：Across mouse, human, fly, and human iPSC models, our findings identify DNA damage-driven senescence and ZBP1-cGAS-STING signaling as conserved, causal mechanisms linking cardiovascular-kidney-metabolic comorbidities to HFpEF, highlighting senescence and innate immune pathways as promising therapeutic targets.",D,H4,zh_draft_needs_review,needs_manual_review,2026-04-28
finding-pubmed-42018499,pubmed-42018499,42018499,10.1371/journal.pone.0345940,PubMed,intermittent_fasting_aging_human,"Changes in anthropometric indices, lifestyle patterns, and mental stress with ramadan intermittent fasting among healthy students: A prospective cohort study.",,PloS one,2026,human_cohort,human,,限时进食/间歇性禁食与代谢健康,,H3,"The Waist-to-Height Ratio (WHtR) showed a significant decrease from 0.481 ± 0.11 to 0.45 ± 0.10, with reductions in body weight (kg) (62.63 ± 1.2 vs. 69.25 ± 1.18, p < 0.05). A significant change in BRI before and after fasting (1.84 ± 0.37 vs. 1.06 ± 0.17, p < 0.05) was observed. However, there was no significant difference in other anthropometric indices such as CI, WWI, and BAI. Significant changes were observed in lifestyle parameters after RIF, including decreased sleep hours (6 ± 0.263 vs. 8 ± 0.581, p < 0.05) and reduced number of meals after fasting (1 ± 0.135 vs. 3 ± 1.242, p < 0.05). Stress levels significantly decreased after RIF (p < 0.05). RIF fasting positively impacts body weight, anthropometric indices, and stress levels among healthy students.","中文初稿：该研究属于「限时进食/间歇性禁食与代谢健康」主题；英文摘要结论显示：The Waist-to-Height Ratio (WHtR) showed a significant decrease from 0.481 ± 0.11 to 0.45 ± 0.10, with reductions in body weight (kg) (62.63 ± 1.2 vs. 69.25 ± 1.18, p < 0.05). A significant change in BRI before and after fasting (1.84 ± 0.37 vs. 1.06 ± 0.17, p < 0.05) was observed. However, there was no significant difference in other anthropometric indices such as CI, WWI, and BAI. Significant changes were observed in lifestyle parameters after RIF, including decreased sleep hours (6 ± 0.263...","These findings suggest that RIF can improve health outcomes by promoting better dietary habits, enhancing sleep duration, and reducing stress, leading to significant reductions in body weight, BMI, and BRI.","中文初稿：该研究属于「限时进食/间歇性禁食与代谢健康」主题；英文摘要结论显示：These findings suggest that RIF can improve health outcomes by promoting better dietary habits, enhancing sleep duration, and reducing stress, leading to significant reductions in body weight, BMI, and BRI.",C,H3,zh_draft_needs_review,needs_manual_review,2026-04-28
finding-pubmed-42033283,pubmed-42033283,42033283,10.1111/pace.70262,PubMed,glp1_obesity_cardiometabolic_outcomes,Effect of GLP-1 Receptor Agonists on Post-Ablation Atrial Fibrillation Recurrence: A Meta‑Analysis.,,Pacing and clinical electrophysiology : PACE,2026,systematic_review_or_meta_analysis,needs_review,,GLP-1/减重与心代谢结局,,H4,"Six studies met the inclusion criteria, with four contributing data for Kaplan-Meier curve reconstruction and five included in the hazard ratio (HR) meta-analysis. Across four studies (n = 695; GLP-1 RA = 295; control = 400), pooled Kaplan-Meier curves showed a lower risk of AF recurrence with GLP-1 RA therapy (HR 0.53, 95% confidence interval [CI]: 0.38-0.72), with a restricted mean survival time (RMST) advantage of 1.02 months. A random-effects meta-analysis of five studies confirmed this benefit (HR 0.78, 95% CI: 0.61-0.99; I2 = 75%). Pairwise analyses at 12 months demonstrated fewer AF recurrences with GLP-1 RAs (28.6% vs. 32.9%; RR 0.82, 95% CI: 0.76-0.90; I2 = 46.9%).","中文初稿：该研究属于「GLP-1/减重与心代谢结局」主题；英文摘要结论显示：Six studies met the inclusion criteria, with four contributing data for Kaplan-Meier curve reconstruction and five included in the hazard ratio (HR) meta-analysis. Across four studies (n = 695; GLP-1 RA = 295; control = 400), pooled Kaplan-Meier curves showed a lower risk of AF recurrence with GLP-1 RA therapy (HR 0.53, 95% confidence interval [CI]: 0.38-0.72), with a restricted mean survival time (RMST) advantage of 1.02 months. A random-effects meta-analysis of five studies confirmed this b...","GLP-1 RA therapy was associated with reduced AF recurrence after ablation, but methodological limitations warrant cautious interpretation. Prospective randomized trials are needed to confirm this potential benefit.","中文初稿：该研究属于「GLP-1/减重与心代谢结局」主题；英文摘要结论显示：GLP-1 RA therapy was associated with reduced AF recurrence after ablation, but methodological limitations warrant cautious interpretation. Prospective randomized trials are needed to confirm this potential benefit.",E,H4,zh_draft_needs_review,needs_manual_review,2026-04-28
finding-pubmed-41995776,pubmed-41995776,41995776,10.1007/s11596-026-00198-5,PubMed,metformin_aging_longevity,"Metformin in Diabetes and Beyond: Therapeutic Mechanisms, Lactic Acidosis, Organ-Specific Effects, and Nanotechnology-Based Delivery Strategies.",,Current medical science,2026,needs_classification,needs_review,,二甲双胍与衰老/健康寿命,,H3,"Biguanides, especially metformin, are essential for managing type 2 diabetes, a major global health concern. They show favorable pharmacokinetic and pharmacodynamic profiles and have been in clinical use for decades, although their therapeutic mechanisms have yet to be fully elucidated beyond their primary role in hepatic glucose production. Recent investigations have highlighted the significant roles of the gastrointestinal tract, gut microbiota, and tissue-resident immune cells in modulating metformin efficacy. Metformin is of interest for repurposing across various disorders, including cancer, aging, inflammation, and microbial infections. These manifestations are a consequence of their pleiotropic molecular effects and of treatment benefit, which depend on dose or duration. Nevertheless, the associated lactic acidosis, as well as other rare and serious adverse effects, requires a...","中文初稿：该研究属于「二甲双胍与衰老/健康寿命」主题；英文摘要结论显示：Biguanides, especially metformin, are essential for managing type 2 diabetes, a major global health concern. They show favorable pharmacokinetic and pharmacodynamic profiles and have been in clinical use for decades, although their therapeutic mechanisms have yet to be fully elucidated beyond their primary role in hepatic glucose production. Recent investigations have highlighted the significant roles of the gastrointestinal tract, gut microbiota, and tissue-resident immune cells in modulatin...",,中文初稿：该记录属于「二甲双胍与衰老/健康寿命」主题；摘要中未解析出明确结论，需要人工阅读全文复核。,E,H3,zh_draft_needs_review,needs_manual_review,2026-04-28
finding-pubmed-42017452,pubmed-42017452,42017452,10.1080/07357907.2026.2661627,PubMed,rapamycin_mtor_aging,Next-Generation Therapies for Meningioma: Overcoming Barriers and Expanding Treatment Options.,,Cancer investigation,2026,needs_classification,needs_review,,雷帕霉素/mTOR 与衰老,,H4,"Meningioma is the most common primary brain tumor. Surgical resection and, in some cases, adjuvant radiotherapy remain the cornerstone of treatment, offering an exceptionally high cure rate. However, treatment can be challenging, particularly in cases of high-grade tumors, symptomatic tumors located in eloquent brain regions, and in patients who are medically inoperable. Recent molecular profiling has redefined meningioma classification, identifying distinct consensus groups-Immunogenic (MG1), NF2-wildtype (MG2), Hypermetabolic (MG3), and Proliferative (MG4)-with significant prognostic and therapeutic implications. This review discusses the latest advancements in precision medicine therapeutic approaches in meningioma, with a focus on overcoming existing barriers and expanding treatment options. We explore how molecular insights may guide novel therapeutic strategies, including target...","中文初稿：该研究属于「雷帕霉素/mTOR 与衰老」主题；英文摘要结论显示：Meningioma is the most common primary brain tumor. Surgical resection and, in some cases, adjuvant radiotherapy remain the cornerstone of treatment, offering an exceptionally high cure rate. However, treatment can be challenging, particularly in cases of high-grade tumors, symptomatic tumors located in eloquent brain regions, and in patients who are medically inoperable. Recent molecular profiling has redefined meningioma classification, identifying distinct consensus groups-Immunogenic (MG1)...",,中文初稿：该记录属于「雷帕霉素/mTOR 与衰老」主题；摘要中未解析出明确结论，需要人工阅读全文复核。,E,H4,zh_draft_needs_review,needs_manual_review,2026-04-28
finding-pubmed-42039200,pubmed-42039200,42039200,10.3389/fimmu.2026.1807871,PubMed,senolytics_human_aging,The senescent niche hypothesis: microglial dysfunction and replacement strategies in drug-resistant epilepsy.,,Frontiers in immunology,2026,needs_classification,needs_review,,Senolytics 与细胞衰老,,H1,"Epilepsy is one of the most prevalent neurological disorders, affecting over 70 million individuals worldwide. However, despite the introduction of more than 30 anti-seizure medications over three decades, approximately 30% of patients continue to suffer from drug-resistant epilepsy (DRE). Here, we advance the ""Senescent Niche Hypothesis,"" proposing that the epileptogenic focus in DRE harbors a pathological accumulation of senescent microglia that have lost homeostatic surveillance capacity and acquired a toxic secretory phenotype. We present the ""Iron-Senescence Axis"" as the mechanistic driver: recurrent seizure-induced blood-brain barrier disruption leads to chronic parenchymal iron deposition; microglia accumulate iron through erythrophagocytosis and sustain sub-lethal ferroptotic stress-characterized by lipid peroxidation, mitochondrial dysfunction, and DNA damage-that drives thei...","中文初稿：该研究属于「Senolytics 与细胞衰老」主题；英文摘要结论显示：Epilepsy is one of the most prevalent neurological disorders, affecting over 70 million individuals worldwide. However, despite the introduction of more than 30 anti-seizure medications over three decades, approximately 30% of patients continue to suffer from drug-resistant epilepsy (DRE). Here, we advance the ""Senescent Niche Hypothesis,"" proposing that the epileptogenic focus in DRE harbors a pathological accumulation of senescent microglia that have lost homeostatic surveillance capacity a...",,中文初稿：该记录属于「Senolytics 与细胞衰老」主题；摘要中未解析出明确结论，需要人工阅读全文复核。,E,H1,zh_draft_needs_review,needs_manual_review,2026-04-28
finding-pubmed-42033923,pubmed-42033923,42033923,10.1016/j.bmc.2026.118676,PubMed,nad_nmn_nr_human_aging,Emerging chemical strategies for CD38 inhibition: restoring NAD(+) metabolism and disease control.,,Bioorganic & medicinal chemistry,2026,needs_classification,needs_review,,NAD/NMN/NR 与衰老,,H4,"Cluster of differentiation 38 (CD38) is a multifunctional ectoenzyme regulating immune functions, calcium signaling, and nicotinamide adenine dinucleotide (NAD+) metabolism. Through rapid hydrolytic degradation of NAD+, CD38 drives cellular NAD+ depletion during aging, inflammation, and tumor growth, contributing to mitochondrial dysfunction and immune suppression. Consequently, CD38 inhibition has been emerging as a potential approach for disease control by restoring NAD+ homeostasis and immunometabolic balance. This review summarizes current advances in the development of small-molecule CD38 inhibitors. Mechanism-based nucleotides and nucleosides enable potent inhibition of CD38 in a covalent manner. From NAD+ analogues and synthetic molecules to natural products, non-covalent inhibitors represent versatile strategies for elevating tissue NAD+ levels with great efficacy by blocking...","中文初稿：该研究属于「NAD/NMN/NR 与衰老」主题；英文摘要结论显示：Cluster of differentiation 38 (CD38) is a multifunctional ectoenzyme regulating immune functions, calcium signaling, and nicotinamide adenine dinucleotide (NAD+) metabolism. Through rapid hydrolytic degradation of NAD+, CD38 drives cellular NAD+ depletion during aging, inflammation, and tumor growth, contributing to mitochondrial dysfunction and immune suppression. Consequently, CD38 inhibition has been emerging as a potential approach for disease control by restoring NAD+ homeostasis and imm...",,中文初稿：该记录属于「NAD/NMN/NR 与衰老」主题；摘要中未解析出明确结论，需要人工阅读全文复核。,E,H4,zh_draft_needs_review,needs_manual_review,2026-04-28
finding-pubmed-42043765,pubmed-42043765,42043765,10.1002/alz.71311,PubMed,epigenetic_clocks_intervention,The forgotten population: Early-onset Alzheimer's in people with Down syndrome.,,Alzheimer's & dementia : the journal of the Alzheimer's Association,2026,human_randomized_or_clinical_trial,human,,表观遗传时钟与干预,,H5,"In recent decades, Alzheimer's disease has increasingly been discussed through narratives of prevention, resilience, and delayed onset. For individuals with Down syndrome, however, Alzheimer's disease is not a distant possibility, but an almost predictable consequence of increased longevity. The substantial rise in life expectancy in this population represents one of the greatest achievements of modern medicine. At the same time, it has exposed a profound biological vulnerability, as most individuals with Down syndrome will develop Alzheimer's disease-related neuropathology decades earlier than the general population. Although Down syndrome constitutes the most common genetic cause of Alzheimer's disease, these individuals remain largely excluded from prevention strategies, clinical trials, and global dementia agendas. This Viewpoint argues that such persistent invisibility does not r...","中文初稿：该研究属于「表观遗传时钟与干预」主题；英文摘要结论显示：In recent decades, Alzheimer's disease has increasingly been discussed through narratives of prevention, resilience, and delayed onset. For individuals with Down syndrome, however, Alzheimer's disease is not a distant possibility, but an almost predictable consequence of increased longevity. The substantial rise in life expectancy in this population represents one of the greatest achievements of modern medicine. At the same time, it has exposed a profound biological vulnerability, as most ind...",,中文初稿：该记录属于「表观遗传时钟与干预」主题；摘要中未解析出明确结论，需要人工阅读全文复核。,C,H5,zh_draft_needs_review,needs_manual_review,2026-04-28
finding-pubmed-41954336,pubmed-41954336,41954336,10.23736/S0375-9393.26.19684-9,PubMed,cardiorespiratory_fitness_mortality,Effect of preoperative prehabilitation in adults undergoing cardiac surgery on physical status and perioperative complications: a systematic review and meta-analysis.,,Minerva anestesiologica,2026,systematic_review_or_meta_analysis,needs_review,,心肺适能与死亡风险,,H1,"Many patients scheduled for cardiac surgery have low cardiorespiratory fitness, which is associated with increased perioperative morbidity and mortality. There is limited evidence to suggest that prehabilitation can reduce perioperative complications. The objective was to evaluate the impact of prehabilitation comprising physical exercise on the cardiorespiratory fitness of cardiac patients, and on quality of life, hospital stay, postoperative complications and mortality. A systematic review and meta-analysis, following the PRISMA statement, encompassing randomized controlled trials on prehabilitation for adult patients undergoing cardiac surgery. The protocol was pre-registered on Open Science Framework. We included eight studies comprising 894 patients. The prehabilitation group exhibited a greater improvement in preoperative six-minute walk test than the control group (MD 36.65 m;...","中文初稿：该研究属于「心肺适能与死亡风险」主题；英文摘要结论显示：Many patients scheduled for cardiac surgery have low cardiorespiratory fitness, which is associated with increased perioperative morbidity and mortality. There is limited evidence to suggest that prehabilitation can reduce perioperative complications. The objective was to evaluate the impact of prehabilitation comprising physical exercise on the cardiorespiratory fitness of cardiac patients, and on quality of life, hospital stay, postoperative complications and mortality. A systematic review...","Our findings suggest an association between prehabilitation and preoperative enhancement in cardiorespiratory fitness. However, the effect size is modest and may have marginal clinical significance. It remains unclear whether prehabilitation can improve clinical outcomes beyond the reduction of hospital length of stay. Further research is required to provide evidence of the efficacy of these programs.","中文初稿：该研究属于「心肺适能与死亡风险」主题；英文摘要结论显示：Our findings suggest an association between prehabilitation and preoperative enhancement in cardiorespiratory fitness. However, the effect size is modest and may have marginal clinical significance. It remains unclear whether prehabilitation can improve clinical outcomes beyond the reduction of hospital length of stay. Further research is required to provide evidence of the efficacy of these programs.",A,H1,zh_draft_needs_review,needs_manual_review,2026-04-28
finding-pubmed-42029608,pubmed-42029608,42029608,10.3390/medsci14020184,PubMed,resistance_training_mortality_sarcopenia,Supervised (Home-Based Exercise) Prehabilitation Program in Pancreatic Cancer Patients Undergoing to Neoadjuvant Chemotherapy: A Pilot Feasibility Study.,,"Medical sciences (Basel, Switzerland)",2026,needs_classification,needs_review,,抗阻训练、肌肉与衰弱/死亡风险,,H1,"From July 2022 to February 2024, 23 patients were screened; 15 were eligible and 10 enrolled. Four participants discontinued the intervention (two due to asthenia/fatigue, one due to chemotherapy-related adverse events, and one for organizational reasons), leaving six participants who completed the program. Among completers, fatigue and quality of life did not change meaningfully. Aerobic capacity and muscle function outcomes were generally stable, with few pre-post changes exceeding the minimum clinically important difference (MCID) thresholds used. Body composition markers and the assessed circulating cytokines/chemokines remained unchanged except for IL-6 levels, which decreased significantly (p < 0.05).","中文初稿：该研究属于「抗阻训练、肌肉与衰弱/死亡风险」主题；英文摘要结论显示：From July 2022 to February 2024, 23 patients were screened; 15 were eligible and 10 enrolled. Four participants discontinued the intervention (two due to asthenia/fatigue, one due to chemotherapy-related adverse events, and one for organizational reasons), leaving six participants who completed the program. Among completers, fatigue and quality of life did not change meaningfully. Aerobic capacity and muscle function outcomes were generally stable, with few pre-post changes exceeding the mini...","A partially supervised, home-based HIIT-based prehabilitation program is feasible for a subset of PC patients undergoing neoadjuvant therapy, but a substantial attrition rate suggests the need for more flexible symptom-adapted prescriptions and enhanced supportive strategies.","中文初稿：该研究属于「抗阻训练、肌肉与衰弱/死亡风险」主题；英文摘要结论显示：A partially supervised, home-based HIIT-based prehabilitation program is feasible for a subset of PC patients undergoing neoadjuvant therapy, but a substantial attrition rate suggests the need for more flexible symptom-adapted prescriptions and enhanced supportive strategies.",E,H1,zh_draft_needs_review,needs_manual_review,2026-04-28
finding-pubmed-42035205,pubmed-42035205,42035205,10.1186/s13287-026-05020-6,PubMed,physical_activity_longevity,Therapeutic potential of mesenchymal stromal cells in COVID-19: a meta-analysis of clinical trials conducted since the pandemic onset.,,Stem cell research & therapy,2026,systematic_review_or_meta_analysis,needs_review,,身体活动与健康寿命,,H1,"MSC therapy significantly reduced all-cause mortality (MSC: 26.4% vs control: 31.9%; fixed-effect OR = 0.74, 95% CI 0.55-0.99), with low heterogeneity (I2 = 2.8%, P =0.422[Q-test]) and no publication bias. The quality of evidence was moderate (according to the GRADE assessment). The subgroup analysis revealed a significant survival benefit in severe/critical patients (OR = 0.73, 95% CI 0.54-0.98) but not in studies that included moderate cases (OR = 0.91, 95% CI 0.23-3.65). No significant heterogeneity was found across study designs, administration routes, or dosing frequencies, which confirmed the robustness of the primary findings while indicating insufficient evidence to determine the optimal regimen. The secondary outcomes suggested improvements in clinical recovery, pulmonary function, and pro-/anti-inflammatory cytokine balance in patients that received MSC therapy. Limited stud...","中文初稿：该研究属于「身体活动与健康寿命」主题；英文摘要结论显示：MSC therapy significantly reduced all-cause mortality (MSC: 26.4% vs control: 31.9%; fixed-effect OR = 0.74, 95% CI 0.55-0.99), with low heterogeneity (I2 = 2.8%, P =0.422[Q-test]) and no publication bias. The quality of evidence was moderate (according to the GRADE assessment). The subgroup analysis revealed a significant survival benefit in severe/critical patients (OR = 0.73, 95% CI 0.54-0.98) but not in studies that included moderate cases (OR = 0.91, 95% CI 0.23-3.65). No significant het...","This meta-analysis indicated that MSC therapy may reduce mortality in patients with severe or critical COVID-19, demonstrating a favorable safety profile and potential benefits for Long-COVID and other viral pneumonias. Further large-scale, rigorous RCTs and mechanistic studies are warranted to strengthen the evidence base and standardize MSC administration regimens (source, dosing, frequency, and intervals) for managing COVID-19, Long-COVID, and other viral pneumonias.","中文初稿：该研究属于「身体活动与健康寿命」主题；英文摘要结论显示：This meta-analysis indicated that MSC therapy may reduce mortality in patients with severe or critical COVID-19, demonstrating a favorable safety profile and potential benefits for Long-COVID and other viral pneumonias. Further large-scale, rigorous RCTs and mechanistic studies are warranted to strengthen the evidence base and standardize MSC administration regimens (source, dosing, frequency, and intervals) for managing COVID-19, Long-COVID, and other viral pneumonias.",A,H1,zh_draft_needs_review,needs_manual_review,2026-04-28
finding-pubmed-42042602,pubmed-42042602,42042602,10.3390/mps9020051,PubMed,blood_pressure_mortality_aging,"Effect of Roxadustat on Cardiometabolism in Healthy Individuals (ROXACardioMeta): Protocol for a Double-Blind, Placebo-Controlled and Randomised Cross-Over Trial.",,Methods and protocols,2026,human_randomized_or_clinical_trial,human,,血压与心血管/死亡风险,,H1,"Hypoxia activates hypoxia-inducible factors (HIFs), which regulate genes involved in erythropoiesis, angiogenesis, and metabolism. HIF stability is controlled by oxygen-dependent HIF prolyl 4-hydroxylases (HIF-P4Hs). Pharmacological HIF-P4H inhibitors are approved for the treatment of anaemia in chronic kidney disease (CKD). Beyond erythropoiesis, these drugs have been linked to improved lipid profiles in CKD, and preclinical studies suggest benefits for glucose tolerance and cardiovascular protection. However, cardiometabolic effects of HIF-P4H inhibitors have not been systematically examined in healthy or non-anaemic individuals. This investigator-initiated, double-blind, placebo-controlled, randomised crossover trial evaluates the systemic effects of roxadustat, an orally administered pan-HIF-P4H inhibitor. The study consists of two 10-day study arms separated by a minimum 4-week w...","中文初稿：该研究属于「血压与心血管/死亡风险」主题；英文摘要结论显示：Hypoxia activates hypoxia-inducible factors (HIFs), which regulate genes involved in erythropoiesis, angiogenesis, and metabolism. HIF stability is controlled by oxygen-dependent HIF prolyl 4-hydroxylases (HIF-P4Hs). Pharmacological HIF-P4H inhibitors are approved for the treatment of anaemia in chronic kidney disease (CKD). Beyond erythropoiesis, these drugs have been linked to improved lipid profiles in CKD, and preclinical studies suggest benefits for glucose tolerance and cardiovascular p...",,中文初稿：该记录属于「血压与心血管/死亡风险」主题；摘要中未解析出明确结论，需要人工阅读全文复核。,B,H1,zh_draft_needs_review,needs_manual_review,2026-04-28
finding-pubmed-42011216,pubmed-42011216,42011216,10.1016/j.eclinm.2026.103886,PubMed,ldl_apob_cardiovascular_mortality,Digital health interventions for lipid management in atherosclerotic cardiovascular disease: a systematic review and meta-analysis of randomised controlled trials.,,EClinicalMedicine,2026,systematic_review_or_meta_analysis,needs_review,,LDL-C/apoB 与心血管风险,,H1,"Of the 4997 records identified, 18 RCTs from 11 regions (n = 12,970) were included in the systematic review. Risk of bias was scored as high across all included trials. Overall, digital health was associated with greater reductions in LDL-c compared with usual care [mean difference (MD) = -0.10 mmol/L (95% CI -0.17 to -0.04); p = 0.003; I2 = 74%]. No evidence of publication bias was detected. Lipid control was also improved [risk ratio (RR) = 1.15 (95% CI 1.03-1.28); p = 0.02; I2 = 57%]. In subgroup analyses, multi-component interventions showed the greatest reduction in LDL-c [MD = -0.22 mmol/L (-0.38 to -0.07); I2 = 78%], compared to SMS-only interventions [MD = -0.03 mmol/L (-0.14 to 0.08); I2 = 70%], SMS combined with supportive material [MD = -0.05 mmol/L (-0.14 to 0.03); I2 = 36%], and smartphone applications [MD = -0.07 mmol/L (-0.21 to 0.06); I2 = 47%], although differences be...","中文初稿：该研究属于「LDL-C/apoB 与心血管风险」主题；英文摘要结论显示：Of the 4997 records identified, 18 RCTs from 11 regions (n = 12,970) were included in the systematic review. Risk of bias was scored as high across all included trials. Overall, digital health was associated with greater reductions in LDL-c compared with usual care [mean difference (MD) = -0.10 mmol/L (95% CI -0.17 to -0.04); p = 0.003; I2 = 74%]. No evidence of publication bias was detected. Lipid control was also improved [risk ratio (RR) = 1.15 (95% CI 1.03-1.28); p = 0.02; I2 = 57%]. In s...","Our findings suggest that digital health interventions can support LDL-c reduction and lipid control in patients with ASCVD. Multi-component interventions were most effective, particularly when combined with high-frequency delivery, bidirectional communication, and telemonitoring. High heterogeneity and high risk of bias were observed across studies, and LDL-c reduction was not a primary outcome in most trials, warranting careful interpretation. Nevertheless, digital health shows potential for integration in lipid management, and warrants future research to optimise effectiveness and support implementation in clinical practice.","中文初稿：该研究属于「LDL-C/apoB 与心血管风险」主题；英文摘要结论显示：Our findings suggest that digital health interventions can support LDL-c reduction and lipid control in patients with ASCVD. Multi-component interventions were most effective, particularly when combined with high-frequency delivery, bidirectional communication, and telemonitoring. High heterogeneity and high risk of bias were observed across studies, and LDL-c reduction was not a primary outcome in most trials, warranting careful interpretation. Nevertheless, digital health shows potential fo...",A,H1,zh_draft_needs_review,needs_manual_review,2026-04-28
finding-pubmed-42028462,pubmed-42028462,42028462,10.1088/1748-9326/adcbc5,PubMed,sleep_duration_mortality_aging,Extreme heat impacts on daily life and adaptive behaviours captured through lived experience.,,Environmental research letters : ERL [Web site],2025,human_cohort,human,,睡眠与健康结局,,H1,"So far, there has been little evidence of the impact of extreme heat on behaviour and wellbeing in daily life, beyond gross health metrics like hospital admissions and mortality. Data are needed to better understand the relative impact of a changing climate across life course strata and ultimately inform effective adaptation strategies. Using the UK September 2023 heatwave as a case study, we surveyed 3242 participants from the Avon longitudinal study of parents and children about their lived experience of extreme heat. Responses evidenced perceived adverse impacts on sleep quality (67% of the participants), productivity at home (41%), appetite (29%), and productivity at work (25%). Beneficial impacts were perceived for mood (39% of the participants) and physical health (20%). Demographic (age and gender) and socio-economic variables (employment status and housing type) were associate...","中文初稿：该研究属于「睡眠与健康结局」主题；英文摘要结论显示：So far, there has been little evidence of the impact of extreme heat on behaviour and wellbeing in daily life, beyond gross health metrics like hospital admissions and mortality. Data are needed to better understand the relative impact of a changing climate across life course strata and ultimately inform effective adaptation strategies. Using the UK September 2023 heatwave as a case study, we surveyed 3242 participants from the Avon longitudinal study of parents and children about their lived...",,中文初稿：该记录属于「睡眠与健康结局」主题；摘要中未解析出明确结论，需要人工阅读全文复核。,B,H1,zh_draft_needs_review,needs_manual_review,2026-04-28
finding-pubmed-42035505,pubmed-42035505,42035505,10.1016/j.jnha.2026.100860,PubMed,dietary_pattern_longevity,Association of plant-based diet with cardiometabolic multimorbidity trajectory: A prospective study in UK Biobank.,,"The journal of nutrition, health & aging",2026,human_cohort,human,,饮食模式与死亡风险,,H1,"During a median follow-up period of 15.61 years, the median age of the participants at baseline was 57 years (IQR: 50 years-62 years), 42.72% were male. 9298 participants developed at least one CMD, 1,045 participants progressed to CMM, and 4169 participants ultimately died. The finding of the multi-state model suggest that, compared with Q1, both the overall plant-based diet index (PDI)[HR (95%CI): 0.88 (0.83, 0.94) for baseline to FCMD, 0.85 (0.83, 0.94) for baseline to CMM] and the healthy plant-based diet index (hPDI) [HR (95%CI): 0.60 (0.41, 0.89) for baseline to FCMD, 0.79 (0.53, 1.17) for baseline to CMM] were negatively associated with the risk of transitioning from health to FCMD and CMM. When grouping FCMD into disease-specific analyses, it was found that the three plant-based indices also exerted differential effects on the transition from health to diabetes.","中文初稿：该研究属于「饮食模式与死亡风险」主题；英文摘要结论显示：During a median follow-up period of 15.61 years, the median age of the participants at baseline was 57 years (IQR: 50 years-62 years), 42.72% were male. 9298 participants developed at least one CMD, 1,045 participants progressed to CMM, and 4169 participants ultimately died. The finding of the multi-state model suggest that, compared with Q1, both the overall plant-based diet index (PDI)[HR (95%CI): 0.88 (0.83, 0.94) for baseline to FCMD, 0.85 (0.83, 0.94) for baseline to CMM] and the healthy...","In the progression of CMM, high adherence of PDI and hPDI has been demonstrated to reduce the risk of transitioning from CMD-free to FCMD, particularly in diabetes, and lowers the risk of CMM with a much lower incidence risk from CMD-free to CMM compared to CMD-free to FCMD. The present study hypothesizes that both hPDI and unhealthy plant-based index (uPDI) are associated with the risk from baseline to death.","中文初稿：该研究属于「饮食模式与死亡风险」主题；英文摘要结论显示：In the progression of CMM, high adherence of PDI and hPDI has been demonstrated to reduce the risk of transitioning from CMD-free to FCMD, particularly in diabetes, and lowers the risk of CMM with a much lower incidence risk from CMD-free to CMM compared to CMD-free to FCMD. The present study hypothesizes that both hPDI and unhealthy plant-based index (uPDI) are associated with the risk from baseline to death.",B,H1,zh_draft_needs_review,needs_manual_review,2026-04-28
finding-pubmed-42032757,pubmed-42032757,42032757,10.1186/s41232-026-00419-3,PubMed,caloric_restriction_human_aging,Senescence of T cells and organ aging.,,Inflammation and regeneration,2026,animal_study,needs_review,,热量限制与人体衰老指标,,H4,"Senescence of T cells is strongly linked to organismal aging through two interconnected processes: chronic low-grade inflammation and reduced immune surveillance of senescent cells. T cells are particularly vulnerable to thymic involution, hematopoietic stem cell aging, repeated homeostatic proliferation, chronic antigenic stimulation, and metabolic and mitochondrial dysfunction. As a result, aged T cells may lose their capacity to combat infection and eliminate senescent cells, while also contributing to inflammaging through the production of inflammatory cytokines. Recent preclinical studies in murine models have demonstrated that modulation of T-cell immunosenescence can ameliorate age-related diseases. These approaches include PD-1/PD-L1 blockade, senolytic chimeric antigen receptor T (CAR-T) cells, and CXCL4/platelet factor 4 (PF4). In addition, early-stage human clinical studies...","中文初稿：该研究属于「热量限制与人体衰老指标」主题；英文摘要结论显示：Senescence of T cells is strongly linked to organismal aging through two interconnected processes: chronic low-grade inflammation and reduced immune surveillance of senescent cells. T cells are particularly vulnerable to thymic involution, hematopoietic stem cell aging, repeated homeostatic proliferation, chronic antigenic stimulation, and metabolic and mitochondrial dysfunction. As a result, aged T cells may lose their capacity to combat infection and eliminate senescent cells, while also co...",,中文初稿：该记录属于「热量限制与人体衰老指标」主题；摘要中未解析出明确结论，需要人工阅读全文复核。,D,H4,zh_draft_needs_review,needs_manual_review,2026-04-28
finding-pubmed-41999199,pubmed-41999199,41999199,10.1177/17455057261442708,PubMed,intermittent_fasting_aging_human,Determinants of oxidative stress in orthodox Christian women: A comparative analysis of monastic and non-monastic lifestyles.,,"Women's health (London, England)",2026,human_cohort,human,,限时进食/间歇性禁食与代谢健康,,H4,"In the monastic group, body fat percentage (beta coefficient = 0.387, p = 0.003) and age (beta coefficient = 0.301, p = 0.014) were associated with TAC levels. Among controls, insulin positively correlated with GSH (ρ = 0.480, p < 0.001) and marginally inversely with TAC (ρ = -0.321, p = 0.060). No significant associations were found between 25(OH)D and oxidative markers in either group.","中文初稿：该研究属于「限时进食/间歇性禁食与代谢健康」主题；英文摘要结论显示：In the monastic group, body fat percentage (beta coefficient = 0.387, p = 0.003) and age (beta coefficient = 0.301, p = 0.014) were associated with TAC levels. Among controls, insulin positively correlated with GSH (ρ = 0.480, p < 0.001) and marginally inversely with TAC (ρ = -0.321, p = 0.060). No significant associations were found between 25(OH)D and oxidative markers in either group.","Vitamin D and insulin levels were not significantly associated with oxidative stress markers in this cohort. These findings highlight the potential of long-term, culturally structured fasting to modulate redox homeostasis and suggest a complex interplay between age, adiposity, and antioxidant defenses. These findings should be interpreted within the context of a highly specific religious and cultural lifestyle and may not be generalizable to other populations. Further research is needed to elucidate underlying mechanisms and long-term clinical implications.","中文初稿：该研究属于「限时进食/间歇性禁食与代谢健康」主题；英文摘要结论显示：Vitamin D and insulin levels were not significantly associated with oxidative stress markers in this cohort. These findings highlight the potential of long-term, culturally structured fasting to modulate redox homeostasis and suggest a complex interplay between age, adiposity, and antioxidant defenses. These findings should be interpreted within the context of a highly specific religious and cultural lifestyle and may not be generalizable to other populations. Further research is needed to el...",C,H4,zh_draft_needs_review,needs_manual_review,2026-04-28
finding-pubmed-42029967,pubmed-42029967,42029967,10.1007/s11325-026-03681-4,PubMed,glp1_obesity_cardiometabolic_outcomes,Efficacy of GLP-1 Receptor agonists in treating Obstructive sleep apnea: A systematic review and meta-analysis of cardiometabolic and respiratory outcomes.,,Sleep & breathing = Schlaf & Atmung,2026,systematic_review_or_meta_analysis,needs_review,,GLP-1/减重与心代谢结局,,H2,"In the pooled analysis, treatment with GLP-1 RAs was associated with a robust and statistically significant reduction in AHI (mean difference [MD]: -13.89 events/hour; p < 0.01). Therapy also resulted in substantial weight loss compared to placebo (MD: -12.46 kg; p < 0.01). For cardiovascular parameters, the use of GLP-1 RA was associated with a significant reduction in systolic blood pressure (mean difference [MD]: -4.86 mmHg; p < 0.01) and diastolic blood pressure (p = 0.03).","中文初稿：该研究属于「GLP-1/减重与心代谢结局」主题；英文摘要结论显示：In the pooled analysis, treatment with GLP-1 RAs was associated with a robust and statistically significant reduction in AHI (mean difference [MD]: -13.89 events/hour; p < 0.01). Therapy also resulted in substantial weight loss compared to placebo (MD: -12.46 kg; p < 0.01). For cardiovascular parameters, the use of GLP-1 RA was associated with a significant reduction in systolic blood pressure (mean difference [MD]: -4.86 mmHg; p < 0.01) and diastolic blood pressure (p = 0.03).","GLP-1 receptor agonists significantly reduce OSA severity, promote substantial weight loss, and lower systolic and diastolic blood pressure in patients with obstructive sleep apnea and obesity. These findings support the role of GLP-1 RAs as a multifaceted and effective therapeutic intervention for managing OSA.","中文初稿：该研究属于「GLP-1/减重与心代谢结局」主题；英文摘要结论显示：GLP-1 receptor agonists significantly reduce OSA severity, promote substantial weight loss, and lower systolic and diastolic blood pressure in patients with obstructive sleep apnea and obesity. These findings support the role of GLP-1 RAs as a multifaceted and effective therapeutic intervention for managing OSA.",A,H2,zh_draft_needs_review,needs_manual_review,2026-04-28
finding-pubmed-41994361,pubmed-41994361,41994361,10.5114/biolsport.2026.156224,PubMed,metformin_aging_longevity,Aging reimagined: Bridging clinical modulation and scientific breakthroughs.,,Biology of sport,2026,needs_classification,needs_review,,二甲双胍与衰老/健康寿命,,H4,"The expanding body of research that suggests aging may be controllable is examined in our literature review, drawing on insights from certain domains where physiological degeneration is potentially modifiable. The discovery of telomerase and its connection to cellular senescence, the epigenetic reprogramming of adult cells into pluripotent states, and the role of autophagy in longevity are encouraging scientific milestones, as they address key signaling pathways of aging including rapamycin, adenosine monophosphate-activated protein kinase, and forkhead box O transcription factors. Clinical innovations involving growth hormone, metformin, and dehydroepiandrosterone have shown demonstrable modifiable biological age's markers, as evidenced by the thymus regeneration, immunorestoration, and insulin mitigation experiment. Furthermore, lifestyle-based tactics such as stress management, die...","中文初稿：该研究属于「二甲双胍与衰老/健康寿命」主题；英文摘要结论显示：The expanding body of research that suggests aging may be controllable is examined in our literature review, drawing on insights from certain domains where physiological degeneration is potentially modifiable. The discovery of telomerase and its connection to cellular senescence, the epigenetic reprogramming of adult cells into pluripotent states, and the role of autophagy in longevity are encouraging scientific milestones, as they address key signaling pathways of aging including rapamycin,...",,中文初稿：该记录属于「二甲双胍与衰老/健康寿命」主题；摘要中未解析出明确结论，需要人工阅读全文复核。,E,H4,zh_draft_needs_review,needs_manual_review,2026-04-28
finding-pubmed-42011226,pubmed-42011226,42011226,10.2147/DDDT.S594895,PubMed,rapamycin_mtor_aging,"SRN-901, a Novel Longevity Drug, Extends Lifespan and Healthspan by Targeting Multiple Aging Pathways.",,"Drug design, development and therapy",2026,animal_study,needs_review,,雷帕霉素/mTOR 与衰老,,H1,"SRN-901-treated mice showed a significant increase of 33% in median remaining lifespan compared to placebo-treated mice. Cox proportional hazards analysis revealed a hazard ratio of 0.54, indicating that SRN-901 treatment was associated with a 46% reduction in the hazard of death. While rapamycin increased lifespan in adult mice, nicotinamide mononucleotide (NMN), and nicotinamide riboside (NR) did not show significant differences in median lifespan compared to placebo. SRN-901 protected mice against increased frailty during aging, with baseline-normalized scores rising to 1.17 in treated mice and 1.57 in controls, corresponding to a 70% attenuation of frailty progression between pre-treatment (D-14) and post-treatment (D128; p < 0.001). Transcriptomic analyses revealed that SRN-901 modulates gene expression across pathways implicated in aging biology, including inflammation, apoptosi...","中文初稿：该研究属于「雷帕霉素/mTOR 与衰老」主题；英文摘要结论显示：SRN-901-treated mice showed a significant increase of 33% in median remaining lifespan compared to placebo-treated mice. Cox proportional hazards analysis revealed a hazard ratio of 0.54, indicating that SRN-901 treatment was associated with a 46% reduction in the hazard of death. While rapamycin increased lifespan in adult mice, nicotinamide mononucleotide (NMN), and nicotinamide riboside (NR) did not show significant differences in median lifespan compared to placebo. SRN-901 protected mice...",,中文初稿：该记录属于「雷帕霉素/mTOR 与衰老」主题；摘要中未解析出明确结论，需要人工阅读全文复核。,D,H1,zh_draft_needs_review,needs_manual_review,2026-04-28
finding-pubmed-42037130,pubmed-42037130,42037130,10.1111/dom.70818,PubMed,senolytics_human_aging,"Adipose as a Driver, Not a Bystander: A Modern Synthesis of Obesity-Related Erectile Dysfunction.",,"Diabetes, obesity & metabolism",2026,needs_classification,needs_review,,Senolytics 与细胞衰老,,H4,"Dysfunctional adipose tissue remodels systemic and local microenvironments through adipokines, cytokines, extracellular vesicle cargo, and oxidized lipid mediators. These processes reduce nitric oxide bioavailability, increase vascular stiffness, disrupt neuroendocrine signaling, and promote cavernosal fibrosis. Perivascular adipose tissue exerts localized effects on penile hemodynamics. Clinical and genetic evidence supports a causal link between central adiposity and ED, while weight loss and adipose-targeted interventions improve erectile outcomes.","中文初稿：该研究属于「Senolytics 与细胞衰老」主题；英文摘要结论显示：Dysfunctional adipose tissue remodels systemic and local microenvironments through adipokines, cytokines, extracellular vesicle cargo, and oxidized lipid mediators. These processes reduce nitric oxide bioavailability, increase vascular stiffness, disrupt neuroendocrine signaling, and promote cavernosal fibrosis. Perivascular adipose tissue exerts localized effects on penile hemodynamics. Clinical and genetic evidence supports a causal link between central adiposity and ED, while weight loss a...","Adipose tissue functions as an upstream regulator of ED pathogenesis. Targeting adipose dysfunction through lifestyle, pharmacological, and emerging strategies such as senolytics and extracellular vesicle modulation may modify disease progression rather than provide symptomatic relief.","中文初稿：该研究属于「Senolytics 与细胞衰老」主题；英文摘要结论显示：Adipose tissue functions as an upstream regulator of ED pathogenesis. Targeting adipose dysfunction through lifestyle, pharmacological, and emerging strategies such as senolytics and extracellular vesicle modulation may modify disease progression rather than provide symptomatic relief.",E,H4,zh_draft_needs_review,needs_manual_review,2026-04-28
finding-pubmed-42033195,pubmed-42033195,42033195,10.1002/jcb.70090,PubMed,nad_nmn_nr_human_aging,"Hyperglycemia Leads to BMSC Impaired Osteogenesis, Enhanced Adipogenesis, and Altered Metabolism.",,Journal of cellular biochemistry,2026,needs_classification,needs_review,,NAD/NMN/NR 与衰老,,H3,"Diabetes is a major risk factor for osteoporosis, which negatively impacts bone health, but the mechanisms underlying the effects of hyperglycemia on bone marrow mesenchymal/stromal cells (BMSC) are not fully understood. This study investigated how high glucose levels influence BMSC differentiation, proliferation, viability, and metabolism. The results demonstrated that high glucose inhibits osteogenesis in human BMSC, as evidenced by reduced alkaline phosphatase activity, impaired calcium deposition, and downregulation of key osteogenic genes (RUNX2, ALP). Conversely, high glucose conditions promoted adipogenesis, characterized by increased percentage of cells with lipid droplets, and upregulation of adipogenic genes (PPARγ2, CEBPα, AdipoQ), suggesting a shift towards fat cell differentiation. Furthermore, BMSC cultured in high glucose showed decreased proliferation, elevated DNA dam...","中文初稿：该研究属于「NAD/NMN/NR 与衰老」主题；英文摘要结论显示：Diabetes is a major risk factor for osteoporosis, which negatively impacts bone health, but the mechanisms underlying the effects of hyperglycemia on bone marrow mesenchymal/stromal cells (BMSC) are not fully understood. This study investigated how high glucose levels influence BMSC differentiation, proliferation, viability, and metabolism. The results demonstrated that high glucose inhibits osteogenesis in human BMSC, as evidenced by reduced alkaline phosphatase activity, impaired calcium de...",,中文初稿：该记录属于「NAD/NMN/NR 与衰老」主题；摘要中未解析出明确结论，需要人工阅读全文复核。,E,H3,zh_draft_needs_review,needs_manual_review,2026-04-28
finding-pubmed-42043759,pubmed-42043759,42043759,10.1007/s44402-026-00091-7,PubMed,epigenetic_clocks_intervention,Contrast Sensitivity Function in Parkinson's Disease: Effects of Illumination and Disease Stage.,,Ophthalmic & physiological optics : the journal of the British College of Ophthalmic Opticians (Optometrists),2026,needs_classification,needs_review,,表观遗传时钟与干预,,H5,"Seventy-one PD participants and 97 healthy controls were included. PD participants demonstrated significantly poorer CSF than controls across photopic, mesopic and glare conditions (mixed-model analysis, p < 0.001). The most pronounced impairment was observed under mesopic conditions with mild glare (ICS: 33 vs. 2.5, p = 0.02). Unadjusted analyses suggested a decline in CSF with advancing disease stage; however, this effect was attenuated after controlling for age. No significant relationship was found between disease progression and ICS after age adjustment under any illumination condition.","中文初稿：该研究属于「表观遗传时钟与干预」主题；英文摘要结论显示：Seventy-one PD participants and 97 healthy controls were included. PD participants demonstrated significantly poorer CSF than controls across photopic, mesopic and glare conditions (mixed-model analysis, p < 0.001). The most pronounced impairment was observed under mesopic conditions with mild glare (ICS: 33 vs. 2.5, p = 0.02). Unadjusted analyses suggested a decline in CSF with advancing disease stage; however, this effect was attenuated after controlling for age. No significant relationship...","This is the first study to assess CSF comprehensively with ICS data under six illumination conditions in PD, considering disease stage and comparing with controls. PD participants experience significant visual deficits, particularly under mesopic and glare conditions. While contrast impairments are robust in PD, stage-related differences appear partially influenced by age. These findings highlight the clinical importance of evaluating CSF under ecologically relevant lighting environments to better characterise functional visual impairment in PD and its impact on activities of daily living.","中文初稿：该研究属于「表观遗传时钟与干预」主题；英文摘要结论显示：This is the first study to assess CSF comprehensively with ICS data under six illumination conditions in PD, considering disease stage and comparing with controls. PD participants experience significant visual deficits, particularly under mesopic and glare conditions. While contrast impairments are robust in PD, stage-related differences appear partially influenced by age. These findings highlight the clinical importance of evaluating CSF under ecologically relevant lighting environments to b...",E,H5,zh_draft_needs_review,needs_manual_review,2026-04-28
finding-pubmed-41922221,pubmed-41922221,41922221,10.1265/ehpm.25-00433,PubMed,cardiorespiratory_fitness_mortality,Association between marital status and mortality risk in cardiac disease: a cardiopulmonary exercise testing cohort study.,,Environmental health and preventive medicine,2026,human_cohort,human,,心肺适能与死亡风险,,H1,"Of 4,681 patients analyzed, 1,117 were unmarried and 3,564 were married. In Model 1, being married was associated with a lower risk of all-cause mortality (aHR: 0.75, 95% CI: 0.62-0.91, P < 0.001). This association persisted after adjusting for peak VO2 in Model 2 (aHR: 0.79, 95% CI: 0.65-0.96, P = 0.002). For cardiovascular mortality, the estimates were consistent in direction (Model 1; aHR: 0.64, 95% CI: 0.44-0.93, P = 0.019, Model 2; aHR: 0.69, 95% CI: 0.47-1.02, P = 0.061).","中文初稿：该研究属于「心肺适能与死亡风险」主题；英文摘要结论显示：Of 4,681 patients analyzed, 1,117 were unmarried and 3,564 were married. In Model 1, being married was associated with a lower risk of all-cause mortality (aHR: 0.75, 95% CI: 0.62-0.91, P < 0.001). This association persisted after adjusting for peak VO2 in Model 2 (aHR: 0.79, 95% CI: 0.65-0.96, P = 0.002). For cardiovascular mortality, the estimates were consistent in direction (Model 1; aHR: 0.64, 95% CI: 0.44-0.93, P = 0.019, Model 2; aHR: 0.69, 95% CI: 0.47-1.02, P = 0.061).","In a large CPX cohort of patients with CD, married status was associated with a lower risk of all-cause mortality. The association was attenuated but remained after adjustment for peak VO2, suggesting that differences in exercise capacity may contribute but do not fully account for the observed association. Marital status should be interpreted as a social marker rather than a causal or interventional exposure, and future studies should clarify modifiable factors related to prognosis.","中文初稿：该研究属于「心肺适能与死亡风险」主题；英文摘要结论显示：In a large CPX cohort of patients with CD, married status was associated with a lower risk of all-cause mortality. The association was attenuated but remained after adjustment for peak VO2, suggesting that differences in exercise capacity may contribute but do not fully account for the observed association. Marital status should be interpreted as a social marker rather than a causal or interventional exposure, and future studies should clarify modifiable factors related to prognosis.",B,H1,zh_draft_needs_review,needs_manual_review,2026-04-28
finding-pubmed-42029117,pubmed-42029117,42029117,10.1111/1759-7714.70279,PubMed,resistance_training_mortality_sarcopenia,BMAL1 Drives Cisplatin Resistance in Non-Small Cell Lung Cancer Via Lactate-MRP1 Signaling Pathway.,,Thoracic cancer,2026,needs_classification,needs_review,,抗阻训练、肌肉与衰弱/死亡风险,,H1,"Lung cancer, the leading cause of cancer-related mortality, faces significant therapeutic challenges due to chemoresistance. While metabolic reprogramming and circadian disruptions are implicated in tumor progression, their interplay in driving resistance remains unclear. This study identifies BMAL1, a core circadian regulator, as a key driver and potential initiator of cisplatin resistance in non-small cell lung cancer (NSCLC) through metabolic and oxidative stress pathways. We demonstrate that BMAL1 upregulates multidrug resistance protein MRP1 via HIF-1α-driven glycolysis, amplifying lactate production. Lactate activates the TAZ/c-Jun/Snail complex to increase MRP1 expression, establishing a feedforward loop that sustains chemoresistance. Furthermore, cisplatin and etoposide induce BMAL1 expression through AKT signaling in response to oxidative stress, creating a self-reinforcing r...","中文初稿：该研究属于「抗阻训练、肌肉与衰弱/死亡风险」主题；英文摘要结论显示：Lung cancer, the leading cause of cancer-related mortality, faces significant therapeutic challenges due to chemoresistance. While metabolic reprogramming and circadian disruptions are implicated in tumor progression, their interplay in driving resistance remains unclear. This study identifies BMAL1, a core circadian regulator, as a key driver and potential initiator of cisplatin resistance in non-small cell lung cancer (NSCLC) through metabolic and oxidative stress pathways. We demonstrate t...",,中文初稿：该记录属于「抗阻训练、肌肉与衰弱/死亡风险」主题；摘要中未解析出明确结论，需要人工阅读全文复核。,E,H1,zh_draft_needs_review,needs_manual_review,2026-04-28
finding-pubmed-42034248,pubmed-42034248,42034248,10.1016/j.jad.2026.121846,PubMed,physical_activity_longevity,Associations of lung function abnormalities with the onset and progression of mental disorders in the UK Biobank.,,Journal of affective disorders,2026,human_cohort,human,,身体活动与健康寿命,,H1,"During a median follow-up of 13.68 years, 22,196 participants developed first mental disorder (FMD), 4133 progressed to psychiatric comorbidity (PsyC), and 25,057 died. Compared with normal lung function, abnormal spirometric patterns were associated with increased risks of FMD, PsyC, and mortality. In multistate analyses, impaired lung function was associated with elevated transition risks across the disease trajectory, particularly from baseline to death, with the highest risk observed in the PRISm + RSP group (HR = 1.45, 95% CI: 1.39, 1.51). Among individuals with FMD, mortality risk was significantly increased in the AO (HR = 1.44, 95% CI: 1.31-1.48) and PRISm + RSP (HR = 1.34, 95% CI: 1.19-1.51) groups. The transition from FMD to PsyC was modestly elevated in the AO group (HR = 1.10, 95% CI: 1.01-1.20). These associations were generally stronger among older adults, men, smokers,...","中文初稿：该研究属于「身体活动与健康寿命」主题；英文摘要结论显示：During a median follow-up of 13.68 years, 22,196 participants developed first mental disorder (FMD), 4133 progressed to psychiatric comorbidity (PsyC), and 25,057 died. Compared with normal lung function, abnormal spirometric patterns were associated with increased risks of FMD, PsyC, and mortality. In multistate analyses, impaired lung function was associated with elevated transition risks across the disease trajectory, particularly from baseline to death, with the highest risk observed in t...","Abnormal lung function is associated with increased risk of adverse psychiatric trajectories, highlighting the need for integrated respiratory and mental healthcare.","中文初稿：该研究属于「身体活动与健康寿命」主题；英文摘要结论显示：Abnormal lung function is associated with increased risk of adverse psychiatric trajectories, highlighting the need for integrated respiratory and mental healthcare.",B,H1,zh_draft_needs_review,needs_manual_review,2026-04-28
finding-pubmed-42041955,pubmed-42041955,42041955,10.3390/clinpract16040078,PubMed,blood_pressure_mortality_aging,Recommended Cardiometabolic Screening Guidelines for Unhoused Adults: A Street Medicine Needs Assessment.,,Clinics and practice,2026,human_cohort,human,,血压与心血管/死亡风险,,H1,"Background: Unhoused individuals face disproportionately high rates of preventable chronic disease due to fragmented access to care and prolonged exposure to environmental stressors. Street medicine programs offer a mobile, low-barrier model to assess and address these unmet needs. Despite well-documented disparities, no publications in the current literature provide numerically specific screening recommendation guidelines tailored to unhoused populations. This study fills that gap using clinical data from Street Medicine Phoenix (SMP), a mobile healthcare initiative serving urban Arizona. Methods: We retrospectively reviewed 1322 clinical encounters recorded by SMP between August 2023 and October 2024. Diagnoses and treatments were manually categorized. Blood pressure (BP) and glucose values were analyzed using descriptive statistics and compared against national norms (CDC 50th perc...","中文初稿：该研究属于「血压与心血管/死亡风险」主题；英文摘要结论显示：Background: Unhoused individuals face disproportionately high rates of preventable chronic disease due to fragmented access to care and prolonged exposure to environmental stressors. Street medicine programs offer a mobile, low-barrier model to assess and address these unmet needs. Despite well-documented disparities, no publications in the current literature provide numerically specific screening recommendation guidelines tailored to unhoused populations. This study fills that gap using clin...",,中文初稿：该记录属于「血压与心血管/死亡风险」主题；摘要中未解析出明确结论，需要人工阅读全文复核。,B,H1,zh_draft_needs_review,needs_manual_review,2026-04-28
finding-pubmed-41976494,pubmed-41976494,41976494,10.3390/foods15071198,PubMed,ldl_apob_cardiovascular_mortality,Effects of Dry-Cured Ham Consumption on Cardiometabolic and Vascular Health in Adults: A Systematic Review and Meta-Analysis of Human Intervention Studies.,,"Foods (Basel, Switzerland)",2026,systematic_review_or_meta_analysis,needs_review,,LDL-C/apoB 与心血管风险,,H1,"Cardiovascular disease is a leading cause of global morbidity and mortality, and processed meat consumption has been consistently associated with adverse cardiometabolic outcomes in observational studies. However, processed meat products differ substantially in composition and processing methods, and traditional dry-cured ham presents distinct nutritional and biochemical characteristics. This systematic review and meta-analysis aimed to synthesize evidence from human intervention studies evaluating the effects of dry-cured ham consumption on cardiometabolic and vascular health in adults. A comprehensive search of major databases identified eligible randomized and non-randomized intervention studies. Five trials were included in the qualitative synthesis, and meta-analyses were performed for blood pressure, lipid profile, and fasting blood glucose outcomes when sufficient data were ava...","中文初稿：该研究属于「LDL-C/apoB 与心血管风险」主题；英文摘要结论显示：Cardiovascular disease is a leading cause of global morbidity and mortality, and processed meat consumption has been consistently associated with adverse cardiometabolic outcomes in observational studies. However, processed meat products differ substantially in composition and processing methods, and traditional dry-cured ham presents distinct nutritional and biochemical characteristics. This systematic review and meta-analysis aimed to synthesize evidence from human intervention studies eval...",,中文初稿：该记录属于「LDL-C/apoB 与心血管风险」主题；摘要中未解析出明确结论，需要人工阅读全文复核。,A,H1,zh_draft_needs_review,needs_manual_review,2026-04-28
finding-pubmed-42026650,pubmed-42026650,42026650,10.1002/alz.71377,PubMed,sleep_duration_mortality_aging,Mind the gap: obtaining reliable sleep estimates and the diagnostic value of sleep discrepancy in individuals with Alzheimer's disease and Lewy body disease.,,Alzheimer's & dementia : the journal of the Alzheimer's Association,2026,human_cohort,human,,睡眠与健康结局,,H1,Participants with AD and LBD estimated lower sleep disturbance than actigraphy. Subjective sleep quality was poorest in LBD and highest in AD. Subjective sleep and subjective-objective sleep discrepancy discriminated between cohorts with 80% accuracy.,中文初稿：该研究属于「睡眠与健康结局」主题；英文摘要结论显示：Participants with AD and LBD estimated lower sleep disturbance than actigraphy. Subjective sleep quality was poorest in LBD and highest in AD. Subjective sleep and subjective-objective sleep discrepancy discriminated between cohorts with 80% accuracy.,,中文初稿：该记录属于「睡眠与健康结局」主题；摘要中未解析出明确结论，需要人工阅读全文复核。,B,H1,zh_draft_needs_review,needs_manual_review,2026-04-28
finding-pubmed-42033408,pubmed-42033408,42033408,10.1177/13872877261442856,PubMed,dietary_pattern_longevity,Dietary intervention and cognition across Alzheimer's disease biomarker levels: The MIND clinical trial.,,Journal of Alzheimer's disease : JAD,2026,human_randomized_or_clinical_trial,human,,饮食模式与死亡风险,,H2,"BackgroundThe cognitive response to dietary interventions may differ according to levels of Alzheimer's disease-related plasma biomarkers.ObjectiveUsing data from the MIND clinical trial, we examined whether baseline biomarkers, including Aβ40, the Aβ42/40 ratio, and p-tau181, modified the association between the MIND diet and longitudinal change in global cognition.MethodsThe MIND randomized clinical trial enrolled 604 community-dwelling adults aged 65-84 years without cognitive impairment at baseline. Recruitment occurred from January 2017 to April 2018, with data collection continuing through June 2021. Participants were randomized in a 1:1 ratio to the MIND or control diet for 3 years, with counseling on diet adherence and weight loss support provided at the same frequency throughout the intervention. Annual change from baseline in a global cognitive composite z-score was derived...","中文初稿：该研究属于「饮食模式与死亡风险」主题；英文摘要结论显示：BackgroundThe cognitive response to dietary interventions may differ according to levels of Alzheimer's disease-related plasma biomarkers.ObjectiveUsing data from the MIND clinical trial, we examined whether baseline biomarkers, including Aβ40, the Aβ42/40 ratio, and p-tau181, modified the association between the MIND diet and longitudinal change in global cognition.MethodsThe MIND randomized clinical trial enrolled 604 community-dwelling adults aged 65-84 years without cognitive impairment a...",,中文初稿：该记录属于「饮食模式与死亡风险」主题；摘要中未解析出明确结论，需要人工阅读全文复核。,B,H2,zh_draft_needs_review,needs_manual_review,2026-04-28
finding-pubmed-42021510,pubmed-42021510,42021510,10.1111/acel.70496,PubMed,caloric_restriction_human_aging,Fasting and Caloric Restriction Activate an ADIOL-NHR-91-Kynurenine Pathway Signaling Axis to Promote Healthspan.,,Aging cell,2026,needs_classification,needs_review,,热量限制与人体衰老指标,,H4,"The steroid hormone 5-androstene-3β,17β-diol (ADIOL) was discovered nearly a century ago in humans, yet its physiological functions have remained poorly understood. Using C. elegans, we identify ADIOL as essential for several pro-healthspan effects of fasting and caloric restriction (CR). These dietary restriction regimens activate an ADIOL-NHR-91-kynurenic acid signaling axis, partly through transcriptional programs associated with ADIOL biosynthesis. Within this axis, ADIOL acts through NHR-91, a C. elegans homolog of estrogen receptor β, to reduce levels of kynurenic acid, a neuromodulatory metabolite, thereby enhancing healthspan. Critically, ADIOL does not extend lifespan, indicating its healthspan benefits are independent of longevity, and even late-life supplementation is effective. Collectively, this work establishes ADIOL as a physiological link between metabolic cues and neu...","中文初稿：该研究属于「热量限制与人体衰老指标」主题；英文摘要结论显示：The steroid hormone 5-androstene-3β,17β-diol (ADIOL) was discovered nearly a century ago in humans, yet its physiological functions have remained poorly understood. Using C. elegans, we identify ADIOL as essential for several pro-healthspan effects of fasting and caloric restriction (CR). These dietary restriction regimens activate an ADIOL-NHR-91-kynurenic acid signaling axis, partly through transcriptional programs associated with ADIOL biosynthesis. Within this axis, ADIOL acts through NHR...",,中文初稿：该记录属于「热量限制与人体衰老指标」主题；摘要中未解析出明确结论，需要人工阅读全文复核。,E,H4,zh_draft_needs_review,needs_manual_review,2026-04-28
finding-pubmed-41985711,pubmed-41985711,41985711,10.1016/j.lfs.2026.124393,PubMed,intermittent_fasting_aging_human,Intermittent fasting and cardiometabolic responses under cardiac stress: a systematic review of preclinical studies.,,Life sciences,2026,systematic_review_or_meta_analysis,needs_review,,限时进食/间歇性禁食与代谢健康,,H3,"Intermittent fasting (IF) has emerged as a dietary strategy with benefits that extend beyond weight management and glycemic control. Although growing evidence supports its favorable effects on cardiometabolic health, the impact of IF under conditions of cardiac stress remains poorly characterized. Since clinical trials cannot ethically expose patients to acute cardiac stress during IF protocols, preclinical models are essential to elucidate its potential cardioprotective mechanisms. This systematic review aimed to synthesize the preclinical evidence on the effects of IF in models of cardiac stress. Following a registered protocol (PROSPERO:#CRD42023466215), we searched databases for preclinical studies evaluating IF under cardiac stress. Models included atherosclerosis induction, diet modulation, hypercholesterolemic mice, doxorubicin-induced cardiotoxicity, pulmonary arterial hyperte...","中文初稿：该研究属于「限时进食/间歇性禁食与代谢健康」主题；英文摘要结论显示：Intermittent fasting (IF) has emerged as a dietary strategy with benefits that extend beyond weight management and glycemic control. Although growing evidence supports its favorable effects on cardiometabolic health, the impact of IF under conditions of cardiac stress remains poorly characterized. Since clinical trials cannot ethically expose patients to acute cardiac stress during IF protocols, preclinical models are essential to elucidate its potential cardioprotective mechanisms. This syst...",,中文初稿：该记录属于「限时进食/间歇性禁食与代谢健康」主题；摘要中未解析出明确结论，需要人工阅读全文复核。,E,H3,zh_draft_needs_review,needs_manual_review,2026-04-28
finding-pubmed-42017027,pubmed-42017027,42017027,10.1093/ckj/sfag105,PubMed,glp1_obesity_cardiometabolic_outcomes,Clinical outcomes of glucagon-like peptide-1 receptor agonist therapy in kidney transplant recipients: a systematic review and meta-analysis.,,Clinical kidney journal,2026,systematic_review_or_meta_analysis,needs_review,,GLP-1/减重与心代谢结局,,H1,"Seventeen studies (n = 54 680 KT recipients) were included. GLP-1RAs use significantly reduced all-cause mortality (HR 0.53, 95% CI 0.36-0.79, k = 4) and major adverse cardiovascular events (OR 0.55, 95% CI 0.47-0.66, k = 3). Estimated glomerular filtration rate (eGFR) remained stable at 3 months, improved at 6 months (+1.99 ml/min/1.73 m², 95% CI 0.52-3.47, k = 5) and 12 months (+2.24 ml/min/1.73 m², 95% CI 0.02-4.46, k = 6), and was preserved at 24 months. GLP-1RAs lowered HbA1c (MD -0.54%, 95% CI -0.89 to -0.19, k = 13) and body mass index (SMD -0.32, 95% CI -0.49 to -0.15, k = 12) from baseline, with parallel reductions in insulin requirement and urinary albumin excretion. Tacrolimus levels were unaffected at 6 months and modestly decreased at 1 year without compromising graft function. Adverse events were mainly mild gastrointestinal intolerance (10%-20%), with rare discontinuati...","中文初稿：该研究属于「GLP-1/减重与心代谢结局」主题；英文摘要结论显示：Seventeen studies (n = 54 680 KT recipients) were included. GLP-1RAs use significantly reduced all-cause mortality (HR 0.53, 95% CI 0.36-0.79, k = 4) and major adverse cardiovascular events (OR 0.55, 95% CI 0.47-0.66, k = 3). Estimated glomerular filtration rate (eGFR) remained stable at 3 months, improved at 6 months (+1.99 ml/min/1.73 m², 95% CI 0.52-3.47, k = 5) and 12 months (+2.24 ml/min/1.73 m², 95% CI 0.02-4.46, k = 6), and was preserved at 24 months. GLP-1RAs lowered HbA1c (MD -0.54%,...","GLP-1RAs are associated with improved glycemic control, weight, and cardiovascular outcomes, with no consistent signal of adverse effects on graft stability and immunosuppressive balance. GLP-1RA integration into individualized post-transplant care may be considered for patients with diabetes or metabolic syndrome, with close clinical monitoring.","中文初稿：该研究属于「GLP-1/减重与心代谢结局」主题；英文摘要结论显示：GLP-1RAs are associated with improved glycemic control, weight, and cardiovascular outcomes, with no consistent signal of adverse effects on graft stability and immunosuppressive balance. GLP-1RA integration into individualized post-transplant care may be considered for patients with diabetes or metabolic syndrome, with close clinical monitoring.",A,H1,zh_draft_needs_review,needs_manual_review,2026-04-28
finding-pubmed-41980294,pubmed-41980294,41980294,10.1016/j.clnu.2026.106647,PubMed,metformin_aging_longevity,Glucose metabolism's impact on Blastocystis presence in the human gut.,,"Clinical nutrition (Edinburgh, Scotland)",2026,human_randomized_or_clinical_trial,human,,二甲双胍与衰老/健康寿命,,H3,"We confirmed and extended the relationship between glucose homeostasis and Blastocystis spp. and subtypes ST1 and ST4, showing its association with glucose and insulin levels in all cohorts. Importantly, we observed that glucose homeostasis may shape Blastocystis spp. abundance in the gut, rather than the reverse, based on clinical trial data showing that metformin (not placebo) increased Blastocystis spp. in recently diagnosed T2D patients. We identify Blastocystis as one of the microbial genera most strongly and directly associated with telomere length in the IMAGEOMICS cohort.","中文初稿：该研究属于「二甲双胍与衰老/健康寿命」主题；英文摘要结论显示：We confirmed and extended the relationship between glucose homeostasis and Blastocystis spp. and subtypes ST1 and ST4, showing its association with glucose and insulin levels in all cohorts. Importantly, we observed that glucose homeostasis may shape Blastocystis spp. abundance in the gut, rather than the reverse, based on clinical trial data showing that metformin (not placebo) increased Blastocystis spp. in recently diagnosed T2D patients. We identify Blastocystis as one of the microbial ge...","The direct relation between Blastocystis and telomere length aligns with the observed inverse associations of glucose levels with telomere length, and glucose levels with Blastocystis. We propose that Blastocystis may be associated with healthy glucose metabolism as an outcome and potentially serve as an indicator of improved metabolic health.","中文初稿：该研究属于「二甲双胍与衰老/健康寿命」主题；英文摘要结论显示：The direct relation between Blastocystis and telomere length aligns with the observed inverse associations of glucose levels with telomere length, and glucose levels with Blastocystis. We propose that Blastocystis may be associated with healthy glucose metabolism as an outcome and potentially serve as an indicator of improved metabolic health.",C,H3,zh_draft_needs_review,needs_manual_review,2026-04-28
finding-pubmed-42009954,pubmed-42009954,42009954,10.1038/s12276-026-01678-3,PubMed,rapamycin_mtor_aging,Deconstructing the RAGE signaling maze: the molecular key to opening a new dimension of ovarian anti-aging.,,Experimental & molecular medicine,2026,needs_classification,needs_review,,雷帕霉素/mTOR 与衰老,,H4,"The ovaries are vital components of the female reproductive system. Ovarian aging, driven by oxidative stress, chronic inflammation and hormonal dysregulation, severely compromises female fertility. The receptor for advanced glycation end products (RAGE) serves as a critical regulator of ovarian physiology and pathology. linking metabolic dysfunction to reproductive decline. This Review synthesizes evidence that RAGE hyperactivation, during the process of ovarian aging, disrupts folliculogenesis, granulosa cell function and steroidogenesis via MAPK-ERK, PI3K-AKT-mTOR and NF-κB pathways, exacerbating conditions such as premature ovarian failure, polycystic ovary syndrome and ovarian cancer. Furthermore, we summarizes existing therapeutic strategies targeting RAGE and underscores their potential in mitigating ovarian aging and treating ovarian pathologies, providing novel perspectives f...","中文初稿：该研究属于「雷帕霉素/mTOR 与衰老」主题；英文摘要结论显示：The ovaries are vital components of the female reproductive system. Ovarian aging, driven by oxidative stress, chronic inflammation and hormonal dysregulation, severely compromises female fertility. The receptor for advanced glycation end products (RAGE) serves as a critical regulator of ovarian physiology and pathology. linking metabolic dysfunction to reproductive decline. This Review synthesizes evidence that RAGE hyperactivation, during the process of ovarian aging, disrupts folliculogene...",,中文初稿：该记录属于「雷帕霉素/mTOR 与衰老」主题；摘要中未解析出明确结论，需要人工阅读全文复核。,E,H4,zh_draft_needs_review,needs_manual_review,2026-04-28
finding-pubmed-42035526,pubmed-42035526,42035526,10.1016/j.phymed.2026.158202,PubMed,senolytics_human_aging,Tubeimoside Ⅰ targets sodium/potassium ATPase alpha 1 subunit to selectively eliminate senescent cells and alleviate aging-associated abnormalities.,,Phytomedicine : international journal of phytotherapy and phytopharmacology,2026,animal_study,needs_review,,Senolytics 与细胞衰老,,H4,"We identified that TBMS1 is a senolytic agent. We identified that TBMS1 specifically targeted sodium/potassium-ATPase alpha 1 subunit (ATP1A1), a protein involved in maintaining ion homeostasis, which was highly expressed in senescent cells. TBMS1 modulated ATP1A1 activity, leading to altered intracellular potassium dynamics and disruption of ion homeostasis, which contributed to mitochondrial dysfunction and apoptosis in senescent cells. In vivo, TBMS1 improved motor function, reduced senescence markers, and alleviated tissue damage in both radiation-induced and naturally aged mouse models, without significant toxicity observed.","中文初稿：该研究属于「Senolytics 与细胞衰老」主题；英文摘要结论显示：We identified that TBMS1 is a senolytic agent. We identified that TBMS1 specifically targeted sodium/potassium-ATPase alpha 1 subunit (ATP1A1), a protein involved in maintaining ion homeostasis, which was highly expressed in senescent cells. TBMS1 modulated ATP1A1 activity, leading to altered intracellular potassium dynamics and disruption of ion homeostasis, which contributed to mitochondrial dysfunction and apoptosis in senescent cells. In vivo, TBMS1 improved motor function, reduced senesc...","These findings position TBMS1 as a promising and mechanistically distinct senolytic candidate, offering new insights into ion homeostasis modulation as a therapeutic strategy for aging and senescence-related disorders.","中文初稿：该研究属于「Senolytics 与细胞衰老」主题；英文摘要结论显示：These findings position TBMS1 as a promising and mechanistically distinct senolytic candidate, offering new insights into ion homeostasis modulation as a therapeutic strategy for aging and senescence-related disorders.",D,H4,zh_draft_needs_review,needs_manual_review,2026-04-28
finding-pubmed-42033099,pubmed-42033099,42033099,10.1002/alz.71423,PubMed,nad_nmn_nr_human_aging,Endothelial NAD(+) depletion drives vascular senescence and neuroinflammation via mtDNA-cGAS/STING-CD38 signaling in Alzheimer's disease.,,Alzheimer's & dementia : the journal of the Alzheimer's Association,2026,animal_study,needs_review,,NAD/NMN/NR 与衰老,,H2,"NAD+ deficiency induced voltage-dependent anion channel 1 (VDAC1) oligomerization, mitochondrial DNA (mtDNA) leakage, and cGAS/STING-IRF3 activation, promoting endothelial senescence and SASP production with NAD+-consuming enzyme CD38 upregulation. Senescent BECs triggered IL-6-dependent microglial activation. NR treatment restored mitochondrial integrity, suppressed cGAS-STING signaling, and reduced neuroinflammation, improving vascular function and cognition.","中文初稿：该研究属于「NAD/NMN/NR 与衰老」主题；英文摘要结论显示：NAD+ deficiency induced voltage-dependent anion channel 1 (VDAC1) oligomerization, mitochondrial DNA (mtDNA) leakage, and cGAS/STING-IRF3 activation, promoting endothelial senescence and SASP production with NAD+-consuming enzyme CD38 upregulation. Senescent BECs triggered IL-6-dependent microglial activation. NR treatment restored mitochondrial integrity, suppressed cGAS-STING signaling, and reduced neuroinflammation, improving vascular function and cognition.",,中文初稿：该记录属于「NAD/NMN/NR 与衰老」主题；摘要中未解析出明确结论，需要人工阅读全文复核。,D,H2,zh_draft_needs_review,needs_manual_review,2026-04-28
finding-pubmed-42043728,pubmed-42043728,42043728,10.1007/s41999-026-01489-9,PubMed,epigenetic_clocks_intervention,Association between oral frailty and a laboratory-based frailty index in older adults.,,European geriatric medicine,2026,needs_classification,needs_review,,表观遗传时钟与干预,,H2,"Among the 486 patients, the mean age was 77.9 ± 6.3 years, and 63.6% were women. The prevalence of oral frailty was 49.6%, and the median FI-lab value was 0.16. Oral frailty was significantly associated with FI-lab-defined frailty after adjustment for age, sex, and comorbidities (odds ratio 1.52, 95% confidence interval 1.01-2.29).","中文初稿：该研究属于「表观遗传时钟与干预」主题；英文摘要结论显示：Among the 486 patients, the mean age was 77.9 ± 6.3 years, and 63.6% were women. The prevalence of oral frailty was 49.6%, and the median FI-lab value was 0.16. Oral frailty was significantly associated with FI-lab-defined frailty after adjustment for age, sex, and comorbidities (odds ratio 1.52, 95% confidence interval 1.01-2.29).","Oral frailty is associated with FI-lab-defined frailty, suggesting a relationship between oral function and latent physiological vulnerability, as captured by the FI-lab.","中文初稿：该研究属于「表观遗传时钟与干预」主题；英文摘要结论显示：Oral frailty is associated with FI-lab-defined frailty, suggesting a relationship between oral function and latent physiological vulnerability, as captured by the FI-lab.",E,H2,zh_draft_needs_review,needs_manual_review,2026-04-28
