target_id,domain,name_zh,name_en,pmid,title,journal,year,publication_types,doi,pmcid,retraction_links,pubmed_url,last_checked
skin-topical-vitamin-c,皮肤外用,外用维C,Topical Vitamin C,22033423,Ameliorative effect of vitamin C on hexavalent chromium-induced delay in sexual maturation and oxidative stress in developing Wistar rat ovary and uterus.,Toxicology and industrial health,2012,Journal Article; Retracted Publication,10.1177/0748233711422728,,RetractionIn:26631163,https://pubmed.ncbi.nlm.nih.gov/22033423/,2026-05-14
skin-sunscreen,皮肤外用,防晒,Sunscreen,30414837,Amelioration of UV radiation-induced photoaging by a combinational sunscreen formulation via aversion of oxidative collagen degradation and promotion of TGF-β-Smad-mediated collagen production.,European journal of pharmaceutical sciences : official journal of the European Federation for Pharmaceutical Sciences,2019,Journal Article; Retracted Publication,10.1016/j.ejps.2018.11.004,,RetractionIn:35948491,https://pubmed.ncbi.nlm.nih.gov/30414837/,2026-05-14
skin-retinoids,皮肤外用,维A酸/视黄醇,Retinoids,25565812,Formulation and evaluation of a topical niosomal gel containing a combination of benzoyl peroxide and tretinoin for antiacne activity.,International journal of nanomedicine,2015,"Comparative Study; Journal Article; Research Support, Non-U.S. Gov't; Retracted Publication",10.2147/IJN.S70449,PMC4283991,RetractionIn:34168452,https://pubmed.ncbi.nlm.nih.gov/25565812/,2026-05-14
skin-polyphenols,皮肤外用,多酚/抗氧化剂,Polyphenols,39169199,"Nutrient strengthening and lead alleviation in Brassica Napus L. by foliar ZnO and TiO2-NPs modulating antioxidant system, improving photosynthetic efficiency and reducing lead uptake.",Scientific reports,2024,Journal Article; Retracted Publication,10.1038/s41598-024-70204-0,PMC11339315,RetractionIn:41912715,https://pubmed.ncbi.nlm.nih.gov/39169199/,2026-05-14
skin-polyphenols,皮肤外用,多酚/抗氧化剂,Polyphenols,39101317,Screening and Exploring the Application of the Multifunctional Antioxidant Peptides MSWLC and TSWLC.,Advanced healthcare materials,2024,Journal Article; Retracted Publication,10.1002/adhm.202401932,,RetractionIn:40589269,https://pubmed.ncbi.nlm.nih.gov/39101317/,2026-05-14
skin-polyphenols,皮肤外用,多酚/抗氧化剂,Polyphenols,38720726,"Nutritional and bioactive properties and antioxidant potential of Amaranthus tricolor, A. lividus, A viridis, and A. spinosus leafy vegetables.",Heliyon,2024,Journal Article; Retracted Publication,10.1016/j.heliyon.2024.e30453,PMC11077029,RetractionIn:41497837,https://pubmed.ncbi.nlm.nih.gov/38720726/,2026-05-14
skin-polyphenols,皮肤外用,多酚/抗氧化剂,Polyphenols,38169772,"Tetraclinis articulata (Vahl) Mast. essential oil as a promising source of bioactive compounds with antimicrobial, antioxidant, anti-inflammatory and dermatoprotective properties: In vitro and in silico evidence.",Heliyon,2024,Journal Article; Retracted Publication,10.1016/j.heliyon.2023.e23084,PMC10758745,RetractionIn:40535230,https://pubmed.ncbi.nlm.nih.gov/38169772/,2026-05-14
skin-polyphenols,皮肤外用,多酚/抗氧化剂,Polyphenols,36805894,Quercetin extraction from small onion skin (Allium cepa L. var. aggregatum Don.) and its antioxidant activity.,Environmental research,2023,"Journal Article; Research Support, Non-U.S. Gov't; Retracted Publication",10.1016/j.envres.2023.115497,,RetractionIn:39909745,https://pubmed.ncbi.nlm.nih.gov/36805894/,2026-05-14
skin-polyphenols,皮肤外用,多酚/抗氧化剂,Polyphenols,35728636,Construction of chitosan-based asymmetric antioxidant and anti-inflammatory repair film for acceleration of wound healing.,International journal of biological macromolecules,2022,Journal Article; Retracted Publication,10.1016/j.ijbiomac.2022.06.103,,RetractionIn:39903987,https://pubmed.ncbi.nlm.nih.gov/35728636/,2026-05-14
skin-polyphenols,皮肤外用,多酚/抗氧化剂,Polyphenols,35669730,Mitochondrial-Targeted Antioxidant Peptide SS31 Prevents RPE Cell Death under Oxidative Stress.,BioMed research international,2022,Journal Article; Retracted Publication,10.1155/2022/6180349,PMC9167025,RetractionIn:38075312,https://pubmed.ncbi.nlm.nih.gov/35669730/,2026-05-14
skin-polyphenols,皮肤外用,多酚/抗氧化剂,Polyphenols,35468144,"Melanin pigment of Streptomyces puniceus RHPR9 exhibits antibacterial, antioxidant and anticancer activities.",PloS one,2022,"Journal Article; Research Support, Non-U.S. Gov't; Retracted Publication",10.1371/journal.pone.0266676,PMC9037932,RetractionIn:35921294,https://pubmed.ncbi.nlm.nih.gov/35468144/,2026-05-14
skin-polyphenols,皮肤外用,多酚/抗氧化剂,Polyphenols,35222807,"Antioxidant, Anticancer, and PXR-Dependent CYP3A4 Attributes of Schweinfurthia papilionacea (Burm.f.) Boiss., Tricholepis glaberrima DC. and Viola stocksii Boiss.",Oxidative medicine and cellular longevity,2022,Journal Article; Retracted Publication,10.1155/2022/9366223,PMC8865984,RetractionIn:38234545,https://pubmed.ncbi.nlm.nih.gov/35222807/,2026-05-14
skin-polyphenols,皮肤外用,多酚/抗氧化剂,Polyphenols,34941898,Efficacy of Zn-Aspartate in comparison with ZnSO4 and L-Aspartate in amelioration of drought stress in maize by modulating antioxidant defence; osmolyte accumulation and photosynthetic attributes.,PloS one,2021,Comparative Study; Journal Article; Retracted Publication,10.1371/journal.pone.0260662,PMC8700056,RetractionIn:36763577,https://pubmed.ncbi.nlm.nih.gov/34941898/,2026-05-14
skin-polyphenols,皮肤外用,多酚/抗氧化剂,Polyphenols,33574987,"Euryops arabicus Promotes Healing of Excised Wounds in Rat Skin: Emphasis on Its Collagen-Enhancing, Antioxidant, and Anti-Inflammatory Activities.",Oxidative medicine and cellular longevity,2021,Journal Article; Retracted Publication,10.1155/2021/8891445,PMC7857909,RetractionIn:37830037,https://pubmed.ncbi.nlm.nih.gov/33574987/,2026-05-14
skin-polyphenols,皮肤外用,多酚/抗氧化剂,Polyphenols,32869889,"RETRACTED: Purification, kinetic parameters, and isoforms of polyphenol oxidase from ""Xushu 22"" sweet potato skin.",Journal of food biochemistry,2020,"Journal Article; Research Support, Non-U.S. Gov't; Retracted Publication",10.1111/jfbc.13452,,RetractionIn,https://pubmed.ncbi.nlm.nih.gov/32869889/,2026-05-14
skin-polyphenols,皮肤外用,多酚/抗氧化剂,Polyphenols,32841671,Antimicrobial and antioxidant properties of chitosan and its derivatives and their applications: A review.,International journal of biological macromolecules,2020,Journal Article; Review; Retracted Publication,10.1016/j.ijbiomac.2020.08.153,,RetractionIn:39756364,https://pubmed.ncbi.nlm.nih.gov/32841671/,2026-05-14
skin-polyphenols,皮肤外用,多酚/抗氧化剂,Polyphenols,28856566,Cold Environment Exacerbates Brain Pathology and Oxidative Stress Following Traumatic Brain Injuries: Potential Therapeutic Effects of Nanowired Antioxidant Compound H-290/51.,Molecular neurobiology,2018,"Journal Article; Research Support, N.I.H., Extramural; Research Support, Non-U.S. Gov't; Research Support, U.S. Gov't, Non-P.H.S.; Retracted Publication",10.1007/s12035-017-0740-y,,RetractionIn:42120782,https://pubmed.ncbi.nlm.nih.gov/28856566/,2026-05-14
skin-polyphenols,皮肤外用,多酚/抗氧化剂,Polyphenols,26111626,Exacerbation of Methamphetamine Neurotoxicity in Cold and Hot Environments: Neuroprotective Effects of an Antioxidant Compound H-290/51.,Molecular neurobiology,2015,"Journal Article; Research Support, N.I.H., Intramural; Research Support, Non-U.S. Gov't; Research Support, U.S. Gov't, Non-P.H.S.; Retracted Publication",10.1007/s12035-015-9252-9,PMC5518775,RetractionIn:41902895,https://pubmed.ncbi.nlm.nih.gov/26111626/,2026-05-14
skin-polyphenols,皮肤外用,多酚/抗氧化剂,Polyphenols,23870286,Green tea polyphenols alleviate early BBB damage during experimental focal cerebral ischemia through regulating tight junctions and PKCalpha signaling.,BMC complementary and alternative medicine,2013,"Journal Article; Research Support, Non-U.S. Gov't; Retracted Publication",10.1186/1472-6882-13-187,PMC3723424,RetractionIn:41102796,https://pubmed.ncbi.nlm.nih.gov/23870286/,2026-05-14
skin-polyphenols,皮肤外用,多酚/抗氧化剂,Polyphenols,21887248,Resveratrol and black tea polyphenol combination synergistically suppress mouse skin tumors growth by inhibition of activated MAPKs and p53.,PloS one,2011,"Journal Article; Research Support, Non-U.S. Gov't; Retracted Publication",10.1371/journal.pone.0023395,PMC3162572,RetractionIn:31002738,https://pubmed.ncbi.nlm.nih.gov/21887248/,2026-05-14
skin-pdrn-polynucleotide,皮肤外用,PDRN/PN/Skin Booster,PDRN / Polynucleotide / Skin Booster,39313949,"A Randomized, Participant- and Evaluator-Blinded, Matched-Pair, Prospective Study Comparing the Safety and Efficacy Between Polycaprolactone and Polynucleotide Fillers in the Correction of Crow's Feet.",Journal of cosmetic dermatology,2025,Journal Article; Randomized Controlled Trial; Comparative Study; Retracted Publication,10.1111/jocd.16576,PMC11754925,RetractionIn:41834780,https://pubmed.ncbi.nlm.nih.gov/39313949/,2026-05-14
skin-pdrn-polynucleotide,皮肤外用,PDRN/PN/Skin Booster,PDRN / Polynucleotide / Skin Booster,38481069,Skin boosters: Definitions and varied classifications.,Skin research and technology : official journal of International Society for Bioengineering and the Skin (ISBS) [and] International Society for Digital Imaging of Skin (ISDIS) [and] International Society for Skin Imaging (ISSI),2024,Journal Article; Review; Retracted Publication,10.1111/srt.13627,PMC10938033,RetractionIn:41271445,https://pubmed.ncbi.nlm.nih.gov/38481069/,2026-05-14
skin-pdrn-polynucleotide,皮肤外用,PDRN/PN/Skin Booster,PDRN / Polynucleotide / Skin Booster,34791770,PN-HPT® (Polynucleotides Highly Purified Technology) in facial middle third rejuvenation. Exploring the potential.,Journal of cosmetic dermatology,2022,Journal Article; Retracted Publication,10.1111/jocd.14578,PMC9299481,RetractionIn:37495544,https://pubmed.ncbi.nlm.nih.gov/34791770/,2026-05-14
skin-pdrn-polynucleotide,皮肤外用,PDRN/PN/Skin Booster,PDRN / Polynucleotide / Skin Booster,25473210,"A phase III, randomized, double-blind, matched-pairs, active-controlled clinical trial and preclinical animal study to compare the durability, efficacy and safety between polynucleotide filler and hyaluronic acid filler in the correction of crow's feet: a new concept of regenerative filler.",Journal of Korean medical science,2014,"Clinical Trial, Phase III; Journal Article; Randomized Controlled Trial; Research Support, Non-U.S. Gov't; Retracted Publication",10.3346/jkms.2014.29.S3.S201,PMC4248006,RetractionIn:26839493,https://pubmed.ncbi.nlm.nih.gov/25473210/,2026-05-14
skin-niacinamide,皮肤外用,烟酰胺,Niacinamide,35342760,Development of Niacinamide/Ferulic Acid-Loaded Multiple Emulsion and Its In Vitro/In Vivo Investigation as a Cosmeceutical Product.,BioMed research international,2022,Journal Article; Retracted Publication,10.1155/2022/1725053,PMC8947885,RetractionIn:38230032,https://pubmed.ncbi.nlm.nih.gov/35342760/,2026-05-14
skin-hyaluronic-acid,皮肤外用,透明质酸,Hyaluronic Acid,36841387,Novel silk protein/hyaluronic acid hydrogel loaded with azithromycin as an immunomodulatory barrier to prevent postoperative adhesions.,International journal of biological macromolecules,2023,Journal Article; Retracted Publication,10.1016/j.ijbiomac.2023.123811,,RetractionIn:40645901,https://pubmed.ncbi.nlm.nih.gov/36841387/,2026-05-14
skin-hyaluronic-acid,皮肤外用,透明质酸,Hyaluronic Acid,35651502,Application of Cross-Linked and Non-Cross-Linked Hyaluronic Acid Nano-Needles in Cosmetic Surgery.,International journal of analytical chemistry,2022,Journal Article; Retracted Publication,10.1155/2022/4565260,PMC9150987,RetractionIn:38077732,https://pubmed.ncbi.nlm.nih.gov/35651502/,2026-05-14
skin-hyaluronic-acid,皮肤外用,透明质酸,Hyaluronic Acid,33090687,The role of hyaluronic acid and amino acid against the aging of the human skin: A clinical and histological study.,Journal of cosmetic dermatology,2021,Journal Article; Retracted Publication,10.1111/jocd.13811,,RetractionIn:37334938,https://pubmed.ncbi.nlm.nih.gov/33090687/,2026-05-14
skin-hyaluronic-acid,皮肤外用,透明质酸,Hyaluronic Acid,33015440,Acceleration of Wound Healing in Diabetic Rats through Poly Dimethylaminoethyl Acrylate-Hyaluronic Acid Polymeric Hydrogel Impregnated with a Didymocarpus pedicellatus Plant Extract.,ACS omega,2020,Journal Article; Retracted Publication,10.1021/acsomega.0c02040,PMC7528192,RetractionIn:41835541,https://pubmed.ncbi.nlm.nih.gov/33015440/,2026-05-14
skin-hyaluronic-acid,皮肤外用,透明质酸,Hyaluronic Acid,32299553,Preparation and evaluation of curcumin grafted hyaluronic acid modified pullulan polymers as a functional wound dressing material.,Carbohydrate polymers,2020,Journal Article; Retracted Publication,10.1016/j.carbpol.2020.116195,,RetractionIn:41274707,https://pubmed.ncbi.nlm.nih.gov/32299553/,2026-05-14
skin-hyaluronic-acid,皮肤外用,透明质酸,Hyaluronic Acid,30046611,"Positive Effects against UV-A Induced Damage and Oxidative Stress on an In Vitro Cell Model Using a Hyaluronic Acid Based Formulation Containing Amino Acids, Vitamins, and Minerals.",BioMed research international,2018,Journal Article; Retracted Publication,10.1155/2018/8481243,PMC6038662,RetractionIn:33728326,https://pubmed.ncbi.nlm.nih.gov/30046611/,2026-05-14
skin-hyaluronic-acid,皮肤外用,透明质酸,Hyaluronic Acid,25604697,Decellularized scaffolds containing hyaluronic acid and EGF for promoting the recovery of skin wounds.,Journal of materials science. Materials in medicine,2015,"Journal Article; Research Support, Non-U.S. Gov't; Retracted Publication",10.1007/s10856-014-5322-1,,RetractionIn:34041597,https://pubmed.ncbi.nlm.nih.gov/25604697/,2026-05-14
skin-hyaluronic-acid,皮肤外用,透明质酸,Hyaluronic Acid,25167809,Use of decellularized scaffolds combined with hyaluronic acid and basic fibroblast growth factor for skin tissue engineering.,Tissue engineering. Part A,2015,"Journal Article; Research Support, Non-U.S. Gov't; Retracted Publication",10.1089/ten.TEA.2013.0260,PMC4293131,RetractionIn:32191567,https://pubmed.ncbi.nlm.nih.gov/25167809/,2026-05-14
skin-hyaluronic-acid,皮肤外用,透明质酸,Hyaluronic Acid,25473210,"A phase III, randomized, double-blind, matched-pairs, active-controlled clinical trial and preclinical animal study to compare the durability, efficacy and safety between polynucleotide filler and hyaluronic acid filler in the correction of crow's feet: a new concept of regenerative filler.",Journal of Korean medical science,2014,"Clinical Trial, Phase III; Journal Article; Randomized Controlled Trial; Research Support, Non-U.S. Gov't; Retracted Publication",10.3346/jkms.2014.29.S3.S201,PMC4248006,RetractionIn:26839493,https://pubmed.ncbi.nlm.nih.gov/25473210/,2026-05-14
skin-energy-devices,皮肤外用,医美能量设备,Energy Devices,38807440,Evaluation and comparison of the efficacy and safety of the combination of topical phenytoin and microneedling with microneedling alone in the treatment of atrophic acne scars: A controlled blinded randomized clinical trial.,Skin research and technology : official journal of International Society for Bioengineering and the Skin (ISBS) [and] International Society for Digital Imaging of Skin (ISDIS) [and] International Society for Skin Imaging (ISSI),2024,Journal Article; Randomized Controlled Trial; Comparative Study; Retracted Publication,10.1111/srt.13766,PMC11133962,RetractionIn:40947850,https://pubmed.ncbi.nlm.nih.gov/38807440/,2026-05-14
skin-energy-devices,皮肤外用,医美能量设备,Energy Devices,38279602,Subjective evaluation of monopolar radiofrequency treatment by patients in aesthetic rejuvenation.,Skin research and technology : official journal of International Society for Bioengineering and the Skin (ISBS) [and] International Society for Digital Imaging of Skin (ISDIS) [and] International Society for Skin Imaging (ISSI),2024,Journal Article; Retracted Publication,10.1111/srt.13593,PMC10818126,RetractionIn:41255103,https://pubmed.ncbi.nlm.nih.gov/38279602/,2026-05-14
skin-energy-devices,皮肤外用,医美能量设备,Energy Devices,36118840,Efficacy of TACE+Radiofrequency Ablation+Sorafenib in the Treatment of Patients with Recurrent Liver Cancer and Construction of Prediction Model.,Computational and mathematical methods in medicine,2022,Journal Article; Retracted Publication,10.1155/2022/6879035,PMC9473901,RetractionIn:38124925,https://pubmed.ncbi.nlm.nih.gov/36118840/,2026-05-14
skin-energy-devices,皮肤外用,医美能量设备,Energy Devices,26760033,Anthropogenic Radio-Frequency Electromagnetic Fields Elicit Neuropathic Pain in an Amputation Model.,PloS one,2016,Journal Article; Retracted Publication,10.1371/journal.pone.0144268,PMC4712049,RetractionIn:29304172,https://pubmed.ncbi.nlm.nih.gov/26760033/,2026-05-14
skin-energy-devices,皮肤外用,医美能量设备,Energy Devices,23368685,Skin rejuvenation by microneedle fractional radiofrequency and a human stem cell conditioned medium in Asian skin: a randomized controlled investigator blinded split-face study.,Journal of cosmetic and laser therapy : official publication of the European Society for Laser Dermatology,2013,"Journal Article; Randomized Controlled Trial; Research Support, Non-U.S. Gov't; Retracted Publication",10.3109/14764172.2012.748201,,RetractionIn:33739221,https://pubmed.ncbi.nlm.nih.gov/23368685/,2026-05-14
antiaging-telomere,抗衰前沿,端粒,Telomere,35463973,Effects of Treadmill Exercise on Mitochondrial DNA Damage and Cardiomyocyte Telomerase Activity in Aging Model Rats Based on Classical Apoptosis Signaling Pathway.,BioMed research international,2022,Journal Article; Retracted Publication,10.1155/2022/3529499,PMC9023140,RetractionIn:37388373,https://pubmed.ncbi.nlm.nih.gov/35463973/,2026-05-14
antiaging-telomere,抗衰前沿,端粒,Telomere,33634502,"Pulmonary alveolar stem cells undergo senescence, apoptosis and differentiation by p53-dependent and -independent mechanisms in telomerase deficient mice.",Clinical and experimental pharmacology & physiology,2021,Journal Article; Retracted Publication,10.1111/1440-1681.13472,,RetractionIn:34448239,https://pubmed.ncbi.nlm.nih.gov/33634502/,2026-05-14
antiaging-telomere,抗衰前沿,端粒,Telomere,29145503,"Zinc sulfate contributes to promote telomere length extension via increasing telomerase gene expression, telomerase activity and change in the TERT gene promoter CpG island methylation status of human adipose-derived mesenchymal stem cells.",PloS one,2017,Journal Article; Retracted Publication,10.1371/journal.pone.0188052,PMC5690675,RetractionIn:37883989,https://pubmed.ncbi.nlm.nih.gov/29145503/,2026-05-14
antiaging-telomere,抗衰前沿,端粒,Telomere,24665044,"Arsenic exposure through drinking water leads to senescence and alteration of telomere length in humans: A case-control study in West Bengal, India.",Molecular carcinogenesis,2015,"Journal Article; Research Support, Non-U.S. Gov't; Retracted Publication",10.1002/mc.22150,,RetractionIn:41642722,https://pubmed.ncbi.nlm.nih.gov/24665044/,2026-05-14
antiaging-telomere,抗衰前沿,端粒,Telomere,19193721,"Bone morphogenetic protein-7 induces telomerase inhibition, telomere shortening, breast cancer cell senescence, and death via Smad3.",FASEB journal : official publication of the Federation of American Societies for Experimental Biology,2009,"Journal Article; Research Support, Non-U.S. Gov't; Retracted Publication",10.1096/fj.08-119529,,RetractionIn:19643742,https://pubmed.ncbi.nlm.nih.gov/19193721/,2026-05-14
antiaging-senolytics,抗衰前沿,Senolytics,Senolytics,34873428,Quercetin Prevents Radiation-Induced Oral Mucositis by Upregulating BMI-1.,Oxidative medicine and cellular longevity,2021,Journal Article; Retracted Publication,10.1155/2021/2231680,PMC8643266,RetractionIn:38234516,https://pubmed.ncbi.nlm.nih.gov/34873428/,2026-05-14
antiaging-resveratrol,抗衰前沿,白藜芦醇,Resveratrol,30962260,Resveratrol attenuates inflammation environment-induced nucleus pulposus cell senescence in vitro.,Bioscience reports,2019,"Journal Article; Research Support, Non-U.S. Gov't; Retracted Publication",10.1042/BSR20190126,PMC6509054,RetractionIn:39171818,https://pubmed.ncbi.nlm.nih.gov/30962260/,2026-05-14
antiaging-resveratrol,抗衰前沿,白藜芦醇,Resveratrol,29875176,Nucleus pulposus cell senescence is alleviated by resveratrol through regulating the ROS/NF-κB pathway under high-magnitude compression.,Bioscience reports,2018,"Journal Article; Research Support, Non-U.S. Gov't; Retracted Publication",10.1042/BSR20180670,PMC6435537,RetractionIn:39171798,https://pubmed.ncbi.nlm.nih.gov/29875176/,2026-05-14
antiaging-resveratrol,抗衰前沿,白藜芦醇,Resveratrol,29273676,Resveratrol attenuates high glucose-induced nucleus pulposus cell apoptosis and senescence through activating the ROS-mediated PI3K/Akt pathway.,Bioscience reports,2018,Journal Article; Retracted Publication,10.1042/BSR20171454,PMC5897744,RetractionIn:39171816,https://pubmed.ncbi.nlm.nih.gov/29273676/,2026-05-14
antiaging-resveratrol,抗衰前沿,白藜芦醇,Resveratrol,25057490,Resveratrol ameliorates motor neuron degeneration and improves survival in SOD1(G93A) mouse model of amyotrophic lateral sclerosis.,BioMed research international,2014,"Journal Article; Research Support, Non-U.S. Gov't; Retracted Publication",10.1155/2014/483501,PMC4095711,RetractionIn:31781618,https://pubmed.ncbi.nlm.nih.gov/25057490/,2026-05-14
antiaging-resveratrol,抗衰前沿,白藜芦醇,Resveratrol,19071213,"Expression of the longevity proteins by both red and white wines and their cardioprotective components, resveratrol, tyrosol, and hydroxytyrosol.",Free radical biology & medicine,2009,"Journal Article; Research Support, N.I.H., Extramural; Retracted Publication",10.1016/j.freeradbiomed.2008.11.005,,RetractionIn:23016154,https://pubmed.ncbi.nlm.nih.gov/19071213/,2026-05-14
antiaging-rapamycin,抗衰前沿,雷帕霉素/mTOR,Rapamycin,36799162,"Activating autophagy and ferroptosis of 3‑Chloropropane‑1,2‑diol induces injury of human umbilical vein endothelial cells via AMPK/mTOR/ULK1.",Molecular medicine reports,2023,Journal Article; Retracted Publication,10.3892/mmr.2023.12963,PMC9950850,RetractionIn:39513583,https://pubmed.ncbi.nlm.nih.gov/36799162/,2026-05-14
antiaging-rapamycin,抗衰前沿,雷帕霉素/mTOR,Rapamycin,31298038,Long noncoding RNA HAGLROS regulates apoptosis and autophagy in Parkinson's disease via regulating miR-100/ATG10 axis and PI3K/Akt/mTOR pathway activation.,"Artificial cells, nanomedicine, and biotechnology",2019,Journal Article; Retracted Publication,10.1080/21691401.2019.1636805,,ExpressionOfConcernIn:32180454 | RetractionIn:34374607,https://pubmed.ncbi.nlm.nih.gov/31298038/,2026-05-14
antiaging-nad,抗衰前沿,NAD/NMN/NR,NAD/NMN/NR,24337988,Mapping NAD(+) metabolism in the brain of ageing Wistar rats: potential targets for influencing brain senescence.,Biogerontology,2014,"Journal Article; Research Support, Non-U.S. Gov't; Retracted Publication",10.1007/s10522-013-9489-5,,RetractionIn:41489641,https://pubmed.ncbi.nlm.nih.gov/24337988/,2026-05-14
antiaging-nad,抗衰前沿,NAD/NMN/NR,NAD/NMN/NR,21541336,Age related changes in NAD+ metabolism oxidative stress and Sirt1 activity in wistar rats.,PloS one,2011,"Journal Article; Research Support, Non-U.S. Gov't; Retracted Publication",10.1371/journal.pone.0019194,PMC3082551,ExpressionOfConcernIn:35100313 | RetractionIn:39536040,https://pubmed.ncbi.nlm.nih.gov/21541336/,2026-05-14
antiaging-metformin,抗衰前沿,二甲双胍,Metformin,35693701,Metformin Ameliorates Senescence of Adipose-Derived Mesenchymal Stem Cells and Attenuates Osteoarthritis Progression via the AMPK-Dependent Autophagy Pathway.,Oxidative medicine and cellular longevity,2022,Journal Article; Retracted Publication,10.1155/2022/4620254,PMC9187432,RetractionIn:38234532,https://pubmed.ncbi.nlm.nih.gov/35693701/,2026-05-14
antiaging-metformin,抗衰前沿,二甲双胍,Metformin,34427659,Retracted: P0981ANTIDIABETIC AND RENOPROTECTIVE ROLE OF METFORMIN ON METABOLIC PARAMETERS IN KIDNEY OF DIABETIC AGING RATS.,"Nephrology, dialysis, transplantation : official publication of the European Dialysis and Transplant Association - European Renal Association",2020,Journal Article; Retracted Publication,10.1093/ndt/gfaa142.P0981,,RetractionIn:34106259,https://pubmed.ncbi.nlm.nih.gov/34427659/,2026-05-14
antiaging-epigenetic-clocks,抗衰前沿,表观遗传时钟,Epigenetic Clocks,35427433,Age prediction of green turtles with an epigenetic clock.,Molecular ecology resources,2022,Journal Article; Retracted Publication,10.1111/1755-0998.13621,,RetractionIn:40674112,https://pubmed.ncbi.nlm.nih.gov/35427433/,2026-05-14
antiaging-autophagy,抗衰前沿,自噬/线粒体自噬,Autophagy/Mitophagy,36799162,"Activating autophagy and ferroptosis of 3‑Chloropropane‑1,2‑diol induces injury of human umbilical vein endothelial cells via AMPK/mTOR/ULK1.",Molecular medicine reports,2023,Journal Article; Retracted Publication,10.3892/mmr.2023.12963,PMC9950850,RetractionIn:39513583,https://pubmed.ncbi.nlm.nih.gov/36799162/,2026-05-14
antiaging-autophagy,抗衰前沿,自噬/线粒体自噬,Autophagy/Mitophagy,35693701,Metformin Ameliorates Senescence of Adipose-Derived Mesenchymal Stem Cells and Attenuates Osteoarthritis Progression via the AMPK-Dependent Autophagy Pathway.,Oxidative medicine and cellular longevity,2022,Journal Article; Retracted Publication,10.1155/2022/4620254,PMC9187432,RetractionIn:38234532,https://pubmed.ncbi.nlm.nih.gov/35693701/,2026-05-14
antiaging-autophagy,抗衰前沿,自噬/线粒体自噬,Autophagy/Mitophagy,33546760,MiR-34a inhibitor protects mesenchymal stem cells from hyperglycaemic injury through the activation of the SIRT1/FoxO3a autophagy pathway.,Stem cell research & therapy,2021,"Journal Article; Research Support, Non-U.S. Gov't; Retracted Publication",10.1186/s13287-021-02183-2,PMC7866658,RetractionIn:34620210,https://pubmed.ncbi.nlm.nih.gov/33546760/,2026-05-14
antiaging-autophagy,抗衰前沿,自噬/线粒体自噬,Autophagy/Mitophagy,32239675,HO-1 overexpression alleviates senescence by inducing autophagy via the mitochondrial route in human nucleus pulposus cells.,Journal of cellular physiology,2020,"Journal Article; Research Support, Non-U.S. Gov't; Retracted Publication",10.1002/jcp.29684,,RetractionIn:35419813,https://pubmed.ncbi.nlm.nih.gov/32239675/,2026-05-14
antiaging-autophagy,抗衰前沿,自噬/线粒体自噬,Autophagy/Mitophagy,31860870,Circular RNA NF1-419 enhances autophagy to ameliorate senile dementia by binding Dynamin-1 and Adaptor protein 2 B1 in AD-like mice.,Aging,2019,"Journal Article; Research Support, Non-U.S. Gov't; Retracted Publication",10.18632/aging.102529,PMC6949063,RetractionIn:40767539,https://pubmed.ncbi.nlm.nih.gov/31860870/,2026-05-14
antiaging-autophagy,抗衰前沿,自噬/线粒体自噬,Autophagy/Mitophagy,31487280,Pleiotropic role of Drosophila phosphoribosyl pyrophosphate synthetase in autophagy and lysosome homeostasis.,PLoS genetics,2019,"Journal Article; Research Support, Non-U.S. Gov't; Retracted Publication",10.1371/journal.pgen.1008376,PMC6748441,RetractionIn:35120116,https://pubmed.ncbi.nlm.nih.gov/31487280/,2026-05-14
antiaging-autophagy,抗衰前沿,自噬/线粒体自噬,Autophagy/Mitophagy,31298038,Long noncoding RNA HAGLROS regulates apoptosis and autophagy in Parkinson's disease via regulating miR-100/ATG10 axis and PI3K/Akt/mTOR pathway activation.,"Artificial cells, nanomedicine, and biotechnology",2019,Journal Article; Retracted Publication,10.1080/21691401.2019.1636805,,ExpressionOfConcernIn:32180454 | RetractionIn:34374607,https://pubmed.ncbi.nlm.nih.gov/31298038/,2026-05-14
antiaging-autophagy,抗衰前沿,自噬/线粒体自噬,Autophagy/Mitophagy,30910846,Extensive mechanical tension promotes annulus fibrosus cell senescence through suppressing cellular autophagy.,Bioscience reports,2019,"Journal Article; Research Support, Non-U.S. Gov't; Retracted Publication",10.1042/BSR20190163,PMC6470409,RetractionIn:39171812,https://pubmed.ncbi.nlm.nih.gov/30910846/,2026-05-14
antiaging-autophagy,抗衰前沿,自噬/线粒体自噬,Autophagy/Mitophagy,30370550,"Effects of IGFBP3 gene silencing mediated inhibition of ERK/MAPK signaling pathway on proliferation, apoptosis, autophagy, and cell senescence in rats nucleus pulposus cells.",Journal of cellular physiology,2019,"Journal Article; Research Support, Non-U.S. Gov't; Retracted Publication",10.1002/jcp.27613,,ErratumIn:31344988 | RetractionIn:36264170,https://pubmed.ncbi.nlm.nih.gov/30370550/,2026-05-14
antiaging-autophagy,抗衰前沿,自噬/线粒体自噬,Autophagy/Mitophagy,30359321,Knockdown of insulin-like growth factor 1 exerts a protective effect on hypoxic injury of aged BM-MSCs: role of autophagy.,Stem cell research & therapy,2018,"Journal Article; Research Support, Non-U.S. Gov't; Retracted Publication",10.1186/s13287-018-1028-5,PMC6202872,RetractionIn:39501405,https://pubmed.ncbi.nlm.nih.gov/30359321/,2026-05-14
antiaging-autophagy,抗衰前沿,自噬/线粒体自噬,Autophagy/Mitophagy,29802156,Curcumin improves age-related and surgically induced osteoarthritis by promoting autophagy in mice.,Bioscience reports,2018,Journal Article; Retracted Publication,10.1042/BSR20171691,PMC6028754,ExpressionOfConcernIn:33988222 | RetractionIn:35635149,https://pubmed.ncbi.nlm.nih.gov/29802156/,2026-05-14
antiaging-autophagy,抗衰前沿,自噬/线粒体自噬,Autophagy/Mitophagy,25369834,p53 suppresses stress-induced cellular senescence via regulation of autophagy under the deprivation of serum.,Molecular medicine reports,2015,"Journal Article; Research Support, Non-U.S. Gov't; Retracted Publication",10.3892/mmr.2014.2853,,RetractionIn:32901842,https://pubmed.ncbi.nlm.nih.gov/25369834/,2026-05-14
antiaging-autophagy,抗衰前沿,自噬/线粒体自噬,Autophagy/Mitophagy,24669285,Antiaging properties of a grape-derived antioxidant are regulated by mitochondrial balance of fusion and fission leading to mitophagy triggered by a signaling network of Sirt1-Sirt3-Foxo3-PINK1-PARKIN.,Oxidative medicine and cellular longevity,2014,"Journal Article; Research Support, N.I.H., Extramural; Retracted Publication",10.1155/2014/345105,PMC3942197,RetractionIn:35996378,https://pubmed.ncbi.nlm.nih.gov/24669285/,2026-05-14
antiaging-autophagy,抗衰前沿,自噬/线粒体自噬,Autophagy/Mitophagy,23381122,Cardiomyocyte-specific deletion of endothelin receptor A rescues aging-associated cardiac hypertrophy and contractile dysfunction: role of autophagy.,Basic research in cardiology,2013,"Journal Article; Research Support, N.I.H., Extramural; Retracted Publication",10.1007/s00395-013-0335-3,PMC3590116,RetractionIn:36378358,https://pubmed.ncbi.nlm.nih.gov/23381122/,2026-05-14
zinc,口服/补剂,锌,Zinc,40107539,Cost-effective zinc ferrite-functionalized hydroxyethyl cellulose/chitosan film for efficient removal of methyl orange dye from aqueous solutions.,International journal of biological macromolecules,2025,Journal Article; Retracted Publication,10.1016/j.ijbiomac.2025.142232,,RetractionIn:40912960,https://pubmed.ncbi.nlm.nih.gov/40107539/,2026-05-14
zinc,口服/补剂,锌,Zinc,38956110,Salt stress amelioration and nutrient strengthening in spinach (Spinacia oleracea L.) via biochar amendment and zinc fortification: seed priming versus foliar application.,Scientific reports,2024,Journal Article; Retracted Publication,10.1038/s41598-024-65834-3,PMC11220015,ErratumIn:39112601 | RetractionIn:41796251,https://pubmed.ncbi.nlm.nih.gov/38956110/,2026-05-14
zinc,口服/补剂,锌,Zinc,38173374,A New Concept in Antidiabetic Therapeutics: A Concerted Removal of Labile Iron and Intracellular Deposition of Zinc.,Diabetes & metabolism journal,2024,Journal Article; Retracted Publication,10.4093/dmj.2022.0292,PMC10850271,RetractionIn:38494588,https://pubmed.ncbi.nlm.nih.gov/38173374/,2026-05-14
zinc,口服/补剂,锌,Zinc,37086354,"Effect of Zinc Amino Acid Complexes on Growth Performance, Tissue Zinc Concentration, and Muscle Development of Broilers.",Biological trace element research,2024,Journal Article; Retracted Publication,10.1007/s12011-023-03661-9,,RetractionIn:42056659,https://pubmed.ncbi.nlm.nih.gov/37086354/,2026-05-14
zinc,口服/补剂,锌,Zinc,36994320,Combined effect of Zinc lysine and biochar on growth and physiology of wheat (Triticum aestivum L.) to alleviate salinity stress.,Frontiers in plant science,2022,Journal Article; Retracted Publication,10.3389/fpls.2022.1017282,PMC10042136,RetractionIn:38938641,https://pubmed.ncbi.nlm.nih.gov/36994320/,2026-05-14
zinc,口服/补剂,锌,Zinc,36388536,Interaction between zinc and selenium bio-fortification and toxic metals (loid) accumulation in food crops.,Frontiers in plant science,2022,Journal Article; Review; Retracted Publication,10.3389/fpls.2022.1001992,PMC9659969,RetractionIn:38550284,https://pubmed.ncbi.nlm.nih.gov/36388536/,2026-05-14
zinc,口服/补剂,锌,Zinc,36043146,Investigation of the Immunoprotective Effect of Zinc on Ovalbumin Induced BALB/C Male Mice Based on NF-KB Signaling Pathway.,Contrast media & molecular imaging,2022,Journal Article; Retracted Publication,10.1155/2022/8990629,PMC9377949,RetractionIn:37547637,https://pubmed.ncbi.nlm.nih.gov/36043146/,2026-05-14
zinc,口服/补剂,锌,Zinc,35299084,A randomized trial of iron- and zinc-biofortified pearl millet-based complementary feeding in children aged 12 to 18 months living in urban slums.,"Clinical nutrition (Edinburgh, Scotland)",2022,"Journal Article; Randomized Controlled Trial; Research Support, Non-U.S. Gov't; Retracted Publication",10.1016/j.clnu.2022.02.014,,RetractionIn:41571510,https://pubmed.ncbi.nlm.nih.gov/35299084/,2026-05-14
zinc,口服/补剂,锌,Zinc,34995308,"Combined application of zinc and iron-lysine and its effects on morpho-physiological traits, antioxidant capacity and chromium uptake in rapeseed (Brassica napus L.).",PloS one,2022,Journal Article; Retracted Publication,10.1371/journal.pone.0262140,PMC8740971,RetractionIn:35921314,https://pubmed.ncbi.nlm.nih.gov/34995308/,2026-05-14
zinc,口服/补剂,锌,Zinc,34618822,Combined application of zinc and silicon alleviates terminal drought stress in wheat by triggering morpho-physiological and antioxidants defense mechanisms.,PloS one,2021,"Journal Article; Research Support, Non-U.S. Gov't; Retracted Publication",10.1371/journal.pone.0256984,PMC8496791,RetractionIn:35921302,https://pubmed.ncbi.nlm.nih.gov/34618822/,2026-05-14
zinc,口服/补剂,锌,Zinc,34255800,Combined application of zinc-lysine chelate and zinc-solubilizing bacteria improves yield and grain biofortification of maize (Zea mays L.).,PloS one,2021,"Journal Article; Research Support, Non-U.S. Gov't; Retracted Publication",10.1371/journal.pone.0254647,PMC8277021,RetractionIn:37315004,https://pubmed.ncbi.nlm.nih.gov/34255800/,2026-05-14
zinc,口服/补剂,锌,Zinc,34161364,Zinc biofortification potential of diverse mungbean [Vigna radiata (L.) Wilczek] genotypes under field conditions.,PloS one,2021,"Journal Article; Research Support, Non-U.S. Gov't; Retracted Publication",10.1371/journal.pone.0253085,PMC8221514,RetractionIn:36383550,https://pubmed.ncbi.nlm.nih.gov/34161364/,2026-05-14
zinc,口服/补剂,锌,Zinc,33247380,"Do Zinc Supplements Enhance the Clinical Efficacy of Hydroxychloroquine?: a Randomized, Multicenter Trial.",Biological trace element research,2021,Journal Article; Multicenter Study; Randomized Controlled Trial; Retracted Publication,10.1007/s12011-020-02512-1,PMC7695238,RetractionIn:38512453,https://pubmed.ncbi.nlm.nih.gov/33247380/,2026-05-14
zinc,口服/补剂,锌,Zinc,32645102,RETRACTED: Green fabricated zinc oxide nanoformulated media enhanced callus induction and regeneration dynamics of Panicum virgatum L.,PloS one,2020,"Journal Article; Research Support, Non-U.S. Gov't; Retracted Publication",10.1371/journal.pone.0230464,PMC7347099,RetractionIn:41871034,https://pubmed.ncbi.nlm.nih.gov/32645102/,2026-05-14
zinc,口服/补剂,锌,Zinc,31125822,Bougainvillea flower extract mediated zinc oxide's nanomaterials for antimicrobial and anticancer activity.,Biomedicine & pharmacotherapy = Biomedecine & pharmacotherapie,2019,Journal Article; Retracted Publication,10.1016/j.biopha.2019.108983,,RetractionIn:41864817,https://pubmed.ncbi.nlm.nih.gov/31125822/,2026-05-14
zinc,口服/补剂,锌,Zinc,31056723,Hypothyroidism-related zinc deficiency leads to suppression of T lymphocyte activity.,Endocrine,2019,"Journal Article; Research Support, Non-U.S. Gov't; Retracted Publication",10.1007/s12020-019-01936-7,,RetractionIn:37815747,https://pubmed.ncbi.nlm.nih.gov/31056723/,2026-05-14
zinc,口服/补剂,锌,Zinc,29804469,The effect of zinc and vitamin E cosupplementation on metabolic status and its related gene expression in patients with gestational diabetes.,"The journal of maternal-fetal & neonatal medicine : the official journal of the European Association of Perinatal Medicine, the Federation of Asia and Oceania Perinatal Societies, the International Society of Perinatal Obstetricians",2019,Journal Article; Randomized Controlled Trial; Retracted Publication,10.1080/14767058.2018.1481952,,ExpressionOfConcernIn:33504236 | UpdateIn:33504236 | ExpressionOfConcernIn:35793405 | RetractionIn:39471243,https://pubmed.ncbi.nlm.nih.gov/29804469/,2026-05-14
zinc,口服/补剂,锌,Zinc,29316405,"Magnesium-zinc-calcium-vitamin D co-supplementation improves glycemic control and markers of cardiometabolic risk in gestational diabetes: a randomized, double-blind, placebo-controlled trial.","Applied physiology, nutrition, and metabolism = Physiologie appliquee, nutrition et metabolisme",2018,Journal Article; Randomized Controlled Trial; Retracted Publication,10.1139/apnm-2017-0521,,RetractionIn:40171961,https://pubmed.ncbi.nlm.nih.gov/29316405/,2026-05-14
zinc,口服/补剂,锌,Zinc,28668998,"Magnesium-Zinc-Calcium-Vitamin D Co-supplementation Improves Hormonal Profiles, Biomarkers of Inflammation and Oxidative Stress in Women with Polycystic Ovary Syndrome: a Randomized, Double-Blind, Placebo-Controlled Trial.",Biological trace element research,2018,Journal Article; Randomized Controlled Trial; Retracted Publication,10.1007/s12011-017-1085-0,,RetractionIn:36418637 | ErratumIn:36469238,https://pubmed.ncbi.nlm.nih.gov/28668998/,2026-05-14
zinc,口服/补剂,锌,Zinc,28160242,"RETRACTED ARTICLE: Serum Zinc and Adiponectin Levels in Patients with Polycystic Ovary Syndrome, Adjusted for Anthropometric, Biochemical, Dietary Intake, and Physical Activity Measures.",Biological trace element research,2018,Journal Article; Retracted Publication,10.1007/s12011-017-0951-0,,RetractionIn,https://pubmed.ncbi.nlm.nih.gov/28160242/,2026-05-14
zinc,口服/补剂,锌,Zinc,29176314,Elevated Expression of Zinc Finger Protein 703 Promotes Cell Proliferation and Metastasis through PI3K/AKT/GSK-3β Signalling in Oral Squamous Cell Carcinoma.,"Cellular physiology and biochemistry : international journal of experimental cellular physiology, biochemistry, and pharmacology",2017,Journal Article; Retracted Publication,10.1159/000485360,,RetractionIn:34037343,https://pubmed.ncbi.nlm.nih.gov/29176314/,2026-05-14
zinc,口服/补剂,锌,Zinc,27334434,The Effect of Zinc Supplementation on Expressed Levels of Peroxisome Proliferator-Activated Receptor Gamma and Glucose Transporter Type 1 Genes in Newborns of Women with Gestational Diabetes Mellitus.,Biological trace element research,2017,Journal Article; Randomized Controlled Trial; Retracted Publication,10.1007/s12011-016-0788-y,,RetractionIn:36418638,https://pubmed.ncbi.nlm.nih.gov/27334434/,2026-05-14
zinc,口服/补剂,锌,Zinc,24715076,Oral zinc for the common cold.,JAMA,2014,Journal Article; Comment; Retracted Publication,10.1001/jama.2014.1404,,CommentOn:23775705 | CommentIn:26284728 | CommentIn:26284729 | RetractionIn:28027374,https://pubmed.ncbi.nlm.nih.gov/24715076/,2026-05-14
zinc,口服/补剂,锌,Zinc,23974923,Peroxynitrite-dependent zinc release and inactivation of guanosine 5'-triphosphate cyclohydrolase 1 instigate its ubiquitination in diabetes.,Diabetes,2013,"Journal Article; Research Support, N.I.H., Extramural; Research Support, Non-U.S. Gov't; Retracted Publication",10.2337/db13-0751,PMC3837037,RetractionIn:37184359,https://pubmed.ncbi.nlm.nih.gov/23974923/,2026-05-14
vitamin-k2,口服/补剂,维生素 K2,Vitamin K2,24975215,Vitamin K2 improves femoral bone strength without altering bone mineral density in gastrectomized rats.,Journal of nutritional science and vitaminology,2014,Journal Article; Retracted Publication,10.3177/jnsv.60.71,,RetractionIn:31257270,https://pubmed.ncbi.nlm.nih.gov/24975215/,2026-05-14
vitamin-k2,口服/补剂,维生素 K2,Vitamin K2,19499964,"Efficacy of menatetrenone (vitamin K2) against non-vertebral and hip fractures in patients with neurological diseases: meta-analysis of three randomized, controlled trials.",Clinical drug investigation,2009,Journal Article; Meta-Analysis; Review; Retracted Publication,10.2165/00044011-200929070-00005,,RetractionIn:29705920,https://pubmed.ncbi.nlm.nih.gov/19499964/,2026-05-14
vitamin-k2,口服/补剂,维生素 K2,Vitamin K2,17190100,Beneficial effect of pretreatment and treatment continuation with risedronate and vitamin K2 on cancellous bone loss after ovariectomy in rats: a bone histomorphometry study.,Journal of nutritional science and vitaminology,2006,Journal Article; Retracted Publication,10.3177/jnsv.52.307,,RetractionIn:30814406,https://pubmed.ncbi.nlm.nih.gov/17190100/,2026-05-14
vitamin-e,口服/补剂,维生素 E,Vitamin E,35586814,Growth Response in Oryctolagus cuniculus to Selenium Toxicity Exposure Ameliorated with Vitamin E.,BioMed research international,2022,Journal Article; Retracted Publication,10.1155/2022/8216685,PMC9110187,RetractionIn:38550112,https://pubmed.ncbi.nlm.nih.gov/35586814/,2026-05-14
vitamin-e,口服/补剂,维生素 E,Vitamin E,35237342,Effects of Low-Dose Aspirin Combined with Vitamin E on the Incidence of Intrauterine Growth Restriction and Hemorheological Indexes of Pregnant Women in Patients with Gestational Hypertension.,Computational and mathematical methods in medicine,2022,Journal Article; Randomized Controlled Trial; Retracted Publication,10.1155/2022/6328807,PMC8885198,RetractionIn:37416287,https://pubmed.ncbi.nlm.nih.gov/35237342/,2026-05-14
vitamin-e,口服/补剂,维生素 E,Vitamin E,31089253,Sesame oil and vitamin E co-administration may improve cardiometabolic risk factors in patients with metabolic syndrome: a randomized clinical trial.,European journal of clinical nutrition,2019,"Journal Article; Randomized Controlled Trial; Research Support, Non-U.S. Gov't; Retracted Publication",10.1038/s41430-019-0438-5,,RetractionIn:41152598,https://pubmed.ncbi.nlm.nih.gov/31089253/,2026-05-14
vitamin-e,口服/补剂,维生素 E,Vitamin E,29804469,The effect of zinc and vitamin E cosupplementation on metabolic status and its related gene expression in patients with gestational diabetes.,"The journal of maternal-fetal & neonatal medicine : the official journal of the European Association of Perinatal Medicine, the Federation of Asia and Oceania Perinatal Societies, the International Society of Perinatal Obstetricians",2019,Journal Article; Randomized Controlled Trial; Retracted Publication,10.1080/14767058.2018.1481952,,ExpressionOfConcernIn:33504236 | UpdateIn:33504236 | ExpressionOfConcernIn:35793405 | RetractionIn:39471243,https://pubmed.ncbi.nlm.nih.gov/29804469/,2026-05-14
vitamin-e,口服/补剂,维生素 E,Vitamin E,28847198,"The effects of vitamin E supplementation on endometrial thickness, and gene expression of vascular endothelial growth factor and inflammatory cytokines among women with implantation failure.","The journal of maternal-fetal & neonatal medicine : the official journal of the European Association of Perinatal Medicine, the Federation of Asia and Oceania Perinatal Societies, the International Society of Perinatal Obstetricians",2019,Journal Article; Randomized Controlled Trial; Retracted Publication,10.1080/14767058.2017.1372413,,ExpressionOfConcernIn:33969785 | UpdateIn:33969785 | RetractionIn:39471239,https://pubmed.ncbi.nlm.nih.gov/28847198/,2026-05-14
vitamin-d,口服/补剂,维生素 D,Vitamin D,39834161,Effects of Maternal Vitamin D Supplementation on Childhood Health.,Endocrine reviews,2026,Journal Article; Systematic Review; Review; Retracted Publication,10.1210/endrev/bnaf001,PMC13017500,RetractionIn:41129464,https://pubmed.ncbi.nlm.nih.gov/39834161/,2026-05-14
vitamin-d,口服/补剂,维生素 D,Vitamin D,40057967,Association between Vitamin D and mortality risk in gout patients.,"Journal of public health (Oxford, England)",2025,Journal Article; Retracted Publication,10.1093/pubmed/fdaf010,,RetractionIn:41989301,https://pubmed.ncbi.nlm.nih.gov/40057967/,2026-05-14
vitamin-d,口服/补剂,维生素 D,Vitamin D,39121007,Association of vitamin D with risk of warts: A retrospective and Mendelian randomization study.,Skin research and technology : official journal of International Society for Bioengineering and the Skin (ISBS) [and] International Society for Digital Imaging of Skin (ISDIS) [and] International Society for Skin Imaging (ISSI),2024,Journal Article; Retracted Publication,10.1111/srt.13911,PMC11314362,RetractionIn:41063541,https://pubmed.ncbi.nlm.nih.gov/39121007/,2026-05-14
vitamin-d,口服/补剂,维生素 D,Vitamin D,38847469,CYP4A22 loss-of-function causes a new type of vitamin D-dependent rickets (VDDR1C).,Journal of bone and mineral research : the official journal of the American Society for Bone and Mineral Research,2024,Journal Article; Case Reports; Retracted Publication,10.1093/jbmr/zjae084,,ExpressionOfConcernIn:39569444 | RetractionIn:39873438,https://pubmed.ncbi.nlm.nih.gov/38847469/,2026-05-14
vitamin-d,口服/补剂,维生素 D,Vitamin D,38820075,Expression of Concern: Non-linear Mendelian randomization analyses support a role for vitamin D deficiency in cardiovascular disease risk.,European heart journal,2024,Expression of Concern; Retracted Publication,10.1093/eurheartj/ehae282,,ExpressionOfConcernFor:34891159 | RetractionIn:39938556,https://pubmed.ncbi.nlm.nih.gov/38820075/,2026-05-14
vitamin-d,口服/补剂,维生素 D,Vitamin D,37194326,The relationship between vitamin D deficiency and diabetic foot ulcer: A meta-analysis.,International wound journal,2023,Meta-Analysis; Journal Article; Retracted Publication,10.1111/iwj.14177,PMC10502267,RetractionIn:39894578,https://pubmed.ncbi.nlm.nih.gov/37194326/,2026-05-14
vitamin-d,口服/补剂,维生素 D,Vitamin D,36864348,Vitamin D alleviates cognitive dysfunction and brain damage induced by copper sulfate intake in experimental rats: focus on its combination with donepezil.,Naunyn-Schmiedeberg's archives of pharmacology,2023,"Journal Article; Research Support, Non-U.S. Gov't; Retracted Publication",10.1007/s00210-023-02449-x,PMC10409850,RetractionIn:37642663,https://pubmed.ncbi.nlm.nih.gov/36864348/,2026-05-14
vitamin-d,口服/补剂,维生素 D,Vitamin D,36678627,RETRACTED: Protective Effect of Vitamin D Supplementation on COVID-19-Related Intensive Care Hospitalization and Mortality: Definitive Evidence from Meta-Analysis and Trial Sequential Analysis.,"Pharmaceuticals (Basel, Switzerland)",2023,Journal Article; Review; Retracted Publication,10.3390/ph16010130,PMC9864223,RetractionIn:41172117,https://pubmed.ncbi.nlm.nih.gov/36678627/,2026-05-14
vitamin-d,口服/补剂,维生素 D,Vitamin D,35567425,Association between vitamin D deficiency and diabetic foot ulcer wound in diabetic subjects: A meta-analysis.,International wound journal,2023,Meta-Analysis; Journal Article; Retracted Publication,10.1111/iwj.13836,PMC9797924,CommentIn:37182842 | RetractionIn:40139547,https://pubmed.ncbi.nlm.nih.gov/35567425/,2026-05-14
vitamin-d,口服/补剂,维生素 D,Vitamin D,36524519,Preclinical study of vitamin D deficiency in the pathogenesis of metabolic syndrome in rats.,European review for medical and pharmacological sciences,2022,Journal Article; Retracted Publication,10.26355/eurrev_202212_30575,,RetractionIn:41773613,https://pubmed.ncbi.nlm.nih.gov/36524519/,2026-05-14
vitamin-d,口服/补剂,维生素 D,Vitamin D,36394723,Performance improvement in sport through vitamin D - a narrative review.,European review for medical and pharmacological sciences,2022,Review; Journal Article; Retracted Publication,10.26355/eurrev_202211_30124,,RetractionIn:39749375,https://pubmed.ncbi.nlm.nih.gov/36394723/,2026-05-14
vitamin-d,口服/补剂,维生素 D,Vitamin D,36246569,Lifestyle Improvements and Vitamin D Supplementation Play an Important Role in the Prevention of Childhood Diabetes.,Disease markers,2022,Journal Article; Retracted Publication,10.1155/2022/6133908,PMC9553552,RetractionIn:38125387,https://pubmed.ncbi.nlm.nih.gov/36246569/,2026-05-14
vitamin-d,口服/补剂,维生素 D,Vitamin D,36066168,Vitamin D supplementation during pregnancy inhibits the activation of fetal membrane NF-κB pathway.,European review for medical and pharmacological sciences,2022,Journal Article; Randomized Controlled Trial; Retracted Publication,10.26355/eurrev_202208_29532,,RetractionIn:36459002,https://pubmed.ncbi.nlm.nih.gov/36066168/,2026-05-14
vitamin-d,口服/补剂,维生素 D,Vitamin D,35978636,Effect of Supplementation of Vitamin D in Patients with Periodontitis Evaluated before and after Nonsurgical Therapy.,BioMed research international,2022,Journal Article; Retracted Publication,10.1155/2022/5869676,PMC9377921,RetractionIn:37799169,https://pubmed.ncbi.nlm.nih.gov/35978636/,2026-05-14
vitamin-d,口服/补剂,维生素 D,Vitamin D,35903295,Effect of Vitamin D Combined with Recombinant Human Growth Hormone in Children with Growth Hormone Deficiency.,Disease markers,2022,Journal Article; Retracted Publication,10.1155/2022/7461958,PMC9325485,RetractionIn:37502569,https://pubmed.ncbi.nlm.nih.gov/35903295/,2026-05-14
vitamin-d,口服/补剂,维生素 D,Vitamin D,35774751,Effects of Routine Health Care Combined with Oral Vitamin D on Linear Growth in 5-Year-Old Children.,Evidence-based complementary and alternative medicine : eCAM,2022,Journal Article; Retracted Publication,10.1155/2022/4677795,PMC9239794,RetractionIn:37387883,https://pubmed.ncbi.nlm.nih.gov/35774751/,2026-05-14
vitamin-d,口服/补剂,维生素 D,Vitamin D,35707482,Intensive Health Care plus Vitamin D Administration Benefits the Growth and Development of Young Children and Reduces the Incidence of Nutritional Disorders.,Evidence-based complementary and alternative medicine : eCAM,2022,Journal Article; Retracted Publication,10.1155/2022/8097035,PMC9192294,RetractionIn:37387825,https://pubmed.ncbi.nlm.nih.gov/35707482/,2026-05-14
vitamin-d,口服/补剂,维生素 D,Vitamin D,35685731,Correlation between Serum Levels of Vitamin A and Vitamin D with Disease Severity in Tic Disorder Children.,Evidence-based complementary and alternative medicine : eCAM,2022,Journal Article; Retracted Publication,10.1155/2022/7121900,PMC9173974,RetractionIn:37387888,https://pubmed.ncbi.nlm.nih.gov/35685731/,2026-05-14
vitamin-d,口服/补剂,维生素 D,Vitamin D,35186523,Relationship Between Chronic Kidney Disease Staging and Vitamin D Deficiency: A Retrospective Study.,Cureus,2022,Journal Article; Retracted Publication,10.7759/cureus.21221,PMC8843767,RetractionIn:35342661,https://pubmed.ncbi.nlm.nih.gov/35186523/,2026-05-14
vitamin-d,口服/补剂,维生素 D,Vitamin D,35140804,Effect of Application of Treadmill Training on Metabolic Control and Vitamin D Level in Saudi Patients with Type 2 Diabetes Mellitus.,Computational and mathematical methods in medicine,2022,Controlled Clinical Trial; Journal Article; Retracted Publication,10.1155/2022/3059629,PMC8818417,RetractionIn:36789179,https://pubmed.ncbi.nlm.nih.gov/35140804/,2026-05-14
vitamin-d,口服/补剂,维生素 D,Vitamin D,34891159,Non-linear Mendelian randomization analyses support a role for vitamin D deficiency in cardiovascular disease risk.,European heart journal,2022,"Journal Article; Research Support, Non-U.S. Gov't; Retracted Publication",10.1093/eurheartj/ehab809,,CommentIn:34972215 | ExpressionOfConcernIn:38820075 | RetractionIn:39938556,https://pubmed.ncbi.nlm.nih.gov/34891159/,2026-05-14
vitamin-d,口服/补剂,维生素 D,Vitamin D,34689128,Association of Vitamin D Supplementation in Cardiorespiratory Fitness and Muscle Strength in Adult Twins: A Randomized Controlled Trial.,International journal of sport nutrition and exercise metabolism,2022,Journal Article; Randomized Controlled Trial; Retracted Publication,10.1123/ijsnem.2021-0060,,RetractionIn:35606096 | CommentIn:35649514,https://pubmed.ncbi.nlm.nih.gov/34689128/,2026-05-14
vitamin-d,口服/补剂,维生素 D,Vitamin D,34917171,Effect of Application of Different Exercise Intensities on Vitamin D and Parathormone in Children with Down's Syndrome.,Applied bionics and biomechanics,2021,Journal Article; Retracted Publication,10.1155/2021/7424857,PMC8670939,RetractionIn:38075099,https://pubmed.ncbi.nlm.nih.gov/34917171/,2026-05-14
vitamin-d,口服/补剂,维生素 D,Vitamin D,34737778,Analysis of the Influence of High-Dose rhGH Therapy on Serum Vitamin D and IGF-1 Levels in School-Age Children with Idiopathic Short Stature.,Evidence-based complementary and alternative medicine : eCAM,2021,Journal Article; Retracted Publication,10.1155/2021/5776487,PMC8563117,RetractionIn:37387982,https://pubmed.ncbi.nlm.nih.gov/34737778/,2026-05-14
vitamin-d,口服/补剂,维生素 D,Vitamin D,34717823,WITHDRAWN: Targeting of vitamin D supplementation to individuals with deficiency.,The lancet. Diabetes & endocrinology,2021,"Journal Article; Research Support, Non-U.S. Gov't; Comment; Retracted Publication",10.1016/S2213-8587(21)00282-5,,CommentOn:34717822 | RetractionIn:38048795,https://pubmed.ncbi.nlm.nih.gov/34717823/,2026-05-14
vitamin-d,口服/补剂,维生素 D,Vitamin D,34717822,"Estimating dose-response relationships for vitamin D with coronary heart disease, stroke, and all-cause mortality: observational and Mendelian randomisation analyses.",The lancet. Diabetes & endocrinology,2021,"Journal Article; Observational Study; Research Support, N.I.H., Extramural; Research Support, Non-U.S. Gov't; Retracted Publication",10.1016/S2213-8587(21)00263-1,PMC8600124,CommentIn:34717823 | CommentIn:35202588 | CommentIn:35202589 | CommentIn:36528344 | CommentIn:36528345 | CommentIn:36528346 | ExpressionOfConcernIn:37454668 | RetractionIn:38048795 | RetractedandRepublishedIn:38048800,https://pubmed.ncbi.nlm.nih.gov/34717822/,2026-05-14
vitamin-d,口服/补剂,维生素 D,Vitamin D,34675985,Correlation Analysis of Adverse Reactions of Antiosteoporosis Drugs by Different Mechanisms with Bone Turnover and Vitamin D.,Evidence-based complementary and alternative medicine : eCAM,2021,Journal Article; Retracted Publication,10.1155/2021/5402949,PMC8526207,RetractionIn:37387919,https://pubmed.ncbi.nlm.nih.gov/34675985/,2026-05-14
vitamin-d,口服/补剂,维生素 D,Vitamin D,34102194,"Vitamin D and rosuvastatin obliterate peripheral neuropathy in a type-2 diabetes model through modulating Notch1, Wnt-10α, TGF-β and NRF-1 crosstalk.",Life sciences,2021,Journal Article; Retracted Publication,10.1016/j.lfs.2021.119697,,RetractionIn:39578205,https://pubmed.ncbi.nlm.nih.gov/34102194/,2026-05-14
vitamin-d,口服/补剂,维生素 D,Vitamin D,34017029,Impact of daily high dose oral vitamin D therapy on the inflammatory markers in patients with COVID 19 disease.,Scientific reports,2021,"Journal Article; Randomized Controlled Trial; Research Support, Non-U.S. Gov't; Retracted Publication",10.1038/s41598-021-90189-4,PMC8138022,ErratumIn:34462608 | RetractionIn:35444230,https://pubmed.ncbi.nlm.nih.gov/34017029/,2026-05-14
vitamin-d,口服/补剂,维生素 D,Vitamin D,33186385,RETRACTED: Role of Vitamin-D Receptor (VDR) single nucleotide polymorphisms in gestational hypertension development: A case-control study.,PloS one,2020,Journal Article; Retracted Publication,10.1371/journal.pone.0239407,PMC7665745,RetractionIn:41411255,https://pubmed.ncbi.nlm.nih.gov/33186385/,2026-05-14
vitamin-d,口服/补剂,维生素 D,Vitamin D,31428171,Molecular Changes in Diabetic Wound Healing following Administration of Vitamin D and Ginger Supplements: Biochemical and Molecular Experimental Study.,Evidence-based complementary and alternative medicine : eCAM,2019,Journal Article; Retracted Publication,10.1155/2019/4352470,PMC6679851,RetractionIn:41971409,https://pubmed.ncbi.nlm.nih.gov/31428171/,2026-05-14
vitamin-d,口服/补剂,维生素 D,Vitamin D,30733856,Growth inhibition and apoptosis in colorectal cancer cells induced by Vitamin D-Nanoemulsion (NVD): involvement of Wnt/β-catenin and other signal transduction pathways.,Cell & bioscience,2019,Journal Article; Retracted Publication,10.1186/s13578-019-0277-z,PMC6359839,RetractionIn:38851768,https://pubmed.ncbi.nlm.nih.gov/30733856/,2026-05-14
vitamin-d,口服/补剂,维生素 D,Vitamin D,30459099,"The effects of vitamin D and probiotic co-supplementation on glucose homeostasis, inflammation, oxidative stress and pregnancy outcomes in gestational diabetes: A randomized, double-blind, placebo-controlled trial.","Clinical nutrition (Edinburgh, Scotland)",2019,"Journal Article; Randomized Controlled Trial; Research Support, Non-U.S. Gov't; Retracted Publication",10.1016/j.clnu.2018.10.028,,RetractionIn:40849194,https://pubmed.ncbi.nlm.nih.gov/30459099/,2026-05-14
vitamin-d,口服/补剂,维生素 D,Vitamin D,29330224,Vitamin D ameliorates impaired wound healing in streptozotocin-induced diabetic mice by suppressing NF-κB-mediated inflammatory genes.,Bioscience reports,2018,Journal Article; Retracted Publication,10.1042/BSR20171294,PMC5835716,RetractionIn:36545941,https://pubmed.ncbi.nlm.nih.gov/29330224/,2026-05-14
vitamin-d,口服/补剂,维生素 D,Vitamin D,29316405,"Magnesium-zinc-calcium-vitamin D co-supplementation improves glycemic control and markers of cardiometabolic risk in gestational diabetes: a randomized, double-blind, placebo-controlled trial.","Applied physiology, nutrition, and metabolism = Physiologie appliquee, nutrition et metabolisme",2018,Journal Article; Randomized Controlled Trial; Retracted Publication,10.1139/apnm-2017-0521,,RetractionIn:40171961,https://pubmed.ncbi.nlm.nih.gov/29316405/,2026-05-14
vitamin-d,口服/补剂,维生素 D,Vitamin D,28742409,"The effects of vitamin D and evening primrose oil co-supplementation on lipid profiles and biomarkers of oxidative stress in vitamin D-deficient women with polycystic ovary syndrome: A randomized, double-blind, placebo-controlled trial.",Endocrine research,2018,Journal Article; Randomized Controlled Trial; Retracted Publication,10.1080/07435800.2017.1346661,,ExpressionOfConcernIn:33143484 | RetractionIn:37871101,https://pubmed.ncbi.nlm.nih.gov/28742409/,2026-05-14
vitamin-d,口服/补剂,维生素 D,Vitamin D,28668998,"Magnesium-Zinc-Calcium-Vitamin D Co-supplementation Improves Hormonal Profiles, Biomarkers of Inflammation and Oxidative Stress in Women with Polycystic Ovary Syndrome: a Randomized, Double-Blind, Placebo-Controlled Trial.",Biological trace element research,2018,Journal Article; Randomized Controlled Trial; Retracted Publication,10.1007/s12011-017-1085-0,,RetractionIn:36418637 | ErratumIn:36469238,https://pubmed.ncbi.nlm.nih.gov/28668998/,2026-05-14
vitamin-d,口服/补剂,维生素 D,Vitamin D,27868194,Randomized controlled trial of vitamin D supplementation in children with autism spectrum disorder.,"Journal of child psychology and psychiatry, and allied disciplines",2018,Journal Article; Randomized Controlled Trial; Retracted Publication,10.1111/jcpp.12652,,CommentIn:29235649 | CommentIn:29235650 | CommentIn:29235652 | CommentIn:29235653 | RetractionIn:31087556,https://pubmed.ncbi.nlm.nih.gov/27868194/,2026-05-14
vitamin-d,口服/补剂,维生素 D,Vitamin D,28122931,Long-Term Vitamin D Supplementation Affects Metabolic Status in Vitamin D-Deficient Type 2 Diabetic Patients with Coronary Artery Disease.,The Journal of nutrition,2017,"Journal Article; Randomized Controlled Trial; Research Support, Non-U.S. Gov't; Retracted Publication",10.3945/jn.116.242008,,ExpressionOfConcernIn:33097943 | RetractionIn:33974701,https://pubmed.ncbi.nlm.nih.gov/28122931/,2026-05-14
vitamin-d,口服/补剂,维生素 D,Vitamin D,30944690,Vitamin D supplements improve urticaria symptoms and quality of life in chronic spontaneous urticaria patients: A prospective case-control study.,Dermato-endocrinology,2016,Case Reports; Journal Article; Retracted Publication,10.4161/derm.29727,PMC6439442,RetractionIn:30574263,https://pubmed.ncbi.nlm.nih.gov/30944690/,2026-05-14
vitamin-d,口服/补剂,维生素 D,Vitamin D,26609167,"Vitamin D Supplementation Affects the Beck Depression Inventory, Insulin Resistance, and Biomarkers of Oxidative Stress in Patients with Major Depressive Disorder: A Randomized, Controlled Clinical Trial.",The Journal of nutrition,2016,Journal Article; Randomized Controlled Trial; Retracted Publication,10.3945/jn.115.218883,,ExpressionOfConcernIn:33097954 | RetractionIn:33974698,https://pubmed.ncbi.nlm.nih.gov/26609167/,2026-05-14
vitamin-d,口服/补剂,维生素 D,Vitamin D,24412233,Decrease in age-related tau hyperphosphorylation and cognitive improvement following vitamin D supplementation are associated with modulation of brain energy metabolism and redox state.,Neuroscience,2014,"Journal Article; Research Support, N.I.H., Extramural; Retracted Publication",10.1016/j.neuroscience.2013.12.064,PMC4103183,CommentIn:25898421 | RetractionIn:26196038 | CommentIn:27737269,https://pubmed.ncbi.nlm.nih.gov/24412233/,2026-05-14
vitamin-d,口服/补剂,维生素 D,Vitamin D,24132976,"Retracted: Effects of vitamin D supplementation on glucose metabolism, lipid concentrations, inflammation, and oxidative stress in gestational diabetes: a double-blind randomized controlled clinical trial.",The American journal of clinical nutrition,2013,"Journal Article; Randomized Controlled Trial; Research Support, Non-U.S. Gov't; Retracted Publication",10.3945/ajcn.113.072785,,ExpressionOfConcernIn:33094821 | RetractionIn:33966084,https://pubmed.ncbi.nlm.nih.gov/24132976/,2026-05-14
vitamin-d,口服/补剂,维生素 D,Vitamin D,23884390,"Vitamin D supplementation affects serum high-sensitivity C-reactive protein, insulin resistance, and biomarkers of oxidative stress in pregnant women.",The Journal of nutrition,2013,"Journal Article; Randomized Controlled Trial; Research Support, Non-U.S. Gov't; Retracted Publication",10.3945/jn.113.177550,,ExpressionOfConcernIn:33097953 | RetractionIn:33974699,https://pubmed.ncbi.nlm.nih.gov/23884390/,2026-05-14
vitamin-d,口服/补剂,维生素 D,Vitamin D,23649140,Anti-inflammatory effect of vitamin D on gingivitis: a dose response randomised controlled trial.,Indian journal of public health,2013,Journal Article; Randomized Controlled Trial; Retracted Publication,10.4103/0019-557X.111365,,RetractionIn:23873193,https://pubmed.ncbi.nlm.nih.gov/23649140/,2026-05-14
vitamin-d,口服/补剂,维生素 D,Vitamin D,23637537,Vitamin D reduces falls and hip fractures in vascular Parkinsonism but not in Parkinson's disease.,Therapeutics and clinical risk management,2013,Journal Article; Retracted Publication,10.2147/TCRM.S43811,PMC3639218,ExpressionOfConcernIn:35281778 | RetractionIn:35975130,https://pubmed.ncbi.nlm.nih.gov/23637537/,2026-05-14
vitamin-d,口服/补剂,维生素 D,Vitamin D,23204220,The effect of vitamin D supplementation on inflammatory and hemostatic markers and disease activity in patients with systemic lupus erythematosus: a randomized placebo-controlled trial.,The Journal of rheumatology,2013,Journal Article; Randomized Controlled Trial; Retracted Publication,10.3899/jrheum.111594,,RetractionIn:30504482,https://pubmed.ncbi.nlm.nih.gov/23204220/,2026-05-14
vitamin-d,口服/补剂,维生素 D,Vitamin D,22980306,Vitamin D levels do not predict cardiovascular events in statin-treated patients with stable coronary disease.,American heart journal,2012,"Journal Article; Randomized Controlled Trial; Research Support, N.I.H., Extramural; Research Support, Non-U.S. Gov't; Retracted Publication",10.1016/j.ahj.2012.06.016,,RetractionIn:23977712,https://pubmed.ncbi.nlm.nih.gov/22980306/,2026-05-14
vitamin-c,口服/补剂,维生素 C,Vitamin C,33094466,Early use of high-dose vitamin C is beneficial in treatment of sepsis.,Irish journal of medical science,2021,Journal Article; Randomized Controlled Trial; Retracted Publication,10.1007/s11845-020-02394-1,,RetractionIn:36195779,https://pubmed.ncbi.nlm.nih.gov/33094466/,2026-05-14
vitamin-c,口服/补剂,维生素 C,Vitamin C,30465062,Efficacy of vitamin C for the prevention and treatment of upper respiratory tract infection. A meta-analysis in children.,European journal of clinical pharmacology,2019,Journal Article; Meta-Analysis; Systematic Review; Retracted Publication,10.1007/s00228-018-2601-7,,CommentIn:31377890 | RetractionIn:33988724,https://pubmed.ncbi.nlm.nih.gov/30465062/,2026-05-14
vitamin-c,口服/补剂,维生素 C,Vitamin C,30069463,Extra Dose of Vitamin C Based on a Daily Supplementation Shortens the Common Cold: A Meta-Analysis of 9 Randomized Controlled Trials.,BioMed research international,2018,Journal Article; Meta-Analysis; Retracted Publication,10.1155/2018/1837634,PMC6057395,RetractionIn:37078007,https://pubmed.ncbi.nlm.nih.gov/30069463/,2026-05-14
vitamin-c,口服/补剂,维生素 C,Vitamin C,28454351,The role of quercetin and vitamin C in Nrf2-dependent oxidative stress production in breast cancer cells.,Oncology letters,2017,Journal Article; Retracted Publication,10.3892/ol.2017.5619,PMC5403368,RetractionIn:40503033,https://pubmed.ncbi.nlm.nih.gov/28454351/,2026-05-14
vitamin-c,口服/补剂,维生素 C,Vitamin C,25057895,Causation of cigarette smoke-induced emphysema by p-benzoquinone and its prevention by vitamin C.,American journal of respiratory cell and molecular biology,2015,"Journal Article; Research Support, Non-U.S. Gov't; Retracted Publication",10.1165/rcmb.2013-0545OC,,RetractionIn:33792529,https://pubmed.ncbi.nlm.nih.gov/25057895/,2026-05-14
vitamin-c,口服/补剂,维生素 C,Vitamin C,22970172,Molecular and cellular mechanisms of cigarette smoke-induced myocardial injury: prevention by vitamin C.,PloS one,2012,"Journal Article; Research Support, Non-U.S. Gov't; Retracted Publication",10.1371/journal.pone.0044151,PMC3435405,RetractionIn:41493951,https://pubmed.ncbi.nlm.nih.gov/22970172/,2026-05-14
vitamin-c,口服/补剂,维生素 C,Vitamin C,22033423,Ameliorative effect of vitamin C on hexavalent chromium-induced delay in sexual maturation and oxidative stress in developing Wistar rat ovary and uterus.,Toxicology and industrial health,2012,Journal Article; Retracted Publication,10.1177/0748233711422728,,RetractionIn:26631163,https://pubmed.ncbi.nlm.nih.gov/22033423/,2026-05-14
vitamin-c,口服/补剂,维生素 C,Vitamin C,22409829,"Vitamin C and asthma in children: modification of the effect by age, exposure to dampness and the severity of asthma.",Clinical and translational allergy,2011,Journal Article; Retracted Publication,10.1186/2045-7022-1-9,PMC3339402,RetractionIn:22423606,https://pubmed.ncbi.nlm.nih.gov/22409829/,2026-05-14
vitamin-c,口服/补剂,维生素 C,Vitamin C,21655231,NAD(P)H: quinone oxidoreductase 1 deficiency conjoint with marginal vitamin C deficiency causes cigarette smoke induced myelodysplastic syndromes.,PloS one,2011,"Journal Article; Research Support, Non-U.S. Gov't; Retracted Publication",10.1371/journal.pone.0020590,PMC3105086,RetractionIn:41494034,https://pubmed.ncbi.nlm.nih.gov/21655231/,2026-05-14
vitamin-c,口服/补剂,维生素 C,Vitamin C,19154523,"Omega-3 fatty acids, vitamin C and Zn supplementation in asthmatic children: a randomized self-controlled study.","Acta paediatrica (Oslo, Norway : 1992)",2009,Journal Article; Randomized Controlled Trial; Retracted Publication,10.1111/j.1651-2227.2008.01213.x,,RetractionIn:22970440,https://pubmed.ncbi.nlm.nih.gov/19154523/,2026-05-14
vitamin-b12,口服/补剂,维生素 B12,Vitamin B12,38421889,Can supplementing vitamin B12 improve mental health outcomes?: a literature review.,British journal of community nursing,2024,Review; Journal Article; Retracted Publication,10.12968/bjcn.2024.29.3.137,,RetractionIn:41504533,https://pubmed.ncbi.nlm.nih.gov/38421889/,2026-05-14
vitamin-b12,口服/补剂,维生素 B12,Vitamin B12,23902646,Neuropathological and neuroprotective features of vitamin B12 on the dorsal spinal ganglion of rats after the experimental crush of sciatic nerve: an experimental study.,Diagnostic pathology,2013,Journal Article; Retracted Publication,10.1186/1746-1596-8-123,PMC3751865,RetractionIn:27802828,https://pubmed.ncbi.nlm.nih.gov/23902646/,2026-05-14
vitamin-a,口服/补剂,维生素 A,Vitamin A,35804266,The impact of vitamin A supplementation on thyroid function and insulin sensitivity: implication of deiodinases and phosphoenolpyruvate carboxykinase in male Wistar rats.,European journal of nutrition,2022,Journal Article; Retracted Publication,10.1007/s00394-022-02945-5,PMC9596568,RetractionIn:39196347,https://pubmed.ncbi.nlm.nih.gov/35804266/,2026-05-14
vitamin-a,口服/补剂,维生素 A,Vitamin A,35685731,Correlation between Serum Levels of Vitamin A and Vitamin D with Disease Severity in Tic Disorder Children.,Evidence-based complementary and alternative medicine : eCAM,2022,Journal Article; Retracted Publication,10.1155/2022/7121900,PMC9173974,RetractionIn:37387888,https://pubmed.ncbi.nlm.nih.gov/35685731/,2026-05-14
vitamin-a,口服/补剂,维生素 A,Vitamin A,35071591,"Changes of Serum Ferritin, Hemoglobin, and Serum Iron (SI) and Treatment Effect of Iron Proteinsuccinylate Oral Solution Combined with Vitamin A and D Drops on Children with Nutritional Iron Deficiency Anemia.",BioMed research international,2022,Journal Article; Retracted Publication,10.1155/2022/2972617,PMC8776466,RetractionIn:38550215,https://pubmed.ncbi.nlm.nih.gov/35071591/,2026-05-14
vitamin-a,口服/补剂,维生素 A,Vitamin A,34217246,Vitamin a deficiency and sleep disturbances related to autism symptoms in children with autism spectrum disorder: a cross-sectional study.,BMC pediatrics,2021,"Journal Article; Research Support, Non-U.S. Gov't; Retracted Publication",10.1186/s12887-021-02775-0,PMC8254303,RetractionIn:34861830,https://pubmed.ncbi.nlm.nih.gov/34217246/,2026-05-14
vitamin-a,口服/补剂,维生素 A,Vitamin A,22854406,β-Carotene in Golden Rice is as good as β-carotene in oil at providing vitamin A to children.,The American journal of clinical nutrition,2012,"Comparative Study; Journal Article; Randomized Controlled Trial; Research Support, N.I.H., Extramural; Research Support, Non-U.S. Gov't; Research Support, U.S. Gov't, Non-P.H.S.; Retracted Publication",10.3945/ajcn.111.030775,PMC3417220,RetractionIn:26224301,https://pubmed.ncbi.nlm.nih.gov/22854406/,2026-05-14
tryptophan,口服/补剂,色氨酸,Tryptophan,38655353,Immunoregulatory and antioxidant properties of tryptophan in quail chick.,Heliyon,2024,Journal Article; Retracted Publication,10.1016/j.heliyon.2024.e29115,PMC11035954,RetractionIn:41216520,https://pubmed.ncbi.nlm.nih.gov/38655353/,2026-05-14
tryptophan,口服/补剂,色氨酸,Tryptophan,34122006,Oral Administration of Brain Protein Combined With Probiotics Induces Immune Tolerance Through the Tryptophan Pathway.,Frontiers in molecular neuroscience,2021,Journal Article; Retracted Publication,10.3389/fnmol.2021.634631,PMC8192843,RetractionIn:37711871,https://pubmed.ncbi.nlm.nih.gov/34122006/,2026-05-14
taurine,口服/补剂,牛磺酸,Taurine,30396066,The nephroprotective properties of taurine in colistin-treated mice is mediated through the regulation of mitochondrial function and mitigation of oxidative stress.,Biomedicine & pharmacotherapy = Biomedecine & pharmacotherapie,2019,Journal Article; Retracted Publication,10.1016/j.biopha.2018.10.093,,RetractionIn:42014274,https://pubmed.ncbi.nlm.nih.gov/30396066/,2026-05-14
taurine,口服/补剂,牛磺酸,Taurine,28118062,"Taurine Supplementation Improves Functional Capacity, Myocardial Oxygen Consumption, and Electrical Activity in Heart Failure.",Journal of dietary supplements,2017,Journal Article; Randomized Controlled Trial; Retracted Publication,10.1080/19390211.2016.1267059,,RetractionIn:41943494,https://pubmed.ncbi.nlm.nih.gov/28118062/,2026-05-14
taurine,口服/补剂,牛磺酸,Taurine,20830294,Protective role of taurine against arsenic-induced mitochondria-dependent hepatic apoptosis via the inhibition of PKCdelta-JNK pathway.,PloS one,2010,"Journal Article; Research Support, Non-U.S. Gov't; Retracted Publication",10.1371/journal.pone.0012602,PMC2935368,RetractionIn:40354289,https://pubmed.ncbi.nlm.nih.gov/20830294/,2026-05-14
taurine,口服/补剂,牛磺酸,Taurine,18414974,Taurine plays a beneficial role against cadmium-induced oxidative renal dysfunction.,Amino acids,2009,Journal Article; Retracted Publication,10.1007/s00726-008-0094-x,,RetractionIn:38506936,https://pubmed.ncbi.nlm.nih.gov/18414974/,2026-05-14
spirulina,口服/补剂,螺旋藻,Spirulina,39517296,RETRACTED: Spirulina Unleashed: A Pancreatic Symphony to Restore Glycemic Balance and Improve Hyperlipidemia and Antioxidant Properties by Transcriptional Modulation of Genes in a Rat Model.,"Foods (Basel, Switzerland)",2024,Journal Article; Retracted Publication,10.3390/foods13213512,PMC11545410,RetractionIn:41025513,https://pubmed.ncbi.nlm.nih.gov/39517296/,2026-05-14
spirulina,口服/补剂,螺旋藻,Spirulina,32142842,"Extraction and characterization of phycocyanin from Spirulina platensis and evaluation of its anticancer, antidiabetic and antiinflammatory effect.",International journal of biological macromolecules,2020,Journal Article; Retracted Publication,10.1016/j.ijbiomac.2020.03.009,,RetractionIn:41015735,https://pubmed.ncbi.nlm.nih.gov/32142842/,2026-05-14
selenium,口服/补剂,硒,Selenium,37245338,In-depth in-vitro and in-vivo anti-diabetic evaluations of Fagonia cretica mediated biosynthesized selenium nanoparticles.,Biomedicine & pharmacotherapy = Biomedecine & pharmacotherapie,2023,Journal Article; Retracted Publication,10.1016/j.biopha.2023.114872,,RetractionIn:42020218,https://pubmed.ncbi.nlm.nih.gov/37245338/,2026-05-14
selenium,口服/补剂,硒,Selenium,36388536,Interaction between zinc and selenium bio-fortification and toxic metals (loid) accumulation in food crops.,Frontiers in plant science,2022,Journal Article; Review; Retracted Publication,10.3389/fpls.2022.1001992,PMC9659969,RetractionIn:38550284,https://pubmed.ncbi.nlm.nih.gov/36388536/,2026-05-14
selenium,口服/补剂,硒,Selenium,35586814,Growth Response in Oryctolagus cuniculus to Selenium Toxicity Exposure Ameliorated with Vitamin E.,BioMed research international,2022,Journal Article; Retracted Publication,10.1155/2022/8216685,PMC9110187,RetractionIn:38550112,https://pubmed.ncbi.nlm.nih.gov/35586814/,2026-05-14
selenium,口服/补剂,硒,Selenium,35723386,RETRACTED: Efficacy of Vanadyl Sulfate and Selenium Tetrachloride as Anti-Diabetic Agents against Hyperglycemia and Oxidative Stress Induced by Diabetes Mellitus in Male Rats.,Current issues in molecular biology,2021,Journal Article; Retracted Publication,10.3390/cimb44010007,PMC8929014,RetractionIn:38921047,https://pubmed.ncbi.nlm.nih.gov/35723386/,2026-05-14
selenium,口服/补剂,硒,Selenium,30057015,"The effects of probiotic and selenium co-supplementation on mental health parameters and metabolic profiles in type 2 diabetic patients with coronary heart disease: A randomized, double-blind, placebo-controlled trial.","Clinical nutrition (Edinburgh, Scotland)",2019,"Journal Article; Randomized Controlled Trial; Research Support, Non-U.S. Gov't; Retracted Publication",10.1016/j.clnu.2018.07.017,,RetractionIn:40835487,https://pubmed.ncbi.nlm.nih.gov/30057015/,2026-05-14
selenium,口服/补剂,硒,Selenium,25231122,Inhibition of Lipopolysaccharide (LPS)-induced inflammatory responses by selenium in bovine mammary epithelial cells in primary culture.,Inflammation,2015,Journal Article; Retracted Publication,10.1007/s10753-014-0017-9,,RetractionIn:25715729,https://pubmed.ncbi.nlm.nih.gov/25231122/,2026-05-14
rhodiola,口服/补剂,红景天,Rhodiola,35784643,Effects of Self-Made Prescription Compound Rhodiola on the Ultrastructure of Podocytes in Rats with Type 2 Diabetic Nephropathy.,Emergency medicine international,2022,Journal Article; Retracted Publication,10.1155/2022/3417557,PMC9242755,RetractionIn:38298959,https://pubmed.ncbi.nlm.nih.gov/35784643/,2026-05-14
rhodiola,口服/补剂,红景天,Rhodiola,35602107,Rhodiola Rosea Extract Counteracts Stress in an Adaptogenic Response Curve Manner via Elimination of ROS and Induction of Neurite Outgrowth.,Oxidative medicine and cellular longevity,2022,Journal Article; Retracted Publication,10.1155/2022/5647599,PMC9122715,RetractionIn:38234514,https://pubmed.ncbi.nlm.nih.gov/35602107/,2026-05-14
resveratrol,口服/补剂,白藜芦醇,Resveratrol,35399833,Knowledge-Based Discovery of the Role and Mechanism of Resveratrol in Improving Glomerular Tether Cell Proliferation and Apoptosis in Diabetic Nephropathy.,Journal of healthcare engineering,2022,Journal Article; Retracted Publication,10.1155/2022/9705144,PMC8989601,RetractionIn:37860365,https://pubmed.ncbi.nlm.nih.gov/35399833/,2026-05-14
resveratrol,口服/补剂,白藜芦醇,Resveratrol,32683392,Resveratrol Suppresses Human Nasopharyngeal Carcinoma Cell Growth Via Inhibiting Differentiation Antagonizing Non-Protein Coding RNA (DANCR) Expression.,Medical science monitor : international medical journal of experimental and clinical research,2020,Journal Article; Retracted Publication,10.12659/MSM.923622,PMC7388650,RetractionIn:38380469,https://pubmed.ncbi.nlm.nih.gov/32683392/,2026-05-14
resveratrol,口服/补剂,白藜芦醇,Resveratrol,31136990,Resveratrol enhances chemosensitivity of renal cell carcinoma to paclitaxel.,Frontiers in bioscience (Landmark edition),2019,Journal Article; Retracted Publication,10.2741/4790,,RetractionIn:39862103,https://pubmed.ncbi.nlm.nih.gov/31136990/,2026-05-14
resveratrol,口服/补剂,白藜芦醇,Resveratrol,35541685,Retracted Article: Resveratrol attenuates inflammation and reduces matrix-metalloprotease expression by inducing autophagy via suppressing the Wnt/β-catenin signaling pathway in IL-1β-induced osteoarthritis chondrocytes.,RSC advances,2018,Journal Article; Retracted Publication,10.1039/c8ra00993g,PMC9080727,RetractionIn:35747362,https://pubmed.ncbi.nlm.nih.gov/35541685/,2026-05-14
resveratrol,口服/补剂,白藜芦醇,Resveratrol,29843156,Resveratrol Protects Murine Chondrogenic ATDC5 Cells Against LPS-Induced Inflammatory Injury Through Up-Regulating MiR-146b.,"Cellular physiology and biochemistry : international journal of experimental cellular physiology, biochemistry, and pharmacology",2018,Journal Article; Retracted Publication,10.1159/000490141,,RetractionIn:35235274,https://pubmed.ncbi.nlm.nih.gov/29843156/,2026-05-14
resveratrol,口服/补剂,白藜芦醇,Resveratrol,29439139,Resveratrol attenuates mechanical compression-induced nucleus pulposus cell apoptosis through regulating the ERK1/2 signaling pathway in a disc organ culture.,Bioscience reports,2018,"Journal Article; Research Support, Non-U.S. Gov't; Retracted Publication",10.1042/BSR20171703,PMC5843752,RetractionIn:39171811,https://pubmed.ncbi.nlm.nih.gov/29439139/,2026-05-14
resveratrol,口服/补剂,白藜芦醇,Resveratrol,29074559,Resveratrol increases nucleus pulposus matrix synthesis through activating the PI3K/Akt signaling pathway under mechanical compression in a disc organ culture.,Bioscience reports,2017,Journal Article; Retracted Publication,10.1042/BSR20171319,PMC5700294,RetractionIn:39171804,https://pubmed.ncbi.nlm.nih.gov/29074559/,2026-05-14
resveratrol,口服/补剂,白藜芦醇,Resveratrol,27941804,Resveratrol rescues hyperglycemia-induced endothelial dysfunction via activation of Akt.,Acta pharmacologica Sinica,2017,Journal Article; Retracted Publication,10.1038/aps.2016.109,PMC5309750,RetractionIn:31953509,https://pubmed.ncbi.nlm.nih.gov/27941804/,2026-05-14
resveratrol,口服/补剂,白藜芦醇,Resveratrol,27149559,Resveratrol via activation of LKB1-AMPK signaling suppresses oxidative stress to prevent endothelial dysfunction in diabetic mice.,"Clinical and experimental hypertension (New York, N.Y. : 1993)",2016,Journal Article; Retracted Publication,10.3109/10641963.2015.1131288,,RetractionIn:30676090,https://pubmed.ncbi.nlm.nih.gov/27149559/,2026-05-14
resveratrol,口服/补剂,白藜芦醇,Resveratrol,25936406,Antitumor effect of resveratrol on chondrosarcoma cells via phosphoinositide 3-kinase/AKT and p38 mitogen-activated protein kinase pathways.,Molecular medicine reports,2015,"Journal Article; Research Support, Non-U.S. Gov't; Retracted Publication",10.3892/mmr.2015.3683,,RetractionIn:34165165,https://pubmed.ncbi.nlm.nih.gov/25936406/,2026-05-14
resveratrol,口服/补剂,白藜芦醇,Resveratrol,23625030,Resveratrol reduces acute lung injury in a LPS‑induced sepsis mouse model via activation of Sirt1.,Molecular medicine reports,2013,"Journal Article; Research Support, Non-U.S. Gov't; Retracted Publication",10.3892/mmr.2013.1444,,RetractionIn:38038164,https://pubmed.ncbi.nlm.nih.gov/23625030/,2026-05-14
resveratrol,口服/补剂,白藜芦醇,Resveratrol,23461657,"A dietary polyphenol resveratrol acts to provide neuroprotection in recurrent stroke models by regulating AMPK and SIRT1 signaling, thereby reducing energy requirements during ischemia.",The European journal of neuroscience,2013,"Journal Article; Research Support, Non-U.S. Gov't; Retracted Publication",10.1111/ejn.12162,,RetractionIn:27041235,https://pubmed.ncbi.nlm.nih.gov/23461657/,2026-05-14
resveratrol,口服/补剂,白藜芦醇,Resveratrol,21887248,Resveratrol and black tea polyphenol combination synergistically suppress mouse skin tumors growth by inhibition of activated MAPKs and p53.,PloS one,2011,"Journal Article; Research Support, Non-U.S. Gov't; Retracted Publication",10.1371/journal.pone.0023395,PMC3162572,RetractionIn:31002738,https://pubmed.ncbi.nlm.nih.gov/21887248/,2026-05-14
resveratrol,口服/补剂,白藜芦醇,Resveratrol,21749863,"Role of 5-lipoxygenase in resveratrol mediated suppression of 7,12-dimethylbenz(α)anthracene-induced mammary carcinogenesis in rats.",European journal of pharmacology,2011,"Journal Article; Research Support, Non-U.S. Gov't; Retracted Publication",10.1016/j.ejphar.2011.06.039,,RetractionIn:41781252,https://pubmed.ncbi.nlm.nih.gov/21749863/,2026-05-14
resveratrol,口服/补剂,白藜芦醇,Resveratrol,19359525,The dietary polyphenols trans-resveratrol and curcumin selectively bind human CB1 cannabinoid receptors with nanomolar affinities and function as antagonists/inverse agonists.,The Journal of pharmacology and experimental therapeutics,2009,"Comparative Study; Journal Article; Research Support, Non-U.S. Gov't; Retracted Publication",10.1124/jpet.109.151654,,RetractionIn:19940110,https://pubmed.ncbi.nlm.nih.gov/19359525/,2026-05-14
resveratrol,口服/补剂,白藜芦醇,Resveratrol,18791811,Chemopreventive potential of resveratrol in mouse skin tumors through regulation of mitochondrial and PI3K/AKT signaling pathways.,Pharmaceutical research,2009,"Journal Article; Research Support, Non-U.S. Gov't; Retracted Publication",10.1007/s11095-008-9723-z,,RetractionIn:33538923,https://pubmed.ncbi.nlm.nih.gov/18791811/,2026-05-14
resveratrol,口服/补剂,白藜芦醇,Resveratrol,18789672,"Resveratrol, a unique phytoalexin present in red wine, delivers either survival signal or death signal to the ischemic myocardium depending on dose.",The Journal of nutritional biochemistry,2009,"Journal Article; Research Support, N.I.H., Extramural; Retracted Publication",10.1016/j.jnutbio.2008.05.003,,RetractionIn:22891370,https://pubmed.ncbi.nlm.nih.gov/18789672/,2026-05-14
resveratrol,口服/补剂,白藜芦醇,Resveratrol,18201729,RETRACTED: Resveratrol induces apoptosis involving mitochondrial pathways in mouse skin tumorigenesis.,Life sciences,2008,"Journal Article; Research Support, Non-U.S. Gov't; Retracted Publication",10.1016/j.lfs.2007.11.006,,RetractionIn:31439318 | RetractionIn:31443884,https://pubmed.ncbi.nlm.nih.gov/18201729/,2026-05-14
quercetin,口服/补剂,槲皮素,Quercetin,40100888,RETRACTED: Fischer's ratio and DNA damage in hypoxemia-induced brain injury in rat model: prophylactic role of quercetin and mexamine supplementation.,PloS one,2025,Journal Article; Retracted Publication,10.1371/journal.pone.0319898,PMC11918368,RetractionIn:41729827,https://pubmed.ncbi.nlm.nih.gov/40100888/,2026-05-14
quercetin,口服/补剂,槲皮素,Quercetin,36805894,Quercetin extraction from small onion skin (Allium cepa L. var. aggregatum Don.) and its antioxidant activity.,Environmental research,2023,"Journal Article; Research Support, Non-U.S. Gov't; Retracted Publication",10.1016/j.envres.2023.115497,,RetractionIn:39909745,https://pubmed.ncbi.nlm.nih.gov/36805894/,2026-05-14
quercetin,口服/补剂,槲皮素,Quercetin,36092164,"Preventive Effects of Mandarin Fruit Peel Hydroethanolic Extract, Hesperidin, and Quercetin on Acetaminophen-Induced Hepatonephrotoxicity in Wistar Rats.",Oxidative medicine and cellular longevity,2022,Journal Article; Retracted Publication,10.1155/2022/7065845,PMC9463012,RetractionIn:37886703,https://pubmed.ncbi.nlm.nih.gov/36092164/,2026-05-14
quercetin,口服/补剂,槲皮素,Quercetin,34950418,Dietary Quercetin Supplementation Attenuates Diarrhea and Intestinal Damage by Regulating Gut Microbiota in Weanling Piglets.,Oxidative medicine and cellular longevity,2021,Journal Article; Retracted Publication,10.1155/2021/6221012,PMC8689231,RetractionIn:38234568,https://pubmed.ncbi.nlm.nih.gov/34950418/,2026-05-14
quercetin,口服/补剂,槲皮素,Quercetin,34873428,Quercetin Prevents Radiation-Induced Oral Mucositis by Upregulating BMI-1.,Oxidative medicine and cellular longevity,2021,Journal Article; Retracted Publication,10.1155/2021/2231680,PMC8643266,RetractionIn:38234516,https://pubmed.ncbi.nlm.nih.gov/34873428/,2026-05-14
quercetin,口服/补剂,槲皮素,Quercetin,31307244,Quercetin supports cell viability and inhibits apoptosis in cardiocytes by down-regulating miR-199a.,"Artificial cells, nanomedicine, and biotechnology",2019,Journal Article; Retracted Publication,10.1080/21691401.2019.1640711,,RetractionIn:34374606,https://pubmed.ncbi.nlm.nih.gov/31307244/,2026-05-14
quercetin,口服/补剂,槲皮素,Quercetin,28604104,Intranasal delivery of quercetin-loaded mucoadhesive nanoemulsion for treatment of cerebral ischaemia.,"Artificial cells, nanomedicine, and biotechnology",2018,Journal Article; Retracted Publication,10.1080/21691401.2017.1337024,,RetractionIn:33426950,https://pubmed.ncbi.nlm.nih.gov/28604104/,2026-05-14
quercetin,口服/补剂,槲皮素,Quercetin,29379801,Quercetin Improves Glucose and Lipid Metabolism of Diabetic Rats: Involvement of Akt Signaling and SIRT1.,Journal of diabetes research,2017,Comparative Study; Journal Article; Retracted Publication,10.1155/2017/3417306,PMC5742905,RetractionIn:42047289,https://pubmed.ncbi.nlm.nih.gov/29379801/,2026-05-14
quercetin,口服/补剂,槲皮素,Quercetin,29035884,Protective Effects of Pretreatment with Quercetin Against Lipopolysaccharide-Induced Apoptosis and the Inhibition of Osteoblast Differentiation via the MAPK and Wnt/β-Catenin Pathways in MC3T3-E1 Cells.,"Cellular physiology and biochemistry : international journal of experimental cellular physiology, biochemistry, and pharmacology",2017,Journal Article; Retracted Publication,10.1159/000481978,,RetractionIn:36876419,https://pubmed.ncbi.nlm.nih.gov/29035884/,2026-05-14
quercetin,口服/补剂,槲皮素,Quercetin,28454351,The role of quercetin and vitamin C in Nrf2-dependent oxidative stress production in breast cancer cells.,Oncology letters,2017,Journal Article; Retracted Publication,10.3892/ol.2017.5619,PMC5403368,RetractionIn:40503033,https://pubmed.ncbi.nlm.nih.gov/28454351/,2026-05-14
quercetin,口服/补剂,槲皮素,Quercetin,28115850,Gold-quercetin nanoparticles prevent metabolic endotoxemia-induced kidney injury by regulating TLR4/NF-κB signaling and Nrf2 pathway in high fat diet fed mice.,International journal of nanomedicine,2017,Journal Article; Retracted Publication,10.2147/IJN.S116010,PMC5221813,RetractionIn:31114202,https://pubmed.ncbi.nlm.nih.gov/28115850/,2026-05-14
quercetin,口服/补剂,槲皮素,Quercetin,28026003,Quercetin promotes the apoptosis of fibroblast-like synoviocytes in rheumatoid arthritis by upregulating lncRNA MALAT1.,International journal of molecular medicine,2016,Journal Article; Retracted Publication,10.3892/ijmm.2016.2755,,RetractionIn:41992966,https://pubmed.ncbi.nlm.nih.gov/28026003/,2026-05-14
quercetin,口服/补剂,槲皮素,Quercetin,26393898,Quercetin: A flavonol with multifaceted therapeutic applications?,Fitoterapia,2015,"Journal Article; Research Support, Non-U.S. Gov't; Review; Retracted Publication",10.1016/j.fitote.2015.09.018,,RetractionIn:39617684,https://pubmed.ncbi.nlm.nih.gov/26393898/,2026-05-14
quercetin,口服/补剂,槲皮素,Quercetin,23533474,Quercetin Preserves β -Cell Mass and Function in Fructose-Induced Hyperinsulinemia through Modulating Pancreatic Akt/FoxO1 Activation.,Evidence-based complementary and alternative medicine : eCAM,2013,Journal Article; Retracted Publication,10.1155/2013/303902,PMC3600179,RetractionIn:41216135,https://pubmed.ncbi.nlm.nih.gov/23533474/,2026-05-14
quercetin,口服/补剂,槲皮素,Quercetin,23529952,PEG2000-DPSE-coated quercetin nanoparticles remarkably enhanced anticancer effects through induced programed cell death on C6 glioma cells.,Journal of biomedical materials research. Part A,2013,"Journal Article; Research Support, Non-U.S. Gov't; Retracted Publication",10.1002/jbm.a.34607,,RetractionIn:40285751,https://pubmed.ncbi.nlm.nih.gov/23529952/,2026-05-14
quercetin,口服/补剂,槲皮素,Quercetin,23331460,Quercetin decreases liver damage in mice with non-alcoholic steatohepatitis.,Basic & clinical pharmacology & toxicology,2013,"Journal Article; Research Support, Non-U.S. Gov't; Retracted Publication",10.1111/bcpt.12049,,RetractionIn:31081193,https://pubmed.ncbi.nlm.nih.gov/23331460/,2026-05-14
quercetin,口服/补剂,槲皮素,Quercetin,22275840,Effects of quercetin nanoliposomes on C6 glioma cells through induction of type III programmed cell death.,International journal of nanomedicine,2012,"Journal Article; Research Support, Non-U.S. Gov't; Retracted Publication",10.2147/IJN.S26935,PMC3263417,RetractionIn:40791773,https://pubmed.ncbi.nlm.nih.gov/22275840/,2026-05-14
probiotics,口服/补剂,益生菌,Probiotics,38930475,"RETRACTED: Effect of Bifidobacterium bifidum Supplementation in Newborns Born from Cesarean Section on Atopy, Respiratory Tract Infections, and Dyspeptic Syndromes: A Multicenter, Randomized, and Controlled Clinical Trial.",Microorganisms,2024,Journal Article; Retracted Publication,10.3390/microorganisms12061093,PMC11205812,ExpressionOfConcernIn:40572125 | RetractionIn:40932498,https://pubmed.ncbi.nlm.nih.gov/38930475/,2026-05-14
probiotics,口服/补剂,益生菌,Probiotics,38155392,Efficacy and safety of oral probiotic supplementation in mitigating postoperative surgical site infections in patients undergoing colorectal cancer surgery: A systematic review and meta-analysis.,International wound journal,2024,Meta-Analysis; Systematic Review; Journal Article; Retracted Publication,10.1111/iwj.14603,PMC10961893,RetractionIn:40814900,https://pubmed.ncbi.nlm.nih.gov/38155392/,2026-05-14
probiotics,口服/补剂,益生菌,Probiotics,36669151,"The effects of probiotic and phytase on growth performance, biochemical parameters and antioxidant capacity in broiler chickens.",Veterinary medicine and science,2023,"Clinical Trial, Veterinary; Journal Article; Retracted Publication",10.1002/vms3.1075,PMC10029878,RetractionIn:39049690,https://pubmed.ncbi.nlm.nih.gov/36669151/,2026-05-14
probiotics,口服/补剂,益生菌,Probiotics,36267315,Effects of Quadruple Therapy Combined with Probiotics on Helicobacter Pylori-Related Peptic Ulcer.,Computational and mathematical methods in medicine,2022,Journal Article; Retracted Publication,10.1155/2022/1221190,PMC9578884,RetractionIn:38077887,https://pubmed.ncbi.nlm.nih.gov/36267315/,2026-05-14
probiotics,口服/补剂,益生菌,Probiotics,35941976,Effect of Intervention of Probiotics in Advance on Treg/Th17 in Premature Mice.,BioMed research international,2022,Journal Article; Retracted Publication,10.1155/2022/6131069,PMC9356875,RetractionIn:38075372,https://pubmed.ncbi.nlm.nih.gov/35941976/,2026-05-14
probiotics,口服/补剂,益生菌,Probiotics,35874662,Lactobacillus paracasei X11 Ameliorates Hyperuricemia and Modulates Gut Microbiota in Mice.,Frontiers in immunology,2022,"Journal Article; Research Support, Non-U.S. Gov't; Retracted Publication",10.3389/fimmu.2022.940228,PMC9296831,RetractionIn:39569193,https://pubmed.ncbi.nlm.nih.gov/35874662/,2026-05-14
probiotics,口服/补剂,益生菌,Probiotics,35873427,Effect and Potential Mechanism of Lactobacillus plantarum Q7 on Hyperuricemia in vitro and in vivo.,Frontiers in nutrition,2022,Journal Article; Retracted Publication,10.3389/fnut.2022.954545,PMC9298507,RetractionIn:39555196,https://pubmed.ncbi.nlm.nih.gov/35873427/,2026-05-14
probiotics,口服/补剂,益生菌,Probiotics,35669168,Curative Effect of Prebiotics/Probiotics-Assisted Ketogenic Diet on Children with Refractory Epilepsy.,Emergency medicine international,2022,Journal Article; Retracted Publication,10.1155/2022/1076053,PMC9167138,RetractionIn:38298977,https://pubmed.ncbi.nlm.nih.gov/35669168/,2026-05-14
probiotics,口服/补剂,益生菌,Probiotics,35035837,Neuroprotective Effects of Probiotic-Supplemented Diet on Cognitive Behavior of 3xTg-AD Mice.,Journal of healthcare engineering,2022,"Journal Article; Research Support, Non-U.S. Gov't; Retracted Publication",10.1155/2022/4602428,PMC8754595,RetractionIn:36776953,https://pubmed.ncbi.nlm.nih.gov/35035837/,2026-05-14
probiotics,口服/补剂,益生菌,Probiotics,32985280,"Probiotic effects on sperm parameters, oxidative stress index, inflammatory factors and sex hormones in infertile men.","Human fertility (Cambridge, England)",2022,Journal Article; Randomized Controlled Trial; Retracted Publication,10.1080/14647273.2020.1824080,,RetractionIn:42050763,https://pubmed.ncbi.nlm.nih.gov/32985280/,2026-05-14
probiotics,口服/补剂,益生菌,Probiotics,34691213,Efficacy of Bifidobacterium Triple Viable Enteric-Coated Capsules Combined with Enteral Nutrition on Patients with Chronic Critical Illness and Influence on Immune and Coagulation Function.,Evidence-based complementary and alternative medicine : eCAM,2021,Journal Article; Retracted Publication,10.1155/2021/3718255,PMC8536439,RetractionIn:38125195,https://pubmed.ncbi.nlm.nih.gov/34691213/,2026-05-14
probiotics,口服/补剂,益生菌,Probiotics,34652635,Characterization of a new bacteriocin-like inhibitory peptide produced by Lactobacillus sakei B-RKM 0559.,Biotechnology letters,2021,Journal Article; Retracted Publication,10.1007/s10529-021-03193-z,,RetractionIn:38233693,https://pubmed.ncbi.nlm.nih.gov/34652635/,2026-05-14
probiotics,口服/补剂,益生菌,Probiotics,34122006,Oral Administration of Brain Protein Combined With Probiotics Induces Immune Tolerance Through the Tryptophan Pathway.,Frontiers in molecular neuroscience,2021,Journal Article; Retracted Publication,10.3389/fnmol.2021.634631,PMC8192843,RetractionIn:37711871,https://pubmed.ncbi.nlm.nih.gov/34122006/,2026-05-14
probiotics,口服/补剂,益生菌,Probiotics,33981369,Probiotic Supplement Preparation Relieves Test Anxiety by Regulating Intestinal Microbiota in College Students.,Disease markers,2021,Journal Article; Randomized Controlled Trial; Retracted Publication,10.1155/2021/5597401,PMC8087991,RetractionIn:37387773,https://pubmed.ncbi.nlm.nih.gov/33981369/,2026-05-14
probiotics,口服/补剂,益生菌,Probiotics,33477482,RETRACTED: Lipolytic Postbiotic from Lactobacillus paracasei Manages Metabolic Syndrome in Albino Wistar Rats.,"Molecules (Basel, Switzerland)",2021,Journal Article; Retracted Publication,10.3390/molecules26020472,PMC7831067,RetractionIn:42017494,https://pubmed.ncbi.nlm.nih.gov/33477482/,2026-05-14
probiotics,口服/补剂,益生菌,Probiotics,33134572,Protease produced by Lactobacillus brevis enhanced nutritional values of African yam beans and demonstrated improvement in the growth and blood indices of albino rats.,Heliyon,2020,Journal Article; Retracted Publication,10.1016/j.heliyon.2020.e05123,PMC7586077,RetractionIn:40201501,https://pubmed.ncbi.nlm.nih.gov/33134572/,2026-05-14
probiotics,口服/补剂,益生菌,Probiotics,33103122,"Studies on survivability, storage stability of encapsulated spray dried probiotic powder.",Current research in food science,2020,Journal Article; Retracted Publication,10.1016/j.crfs.2020.09.001,PMC7575842,RetractionIn:34988465,https://pubmed.ncbi.nlm.nih.gov/33103122/,2026-05-14
probiotics,口服/补剂,益生菌,Probiotics,32859044,Effect of Lactobacillus rhamnosus on Physicochemical Properties of Fermented Plant-Based Raw Materials.,"Foods (Basel, Switzerland)",2020,Journal Article; Retracted Publication,10.3390/foods9091182,PMC7555707,RetractionIn:33272003,https://pubmed.ncbi.nlm.nih.gov/32859044/,2026-05-14
probiotics,口服/补剂,益生菌,Probiotics,32334580,The effect of probiotics supplementation on blood pressure: a systemic review and meta-analysis.,Lipids in health and disease,2020,Journal Article; Meta-Analysis; Systematic Review; Retracted Publication,10.1186/s12944-020-01259-x,PMC7183137,RetractionIn:39716282,https://pubmed.ncbi.nlm.nih.gov/32334580/,2026-05-14
probiotics,口服/补剂,益生菌,Probiotics,32180972,Survival and stability of free and encapsulated probiotic bacteria under simulated gastrointestinal conditions and in ice cream.,Food science & nutrition,2020,Journal Article; Retracted Publication,10.1002/fsn3.1451,PMC7063362,RetractionIn:38726428,https://pubmed.ncbi.nlm.nih.gov/32180972/,2026-05-14
probiotics,口服/补剂,益生菌,Probiotics,32017005,"The safety profile of probiotic VSL#3®. A meta-analysis of safety data from double-blind, randomized, placebo-controlled clinical trials.",European review for medical and pharmacological sciences,2020,"Journal Article; Meta-Analysis; Research Support, Non-U.S. Gov't; Retracted Publication",10.26355/eurrev_202001_20082,,RetractionIn:34787844,https://pubmed.ncbi.nlm.nih.gov/32017005/,2026-05-14
probiotics,口服/补剂,益生菌,Probiotics,31802692,Effects of probiotics combined with early enteral nutrition on endothelin-1 and C-reactive protein levels and prognosis in patients with severe traumatic brain injury.,The Journal of international medical research,2020,Journal Article; Randomized Controlled Trial; Retracted Publication,10.1177/0300060519888112,PMC7604984,RetractionIn:41147244,https://pubmed.ncbi.nlm.nih.gov/31802692/,2026-05-14
probiotics,口服/补剂,益生菌,Probiotics,31803643,The role of gut microbiome in the pathogenesis of psoriasis and the therapeutic effects of probiotics.,Journal of family medicine and primary care,2019,Journal Article; Review; Retracted Publication,10.4103/jfmpc.jfmpc_709_19,PMC6881942,RetractionIn:34041131,https://pubmed.ncbi.nlm.nih.gov/31803643/,2026-05-14
probiotics,口服/补剂,益生菌,Probiotics,31114137,Beneficial effect of probiotics supplements in reflux esophagitis treated with esomeprazole: A randomized controlled trial.,World journal of gastroenterology,2019,Journal Article; Randomized Controlled Trial; Retracted Publication,10.3748/wjg.v25.i17.2110,PMC6506578,RetractionIn:36683720,https://pubmed.ncbi.nlm.nih.gov/31114137/,2026-05-14
probiotics,口服/补剂,益生菌,Probiotics,30675190,Probiotic assisted weight management as a main factor for glycemic control in patients with type 2 diabetes: a randomized controlled trial.,Diabetology & metabolic syndrome,2019,Journal Article; Retracted Publication,10.1186/s13098-019-0400-7,PMC6334408,RetractionIn:37231415,https://pubmed.ncbi.nlm.nih.gov/30675190/,2026-05-14
probiotics,口服/补剂,益生菌,Probiotics,30459099,"The effects of vitamin D and probiotic co-supplementation on glucose homeostasis, inflammation, oxidative stress and pregnancy outcomes in gestational diabetes: A randomized, double-blind, placebo-controlled trial.","Clinical nutrition (Edinburgh, Scotland)",2019,"Journal Article; Randomized Controlled Trial; Research Support, Non-U.S. Gov't; Retracted Publication",10.1016/j.clnu.2018.10.028,,RetractionIn:40849194,https://pubmed.ncbi.nlm.nih.gov/30459099/,2026-05-14
probiotics,口服/补剂,益生菌,Probiotics,30057015,"The effects of probiotic and selenium co-supplementation on mental health parameters and metabolic profiles in type 2 diabetic patients with coronary heart disease: A randomized, double-blind, placebo-controlled trial.","Clinical nutrition (Edinburgh, Scotland)",2019,"Journal Article; Randomized Controlled Trial; Research Support, Non-U.S. Gov't; Retracted Publication",10.1016/j.clnu.2018.07.017,,RetractionIn:40835487,https://pubmed.ncbi.nlm.nih.gov/30057015/,2026-05-14
probiotics,口服/补剂,益生菌,Probiotics,29891223,"Clinical and metabolic response to probiotic administration in people with Parkinson's disease: A randomized, double-blind, placebo-controlled trial.","Clinical nutrition (Edinburgh, Scotland)",2019,"Journal Article; Randomized Controlled Trial; Research Support, Non-U.S. Gov't; Retracted Publication",10.1016/j.clnu.2018.05.018,,RetractionIn:40820072,https://pubmed.ncbi.nlm.nih.gov/29891223/,2026-05-14
probiotics,口服/补剂,益生菌,Probiotics,30257523,"Evaluation of Anti-Obesity Activity, Acute Toxicity, and Subacute Toxicity of Probiotic Dark Tea.",Biomolecules,2018,"Journal Article; Research Support, Non-U.S. Gov't; Retracted Publication",10.3390/biom8040099,PMC6316303,RetractionIn:30836586,https://pubmed.ncbi.nlm.nih.gov/30257523/,2026-05-14
probiotics,口服/补剂,益生菌,Probiotics,28403547,"Retracted: Effects of dietary supplementation with a probiotic (Enterococcus faecium DSM 7134) on growth performance, nutrient digestibility, and gut health status in weaning pigs.",Journal of the science of food and agriculture,2018,Journal Article; Retracted Publication,10.1002/jsfa.8374,,RetractionIn,https://pubmed.ncbi.nlm.nih.gov/28403547/,2026-05-14
probiotics,口服/补剂,益生菌,Probiotics,28326881,"The effects of probiotic supplementation on biomarkers of inflammation, oxidative stress and pregnancy outcomes in gestational diabetes.","The journal of maternal-fetal & neonatal medicine : the official journal of the European Association of Perinatal Medicine, the Federation of Asia and Oceania Perinatal Societies, the International Society of Perinatal Obstetricians",2018,Journal Article; Randomized Controlled Trial; Retracted Publication,10.1080/14767058.2017.1310193,,ExpressionOfConcernIn:33504236 | UpdateIn:33504236 | ExpressionOfConcernIn:35793405 | RetractionIn:39471244,https://pubmed.ncbi.nlm.nih.gov/28326881/,2026-05-14
probiotics,口服/补剂,益生菌,Probiotics,28922099,"The Effects of Probiotic Supplementation on Gene Expression Related to Inflammation, Insulin, and Lipids in Patients With Multiple Sclerosis: A Randomized, Double-Blind, Placebo-Controlled Trial.",Journal of the American College of Nutrition,2017,Journal Article; Randomized Controlled Trial; Retracted Publication,10.1080/07315724.2017.1347074,,ExpressionOfConcernIn:33155885 | UpdateIn:33155885 | RetractionIn:38980210,https://pubmed.ncbi.nlm.nih.gov/28922099/,2026-05-14
probiotics,口服/补剂,益生菌,Probiotics,28142296,"Probiotic supplementation and the effects on weight loss, glycaemia and lipid profiles in women with polycystic ovary syndrome: a randomized, double-blind, placebo-controlled trial.","Human fertility (Cambridge, England)",2017,Journal Article; Retracted Publication,10.1080/14647273.2017.1283446,,ExpressionOfConcernIn:33143448 | UpdateIn:33143448 | RetractionIn:38953512,https://pubmed.ncbi.nlm.nih.gov/28142296/,2026-05-14
probiotics,口服/补剂,益生菌,Probiotics,27669638,"Clinical and metabolic response to probiotic supplementation in patients with multiple sclerosis: A randomized, double-blind, placebo-controlled trial.","Clinical nutrition (Edinburgh, Scotland)",2017,Journal Article; Randomized Controlled Trial; Retracted Publication,10.1016/j.clnu.2016.08.015,,RetractionIn:40816941,https://pubmed.ncbi.nlm.nih.gov/27669638/,2026-05-14
probiotics,口服/补剂,益生菌,Probiotics,26749362,Lactobacillus casei BL23 regulates Treg and Th17 T-cell populations and reduces DMH-associated colorectal cancer.,Journal of gastroenterology,2016,Journal Article; Retracted Publication,10.1007/s00535-015-1158-9,,RetractionIn:32897451,https://pubmed.ncbi.nlm.nih.gov/26749362/,2026-05-14
probiotics,口服/补剂,益生菌,Probiotics,25879690,"The effects of probiotics on mental health and hypothalamic-pituitary-adrenal axis: A randomized, double-blind, placebo-controlled trial in petrochemical workers.",Nutritional neuroscience,2016,Comparative Study; Journal Article; Randomized Controlled Trial; Retracted Publication,10.1179/1476830515Y.0000000023,,ExpressionOfConcernIn:33210977 | RetractionIn:38593066,https://pubmed.ncbi.nlm.nih.gov/25879690/,2026-05-14
probiotics,口服/补剂,益生菌,Probiotics,26020238,RETRACTED: Jaeumganghwa-Tang Induces Apoptosis via the Mitochondrial Pathway and Lactobacillus Fermentation Enhances Its Anti-Cancer Activity in HT1080 Human Fibrosarcoma Cells.,PloS one,2015,"Journal Article; Research Support, Non-U.S. Gov't; Retracted Publication",10.1371/journal.pone.0127898,PMC4447448,RetractionIn:41604406,https://pubmed.ncbi.nlm.nih.gov/26020238/,2026-05-14
probiotics,口服/补剂,益生菌,Probiotics,25037247,"Improvement in Th1/Th2 immune homeostasis, antioxidative status and resistance to pathogenic E. coli on consumption of probiotic Lactobacillus rhamnosus fermented milk in aging mice.","Age (Dordrecht, Netherlands)",2014,"Journal Article; Research Support, Non-U.S. Gov't; Retracted Publication",10.1007/s11357-014-9686-4,PMC4150900,RetractionIn:39414651,https://pubmed.ncbi.nlm.nih.gov/25037247/,2026-05-14
probiotics,口服/补剂,益生菌,Probiotics,24237003,Probiotics: a comprehensive approach toward health foods.,Critical reviews in food science and nutrition,2014,Journal Article; Retracted Publication,10.1080/10408398.2011.594185,,RetractionIn:25833175,https://pubmed.ncbi.nlm.nih.gov/24237003/,2026-05-14
probiotics,口服/补剂,益生菌,Probiotics,24001238,Oral Lactobacillus reuteri GMN-32 treatment reduces blood glucose concentrations and promotes cardiac function in rats with streptozotocin-induced diabetes mellitus.,The British journal of nutrition,2014,"Journal Article; Research Support, Non-U.S. Gov't; Retracted Publication",10.1017/S0007114513002791,,RetractionIn:24829954,https://pubmed.ncbi.nlm.nih.gov/24001238/,2026-05-14
probiotics,口服/补剂,益生菌,Probiotics,24019796,Probiotics in dentistry: A boon or sham.,Dental research journal,2013,Journal Article; Retracted Publication; Review,,PMC3760351,RetractionIn:25161673,https://pubmed.ncbi.nlm.nih.gov/24019796/,2026-05-14
probiotics,口服/补剂,益生菌,Probiotics,22798958,"Colonic flora, probiotics, obesity and diabetes.",Frontiers in endocrinology,2012,Journal Article; Retracted Publication,10.3389/fendo.2012.00087,PMC3393882,RetractionIn:23986747,https://pubmed.ncbi.nlm.nih.gov/22798958/,2026-05-14
probiotics,口服/补剂,益生菌,Probiotics,21891907,Probiotics and prebiotics in periodontal therapy.,Indian journal of dental research : official publication of Indian Society for Dental Research,2011,Journal Article; Retracted Publication; Review,10.4103/0970-9290.84312,,RetractionIn:23422620,https://pubmed.ncbi.nlm.nih.gov/21891907/,2026-05-14
prebiotic-mix,口服/补剂,益生元复合物,Prebiotic Mix,35669168,Curative Effect of Prebiotics/Probiotics-Assisted Ketogenic Diet on Children with Refractory Epilepsy.,Emergency medicine international,2022,Journal Article; Retracted Publication,10.1155/2022/1076053,PMC9167138,RetractionIn:38298977,https://pubmed.ncbi.nlm.nih.gov/35669168/,2026-05-14
prebiotic-mix,口服/补剂,益生元复合物,Prebiotic Mix,21891907,Probiotics and prebiotics in periodontal therapy.,Indian journal of dental research : official publication of Indian Society for Dental Research,2011,Journal Article; Retracted Publication; Review,10.4103/0970-9290.84312,,RetractionIn:23422620,https://pubmed.ncbi.nlm.nih.gov/21891907/,2026-05-14
potassium,口服/补剂,钾,Potassium,37423467,"Anti-inflammatory, anticholinesterase, antioxidant, and memory enhancement potential of Phyllanthus amarus in potassium-dichromate induced neurotoxicity of male Wistar rats.",Journal of chemical neuroanatomy,2023,Journal Article; Retracted Publication,10.1016/j.jchemneu.2023.102308,,RetractionIn:39054202,https://pubmed.ncbi.nlm.nih.gov/37423467/,2026-05-14
potassium,口服/补剂,钾,Potassium,35609063,"Nitrogen and potassium application effects on productivity, profitability and nutrient use efficiency of irrigated wheat (Triticum aestivum L.).",PloS one,2022,"Journal Article; Research Support, Non-U.S. Gov't; Retracted Publication",10.1371/journal.pone.0264210,PMC9129015,RetractionIn:40333717,https://pubmed.ncbi.nlm.nih.gov/35609063/,2026-05-14
potassium,口服/补剂,钾,Potassium,35143535,"Foliar application of potassium and moringa leaf extract improves growth, physiology and productivity of kabuli chickpea grown under varying sowing regimes.",PloS one,2022,Journal Article; Retracted Publication,10.1371/journal.pone.0263323,PMC8830639,RetractionIn:36044446,https://pubmed.ncbi.nlm.nih.gov/35143535/,2026-05-14
potassium,口服/补剂,钾,Potassium,31484832,High-fat diet-induced vagal afferent dysfunction via upregulation of 2-pore domain potassium TRESK channel.,JCI insight,2019,"Journal Article; Research Support, N.I.H., Extramural; Retracted Publication",10.1172/jci.insight.130402,PMC6777907,ErratumIn:32213708 | RetractionIn:36810254,https://pubmed.ncbi.nlm.nih.gov/31484832/,2026-05-14
potassium,口服/补剂,钾,Potassium,28050281,Ghanaians Might Be at Risk of Inadequate Dietary Intake of Potassium.,Journal of nutrition and metabolism,2016,Journal Article; Retracted Publication,10.1155/2016/3150498,PMC5168553,RetractionIn:28785485,https://pubmed.ncbi.nlm.nih.gov/28050281/,2026-05-14
potassium,口服/补剂,钾,Potassium,26302666,"Urinary sodium or potassium excretion and blood pressure in adults of Shandong province, China: preliminary results of the SMASH project.",Journal of the American Society of Hypertension : JASH,2015,Journal Article; Retracted Publication,10.1016/j.jash.2015.07.004,,RetractionIn:27155247,https://pubmed.ncbi.nlm.nih.gov/26302666/,2026-05-14
peppermint-oil,口服/补剂,薄荷油,Peppermint Oil,16399846,Protective effects of Mentha piperita Linn on benzo[a]pyrene-induced lung carcinogenicity and mutagenicity in Swiss albino mice.,Mutagenesis,2006,"Journal Article; Research Support, Non-U.S. Gov't; Retracted Publication",10.1093/mutage/gei075,,RetractionIn:17596640,https://pubmed.ncbi.nlm.nih.gov/16399846/,2026-05-14
peppermint-oil,口服/补剂,薄荷油,Peppermint Oil,16355390,"Modulatory effects of Mentha piperita on lung tumor incidence, genotoxicity, and oxidative stress in benzo[a]pyrene-treated Swiss albino mice.",Environmental and molecular mutagenesis,2006,"Journal Article; Research Support, Non-U.S. Gov't; Retracted Publication",10.1002/em.20185,,RetractionIn:17614339,https://pubmed.ncbi.nlm.nih.gov/16355390/,2026-05-14
omega-3,口服/补剂,Omega-3,Omega-3 Fatty Acids,30230402,"Retracted article: The effects of fish oil omega-3 fatty acid supplementation on mental health parameters and metabolic status of patients with polycystic ovary syndrome: a randomized, double-blind, placebo-controlled trial.",Journal of psychosomatic obstetrics and gynaecology,2024,Journal Article; Randomized Controlled Trial; Retracted Publication,10.1080/0167482X.2018.1508282,,ExpressionOfConcernIn:33143512 | RetractionIn:39051066,https://pubmed.ncbi.nlm.nih.gov/30230402/,2026-05-14
omega-3,口服/补剂,Omega-3,Omega-3 Fatty Acids,35686230,Mendelian Randomization Study of Causal Relationship between Omega-3 Fatty Acids and Risk of Lung Cancer.,BioMed research international,2022,Journal Article; Retracted Publication,10.1155/2022/2786567,PMC9173898,RetractionIn:38550034,https://pubmed.ncbi.nlm.nih.gov/35686230/,2026-05-14
omega-3,口服/补剂,Omega-3,Omega-3 Fatty Acids,32967476,Omega-3 fatty acids plus vitamin for women with gestational diabetes or prediabetes: a meta-analysis of randomized controlled studies.,"The journal of maternal-fetal & neonatal medicine : the official journal of the European Association of Perinatal Medicine, the Federation of Asia and Oceania Perinatal Societies, the International Society of Perinatal Obstetricians",2022,Journal Article; Meta-Analysis; Retracted Publication,10.1080/14767058.2020.1814239,,RetractionIn:40340755,https://pubmed.ncbi.nlm.nih.gov/32967476/,2026-05-14
omega-3,口服/补剂,Omega-3,Omega-3 Fatty Acids,32512788,"RETRACTED: Cold-Pressed Nigella Sativa Oil Standardized to 3% Thymoquinone Potentiates Omega-3 Protection against Obesity-Induced Oxidative Stress, Inflammation, and Markers of Insulin Resistance Accompanied with Conversion of White to Beige Fat in Mice.","Antioxidants (Basel, Switzerland)",2020,Journal Article; Retracted Publication,10.3390/antiox9060489,PMC7346210,RetractionIn:40539260,https://pubmed.ncbi.nlm.nih.gov/32512788/,2026-05-14
omega-3,口服/补剂,Omega-3,Omega-3 Fatty Acids,30336660,Dietary Intake of Omega-3 fatty acids and Endocrine-related Gynecological Cancer: A Meta-Analysis of Observational Studies.,Cancer research and treatment,2019,Journal Article; Meta-Analysis; Retracted Publication,10.4143/crt.2018.473,PMC6639213,RetractionIn:31937079,https://pubmed.ncbi.nlm.nih.gov/30336660/,2026-05-14
omega-3,口服/补剂,Omega-3,Omega-3 Fatty Acids,30409173,Omega-3 polyunsaturated fatty acid attenuates traumatic brain injury-induced neuronal apoptosis by inducing autophagy through the upregulation of SIRT1-mediated deacetylation of Beclin-1.,Journal of neuroinflammation,2018,Journal Article; Retracted Publication,10.1186/s12974-018-1345-8,PMC6225685,RetractionIn:42067910,https://pubmed.ncbi.nlm.nih.gov/30409173/,2026-05-14
omega-3,口服/补剂,Omega-3,Omega-3 Fatty Acids,29982544,High-dose ω-3 Fatty Acid Plus Vitamin D3 Supplementation Affects Clinical Symptoms and Metabolic Status of Patients with Multiple Sclerosis: A Randomized Controlled Clinical Trial.,The Journal of nutrition,2018,"Journal Article; Randomized Controlled Trial; Research Support, Non-U.S. Gov't; Retracted Publication",10.1093/jn/nxy116,,ExpressionOfConcernIn:33096557 | RetractionIn:33974700,https://pubmed.ncbi.nlm.nih.gov/29982544/,2026-05-14
omega-3,口服/补剂,Omega-3,Omega-3 Fatty Acids,28068596,Evaluation of the effectiveness of low-dose aspirin and omega 3 in treatment of asymmetrically intrauterine growth restriction: A randomized clinical trial.,"European journal of obstetrics, gynecology, and reproductive biology",2017,Comparative Study; Journal Article; Randomized Controlled Trial; Retracted Publication,10.1016/j.ejogrb.2017.01.002,,RetractionIn:40440867,https://pubmed.ncbi.nlm.nih.gov/28068596/,2026-05-14
omega-3,口服/补剂,Omega-3,Omega-3 Fatty Acids,26611718,"Metabolic response to omega-3 fatty acid supplementation in patients with diabetic nephropathy: A randomized, double-blind, placebo-controlled trial.","Clinical nutrition (Edinburgh, Scotland)",2017,"Journal Article; Randomized Controlled Trial; Research Support, Non-U.S. Gov't; Retracted Publication",10.1016/j.clnu.2015.11.003,,RetractionIn:40820073,https://pubmed.ncbi.nlm.nih.gov/26611718/,2026-05-14
omega-3,口服/补剂,Omega-3,Omega-3 Fatty Acids,25747955,"Omega-3 fatty acid supplementation affects pregnancy outcomes in gestational diabetes: a randomized, double-blind, placebo-controlled trial.","The journal of maternal-fetal & neonatal medicine : the official journal of the European Association of Perinatal Medicine, the Federation of Asia and Oceania Perinatal Societies, the International Society of Perinatal Obstetricians",2016,"Journal Article; Randomized Controlled Trial; Research Support, Non-U.S. Gov't; Retracted Publication",10.3109/14767058.2015.1015980,,ExpressionOfConcernIn:33504236 | UpdateIn:33504236 | RetractionIn:39471240,https://pubmed.ncbi.nlm.nih.gov/25747955/,2026-05-14
omega-3,口服/补剂,Omega-3,Omega-3 Fatty Acids,24973862,"Effects of omega-3 fatty acid supplementation on insulin metabolism and lipid profiles in gestational diabetes: Randomized, double-blind, placebo-controlled trial.","Clinical nutrition (Edinburgh, Scotland)",2015,Journal Article; Randomized Controlled Trial; Retracted Publication,10.1016/j.clnu.2014.06.005,,RetractionIn:40883102,https://pubmed.ncbi.nlm.nih.gov/24973862/,2026-05-14
omega-3,口服/补剂,Omega-3,Omega-3 Fatty Acids,24269522,Docosahexaenoic acid attenuates hypoxic pulmonary vasoconstriction by activating the large conductance Ca2+-activated K+ currents in pulmonary artery smooth muscle cells.,Pulmonary pharmacology & therapeutics,2014,"Journal Article; Research Support, Non-U.S. Gov't; Retracted Publication",10.1016/j.pupt.2013.11.004,,RetractionIn:34182335,https://pubmed.ncbi.nlm.nih.gov/24269522/,2026-05-14
omega-3,口服/补剂,Omega-3,Omega-3 Fatty Acids,22388930,Aging decreases rate of docosahexaenoic acid synthesis-secretion from circulating unesterified α-linolenic acid by rat liver.,"Age (Dordrecht, Netherlands)",2013,"Comparative Study; Journal Article; Research Support, N.I.H., Intramural; Retracted Publication",10.1007/s11357-012-9390-1,PMC3636395,RetractionIn:24728622,https://pubmed.ncbi.nlm.nih.gov/22388930/,2026-05-14
omega-3,口服/补剂,Omega-3,Omega-3 Fatty Acids,21503968,"Combined supplementation of vanadium and fish oil suppresses tumor growth, cell proliferation and induces apoptosis in DMBA-induced rat mammary carcinogenesis.",Journal of cellular biochemistry,2011,"Journal Article; Research Support, Non-U.S. Gov't; Retracted Publication",10.1002/jcb.23153,,RetractionIn:41859965,https://pubmed.ncbi.nlm.nih.gov/21503968/,2026-05-14
omega-3,口服/补剂,Omega-3,Omega-3 Fatty Acids,19916246,Hepatocellular integrity after parenteral nutrition: comparison of a fish-oil-containing lipid emulsion with an olive-soybean oil-based lipid emulsion.,European journal of anaesthesiology,2009,"Journal Article; Randomized Controlled Trial; Research Support, Non-U.S. Gov't; Retracted Publication",10.1097/eja.0b013e32832e08e0,,RetractionIn:41479333,https://pubmed.ncbi.nlm.nih.gov/19916246/,2026-05-14
omega-3,口服/补剂,Omega-3,Omega-3 Fatty Acids,19571329,Whole-body synthesis secretion of docosahexaenoic acid from circulating eicosapentaenoic acid in unanesthetized rats.,Journal of lipid research,2009,"Journal Article; Research Support, N.I.H., Intramural; Retracted Publication",10.1194/jlr.M900223-JLR200,PMC2781318,RetractionIn:24771869,https://pubmed.ncbi.nlm.nih.gov/19571329/,2026-05-14
omega-3,口服/补剂,Omega-3,Omega-3 Fatty Acids,19154523,"Omega-3 fatty acids, vitamin C and Zn supplementation in asthmatic children: a randomized self-controlled study.","Acta paediatrica (Oslo, Norway : 1992)",2009,Journal Article; Randomized Controlled Trial; Retracted Publication,10.1111/j.1651-2227.2008.01213.x,,RetractionIn:22970440,https://pubmed.ncbi.nlm.nih.gov/19154523/,2026-05-14
nac,口服/补剂,NAC/N-乙酰半胱氨酸,N-Acetylcysteine,36090543,Application of Melatonin with N-Acetylcysteine Exceeds Traditional Treatment for Acetaminophen-Induced Hepatotoxicity.,Emergency medicine international,2022,Journal Article; Retracted Publication,10.1155/2022/2791743,PMC9463034,RetractionIn:38077105,https://pubmed.ncbi.nlm.nih.gov/36090543/,2026-05-14
nac,口服/补剂,NAC/N-乙酰半胱氨酸,N-Acetylcysteine,35795313,Efficacy and Safety of N-Acetylcysteine for Chronic Obstructive Pulmonary Disease and Chronic Bronchitis.,BioMed research international,2022,Journal Article; Randomized Controlled Trial; Retracted Publication,10.1155/2022/9133777,PMC9251103,RetractionIn:38075328,https://pubmed.ncbi.nlm.nih.gov/35795313/,2026-05-14
nac,口服/补剂,NAC/N-乙酰半胱氨酸,N-Acetylcysteine,34258270,N-Acetylcysteine Improves Inflammatory Response in COPD Patients by Regulating Th17/Treg Balance through Hypoxia Inducible Factor-1α Pathway.,BioMed research international,2021,Journal Article; Randomized Controlled Trial; Retracted Publication,10.1155/2021/6372128,PMC8260296,RetractionIn:38550205,https://pubmed.ncbi.nlm.nih.gov/34258270/,2026-05-14
nac,口服/补剂,NAC/N-乙酰半胱氨酸,N-Acetylcysteine,30446769,Effect of N-acetyl cysteine (NAC) supplementation on positive and negative syndrome scale in schizophrenia: a systematic review and meta-analysis of randomised controlled trials.,European journal of clinical pharmacology,2019,Journal Article; Review; Retracted Publication,10.1007/s00228-018-2595-1,,RetractionIn:30972452,https://pubmed.ncbi.nlm.nih.gov/30446769/,2026-05-14
multivitamin,口服/补剂,复合维生素,Multivitamin,25115164,Effect of multivitamin versus multivitamin-mineral supplementation on metabolic profiles and biomarkers of oxidative stress in pregnant women: a double-blind randomized clinical trial.,"The journal of maternal-fetal & neonatal medicine : the official journal of the European Association of Perinatal Medicine, the Federation of Asia and Oceania Perinatal Societies, the International Society of Perinatal Obstetricians",2015,Journal Article; Retracted Publication,10.3109/14767058.2014.954241,,ExpressionOfConcernIn:33504236 | UpdateIn:33504236 | RetractionIn:39471238,https://pubmed.ncbi.nlm.nih.gov/25115164/,2026-05-14
moringa,口服/补剂,辣木,Moringa,35143535,"Foliar application of potassium and moringa leaf extract improves growth, physiology and productivity of kabuli chickpea grown under varying sowing regimes.",PloS one,2022,Journal Article; Retracted Publication,10.1371/journal.pone.0263323,PMC8830639,RetractionIn:36044446,https://pubmed.ncbi.nlm.nih.gov/35143535/,2026-05-14
moringa,口服/补剂,辣木,Moringa,34270569,"Moringa leaf extract improves biochemical attributes, yield and grain quality of rice (Oryza sativa L.) under drought stress.",PloS one,2021,Journal Article; Retracted Publication,10.1371/journal.pone.0254452,PMC8284786,RetractionIn:35921292,https://pubmed.ncbi.nlm.nih.gov/34270569/,2026-05-14
moringa,口服/补剂,辣木,Moringa,30647808,"Roles of Moringa oleifera Leaf Extract in Improving the Impact of High Dietary Intake of Monosodium Glutamate-Induced Liver Toxicity, Oxidative Stress, Genotoxicity, DNA Damage, and PCNA Alterations in Male Rats.",Oxidative medicine and cellular longevity,2018,Journal Article; Retracted Publication,10.1155/2018/4501097,PMC6311796,RetractionIn:41244351,https://pubmed.ncbi.nlm.nih.gov/30647808/,2026-05-14
moringa,口服/补剂,辣木,Moringa,30168446,Ameliorative effects of Moringa oleifera on copper nanoparticle induced toxicity in Cyprinus carpio assessed by histology and oxidative stress markers.,Nanotechnology,2018,Journal Article; Retracted Publication,10.1088/1361-6528/aade23,,RetractionIn:36994926,https://pubmed.ncbi.nlm.nih.gov/30168446/,2026-05-14
milk-thistle,口服/补剂,水飞蓟,Milk Thistle,33473288,Biochemical profile of milk thistle (Silybum Marianum L.) with special reference to silymarin content.,Food science & nutrition,2021,Journal Article; Retracted Publication,10.1002/fsn3.1990,PMC7802570,RetractionIn:38726449,https://pubmed.ncbi.nlm.nih.gov/33473288/,2026-05-14
melatonin,口服/补剂,褪黑素,Melatonin,38215799,Astrocyte response to melatonin treatment in rats under high-carbohydrate high-fat diet.,Journal of chemical neuroanatomy,2024,Journal Article; Retracted Publication,10.1016/j.jchemneu.2024.102389,,RetractionIn:39406566,https://pubmed.ncbi.nlm.nih.gov/38215799/,2026-05-14
melatonin,口服/补剂,褪黑素,Melatonin,37854169,"Influence of Melatonin Treatment on Emotion, Sleep, and Life Quality in Perimenopausal Women: A Clinical Study.",Journal of healthcare engineering,2023,Randomized Controlled Trial; Journal Article; Retracted Publication,10.1155/2023/2198804,PMC10581846,RetractionIn:38078176,https://pubmed.ncbi.nlm.nih.gov/37854169/,2026-05-14
melatonin,口服/补剂,褪黑素,Melatonin,37478726,Melatonin and strigolactone mitigate chromium toxicity through modulation of ascorbate-glutathione pathway and gene expression in tomato.,Plant physiology and biochemistry : PPB,2023,Journal Article; Retracted Publication,10.1016/j.plaphy.2023.107872,,RetractionIn:41421860,https://pubmed.ncbi.nlm.nih.gov/37478726/,2026-05-14
melatonin,口服/补剂,褪黑素,Melatonin,37391460,Therapeutic effect of melatonin-loaded chitosan/lecithin nanoparticles on hyperglycemia and pancreatic beta cells regeneration in streptozotocin-induced diabetic rats.,Scientific reports,2023,"Journal Article; Research Support, Non-U.S. Gov't; Retracted Publication",10.1038/s41598-023-36929-0,PMC10313733,RetractionIn:38622208,https://pubmed.ncbi.nlm.nih.gov/37391460/,2026-05-14
melatonin,口服/补剂,褪黑素,Melatonin,36090543,Application of Melatonin with N-Acetylcysteine Exceeds Traditional Treatment for Acetaminophen-Induced Hepatotoxicity.,Emergency medicine international,2022,Journal Article; Retracted Publication,10.1155/2022/2791743,PMC9463034,RetractionIn:38077105,https://pubmed.ncbi.nlm.nih.gov/36090543/,2026-05-14
melatonin,口服/补剂,褪黑素,Melatonin,35392575,Melatonin Mediates Osteoblast Proliferation Through the STIM1/ORAI1 Pathway.,Frontiers in pharmacology,2022,Journal Article; Retracted Publication,10.3389/fphar.2022.851663,PMC8980543,RetractionIn:37841926,https://pubmed.ncbi.nlm.nih.gov/35392575/,2026-05-14
melatonin,口服/补剂,褪黑素,Melatonin,35082916,Influence of Melatonin on Behavioral and Neurological Function of Rats with Focal Cerebral Ischemia-Reperfusion Injury via the JNK/FoxO3a/Bim Pathway.,Computational and mathematical methods in medicine,2022,Journal Article; Retracted Publication,10.1155/2022/8202975,PMC8786518,RetractionIn:38094347,https://pubmed.ncbi.nlm.nih.gov/35082916/,2026-05-14
melatonin,口服/补剂,褪黑素,Melatonin,33674975,Ameliorating effect of melatonin against nicotine induced lung and heart toxicity in rats.,Environmental science and pollution research international,2021,Journal Article; Retracted Publication,10.1007/s11356-021-12949-z,,RetractionIn:38286934,https://pubmed.ncbi.nlm.nih.gov/33674975/,2026-05-14
melatonin,口服/补剂,褪黑素,Melatonin,32218740,Sirtuin1 Role in the Melatonin Protective Effects Against Obesity-Related Heart Injury.,Frontiers in physiology,2020,Journal Article; Retracted Publication,10.3389/fphys.2020.00103,PMC7078333,RetractionIn:38028784,https://pubmed.ncbi.nlm.nih.gov/32218740/,2026-05-14
melatonin,口服/补剂,褪黑素,Melatonin,31025320,Melatonin attenuates TNF-α-mediated hepatocytes damage via inhibiting mitochondrial stress and activating the Akt-Sirt3 signaling pathway.,Journal of cellular physiology,2019,Journal Article; Retracted Publication,10.1002/jcp.28701,,RetractionIn:39188016,https://pubmed.ncbi.nlm.nih.gov/31025320/,2026-05-14
melatonin,口服/补剂,褪黑素,Melatonin,30923460,Melatonin enhances TNF-α-mediated cervical cancer HeLa cells death via suppressing CaMKII/Parkin/mitophagy axis.,Cancer cell international,2019,Journal Article; Retracted Publication,10.1186/s12935-019-0777-2,PMC6419493,RetractionIn:37081507,https://pubmed.ncbi.nlm.nih.gov/30923460/,2026-05-14
melatonin,口服/补剂,褪黑素,Melatonin,30476721,Therapeutic effects of melatonin on cerebral ischemia reperfusion injury: Role of Yap-OPA1 signaling pathway and mitochondrial fusion.,Biomedicine & pharmacotherapy = Biomedecine & pharmacotherapie,2019,Journal Article; Retracted Publication,10.1016/j.biopha.2018.11.060,,RetractionIn:38296732,https://pubmed.ncbi.nlm.nih.gov/30476721/,2026-05-14
melatonin,口服/补剂,褪黑素,Melatonin,29275919,"Melatonin administration lowers biomarkers of oxidative stress and cardio-metabolic risk in type 2 diabetic patients with coronary heart disease: A randomized, double-blind, placebo-controlled trial.","Clinical nutrition (Edinburgh, Scotland)",2019,"Journal Article; Randomized Controlled Trial; Research Support, Non-U.S. Gov't; Retracted Publication",10.1016/j.clnu.2017.12.004,,RetractionIn:40846515,https://pubmed.ncbi.nlm.nih.gov/29275919/,2026-05-14
melatonin,口服/补剂,褪黑素,Melatonin,28981157,"Effects of melatonin on fatty liver disease: The role of NR4A1/DNA-PKcs/p53 pathway, mitochondrial fission, and mitophagy.",Journal of pineal research,2018,Journal Article; Retracted Publication,10.1111/jpi.12450,,ErratumIn:38421116 | RetractionIn:39415080,https://pubmed.ncbi.nlm.nih.gov/28981157/,2026-05-14
melatonin,口服/补剂,褪黑素,Melatonin,28782839,Post-treatment of melatonin with CCl4 better reduces fibrogenic and oxidative changes in liver than melatonin co-treatment.,Journal of cellular biochemistry,2018,"Journal Article; Research Support, Non-U.S. Gov't; Retracted Publication",10.1002/jcb.26331,,RetractionIn:39189363,https://pubmed.ncbi.nlm.nih.gov/28782839/,2026-05-14
melatonin,口服/补剂,褪黑素,Melatonin,28694170,Safety assessment and toxicological profiling of a novel combinational sunprotective dermal formulation containing melatonin and pumpkin seed oil.,Regulatory toxicology and pharmacology : RTP,2017,Journal Article; Retracted Publication,10.1016/j.yrtph.2017.07.004,,RetractionIn:41956948,https://pubmed.ncbi.nlm.nih.gov/28694170/,2026-05-14
melatonin,口服/补剂,褪黑素,Melatonin,28413861,Preconditioning with melatonin improves therapeutic outcomes of bone marrow-derived mesenchymal stem cells in targeting liver fibrosis induced by CCl4.,Cell and tissue research,2017,"Journal Article; Research Support, Non-U.S. Gov't; Retracted Publication",10.1007/s00441-017-2604-1,,RetractionIn:39960549,https://pubmed.ncbi.nlm.nih.gov/28413861/,2026-05-14
melatonin,口服/补剂,褪黑素,Melatonin,27696512,Melatonin prevents deregulation of the sphingosine kinase/sphingosine 1-phosphate signaling pathway in a mouse model of diethylnitrosamine-induced hepatocellular carcinoma.,Journal of pineal research,2017,Journal Article; Retracted Publication,10.1111/jpi.12369,,RetractionIn:38884503,https://pubmed.ncbi.nlm.nih.gov/27696512/,2026-05-14
melatonin,口服/补剂,褪黑素,Melatonin,26507336,"Effect of myo-inositol and melatonin versus myo-inositol, in a randomized controlled trial, for improving in vitro fertilization of patients with polycystic ovarian syndrome.",Gynecological endocrinology : the official journal of the International Society of Gynecological Endocrinology,2016,Comparative Study; Journal Article; Randomized Controlled Trial; Retracted Publication,10.3109/09513590.2015.1101444,,RetractionIn:41626704,https://pubmed.ncbi.nlm.nih.gov/26507336/,2026-05-14
melatonin,口服/补剂,褪黑素,Melatonin,26184924,HDAC1 inhibition by melatonin leads to suppression of lung adenocarcinoma cells via induction of oxidative stress and activation of apoptotic pathways.,Journal of pineal research,2015,"Journal Article; Research Support, Non-U.S. Gov't; Retracted Publication",10.1111/jpi.12261,,RetractionIn:31657077,https://pubmed.ncbi.nlm.nih.gov/26184924/,2026-05-14
melatonin,口服/补剂,褪黑素,Melatonin,25655081,Melatonin attenuates the TLR4-mediated inflammatory response through MyD88- and TRIF-dependent signaling pathways in an in vivo model of ovarian cancer.,BMC cancer,2015,"Journal Article; Research Support, Non-U.S. Gov't; Retracted Publication",10.1186/s12885-015-1032-4,PMC4322437,RetractionIn:40375197,https://pubmed.ncbi.nlm.nih.gov/25655081/,2026-05-14
melatonin,口服/补剂,褪黑素,Melatonin,23555281,Astakine 2--the dark knight linking melatonin to circadian regulation in crustaceans.,PLoS genetics,2013,"Journal Article; Research Support, Non-U.S. Gov't; Retracted Publication",10.1371/journal.pgen.1003361,PMC3605217,RetractionIn:25915908,https://pubmed.ncbi.nlm.nih.gov/23555281/,2026-05-14
melatonin,口服/补剂,褪黑素,Melatonin,22348531,"Melatonin suppresses proinflammatory mediators in lipopolysaccharide-stimulated CRL1999 cells via targeting MAPK, NF-κB, c/EBPβ, and p300 signaling.",Journal of pineal research,2012,"Journal Article; Research Support, Non-U.S. Gov't; Retracted Publication",10.1111/j.1600-079X.2012.00982.x,,RetractionIn:41769773,https://pubmed.ncbi.nlm.nih.gov/22348531/,2026-05-14
melatonin,口服/补剂,褪黑素,Melatonin,21835536,Contribution of myo-inositol and melatonin to human reproduction.,"European journal of obstetrics, gynecology, and reproductive biology",2011,Journal Article; Review; Retracted Publication,10.1016/j.ejogrb.2011.07.038,,RetractionIn:40712459,https://pubmed.ncbi.nlm.nih.gov/21835536/,2026-05-14
melatonin,口服/补剂,褪黑素,Melatonin,21452601,Possible involvement of GABAergic mechanism in protective effect of melatonin against sleep deprivation-induced behavior modification and oxidative damage in mice.,Indian journal of experimental biology,2011,Journal Article; Retracted Publication,,,RetractionIn:23029702,https://pubmed.ncbi.nlm.nih.gov/21452601/,2026-05-14
melatonin,口服/补剂,褪黑素,Melatonin,19817970,Changes in the expression of melatonin receptors induced by melatonin treatment in hepatocarcinoma HepG2 cells.,Journal of pineal research,2009,"Journal Article; Research Support, Non-U.S. Gov't; Retracted Publication",10.1111/j.1600-079X.2009.00719.x,,RetractionIn:38923018,https://pubmed.ncbi.nlm.nih.gov/19817970/,2026-05-14
melatonin,口服/补剂,褪黑素,Melatonin,19522738,Induction of matrix metalloproteinase-9 and -3 in nonsteroidal anti-inflammatory drug-induced acute gastric ulcers in mice: regulation by melatonin.,Journal of pineal research,2009,"Journal Article; Research Support, Non-U.S. Gov't; Retracted Publication",10.1111/j.1600-079X.2009.00687.x,,RetractionIn:41808597,https://pubmed.ncbi.nlm.nih.gov/19522738/,2026-05-14
melatonin,口服/补剂,褪黑素,Melatonin,19012662,Melatonin induces cell cycle arrest and apoptosis in hepatocarcinoma HepG2 cell line.,Journal of pineal research,2008,"Journal Article; Research Support, Non-U.S. Gov't; Retracted Publication",10.1111/j.1600-079X.2008.00641.x,,RetractionIn:38884459,https://pubmed.ncbi.nlm.nih.gov/19012662/,2026-05-14
melatonin,口服/补剂,褪黑素,Melatonin,17349019,Melatonin prevents oxidative stress and changes in antioxidant enzyme expression and activity in the liver of aging rats.,Journal of pineal research,2007,Journal Article; Retracted Publication,10.1111/j.1600-079X.2006.00409.x,,RetractionIn:38884480,https://pubmed.ncbi.nlm.nih.gov/17349019/,2026-05-14
melatonin,口服/补剂,褪黑素,Melatonin,16842535,Melatonin inhibits the expression of the inducible isoform of nitric oxide synthase and nuclear factor kappa B activation in rat skeletal muscle.,Journal of pineal research,2006,Journal Article; Retracted Publication,10.1111/j.1600-079X.2006.00323.x,,RetractionIn:38884487,https://pubmed.ncbi.nlm.nih.gov/16842535/,2026-05-14
manganese,口服/补剂,锰,Manganese,30304441,Metal tolerance protein MTP6 affects mitochondrial iron and manganese homeostasis in cucumber.,Journal of experimental botany,2019,"Journal Article; Research Support, Non-U.S. Gov't; Retracted Publication",10.1093/jxb/ery342,PMC6305187,ErratumIn:30481330 | RetractionIn:31972017,https://pubmed.ncbi.nlm.nih.gov/30304441/,2026-05-14
manganese,口服/补剂,锰,Manganese,25039075,Cucumber metal transport protein MTP8 confers increased tolerance to manganese when expressed in yeast and Arabidopsis thaliana.,Journal of experimental botany,2014,"Journal Article; Research Support, Non-U.S. Gov't; Retracted Publication",10.1093/jxb/eru295,PMC4400539,RetractionIn:31972017,https://pubmed.ncbi.nlm.nih.gov/25039075/,2026-05-14
maca,口服/补剂,玛咖,Maca,26998182,The Research on the Impact of Maca Polypeptide on Sport Fatigue.,The open biomedical engineering journal,2015,Journal Article; Retracted Publication,10.2174/1874120701509010322,PMC4774384,RetractionIn:28932323,https://pubmed.ncbi.nlm.nih.gov/26998182/,2026-05-14
lycopene,口服/补剂,番茄红素,Lycopene,25487946,Lycopene prevents experimental priapism against oxidative and nitrosative damage.,European review for medical and pharmacological sciences,2014,Journal Article; Retracted Publication,,,RetractionIn:34486678,https://pubmed.ncbi.nlm.nih.gov/25487946/,2026-05-14
lycopene,口服/补剂,番茄红素,Lycopene,21625550,Lycopene inhibits NF-kB-mediated IL-8 expression and changes redox and PPARγ signalling in cigarette smoke-stimulated macrophages.,PloS one,2011,"Journal Article; Research Support, Non-U.S. Gov't; Retracted Publication",10.1371/journal.pone.0019652,PMC3098254,RetractionIn:25004019 | ErratumIn:29220836,https://pubmed.ncbi.nlm.nih.gov/21625550/,2026-05-14
lutein,口服/补剂,叶黄素,Lutein,27222156,Association between lutein intake and lutein concentrations in human milk samples from lactating mothers in South Korea.,European journal of clinical nutrition,2016,Journal Article; Retracted Publication,10.1038/ejcn.2016.84,,RetractionIn:27782113,https://pubmed.ncbi.nlm.nih.gov/27222156/,2026-05-14
lions-mane,口服/补剂,猴头菇,Lion's Mane,26988860,"Hericium erinaceus mycelium and its isolated erinacine A protection from MPTP-induced neurotoxicity through the ER stress, triggering an apoptosis cascade.",Journal of translational medicine,2016,"Journal Article; Research Support, Non-U.S. Gov't; Retracted Publication",10.1186/s12967-016-0831-y,PMC4797317,RetractionIn:33588874,https://pubmed.ncbi.nlm.nih.gov/26988860/,2026-05-14
l-carnitine,口服/补剂,左旋肉碱,L-Carnitine,23843223,The chemoprotective effects of L-carnitine against genotoxicity induced by diazinon in rat blood lymphocyte.,Toxicology and industrial health,2015,"Journal Article; Research Support, Non-U.S. Gov't; Retracted Publication",10.1177/0748233713491811,,RetractionIn:41797384,https://pubmed.ncbi.nlm.nih.gov/23843223/,2026-05-14
iron,口服/补剂,铁,Iron,41572815,Evaluation of the protective effect of the Echinacea Purpurea against apoptosis and inflammation induced by overdose of iron dextran on the hematopoietic system.,Journal of complementary & integrative medicine,2026,Journal Article; Retracted Publication,10.1515/jcim-2025-0221,,RetractionIn:42118563,https://pubmed.ncbi.nlm.nih.gov/41572815/,2026-05-14
iron,口服/补剂,铁,Iron,38876422,Adsorption of terbutaline β-agonists from wastewater by mechano-synthesized iron oxide nanoparticles modified copper (II) isonicotinate metal-organic framework.,Environmental research,2024,Journal Article; Retracted Publication,10.1016/j.envres.2024.119413,,RetractionIn:39627035,https://pubmed.ncbi.nlm.nih.gov/38876422/,2026-05-14
iron,口服/补剂,铁,Iron,38560133,An assessment of the impact of traditional rice cooking practice and eating habits on arsenic and iron transfer into the food chain of smallholders of Indo-Gangetic plain of South-Asia: Using AMMI and Monte-Carlo simulation model.,Heliyon,2024,Journal Article; Retracted Publication,10.1016/j.heliyon.2024.e28296,PMC10981068,RetractionIn:40196790,https://pubmed.ncbi.nlm.nih.gov/38560133/,2026-05-14
iron,口服/补剂,铁,Iron,38173374,A New Concept in Antidiabetic Therapeutics: A Concerted Removal of Labile Iron and Intracellular Deposition of Zinc.,Diabetes & metabolism journal,2024,Journal Article; Retracted Publication,10.4093/dmj.2022.0292,PMC10850271,RetractionIn:38494588,https://pubmed.ncbi.nlm.nih.gov/38173374/,2026-05-14
iron,口服/补剂,铁,Iron,36226302,Biosynthesis and characterization of iron oxide nanoparticles from Mentha spicata and screening its combating potential against Phytophthora infestans.,Frontiers in plant science,2022,Journal Article; Retracted Publication,10.3389/fpls.2022.1001499,PMC9548704,RetractionIn:38899151,https://pubmed.ncbi.nlm.nih.gov/36226302/,2026-05-14
iron,口服/补剂,铁,Iron,36096173,"Foliar-applied nanoscale zero-valent iron (nZVI) and iron oxide (Fe3O4) induce differential responses in growth, physiology, antioxidative defense and biochemical indices in Leonurus cardiaca L.",Environmental research,2022,Journal Article; Retracted Publication,10.1016/j.envres.2022.114254,,ExpressionOfConcernIn:39901428 | RetractionIn:41056691,https://pubmed.ncbi.nlm.nih.gov/36096173/,2026-05-14
iron,口服/补剂,铁,Iron,35795277,Efficacy and Mechanism of Roxadustat plus Oral Iron in the Treatment of Elderly Chronic Kidney Disease with Anemia.,Evidence-based complementary and alternative medicine : eCAM,2022,Journal Article; Retracted Publication,10.1155/2022/9192655,PMC9252627,RetractionIn:37387946,https://pubmed.ncbi.nlm.nih.gov/35795277/,2026-05-14
iron,口服/补剂,铁,Iron,35421099,Appraisal of foliar spray of iron and salicylic acid under artificial magnetism on morpho-physiological attributes of pea (Pisum sativum L.) plants.,PloS one,2022,"Journal Article; Research Support, Non-U.S. Gov't; Retracted Publication",10.1371/journal.pone.0265654,PMC9009661,RetractionIn:36103493,https://pubmed.ncbi.nlm.nih.gov/35421099/,2026-05-14
iron,口服/补剂,铁,Iron,35299084,A randomized trial of iron- and zinc-biofortified pearl millet-based complementary feeding in children aged 12 to 18 months living in urban slums.,"Clinical nutrition (Edinburgh, Scotland)",2022,"Journal Article; Randomized Controlled Trial; Research Support, Non-U.S. Gov't; Retracted Publication",10.1016/j.clnu.2022.02.014,,RetractionIn:41571510,https://pubmed.ncbi.nlm.nih.gov/35299084/,2026-05-14
iron,口服/补剂,铁,Iron,35071591,"Changes of Serum Ferritin, Hemoglobin, and Serum Iron (SI) and Treatment Effect of Iron Proteinsuccinylate Oral Solution Combined with Vitamin A and D Drops on Children with Nutritional Iron Deficiency Anemia.",BioMed research international,2022,Journal Article; Retracted Publication,10.1155/2022/2972617,PMC8776466,RetractionIn:38550215,https://pubmed.ncbi.nlm.nih.gov/35071591/,2026-05-14
iron,口服/补剂,铁,Iron,34995308,"Combined application of zinc and iron-lysine and its effects on morpho-physiological traits, antioxidant capacity and chromium uptake in rapeseed (Brassica napus L.).",PloS one,2022,Journal Article; Retracted Publication,10.1371/journal.pone.0262140,PMC8740971,RetractionIn:35921314,https://pubmed.ncbi.nlm.nih.gov/34995308/,2026-05-14
iron,口服/补剂,铁,Iron,33938360,"Impact of maternal iron deficiency anaemia on the expression of the newly discovered multi-copper ferroxidase, Zyklopen, in term placentas.",Journal of obstetrics and gynaecology : the journal of the Institute of Obstetrics and Gynaecology,2022,Journal Article; Retracted Publication,10.1080/01443615.2021.1882968,,RetractionIn:39042043,https://pubmed.ncbi.nlm.nih.gov/33938360/,2026-05-14
iron,口服/补剂,铁,Iron,32223474,Expression of iron transport protein Divalent metal transporter 1 (DMT1) increases in response to maternal iron deficiency anemia in near term to term placenta.,"The journal of maternal-fetal & neonatal medicine : the official journal of the European Association of Perinatal Medicine, the Federation of Asia and Oceania Perinatal Societies, the International Society of Perinatal Obstetricians",2022,Journal Article; Retracted Publication,10.1080/14767058.2020.1742317,,RetractionIn:39042051,https://pubmed.ncbi.nlm.nih.gov/32223474/,2026-05-14
iron,口服/补剂,铁,Iron,34492849,Inhibition effects of long-term calcium-magnesia phosphate fertilizer application on Cd uptake in rice: Regulation of the iron-nitrogen coupling cycle driven by the soil microbial community.,Journal of hazardous materials,2021,"Journal Article; Research Support, Non-U.S. Gov't; Retracted Publication",10.1016/j.jhazmat.2021.125916,,RetractionIn:38704339,https://pubmed.ncbi.nlm.nih.gov/34492849/,2026-05-14
iron,口服/补剂,铁,Iron,32096669,Effect of Maternal Iron Deficiency Anaemia on the Expression of Iron Transport Proteins in the Third Trimester Placenta.,Fetal and pediatric pathology,2021,Journal Article; Retracted Publication,10.1080/15513815.2020.1725942,,RetractionIn:39042046,https://pubmed.ncbi.nlm.nih.gov/32096669/,2026-05-14
iron,口服/补剂,铁,Iron,35025360,Predictions of Drug-Protein Interactions and Study of Magnetically Assisted Release Dynamics of 5-Fluorouracil from Soya Protein-Coated Iron Oxide Core-Shell Nanoparticles.,ACS applied bio materials,2020,Journal Article; Retracted Publication,10.1021/acsabm.0c00178,,RetractionIn:35229597,https://pubmed.ncbi.nlm.nih.gov/35025360/,2026-05-14
iron,口服/补剂,铁,Iron,32741833,The Iron Chelator Deferiprone Improves the Phenotype in a Mouse Model of Tauopathy.,Journal of Alzheimer's disease : JAD,2020,"Journal Article; Research Support, Non-U.S. Gov't; Retracted Publication",10.3233/JAD-200551,,ErratumIn:33252085 | RetractionIn:37694371,https://pubmed.ncbi.nlm.nih.gov/32741833/,2026-05-14
iron,口服/补剂,铁,Iron,32698792,Invasion inhibition in pancreatic cancer using the oral iron chelating agent deferasirox.,BMC cancer,2020,Journal Article; Retracted Publication,10.1186/s12885-020-07167-8,PMC7374870,ErratumIn:37353751 | RetractionIn:38082388,https://pubmed.ncbi.nlm.nih.gov/32698792/,2026-05-14
iron,口服/补剂,铁,Iron,32614844,"Facile, one-pot biosynthesis and characterization of iron, copper and silver nanoparticles using Syzygium cumini leaf extract: As an effective antimicrobial and aflatoxin B1 adsorption agents.",PloS one,2020,Journal Article; Retracted Publication,10.1371/journal.pone.0234964,PMC7331986,RetractionIn:40768500,https://pubmed.ncbi.nlm.nih.gov/32614844/,2026-05-14
iron,口服/补剂,铁,Iron,32218586,"Iron application improves yield, economic returns and grain-Fe concentration of mungbean.",PloS one,2020,"Journal Article; Research Support, Non-U.S. Gov't; Retracted Publication",10.1371/journal.pone.0230720,PMC7100969,ErratumIn:32298387 | RetractionIn:36383553,https://pubmed.ncbi.nlm.nih.gov/32218586/,2026-05-14
iron,口服/补剂,铁,Iron,31514541,Astragalus polysaccharides meliorate cardiovascular dysfunction in iron-overloaded thalassemic mice.,"Experimental biology and medicine (Maywood, N.J.)",2019,Journal Article; Retracted Publication,10.1177/1535370219876540,PMC6802152,RetractionIn:31976755,https://pubmed.ncbi.nlm.nih.gov/31514541/,2026-05-14
iron,口服/补剂,铁,Iron,31477792,Childhood iron deficiency anemia leads to recurrent respiratory tract infections and gastroenteritis.,Scientific reports,2019,Journal Article; Retracted Publication,10.1038/s41598-019-49122-z,PMC6718651,RetractionIn:33976333,https://pubmed.ncbi.nlm.nih.gov/31477792/,2026-05-14
iron,口服/补剂,铁,Iron,30304441,Metal tolerance protein MTP6 affects mitochondrial iron and manganese homeostasis in cucumber.,Journal of experimental botany,2019,"Journal Article; Research Support, Non-U.S. Gov't; Retracted Publication",10.1093/jxb/ery342,PMC6305187,ErratumIn:30481330 | RetractionIn:31972017,https://pubmed.ncbi.nlm.nih.gov/30304441/,2026-05-14
iron,口服/补剂,铁,Iron,29843553,Efficacy of ferrous bis-glycinate versus ferrous glycine sulfate in the treatment of iron deficiency anemia with pregnancy: a randomized double-blind clinical trial.,"The journal of maternal-fetal & neonatal medicine : the official journal of the European Association of Perinatal Medicine, the Federation of Asia and Oceania Perinatal Societies, the International Society of Perinatal Obstetricians",2019,Comparative Study; Journal Article; Randomized Controlled Trial; Retracted Publication,10.1080/14767058.2018.1482871,,RetractionIn:41883305,https://pubmed.ncbi.nlm.nih.gov/29843553/,2026-05-14
iron,口服/补剂,铁,Iron,29338568,Lactoferrin plus health education versus total dose infusion (TDI) of low-molecular weight (LMW) iron dextran for treating iron deficiency anemia (IDA) in pregnancy: a randomized controlled trial.,"The journal of maternal-fetal & neonatal medicine : the official journal of the European Association of Perinatal Medicine, the Federation of Asia and Oceania Perinatal Societies, the International Society of Perinatal Obstetricians",2019,Journal Article; Randomized Controlled Trial; Retracted Publication,10.1080/14767058.2018.1429396,,CommentIn:29690808 | CommentIn:29877119 | RetractionIn:36658737,https://pubmed.ncbi.nlm.nih.gov/29338568/,2026-05-14
iron,口服/补剂,铁,Iron,28901214,Total dose iron dextran infusion versus oral iron for treating iron deficiency anemia in pregnant women: a randomized controlled trial.,"The journal of maternal-fetal & neonatal medicine : the official journal of the European Association of Perinatal Medicine, the Federation of Asia and Oceania Perinatal Societies, the International Society of Perinatal Obstetricians",2019,Journal Article; Randomized Controlled Trial; Retracted Publication,10.1080/14767058.2017.1379988,,RetractionIn:36658746,https://pubmed.ncbi.nlm.nih.gov/28901214/,2026-05-14
iron,口服/补剂,铁,Iron,30464757,Low Temperature Synthesis of Superparamagnetic Iron Oxide (Fe3O4) Nanoparticles and Their ROS Mediated Inhibition of Biofilm Formed by Food-Associated Bacteria.,Frontiers in microbiology,2018,Journal Article; Retracted Publication,10.3389/fmicb.2018.02567,PMC6234955,RetractionIn:41834852,https://pubmed.ncbi.nlm.nih.gov/30464757/,2026-05-14
iron,口服/补剂,铁,Iron,30323700,Associations between iron deficiency anemia and clinical features among pregnant women: a prospective cohort study.,Journal of blood medicine,2018,Journal Article; Retracted Publication,10.2147/JBM.S175267,PMC6174908,RetractionIn:30643474,https://pubmed.ncbi.nlm.nih.gov/30323700/,2026-05-14
iron,口服/补剂,铁,Iron,27269410,Comparison of intravenous ferrous sucrose and oral ferrous sulphate in treatment of postpartum iron deficiency anemia.,"The journal of maternal-fetal & neonatal medicine : the official journal of the European Association of Perinatal Medicine, the Federation of Asia and Oceania Perinatal Societies, the International Society of Perinatal Obstetricians",2017,Journal Article; Randomized Controlled Trial; Retracted Publication,10.1080/14767058.2016.1192602,,RetractionIn:40556256,https://pubmed.ncbi.nlm.nih.gov/27269410/,2026-05-14
iron,口服/补剂,铁,Iron,26715522,"The efficacy of early iron supplementation on postpartum depression, a randomized double-blind placebo-controlled trial.",European journal of nutrition,2017,Journal Article; Randomized Controlled Trial; Retracted Publication,10.1007/s00394-015-1140-6,,RetractionIn:36149465,https://pubmed.ncbi.nlm.nih.gov/26715522/,2026-05-14
iron,口服/补剂,铁,Iron,27483303,Low Iron Diet Increases Susceptibility to Noise-Induced Hearing Loss in Young Rats.,Nutrients,2016,Journal Article; Retracted Publication,10.3390/nu8080456,PMC4997371,RetractionIn:28441318,https://pubmed.ncbi.nlm.nih.gov/27483303/,2026-05-14
iron,口服/补剂,铁,Iron,26037728,Lactoferrin versus ferrous sulphate for the treatment of iron deficiency anemia during pregnancy: a randomized clinical trial.,"The journal of maternal-fetal & neonatal medicine : the official journal of the European Association of Perinatal Medicine, the Federation of Asia and Oceania Perinatal Societies, the International Society of Perinatal Obstetricians",2016,Comparative Study; Journal Article; Randomized Controlled Trial; Retracted Publication,10.3109/14767058.2015.1049149,,RetractionIn:37466255,https://pubmed.ncbi.nlm.nih.gov/26037728/,2026-05-14
iron,口服/补剂,铁,Iron,23286295,High bioavailability iron maize (Zea mays L.) developed through molecular breeding provides more absorbable iron in vitro (Caco-2 model) and in vivo (Gallus gallus).,Nutrition journal,2013,Comparative Study; Journal Article; Retracted Publication,10.1186/1475-2891-12-3,PMC3545989,RetractionIn:26714868,https://pubmed.ncbi.nlm.nih.gov/23286295/,2026-05-14
iron,口服/补剂,铁,Iron,23029172,Iron supplementation decreases severity of allergic inflammation in murine lung.,PloS one,2012,"Journal Article; Research Support, N.I.H., Extramural; Retracted Publication",10.1371/journal.pone.0045667,PMC3447873,RetractionIn:27159607 | ErratumIn:29220837 | CommentIn:37547121,https://pubmed.ncbi.nlm.nih.gov/23029172/,2026-05-14
iron,口服/补剂,铁,Iron,22745539,Particokinetics: computational analysis of the superparamagnetic iron oxide nanoparticles deposition process.,International journal of nanomedicine,2012,"Journal Article; Research Support, Non-U.S. Gov't; Retracted Publication",10.2147/IJN.S30074,PMC3383311,RetractionIn:23049257,https://pubmed.ncbi.nlm.nih.gov/22745539/,2026-05-14
iron,口服/补剂,铁,Iron,22051236,Transferrin-conjugated curcumin-loaded superparamagnetic iron oxide nanoparticles induce augmented cellular uptake and apoptosis in K562 cells.,Acta biomaterialia,2012,"Journal Article; Research Support, Non-U.S. Gov't; Retracted Publication",10.1016/j.actbio.2011.10.022,,RetractionIn:23802320,https://pubmed.ncbi.nlm.nih.gov/22051236/,2026-05-14
iron,口服/补剂,铁,Iron,21187917,Concentration-dependent toxicity of iron oxide nanoparticles mediated by increased oxidative stress.,International journal of nanomedicine,2010,"Journal Article; Research Support, Non-U.S. Gov't; Retracted Publication",10.2147/IJN.S13244,PMC3010160,RetractionIn:35378879,https://pubmed.ncbi.nlm.nih.gov/21187917/,2026-05-14
iron,口服/补剂,铁,Iron,19725757,5-Fluorouracil-loaded iron/ethylcellulose (core/shell) nanoparticles for active targeting of cancer.,Journal of drug targeting,2009,Journal Article; Retracted Publication,10.1080/10611860903244207,,RetractionIn:19916875,https://pubmed.ncbi.nlm.nih.gov/19725757/,2026-05-14
iron,口服/补剂,铁,Iron,17029598,Deposition of iron and beta-amyloid plaques is associated with cortical cellular damage in rabbits fed with long-term cholesterol-enriched diets.,Journal of neurochemistry,2006,"Journal Article; Research Support, N.I.H., Extramural; Retracted Publication",10.1111/j.1471-4159.2006.04079.x,,ErratumIn | RetractionIn:36883226,https://pubmed.ncbi.nlm.nih.gov/17029598/,2026-05-14
iodine,口服/补剂,碘,Iodine,36755777,Iodine Status in Pregnant Women Having Urinary Fluoride in Contaminated Areas: A Case Study of Phayao Province.,Journal of environmental and public health,2023,"Journal Article; Research Support, Non-U.S. Gov't; Retracted Publication",10.1155/2023/3677359,PMC9902143,RetractionIn:41940258,https://pubmed.ncbi.nlm.nih.gov/36755777/,2026-05-14
iodine,口服/补剂,碘,Iodine,26353858,The clinical utility of image-guided iodine-125 seed in patients with unresectable pancreatic cancer.,Tumour biology : the journal of the International Society for Oncodevelopmental Biology and Medicine,2016,Clinical Trial; Journal Article; Retracted Publication,10.1007/s13277-015-4045-3,,RetractionIn:28792236,https://pubmed.ncbi.nlm.nih.gov/26353858/,2026-05-14
iodine,口服/补剂,碘,Iodine,24446669,Hair iodine for human iodine status assessment.,Thyroid : official journal of the American Thyroid Association,2014,"Journal Article; Observational Study; Research Support, Non-U.S. Gov't; Retracted Publication",10.1089/thy.2012.0499,PMC4046213,RetractionIn:29957143,https://pubmed.ncbi.nlm.nih.gov/24446669/,2026-05-14
iodine,口服/补剂,碘,Iodine,24895501,RETRACTED ARTICLE: Radiation sialadenitis induced by high-dose radioactive iodine therapy.,Nuclear medicine and molecular imaging,2010,Journal Article; Retracted Publication; Review,10.1007/s13139-010-0027-y,PMC4035796,RetractionIn:24895515,https://pubmed.ncbi.nlm.nih.gov/24895501/,2026-05-14
iodine,口服/补剂,碘,Iodine,17199437,High prevalence of thyroid dysfunction and autoimmune thyroiditis in adolescents after elimination of iodine deficiency in the Eastern Black Sea Region of Turkey.,Thyroid : official journal of the American Thyroid Association,2006,Journal Article; Retracted Publication,10.1089/thy.2006.16.1265,,RetractionIn:17316127,https://pubmed.ncbi.nlm.nih.gov/17199437/,2026-05-14
inulin,口服/补剂,菊粉,Inulin,30503580,Biotechnological applications of inulin-rich feedstocks.,Bioresource technology,2019,Journal Article; Review; Retracted Publication,10.1016/j.biortech.2018.11.031,,RetractionIn:39447497,https://pubmed.ncbi.nlm.nih.gov/30503580/,2026-05-14
inulin,口服/补剂,菊粉,Inulin,29636277,Biocatalytic strategies for the production of high fructose syrup from inulin.,Bioresource technology,2018,Journal Article; Review; Retracted Publication,10.1016/j.biortech.2018.03.127,,RetractionIn:39461222,https://pubmed.ncbi.nlm.nih.gov/29636277/,2026-05-14
inositol,口服/补剂,肌醇,Inositol,34919250,Treatment of lean PCOS teenagers: a follow-up comparison between Myo-Inositol and oral contraceptives.,European review for medical and pharmacological sciences,2021,Comparative Study; Journal Article; Randomized Controlled Trial; Retracted Publication,10.26355/eurrev_202112_27447,,RetractionIn:41773614,https://pubmed.ncbi.nlm.nih.gov/34919250/,2026-05-14
inositol,口服/补剂,肌醇,Inositol,30132953,Inositol polyphosphate-4-phosphatase type II and rucaparib treatment inhibit the growth of osteosarcoma cells dependent on phosphoinositide 3-kinase/protein kinase B pathway.,Journal of cellular biochemistry,2018,Journal Article; Retracted Publication,10.1002/jcb.27311,,RetractionIn:34107090,https://pubmed.ncbi.nlm.nih.gov/30132953/,2026-05-14
inositol,口服/补剂,肌醇,Inositol,28980870,"Comparison of myo-inositol and metformin on mental health parameters and biomarkers of oxidative stress in women with polycystic ovary syndrome: a randomized, double-blind, placebo-controlled trial.",Journal of psychosomatic obstetrics and gynaecology,2018,"Comparative Study; Journal Article; Randomized Controlled Trial; Research Support, Non-U.S. Gov't; Retracted Publication",10.1080/0167482X.2017.1383381,,ExpressionOfConcernIn:33143512 | RetractionIn:38758364,https://pubmed.ncbi.nlm.nih.gov/28980870/,2026-05-14
inositol,口服/补剂,肌醇,Inositol,27736936,A High-Throughput Screening-Compatible Strategy for the Identification of Inositol Pyrophosphate Kinase Inhibitors.,PloS one,2016,Journal Article; Retracted Publication,10.1371/journal.pone.0164378,PMC5063353,RetractionIn:28636659 | CommentIn:28664944,https://pubmed.ncbi.nlm.nih.gov/27736936/,2026-05-14
inositol,口服/补剂,肌醇,Inositol,26507336,"Effect of myo-inositol and melatonin versus myo-inositol, in a randomized controlled trial, for improving in vitro fertilization of patients with polycystic ovarian syndrome.",Gynecological endocrinology : the official journal of the International Society of Gynecological Endocrinology,2016,Comparative Study; Journal Article; Randomized Controlled Trial; Retracted Publication,10.3109/09513590.2015.1101444,,RetractionIn:41626704,https://pubmed.ncbi.nlm.nih.gov/26507336/,2026-05-14
inositol,口服/补剂,肌醇,Inositol,21835536,Contribution of myo-inositol and melatonin to human reproduction.,"European journal of obstetrics, gynecology, and reproductive biology",2011,Journal Article; Review; Retracted Publication,10.1016/j.ejogrb.2011.07.038,,RetractionIn:40712459,https://pubmed.ncbi.nlm.nih.gov/21835536/,2026-05-14
inositol,口服/补剂,肌醇,Inositol,18854115,Treatment of hirsutism with myo-inositol: a prospective clinical study.,Reproductive biomedicine online,2008,Clinical Trial; Journal Article; Retracted Publication,10.1016/s1472-6483(10)60248-9,,RetractionIn:41206152,https://pubmed.ncbi.nlm.nih.gov/18854115/,2026-05-14
hyaluronic-acid,口服/补剂,透明质酸,Hyaluronic Acid,36643861,Formulation for the Targeted Delivery of a Vaccine Strain of Oncolytic Measles Virus (OMV) in Hyaluronic Acid Coated Thiolated Chitosan as a Green Nanoformulation for the Treatment of Prostate Cancer: A Viro-Immunotherapeutic Approach.,International journal of nanomedicine,2023,Journal Article; Retracted Publication,10.2147/IJN.S386560,PMC9838128,RetractionIn:38895151,https://pubmed.ncbi.nlm.nih.gov/36643861/,2026-05-14
hyaluronic-acid,口服/补剂,透明质酸,Hyaluronic Acid,32092830,Protective effect of a new hyaluronic acid -carnosine conjugate on the modulation of the inflammatory response in mice subjected to collagen-induced arthritis.,Biomedicine & pharmacotherapy = Biomedecine & pharmacotherapie,2020,Journal Article; Retracted Publication,10.1016/j.biopha.2020.110023,,RetractionIn:40664588,https://pubmed.ncbi.nlm.nih.gov/32092830/,2026-05-14
hyaluronic-acid,口服/补剂,透明质酸,Hyaluronic Acid,25604697,Decellularized scaffolds containing hyaluronic acid and EGF for promoting the recovery of skin wounds.,Journal of materials science. Materials in medicine,2015,"Journal Article; Research Support, Non-U.S. Gov't; Retracted Publication",10.1007/s10856-014-5322-1,,RetractionIn:34041597,https://pubmed.ncbi.nlm.nih.gov/25604697/,2026-05-14
green-tea-catechins,口服/补剂,绿茶儿茶素,Green Tea Catechins,30582209,Retracted: Epigallocatechin gallate ameliorates morphological changes of pancreatic islets in diabetic mice and downregulates blood sugar level by inhibiting the accumulation of AGE-RAGE.,Journal of cellular biochemistry,2019,Retraction Notice; Retracted Publication,10.1002/jcb.28139,,RetractionIn:34342909,https://pubmed.ncbi.nlm.nih.gov/30582209/,2026-05-14
green-tea-catechins,口服/补剂,绿茶儿茶素,Green Tea Catechins,27659310,Human cathelicidin LL-37 enhance the antibiofilm effect of EGCG on Streptococcus mutans.,BMC oral health,2016,Journal Article; Retracted Publication,10.1186/s12903-016-0292-y,PMC5034579,RetractionIn:28651563,https://pubmed.ncbi.nlm.nih.gov/27659310/,2026-05-14
green-tea-catechins,口服/补剂,绿茶儿茶素,Green Tea Catechins,28962222,Epigallocatechin gallate supplementation protects against renal injury induced by fluoride intoxication in rats: Role of Nrf2/HO-1 signaling.,Toxicology reports,2014,Journal Article; Retracted Publication,10.1016/j.toxrep.2014.01.002,PMC5598207,RetractionIn:41472787,https://pubmed.ncbi.nlm.nih.gov/28962222/,2026-05-14
green-tea-catechins,口服/补剂,绿茶儿茶素,Green Tea Catechins,24682582,Epigallocatechin-3-gallate (EGCG) as a pro-osteogenic agent to enhance osteogenic differentiation of mesenchymal stem cells from human bone marrow: an in vitro study.,Cell and tissue research,2014,"Journal Article; Research Support, Non-U.S. Gov't; Retracted Publication",10.1007/s00441-014-1797-9,,RetractionIn:33315131,https://pubmed.ncbi.nlm.nih.gov/24682582/,2026-05-14
green-tea-catechins,口服/补剂,绿茶儿茶素,Green Tea Catechins,22022384,"Green tea catechins reduce invasive potential of human melanoma cells by targeting COX-2, PGE2 receptors and epithelial-to-mesenchymal transition.",PloS one,2011,"Journal Article; Research Support, N.I.H., Extramural; Research Support, U.S. Gov't, Non-P.H.S.; Retracted Publication",10.1371/journal.pone.0025224,PMC3192733,RetractionIn:30596805,https://pubmed.ncbi.nlm.nih.gov/22022384/,2026-05-14
glycine,口服/补剂,甘氨酸,Glycine,36106391,Exposure to environmental pollutant bisphenol A causes oxidative damage and lipid accumulation in Zebrafish larvae: Protective role of WL15 peptide derived from cysteine and glycine-rich protein 2.,Journal of biochemical and molecular toxicology,2023,Journal Article; Retracted Publication,10.1002/jbt.23223,,RetractionIn:40798914,https://pubmed.ncbi.nlm.nih.gov/36106391/,2026-05-14
glycine,口服/补剂,甘氨酸,Glycine,29843553,Efficacy of ferrous bis-glycinate versus ferrous glycine sulfate in the treatment of iron deficiency anemia with pregnancy: a randomized double-blind clinical trial.,"The journal of maternal-fetal & neonatal medicine : the official journal of the European Association of Perinatal Medicine, the Federation of Asia and Oceania Perinatal Societies, the International Society of Perinatal Obstetricians",2019,Comparative Study; Journal Article; Randomized Controlled Trial; Retracted Publication,10.1080/14767058.2018.1482871,,RetractionIn:41883305,https://pubmed.ncbi.nlm.nih.gov/29843553/,2026-05-14
glutathione,口服/补剂,谷胱甘肽,Glutathione,37478726,Melatonin and strigolactone mitigate chromium toxicity through modulation of ascorbate-glutathione pathway and gene expression in tomato.,Plant physiology and biochemistry : PPB,2023,Journal Article; Retracted Publication,10.1016/j.plaphy.2023.107872,,RetractionIn:41421860,https://pubmed.ncbi.nlm.nih.gov/37478726/,2026-05-14
glutathione,口服/补剂,谷胱甘肽,Glutathione,34157031,"Kinetin mitigates Cd-induced damagesto growth, photosynthesis and PS II photochemistry of Trigonella seedlings by up-regulating ascorbate-glutathione cycle.",PloS one,2021,"Journal Article; Research Support, Non-U.S. Gov't; Retracted Publication",10.1371/journal.pone.0249230,PMC8219128,RetractionIn:36383544,https://pubmed.ncbi.nlm.nih.gov/34157031/,2026-05-14
glutathione,口服/补剂,谷胱甘肽,Glutathione,24987684,Leaf rolling and stem fasciation in grass pea (Lathyrus sativus L.) mutant are mediated through glutathione-dependent cellular and metabolic changes and associated with a metabolic diversion through cysteine during phenotypic reversal.,BioMed research international,2014,Journal Article; Retracted Publication,10.1155/2014/479180,PMC4058490,RetractionIn:27689080,https://pubmed.ncbi.nlm.nih.gov/24987684/,2026-05-14
glucosamine,口服/补剂,氨糖,Glucosamine,31998780,Glucosamine Supplementation in Premating Drinking Water Improves Within-Litter Birth Weight Uniformity of Rats Partly through Modulating Hormone Metabolism and Genes Involved in Implantation.,BioMed research international,2020,Journal Article; Retracted Publication,10.1155/2020/1630890,PMC6970505,RetractionIn:38549997,https://pubmed.ncbi.nlm.nih.gov/31998780/,2026-05-14
ginseng,口服/补剂,人参,Ginseng,29628975,Protective effects of cultured and fermented ginseng extracts against scopolamine-induced memory loss in a mouse model.,Laboratory animal research,2018,Journal Article; Retracted Publication,10.5625/lar.2018.34.1.37,PMC5876162,ErratumIn:30310410 | RetractionIn:30671122,https://pubmed.ncbi.nlm.nih.gov/29628975/,2026-05-14
ginseng,口服/补剂,人参,Ginseng,24806341,Treatment with Panax ginseng antagonizes the estrogen decline in ovariectomized mice.,International journal of molecular sciences,2014,"Journal Article; Research Support, Non-U.S. Gov't; Retracted Publication",10.3390/ijms15057827,PMC4057706,RetractionIn:32422936,https://pubmed.ncbi.nlm.nih.gov/24806341/,2026-05-14
ginseng,口服/补剂,人参,Ginseng,22570673,Korean Red Ginseng Suppresses Metastasis of Human Hepatoma SK-Hep1 Cells by Inhibiting Matrix Metalloproteinase-2/-9 and Urokinase Plasminogen Activator.,Evidence-based complementary and alternative medicine : eCAM,2012,Journal Article; Retracted Publication,10.1155/2012/965846,PMC3337628,RetractionIn:40438283,https://pubmed.ncbi.nlm.nih.gov/22570673/,2026-05-14
ginkgo,口服/补剂,银杏,Ginkgo,29207671,Ginkgo biloba extract EGb 761-induced upregulation of LincRNA-p21 inhibits colorectal cancer metastasis by associating with EZH2.,Oncotarget,2017,Journal Article; Retracted Publication,10.18632/oncotarget.21345,PMC5710951,RetractionIn:40338158,https://pubmed.ncbi.nlm.nih.gov/29207671/,2026-05-14
ginger,口服/补剂,姜,Ginger,31428171,Molecular Changes in Diabetic Wound Healing following Administration of Vitamin D and Ginger Supplements: Biochemical and Molecular Experimental Study.,Evidence-based complementary and alternative medicine : eCAM,2019,Journal Article; Retracted Publication,10.1155/2019/4352470,PMC6679851,RetractionIn:41971409,https://pubmed.ncbi.nlm.nih.gov/31428171/,2026-05-14
garlic-extract,口服/补剂,大蒜提取物,Garlic Extract,26088761,High doses of garlic extract significantly attenuated the ratio of serum LDL to HDL level in rat-fed with hypercholesterolemia diet.,Diagnostic pathology,2015,Journal Article; Retracted Publication,10.1186/s13000-015-0322-0,PMC4474459,RetractionIn:27802804,https://pubmed.ncbi.nlm.nih.gov/26088761/,2026-05-14
folate,口服/补剂,叶酸,Folate,38718938,WITHDRAWN: Letter to the Editor 'Folic acid and plasma lipids: Interactions and effect of folate supplementation'.,Current problems in cardiology,2024,Journal Article; Retracted Publication,10.1016/j.cpcardiol.2024.102625,,RetractionIn,https://pubmed.ncbi.nlm.nih.gov/38718938/,2026-05-14
folate,口服/补剂,叶酸,Folate,23937678,"Folic acid supplementation, dietary folate intake during pregnancy and risk for spontaneous preterm delivery: a prospective observational cohort study.",BMC pregnancy and childbirth,2013,"Journal Article; Research Support, Non-U.S. Gov't; Retracted Publication",10.1186/1471-2393-13-160,PMC3751653,RetractionIn:24993670,https://pubmed.ncbi.nlm.nih.gov/23937678/,2026-05-14
folate,口服/补剂,叶酸,Folate,22468673,Folate malabsorption and its influence on DNA methylation during cancer development.,DNA and cell biology,2012,Journal Article; Retracted Publication,10.1089/dna.2011.1576,,RetractionIn:23650943,https://pubmed.ncbi.nlm.nih.gov/22468673/,2026-05-14
evening-primrose-oil,口服/补剂,月见草油,Evening Primrose Oil,28742409,"The effects of vitamin D and evening primrose oil co-supplementation on lipid profiles and biomarkers of oxidative stress in vitamin D-deficient women with polycystic ovary syndrome: A randomized, double-blind, placebo-controlled trial.",Endocrine research,2018,Journal Article; Randomized Controlled Trial; Retracted Publication,10.1080/07435800.2017.1346661,,ExpressionOfConcernIn:33143484 | RetractionIn:37871101,https://pubmed.ncbi.nlm.nih.gov/28742409/,2026-05-14
d-mannose,口服/补剂,D-甘露糖,D-Mannose,32308412,Mannose Suppresses the Proliferation and Metastasis of Lung Cancer by Targeting the ERK/GSK-3β/β-Catenin/SNAIL Axis.,OncoTargets and therapy,2020,Journal Article; Retracted Publication,10.2147/OTT.S241816,PMC7135191,RetractionIn:38292059,https://pubmed.ncbi.nlm.nih.gov/32308412/,2026-05-14
curcumin,口服/补剂,姜黄素,Curcumin,38507103,Polysaccharide-fecal microbiota-based colon-targeted self-nanoemulsifying drug delivery system of curcumin for treating polycystic ovarian syndrome.,Naunyn-Schmiedeberg's archives of pharmacology,2024,Journal Article; Retracted Publication,10.1007/s00210-024-03029-3,,RetractionIn:39565398,https://pubmed.ncbi.nlm.nih.gov/38507103/,2026-05-14
curcumin,口服/补剂,姜黄素,Curcumin,38339947,The commercially available oral rinse vs. curcumin photosensitizers in an artificial mouth model mimicking their use after meals on early colonizers single species biofilm: An in vitro study.,Technology and health care : official journal of the European Society for Engineering and Medicine,2024,Journal Article; Retracted Publication,10.3233/THC-231814,,RetractionIn:41220113,https://pubmed.ncbi.nlm.nih.gov/38339947/,2026-05-14
curcumin,口服/补剂,姜黄素,Curcumin,38266637,Effect of Curcumin on Dysmenorrhea and Symptoms of Premenstrual Syndrome: A Systematic Review and Meta-Analysis.,Korean journal of family medicine,2024,Journal Article; Retracted Publication,10.4082/kjfm.23.0184,PMC10973707,RetractionIn:40139927,https://pubmed.ncbi.nlm.nih.gov/38266637/,2026-05-14
curcumin,口服/补剂,姜黄素,Curcumin,37471645,Curcumin inhibits esophageal squamous cell carcinoma progression through down-regulating the circNRIP1/miR-532-3p/AKT pathway.,Environmental toxicology,2023,Journal Article; Retracted Publication,10.1002/tox.23905,,RetractionIn:41133991,https://pubmed.ncbi.nlm.nih.gov/37471645/,2026-05-14
curcumin,口服/补剂,姜黄素,Curcumin,37422651,Brief literature review and comprehensive bioinformatics analytics unravel the potential mechanism of curcumin in the treatment of periodontitis.,BMC oral health,2023,"Journal Article; Research Support, Non-U.S. Gov't; Retracted Publication",10.1186/s12903-023-03181-x,PMC10329799,RetractionIn:40089745,https://pubmed.ncbi.nlm.nih.gov/37422651/,2026-05-14
curcumin,口服/补剂,姜黄素,Curcumin,37348638,"Sustainable, economical and rapid treatment of multiple lung diseases using therapeutic potential of curcumin nanoparticles.",Environmental research,2023,"Journal Article; Research Support, Non-U.S. Gov't; Retracted Publication",10.1016/j.envres.2023.116477,,RetractionIn:40466796,https://pubmed.ncbi.nlm.nih.gov/37348638/,2026-05-14
curcumin,口服/补剂,姜黄素,Curcumin,36866793,"Stereoisomers of octahydrocurcumin, the hydrogenated metabolites of curcumin, display stereoselective activity on the CYP2E1 enzyme in L-02 cells.",Food & function,2023,Journal Article; Retracted Publication,10.1039/d2fo03892g,,RetractionIn:41489209,https://pubmed.ncbi.nlm.nih.gov/36866793/,2026-05-14
curcumin,口服/补剂,姜黄素,Curcumin,35721822,The Effect and Related Mechanism of Action of Astragalus Compatible with Curcumin against Colon Cancer Metastasis in Mice.,Gastroenterology research and practice,2022,Journal Article; Retracted Publication,10.1155/2022/9578307,PMC9205740,RetractionIn:37621740,https://pubmed.ncbi.nlm.nih.gov/35721822/,2026-05-14
curcumin,口服/补剂,姜黄素,Curcumin,35711494,Curcumin Improved Intestinal Epithelial Barrier Integrity by Up-Regulating ZO-1/Occludin/Claudin-1 in Septic Rats.,Evidence-based complementary and alternative medicine : eCAM,2022,Journal Article; Retracted Publication,10.1155/2022/2884522,PMC9197639,RetractionIn:38125148,https://pubmed.ncbi.nlm.nih.gov/35711494/,2026-05-14
curcumin,口服/补剂,姜黄素,Curcumin,34202112,RETRACTED: Thymoquinone and Curcumin Defeat Aging-Associated Oxidative Alterations Induced by D-Galactose in Rats' Brain and Heart.,International journal of molecular sciences,2021,Journal Article; Retracted Publication,10.3390/ijms22136839,PMC8268720,RetractionIn:39660544,https://pubmed.ncbi.nlm.nih.gov/34202112/,2026-05-14
curcumin,口服/补剂,姜黄素,Curcumin,33557949,Preservation of dendritic spine morphology and postsynaptic signaling markers after treatment with solid lipid curcumin particles in the 5xFAD mouse model of Alzheimer's amyloidosis.,Alzheimer's research & therapy,2021,"Journal Article; Research Support, Non-U.S. Gov't; Retracted Publication",10.1186/s13195-021-00769-9,PMC7871397,ErratumIn:35272703 | RetractionIn:37773163,https://pubmed.ncbi.nlm.nih.gov/33557949/,2026-05-14
curcumin,口服/补剂,姜黄素,Curcumin,31096703,RTRACTED: Natural Dietary Supplementation of Curcumin Protects Mice Brains against Ethanol-Induced Oxidative Stress-Mediated Neurodegeneration and Memory Impairment via Nrf2/TLR4/RAGE Signaling.,Nutrients,2019,Journal Article; Retracted Publication,10.3390/nu11051082,PMC6566393,RetractionIn:41591790,https://pubmed.ncbi.nlm.nih.gov/31096703/,2026-05-14
curcumin,口服/补剂,姜黄素,Curcumin,31016760,Curcumin ameliorates atherosclerosis through upregulation of miR-126.,Journal of cellular physiology,2019,Journal Article; Retracted Publication,10.1002/jcp.28708,,RetractionIn:34105152,https://pubmed.ncbi.nlm.nih.gov/31016760/,2026-05-14
curcumin,口服/补剂,姜黄素,Curcumin,31013312,Effects of curcumin on glycemic control and lipid profile in prediabetes and type 2 diabetes mellitus: A systematic review and meta-analysis.,PloS one,2019,"Journal Article; Meta-Analysis; Research Support, Non-U.S. Gov't; Systematic Review; Retracted Publication",10.1371/journal.pone.0215840,PMC6478379,RetractionIn:32442218,https://pubmed.ncbi.nlm.nih.gov/31013312/,2026-05-14
curcumin,口服/补剂,姜黄素,Curcumin,31002157,Over-expression of DJ-1 attenuates effects of curcumin on colorectal cancer cell proliferation and apoptosis.,European review for medical and pharmacological sciences,2019,Journal Article; Retracted Publication,10.26355/eurrev_201904_17591,,RetractionIn:32744672,https://pubmed.ncbi.nlm.nih.gov/31002157/,2026-05-14
curcumin,口服/补剂,姜黄素,Curcumin,30110401,RETRACTED: Tramadol-induced hepato- and nephrotoxicity in rats: Role of Curcumin and Gallic acid as antioxidants.,PloS one,2018,Journal Article; Retracted Publication,10.1371/journal.pone.0202110,PMC6093657,RetractionIn:41973663,https://pubmed.ncbi.nlm.nih.gov/30110401/,2026-05-14
curcumin,口服/补剂,姜黄素,Curcumin,29311914,Curcumin-Free Turmeric Exhibits Activity against Human HCT-116 Colon Tumor Xenograft: Comparison with Curcumin and Whole Turmeric.,Frontiers in pharmacology,2017,Journal Article; Retracted Publication,10.3389/fphar.2017.00871,PMC5732987,RetractionIn:29697698,https://pubmed.ncbi.nlm.nih.gov/29311914/,2026-05-14
curcumin,口服/补剂,姜黄素,Curcumin,28377722,Curcumin Improves Palmitate-Induced Insulin Resistance in Human Umbilical Vein Endothelial Cells by Maintaining Proteostasis in Endoplasmic Reticulum.,Frontiers in pharmacology,2017,Journal Article; Retracted Publication,10.3389/fphar.2017.00148,PMC5359258,RetractionIn:37484025,https://pubmed.ncbi.nlm.nih.gov/28377722/,2026-05-14
curcumin,口服/补剂,姜黄素,Curcumin,28120490,Curcumin inhibits the survival and metastasis of prostate cancer cells via the Notch-1 signaling pathway.,"APMIS : acta pathologica, microbiologica, et immunologica Scandinavica",2017,Journal Article; Retracted Publication,10.1111/apm.12650,,RetractionIn:38147025,https://pubmed.ncbi.nlm.nih.gov/28120490/,2026-05-14
curcumin,口服/补剂,姜黄素,Curcumin,26752181,Curcumin Suppresses Proliferation and Migration of MDA-MB-231 Breast Cancer Cells through Autophagy-Dependent Akt Degradation.,PloS one,2016,"Journal Article; Research Support, Non-U.S. Gov't; Retracted Publication",10.1371/journal.pone.0146553,PMC4708990,RetractionIn:36920966,https://pubmed.ncbi.nlm.nih.gov/26752181/,2026-05-14
curcumin,口服/补剂,姜黄素,Curcumin,26032092,Curcumin inhibits growth of prostate carcinoma via miR-208-mediated CDKN1A activation.,Tumour biology : the journal of the International Society for Oncodevelopmental Biology and Medicine,2015,Journal Article; Retracted Publication,10.1007/s13277-015-3592-y,,RetractionIn:28792236,https://pubmed.ncbi.nlm.nih.gov/26032092/,2026-05-14
curcumin,口服/补剂,姜黄素,Curcumin,25792385,Curcumin enhances the radiosensitivity of U87 cells by inducing DUSP-2 up-regulation.,"Cellular physiology and biochemistry : international journal of experimental cellular physiology, biochemistry, and pharmacology",2015,"Journal Article; Research Support, Non-U.S. Gov't; Retracted Publication",10.1159/000373959,,RetractionIn:27475814,https://pubmed.ncbi.nlm.nih.gov/25792385/,2026-05-14
curcumin,口服/补剂,姜黄素,Curcumin,25780454,Curcumin improves the paclitaxel-induced apoptosis of HPV-positive human cervical cancer cells via the NF-κB-p53-caspase-3 pathway.,Experimental and therapeutic medicine,2015,Journal Article; Retracted Publication,10.3892/etm.2015.2240,PMC4353755,RetractionIn:40529389,https://pubmed.ncbi.nlm.nih.gov/25780454/,2026-05-14
curcumin,口服/补剂,姜黄素,Curcumin,25747863,"Curcumin, encapsulated in nano-sized PLGA, down-regulates nuclear factor κB (p65) and subarachnoid hemorrhage induced early brain injury in a rat model.",Brain research,2015,Journal Article; Retracted Publication,10.1016/j.brainres.2015.02.039,,RetractionIn:40841192,https://pubmed.ncbi.nlm.nih.gov/25747863/,2026-05-14
curcumin,口服/补剂,姜黄素,Curcumin,25445044,Dual ACE-inhibition and angiotensin II AT1 receptor antagonism with curcumin attenuate maladaptive cardiac repair and improve ventricular systolic function after myocardial infarctionin rat heart.,European journal of pharmacology,2015,Journal Article; Retracted Publication,10.1016/j.ejphar.2014.11.001,,RetractionIn:26331164 | RetractionIn:26478933,https://pubmed.ncbi.nlm.nih.gov/25445044/,2026-05-14
curcumin,口服/补剂,姜黄素,Curcumin,23613781,Suppression of neuroinflammatory and apoptotic signaling cascade by curcumin alone and in combination with piperine in rat model of olfactory bulbectomy induced depression.,PloS one,2013,"Journal Article; Research Support, Non-U.S. Gov't; Retracted Publication",10.1371/journal.pone.0061052,PMC3629220,RetractionIn:30986275,https://pubmed.ncbi.nlm.nih.gov/23613781/,2026-05-14
curcumin,口服/补剂,姜黄素,Curcumin,23408929,Curcumin potentiates rhabdomyosarcoma radiosensitivity by suppressing NF-κB activity.,PloS one,2013,"Journal Article; Research Support, N.I.H., Extramural; Retracted Publication",10.1371/journal.pone.0051309,PMC3567084,RetractionIn:31469882,https://pubmed.ncbi.nlm.nih.gov/23408929/,2026-05-14
curcumin,口服/补剂,姜黄素,Curcumin,22668778,LRRK2 kinase activity mediates toxic interactions between genetic mutation and oxidative stress in a Drosophila model: suppression by curcumin.,Neurobiology of disease,2012,Journal Article; Retracted Publication,10.1016/j.nbd.2012.05.020,,RetractionIn:40320298,https://pubmed.ncbi.nlm.nih.gov/22668778/,2026-05-14
curcumin,口服/补剂,姜黄素,Curcumin,22051236,Transferrin-conjugated curcumin-loaded superparamagnetic iron oxide nanoparticles induce augmented cellular uptake and apoptosis in K562 cells.,Acta biomaterialia,2012,"Journal Article; Research Support, Non-U.S. Gov't; Retracted Publication",10.1016/j.actbio.2011.10.022,,RetractionIn:23802320,https://pubmed.ncbi.nlm.nih.gov/22051236/,2026-05-14
curcumin,口服/补剂,姜黄素,Curcumin,19735646,"Design of curcumin-loaded PLGA nanoparticles formulation with enhanced cellular uptake, and increased bioactivity in vitro and superior bioavailability in vivo.",Biochemical pharmacology,2010,"Comparative Study; Journal Article; Research Support, N.I.H., Extramural; Research Support, Non-U.S. Gov't; Retracted Publication",10.1016/j.bcp.2009.09.003,PMC3181156,RetractionIn:26985465,https://pubmed.ncbi.nlm.nih.gov/19735646/,2026-05-14
curcumin,口服/补剂,姜黄素,Curcumin,19359525,The dietary polyphenols trans-resveratrol and curcumin selectively bind human CB1 cannabinoid receptors with nanomolar affinities and function as antagonists/inverse agonists.,The Journal of pharmacology and experimental therapeutics,2009,"Comparative Study; Journal Article; Research Support, Non-U.S. Gov't; Retracted Publication",10.1124/jpet.109.151654,,RetractionIn:19940110,https://pubmed.ncbi.nlm.nih.gov/19359525/,2026-05-14
curcumin,口服/补剂,姜黄素,Curcumin,18292803,Curcumin prevents and reverses murine cardiac hypertrophy.,The Journal of clinical investigation,2008,"Journal Article; Research Support, Non-U.S. Gov't; Retracted Publication",10.1172/JCI32865,PMC2248327,CommentIn:18292806 | RetractionIn:19603550,https://pubmed.ncbi.nlm.nih.gov/18292803/,2026-05-14
curcumin,口服/补剂,姜黄素,Curcumin,17240359,Curcumin induces the degradation of cyclin E expression through ubiquitin-dependent pathway and up-regulates cyclin-dependent kinase inhibitors p21 and p27 in multiple human tumor cell lines.,Biochemical pharmacology,2007,"Journal Article; Research Support, N.I.H., Extramural; Research Support, Non-U.S. Gov't; Retracted Publication",10.1016/j.bcp.2006.12.010,,RetractionIn:26985469,https://pubmed.ncbi.nlm.nih.gov/17240359/,2026-05-14
coq10,口服/补剂,辅酶 Q10,Coenzyme Q10,33620550,"A randomized controlled trial on the coloprotective effect of coenzyme Q10 on immune-inflammatory cytokines, oxidative status, antimicrobial peptides, and microRNA-146a expression in patients with mild-to-moderate ulcerative colitis.",European journal of nutrition,2021,Journal Article; Randomized Controlled Trial; Retracted Publication,10.1007/s00394-021-02514-2,,RetractionIn:35767081,https://pubmed.ncbi.nlm.nih.gov/33620550/,2026-05-14
coq10,口服/补剂,辅酶 Q10,Coenzyme Q10,29111905,"The Effects of Coenzyme Q10 Supplementation on Glucose Metabolism, Lipid Profiles, Inflammation, and Oxidative Stress in Patients With Diabetic Nephropathy: A Randomized, Double-Blind, Placebo-Controlled Trial.",Journal of the American College of Nutrition,2018,"Journal Article; Randomized Controlled Trial; Research Support, Non-U.S. Gov't; Retracted Publication",10.1080/07315724.2017.1386140,,ExpressionOfConcernIn:33155885 | UpdateIn:33155885 | RetractionIn:38984775,https://pubmed.ncbi.nlm.nih.gov/29111905/,2026-05-14
coq10,口服/补剂,辅酶 Q10,Coenzyme Q10,28949260,"The effects of coenzyme Q10 supplementation on gene expression related to insulin, lipid and inflammation in patients with polycystic ovary syndrome.",Gynecological endocrinology : the official journal of the International Society of Gynecological Endocrinology,2018,Journal Article; Randomized Controlled Trial; Retracted Publication,10.1080/09513590.2017.1381680,,ExpressionOfConcernIn:33174793 | UpdateIn:33174793 | RetractionIn:38584497,https://pubmed.ncbi.nlm.nih.gov/28949260/,2026-05-14
coq10,口服/补剂,辅酶 Q10,Coenzyme Q10,24813752,Combined coenzyme Q10 and clomiphene citrate for ovulation induction in clomiphene-citrate-resistant polycystic ovary syndrome.,Reproductive biomedicine online,2014,Journal Article; Randomized Controlled Trial; Retracted Publication,10.1016/j.rbmo.2014.03.011,,ExpressionOfConcernIn:37673473 | RetractionIn:37683569,https://pubmed.ncbi.nlm.nih.gov/24813752/,2026-05-14
coq10,口服/补剂,辅酶 Q10,Coenzyme Q10,22448096,Effects of coenzyme Q10 and α-lipoic acid supplementation in fructose fed rats.,Journal of clinical biochemistry and nutrition,2012,Journal Article; Retracted Publication,10.3164/jcbn.11-47,PMC3303477,RetractionIn:22962537,https://pubmed.ncbi.nlm.nih.gov/22448096/,2026-05-14
copper,口服/补剂,铜,Copper,38876422,Adsorption of terbutaline β-agonists from wastewater by mechano-synthesized iron oxide nanoparticles modified copper (II) isonicotinate metal-organic framework.,Environmental research,2024,Journal Article; Retracted Publication,10.1016/j.envres.2024.119413,,RetractionIn:39627035,https://pubmed.ncbi.nlm.nih.gov/38876422/,2026-05-14
copper,口服/补剂,铜,Copper,38452479,RETRACTED: Sixteen years of canine hepatic copper concentrations within normal reference ranges in dogs fed a broad range of commercial diets.,Journal of the American Veterinary Medical Association,2024,Journal Article; Retracted Publication,10.2460/javma.23.11.0621,,RetractionIn:38772407,https://pubmed.ncbi.nlm.nih.gov/38452479/,2026-05-14
copper,口服/补剂,铜,Copper,37692067,Hippophae rhamnoides L. (sea buckthorn) mediated green synthesis of copper nanoparticles and their application in anticancer activity.,Frontiers in molecular biosciences,2023,Journal Article; Retracted Publication,10.3389/fmolb.2023.1246728,PMC10484619,RetractionIn:41797991,https://pubmed.ncbi.nlm.nih.gov/37692067/,2026-05-14
copper,口服/补剂,铜,Copper,36864348,Vitamin D alleviates cognitive dysfunction and brain damage induced by copper sulfate intake in experimental rats: focus on its combination with donepezil.,Naunyn-Schmiedeberg's archives of pharmacology,2023,"Journal Article; Research Support, Non-U.S. Gov't; Retracted Publication",10.1007/s00210-023-02449-x,PMC10409850,RetractionIn:37642663,https://pubmed.ncbi.nlm.nih.gov/36864348/,2026-05-14
copper,口服/补剂,铜,Copper,35917103,Copper Phthalocyanine Improving Nonaqueous Catalysis of Pseudomonas cepacia Lipase for Ester Synthesis.,Applied biochemistry and biotechnology,2022,Journal Article; Retracted Publication,10.1007/s12010-022-04080-7,,RetractionIn:37368172,https://pubmed.ncbi.nlm.nih.gov/35917103/,2026-05-14
copper,口服/补剂,铜,Copper,33938360,"Impact of maternal iron deficiency anaemia on the expression of the newly discovered multi-copper ferroxidase, Zyklopen, in term placentas.",Journal of obstetrics and gynaecology : the journal of the Institute of Obstetrics and Gynaecology,2022,Journal Article; Retracted Publication,10.1080/01443615.2021.1882968,,RetractionIn:39042043,https://pubmed.ncbi.nlm.nih.gov/33938360/,2026-05-14
copper,口服/补剂,铜,Copper,33740180,"Copper Induces Spleen Damage Through Modulation of Oxidative Stress, Apoptosis, DNA Damage, and Inflammation.",Biological trace element research,2022,Journal Article; Retracted Publication,10.1007/s12011-021-02672-8,,RetractionIn:39729243,https://pubmed.ncbi.nlm.nih.gov/33740180/,2026-05-14
copper,口服/补剂,铜,Copper,33706171,mtROS-mediated Akt/AMPK/mTOR pathway was involved in Copper-induced autophagy and it attenuates Copper-induced apoptosis in RAW264.7 mouse monocytes.,Redox biology,2021,"Journal Article; Research Support, Non-U.S. Gov't; Retracted Publication",10.1016/j.redox.2021.101912,PMC7944049,RetractionIn:38851954,https://pubmed.ncbi.nlm.nih.gov/33706171/,2026-05-14
copper,口服/补剂,铜,Copper,33409152,Disulfiram Chelated With Copper Inhibits the Growth of Gastric Cancer Cells by Modulating Stress Response and Wnt/β-catenin Signaling.,Frontiers in oncology,2020,Journal Article; Retracted Publication,10.3389/fonc.2020.595718,PMC7780754,RetractionIn:39263189,https://pubmed.ncbi.nlm.nih.gov/33409152/,2026-05-14
copper,口服/补剂,铜,Copper,32669563,Suppressor capacity of copper nanoparticles biosynthesized using Crocus sativus L. leaf aqueous extract on methadone-induced cell death in adrenal phaeochromocytoma (PC12) cell line.,Scientific reports,2020,Journal Article; Retracted Publication,10.1038/s41598-020-68142-8,PMC7363853,RetractionIn:33257742,https://pubmed.ncbi.nlm.nih.gov/32669563/,2026-05-14
copper,口服/补剂,铜,Copper,32614844,"Facile, one-pot biosynthesis and characterization of iron, copper and silver nanoparticles using Syzygium cumini leaf extract: As an effective antimicrobial and aflatoxin B1 adsorption agents.",PloS one,2020,Journal Article; Retracted Publication,10.1371/journal.pone.0234964,PMC7331986,RetractionIn:40768500,https://pubmed.ncbi.nlm.nih.gov/32614844/,2026-05-14
copper,口服/补剂,铜,Copper,30247074,Oral micronised flavonoids versus tranexamic acid for treatment of heavy menstrual bleeding secondary to copper IUD use: a randomised double-blind clinical trial.,The European journal of contraception & reproductive health care : the official journal of the European Society of Contraception,2018,Journal Article; Randomized Controlled Trial; Retracted Publication,10.1080/13625187.2018.1515349,,RetractionIn:38362734,https://pubmed.ncbi.nlm.nih.gov/30247074/,2026-05-14
copper,口服/补剂,铜,Copper,30168446,Ameliorative effects of Moringa oleifera on copper nanoparticle induced toxicity in Cyprinus carpio assessed by histology and oxidative stress markers.,Nanotechnology,2018,Journal Article; Retracted Publication,10.1088/1361-6528/aade23,,RetractionIn:36994926,https://pubmed.ncbi.nlm.nih.gov/30168446/,2026-05-14
copper,口服/补剂,铜,Copper,29589240,"Evaluating toxicity of copper(II) oxide nanoparticles (CuO-NPs) through waterborne exposure to tilapia (Oreochromis mossambicus) by tissue accumulation, oxidative stress, histopathology, and genotoxicity.",Environmental science and pollution research international,2018,Journal Article; Retracted Publication,10.1007/s11356-018-1813-9,,RetractionIn:38351358,https://pubmed.ncbi.nlm.nih.gov/29589240/,2026-05-14
copper,口服/补剂,铜,Copper,25963145,Functional and Biochemical Characterization of Cucumber Genes Encoding Two Copper ATPases CsHMA5.1 and CsHMA5.2.,The Journal of biological chemistry,2015,"Journal Article; Research Support, Non-U.S. Gov't; Retracted Publication",10.1074/jbc.M114.618355,PMC4505482,RetractionIn:31471382,https://pubmed.ncbi.nlm.nih.gov/25963145/,2026-05-14
copper,口服/补剂,铜,Copper,21319953,"Contribution of nano-copper particles to in vivo liver dysfunction and cellular damage: role of IκBα/NF-κB, MAPKs and mitochondrial signal.",Nanotoxicology,2012,Journal Article; Retracted Publication,10.3109/17435390.2011.552124,,RetractionIn:38505930,https://pubmed.ncbi.nlm.nih.gov/21319953/,2026-05-14
copper,口服/补剂,铜,Copper,21221660,"Influence of arbuscular mycorrhizal fungi and copper on growth, accumulation of osmolyte, mineral nutrition and antioxidant enzyme activity of pepper (Capsicum annuum L.).",Mycorrhiza,2011,Journal Article; Retracted Publication,10.1007/s00572-010-0360-0,,RetractionIn:21922232,https://pubmed.ncbi.nlm.nih.gov/21221660/,2026-05-14
copper,口服/补剂,铜,Copper,17585902,"Apoptotic cell death: a possible key event in mediating the in vitro anti-proliferative effect of a novel copper(II) complex, [Cu(4-Mecdoa)(phen)(2)] (phen=phenanthroline, 4-Mecdoa=4-methylcoumarin-6,7-dioxactetate), in human malignant cancer cells.",European journal of pharmacology,2007,"Journal Article; Research Support, Non-U.S. Gov't; Retracted Publication",10.1016/j.ejphar.2007.04.064,,RetractionIn:40850888,https://pubmed.ncbi.nlm.nih.gov/17585902/,2026-05-14
citrulline,口服/补剂,瓜氨酸,Citrulline,30206378,Effect of L-citrulline supplementation on blood pressure: a systematic review and meta-analysis of randomized controlled trials.,Journal of human hypertension,2019,Journal Article; Retracted Publication,10.1038/s41371-018-0108-4,,RetractionIn:31690817,https://pubmed.ncbi.nlm.nih.gov/30206378/,2026-05-14
cinnamon,口服/补剂,肉桂,Cinnamon,36090212,"Histological, ultrastructural and immunohistochemical studies on the ameliorative role of Cinnamon zeylanicum against high cholesterol diet-induced hypercholesterolemia in the kidney of adult male albino rats.",Heliyon,2022,Journal Article; Retracted Publication,10.1016/j.heliyon.2022.e10401,PMC9449651,RetractionIn:37539156,https://pubmed.ncbi.nlm.nih.gov/36090212/,2026-05-14
cinnamon,口服/补剂,肉桂,Cinnamon,35008615,"RETRACTED: Sodium Benzoate, a Metabolite of Cinnamon and a Food Additive, Improves Cognitive Functions in Mice after Controlled Cortical Impact Injury.",International journal of molecular sciences,2021,Journal Article; Retracted Publication,10.3390/ijms23010192,PMC8745327,RetractionIn:41758926,https://pubmed.ncbi.nlm.nih.gov/35008615/,2026-05-14
chromium,口服/补剂,铬,Chromium,38125608,Sequestration of chromium(vi) and nickel(ii) heavy metals from unhygienic water via sustainable and innovative magnetic nanotechnology.,Nanoscale advances,2023,Journal Article; Retracted Publication,10.1039/d3na00923h,PMC10729917,RetractionIn:39421587,https://pubmed.ncbi.nlm.nih.gov/38125608/,2026-05-14
chromium,口服/补剂,铬,Chromium,37809394,The role of chromium supplementation in cardiovascular risk factors: A comprehensive reviews of putative molecular mechanisms.,Heliyon,2023,Journal Article; Review; Retracted Publication,10.1016/j.heliyon.2023.e19826,PMC10559203,RetractionIn:41497844,https://pubmed.ncbi.nlm.nih.gov/37809394/,2026-05-14
chromium,口服/补剂,铬,Chromium,37478726,Melatonin and strigolactone mitigate chromium toxicity through modulation of ascorbate-glutathione pathway and gene expression in tomato.,Plant physiology and biochemistry : PPB,2023,Journal Article; Retracted Publication,10.1016/j.plaphy.2023.107872,,RetractionIn:41421860,https://pubmed.ncbi.nlm.nih.gov/37478726/,2026-05-14
chromium,口服/补剂,铬,Chromium,35421180,RETRACTED: Neuroprotective effect of sodium alginate against chromium-induced brain damage in rats.,PloS one,2022,Journal Article; Retracted Publication,10.1371/journal.pone.0266898,PMC9009676,RetractionIn:41706724,https://pubmed.ncbi.nlm.nih.gov/35421180/,2026-05-14
chromium,口服/补剂,铬,Chromium,34995308,"Combined application of zinc and iron-lysine and its effects on morpho-physiological traits, antioxidant capacity and chromium uptake in rapeseed (Brassica napus L.).",PloS one,2022,Journal Article; Retracted Publication,10.1371/journal.pone.0262140,PMC8740971,RetractionIn:35921314,https://pubmed.ncbi.nlm.nih.gov/34995308/,2026-05-14
chromium,口服/补剂,铬,Chromium,30524820,"Retracted Human Health Risk of Chromium Intake From Consumption of Poultry Meat and Eggs in Dhaka, Bangladesh.",Journal of health & pollution,2017,Journal Article; Retracted Publication,10.5696/2156-9614-7.14.30,PMC6259483,RetractionIn:30524834,https://pubmed.ncbi.nlm.nih.gov/30524820/,2026-05-14
chromium,口服/补剂,铬,Chromium,22033423,Ameliorative effect of vitamin C on hexavalent chromium-induced delay in sexual maturation and oxidative stress in developing Wistar rat ovary and uterus.,Toxicology and industrial health,2012,Journal Article; Retracted Publication,10.1177/0748233711422728,,RetractionIn:26631163,https://pubmed.ncbi.nlm.nih.gov/22033423/,2026-05-14
chromium,口服/补剂,铬,Chromium,18165437,Antidiabetogenic effects of chromium mitigate hyperinsulinemia-induced cellular insulin resistance via correction of plasma membrane cholesterol imbalance.,"Molecular endocrinology (Baltimore, Md.)",2008,"Journal Article; Research Support, N.I.H., Extramural; Research Support, Non-U.S. Gov't; Retracted Publication",10.1210/me.2007-0410,PMC2276473,CommentIn:20419853 | RetractionIn:20514688,https://pubmed.ncbi.nlm.nih.gov/18165437/,2026-05-14
choline,口服/补剂,胆碱,Choline,31991181,Role of hepatic neuropeptide Y-Y1 receptors in a methionine-choline-deficient model of non-alcoholic steatohepatitis.,Life sciences,2020,Journal Article; Retracted Publication,10.1016/j.lfs.2020.117356,,RetractionIn:34243946,https://pubmed.ncbi.nlm.nih.gov/31991181/,2026-05-14
calcium-magnesium,口服/补剂,钙/镁,Calcium / Magnesium,38467361,Efficient biogenesis of calcium oxide nanoparticles using the extract of Eleusine coracana seeds and their application against multidrug-resistant ocular bacterial pathogens.,Environmental research,2024,Journal Article; Retracted Publication,10.1016/j.envres.2024.118632,,RetractionIn:41570721,https://pubmed.ncbi.nlm.nih.gov/38467361/,2026-05-14
calcium-magnesium,口服/补剂,钙/镁,Calcium / Magnesium,38064270,Calcitriol combined with high-calcium and high-phosphorus diet induces vascular calcification model in chronic kidney disease rats.,Environmental toxicology,2024,Journal Article; Retracted Publication,10.1002/tox.24039,,RetractionIn:39838874,https://pubmed.ncbi.nlm.nih.gov/38064270/,2026-05-14
calcium-magnesium,口服/补剂,钙/镁,Calcium / Magnesium,36773634,"Silk sericin conjugated magnesium oxide nanoparticles for its antioxidant, anti-aging, and anti-biofilm activities.",Environmental research,2023,"Journal Article; Research Support, Non-U.S. Gov't; Retracted Publication",10.1016/j.envres.2023.115421,,RetractionIn:40483976,https://pubmed.ncbi.nlm.nih.gov/36773634/,2026-05-14
calcium-magnesium,口服/补剂,钙/镁,Calcium / Magnesium,35966747,Effect of Calcium Carbonate Preparation on Malnutrition in Preschool Children.,Evidence-based complementary and alternative medicine : eCAM,2022,Journal Article; Retracted Publication,10.1155/2022/4025972,PMC9365585,RetractionIn:37387829,https://pubmed.ncbi.nlm.nih.gov/35966747/,2026-05-14
calcium-magnesium,口服/补剂,钙/镁,Calcium / Magnesium,35615690,Development of Atorvastatin Calcium Biloaded Capsules for Oral Administration of Hypercholesterolemia.,Evidence-based complementary and alternative medicine : eCAM,2022,Journal Article; Retracted Publication,10.1155/2022/4995508,PMC9126722,RetractionIn:37593018,https://pubmed.ncbi.nlm.nih.gov/35615690/,2026-05-14
calcium-magnesium,口服/补剂,钙/镁,Calcium / Magnesium,35368954,Clinical Effect of Nimodipine Combined with Magnesium Sulfate on Pregnancy-Induced Hypertension Syndrome.,Journal of healthcare engineering,2022,Journal Article; Randomized Controlled Trial; Retracted Publication,10.1155/2022/7217543,PMC8975643,RetractionIn:37771986,https://pubmed.ncbi.nlm.nih.gov/35368954/,2026-05-14
calcium-magnesium,口服/补剂,钙/镁,Calcium / Magnesium,35035523,Antibacterial and Antioxidant Effects of Magnesium Alloy on Titanium Dental Implants.,Computational and mathematical methods in medicine,2022,Journal Article; Retracted Publication,10.1155/2022/6537676,PMC8758302,RetractionIn:38094419,https://pubmed.ncbi.nlm.nih.gov/35035523/,2026-05-14
calcium-magnesium,口服/补剂,钙/镁,Calcium / Magnesium,34847839,Dihydroartemisinin represses oral squamous cell carcinoma progression through downregulating mitochondrial calcium uniporter.,Bioengineered,2022,"Journal Article; Research Support, Non-U.S. Gov't; Retracted Publication",10.1080/21655979.2021.2012951,PMC8805845,RetractionIn:40539848,https://pubmed.ncbi.nlm.nih.gov/34847839/,2026-05-14
calcium-magnesium,口服/补剂,钙/镁,Calcium / Magnesium,34492849,Inhibition effects of long-term calcium-magnesia phosphate fertilizer application on Cd uptake in rice: Regulation of the iron-nitrogen coupling cycle driven by the soil microbial community.,Journal of hazardous materials,2021,"Journal Article; Research Support, Non-U.S. Gov't; Retracted Publication",10.1016/j.jhazmat.2021.125916,,RetractionIn:38704339,https://pubmed.ncbi.nlm.nih.gov/34492849/,2026-05-14
calcium-magnesium,口服/补剂,钙/镁,Calcium / Magnesium,32728854,Intracerebroventricular streptozotocin administration impairs mitochondrial calcium homeostasis and bioenergetics in memory-sensitive rat brain regions.,Experimental brain research,2020,Journal Article; Retracted Publication,10.1007/s00221-020-05896-7,,RetractionIn:37668616,https://pubmed.ncbi.nlm.nih.gov/32728854/,2026-05-14
calcium-magnesium,口服/补剂,钙/镁,Calcium / Magnesium,30840612,Caffeine Treatment Promotes Differentiation and Maturation of Hypoxic Oligodendrocytes via Counterbalancing Adenosine 1 Adenosine Receptor-Induced Calcium Overload.,Medical science monitor : international medical journal of experimental and clinical research,2019,Journal Article; Retracted Publication,10.12659/MSM.915147,PMC6415592,RetractionIn:37190968,https://pubmed.ncbi.nlm.nih.gov/30840612/,2026-05-14
calcium-magnesium,口服/补剂,钙/镁,Calcium / Magnesium,29316405,"Magnesium-zinc-calcium-vitamin D co-supplementation improves glycemic control and markers of cardiometabolic risk in gestational diabetes: a randomized, double-blind, placebo-controlled trial.","Applied physiology, nutrition, and metabolism = Physiologie appliquee, nutrition et metabolisme",2018,Journal Article; Randomized Controlled Trial; Retracted Publication,10.1139/apnm-2017-0521,,RetractionIn:40171961,https://pubmed.ncbi.nlm.nih.gov/29316405/,2026-05-14
calcium-magnesium,口服/补剂,钙/镁,Calcium / Magnesium,28668998,"Magnesium-Zinc-Calcium-Vitamin D Co-supplementation Improves Hormonal Profiles, Biomarkers of Inflammation and Oxidative Stress in Women with Polycystic Ovary Syndrome: a Randomized, Double-Blind, Placebo-Controlled Trial.",Biological trace element research,2018,Journal Article; Randomized Controlled Trial; Retracted Publication,10.1007/s12011-017-1085-0,,RetractionIn:36418637 | ErratumIn:36469238,https://pubmed.ncbi.nlm.nih.gov/28668998/,2026-05-14
calcium-magnesium,口服/补剂,钙/镁,Calcium / Magnesium,28544600,Effect of magnesium on arrhythmia incidence in patients undergoing coronary artery bypass grafting.,ANZ journal of surgery,2018,Comparative Study; Journal Article; Randomized Controlled Trial; Retracted Publication,10.1111/ans.14056,,RetractionIn:38747252,https://pubmed.ncbi.nlm.nih.gov/28544600/,2026-05-14
calcium-magnesium,口服/补剂,钙/镁,Calcium / Magnesium,28899817,Acute oral toxicity study of magnesium oxide nanoparticles and microparticles in female albino Wistar rats.,Regulatory toxicology and pharmacology : RTP,2017,Comparative Study; Journal Article; Retracted Publication,10.1016/j.yrtph.2017.09.005,,RetractionIn:41213843,https://pubmed.ncbi.nlm.nih.gov/28899817/,2026-05-14
calcium-magnesium,口服/补剂,钙/镁,Calcium / Magnesium,26808666,RETRACTED: Calcium versus oral contraceptive pills containing drospirenone for the treatment of mild to moderate premenstrual syndrome: a double blind randomized placebo controlled trial.,"European journal of obstetrics, gynecology, and reproductive biology",2016,Journal Article; Randomized Controlled Trial; Retracted Publication,10.1016/j.ejogrb.2016.01.015,,RetractionIn:31455589,https://pubmed.ncbi.nlm.nih.gov/26808666/,2026-05-14
calcium-magnesium,口服/补剂,钙/镁,Calcium / Magnesium,26016859,"Retracted: Magnesium supplementation affects metabolic status and pregnancy outcomes in gestational diabetes: a randomized, double-blind, placebo-controlled trial.",The American journal of clinical nutrition,2015,"Journal Article; Randomized Controlled Trial; Research Support, Non-U.S. Gov't; Retracted Publication",10.3945/ajcn.114.098616,,ExpressionOfConcernIn:33094799 | RetractionIn:33966085,https://pubmed.ncbi.nlm.nih.gov/26016859/,2026-05-14
calcium-magnesium,口服/补剂,钙/镁,Calcium / Magnesium,25215286,Rhubarb tannins extract inhibits the expression of aquaporins 2 and 3 in magnesium sulphate-induced diarrhoea model.,BioMed research international,2014,"Journal Article; Research Support, Non-U.S. Gov't; Retracted Publication",10.1155/2014/619465,PMC4151595,RetractionIn:40777206,https://pubmed.ncbi.nlm.nih.gov/25215286/,2026-05-14
calcium-magnesium,口服/补剂,钙/镁,Calcium / Magnesium,25099178,Anti-wrinkle effect of magnesium lithospermate B from Salvia miltiorrhiza BUNGE: inhibition of MMPs via NF-kB signaling.,PloS one,2014,"Journal Article; Research Support, Non-U.S. Gov't; Retracted Publication",10.1371/journal.pone.0102689,PMC4123883,RetractionIn:31039201,https://pubmed.ncbi.nlm.nih.gov/25099178/,2026-05-14
calcium-magnesium,口服/补剂,钙/镁,Calcium / Magnesium,23573102,"Specific nephrotoxicity and cardiotoxicity of BT-CAL®, Sigma Anti-bonding Molecule Calcium Carbonate, in mice.",Laboratory animal research,2013,Journal Article; Retracted Publication,10.5625/lar.2013.29.1.7,PMC3616211,RetractionIn:27382384,https://pubmed.ncbi.nlm.nih.gov/23573102/,2026-05-14
calcium-magnesium,口服/补剂,钙/镁,Calcium / Magnesium,21987453,"Altered store operated calcium entry increases cyclic 3',5'-adenosine monophosphate production and extracellular signal-regulated kinases 1 and 2 phosphorylation in polycystin-2-defective cholangiocytes.","Hepatology (Baltimore, Md.)",2012,"Journal Article; Research Support, N.I.H., Extramural; Research Support, Non-U.S. Gov't; Retracted Publication",10.1002/hep.24723,PMC3272110,ErratumIn:35434825 | CommentIn:37122931 | RetractionIn:37478364,https://pubmed.ncbi.nlm.nih.gov/21987453/,2026-05-14
calcium-magnesium,口服/补剂,钙/镁,Calcium / Magnesium,21833783,Magnesium lithospermate B alleviates the production of endothelin-1 through an NO-dependent mechanism and reduces experimental vasospasm in rats.,Acta neurochirurgica,2011,Journal Article; Retracted Publication,10.1007/s00701-011-1082-6,,RetractionIn:38231314,https://pubmed.ncbi.nlm.nih.gov/21833783/,2026-05-14
calcium-magnesium,口服/补剂,钙/镁,Calcium / Magnesium,21778673,The prevention of hip fracture with menatetrenone and risedronate plus calcium supplementation in elderly patients with Alzheimer disease: a randomized controlled trial.,The Kurume medical journal,2011,"Journal Article; Randomized Controlled Trial; Research Support, Non-U.S. Gov't; Retracted Publication",10.2739/kurumemedj.57.117,,RetractionIn:28408729,https://pubmed.ncbi.nlm.nih.gov/21778673/,2026-05-14
calcium-magnesium,口服/补剂,钙/镁,Calcium / Magnesium,18851852,Calcium supplementation for the prevention of pre-eclampsia.,International journal of gynaecology and obstetrics: the official organ of the International Federation of Gynaecology and Obstetrics,2009,"Journal Article; Randomized Controlled Trial; Research Support, Non-U.S. Gov't; Retracted Publication",10.1016/j.ijgo.2008.08.027,,RetractionIn:39558631,https://pubmed.ncbi.nlm.nih.gov/18851852/,2026-05-14
calcium-magnesium,口服/补剂,钙/镁,Calcium / Magnesium,18597101,Calcium in midpregnancy.,Archives of gynecology and obstetrics,2009,Journal Article; Retracted Publication,10.1007/s00404-008-0705-5,,RetractionIn:36645504,https://pubmed.ncbi.nlm.nih.gov/18597101/,2026-05-14
calcium-magnesium,口服/补剂,钙/镁,Calcium / Magnesium,17911405,Non-esterified fatty acids and human lymphocyte death: a mechanism that involves calcium release and oxidative stress.,The Journal of endocrinology,2007,"Comparative Study; Journal Article; Research Support, Non-U.S. Gov't; Retracted Publication",10.1677/JOE-07-0195,,ErratumIn | ErratumIn | RetractionIn:23717843,https://pubmed.ncbi.nlm.nih.gov/17911405/,2026-05-14
calcium-magnesium,口服/补剂,钙/镁,Calcium / Magnesium,16824631,Carvedilol restore cardiac calcium release channel structure and function in heart failure.,International journal of cardiology,2007,Journal Article; Retracted Publication,10.1016/j.ijcard.2006.03.051,,RetractionIn:18158190,https://pubmed.ncbi.nlm.nih.gov/16824631/,2026-05-14
calcium-magnesium,口服/补剂,钙/镁,Calcium / Magnesium,17035703,Longitudinal study of bone and calcium metabolism and fracture incidence in spinocerebellar degeneration.,European neurology,2006,Journal Article; Retracted Publication,10.1159/000096179,,RetractionIn:29421782,https://pubmed.ncbi.nlm.nih.gov/17035703/,2026-05-14
boswellia,口服/补剂,乳香提取物,Boswellia,23111960,Boswellia serrata and Salvia miltiorrhiza extracts reduce DMN-induced hepatic fibrosis in mice by TGF-beta1 downregulation.,European review for medical and pharmacological sciences,2012,"Journal Article; Research Support, Non-U.S. Gov't; Retracted Publication",,,RetractionIn:41342066,https://pubmed.ncbi.nlm.nih.gov/23111960/,2026-05-14
black-seed-oil,口服/补剂,黑种草籽油,Black Seed Oil,32512788,"RETRACTED: Cold-Pressed Nigella Sativa Oil Standardized to 3% Thymoquinone Potentiates Omega-3 Protection against Obesity-Induced Oxidative Stress, Inflammation, and Markers of Insulin Resistance Accompanied with Conversion of White to Beige Fat in Mice.","Antioxidants (Basel, Switzerland)",2020,Journal Article; Retracted Publication,10.3390/antiox9060489,PMC7346210,RetractionIn:40539260,https://pubmed.ncbi.nlm.nih.gov/32512788/,2026-05-14
beta-glucan,口服/补剂,β-葡聚糖,Beta-Glucan,32520965,β-glucan administration improves growth performance and gut health in New Zealand White and APRI rabbits with different breed responses.,PloS one,2020,Journal Article; Retracted Publication,10.1371/journal.pone.0234076,PMC7286524,RetractionIn:39018324,https://pubmed.ncbi.nlm.nih.gov/32520965/,2026-05-14
beta-carotene,口服/补剂,β-胡萝卜素,Beta-Carotene,22854406,β-Carotene in Golden Rice is as good as β-carotene in oil at providing vitamin A to children.,The American journal of clinical nutrition,2012,"Comparative Study; Journal Article; Randomized Controlled Trial; Research Support, N.I.H., Extramural; Research Support, Non-U.S. Gov't; Research Support, U.S. Gov't, Non-P.H.S.; Retracted Publication",10.3945/ajcn.111.030775,PMC3417220,RetractionIn:26224301,https://pubmed.ncbi.nlm.nih.gov/22854406/,2026-05-14
beta-carotene,口服/补剂,β-胡萝卜素,Beta-Carotene,17448905,Redox regulation of 7-ketocholesterol-induced apoptosis by beta-carotene in human macrophages.,Free radical biology & medicine,2007,"Journal Article; Research Support, Non-U.S. Gov't; Retracted Publication",10.1016/j.freeradbiomed.2007.02.023,,RetractionIn:25371921,https://pubmed.ncbi.nlm.nih.gov/17448905/,2026-05-14
berberine,口服/补剂,小檗碱,Berberine,36276998,Berberine Inhibits Herpes Simplex Virus 1 Replication in HEK293T Cells.,Computational and mathematical methods in medicine,2022,Journal Article; Retracted Publication,10.1155/2022/7137401,PMC9586773,RetractionIn:38124975,https://pubmed.ncbi.nlm.nih.gov/36276998/,2026-05-14
berberine,口服/补剂,小檗碱,Berberine,35465190,Chitosan-Coated Solid Lipid Nano-Encapsulation Improves the Therapeutic Antiairway Inflammation Effect of Berberine against COPD in Cigarette Smoke-Exposed Rats.,Canadian respiratory journal,2022,Journal Article; Retracted Publication,10.1155/2022/8509396,PMC9033382,RetractionIn:41728588,https://pubmed.ncbi.nlm.nih.gov/35465190/,2026-05-14
berberine,口服/补剂,小檗碱,Berberine,33632015,Berberine elevates mitochondrial membrane potential and decreases reactive oxygen species by inhibiting the Rho/ROCK pathway in rats with diabetic encephalopathy.,Molecular pain,2021,Journal Article; Retracted Publication,10.1177/1744806921996101,PMC7934021,RetractionIn:37009829,https://pubmed.ncbi.nlm.nih.gov/33632015/,2026-05-14
berberine,口服/补剂,小檗碱,Berberine,32524872,Effect of berberine on LPS-induced expression of NF-κB/MAPK signalling pathway and related inflammatory cytokines in porcine intestinal epithelial cells.,Innate immunity,2020,"Journal Article; Research Support, Non-U.S. Gov't; Retracted Publication",10.1177/1753425920930074,PMC7556191,RetractionIn:41879112,https://pubmed.ncbi.nlm.nih.gov/32524872/,2026-05-14
berberine,口服/补剂,小檗碱,Berberine,32277648,"Berberine inhibits human gastric cancer cell growth via deactivation of p38/JNK pathway, induction of mitochondrial-mediated apoptosis, caspase activation and NF-κB inhibition.",Journal of B.U.ON. : official journal of the Balkan Union of Oncology,2020,Journal Article; Retracted Publication,,,RetractionIn,https://pubmed.ncbi.nlm.nih.gov/32277648/,2026-05-14
berberine,口服/补剂,小檗碱,Berberine,31545226,Effects of berberine and metformin on intestinal inflammation and gut microbiome composition in db/db mice.,Biomedicine & pharmacotherapy = Biomedecine & pharmacotherapie,2019,Journal Article; Retracted Publication,10.1016/j.biopha.2019.109131,,RetractionIn:42020220,https://pubmed.ncbi.nlm.nih.gov/31545226/,2026-05-14
berberine,口服/补剂,小檗碱,Berberine,31391714,"Modulatory Effects of Berberine Chloride on Lipid Profile, Oxidant Status and Insulin Signaling Molecules in Streptozotocin Induced Diabetic Rats.",Indian journal of clinical biochemistry : IJCB,2019,Journal Article; Retracted Publication,10.1007/s12291-018-0754-x,PMC6660533,RetractionIn:35873615,https://pubmed.ncbi.nlm.nih.gov/31391714/,2026-05-14
berberine,口服/补剂,小檗碱,Berberine,29491706,Berberine nanoparticles with enhanced in vitro bioavailability: characterization and antimicrobial activity.,"Drug design, development and therapy",2018,Journal Article; Retracted Publication,10.2147/DDDT.S156123,PMC5817421,RetractionIn:38333898,https://pubmed.ncbi.nlm.nih.gov/29491706/,2026-05-14
berberine,口服/补剂,小檗碱,Berberine,25409232,Berberine improves kidney function in diabetic mice via AMPK activation.,PloS one,2014,"Journal Article; Research Support, Non-U.S. Gov't; Retracted Publication",10.1371/journal.pone.0113398,PMC4237447,RetractionIn:29284063,https://pubmed.ncbi.nlm.nih.gov/25409232/,2026-05-14
berberine,口服/补剂,小檗碱,Berberine,16621886,"Berberine inhibits growth, induces G1 arrest and apoptosis in human epidermoid carcinoma A431 cells by regulating Cdki-Cdk-cyclin cascade, disruption of mitochondrial membrane potential and cleavage of caspase 3 and PARP.",Carcinogenesis,2006,"Journal Article; Research Support, N.I.H., Extramural; Research Support, U.S. Gov't, Non-P.H.S.; Retracted Publication",10.1093/carcin/bgl043,,RetractionIn:29726975,https://pubmed.ncbi.nlm.nih.gov/16621886/,2026-05-14
beetroot,口服/补剂,甜菜根,Beetroot / Nitrate,38623889,Interactions between nitrate reductase 2 and catalase 1 fine-tune disease resistance in cassava.,Journal of experimental botany,2025,Journal Article; Retracted Publication,10.1093/jxb/erae167,,RetractionIn:40197793,https://pubmed.ncbi.nlm.nih.gov/38623889/,2026-05-14
bacopa,口服/补剂,婆罗米,Bacopa,35992047,Development of Microneedle Patch Loaded with Bacopa monnieri Solid Lipid Nanoparticles for the Effective Management of Parkinson's Disease.,Bioinorganic chemistry and applications,2022,Journal Article; Retracted Publication,10.1155/2022/9150205,PMC9385340,RetractionIn:38298484,https://pubmed.ncbi.nlm.nih.gov/35992047/,2026-05-14
arginine,口服/补剂,精氨酸,Arginine,32114003,The antidepressant effects of l-arginine on chronic mild stress-induced depression by augmenting the expression of brain-derived neurotrophic factor in rats.,Brain research bulletin,2020,Journal Article; Retracted Publication,10.1016/j.brainresbull.2020.02.014,,RetractionIn:32690227,https://pubmed.ncbi.nlm.nih.gov/32114003/,2026-05-14
arginine,口服/补剂,精氨酸,Arginine,30054435,Lead induces the up-regulation of the protein arginine methyltransferase 5 possibly by its promoter demethylation.,The Biochemical journal,2018,"Journal Article; Research Support, Non-U.S. Gov't; Retracted Publication",10.1042/BCJ20180009,,RetractionIn:40219992,https://pubmed.ncbi.nlm.nih.gov/30054435/,2026-05-14
arginine,口服/补剂,精氨酸,Arginine,23812551,Randomized clinical trial of arginine-supplemented enteral nutrition versus standard enteral nutrition in patients undergoing gastric cancer surgery.,Journal of cancer research and clinical oncology,2013,Comparative Study; Journal Article; Randomized Controlled Trial; Retracted Publication,10.1007/s00432-013-1466-5,PMC11824343,CommentIn:24522403 | CommentIn:24522404 | RetractionIn:25601348,https://pubmed.ncbi.nlm.nih.gov/23812551/,2026-05-14
alpha-lipoic-acid,口服/补剂,α-硫辛酸,Alpha-Lipoic Acid,35930219,Alpha-Lipoic Acid Protects Against Doxorubicin-Induced Cardiotoxicity by Regulating Pyruvate Dehydrogenase Kinase 4.,Cardiovascular toxicology,2022,"Journal Article; Research Support, Non-U.S. Gov't; Retracted Publication",10.1007/s12012-022-09766-2,,RetractionIn:37010788,https://pubmed.ncbi.nlm.nih.gov/35930219/,2026-05-14
alpha-lipoic-acid,口服/补剂,α-硫辛酸,Alpha-Lipoic Acid,34450170,Decrypting the potential role of α-lipoic acid in Alzheimer's disease.,Life sciences,2021,Journal Article; Review; Retracted Publication,10.1016/j.lfs.2021.119899,,RetractionIn:40707279,https://pubmed.ncbi.nlm.nih.gov/34450170/,2026-05-14
alpha-lipoic-acid,口服/补剂,α-硫辛酸,Alpha-Lipoic Acid,30745578,RETRACTED ARTICLE: Elevated blood pressure reduction after α-lipoic acid supplementation: a meta-analysis of randomized controlled trials.,Journal of human hypertension,2021,Journal Article; Review; Retracted Publication,10.1038/s41371-019-0174-2,,RetractionIn:31685923,https://pubmed.ncbi.nlm.nih.gov/30745578/,2026-05-14
alpha-lipoic-acid,口服/补剂,α-硫辛酸,Alpha-Lipoic Acid,22448096,Effects of coenzyme Q10 and α-lipoic acid supplementation in fructose fed rats.,Journal of clinical biochemistry and nutrition,2012,Journal Article; Retracted Publication,10.3164/jcbn.11-47,PMC3303477,RetractionIn:22962537,https://pubmed.ncbi.nlm.nih.gov/22448096/,2026-05-14
alpha-lipoic-acid,口服/补剂,α-硫辛酸,Alpha-Lipoic Acid,19019027,Alpha-lipoic acid supplementation and diabetes.,Nutrition reviews,2008,"Journal Article; Research Support, N.I.H., Extramural; Retracted Publication; Review",10.1111/j.1753-4887.2008.00118.x,PMC2657658,RetractionIn:22835141,https://pubmed.ncbi.nlm.nih.gov/19019027/,2026-05-14
alpha-lipoic-acid,口服/补剂,α-硫辛酸,Alpha-Lipoic Acid,16460684,Alpha-lipoic acid exhibits anti-amyloidogenicity for beta-amyloid fibrils in vitro.,Biochemical and biophysical research communications,2006,"Journal Article; Research Support, Non-U.S. Gov't; Retracted Publication",10.1016/j.bbrc.2006.01.063,,RetractionIn:41077514,https://pubmed.ncbi.nlm.nih.gov/16460684/,2026-05-14
5-htp,口服/补剂,5-HTP,5-HTP,19557117,Both stimulatory and inhibitory effects of dietary 5-hydroxytryptophan and tyrosine are found on urinary excretion of serotonin and dopamine in a large human population.,Neuropsychiatric disease and treatment,2009,Journal Article; Retracted Publication,10.2147/ndt.s5040,PMC2695216,ExpressionOfConcernIn:32425533 | RetractionIn:33364766,https://pubmed.ncbi.nlm.nih.gov/19557117/,2026-05-14
