target_id,domain,name_zh,name_en,aliases,total_publication_query,query,pubmed_total_count_20y,pubmed_retracted_count_20y,retraction_rate_percent,retractions_per_1000_publications,retrieved_pmids,error,last_checked
vitamin-d,口服/补剂,维生素 D,Vitamin D,Vitamin D,"(""Vitamin D""[Title]) AND (""dietary supplement""[Title/Abstract] OR ""nutritional supplement""[Title/Abstract] OR supplement[Title] OR supplements[Title] OR supplementation[Title/Abstract] OR dietary[Title/Abstract] OR nutrition*[Title/Abstract] OR oral[Title/Abstract] OR intake[Title/Abstract] OR deficiency[Title/Abstract] OR diet[Title/Abstract] OR food[Title/Abstract] OR fortified[Title/Abstract] OR dose[Title/Abstract]) AND (""2006/01/01""[Date - Publication] : ""2026/09/21""[Date - Publication])","(""Vitamin D""[Title]) AND (""dietary supplement""[Title/Abstract] OR ""nutritional supplement""[Title/Abstract] OR supplement[Title] OR supplements[Title] OR supplementation[Title/Abstract] OR dietary[Title/Abstract] OR nutrition*[Title/Abstract] OR oral[Title/Abstract] OR intake[Title/Abstract] OR deficiency[Title/Abstract] OR diet[Title/Abstract] OR food[Title/Abstract] OR fortified[Title/Abstract] OR dose[Title/Abstract]) AND (""2006/01/01""[Date - Publication] : ""2026/09/21""[Date - Publication]) AND ""Retracted Publication""[Publication Type]",25839,50,0.194,1.94,40057967;39834161;39713736;39121007;38847469;38820075;37194326;36864348;36678627;36524519;36394723;36246569;36066168;35978636;35903295;35774751;35707482;35685731;35567425;35186523;35140804;34917171;34891159;34737778;34717823;34717822;34689128;34675985;34102194;34017029;33186385;31428171;30733856;30459099;29330224;29316405;28742409;28668998;28122931;27868194;26609167;30944690;24412233;24132976;23884390;23649140;23637537;23204220;22980306;22763121,,2026-09-21
vitamin-c,口服/补剂,维生素 C,Vitamin C,Vitamin C,"(""Vitamin C""[Title]) AND (""dietary supplement""[Title/Abstract] OR ""nutritional supplement""[Title/Abstract] OR supplement[Title] OR supplements[Title] OR supplementation[Title/Abstract] OR dietary[Title/Abstract] OR nutrition*[Title/Abstract] OR oral[Title/Abstract] OR intake[Title/Abstract] OR deficiency[Title/Abstract] OR diet[Title/Abstract] OR food[Title/Abstract] OR fortified[Title/Abstract] OR dose[Title/Abstract]) AND (""2006/01/01""[Date - Publication] : ""2026/09/21""[Date - Publication])","(""Vitamin C""[Title]) AND (""dietary supplement""[Title/Abstract] OR ""nutritional supplement""[Title/Abstract] OR supplement[Title] OR supplements[Title] OR supplementation[Title/Abstract] OR dietary[Title/Abstract] OR nutrition*[Title/Abstract] OR oral[Title/Abstract] OR intake[Title/Abstract] OR deficiency[Title/Abstract] OR diet[Title/Abstract] OR food[Title/Abstract] OR fortified[Title/Abstract] OR dose[Title/Abstract]) AND (""2006/01/01""[Date - Publication] : ""2026/09/21""[Date - Publication]) AND ""Retracted Publication""[Publication Type]",3045,11,0.361,3.61,33094466;30465062;30069463;28454351;25429759;25057895;22970172;22033423;21655231;22409829;19154523,,2026-09-21
omega-3,口服/补剂,Omega-3,Omega-3 Fatty Acids,omega-3; omega 3; fish oil; eicosapentaenoic acid; docosahexaenoic acid,"(""omega-3""[Title] OR ""omega 3""[Title] OR ""fish oil""[Title] OR ""eicosapentaenoic acid""[Title] OR ""docosahexaenoic acid""[Title]) AND (""dietary supplement""[Title/Abstract] OR ""nutritional supplement""[Title/Abstract] OR supplement[Title] OR supplements[Title] OR supplementation[Title/Abstract] OR dietary[Title/Abstract] OR nutrition*[Title/Abstract] OR oral[Title/Abstract] OR intake[Title/Abstract] OR deficiency[Title/Abstract] OR diet[Title/Abstract] OR food[Title/Abstract] OR fortified[Title/Abstract] OR dose[Title/Abstract]) AND (""2006/01/01""[Date - Publication] : ""2026/09/21""[Date - Publication])","(""omega-3""[Title] OR ""omega 3""[Title] OR ""fish oil""[Title] OR ""eicosapentaenoic acid""[Title] OR ""docosahexaenoic acid""[Title]) AND (""dietary supplement""[Title/Abstract] OR ""nutritional supplement""[Title/Abstract] OR supplement[Title] OR supplements[Title] OR supplementation[Title/Abstract] OR dietary[Title/Abstract] OR nutrition*[Title/Abstract] OR oral[Title/Abstract] OR intake[Title/Abstract] OR deficiency[Title/Abstract] OR diet[Title/Abstract] OR food[Title/Abstract] OR fortified[Title/Abstract] OR dose[Title/Abstract]) AND (""2006/01/01""[Date - Publication] : ""2026/09/21""[Date - Publication]) AND ""Retracted Publication""[Publication Type]",10259,18,0.175,1.75,41461240;35686230;32967476;32512788;30409173;30336660;30230402;29982544;28068596;26611718;25747955;24973862;24269522;22388930;21503968;19916246;19571329;19154523,,2026-09-21
collagen-peptides,口服/补剂,胶原蛋白/胶原肽,Collagen Peptides,collagen peptide; collagen peptides; oral collagen; hydrolyzed collagen,"(""collagen peptide""[Title] OR ""collagen peptides""[Title] OR ""oral collagen""[Title] OR ""hydrolyzed collagen""[Title]) AND (""dietary supplement""[Title/Abstract] OR ""nutritional supplement""[Title/Abstract] OR supplement[Title] OR supplements[Title] OR supplementation[Title/Abstract] OR dietary[Title/Abstract] OR nutrition*[Title/Abstract] OR oral[Title/Abstract] OR intake[Title/Abstract] OR deficiency[Title/Abstract] OR diet[Title/Abstract] OR food[Title/Abstract] OR fortified[Title/Abstract] OR dose[Title/Abstract]) AND (""2006/01/01""[Date - Publication] : ""2026/09/21""[Date - Publication])","(""collagen peptide""[Title] OR ""collagen peptides""[Title] OR ""oral collagen""[Title] OR ""hydrolyzed collagen""[Title]) AND (""dietary supplement""[Title/Abstract] OR ""nutritional supplement""[Title/Abstract] OR supplement[Title] OR supplements[Title] OR supplementation[Title/Abstract] OR dietary[Title/Abstract] OR nutrition*[Title/Abstract] OR oral[Title/Abstract] OR intake[Title/Abstract] OR deficiency[Title/Abstract] OR diet[Title/Abstract] OR food[Title/Abstract] OR fortified[Title/Abstract] OR dose[Title/Abstract]) AND (""2006/01/01""[Date - Publication] : ""2026/09/21""[Date - Publication]) AND ""Retracted Publication""[Publication Type]",360,0,0.000,0.00,,,2026-09-21
protein-eaa,口服/补剂,蛋白粉/必需氨基酸,Protein / Essential Amino Acids,essential amino acid; essential amino acids,"(""essential amino acid""[Title] OR ""essential amino acids""[Title]) AND (""dietary supplement""[Title/Abstract] OR ""nutritional supplement""[Title/Abstract] OR supplement[Title] OR supplements[Title] OR supplementation[Title/Abstract] OR dietary[Title/Abstract] OR nutrition*[Title/Abstract] OR oral[Title/Abstract] OR intake[Title/Abstract] OR deficiency[Title/Abstract] OR diet[Title/Abstract] OR food[Title/Abstract] OR fortified[Title/Abstract] OR dose[Title/Abstract]) AND (""2006/01/01""[Date - Publication] : ""2026/09/21""[Date - Publication])","(""essential amino acid""[Title] OR ""essential amino acids""[Title]) AND (""dietary supplement""[Title/Abstract] OR ""nutritional supplement""[Title/Abstract] OR supplement[Title] OR supplements[Title] OR supplementation[Title/Abstract] OR dietary[Title/Abstract] OR nutrition*[Title/Abstract] OR oral[Title/Abstract] OR intake[Title/Abstract] OR deficiency[Title/Abstract] OR diet[Title/Abstract] OR food[Title/Abstract] OR fortified[Title/Abstract] OR dose[Title/Abstract]) AND (""2006/01/01""[Date - Publication] : ""2026/09/21""[Date - Publication]) AND ""Retracted Publication""[Publication Type]",453,0,0.000,0.00,,,2026-09-21
creatine,口服/补剂,肌酸,Creatine,Creatine,"(""Creatine""[Title]) AND (""dietary supplement""[Title/Abstract] OR ""nutritional supplement""[Title/Abstract] OR supplement[Title] OR supplements[Title] OR supplementation[Title/Abstract] OR dietary[Title/Abstract] OR nutrition*[Title/Abstract] OR oral[Title/Abstract] OR intake[Title/Abstract] OR deficiency[Title/Abstract] OR diet[Title/Abstract] OR food[Title/Abstract] OR fortified[Title/Abstract] OR dose[Title/Abstract]) AND (""2006/01/01""[Date - Publication] : ""2026/09/21""[Date - Publication])","(""Creatine""[Title]) AND (""dietary supplement""[Title/Abstract] OR ""nutritional supplement""[Title/Abstract] OR supplement[Title] OR supplements[Title] OR supplementation[Title/Abstract] OR dietary[Title/Abstract] OR nutrition*[Title/Abstract] OR oral[Title/Abstract] OR intake[Title/Abstract] OR deficiency[Title/Abstract] OR diet[Title/Abstract] OR food[Title/Abstract] OR fortified[Title/Abstract] OR dose[Title/Abstract]) AND (""2006/01/01""[Date - Publication] : ""2026/09/21""[Date - Publication]) AND ""Retracted Publication""[Publication Type]",1657,0,0.000,0.00,,,2026-09-21
calcium-magnesium,口服/补剂,钙/镁,Calcium / Magnesium,calcium; magnesium,"(""calcium""[Title] OR ""magnesium""[Title]) AND (""dietary supplement""[Title/Abstract] OR ""nutritional supplement""[Title/Abstract] OR supplement[Title] OR supplements[Title] OR supplementation[Title/Abstract] OR dietary[Title/Abstract] OR nutrition*[Title/Abstract] OR oral[Title/Abstract] OR intake[Title/Abstract] OR deficiency[Title/Abstract] OR diet[Title/Abstract] OR food[Title/Abstract] OR fortified[Title/Abstract] OR dose[Title/Abstract]) AND (""2006/01/01""[Date - Publication] : ""2026/09/21""[Date - Publication])","(""calcium""[Title] OR ""magnesium""[Title]) AND (""dietary supplement""[Title/Abstract] OR ""nutritional supplement""[Title/Abstract] OR supplement[Title] OR supplements[Title] OR supplementation[Title/Abstract] OR dietary[Title/Abstract] OR nutrition*[Title/Abstract] OR oral[Title/Abstract] OR intake[Title/Abstract] OR deficiency[Title/Abstract] OR diet[Title/Abstract] OR food[Title/Abstract] OR fortified[Title/Abstract] OR dose[Title/Abstract]) AND (""2006/01/01""[Date - Publication] : ""2026/09/21""[Date - Publication]) AND ""Retracted Publication""[Publication Type]",16522,29,0.176,1.76,38467361;38064270;36773634;36052146;35966747;35615690;35368954;35035523;34847839;34492849;32728854;30840612;29316405;28899817;28668998;28544600;26808666;26016859;25215286;25099178;23573102;21987453;21833783;21778673;18851852;18597101;17911405;17035703;16824631,,2026-09-21
zinc,口服/补剂,锌,Zinc,Zinc,"(""Zinc""[Title]) AND (""dietary supplement""[Title/Abstract] OR ""nutritional supplement""[Title/Abstract] OR supplement[Title] OR supplements[Title] OR supplementation[Title/Abstract] OR dietary[Title/Abstract] OR nutrition*[Title/Abstract] OR oral[Title/Abstract] OR intake[Title/Abstract] OR deficiency[Title/Abstract] OR diet[Title/Abstract] OR food[Title/Abstract] OR fortified[Title/Abstract] OR dose[Title/Abstract]) AND (""2006/01/01""[Date - Publication] : ""2026/09/21""[Date - Publication])","(""Zinc""[Title]) AND (""dietary supplement""[Title/Abstract] OR ""nutritional supplement""[Title/Abstract] OR supplement[Title] OR supplements[Title] OR supplementation[Title/Abstract] OR dietary[Title/Abstract] OR nutrition*[Title/Abstract] OR oral[Title/Abstract] OR intake[Title/Abstract] OR deficiency[Title/Abstract] OR diet[Title/Abstract] OR food[Title/Abstract] OR fortified[Title/Abstract] OR dose[Title/Abstract]) AND (""2006/01/01""[Date - Publication] : ""2026/09/21""[Date - Publication]) AND ""Retracted Publication""[Publication Type]",11263,30,0.266,2.66,40107539;39653981;39028478;38956110;38173374;37086354;37071257;36994320;36388536;36167110;36043146;35299084;34995308;34618822;34255800;34161364;33247380;32645102;31845207;31125822;31056723;29804469;29316405;29176314;28668998;28160242;27608907;27334434;24715076;23974923,,2026-09-21
coq10,口服/补剂,辅酶 Q10,Coenzyme Q10,coenzyme Q10; CoQ10; ubiquinone,"(""coenzyme Q10""[Title] OR ""CoQ10""[Title] OR ""ubiquinone""[Title]) AND (""dietary supplement""[Title/Abstract] OR ""nutritional supplement""[Title/Abstract] OR supplement[Title] OR supplements[Title] OR supplementation[Title/Abstract] OR dietary[Title/Abstract] OR nutrition*[Title/Abstract] OR oral[Title/Abstract] OR intake[Title/Abstract] OR deficiency[Title/Abstract] OR diet[Title/Abstract] OR food[Title/Abstract] OR fortified[Title/Abstract] OR dose[Title/Abstract]) AND (""2006/01/01""[Date - Publication] : ""2026/09/21""[Date - Publication])","(""coenzyme Q10""[Title] OR ""CoQ10""[Title] OR ""ubiquinone""[Title]) AND (""dietary supplement""[Title/Abstract] OR ""nutritional supplement""[Title/Abstract] OR supplement[Title] OR supplements[Title] OR supplementation[Title/Abstract] OR dietary[Title/Abstract] OR nutrition*[Title/Abstract] OR oral[Title/Abstract] OR intake[Title/Abstract] OR deficiency[Title/Abstract] OR diet[Title/Abstract] OR food[Title/Abstract] OR fortified[Title/Abstract] OR dose[Title/Abstract]) AND (""2006/01/01""[Date - Publication] : ""2026/09/21""[Date - Publication]) AND ""Retracted Publication""[Publication Type]",1405,6,0.427,4.27,33620550;33146779;29111905;28949260;24813752;22448096,,2026-09-21
melatonin,口服/补剂,褪黑素,Melatonin,Melatonin,"(""Melatonin""[Title]) AND (""dietary supplement""[Title/Abstract] OR ""nutritional supplement""[Title/Abstract] OR supplement[Title] OR supplements[Title] OR supplementation[Title/Abstract] OR dietary[Title/Abstract] OR nutrition*[Title/Abstract] OR oral[Title/Abstract] OR intake[Title/Abstract] OR deficiency[Title/Abstract] OR diet[Title/Abstract] OR food[Title/Abstract] OR fortified[Title/Abstract] OR dose[Title/Abstract]) AND (""2006/01/01""[Date - Publication] : ""2026/09/21""[Date - Publication])","(""Melatonin""[Title]) AND (""dietary supplement""[Title/Abstract] OR ""nutritional supplement""[Title/Abstract] OR supplement[Title] OR supplements[Title] OR supplementation[Title/Abstract] OR dietary[Title/Abstract] OR nutrition*[Title/Abstract] OR oral[Title/Abstract] OR intake[Title/Abstract] OR deficiency[Title/Abstract] OR diet[Title/Abstract] OR food[Title/Abstract] OR fortified[Title/Abstract] OR dose[Title/Abstract]) AND (""2006/01/01""[Date - Publication] : ""2026/09/21""[Date - Publication]) AND ""Retracted Publication""[Publication Type]",4228,36,0.851,8.51,38215799;37854169;37777583;37478726;37391460;36090543;35392575;35082916;34973379;33674975;32695901;32218740;31956332;31025320;30923460;30476721;29770487;29275919;28981157;28978121;28782839;28694170;28413861;27696512;26507336;26184924;25655081;23555281;22348531;21835536;21452601;19817970;19522738;19012662;17349019;16842535,,2026-09-21
probiotics,口服/补剂,益生菌,Probiotics,probiotic; probiotics; Lactobacillus; Bifidobacterium,"(""probiotic""[Title] OR ""probiotics""[Title] OR ""Lactobacillus""[Title] OR ""Bifidobacterium""[Title]) AND (""dietary supplement""[Title/Abstract] OR ""nutritional supplement""[Title/Abstract] OR supplement[Title] OR supplements[Title] OR supplementation[Title/Abstract] OR dietary[Title/Abstract] OR nutrition*[Title/Abstract] OR oral[Title/Abstract] OR intake[Title/Abstract] OR deficiency[Title/Abstract] OR diet[Title/Abstract] OR food[Title/Abstract] OR fortified[Title/Abstract] OR dose[Title/Abstract]) AND (""2006/01/01""[Date - Publication] : ""2026/09/21""[Date - Publication])","(""probiotic""[Title] OR ""probiotics""[Title] OR ""Lactobacillus""[Title] OR ""Bifidobacterium""[Title]) AND (""dietary supplement""[Title/Abstract] OR ""nutritional supplement""[Title/Abstract] OR supplement[Title] OR supplements[Title] OR supplementation[Title/Abstract] OR dietary[Title/Abstract] OR nutrition*[Title/Abstract] OR oral[Title/Abstract] OR intake[Title/Abstract] OR deficiency[Title/Abstract] OR diet[Title/Abstract] OR food[Title/Abstract] OR fortified[Title/Abstract] OR dose[Title/Abstract]) AND (""2006/01/01""[Date - Publication] : ""2026/09/21""[Date - Publication]) AND ""Retracted Publication""[Publication Type]",18909,47,0.249,2.49,39333280;38930475;38554964;38155392;37935287;36860450;36669151;36267315;35941976;35874662;35873427;35669168;35035837;34691213;34652635;34122006;33981369;33477482;33134572;33103122;32985280;32859044;32334580;32180972;32017005;31803643;31802692;31114137;30675190;30459099;30257523;30057015;29891223;28922099;28403547;28326881;28142296;27669638;26749362;26020238;25879690;25037247;24237003;24019796;24001238;22798958;21891907,,2026-09-21
nmn,口服/补剂,NMN,NMN,NMN; nicotinamide mononucleotide,"(""NMN""[Title] OR ""nicotinamide mononucleotide""[Title]) AND (""dietary supplement""[Title/Abstract] OR ""nutritional supplement""[Title/Abstract] OR supplement[Title] OR supplements[Title] OR supplementation[Title/Abstract] OR dietary[Title/Abstract] OR nutrition*[Title/Abstract] OR oral[Title/Abstract] OR intake[Title/Abstract] OR deficiency[Title/Abstract] OR diet[Title/Abstract] OR food[Title/Abstract] OR fortified[Title/Abstract] OR dose[Title/Abstract]) AND (""2006/01/01""[Date - Publication] : ""2026/09/21""[Date - Publication])","(""NMN""[Title] OR ""nicotinamide mononucleotide""[Title]) AND (""dietary supplement""[Title/Abstract] OR ""nutritional supplement""[Title/Abstract] OR supplement[Title] OR supplements[Title] OR supplementation[Title/Abstract] OR dietary[Title/Abstract] OR nutrition*[Title/Abstract] OR oral[Title/Abstract] OR intake[Title/Abstract] OR deficiency[Title/Abstract] OR diet[Title/Abstract] OR food[Title/Abstract] OR fortified[Title/Abstract] OR dose[Title/Abstract]) AND (""2006/01/01""[Date - Publication] : ""2026/09/21""[Date - Publication]) AND ""Retracted Publication""[Publication Type]",273,0,0.000,0.00,,,2026-09-21
nr,口服/补剂,NR,Nicotinamide Riboside,nicotinamide riboside,"(""nicotinamide riboside""[Title]) AND (""dietary supplement""[Title/Abstract] OR ""nutritional supplement""[Title/Abstract] OR supplement[Title] OR supplements[Title] OR supplementation[Title/Abstract] OR dietary[Title/Abstract] OR nutrition*[Title/Abstract] OR oral[Title/Abstract] OR intake[Title/Abstract] OR deficiency[Title/Abstract] OR diet[Title/Abstract] OR food[Title/Abstract] OR fortified[Title/Abstract] OR dose[Title/Abstract]) AND (""2006/01/01""[Date - Publication] : ""2026/09/21""[Date - Publication])","(""nicotinamide riboside""[Title]) AND (""dietary supplement""[Title/Abstract] OR ""nutritional supplement""[Title/Abstract] OR supplement[Title] OR supplements[Title] OR supplementation[Title/Abstract] OR dietary[Title/Abstract] OR nutrition*[Title/Abstract] OR oral[Title/Abstract] OR intake[Title/Abstract] OR deficiency[Title/Abstract] OR diet[Title/Abstract] OR food[Title/Abstract] OR fortified[Title/Abstract] OR dose[Title/Abstract]) AND (""2006/01/01""[Date - Publication] : ""2026/09/21""[Date - Publication]) AND ""Retracted Publication""[Publication Type]",225,0,0.000,0.00,,,2026-09-21
nad-precursors,口服/补剂,NAD 前体,NAD Precursors,NAD precursor; NAD precursors; nicotinamide riboside; nicotinamide mononucleotide,"(""NAD precursor""[Title] OR ""NAD precursors""[Title] OR ""nicotinamide riboside""[Title] OR ""nicotinamide mononucleotide""[Title]) AND (""dietary supplement""[Title/Abstract] OR ""nutritional supplement""[Title/Abstract] OR supplement[Title] OR supplements[Title] OR supplementation[Title/Abstract] OR dietary[Title/Abstract] OR nutrition*[Title/Abstract] OR oral[Title/Abstract] OR intake[Title/Abstract] OR deficiency[Title/Abstract] OR diet[Title/Abstract] OR food[Title/Abstract] OR fortified[Title/Abstract] OR dose[Title/Abstract]) AND (""2006/01/01""[Date - Publication] : ""2026/09/21""[Date - Publication])","(""NAD precursor""[Title] OR ""NAD precursors""[Title] OR ""nicotinamide riboside""[Title] OR ""nicotinamide mononucleotide""[Title]) AND (""dietary supplement""[Title/Abstract] OR ""nutritional supplement""[Title/Abstract] OR supplement[Title] OR supplements[Title] OR supplementation[Title/Abstract] OR dietary[Title/Abstract] OR nutrition*[Title/Abstract] OR oral[Title/Abstract] OR intake[Title/Abstract] OR deficiency[Title/Abstract] OR diet[Title/Abstract] OR food[Title/Abstract] OR fortified[Title/Abstract] OR dose[Title/Abstract]) AND (""2006/01/01""[Date - Publication] : ""2026/09/21""[Date - Publication]) AND ""Retracted Publication""[Publication Type]",495,0,0.000,0.00,,,2026-09-21
resveratrol,口服/补剂,白藜芦醇,Resveratrol,Resveratrol,"(""Resveratrol""[Title]) AND (""dietary supplement""[Title/Abstract] OR ""nutritional supplement""[Title/Abstract] OR supplement[Title] OR supplements[Title] OR supplementation[Title/Abstract] OR dietary[Title/Abstract] OR nutrition*[Title/Abstract] OR oral[Title/Abstract] OR intake[Title/Abstract] OR deficiency[Title/Abstract] OR diet[Title/Abstract] OR food[Title/Abstract] OR fortified[Title/Abstract] OR dose[Title/Abstract]) AND (""2006/01/01""[Date - Publication] : ""2026/09/21""[Date - Publication])","(""Resveratrol""[Title]) AND (""dietary supplement""[Title/Abstract] OR ""nutritional supplement""[Title/Abstract] OR supplement[Title] OR supplements[Title] OR supplementation[Title/Abstract] OR dietary[Title/Abstract] OR nutrition*[Title/Abstract] OR oral[Title/Abstract] OR intake[Title/Abstract] OR deficiency[Title/Abstract] OR diet[Title/Abstract] OR food[Title/Abstract] OR fortified[Title/Abstract] OR dose[Title/Abstract]) AND (""2006/01/01""[Date - Publication] : ""2026/09/21""[Date - Publication]) AND ""Retracted Publication""[Publication Type]",4239,21,0.495,4.95,35399833;33919028;32683392;31136990;35541685;29843156;29439139;29387206;29074559;28849139;27941804;27149559;25936406;23625030;23461657;21887248;21749863;19359525;18791811;18789672;18201729,,2026-09-21
quercetin,口服/补剂,槲皮素,Quercetin,Quercetin,"(""Quercetin""[Title]) AND (""dietary supplement""[Title/Abstract] OR ""nutritional supplement""[Title/Abstract] OR supplement[Title] OR supplements[Title] OR supplementation[Title/Abstract] OR dietary[Title/Abstract] OR nutrition*[Title/Abstract] OR oral[Title/Abstract] OR intake[Title/Abstract] OR deficiency[Title/Abstract] OR diet[Title/Abstract] OR food[Title/Abstract] OR fortified[Title/Abstract] OR dose[Title/Abstract]) AND (""2006/01/01""[Date - Publication] : ""2026/09/21""[Date - Publication])","(""Quercetin""[Title]) AND (""dietary supplement""[Title/Abstract] OR ""nutritional supplement""[Title/Abstract] OR supplement[Title] OR supplements[Title] OR supplementation[Title/Abstract] OR dietary[Title/Abstract] OR nutrition*[Title/Abstract] OR oral[Title/Abstract] OR intake[Title/Abstract] OR deficiency[Title/Abstract] OR diet[Title/Abstract] OR food[Title/Abstract] OR fortified[Title/Abstract] OR dose[Title/Abstract]) AND (""2006/01/01""[Date - Publication] : ""2026/09/21""[Date - Publication]) AND ""Retracted Publication""[Publication Type]",3587,19,0.530,5.30,40100888;36805894;36092164;35000160;34950418;34873428;32397267;31307244;29379801;29035884;28604104;28454351;28115850;28026003;26393898;23533474;23529952;23331460;22275840,,2026-09-21
curcumin,口服/补剂,姜黄素,Curcumin,Curcumin,"(""Curcumin""[Title]) AND (""dietary supplement""[Title/Abstract] OR ""nutritional supplement""[Title/Abstract] OR supplement[Title] OR supplements[Title] OR supplementation[Title/Abstract] OR dietary[Title/Abstract] OR nutrition*[Title/Abstract] OR oral[Title/Abstract] OR intake[Title/Abstract] OR deficiency[Title/Abstract] OR diet[Title/Abstract] OR food[Title/Abstract] OR fortified[Title/Abstract] OR dose[Title/Abstract]) AND (""2006/01/01""[Date - Publication] : ""2026/09/21""[Date - Publication])","(""Curcumin""[Title]) AND (""dietary supplement""[Title/Abstract] OR ""nutritional supplement""[Title/Abstract] OR supplement[Title] OR supplements[Title] OR supplementation[Title/Abstract] OR dietary[Title/Abstract] OR nutrition*[Title/Abstract] OR oral[Title/Abstract] OR intake[Title/Abstract] OR deficiency[Title/Abstract] OR diet[Title/Abstract] OR food[Title/Abstract] OR fortified[Title/Abstract] OR dose[Title/Abstract]) AND (""2006/01/01""[Date - Publication] : ""2026/09/21""[Date - Publication]) AND ""Retracted Publication""[Publication Type]",6057,39,0.644,6.44,38507103;38339947;38266637;37471645;37422651;37348638;36866793;35721822;35711494;35272135;34202112;33919028;33557949;31827700;31510839;31096703;31016760;31013312;31002157;30402869;30110401;29311914;28377722;28120490;26752181;26032092;25792385;25780454;25747863;25445044;23613781;23408929;22928089;22668778;22051236;19735646;19359525;18292803;17240359,,2026-09-21
green-tea-catechins,口服/补剂,绿茶儿茶素,Green Tea Catechins,green tea catechin; green tea catechins; EGCG; epigallocatechin gallate,"(""green tea catechin""[Title] OR ""green tea catechins""[Title] OR ""EGCG""[Title] OR ""epigallocatechin gallate""[Title]) AND (""dietary supplement""[Title/Abstract] OR ""nutritional supplement""[Title/Abstract] OR supplement[Title] OR supplements[Title] OR supplementation[Title/Abstract] OR dietary[Title/Abstract] OR nutrition*[Title/Abstract] OR oral[Title/Abstract] OR intake[Title/Abstract] OR deficiency[Title/Abstract] OR diet[Title/Abstract] OR food[Title/Abstract] OR fortified[Title/Abstract] OR dose[Title/Abstract]) AND (""2006/01/01""[Date - Publication] : ""2026/09/21""[Date - Publication])","(""green tea catechin""[Title] OR ""green tea catechins""[Title] OR ""EGCG""[Title] OR ""epigallocatechin gallate""[Title]) AND (""dietary supplement""[Title/Abstract] OR ""nutritional supplement""[Title/Abstract] OR supplement[Title] OR supplements[Title] OR supplementation[Title/Abstract] OR dietary[Title/Abstract] OR nutrition*[Title/Abstract] OR oral[Title/Abstract] OR intake[Title/Abstract] OR deficiency[Title/Abstract] OR diet[Title/Abstract] OR food[Title/Abstract] OR fortified[Title/Abstract] OR dose[Title/Abstract]) AND (""2006/01/01""[Date - Publication] : ""2026/09/21""[Date - Publication]) AND ""Retracted Publication""[Publication Type]",1171,5,0.427,4.27,30582209;27659310;24682582;28962222;22022384,,2026-09-21
astaxanthin,口服/补剂,虾青素,Astaxanthin,Astaxanthin,"(""Astaxanthin""[Title]) AND (""dietary supplement""[Title/Abstract] OR ""nutritional supplement""[Title/Abstract] OR supplement[Title] OR supplements[Title] OR supplementation[Title/Abstract] OR dietary[Title/Abstract] OR nutrition*[Title/Abstract] OR oral[Title/Abstract] OR intake[Title/Abstract] OR deficiency[Title/Abstract] OR diet[Title/Abstract] OR food[Title/Abstract] OR fortified[Title/Abstract] OR dose[Title/Abstract]) AND (""2006/01/01""[Date - Publication] : ""2026/09/21""[Date - Publication])","(""Astaxanthin""[Title]) AND (""dietary supplement""[Title/Abstract] OR ""nutritional supplement""[Title/Abstract] OR supplement[Title] OR supplements[Title] OR supplementation[Title/Abstract] OR dietary[Title/Abstract] OR nutrition*[Title/Abstract] OR oral[Title/Abstract] OR intake[Title/Abstract] OR deficiency[Title/Abstract] OR diet[Title/Abstract] OR food[Title/Abstract] OR fortified[Title/Abstract] OR dose[Title/Abstract]) AND (""2006/01/01""[Date - Publication] : ""2026/09/21""[Date - Publication]) AND ""Retracted Publication""[Publication Type]",1218,1,0.082,0.82,31973028,,2026-09-21
hyaluronic-acid,口服/补剂,透明质酸,Hyaluronic Acid,hyaluronic acid; hyaluronan,"(""hyaluronic acid""[Title] OR ""hyaluronan""[Title]) AND (""dietary supplement""[Title/Abstract] OR ""nutritional supplement""[Title/Abstract] OR supplement[Title] OR supplements[Title] OR supplementation[Title/Abstract] OR dietary[Title/Abstract] OR nutrition*[Title/Abstract] OR oral[Title/Abstract] OR intake[Title/Abstract] OR deficiency[Title/Abstract] OR diet[Title/Abstract] OR food[Title/Abstract] OR fortified[Title/Abstract] OR dose[Title/Abstract]) AND (""2006/01/01""[Date - Publication] : ""2026/09/21""[Date - Publication])","(""hyaluronic acid""[Title] OR ""hyaluronan""[Title]) AND (""dietary supplement""[Title/Abstract] OR ""nutritional supplement""[Title/Abstract] OR supplement[Title] OR supplements[Title] OR supplementation[Title/Abstract] OR dietary[Title/Abstract] OR nutrition*[Title/Abstract] OR oral[Title/Abstract] OR intake[Title/Abstract] OR deficiency[Title/Abstract] OR diet[Title/Abstract] OR food[Title/Abstract] OR fortified[Title/Abstract] OR dose[Title/Abstract]) AND (""2006/01/01""[Date - Publication] : ""2026/09/21""[Date - Publication]) AND ""Retracted Publication""[Publication Type]",1659,3,0.181,1.81,36643861;32092830;25604697,,2026-09-21
ceramides,口服/补剂,神经酰胺,Ceramides,Ceramides,"(""Ceramides""[Title]) AND (""dietary supplement""[Title/Abstract] OR ""nutritional supplement""[Title/Abstract] OR supplement[Title] OR supplements[Title] OR supplementation[Title/Abstract] OR dietary[Title/Abstract] OR nutrition*[Title/Abstract] OR oral[Title/Abstract] OR intake[Title/Abstract] OR deficiency[Title/Abstract] OR diet[Title/Abstract] OR food[Title/Abstract] OR fortified[Title/Abstract] OR dose[Title/Abstract]) AND (""2006/01/01""[Date - Publication] : ""2026/09/21""[Date - Publication])","(""Ceramides""[Title]) AND (""dietary supplement""[Title/Abstract] OR ""nutritional supplement""[Title/Abstract] OR supplement[Title] OR supplements[Title] OR supplementation[Title/Abstract] OR dietary[Title/Abstract] OR nutrition*[Title/Abstract] OR oral[Title/Abstract] OR intake[Title/Abstract] OR deficiency[Title/Abstract] OR diet[Title/Abstract] OR food[Title/Abstract] OR fortified[Title/Abstract] OR dose[Title/Abstract]) AND (""2006/01/01""[Date - Publication] : ""2026/09/21""[Date - Publication]) AND ""Retracted Publication""[Publication Type]",135,0,0.000,0.00,,,2026-09-21
niacinamide,口服/补剂,烟酰胺,Niacinamide,Niacinamide,"(""Niacinamide""[Title]) AND (""dietary supplement""[Title/Abstract] OR ""nutritional supplement""[Title/Abstract] OR supplement[Title] OR supplements[Title] OR supplementation[Title/Abstract] OR dietary[Title/Abstract] OR nutrition*[Title/Abstract] OR oral[Title/Abstract] OR intake[Title/Abstract] OR deficiency[Title/Abstract] OR diet[Title/Abstract] OR food[Title/Abstract] OR fortified[Title/Abstract] OR dose[Title/Abstract]) AND (""2006/01/01""[Date - Publication] : ""2026/09/21""[Date - Publication])","(""Niacinamide""[Title]) AND (""dietary supplement""[Title/Abstract] OR ""nutritional supplement""[Title/Abstract] OR supplement[Title] OR supplements[Title] OR supplementation[Title/Abstract] OR dietary[Title/Abstract] OR nutrition*[Title/Abstract] OR oral[Title/Abstract] OR intake[Title/Abstract] OR deficiency[Title/Abstract] OR diet[Title/Abstract] OR food[Title/Abstract] OR fortified[Title/Abstract] OR dose[Title/Abstract]) AND (""2006/01/01""[Date - Publication] : ""2026/09/21""[Date - Publication]) AND ""Retracted Publication""[Publication Type]",49,0,0.000,0.00,,,2026-09-21
vitamin-b12,口服/补剂,维生素 B12,Vitamin B12,vitamin B12; cobalamin,"(""vitamin B12""[Title] OR ""cobalamin""[Title]) AND (""dietary supplement""[Title/Abstract] OR ""nutritional supplement""[Title/Abstract] OR supplement[Title] OR supplements[Title] OR supplementation[Title/Abstract] OR dietary[Title/Abstract] OR nutrition*[Title/Abstract] OR oral[Title/Abstract] OR intake[Title/Abstract] OR deficiency[Title/Abstract] OR diet[Title/Abstract] OR food[Title/Abstract] OR fortified[Title/Abstract] OR dose[Title/Abstract]) AND (""2006/01/01""[Date - Publication] : ""2026/09/21""[Date - Publication])","(""vitamin B12""[Title] OR ""cobalamin""[Title]) AND (""dietary supplement""[Title/Abstract] OR ""nutritional supplement""[Title/Abstract] OR supplement[Title] OR supplements[Title] OR supplementation[Title/Abstract] OR dietary[Title/Abstract] OR nutrition*[Title/Abstract] OR oral[Title/Abstract] OR intake[Title/Abstract] OR deficiency[Title/Abstract] OR diet[Title/Abstract] OR food[Title/Abstract] OR fortified[Title/Abstract] OR dose[Title/Abstract]) AND (""2006/01/01""[Date - Publication] : ""2026/09/21""[Date - Publication]) AND ""Retracted Publication""[Publication Type]",3149,2,0.064,0.64,38421889;23902646,,2026-09-21
folate,口服/补剂,叶酸,Folate,Folate,"(""Folate""[Title]) AND (""dietary supplement""[Title/Abstract] OR ""nutritional supplement""[Title/Abstract] OR supplement[Title] OR supplements[Title] OR supplementation[Title/Abstract] OR dietary[Title/Abstract] OR nutrition*[Title/Abstract] OR oral[Title/Abstract] OR intake[Title/Abstract] OR deficiency[Title/Abstract] OR diet[Title/Abstract] OR food[Title/Abstract] OR fortified[Title/Abstract] OR dose[Title/Abstract]) AND (""2006/01/01""[Date - Publication] : ""2026/09/21""[Date - Publication])","(""Folate""[Title]) AND (""dietary supplement""[Title/Abstract] OR ""nutritional supplement""[Title/Abstract] OR supplement[Title] OR supplements[Title] OR supplementation[Title/Abstract] OR dietary[Title/Abstract] OR nutrition*[Title/Abstract] OR oral[Title/Abstract] OR intake[Title/Abstract] OR deficiency[Title/Abstract] OR diet[Title/Abstract] OR food[Title/Abstract] OR fortified[Title/Abstract] OR dose[Title/Abstract]) AND (""2006/01/01""[Date - Publication] : ""2026/09/21""[Date - Publication]) AND ""Retracted Publication""[Publication Type]",3871,3,0.077,0.77,38718938;23937678;22468673,,2026-09-21
multivitamin,口服/补剂,复合维生素,Multivitamin,Multivitamin,"(""Multivitamin""[Title]) AND (""dietary supplement""[Title/Abstract] OR ""nutritional supplement""[Title/Abstract] OR supplement[Title] OR supplements[Title] OR supplementation[Title/Abstract] OR dietary[Title/Abstract] OR nutrition*[Title/Abstract] OR oral[Title/Abstract] OR intake[Title/Abstract] OR deficiency[Title/Abstract] OR diet[Title/Abstract] OR food[Title/Abstract] OR fortified[Title/Abstract] OR dose[Title/Abstract]) AND (""2006/01/01""[Date - Publication] : ""2026/09/21""[Date - Publication])","(""Multivitamin""[Title]) AND (""dietary supplement""[Title/Abstract] OR ""nutritional supplement""[Title/Abstract] OR supplement[Title] OR supplements[Title] OR supplementation[Title/Abstract] OR dietary[Title/Abstract] OR nutrition*[Title/Abstract] OR oral[Title/Abstract] OR intake[Title/Abstract] OR deficiency[Title/Abstract] OR diet[Title/Abstract] OR food[Title/Abstract] OR fortified[Title/Abstract] OR dose[Title/Abstract]) AND (""2006/01/01""[Date - Publication] : ""2026/09/21""[Date - Publication]) AND ""Retracted Publication""[Publication Type]",499,1,0.200,2.00,25115164,,2026-09-21
vitamin-e,口服/补剂,维生素 E,Vitamin E,Vitamin E,"(""Vitamin E""[Title]) AND (""dietary supplement""[Title/Abstract] OR ""nutritional supplement""[Title/Abstract] OR supplement[Title] OR supplements[Title] OR supplementation[Title/Abstract] OR dietary[Title/Abstract] OR nutrition*[Title/Abstract] OR oral[Title/Abstract] OR intake[Title/Abstract] OR deficiency[Title/Abstract] OR diet[Title/Abstract] OR food[Title/Abstract] OR fortified[Title/Abstract] OR dose[Title/Abstract]) AND (""2006/01/01""[Date - Publication] : ""2026/09/21""[Date - Publication])","(""Vitamin E""[Title]) AND (""dietary supplement""[Title/Abstract] OR ""nutritional supplement""[Title/Abstract] OR supplement[Title] OR supplements[Title] OR supplementation[Title/Abstract] OR dietary[Title/Abstract] OR nutrition*[Title/Abstract] OR oral[Title/Abstract] OR intake[Title/Abstract] OR deficiency[Title/Abstract] OR diet[Title/Abstract] OR food[Title/Abstract] OR fortified[Title/Abstract] OR dose[Title/Abstract]) AND (""2006/01/01""[Date - Publication] : ""2026/09/21""[Date - Publication]) AND ""Retracted Publication""[Publication Type]",2959,6,0.203,2.03,35586814;35237342;35000160;31089253;29804469;28847198,,2026-09-21
vitamin-a,口服/补剂,维生素 A,Vitamin A,Vitamin A,"(""Vitamin A""[Title]) AND (""dietary supplement""[Title/Abstract] OR ""nutritional supplement""[Title/Abstract] OR supplement[Title] OR supplements[Title] OR supplementation[Title/Abstract] OR dietary[Title/Abstract] OR nutrition*[Title/Abstract] OR oral[Title/Abstract] OR intake[Title/Abstract] OR deficiency[Title/Abstract] OR diet[Title/Abstract] OR food[Title/Abstract] OR fortified[Title/Abstract] OR dose[Title/Abstract]) AND (""2006/01/01""[Date - Publication] : ""2026/09/21""[Date - Publication])","(""Vitamin A""[Title]) AND (""dietary supplement""[Title/Abstract] OR ""nutritional supplement""[Title/Abstract] OR supplement[Title] OR supplements[Title] OR supplementation[Title/Abstract] OR dietary[Title/Abstract] OR nutrition*[Title/Abstract] OR oral[Title/Abstract] OR intake[Title/Abstract] OR deficiency[Title/Abstract] OR diet[Title/Abstract] OR food[Title/Abstract] OR fortified[Title/Abstract] OR dose[Title/Abstract]) AND (""2006/01/01""[Date - Publication] : ""2026/09/21""[Date - Publication]) AND ""Retracted Publication""[Publication Type]",2888,5,0.173,1.73,35804266;35685731;35071591;34217246;22854406,,2026-09-21
vitamin-k2,口服/补剂,维生素 K2,Vitamin K2,vitamin K2; menaquinone,"(""vitamin K2""[Title] OR ""menaquinone""[Title]) AND (""dietary supplement""[Title/Abstract] OR ""nutritional supplement""[Title/Abstract] OR supplement[Title] OR supplements[Title] OR supplementation[Title/Abstract] OR dietary[Title/Abstract] OR nutrition*[Title/Abstract] OR oral[Title/Abstract] OR intake[Title/Abstract] OR deficiency[Title/Abstract] OR diet[Title/Abstract] OR food[Title/Abstract] OR fortified[Title/Abstract] OR dose[Title/Abstract]) AND (""2006/01/01""[Date - Publication] : ""2026/09/21""[Date - Publication])","(""vitamin K2""[Title] OR ""menaquinone""[Title]) AND (""dietary supplement""[Title/Abstract] OR ""nutritional supplement""[Title/Abstract] OR supplement[Title] OR supplements[Title] OR supplementation[Title/Abstract] OR dietary[Title/Abstract] OR nutrition*[Title/Abstract] OR oral[Title/Abstract] OR intake[Title/Abstract] OR deficiency[Title/Abstract] OR diet[Title/Abstract] OR food[Title/Abstract] OR fortified[Title/Abstract] OR dose[Title/Abstract]) AND (""2006/01/01""[Date - Publication] : ""2026/09/21""[Date - Publication]) AND ""Retracted Publication""[Publication Type]",320,3,0.938,9.38,24975215;19499964;17190100,,2026-09-21
selenium,口服/补剂,硒,Selenium,Selenium,"(""Selenium""[Title]) AND (""dietary supplement""[Title/Abstract] OR ""nutritional supplement""[Title/Abstract] OR supplement[Title] OR supplements[Title] OR supplementation[Title/Abstract] OR dietary[Title/Abstract] OR nutrition*[Title/Abstract] OR oral[Title/Abstract] OR intake[Title/Abstract] OR deficiency[Title/Abstract] OR diet[Title/Abstract] OR food[Title/Abstract] OR fortified[Title/Abstract] OR dose[Title/Abstract]) AND (""2006/01/01""[Date - Publication] : ""2026/09/21""[Date - Publication])","(""Selenium""[Title]) AND (""dietary supplement""[Title/Abstract] OR ""nutritional supplement""[Title/Abstract] OR supplement[Title] OR supplements[Title] OR supplementation[Title/Abstract] OR dietary[Title/Abstract] OR nutrition*[Title/Abstract] OR oral[Title/Abstract] OR intake[Title/Abstract] OR deficiency[Title/Abstract] OR diet[Title/Abstract] OR food[Title/Abstract] OR fortified[Title/Abstract] OR dose[Title/Abstract]) AND (""2006/01/01""[Date - Publication] : ""2026/09/21""[Date - Publication]) AND ""Retracted Publication""[Publication Type]",7553,7,0.093,0.93,39342340;37245338;36388536;35723386;35586814;30057015;25231122,,2026-09-21
iodine,口服/补剂,碘,Iodine,Iodine,"(""Iodine""[Title]) AND (""dietary supplement""[Title/Abstract] OR ""nutritional supplement""[Title/Abstract] OR supplement[Title] OR supplements[Title] OR supplementation[Title/Abstract] OR dietary[Title/Abstract] OR nutrition*[Title/Abstract] OR oral[Title/Abstract] OR intake[Title/Abstract] OR deficiency[Title/Abstract] OR diet[Title/Abstract] OR food[Title/Abstract] OR fortified[Title/Abstract] OR dose[Title/Abstract]) AND (""2006/01/01""[Date - Publication] : ""2026/09/21""[Date - Publication])","(""Iodine""[Title]) AND (""dietary supplement""[Title/Abstract] OR ""nutritional supplement""[Title/Abstract] OR supplement[Title] OR supplements[Title] OR supplementation[Title/Abstract] OR dietary[Title/Abstract] OR nutrition*[Title/Abstract] OR oral[Title/Abstract] OR intake[Title/Abstract] OR deficiency[Title/Abstract] OR diet[Title/Abstract] OR food[Title/Abstract] OR fortified[Title/Abstract] OR dose[Title/Abstract]) AND (""2006/01/01""[Date - Publication] : ""2026/09/21""[Date - Publication]) AND ""Retracted Publication""[Publication Type]",4881,6,0.123,1.23,36755777;26353858;24446669;24895501;19725779;17199437,,2026-09-21
iron,口服/补剂,铁,Iron,Iron,"(""Iron""[Title]) AND (""dietary supplement""[Title/Abstract] OR ""nutritional supplement""[Title/Abstract] OR supplement[Title] OR supplements[Title] OR supplementation[Title/Abstract] OR dietary[Title/Abstract] OR nutrition*[Title/Abstract] OR oral[Title/Abstract] OR intake[Title/Abstract] OR deficiency[Title/Abstract] OR diet[Title/Abstract] OR food[Title/Abstract] OR fortified[Title/Abstract] OR dose[Title/Abstract]) AND (""2006/01/01""[Date - Publication] : ""2026/09/21""[Date - Publication])","(""Iron""[Title]) AND (""dietary supplement""[Title/Abstract] OR ""nutritional supplement""[Title/Abstract] OR supplement[Title] OR supplements[Title] OR supplementation[Title/Abstract] OR dietary[Title/Abstract] OR nutrition*[Title/Abstract] OR oral[Title/Abstract] OR intake[Title/Abstract] OR deficiency[Title/Abstract] OR diet[Title/Abstract] OR food[Title/Abstract] OR fortified[Title/Abstract] OR dose[Title/Abstract]) AND (""2006/01/01""[Date - Publication] : ""2026/09/21""[Date - Publication]) AND ""Retracted Publication""[Publication Type]",22262,42,0.189,1.89,41572815;38876422;38560133;38173374;36226302;36096173;35795277;35421099;35299084;35071591;34995308;34492849;33938360;32741833;32698792;32614844;35025360;32223474;32218586;32096669;31514541;31477792;30464757;30323700;30304441;29843553;29338568;28901214;28073037;27894198;27483303;27269410;26715522;26037728;25643259;23286295;23029172;22745539;22051236;21187917;19725757;17029598,,2026-09-21
copper,口服/补剂,铜,Copper,Copper,"(""Copper""[Title]) AND (""dietary supplement""[Title/Abstract] OR ""nutritional supplement""[Title/Abstract] OR supplement[Title] OR supplements[Title] OR supplementation[Title/Abstract] OR dietary[Title/Abstract] OR nutrition*[Title/Abstract] OR oral[Title/Abstract] OR intake[Title/Abstract] OR deficiency[Title/Abstract] OR diet[Title/Abstract] OR food[Title/Abstract] OR fortified[Title/Abstract] OR dose[Title/Abstract]) AND (""2006/01/01""[Date - Publication] : ""2026/09/21""[Date - Publication])","(""Copper""[Title]) AND (""dietary supplement""[Title/Abstract] OR ""nutritional supplement""[Title/Abstract] OR supplement[Title] OR supplements[Title] OR supplementation[Title/Abstract] OR dietary[Title/Abstract] OR nutrition*[Title/Abstract] OR oral[Title/Abstract] OR intake[Title/Abstract] OR deficiency[Title/Abstract] OR diet[Title/Abstract] OR food[Title/Abstract] OR fortified[Title/Abstract] OR dose[Title/Abstract]) AND (""2006/01/01""[Date - Publication] : ""2026/09/21""[Date - Publication]) AND ""Retracted Publication""[Publication Type]",5759,19,0.330,3.30,40715258;38876422;38452479;37692067;36864348;35917103;33938360;33740180;33706171;33409152;32669563;32614844;30247074;30168446;29589240;25963145;21319953;21221660;17585902,,2026-09-21
manganese,口服/补剂,锰,Manganese,Manganese,"(""Manganese""[Title]) AND (""dietary supplement""[Title/Abstract] OR ""nutritional supplement""[Title/Abstract] OR supplement[Title] OR supplements[Title] OR supplementation[Title/Abstract] OR dietary[Title/Abstract] OR nutrition*[Title/Abstract] OR oral[Title/Abstract] OR intake[Title/Abstract] OR deficiency[Title/Abstract] OR diet[Title/Abstract] OR food[Title/Abstract] OR fortified[Title/Abstract] OR dose[Title/Abstract]) AND (""2006/01/01""[Date - Publication] : ""2026/09/21""[Date - Publication])","(""Manganese""[Title]) AND (""dietary supplement""[Title/Abstract] OR ""nutritional supplement""[Title/Abstract] OR supplement[Title] OR supplements[Title] OR supplementation[Title/Abstract] OR dietary[Title/Abstract] OR nutrition*[Title/Abstract] OR oral[Title/Abstract] OR intake[Title/Abstract] OR deficiency[Title/Abstract] OR diet[Title/Abstract] OR food[Title/Abstract] OR fortified[Title/Abstract] OR dose[Title/Abstract]) AND (""2006/01/01""[Date - Publication] : ""2026/09/21""[Date - Publication]) AND ""Retracted Publication""[Publication Type]",1997,2,0.100,1.00,30304441;25039075,,2026-09-21
chromium,口服/补剂,铬,Chromium,Chromium,"(""Chromium""[Title]) AND (""dietary supplement""[Title/Abstract] OR ""nutritional supplement""[Title/Abstract] OR supplement[Title] OR supplements[Title] OR supplementation[Title/Abstract] OR dietary[Title/Abstract] OR nutrition*[Title/Abstract] OR oral[Title/Abstract] OR intake[Title/Abstract] OR deficiency[Title/Abstract] OR diet[Title/Abstract] OR food[Title/Abstract] OR fortified[Title/Abstract] OR dose[Title/Abstract]) AND (""2006/01/01""[Date - Publication] : ""2026/09/21""[Date - Publication])","(""Chromium""[Title]) AND (""dietary supplement""[Title/Abstract] OR ""nutritional supplement""[Title/Abstract] OR supplement[Title] OR supplements[Title] OR supplementation[Title/Abstract] OR dietary[Title/Abstract] OR nutrition*[Title/Abstract] OR oral[Title/Abstract] OR intake[Title/Abstract] OR deficiency[Title/Abstract] OR diet[Title/Abstract] OR food[Title/Abstract] OR fortified[Title/Abstract] OR dose[Title/Abstract]) AND (""2006/01/01""[Date - Publication] : ""2026/09/21""[Date - Publication]) AND ""Retracted Publication""[Publication Type]",1828,9,0.492,4.92,38125608;37809394;37478726;35421180;34995308;32695901;30524820;22033423;18165437,,2026-09-21
potassium,口服/补剂,钾,Potassium,Potassium,"(""Potassium""[Title]) AND (""dietary supplement""[Title/Abstract] OR ""nutritional supplement""[Title/Abstract] OR supplement[Title] OR supplements[Title] OR supplementation[Title/Abstract] OR dietary[Title/Abstract] OR nutrition*[Title/Abstract] OR oral[Title/Abstract] OR intake[Title/Abstract] OR deficiency[Title/Abstract] OR diet[Title/Abstract] OR food[Title/Abstract] OR fortified[Title/Abstract] OR dose[Title/Abstract]) AND (""2006/01/01""[Date - Publication] : ""2026/09/21""[Date - Publication])","(""Potassium""[Title]) AND (""dietary supplement""[Title/Abstract] OR ""nutritional supplement""[Title/Abstract] OR supplement[Title] OR supplements[Title] OR supplementation[Title/Abstract] OR dietary[Title/Abstract] OR nutrition*[Title/Abstract] OR oral[Title/Abstract] OR intake[Title/Abstract] OR deficiency[Title/Abstract] OR diet[Title/Abstract] OR food[Title/Abstract] OR fortified[Title/Abstract] OR dose[Title/Abstract]) AND (""2006/01/01""[Date - Publication] : ""2026/09/21""[Date - Publication]) AND ""Retracted Publication""[Publication Type]",4018,7,0.174,1.74,37423467;35609063;35143535;31484832;30099113;28050281;26302666,,2026-09-21
electrolytes,口服/补剂,电解质,Electrolytes,Electrolytes,"(""Electrolytes""[Title]) AND (""dietary supplement""[Title/Abstract] OR ""nutritional supplement""[Title/Abstract] OR supplement[Title] OR supplements[Title] OR supplementation[Title/Abstract] OR dietary[Title/Abstract] OR nutrition*[Title/Abstract] OR oral[Title/Abstract] OR intake[Title/Abstract] OR deficiency[Title/Abstract] OR diet[Title/Abstract] OR food[Title/Abstract] OR fortified[Title/Abstract] OR dose[Title/Abstract]) AND (""2006/01/01""[Date - Publication] : ""2026/09/21""[Date - Publication])","(""Electrolytes""[Title]) AND (""dietary supplement""[Title/Abstract] OR ""nutritional supplement""[Title/Abstract] OR supplement[Title] OR supplements[Title] OR supplementation[Title/Abstract] OR dietary[Title/Abstract] OR nutrition*[Title/Abstract] OR oral[Title/Abstract] OR intake[Title/Abstract] OR deficiency[Title/Abstract] OR diet[Title/Abstract] OR food[Title/Abstract] OR fortified[Title/Abstract] OR dose[Title/Abstract]) AND (""2006/01/01""[Date - Publication] : ""2026/09/21""[Date - Publication]) AND ""Retracted Publication""[Publication Type]",232,0,0.000,0.00,,,2026-09-21
psyllium,口服/补剂,车前子壳/可溶性纤维,Psyllium / Soluble Fiber,psyllium; soluble fiber; soluble fibre,"(""psyllium""[Title] OR ""soluble fiber""[Title] OR ""soluble fibre""[Title]) AND (""dietary supplement""[Title/Abstract] OR ""nutritional supplement""[Title/Abstract] OR supplement[Title] OR supplements[Title] OR supplementation[Title/Abstract] OR dietary[Title/Abstract] OR nutrition*[Title/Abstract] OR oral[Title/Abstract] OR intake[Title/Abstract] OR deficiency[Title/Abstract] OR diet[Title/Abstract] OR food[Title/Abstract] OR fortified[Title/Abstract] OR dose[Title/Abstract]) AND (""2006/01/01""[Date - Publication] : ""2026/09/21""[Date - Publication])","(""psyllium""[Title] OR ""soluble fiber""[Title] OR ""soluble fibre""[Title]) AND (""dietary supplement""[Title/Abstract] OR ""nutritional supplement""[Title/Abstract] OR supplement[Title] OR supplements[Title] OR supplementation[Title/Abstract] OR dietary[Title/Abstract] OR nutrition*[Title/Abstract] OR oral[Title/Abstract] OR intake[Title/Abstract] OR deficiency[Title/Abstract] OR diet[Title/Abstract] OR food[Title/Abstract] OR fortified[Title/Abstract] OR dose[Title/Abstract]) AND (""2006/01/01""[Date - Publication] : ""2026/09/21""[Date - Publication]) AND ""Retracted Publication""[Publication Type]",319,0,0.000,0.00,,,2026-09-21
beta-glucan,口服/补剂,β-葡聚糖,Beta-Glucan,beta glucan; beta-glucan,"(""beta glucan""[Title] OR ""beta-glucan""[Title]) AND (""dietary supplement""[Title/Abstract] OR ""nutritional supplement""[Title/Abstract] OR supplement[Title] OR supplements[Title] OR supplementation[Title/Abstract] OR dietary[Title/Abstract] OR nutrition*[Title/Abstract] OR oral[Title/Abstract] OR intake[Title/Abstract] OR deficiency[Title/Abstract] OR diet[Title/Abstract] OR food[Title/Abstract] OR fortified[Title/Abstract] OR dose[Title/Abstract]) AND (""2006/01/01""[Date - Publication] : ""2026/09/21""[Date - Publication])","(""beta glucan""[Title] OR ""beta-glucan""[Title]) AND (""dietary supplement""[Title/Abstract] OR ""nutritional supplement""[Title/Abstract] OR supplement[Title] OR supplements[Title] OR supplementation[Title/Abstract] OR dietary[Title/Abstract] OR nutrition*[Title/Abstract] OR oral[Title/Abstract] OR intake[Title/Abstract] OR deficiency[Title/Abstract] OR diet[Title/Abstract] OR food[Title/Abstract] OR fortified[Title/Abstract] OR dose[Title/Abstract]) AND (""2006/01/01""[Date - Publication] : ""2026/09/21""[Date - Publication]) AND ""Retracted Publication""[Publication Type]",1008,1,0.099,0.99,32520965,,2026-09-21
inulin,口服/补剂,菊粉,Inulin,Inulin,"(""Inulin""[Title]) AND (""dietary supplement""[Title/Abstract] OR ""nutritional supplement""[Title/Abstract] OR supplement[Title] OR supplements[Title] OR supplementation[Title/Abstract] OR dietary[Title/Abstract] OR nutrition*[Title/Abstract] OR oral[Title/Abstract] OR intake[Title/Abstract] OR deficiency[Title/Abstract] OR diet[Title/Abstract] OR food[Title/Abstract] OR fortified[Title/Abstract] OR dose[Title/Abstract]) AND (""2006/01/01""[Date - Publication] : ""2026/09/21""[Date - Publication])","(""Inulin""[Title]) AND (""dietary supplement""[Title/Abstract] OR ""nutritional supplement""[Title/Abstract] OR supplement[Title] OR supplements[Title] OR supplementation[Title/Abstract] OR dietary[Title/Abstract] OR nutrition*[Title/Abstract] OR oral[Title/Abstract] OR intake[Title/Abstract] OR deficiency[Title/Abstract] OR diet[Title/Abstract] OR food[Title/Abstract] OR fortified[Title/Abstract] OR dose[Title/Abstract]) AND (""2006/01/01""[Date - Publication] : ""2026/09/21""[Date - Publication]) AND ""Retracted Publication""[Publication Type]",1216,2,0.164,1.64,30503580;29636277,,2026-09-21
prebiotic-mix,口服/补剂,益生元复合物,Prebiotic Mix,prebiotic; prebiotics,"(""prebiotic""[Title] OR ""prebiotics""[Title]) AND (""dietary supplement""[Title/Abstract] OR ""nutritional supplement""[Title/Abstract] OR supplement[Title] OR supplements[Title] OR supplementation[Title/Abstract] OR dietary[Title/Abstract] OR nutrition*[Title/Abstract] OR oral[Title/Abstract] OR intake[Title/Abstract] OR deficiency[Title/Abstract] OR diet[Title/Abstract] OR food[Title/Abstract] OR fortified[Title/Abstract] OR dose[Title/Abstract]) AND (""2006/01/01""[Date - Publication] : ""2026/09/21""[Date - Publication])","(""prebiotic""[Title] OR ""prebiotics""[Title]) AND (""dietary supplement""[Title/Abstract] OR ""nutritional supplement""[Title/Abstract] OR supplement[Title] OR supplements[Title] OR supplementation[Title/Abstract] OR dietary[Title/Abstract] OR nutrition*[Title/Abstract] OR oral[Title/Abstract] OR intake[Title/Abstract] OR deficiency[Title/Abstract] OR diet[Title/Abstract] OR food[Title/Abstract] OR fortified[Title/Abstract] OR dose[Title/Abstract]) AND (""2006/01/01""[Date - Publication] : ""2026/09/21""[Date - Publication]) AND ""Retracted Publication""[Publication Type]",2487,2,0.080,0.80,35669168;21891907,,2026-09-21
lutein,口服/补剂,叶黄素,Lutein,Lutein,"(""Lutein""[Title]) AND (""dietary supplement""[Title/Abstract] OR ""nutritional supplement""[Title/Abstract] OR supplement[Title] OR supplements[Title] OR supplementation[Title/Abstract] OR dietary[Title/Abstract] OR nutrition*[Title/Abstract] OR oral[Title/Abstract] OR intake[Title/Abstract] OR deficiency[Title/Abstract] OR diet[Title/Abstract] OR food[Title/Abstract] OR fortified[Title/Abstract] OR dose[Title/Abstract]) AND (""2006/01/01""[Date - Publication] : ""2026/09/21""[Date - Publication])","(""Lutein""[Title]) AND (""dietary supplement""[Title/Abstract] OR ""nutritional supplement""[Title/Abstract] OR supplement[Title] OR supplements[Title] OR supplementation[Title/Abstract] OR dietary[Title/Abstract] OR nutrition*[Title/Abstract] OR oral[Title/Abstract] OR intake[Title/Abstract] OR deficiency[Title/Abstract] OR diet[Title/Abstract] OR food[Title/Abstract] OR fortified[Title/Abstract] OR dose[Title/Abstract]) AND (""2006/01/01""[Date - Publication] : ""2026/09/21""[Date - Publication]) AND ""Retracted Publication""[Publication Type]",847,2,0.236,2.36,41573009;27222156,,2026-09-21
zeaxanthin,口服/补剂,玉米黄质,Zeaxanthin,Zeaxanthin,"(""Zeaxanthin""[Title]) AND (""dietary supplement""[Title/Abstract] OR ""nutritional supplement""[Title/Abstract] OR supplement[Title] OR supplements[Title] OR supplementation[Title/Abstract] OR dietary[Title/Abstract] OR nutrition*[Title/Abstract] OR oral[Title/Abstract] OR intake[Title/Abstract] OR deficiency[Title/Abstract] OR diet[Title/Abstract] OR food[Title/Abstract] OR fortified[Title/Abstract] OR dose[Title/Abstract]) AND (""2006/01/01""[Date - Publication] : ""2026/09/21""[Date - Publication])","(""Zeaxanthin""[Title]) AND (""dietary supplement""[Title/Abstract] OR ""nutritional supplement""[Title/Abstract] OR supplement[Title] OR supplements[Title] OR supplementation[Title/Abstract] OR dietary[Title/Abstract] OR nutrition*[Title/Abstract] OR oral[Title/Abstract] OR intake[Title/Abstract] OR deficiency[Title/Abstract] OR diet[Title/Abstract] OR food[Title/Abstract] OR fortified[Title/Abstract] OR dose[Title/Abstract]) AND (""2006/01/01""[Date - Publication] : ""2026/09/21""[Date - Publication]) AND ""Retracted Publication""[Publication Type]",350,1,0.286,2.86,41573009,,2026-09-21
lycopene,口服/补剂,番茄红素,Lycopene,Lycopene,"(""Lycopene""[Title]) AND (""dietary supplement""[Title/Abstract] OR ""nutritional supplement""[Title/Abstract] OR supplement[Title] OR supplements[Title] OR supplementation[Title/Abstract] OR dietary[Title/Abstract] OR nutrition*[Title/Abstract] OR oral[Title/Abstract] OR intake[Title/Abstract] OR deficiency[Title/Abstract] OR diet[Title/Abstract] OR food[Title/Abstract] OR fortified[Title/Abstract] OR dose[Title/Abstract]) AND (""2006/01/01""[Date - Publication] : ""2026/09/21""[Date - Publication])","(""Lycopene""[Title]) AND (""dietary supplement""[Title/Abstract] OR ""nutritional supplement""[Title/Abstract] OR supplement[Title] OR supplements[Title] OR supplementation[Title/Abstract] OR dietary[Title/Abstract] OR nutrition*[Title/Abstract] OR oral[Title/Abstract] OR intake[Title/Abstract] OR deficiency[Title/Abstract] OR diet[Title/Abstract] OR food[Title/Abstract] OR fortified[Title/Abstract] OR dose[Title/Abstract]) AND (""2006/01/01""[Date - Publication] : ""2026/09/21""[Date - Publication]) AND ""Retracted Publication""[Publication Type]",1168,2,0.171,1.71,25487946;21625550,,2026-09-21
beta-carotene,口服/补剂,β-胡萝卜素,Beta-Carotene,beta carotene; beta-carotene,"(""beta carotene""[Title] OR ""beta-carotene""[Title]) AND (""dietary supplement""[Title/Abstract] OR ""nutritional supplement""[Title/Abstract] OR supplement[Title] OR supplements[Title] OR supplementation[Title/Abstract] OR dietary[Title/Abstract] OR nutrition*[Title/Abstract] OR oral[Title/Abstract] OR intake[Title/Abstract] OR deficiency[Title/Abstract] OR diet[Title/Abstract] OR food[Title/Abstract] OR fortified[Title/Abstract] OR dose[Title/Abstract]) AND (""2006/01/01""[Date - Publication] : ""2026/09/21""[Date - Publication])","(""beta carotene""[Title] OR ""beta-carotene""[Title]) AND (""dietary supplement""[Title/Abstract] OR ""nutritional supplement""[Title/Abstract] OR supplement[Title] OR supplements[Title] OR supplementation[Title/Abstract] OR dietary[Title/Abstract] OR nutrition*[Title/Abstract] OR oral[Title/Abstract] OR intake[Title/Abstract] OR deficiency[Title/Abstract] OR diet[Title/Abstract] OR food[Title/Abstract] OR fortified[Title/Abstract] OR dose[Title/Abstract]) AND (""2006/01/01""[Date - Publication] : ""2026/09/21""[Date - Publication]) AND ""Retracted Publication""[Publication Type]",1130,2,0.177,1.77,22854406;17448905,,2026-09-21
alpha-lipoic-acid,口服/补剂,α-硫辛酸,Alpha-Lipoic Acid,alpha lipoic acid; alpha-lipoic acid,"(""alpha lipoic acid""[Title] OR ""alpha-lipoic acid""[Title]) AND (""dietary supplement""[Title/Abstract] OR ""nutritional supplement""[Title/Abstract] OR supplement[Title] OR supplements[Title] OR supplementation[Title/Abstract] OR dietary[Title/Abstract] OR nutrition*[Title/Abstract] OR oral[Title/Abstract] OR intake[Title/Abstract] OR deficiency[Title/Abstract] OR diet[Title/Abstract] OR food[Title/Abstract] OR fortified[Title/Abstract] OR dose[Title/Abstract]) AND (""2006/01/01""[Date - Publication] : ""2026/09/21""[Date - Publication])","(""alpha lipoic acid""[Title] OR ""alpha-lipoic acid""[Title]) AND (""dietary supplement""[Title/Abstract] OR ""nutritional supplement""[Title/Abstract] OR supplement[Title] OR supplements[Title] OR supplementation[Title/Abstract] OR dietary[Title/Abstract] OR nutrition*[Title/Abstract] OR oral[Title/Abstract] OR intake[Title/Abstract] OR deficiency[Title/Abstract] OR diet[Title/Abstract] OR food[Title/Abstract] OR fortified[Title/Abstract] OR dose[Title/Abstract]) AND (""2006/01/01""[Date - Publication] : ""2026/09/21""[Date - Publication]) AND ""Retracted Publication""[Publication Type]",963,6,0.623,6.23,35930219;34450170;30745578;22448096;19019027;16460684,,2026-09-21
nac,口服/补剂,NAC/N-乙酰半胱氨酸,N-Acetylcysteine,N-acetylcysteine; N acetylcysteine; NAC,"(""N-acetylcysteine""[Title] OR ""N acetylcysteine""[Title] OR ""NAC""[Title]) AND (""dietary supplement""[Title/Abstract] OR ""nutritional supplement""[Title/Abstract] OR supplement[Title] OR supplements[Title] OR supplementation[Title/Abstract] OR dietary[Title/Abstract] OR nutrition*[Title/Abstract] OR oral[Title/Abstract] OR intake[Title/Abstract] OR deficiency[Title/Abstract] OR diet[Title/Abstract] OR food[Title/Abstract] OR fortified[Title/Abstract] OR dose[Title/Abstract]) AND (""2006/01/01""[Date - Publication] : ""2026/09/21""[Date - Publication])","(""N-acetylcysteine""[Title] OR ""N acetylcysteine""[Title] OR ""NAC""[Title]) AND (""dietary supplement""[Title/Abstract] OR ""nutritional supplement""[Title/Abstract] OR supplement[Title] OR supplements[Title] OR supplementation[Title/Abstract] OR dietary[Title/Abstract] OR nutrition*[Title/Abstract] OR oral[Title/Abstract] OR intake[Title/Abstract] OR deficiency[Title/Abstract] OR diet[Title/Abstract] OR food[Title/Abstract] OR fortified[Title/Abstract] OR dose[Title/Abstract]) AND (""2006/01/01""[Date - Publication] : ""2026/09/21""[Date - Publication]) AND ""Retracted Publication""[Publication Type]",1453,4,0.275,2.75,36090543;35795313;34258270;30446769,,2026-09-21
glutathione,口服/补剂,谷胱甘肽,Glutathione,Glutathione,"(""Glutathione""[Title]) AND (""dietary supplement""[Title/Abstract] OR ""nutritional supplement""[Title/Abstract] OR supplement[Title] OR supplements[Title] OR supplementation[Title/Abstract] OR dietary[Title/Abstract] OR nutrition*[Title/Abstract] OR oral[Title/Abstract] OR intake[Title/Abstract] OR deficiency[Title/Abstract] OR diet[Title/Abstract] OR food[Title/Abstract] OR fortified[Title/Abstract] OR dose[Title/Abstract]) AND (""2006/01/01""[Date - Publication] : ""2026/09/21""[Date - Publication])","(""Glutathione""[Title]) AND (""dietary supplement""[Title/Abstract] OR ""nutritional supplement""[Title/Abstract] OR supplement[Title] OR supplements[Title] OR supplementation[Title/Abstract] OR dietary[Title/Abstract] OR nutrition*[Title/Abstract] OR oral[Title/Abstract] OR intake[Title/Abstract] OR deficiency[Title/Abstract] OR diet[Title/Abstract] OR food[Title/Abstract] OR fortified[Title/Abstract] OR dose[Title/Abstract]) AND (""2006/01/01""[Date - Publication] : ""2026/09/21""[Date - Publication]) AND ""Retracted Publication""[Publication Type]",2862,3,0.105,1.05,37478726;34157031;24987684,,2026-09-21
glycine,口服/补剂,甘氨酸,Glycine,Glycine,"(""Glycine""[Title]) AND (""dietary supplement""[Title/Abstract] OR ""nutritional supplement""[Title/Abstract] OR supplement[Title] OR supplements[Title] OR supplementation[Title/Abstract] OR dietary[Title/Abstract] OR nutrition*[Title/Abstract] OR oral[Title/Abstract] OR intake[Title/Abstract] OR deficiency[Title/Abstract] OR diet[Title/Abstract] OR food[Title/Abstract] OR fortified[Title/Abstract] OR dose[Title/Abstract]) AND (""2006/01/01""[Date - Publication] : ""2026/09/21""[Date - Publication])","(""Glycine""[Title]) AND (""dietary supplement""[Title/Abstract] OR ""nutritional supplement""[Title/Abstract] OR supplement[Title] OR supplements[Title] OR supplementation[Title/Abstract] OR dietary[Title/Abstract] OR nutrition*[Title/Abstract] OR oral[Title/Abstract] OR intake[Title/Abstract] OR deficiency[Title/Abstract] OR diet[Title/Abstract] OR food[Title/Abstract] OR fortified[Title/Abstract] OR dose[Title/Abstract]) AND (""2006/01/01""[Date - Publication] : ""2026/09/21""[Date - Publication]) AND ""Retracted Publication""[Publication Type]",1406,2,0.142,1.42,36106391;29843553,,2026-09-21
taurine,口服/补剂,牛磺酸,Taurine,Taurine,"(""Taurine""[Title]) AND (""dietary supplement""[Title/Abstract] OR ""nutritional supplement""[Title/Abstract] OR supplement[Title] OR supplements[Title] OR supplementation[Title/Abstract] OR dietary[Title/Abstract] OR nutrition*[Title/Abstract] OR oral[Title/Abstract] OR intake[Title/Abstract] OR deficiency[Title/Abstract] OR diet[Title/Abstract] OR food[Title/Abstract] OR fortified[Title/Abstract] OR dose[Title/Abstract]) AND (""2006/01/01""[Date - Publication] : ""2026/09/21""[Date - Publication])","(""Taurine""[Title]) AND (""dietary supplement""[Title/Abstract] OR ""nutritional supplement""[Title/Abstract] OR supplement[Title] OR supplements[Title] OR supplementation[Title/Abstract] OR dietary[Title/Abstract] OR nutrition*[Title/Abstract] OR oral[Title/Abstract] OR intake[Title/Abstract] OR deficiency[Title/Abstract] OR diet[Title/Abstract] OR food[Title/Abstract] OR fortified[Title/Abstract] OR dose[Title/Abstract]) AND (""2006/01/01""[Date - Publication] : ""2026/09/21""[Date - Publication]) AND ""Retracted Publication""[Publication Type]",1478,5,0.338,3.38,33146779;30396066;28118062;20830294;18414974,,2026-09-21
l-carnitine,口服/补剂,左旋肉碱,L-Carnitine,L-carnitine; levocarnitine,"(""L-carnitine""[Title] OR ""levocarnitine""[Title]) AND (""dietary supplement""[Title/Abstract] OR ""nutritional supplement""[Title/Abstract] OR supplement[Title] OR supplements[Title] OR supplementation[Title/Abstract] OR dietary[Title/Abstract] OR nutrition*[Title/Abstract] OR oral[Title/Abstract] OR intake[Title/Abstract] OR deficiency[Title/Abstract] OR diet[Title/Abstract] OR food[Title/Abstract] OR fortified[Title/Abstract] OR dose[Title/Abstract]) AND (""2006/01/01""[Date - Publication] : ""2026/09/21""[Date - Publication])","(""L-carnitine""[Title] OR ""levocarnitine""[Title]) AND (""dietary supplement""[Title/Abstract] OR ""nutritional supplement""[Title/Abstract] OR supplement[Title] OR supplements[Title] OR supplementation[Title/Abstract] OR dietary[Title/Abstract] OR nutrition*[Title/Abstract] OR oral[Title/Abstract] OR intake[Title/Abstract] OR deficiency[Title/Abstract] OR diet[Title/Abstract] OR food[Title/Abstract] OR fortified[Title/Abstract] OR dose[Title/Abstract]) AND (""2006/01/01""[Date - Publication] : ""2026/09/21""[Date - Publication]) AND ""Retracted Publication""[Publication Type]",1271,2,0.157,1.57,34326917;23843223,,2026-09-21
acetyl-l-carnitine,口服/补剂,乙酰左旋肉碱,Acetyl-L-Carnitine,acetyl-L-carnitine; acetyl carnitine,"(""acetyl-L-carnitine""[Title] OR ""acetyl carnitine""[Title]) AND (""dietary supplement""[Title/Abstract] OR ""nutritional supplement""[Title/Abstract] OR supplement[Title] OR supplements[Title] OR supplementation[Title/Abstract] OR dietary[Title/Abstract] OR nutrition*[Title/Abstract] OR oral[Title/Abstract] OR intake[Title/Abstract] OR deficiency[Title/Abstract] OR diet[Title/Abstract] OR food[Title/Abstract] OR fortified[Title/Abstract] OR dose[Title/Abstract]) AND (""2006/01/01""[Date - Publication] : ""2026/09/21""[Date - Publication])","(""acetyl-L-carnitine""[Title] OR ""acetyl carnitine""[Title]) AND (""dietary supplement""[Title/Abstract] OR ""nutritional supplement""[Title/Abstract] OR supplement[Title] OR supplements[Title] OR supplementation[Title/Abstract] OR dietary[Title/Abstract] OR nutrition*[Title/Abstract] OR oral[Title/Abstract] OR intake[Title/Abstract] OR deficiency[Title/Abstract] OR diet[Title/Abstract] OR food[Title/Abstract] OR fortified[Title/Abstract] OR dose[Title/Abstract]) AND (""2006/01/01""[Date - Publication] : ""2026/09/21""[Date - Publication]) AND ""Retracted Publication""[Publication Type]",156,0,0.000,0.00,,,2026-09-21
citrulline,口服/补剂,瓜氨酸,Citrulline,Citrulline,"(""Citrulline""[Title]) AND (""dietary supplement""[Title/Abstract] OR ""nutritional supplement""[Title/Abstract] OR supplement[Title] OR supplements[Title] OR supplementation[Title/Abstract] OR dietary[Title/Abstract] OR nutrition*[Title/Abstract] OR oral[Title/Abstract] OR intake[Title/Abstract] OR deficiency[Title/Abstract] OR diet[Title/Abstract] OR food[Title/Abstract] OR fortified[Title/Abstract] OR dose[Title/Abstract]) AND (""2006/01/01""[Date - Publication] : ""2026/09/21""[Date - Publication])","(""Citrulline""[Title]) AND (""dietary supplement""[Title/Abstract] OR ""nutritional supplement""[Title/Abstract] OR supplement[Title] OR supplements[Title] OR supplementation[Title/Abstract] OR dietary[Title/Abstract] OR nutrition*[Title/Abstract] OR oral[Title/Abstract] OR intake[Title/Abstract] OR deficiency[Title/Abstract] OR diet[Title/Abstract] OR food[Title/Abstract] OR fortified[Title/Abstract] OR dose[Title/Abstract]) AND (""2006/01/01""[Date - Publication] : ""2026/09/21""[Date - Publication]) AND ""Retracted Publication""[Publication Type]",603,1,0.166,1.66,30206378,,2026-09-21
arginine,口服/补剂,精氨酸,Arginine,Arginine,"(""Arginine""[Title]) AND (""dietary supplement""[Title/Abstract] OR ""nutritional supplement""[Title/Abstract] OR supplement[Title] OR supplements[Title] OR supplementation[Title/Abstract] OR dietary[Title/Abstract] OR nutrition*[Title/Abstract] OR oral[Title/Abstract] OR intake[Title/Abstract] OR deficiency[Title/Abstract] OR diet[Title/Abstract] OR food[Title/Abstract] OR fortified[Title/Abstract] OR dose[Title/Abstract]) AND (""2006/01/01""[Date - Publication] : ""2026/09/21""[Date - Publication])","(""Arginine""[Title]) AND (""dietary supplement""[Title/Abstract] OR ""nutritional supplement""[Title/Abstract] OR supplement[Title] OR supplements[Title] OR supplementation[Title/Abstract] OR dietary[Title/Abstract] OR nutrition*[Title/Abstract] OR oral[Title/Abstract] OR intake[Title/Abstract] OR deficiency[Title/Abstract] OR diet[Title/Abstract] OR food[Title/Abstract] OR fortified[Title/Abstract] OR dose[Title/Abstract]) AND (""2006/01/01""[Date - Publication] : ""2026/09/21""[Date - Publication]) AND ""Retracted Publication""[Publication Type]",3295,4,0.121,1.21,37615707;32114003;30054435;23812551,,2026-09-21
beta-alanine,口服/补剂,β-丙氨酸,Beta-Alanine,Beta-Alanine,"(""Beta-Alanine""[Title]) AND (""dietary supplement""[Title/Abstract] OR ""nutritional supplement""[Title/Abstract] OR supplement[Title] OR supplements[Title] OR supplementation[Title/Abstract] OR dietary[Title/Abstract] OR nutrition*[Title/Abstract] OR oral[Title/Abstract] OR intake[Title/Abstract] OR deficiency[Title/Abstract] OR diet[Title/Abstract] OR food[Title/Abstract] OR fortified[Title/Abstract] OR dose[Title/Abstract]) AND (""2006/01/01""[Date - Publication] : ""2026/09/21""[Date - Publication])","(""Beta-Alanine""[Title]) AND (""dietary supplement""[Title/Abstract] OR ""nutritional supplement""[Title/Abstract] OR supplement[Title] OR supplements[Title] OR supplementation[Title/Abstract] OR dietary[Title/Abstract] OR nutrition*[Title/Abstract] OR oral[Title/Abstract] OR intake[Title/Abstract] OR deficiency[Title/Abstract] OR diet[Title/Abstract] OR food[Title/Abstract] OR fortified[Title/Abstract] OR dose[Title/Abstract]) AND (""2006/01/01""[Date - Publication] : ""2026/09/21""[Date - Publication]) AND ""Retracted Publication""[Publication Type]",318,0,0.000,0.00,,,2026-09-21
hmb,口服/补剂,HMB,HMB,HMB,"(""HMB""[Title]) AND (""dietary supplement""[Title/Abstract] OR ""nutritional supplement""[Title/Abstract] OR supplement[Title] OR supplements[Title] OR supplementation[Title/Abstract] OR dietary[Title/Abstract] OR nutrition*[Title/Abstract] OR oral[Title/Abstract] OR intake[Title/Abstract] OR deficiency[Title/Abstract] OR diet[Title/Abstract] OR food[Title/Abstract] OR fortified[Title/Abstract] OR dose[Title/Abstract]) AND (""2006/01/01""[Date - Publication] : ""2026/09/21""[Date - Publication])","(""HMB""[Title]) AND (""dietary supplement""[Title/Abstract] OR ""nutritional supplement""[Title/Abstract] OR supplement[Title] OR supplements[Title] OR supplementation[Title/Abstract] OR dietary[Title/Abstract] OR nutrition*[Title/Abstract] OR oral[Title/Abstract] OR intake[Title/Abstract] OR deficiency[Title/Abstract] OR diet[Title/Abstract] OR food[Title/Abstract] OR fortified[Title/Abstract] OR dose[Title/Abstract]) AND (""2006/01/01""[Date - Publication] : ""2026/09/21""[Date - Publication]) AND ""Retracted Publication""[Publication Type]",128,0,0.000,0.00,,,2026-09-21
collagen-type-ii,口服/补剂,二型胶原,Type II Collagen,type II collagen; undenatured type II collagen,"(""type II collagen""[Title] OR ""undenatured type II collagen""[Title]) AND (""dietary supplement""[Title/Abstract] OR ""nutritional supplement""[Title/Abstract] OR supplement[Title] OR supplements[Title] OR supplementation[Title/Abstract] OR dietary[Title/Abstract] OR nutrition*[Title/Abstract] OR oral[Title/Abstract] OR intake[Title/Abstract] OR deficiency[Title/Abstract] OR diet[Title/Abstract] OR food[Title/Abstract] OR fortified[Title/Abstract] OR dose[Title/Abstract]) AND (""2006/01/01""[Date - Publication] : ""2026/09/21""[Date - Publication])","(""type II collagen""[Title] OR ""undenatured type II collagen""[Title]) AND (""dietary supplement""[Title/Abstract] OR ""nutritional supplement""[Title/Abstract] OR supplement[Title] OR supplements[Title] OR supplementation[Title/Abstract] OR dietary[Title/Abstract] OR nutrition*[Title/Abstract] OR oral[Title/Abstract] OR intake[Title/Abstract] OR deficiency[Title/Abstract] OR diet[Title/Abstract] OR food[Title/Abstract] OR fortified[Title/Abstract] OR dose[Title/Abstract]) AND (""2006/01/01""[Date - Publication] : ""2026/09/21""[Date - Publication]) AND ""Retracted Publication""[Publication Type]",132,0,0.000,0.00,,,2026-09-21
glucosamine,口服/补剂,氨糖,Glucosamine,Glucosamine,"(""Glucosamine""[Title]) AND (""dietary supplement""[Title/Abstract] OR ""nutritional supplement""[Title/Abstract] OR supplement[Title] OR supplements[Title] OR supplementation[Title/Abstract] OR dietary[Title/Abstract] OR nutrition*[Title/Abstract] OR oral[Title/Abstract] OR intake[Title/Abstract] OR deficiency[Title/Abstract] OR diet[Title/Abstract] OR food[Title/Abstract] OR fortified[Title/Abstract] OR dose[Title/Abstract]) AND (""2006/01/01""[Date - Publication] : ""2026/09/21""[Date - Publication])","(""Glucosamine""[Title]) AND (""dietary supplement""[Title/Abstract] OR ""nutritional supplement""[Title/Abstract] OR supplement[Title] OR supplements[Title] OR supplementation[Title/Abstract] OR dietary[Title/Abstract] OR nutrition*[Title/Abstract] OR oral[Title/Abstract] OR intake[Title/Abstract] OR deficiency[Title/Abstract] OR diet[Title/Abstract] OR food[Title/Abstract] OR fortified[Title/Abstract] OR dose[Title/Abstract]) AND (""2006/01/01""[Date - Publication] : ""2026/09/21""[Date - Publication]) AND ""Retracted Publication""[Publication Type]",563,1,0.178,1.78,31998780,,2026-09-21
chondroitin,口服/补剂,软骨素,Chondroitin,Chondroitin,"(""Chondroitin""[Title]) AND (""dietary supplement""[Title/Abstract] OR ""nutritional supplement""[Title/Abstract] OR supplement[Title] OR supplements[Title] OR supplementation[Title/Abstract] OR dietary[Title/Abstract] OR nutrition*[Title/Abstract] OR oral[Title/Abstract] OR intake[Title/Abstract] OR deficiency[Title/Abstract] OR diet[Title/Abstract] OR food[Title/Abstract] OR fortified[Title/Abstract] OR dose[Title/Abstract]) AND (""2006/01/01""[Date - Publication] : ""2026/09/21""[Date - Publication])","(""Chondroitin""[Title]) AND (""dietary supplement""[Title/Abstract] OR ""nutritional supplement""[Title/Abstract] OR supplement[Title] OR supplements[Title] OR supplementation[Title/Abstract] OR dietary[Title/Abstract] OR nutrition*[Title/Abstract] OR oral[Title/Abstract] OR intake[Title/Abstract] OR deficiency[Title/Abstract] OR diet[Title/Abstract] OR food[Title/Abstract] OR fortified[Title/Abstract] OR dose[Title/Abstract]) AND (""2006/01/01""[Date - Publication] : ""2026/09/21""[Date - Publication]) AND ""Retracted Publication""[Publication Type]",459,0,0.000,0.00,,,2026-09-21
msm,口服/补剂,MSM,Methylsulfonylmethane,methylsulfonylmethane; MSM,"(""methylsulfonylmethane""[Title] OR ""MSM""[Title]) AND (""dietary supplement""[Title/Abstract] OR ""nutritional supplement""[Title/Abstract] OR supplement[Title] OR supplements[Title] OR supplementation[Title/Abstract] OR dietary[Title/Abstract] OR nutrition*[Title/Abstract] OR oral[Title/Abstract] OR intake[Title/Abstract] OR deficiency[Title/Abstract] OR diet[Title/Abstract] OR food[Title/Abstract] OR fortified[Title/Abstract] OR dose[Title/Abstract]) AND (""2006/01/01""[Date - Publication] : ""2026/09/21""[Date - Publication])","(""methylsulfonylmethane""[Title] OR ""MSM""[Title]) AND (""dietary supplement""[Title/Abstract] OR ""nutritional supplement""[Title/Abstract] OR supplement[Title] OR supplements[Title] OR supplementation[Title/Abstract] OR dietary[Title/Abstract] OR nutrition*[Title/Abstract] OR oral[Title/Abstract] OR intake[Title/Abstract] OR deficiency[Title/Abstract] OR diet[Title/Abstract] OR food[Title/Abstract] OR fortified[Title/Abstract] OR dose[Title/Abstract]) AND (""2006/01/01""[Date - Publication] : ""2026/09/21""[Date - Publication]) AND ""Retracted Publication""[Publication Type]",256,0,0.000,0.00,,,2026-09-21
boswellia,口服/补剂,乳香提取物,Boswellia,Boswellia,"(""Boswellia""[Title]) AND (""dietary supplement""[Title/Abstract] OR ""nutritional supplement""[Title/Abstract] OR supplement[Title] OR supplements[Title] OR supplementation[Title/Abstract] OR dietary[Title/Abstract] OR nutrition*[Title/Abstract] OR oral[Title/Abstract] OR intake[Title/Abstract] OR deficiency[Title/Abstract] OR diet[Title/Abstract] OR food[Title/Abstract] OR fortified[Title/Abstract] OR dose[Title/Abstract]) AND (""2006/01/01""[Date - Publication] : ""2026/09/21""[Date - Publication])","(""Boswellia""[Title]) AND (""dietary supplement""[Title/Abstract] OR ""nutritional supplement""[Title/Abstract] OR supplement[Title] OR supplements[Title] OR supplementation[Title/Abstract] OR dietary[Title/Abstract] OR nutrition*[Title/Abstract] OR oral[Title/Abstract] OR intake[Title/Abstract] OR deficiency[Title/Abstract] OR diet[Title/Abstract] OR food[Title/Abstract] OR fortified[Title/Abstract] OR dose[Title/Abstract]) AND (""2006/01/01""[Date - Publication] : ""2026/09/21""[Date - Publication]) AND ""Retracted Publication""[Publication Type]",192,1,0.521,5.21,23111960,,2026-09-21
ashwagandha,口服/补剂,南非醉茄,Ashwagandha,Ashwagandha,"(""Ashwagandha""[Title]) AND (""dietary supplement""[Title/Abstract] OR ""nutritional supplement""[Title/Abstract] OR supplement[Title] OR supplements[Title] OR supplementation[Title/Abstract] OR dietary[Title/Abstract] OR nutrition*[Title/Abstract] OR oral[Title/Abstract] OR intake[Title/Abstract] OR deficiency[Title/Abstract] OR diet[Title/Abstract] OR food[Title/Abstract] OR fortified[Title/Abstract] OR dose[Title/Abstract]) AND (""2006/01/01""[Date - Publication] : ""2026/09/21""[Date - Publication])","(""Ashwagandha""[Title]) AND (""dietary supplement""[Title/Abstract] OR ""nutritional supplement""[Title/Abstract] OR supplement[Title] OR supplements[Title] OR supplementation[Title/Abstract] OR dietary[Title/Abstract] OR nutrition*[Title/Abstract] OR oral[Title/Abstract] OR intake[Title/Abstract] OR deficiency[Title/Abstract] OR diet[Title/Abstract] OR food[Title/Abstract] OR fortified[Title/Abstract] OR dose[Title/Abstract]) AND (""2006/01/01""[Date - Publication] : ""2026/09/21""[Date - Publication]) AND ""Retracted Publication""[Publication Type]",159,0,0.000,0.00,,,2026-09-21
rhodiola,口服/补剂,红景天,Rhodiola,Rhodiola,"(""Rhodiola""[Title]) AND (""dietary supplement""[Title/Abstract] OR ""nutritional supplement""[Title/Abstract] OR supplement[Title] OR supplements[Title] OR supplementation[Title/Abstract] OR dietary[Title/Abstract] OR nutrition*[Title/Abstract] OR oral[Title/Abstract] OR intake[Title/Abstract] OR deficiency[Title/Abstract] OR diet[Title/Abstract] OR food[Title/Abstract] OR fortified[Title/Abstract] OR dose[Title/Abstract]) AND (""2006/01/01""[Date - Publication] : ""2026/09/21""[Date - Publication])","(""Rhodiola""[Title]) AND (""dietary supplement""[Title/Abstract] OR ""nutritional supplement""[Title/Abstract] OR supplement[Title] OR supplements[Title] OR supplementation[Title/Abstract] OR dietary[Title/Abstract] OR nutrition*[Title/Abstract] OR oral[Title/Abstract] OR intake[Title/Abstract] OR deficiency[Title/Abstract] OR diet[Title/Abstract] OR food[Title/Abstract] OR fortified[Title/Abstract] OR dose[Title/Abstract]) AND (""2006/01/01""[Date - Publication] : ""2026/09/21""[Date - Publication]) AND ""Retracted Publication""[Publication Type]",210,2,0.952,9.52,35784643;35602107,,2026-09-21
ginseng,口服/补剂,人参,Ginseng,Ginseng,"(""Ginseng""[Title]) AND (""dietary supplement""[Title/Abstract] OR ""nutritional supplement""[Title/Abstract] OR supplement[Title] OR supplements[Title] OR supplementation[Title/Abstract] OR dietary[Title/Abstract] OR nutrition*[Title/Abstract] OR oral[Title/Abstract] OR intake[Title/Abstract] OR deficiency[Title/Abstract] OR diet[Title/Abstract] OR food[Title/Abstract] OR fortified[Title/Abstract] OR dose[Title/Abstract]) AND (""2006/01/01""[Date - Publication] : ""2026/09/21""[Date - Publication])","(""Ginseng""[Title]) AND (""dietary supplement""[Title/Abstract] OR ""nutritional supplement""[Title/Abstract] OR supplement[Title] OR supplements[Title] OR supplementation[Title/Abstract] OR dietary[Title/Abstract] OR nutrition*[Title/Abstract] OR oral[Title/Abstract] OR intake[Title/Abstract] OR deficiency[Title/Abstract] OR diet[Title/Abstract] OR food[Title/Abstract] OR fortified[Title/Abstract] OR dose[Title/Abstract]) AND (""2006/01/01""[Date - Publication] : ""2026/09/21""[Date - Publication]) AND ""Retracted Publication""[Publication Type]",1555,3,0.193,1.93,29628975;24806341;22570673,,2026-09-21
maca,口服/补剂,玛咖,Maca,Maca,"(""Maca""[Title]) AND (""dietary supplement""[Title/Abstract] OR ""nutritional supplement""[Title/Abstract] OR supplement[Title] OR supplements[Title] OR supplementation[Title/Abstract] OR dietary[Title/Abstract] OR nutrition*[Title/Abstract] OR oral[Title/Abstract] OR intake[Title/Abstract] OR deficiency[Title/Abstract] OR diet[Title/Abstract] OR food[Title/Abstract] OR fortified[Title/Abstract] OR dose[Title/Abstract]) AND (""2006/01/01""[Date - Publication] : ""2026/09/21""[Date - Publication])","(""Maca""[Title]) AND (""dietary supplement""[Title/Abstract] OR ""nutritional supplement""[Title/Abstract] OR supplement[Title] OR supplements[Title] OR supplementation[Title/Abstract] OR dietary[Title/Abstract] OR nutrition*[Title/Abstract] OR oral[Title/Abstract] OR intake[Title/Abstract] OR deficiency[Title/Abstract] OR diet[Title/Abstract] OR food[Title/Abstract] OR fortified[Title/Abstract] OR dose[Title/Abstract]) AND (""2006/01/01""[Date - Publication] : ""2026/09/21""[Date - Publication]) AND ""Retracted Publication""[Publication Type]",127,1,0.787,7.87,26998182,,2026-09-21
ginkgo,口服/补剂,银杏,Ginkgo,Ginkgo,"(""Ginkgo""[Title]) AND (""dietary supplement""[Title/Abstract] OR ""nutritional supplement""[Title/Abstract] OR supplement[Title] OR supplements[Title] OR supplementation[Title/Abstract] OR dietary[Title/Abstract] OR nutrition*[Title/Abstract] OR oral[Title/Abstract] OR intake[Title/Abstract] OR deficiency[Title/Abstract] OR diet[Title/Abstract] OR food[Title/Abstract] OR fortified[Title/Abstract] OR dose[Title/Abstract]) AND (""2006/01/01""[Date - Publication] : ""2026/09/21""[Date - Publication])","(""Ginkgo""[Title]) AND (""dietary supplement""[Title/Abstract] OR ""nutritional supplement""[Title/Abstract] OR supplement[Title] OR supplements[Title] OR supplementation[Title/Abstract] OR dietary[Title/Abstract] OR nutrition*[Title/Abstract] OR oral[Title/Abstract] OR intake[Title/Abstract] OR deficiency[Title/Abstract] OR diet[Title/Abstract] OR food[Title/Abstract] OR fortified[Title/Abstract] OR dose[Title/Abstract]) AND (""2006/01/01""[Date - Publication] : ""2026/09/21""[Date - Publication]) AND ""Retracted Publication""[Publication Type]",737,1,0.136,1.36,29207671,,2026-09-21
bacopa,口服/补剂,婆罗米,Bacopa,Bacopa,"(""Bacopa""[Title]) AND (""dietary supplement""[Title/Abstract] OR ""nutritional supplement""[Title/Abstract] OR supplement[Title] OR supplements[Title] OR supplementation[Title/Abstract] OR dietary[Title/Abstract] OR nutrition*[Title/Abstract] OR oral[Title/Abstract] OR intake[Title/Abstract] OR deficiency[Title/Abstract] OR diet[Title/Abstract] OR food[Title/Abstract] OR fortified[Title/Abstract] OR dose[Title/Abstract]) AND (""2006/01/01""[Date - Publication] : ""2026/09/21""[Date - Publication])","(""Bacopa""[Title]) AND (""dietary supplement""[Title/Abstract] OR ""nutritional supplement""[Title/Abstract] OR supplement[Title] OR supplements[Title] OR supplementation[Title/Abstract] OR dietary[Title/Abstract] OR nutrition*[Title/Abstract] OR oral[Title/Abstract] OR intake[Title/Abstract] OR deficiency[Title/Abstract] OR diet[Title/Abstract] OR food[Title/Abstract] OR fortified[Title/Abstract] OR dose[Title/Abstract]) AND (""2006/01/01""[Date - Publication] : ""2026/09/21""[Date - Publication]) AND ""Retracted Publication""[Publication Type]",124,1,0.806,8.06,35992047,,2026-09-21
lions-mane,口服/补剂,猴头菇,Lion's Mane,lion's mane; Hericium erinaceus,"(""lion's mane""[Title] OR ""Hericium erinaceus""[Title]) AND (""dietary supplement""[Title/Abstract] OR ""nutritional supplement""[Title/Abstract] OR supplement[Title] OR supplements[Title] OR supplementation[Title/Abstract] OR dietary[Title/Abstract] OR nutrition*[Title/Abstract] OR oral[Title/Abstract] OR intake[Title/Abstract] OR deficiency[Title/Abstract] OR diet[Title/Abstract] OR food[Title/Abstract] OR fortified[Title/Abstract] OR dose[Title/Abstract]) AND (""2006/01/01""[Date - Publication] : ""2026/09/21""[Date - Publication])","(""lion's mane""[Title] OR ""Hericium erinaceus""[Title]) AND (""dietary supplement""[Title/Abstract] OR ""nutritional supplement""[Title/Abstract] OR supplement[Title] OR supplements[Title] OR supplementation[Title/Abstract] OR dietary[Title/Abstract] OR nutrition*[Title/Abstract] OR oral[Title/Abstract] OR intake[Title/Abstract] OR deficiency[Title/Abstract] OR diet[Title/Abstract] OR food[Title/Abstract] OR fortified[Title/Abstract] OR dose[Title/Abstract]) AND (""2006/01/01""[Date - Publication] : ""2026/09/21""[Date - Publication]) AND ""Retracted Publication""[Publication Type]",179,1,0.559,5.59,26988860,,2026-09-21
berberine,口服/补剂,小檗碱,Berberine,Berberine,"(""Berberine""[Title]) AND (""dietary supplement""[Title/Abstract] OR ""nutritional supplement""[Title/Abstract] OR supplement[Title] OR supplements[Title] OR supplementation[Title/Abstract] OR dietary[Title/Abstract] OR nutrition*[Title/Abstract] OR oral[Title/Abstract] OR intake[Title/Abstract] OR deficiency[Title/Abstract] OR diet[Title/Abstract] OR food[Title/Abstract] OR fortified[Title/Abstract] OR dose[Title/Abstract]) AND (""2006/01/01""[Date - Publication] : ""2026/09/21""[Date - Publication])","(""Berberine""[Title]) AND (""dietary supplement""[Title/Abstract] OR ""nutritional supplement""[Title/Abstract] OR supplement[Title] OR supplements[Title] OR supplementation[Title/Abstract] OR dietary[Title/Abstract] OR nutrition*[Title/Abstract] OR oral[Title/Abstract] OR intake[Title/Abstract] OR deficiency[Title/Abstract] OR diet[Title/Abstract] OR food[Title/Abstract] OR fortified[Title/Abstract] OR dose[Title/Abstract]) AND (""2006/01/01""[Date - Publication] : ""2026/09/21""[Date - Publication]) AND ""Retracted Publication""[Publication Type]",1352,11,0.814,8.14,36276998;35465190;34489150;33632015;32524872;32277648;31545226;31391714;29491706;25409232;16621886,,2026-09-21
cinnamon,口服/补剂,肉桂,Cinnamon,Cinnamon,"(""Cinnamon""[Title]) AND (""dietary supplement""[Title/Abstract] OR ""nutritional supplement""[Title/Abstract] OR supplement[Title] OR supplements[Title] OR supplementation[Title/Abstract] OR dietary[Title/Abstract] OR nutrition*[Title/Abstract] OR oral[Title/Abstract] OR intake[Title/Abstract] OR deficiency[Title/Abstract] OR diet[Title/Abstract] OR food[Title/Abstract] OR fortified[Title/Abstract] OR dose[Title/Abstract]) AND (""2006/01/01""[Date - Publication] : ""2026/09/21""[Date - Publication])","(""Cinnamon""[Title]) AND (""dietary supplement""[Title/Abstract] OR ""nutritional supplement""[Title/Abstract] OR supplement[Title] OR supplements[Title] OR supplementation[Title/Abstract] OR dietary[Title/Abstract] OR nutrition*[Title/Abstract] OR oral[Title/Abstract] OR intake[Title/Abstract] OR deficiency[Title/Abstract] OR diet[Title/Abstract] OR food[Title/Abstract] OR fortified[Title/Abstract] OR dose[Title/Abstract]) AND (""2006/01/01""[Date - Publication] : ""2026/09/21""[Date - Publication]) AND ""Retracted Publication""[Publication Type]",680,3,0.441,4.41,36090212;35290563;35008615,,2026-09-21
garlic-extract,口服/补剂,大蒜提取物,Garlic Extract,Garlic Extract,"(""Garlic Extract""[Title]) AND (""dietary supplement""[Title/Abstract] OR ""nutritional supplement""[Title/Abstract] OR supplement[Title] OR supplements[Title] OR supplementation[Title/Abstract] OR dietary[Title/Abstract] OR nutrition*[Title/Abstract] OR oral[Title/Abstract] OR intake[Title/Abstract] OR deficiency[Title/Abstract] OR diet[Title/Abstract] OR food[Title/Abstract] OR fortified[Title/Abstract] OR dose[Title/Abstract]) AND (""2006/01/01""[Date - Publication] : ""2026/09/21""[Date - Publication])","(""Garlic Extract""[Title]) AND (""dietary supplement""[Title/Abstract] OR ""nutritional supplement""[Title/Abstract] OR supplement[Title] OR supplements[Title] OR supplementation[Title/Abstract] OR dietary[Title/Abstract] OR nutrition*[Title/Abstract] OR oral[Title/Abstract] OR intake[Title/Abstract] OR deficiency[Title/Abstract] OR diet[Title/Abstract] OR food[Title/Abstract] OR fortified[Title/Abstract] OR dose[Title/Abstract]) AND (""2006/01/01""[Date - Publication] : ""2026/09/21""[Date - Publication]) AND ""Retracted Publication""[Publication Type]",203,2,0.985,9.85,39437887;26088761,,2026-09-21
plant-sterols,口服/补剂,植物甾醇,Plant Sterols,Plant Sterols,"(""Plant Sterols""[Title]) AND (""dietary supplement""[Title/Abstract] OR ""nutritional supplement""[Title/Abstract] OR supplement[Title] OR supplements[Title] OR supplementation[Title/Abstract] OR dietary[Title/Abstract] OR nutrition*[Title/Abstract] OR oral[Title/Abstract] OR intake[Title/Abstract] OR deficiency[Title/Abstract] OR diet[Title/Abstract] OR food[Title/Abstract] OR fortified[Title/Abstract] OR dose[Title/Abstract]) AND (""2006/01/01""[Date - Publication] : ""2026/09/21""[Date - Publication])","(""Plant Sterols""[Title]) AND (""dietary supplement""[Title/Abstract] OR ""nutritional supplement""[Title/Abstract] OR supplement[Title] OR supplements[Title] OR supplementation[Title/Abstract] OR dietary[Title/Abstract] OR nutrition*[Title/Abstract] OR oral[Title/Abstract] OR intake[Title/Abstract] OR deficiency[Title/Abstract] OR diet[Title/Abstract] OR food[Title/Abstract] OR fortified[Title/Abstract] OR dose[Title/Abstract]) AND (""2006/01/01""[Date - Publication] : ""2026/09/21""[Date - Publication]) AND ""Retracted Publication""[Publication Type]",186,1,0.538,5.38,25109666,,2026-09-21
red-yeast-rice,口服/补剂,红曲米,Red Yeast Rice,red yeast rice; Monascus,"(""red yeast rice""[Title] OR ""Monascus""[Title]) AND (""dietary supplement""[Title/Abstract] OR ""nutritional supplement""[Title/Abstract] OR supplement[Title] OR supplements[Title] OR supplementation[Title/Abstract] OR dietary[Title/Abstract] OR nutrition*[Title/Abstract] OR oral[Title/Abstract] OR intake[Title/Abstract] OR deficiency[Title/Abstract] OR diet[Title/Abstract] OR food[Title/Abstract] OR fortified[Title/Abstract] OR dose[Title/Abstract]) AND (""2006/01/01""[Date - Publication] : ""2026/09/21""[Date - Publication])","(""red yeast rice""[Title] OR ""Monascus""[Title]) AND (""dietary supplement""[Title/Abstract] OR ""nutritional supplement""[Title/Abstract] OR supplement[Title] OR supplements[Title] OR supplementation[Title/Abstract] OR dietary[Title/Abstract] OR nutrition*[Title/Abstract] OR oral[Title/Abstract] OR intake[Title/Abstract] OR deficiency[Title/Abstract] OR diet[Title/Abstract] OR food[Title/Abstract] OR fortified[Title/Abstract] OR dose[Title/Abstract]) AND (""2006/01/01""[Date - Publication] : ""2026/09/21""[Date - Publication]) AND ""Retracted Publication""[Publication Type]",542,0,0.000,0.00,,,2026-09-21
policosanol,口服/补剂,普利醇,Policosanol,Policosanol,"(""Policosanol""[Title]) AND (""dietary supplement""[Title/Abstract] OR ""nutritional supplement""[Title/Abstract] OR supplement[Title] OR supplements[Title] OR supplementation[Title/Abstract] OR dietary[Title/Abstract] OR nutrition*[Title/Abstract] OR oral[Title/Abstract] OR intake[Title/Abstract] OR deficiency[Title/Abstract] OR diet[Title/Abstract] OR food[Title/Abstract] OR fortified[Title/Abstract] OR dose[Title/Abstract]) AND (""2006/01/01""[Date - Publication] : ""2026/09/21""[Date - Publication])","(""Policosanol""[Title]) AND (""dietary supplement""[Title/Abstract] OR ""nutritional supplement""[Title/Abstract] OR supplement[Title] OR supplements[Title] OR supplementation[Title/Abstract] OR dietary[Title/Abstract] OR nutrition*[Title/Abstract] OR oral[Title/Abstract] OR intake[Title/Abstract] OR deficiency[Title/Abstract] OR diet[Title/Abstract] OR food[Title/Abstract] OR fortified[Title/Abstract] OR dose[Title/Abstract]) AND (""2006/01/01""[Date - Publication] : ""2026/09/21""[Date - Publication]) AND ""Retracted Publication""[Publication Type]",78,0,0.000,0.00,,,2026-09-21
milk-thistle,口服/补剂,水飞蓟,Milk Thistle,Milk Thistle,"(""Milk Thistle""[Title]) AND (""dietary supplement""[Title/Abstract] OR ""nutritional supplement""[Title/Abstract] OR supplement[Title] OR supplements[Title] OR supplementation[Title/Abstract] OR dietary[Title/Abstract] OR nutrition*[Title/Abstract] OR oral[Title/Abstract] OR intake[Title/Abstract] OR deficiency[Title/Abstract] OR diet[Title/Abstract] OR food[Title/Abstract] OR fortified[Title/Abstract] OR dose[Title/Abstract]) AND (""2006/01/01""[Date - Publication] : ""2026/09/21""[Date - Publication])","(""Milk Thistle""[Title]) AND (""dietary supplement""[Title/Abstract] OR ""nutritional supplement""[Title/Abstract] OR supplement[Title] OR supplements[Title] OR supplementation[Title/Abstract] OR dietary[Title/Abstract] OR nutrition*[Title/Abstract] OR oral[Title/Abstract] OR intake[Title/Abstract] OR deficiency[Title/Abstract] OR diet[Title/Abstract] OR food[Title/Abstract] OR fortified[Title/Abstract] OR dose[Title/Abstract]) AND (""2006/01/01""[Date - Publication] : ""2026/09/21""[Date - Publication]) AND ""Retracted Publication""[Publication Type]",130,1,0.769,7.69,33473288,,2026-09-21
saw-palmetto,口服/补剂,锯棕榈,Saw Palmetto,Saw Palmetto,"(""Saw Palmetto""[Title]) AND (""dietary supplement""[Title/Abstract] OR ""nutritional supplement""[Title/Abstract] OR supplement[Title] OR supplements[Title] OR supplementation[Title/Abstract] OR dietary[Title/Abstract] OR nutrition*[Title/Abstract] OR oral[Title/Abstract] OR intake[Title/Abstract] OR deficiency[Title/Abstract] OR diet[Title/Abstract] OR food[Title/Abstract] OR fortified[Title/Abstract] OR dose[Title/Abstract]) AND (""2006/01/01""[Date - Publication] : ""2026/09/21""[Date - Publication])","(""Saw Palmetto""[Title]) AND (""dietary supplement""[Title/Abstract] OR ""nutritional supplement""[Title/Abstract] OR supplement[Title] OR supplements[Title] OR supplementation[Title/Abstract] OR dietary[Title/Abstract] OR nutrition*[Title/Abstract] OR oral[Title/Abstract] OR intake[Title/Abstract] OR deficiency[Title/Abstract] OR diet[Title/Abstract] OR food[Title/Abstract] OR fortified[Title/Abstract] OR dose[Title/Abstract]) AND (""2006/01/01""[Date - Publication] : ""2026/09/21""[Date - Publication]) AND ""Retracted Publication""[Publication Type]",44,0,0.000,0.00,,,2026-09-21
cranberry,口服/补剂,蔓越莓,Cranberry,Cranberry,"(""Cranberry""[Title]) AND (""dietary supplement""[Title/Abstract] OR ""nutritional supplement""[Title/Abstract] OR supplement[Title] OR supplements[Title] OR supplementation[Title/Abstract] OR dietary[Title/Abstract] OR nutrition*[Title/Abstract] OR oral[Title/Abstract] OR intake[Title/Abstract] OR deficiency[Title/Abstract] OR diet[Title/Abstract] OR food[Title/Abstract] OR fortified[Title/Abstract] OR dose[Title/Abstract]) AND (""2006/01/01""[Date - Publication] : ""2026/09/21""[Date - Publication])","(""Cranberry""[Title]) AND (""dietary supplement""[Title/Abstract] OR ""nutritional supplement""[Title/Abstract] OR supplement[Title] OR supplements[Title] OR supplementation[Title/Abstract] OR dietary[Title/Abstract] OR nutrition*[Title/Abstract] OR oral[Title/Abstract] OR intake[Title/Abstract] OR deficiency[Title/Abstract] OR diet[Title/Abstract] OR food[Title/Abstract] OR fortified[Title/Abstract] OR dose[Title/Abstract]) AND (""2006/01/01""[Date - Publication] : ""2026/09/21""[Date - Publication]) AND ""Retracted Publication""[Publication Type]",447,0,0.000,0.00,,,2026-09-21
d-mannose,口服/补剂,D-甘露糖,D-Mannose,D-mannose; mannose,"(""D-mannose""[Title] OR ""mannose""[Title]) AND (""dietary supplement""[Title/Abstract] OR ""nutritional supplement""[Title/Abstract] OR supplement[Title] OR supplements[Title] OR supplementation[Title/Abstract] OR dietary[Title/Abstract] OR nutrition*[Title/Abstract] OR oral[Title/Abstract] OR intake[Title/Abstract] OR deficiency[Title/Abstract] OR diet[Title/Abstract] OR food[Title/Abstract] OR fortified[Title/Abstract] OR dose[Title/Abstract]) AND (""2006/01/01""[Date - Publication] : ""2026/09/21""[Date - Publication])","(""D-mannose""[Title] OR ""mannose""[Title]) AND (""dietary supplement""[Title/Abstract] OR ""nutritional supplement""[Title/Abstract] OR supplement[Title] OR supplements[Title] OR supplementation[Title/Abstract] OR dietary[Title/Abstract] OR nutrition*[Title/Abstract] OR oral[Title/Abstract] OR intake[Title/Abstract] OR deficiency[Title/Abstract] OR diet[Title/Abstract] OR food[Title/Abstract] OR fortified[Title/Abstract] OR dose[Title/Abstract]) AND (""2006/01/01""[Date - Publication] : ""2026/09/21""[Date - Publication]) AND ""Retracted Publication""[Publication Type]",649,1,0.154,1.54,32308412,,2026-09-21
peppermint-oil,口服/补剂,薄荷油,Peppermint Oil,peppermint oil; Mentha piperita,"(""peppermint oil""[Title] OR ""Mentha piperita""[Title]) AND (""dietary supplement""[Title/Abstract] OR ""nutritional supplement""[Title/Abstract] OR supplement[Title] OR supplements[Title] OR supplementation[Title/Abstract] OR dietary[Title/Abstract] OR nutrition*[Title/Abstract] OR oral[Title/Abstract] OR intake[Title/Abstract] OR deficiency[Title/Abstract] OR diet[Title/Abstract] OR food[Title/Abstract] OR fortified[Title/Abstract] OR dose[Title/Abstract]) AND (""2006/01/01""[Date - Publication] : ""2026/09/21""[Date - Publication])","(""peppermint oil""[Title] OR ""Mentha piperita""[Title]) AND (""dietary supplement""[Title/Abstract] OR ""nutritional supplement""[Title/Abstract] OR supplement[Title] OR supplements[Title] OR supplementation[Title/Abstract] OR dietary[Title/Abstract] OR nutrition*[Title/Abstract] OR oral[Title/Abstract] OR intake[Title/Abstract] OR deficiency[Title/Abstract] OR diet[Title/Abstract] OR food[Title/Abstract] OR fortified[Title/Abstract] OR dose[Title/Abstract]) AND (""2006/01/01""[Date - Publication] : ""2026/09/21""[Date - Publication]) AND ""Retracted Publication""[Publication Type]",116,2,1.724,17.24,16399846;16355390,,2026-09-21
ginger,口服/补剂,姜,Ginger,Ginger,"(""Ginger""[Title]) AND (""dietary supplement""[Title/Abstract] OR ""nutritional supplement""[Title/Abstract] OR supplement[Title] OR supplements[Title] OR supplementation[Title/Abstract] OR dietary[Title/Abstract] OR nutrition*[Title/Abstract] OR oral[Title/Abstract] OR intake[Title/Abstract] OR deficiency[Title/Abstract] OR diet[Title/Abstract] OR food[Title/Abstract] OR fortified[Title/Abstract] OR dose[Title/Abstract]) AND (""2006/01/01""[Date - Publication] : ""2026/09/21""[Date - Publication])","(""Ginger""[Title]) AND (""dietary supplement""[Title/Abstract] OR ""nutritional supplement""[Title/Abstract] OR supplement[Title] OR supplements[Title] OR supplementation[Title/Abstract] OR dietary[Title/Abstract] OR nutrition*[Title/Abstract] OR oral[Title/Abstract] OR intake[Title/Abstract] OR deficiency[Title/Abstract] OR diet[Title/Abstract] OR food[Title/Abstract] OR fortified[Title/Abstract] OR dose[Title/Abstract]) AND (""2006/01/01""[Date - Publication] : ""2026/09/21""[Date - Publication]) AND ""Retracted Publication""[Publication Type]",1002,1,0.100,1.00,31428171,,2026-09-21
spirulina,口服/补剂,螺旋藻,Spirulina,Spirulina,"(""Spirulina""[Title]) AND (""dietary supplement""[Title/Abstract] OR ""nutritional supplement""[Title/Abstract] OR supplement[Title] OR supplements[Title] OR supplementation[Title/Abstract] OR dietary[Title/Abstract] OR nutrition*[Title/Abstract] OR oral[Title/Abstract] OR intake[Title/Abstract] OR deficiency[Title/Abstract] OR diet[Title/Abstract] OR food[Title/Abstract] OR fortified[Title/Abstract] OR dose[Title/Abstract]) AND (""2006/01/01""[Date - Publication] : ""2026/09/21""[Date - Publication])","(""Spirulina""[Title]) AND (""dietary supplement""[Title/Abstract] OR ""nutritional supplement""[Title/Abstract] OR supplement[Title] OR supplements[Title] OR supplementation[Title/Abstract] OR dietary[Title/Abstract] OR nutrition*[Title/Abstract] OR oral[Title/Abstract] OR intake[Title/Abstract] OR deficiency[Title/Abstract] OR diet[Title/Abstract] OR food[Title/Abstract] OR fortified[Title/Abstract] OR dose[Title/Abstract]) AND (""2006/01/01""[Date - Publication] : ""2026/09/21""[Date - Publication]) AND ""Retracted Publication""[Publication Type]",1110,2,0.180,1.80,39517296;32142842,,2026-09-21
chlorella,口服/补剂,小球藻,Chlorella,Chlorella,"(""Chlorella""[Title]) AND (""dietary supplement""[Title/Abstract] OR ""nutritional supplement""[Title/Abstract] OR supplement[Title] OR supplements[Title] OR supplementation[Title/Abstract] OR dietary[Title/Abstract] OR nutrition*[Title/Abstract] OR oral[Title/Abstract] OR intake[Title/Abstract] OR deficiency[Title/Abstract] OR diet[Title/Abstract] OR food[Title/Abstract] OR fortified[Title/Abstract] OR dose[Title/Abstract]) AND (""2006/01/01""[Date - Publication] : ""2026/09/21""[Date - Publication])","(""Chlorella""[Title]) AND (""dietary supplement""[Title/Abstract] OR ""nutritional supplement""[Title/Abstract] OR supplement[Title] OR supplements[Title] OR supplementation[Title/Abstract] OR dietary[Title/Abstract] OR nutrition*[Title/Abstract] OR oral[Title/Abstract] OR intake[Title/Abstract] OR deficiency[Title/Abstract] OR diet[Title/Abstract] OR food[Title/Abstract] OR fortified[Title/Abstract] OR dose[Title/Abstract]) AND (""2006/01/01""[Date - Publication] : ""2026/09/21""[Date - Publication]) AND ""Retracted Publication""[Publication Type]",886,0,0.000,0.00,,,2026-09-21
moringa,口服/补剂,辣木,Moringa,Moringa,"(""Moringa""[Title]) AND (""dietary supplement""[Title/Abstract] OR ""nutritional supplement""[Title/Abstract] OR supplement[Title] OR supplements[Title] OR supplementation[Title/Abstract] OR dietary[Title/Abstract] OR nutrition*[Title/Abstract] OR oral[Title/Abstract] OR intake[Title/Abstract] OR deficiency[Title/Abstract] OR diet[Title/Abstract] OR food[Title/Abstract] OR fortified[Title/Abstract] OR dose[Title/Abstract]) AND (""2006/01/01""[Date - Publication] : ""2026/09/21""[Date - Publication])","(""Moringa""[Title]) AND (""dietary supplement""[Title/Abstract] OR ""nutritional supplement""[Title/Abstract] OR supplement[Title] OR supplements[Title] OR supplementation[Title/Abstract] OR dietary[Title/Abstract] OR nutrition*[Title/Abstract] OR oral[Title/Abstract] OR intake[Title/Abstract] OR deficiency[Title/Abstract] OR diet[Title/Abstract] OR food[Title/Abstract] OR fortified[Title/Abstract] OR dose[Title/Abstract]) AND (""2006/01/01""[Date - Publication] : ""2026/09/21""[Date - Publication]) AND ""Retracted Publication""[Publication Type]",1237,4,0.323,3.23,35143535;34270569;30647808;30168446,,2026-09-21
wheatgrass,口服/补剂,小麦草,Wheatgrass,Wheatgrass,"(""Wheatgrass""[Title]) AND (""dietary supplement""[Title/Abstract] OR ""nutritional supplement""[Title/Abstract] OR supplement[Title] OR supplements[Title] OR supplementation[Title/Abstract] OR dietary[Title/Abstract] OR nutrition*[Title/Abstract] OR oral[Title/Abstract] OR intake[Title/Abstract] OR deficiency[Title/Abstract] OR diet[Title/Abstract] OR food[Title/Abstract] OR fortified[Title/Abstract] OR dose[Title/Abstract]) AND (""2006/01/01""[Date - Publication] : ""2026/09/21""[Date - Publication])","(""Wheatgrass""[Title]) AND (""dietary supplement""[Title/Abstract] OR ""nutritional supplement""[Title/Abstract] OR supplement[Title] OR supplements[Title] OR supplementation[Title/Abstract] OR dietary[Title/Abstract] OR nutrition*[Title/Abstract] OR oral[Title/Abstract] OR intake[Title/Abstract] OR deficiency[Title/Abstract] OR diet[Title/Abstract] OR food[Title/Abstract] OR fortified[Title/Abstract] OR dose[Title/Abstract]) AND (""2006/01/01""[Date - Publication] : ""2026/09/21""[Date - Publication]) AND ""Retracted Publication""[Publication Type]",57,0,0.000,0.00,,,2026-09-21
beetroot,口服/补剂,甜菜根,Beetroot / Nitrate,beetroot; dietary nitrate; nitrate,"(""beetroot""[Title] OR ""dietary nitrate""[Title] OR ""nitrate""[Title]) AND (""dietary supplement""[Title/Abstract] OR ""nutritional supplement""[Title/Abstract] OR supplement[Title] OR supplements[Title] OR supplementation[Title/Abstract] OR dietary[Title/Abstract] OR nutrition*[Title/Abstract] OR oral[Title/Abstract] OR intake[Title/Abstract] OR deficiency[Title/Abstract] OR diet[Title/Abstract] OR food[Title/Abstract] OR fortified[Title/Abstract] OR dose[Title/Abstract]) AND (""2006/01/01""[Date - Publication] : ""2026/09/21""[Date - Publication])","(""beetroot""[Title] OR ""dietary nitrate""[Title] OR ""nitrate""[Title]) AND (""dietary supplement""[Title/Abstract] OR ""nutritional supplement""[Title/Abstract] OR supplement[Title] OR supplements[Title] OR supplementation[Title/Abstract] OR dietary[Title/Abstract] OR nutrition*[Title/Abstract] OR oral[Title/Abstract] OR intake[Title/Abstract] OR deficiency[Title/Abstract] OR diet[Title/Abstract] OR food[Title/Abstract] OR fortified[Title/Abstract] OR dose[Title/Abstract]) AND (""2006/01/01""[Date - Publication] : ""2026/09/21""[Date - Publication]) AND ""Retracted Publication""[Publication Type]",2966,1,0.034,0.34,38623889,,2026-09-21
cocoa-flavanols,口服/补剂,可可黄烷醇,Cocoa Flavanols,cocoa flavanol; cocoa flavanols; cocoa polyphenol,"(""cocoa flavanol""[Title] OR ""cocoa flavanols""[Title] OR ""cocoa polyphenol""[Title]) AND (""dietary supplement""[Title/Abstract] OR ""nutritional supplement""[Title/Abstract] OR supplement[Title] OR supplements[Title] OR supplementation[Title/Abstract] OR dietary[Title/Abstract] OR nutrition*[Title/Abstract] OR oral[Title/Abstract] OR intake[Title/Abstract] OR deficiency[Title/Abstract] OR diet[Title/Abstract] OR food[Title/Abstract] OR fortified[Title/Abstract] OR dose[Title/Abstract]) AND (""2006/01/01""[Date - Publication] : ""2026/09/21""[Date - Publication])","(""cocoa flavanol""[Title] OR ""cocoa flavanols""[Title] OR ""cocoa polyphenol""[Title]) AND (""dietary supplement""[Title/Abstract] OR ""nutritional supplement""[Title/Abstract] OR supplement[Title] OR supplements[Title] OR supplementation[Title/Abstract] OR dietary[Title/Abstract] OR nutrition*[Title/Abstract] OR oral[Title/Abstract] OR intake[Title/Abstract] OR deficiency[Title/Abstract] OR diet[Title/Abstract] OR food[Title/Abstract] OR fortified[Title/Abstract] OR dose[Title/Abstract]) AND (""2006/01/01""[Date - Publication] : ""2026/09/21""[Date - Publication]) AND ""Retracted Publication""[Publication Type]",89,0,0.000,0.00,,,2026-09-21
olive-leaf,口服/补剂,橄榄叶提取物,Olive Leaf Extract,olive leaf; oleuropein,"(""olive leaf""[Title] OR ""oleuropein""[Title]) AND (""dietary supplement""[Title/Abstract] OR ""nutritional supplement""[Title/Abstract] OR supplement[Title] OR supplements[Title] OR supplementation[Title/Abstract] OR dietary[Title/Abstract] OR nutrition*[Title/Abstract] OR oral[Title/Abstract] OR intake[Title/Abstract] OR deficiency[Title/Abstract] OR diet[Title/Abstract] OR food[Title/Abstract] OR fortified[Title/Abstract] OR dose[Title/Abstract]) AND (""2006/01/01""[Date - Publication] : ""2026/09/21""[Date - Publication])","(""olive leaf""[Title] OR ""oleuropein""[Title]) AND (""dietary supplement""[Title/Abstract] OR ""nutritional supplement""[Title/Abstract] OR supplement[Title] OR supplements[Title] OR supplementation[Title/Abstract] OR dietary[Title/Abstract] OR nutrition*[Title/Abstract] OR oral[Title/Abstract] OR intake[Title/Abstract] OR deficiency[Title/Abstract] OR diet[Title/Abstract] OR food[Title/Abstract] OR fortified[Title/Abstract] OR dose[Title/Abstract]) AND (""2006/01/01""[Date - Publication] : ""2026/09/21""[Date - Publication]) AND ""Retracted Publication""[Publication Type]",465,0,0.000,0.00,,,2026-09-21
black-seed-oil,口服/补剂,黑种草籽油,Black Seed Oil,black seed oil; Nigella sativa,"(""black seed oil""[Title] OR ""Nigella sativa""[Title]) AND (""dietary supplement""[Title/Abstract] OR ""nutritional supplement""[Title/Abstract] OR supplement[Title] OR supplements[Title] OR supplementation[Title/Abstract] OR dietary[Title/Abstract] OR nutrition*[Title/Abstract] OR oral[Title/Abstract] OR intake[Title/Abstract] OR deficiency[Title/Abstract] OR diet[Title/Abstract] OR food[Title/Abstract] OR fortified[Title/Abstract] OR dose[Title/Abstract]) AND (""2006/01/01""[Date - Publication] : ""2026/09/21""[Date - Publication])","(""black seed oil""[Title] OR ""Nigella sativa""[Title]) AND (""dietary supplement""[Title/Abstract] OR ""nutritional supplement""[Title/Abstract] OR supplement[Title] OR supplements[Title] OR supplementation[Title/Abstract] OR dietary[Title/Abstract] OR nutrition*[Title/Abstract] OR oral[Title/Abstract] OR intake[Title/Abstract] OR deficiency[Title/Abstract] OR diet[Title/Abstract] OR food[Title/Abstract] OR fortified[Title/Abstract] OR dose[Title/Abstract]) AND (""2006/01/01""[Date - Publication] : ""2026/09/21""[Date - Publication]) AND ""Retracted Publication""[Publication Type]",605,1,0.165,1.65,32512788,,2026-09-21
evening-primrose-oil,口服/补剂,月见草油,Evening Primrose Oil,evening primrose oil,"(""evening primrose oil""[Title]) AND (""dietary supplement""[Title/Abstract] OR ""nutritional supplement""[Title/Abstract] OR supplement[Title] OR supplements[Title] OR supplementation[Title/Abstract] OR dietary[Title/Abstract] OR nutrition*[Title/Abstract] OR oral[Title/Abstract] OR intake[Title/Abstract] OR deficiency[Title/Abstract] OR diet[Title/Abstract] OR food[Title/Abstract] OR fortified[Title/Abstract] OR dose[Title/Abstract]) AND (""2006/01/01""[Date - Publication] : ""2026/09/21""[Date - Publication])","(""evening primrose oil""[Title]) AND (""dietary supplement""[Title/Abstract] OR ""nutritional supplement""[Title/Abstract] OR supplement[Title] OR supplements[Title] OR supplementation[Title/Abstract] OR dietary[Title/Abstract] OR nutrition*[Title/Abstract] OR oral[Title/Abstract] OR intake[Title/Abstract] OR deficiency[Title/Abstract] OR diet[Title/Abstract] OR food[Title/Abstract] OR fortified[Title/Abstract] OR dose[Title/Abstract]) AND (""2006/01/01""[Date - Publication] : ""2026/09/21""[Date - Publication]) AND ""Retracted Publication""[Publication Type]",50,1,2.000,20.00,28742409,,2026-09-21
borage-oil,口服/补剂,琉璃苣油,Borage Oil,borage oil,"(""borage oil""[Title]) AND (""dietary supplement""[Title/Abstract] OR ""nutritional supplement""[Title/Abstract] OR supplement[Title] OR supplements[Title] OR supplementation[Title/Abstract] OR dietary[Title/Abstract] OR nutrition*[Title/Abstract] OR oral[Title/Abstract] OR intake[Title/Abstract] OR deficiency[Title/Abstract] OR diet[Title/Abstract] OR food[Title/Abstract] OR fortified[Title/Abstract] OR dose[Title/Abstract]) AND (""2006/01/01""[Date - Publication] : ""2026/09/21""[Date - Publication])","(""borage oil""[Title]) AND (""dietary supplement""[Title/Abstract] OR ""nutritional supplement""[Title/Abstract] OR supplement[Title] OR supplements[Title] OR supplementation[Title/Abstract] OR dietary[Title/Abstract] OR nutrition*[Title/Abstract] OR oral[Title/Abstract] OR intake[Title/Abstract] OR deficiency[Title/Abstract] OR diet[Title/Abstract] OR food[Title/Abstract] OR fortified[Title/Abstract] OR dose[Title/Abstract]) AND (""2006/01/01""[Date - Publication] : ""2026/09/21""[Date - Publication]) AND ""Retracted Publication""[Publication Type]",13,0,0.000,0.00,,,2026-09-21
cla,口服/补剂,共轭亚油酸,Conjugated Linoleic Acid,conjugated linoleic acid; CLA,"(""conjugated linoleic acid""[Title] OR ""CLA""[Title]) AND (""dietary supplement""[Title/Abstract] OR ""nutritional supplement""[Title/Abstract] OR supplement[Title] OR supplements[Title] OR supplementation[Title/Abstract] OR dietary[Title/Abstract] OR nutrition*[Title/Abstract] OR oral[Title/Abstract] OR intake[Title/Abstract] OR deficiency[Title/Abstract] OR diet[Title/Abstract] OR food[Title/Abstract] OR fortified[Title/Abstract] OR dose[Title/Abstract]) AND (""2006/01/01""[Date - Publication] : ""2026/09/21""[Date - Publication])","(""conjugated linoleic acid""[Title] OR ""CLA""[Title]) AND (""dietary supplement""[Title/Abstract] OR ""nutritional supplement""[Title/Abstract] OR supplement[Title] OR supplements[Title] OR supplementation[Title/Abstract] OR dietary[Title/Abstract] OR nutrition*[Title/Abstract] OR oral[Title/Abstract] OR intake[Title/Abstract] OR deficiency[Title/Abstract] OR diet[Title/Abstract] OR food[Title/Abstract] OR fortified[Title/Abstract] OR dose[Title/Abstract]) AND (""2006/01/01""[Date - Publication] : ""2026/09/21""[Date - Publication]) AND ""Retracted Publication""[Publication Type]",1092,0,0.000,0.00,,,2026-09-21
mct-oil,口服/补剂,MCT 油,MCT Oil,MCT oil; medium chain triglyceride; medium-chain triglyceride,"(""MCT oil""[Title] OR ""medium chain triglyceride""[Title] OR ""medium-chain triglyceride""[Title]) AND (""dietary supplement""[Title/Abstract] OR ""nutritional supplement""[Title/Abstract] OR supplement[Title] OR supplements[Title] OR supplementation[Title/Abstract] OR dietary[Title/Abstract] OR nutrition*[Title/Abstract] OR oral[Title/Abstract] OR intake[Title/Abstract] OR deficiency[Title/Abstract] OR diet[Title/Abstract] OR food[Title/Abstract] OR fortified[Title/Abstract] OR dose[Title/Abstract]) AND (""2006/01/01""[Date - Publication] : ""2026/09/21""[Date - Publication])","(""MCT oil""[Title] OR ""medium chain triglyceride""[Title] OR ""medium-chain triglyceride""[Title]) AND (""dietary supplement""[Title/Abstract] OR ""nutritional supplement""[Title/Abstract] OR supplement[Title] OR supplements[Title] OR supplementation[Title/Abstract] OR dietary[Title/Abstract] OR nutrition*[Title/Abstract] OR oral[Title/Abstract] OR intake[Title/Abstract] OR deficiency[Title/Abstract] OR diet[Title/Abstract] OR food[Title/Abstract] OR fortified[Title/Abstract] OR dose[Title/Abstract]) AND (""2006/01/01""[Date - Publication] : ""2026/09/21""[Date - Publication]) AND ""Retracted Publication""[Publication Type]",143,0,0.000,0.00,,,2026-09-21
sam-e,口服/补剂,SAM-e,S-Adenosylmethionine,S-adenosylmethionine; SAM-e,"(""S-adenosylmethionine""[Title] OR ""SAM-e""[Title]) AND (""dietary supplement""[Title/Abstract] OR ""nutritional supplement""[Title/Abstract] OR supplement[Title] OR supplements[Title] OR supplementation[Title/Abstract] OR dietary[Title/Abstract] OR nutrition*[Title/Abstract] OR oral[Title/Abstract] OR intake[Title/Abstract] OR deficiency[Title/Abstract] OR diet[Title/Abstract] OR food[Title/Abstract] OR fortified[Title/Abstract] OR dose[Title/Abstract]) AND (""2006/01/01""[Date - Publication] : ""2026/09/21""[Date - Publication])","(""S-adenosylmethionine""[Title] OR ""SAM-e""[Title]) AND (""dietary supplement""[Title/Abstract] OR ""nutritional supplement""[Title/Abstract] OR supplement[Title] OR supplements[Title] OR supplementation[Title/Abstract] OR dietary[Title/Abstract] OR nutrition*[Title/Abstract] OR oral[Title/Abstract] OR intake[Title/Abstract] OR deficiency[Title/Abstract] OR diet[Title/Abstract] OR food[Title/Abstract] OR fortified[Title/Abstract] OR dose[Title/Abstract]) AND (""2006/01/01""[Date - Publication] : ""2026/09/21""[Date - Publication]) AND ""Retracted Publication""[Publication Type]",197,0,0.000,0.00,,,2026-09-21
inositol,口服/补剂,肌醇,Inositol,Inositol,"(""Inositol""[Title]) AND (""dietary supplement""[Title/Abstract] OR ""nutritional supplement""[Title/Abstract] OR supplement[Title] OR supplements[Title] OR supplementation[Title/Abstract] OR dietary[Title/Abstract] OR nutrition*[Title/Abstract] OR oral[Title/Abstract] OR intake[Title/Abstract] OR deficiency[Title/Abstract] OR diet[Title/Abstract] OR food[Title/Abstract] OR fortified[Title/Abstract] OR dose[Title/Abstract]) AND (""2006/01/01""[Date - Publication] : ""2026/09/21""[Date - Publication])","(""Inositol""[Title]) AND (""dietary supplement""[Title/Abstract] OR ""nutritional supplement""[Title/Abstract] OR supplement[Title] OR supplements[Title] OR supplementation[Title/Abstract] OR dietary[Title/Abstract] OR nutrition*[Title/Abstract] OR oral[Title/Abstract] OR intake[Title/Abstract] OR deficiency[Title/Abstract] OR diet[Title/Abstract] OR food[Title/Abstract] OR fortified[Title/Abstract] OR dose[Title/Abstract]) AND (""2006/01/01""[Date - Publication] : ""2026/09/21""[Date - Publication]) AND ""Retracted Publication""[Publication Type]",891,7,0.786,7.86,34919250;30132953;28980870;27736936;26507336;21835536;18854115,,2026-09-21
phosphatidylserine,口服/补剂,磷脂酰丝氨酸,Phosphatidylserine,Phosphatidylserine,"(""Phosphatidylserine""[Title]) AND (""dietary supplement""[Title/Abstract] OR ""nutritional supplement""[Title/Abstract] OR supplement[Title] OR supplements[Title] OR supplementation[Title/Abstract] OR dietary[Title/Abstract] OR nutrition*[Title/Abstract] OR oral[Title/Abstract] OR intake[Title/Abstract] OR deficiency[Title/Abstract] OR diet[Title/Abstract] OR food[Title/Abstract] OR fortified[Title/Abstract] OR dose[Title/Abstract]) AND (""2006/01/01""[Date - Publication] : ""2026/09/21""[Date - Publication])","(""Phosphatidylserine""[Title]) AND (""dietary supplement""[Title/Abstract] OR ""nutritional supplement""[Title/Abstract] OR supplement[Title] OR supplements[Title] OR supplementation[Title/Abstract] OR dietary[Title/Abstract] OR nutrition*[Title/Abstract] OR oral[Title/Abstract] OR intake[Title/Abstract] OR deficiency[Title/Abstract] OR diet[Title/Abstract] OR food[Title/Abstract] OR fortified[Title/Abstract] OR dose[Title/Abstract]) AND (""2006/01/01""[Date - Publication] : ""2026/09/21""[Date - Publication]) AND ""Retracted Publication""[Publication Type]",253,0,0.000,0.00,,,2026-09-21
citicoline,口服/补剂,胞磷胆碱,Citicoline,Citicoline,"(""Citicoline""[Title]) AND (""dietary supplement""[Title/Abstract] OR ""nutritional supplement""[Title/Abstract] OR supplement[Title] OR supplements[Title] OR supplementation[Title/Abstract] OR dietary[Title/Abstract] OR nutrition*[Title/Abstract] OR oral[Title/Abstract] OR intake[Title/Abstract] OR deficiency[Title/Abstract] OR diet[Title/Abstract] OR food[Title/Abstract] OR fortified[Title/Abstract] OR dose[Title/Abstract]) AND (""2006/01/01""[Date - Publication] : ""2026/09/21""[Date - Publication])","(""Citicoline""[Title]) AND (""dietary supplement""[Title/Abstract] OR ""nutritional supplement""[Title/Abstract] OR supplement[Title] OR supplements[Title] OR supplementation[Title/Abstract] OR dietary[Title/Abstract] OR nutrition*[Title/Abstract] OR oral[Title/Abstract] OR intake[Title/Abstract] OR deficiency[Title/Abstract] OR diet[Title/Abstract] OR food[Title/Abstract] OR fortified[Title/Abstract] OR dose[Title/Abstract]) AND (""2006/01/01""[Date - Publication] : ""2026/09/21""[Date - Publication]) AND ""Retracted Publication""[Publication Type]",120,0,0.000,0.00,,,2026-09-21
choline,口服/补剂,胆碱,Choline,Choline,"(""Choline""[Title]) AND (""dietary supplement""[Title/Abstract] OR ""nutritional supplement""[Title/Abstract] OR supplement[Title] OR supplements[Title] OR supplementation[Title/Abstract] OR dietary[Title/Abstract] OR nutrition*[Title/Abstract] OR oral[Title/Abstract] OR intake[Title/Abstract] OR deficiency[Title/Abstract] OR diet[Title/Abstract] OR food[Title/Abstract] OR fortified[Title/Abstract] OR dose[Title/Abstract]) AND (""2006/01/01""[Date - Publication] : ""2026/09/21""[Date - Publication])","(""Choline""[Title]) AND (""dietary supplement""[Title/Abstract] OR ""nutritional supplement""[Title/Abstract] OR supplement[Title] OR supplements[Title] OR supplementation[Title/Abstract] OR dietary[Title/Abstract] OR nutrition*[Title/Abstract] OR oral[Title/Abstract] OR intake[Title/Abstract] OR deficiency[Title/Abstract] OR diet[Title/Abstract] OR food[Title/Abstract] OR fortified[Title/Abstract] OR dose[Title/Abstract]) AND (""2006/01/01""[Date - Publication] : ""2026/09/21""[Date - Publication]) AND ""Retracted Publication""[Publication Type]",1905,1,0.052,0.52,31991181,,2026-09-21
l-theanine,口服/补剂,L-茶氨酸,L-Theanine,L-theanine; theanine,"(""L-theanine""[Title] OR ""theanine""[Title]) AND (""dietary supplement""[Title/Abstract] OR ""nutritional supplement""[Title/Abstract] OR supplement[Title] OR supplements[Title] OR supplementation[Title/Abstract] OR dietary[Title/Abstract] OR nutrition*[Title/Abstract] OR oral[Title/Abstract] OR intake[Title/Abstract] OR deficiency[Title/Abstract] OR diet[Title/Abstract] OR food[Title/Abstract] OR fortified[Title/Abstract] OR dose[Title/Abstract]) AND (""2006/01/01""[Date - Publication] : ""2026/09/21""[Date - Publication])","(""L-theanine""[Title] OR ""theanine""[Title]) AND (""dietary supplement""[Title/Abstract] OR ""nutritional supplement""[Title/Abstract] OR supplement[Title] OR supplements[Title] OR supplementation[Title/Abstract] OR dietary[Title/Abstract] OR nutrition*[Title/Abstract] OR oral[Title/Abstract] OR intake[Title/Abstract] OR deficiency[Title/Abstract] OR diet[Title/Abstract] OR food[Title/Abstract] OR fortified[Title/Abstract] OR dose[Title/Abstract]) AND (""2006/01/01""[Date - Publication] : ""2026/09/21""[Date - Publication]) AND ""Retracted Publication""[Publication Type]",278,0,0.000,0.00,,,2026-09-21
tryptophan,口服/补剂,色氨酸,Tryptophan,Tryptophan,"(""Tryptophan""[Title]) AND (""dietary supplement""[Title/Abstract] OR ""nutritional supplement""[Title/Abstract] OR supplement[Title] OR supplements[Title] OR supplementation[Title/Abstract] OR dietary[Title/Abstract] OR nutrition*[Title/Abstract] OR oral[Title/Abstract] OR intake[Title/Abstract] OR deficiency[Title/Abstract] OR diet[Title/Abstract] OR food[Title/Abstract] OR fortified[Title/Abstract] OR dose[Title/Abstract]) AND (""2006/01/01""[Date - Publication] : ""2026/09/21""[Date - Publication])","(""Tryptophan""[Title]) AND (""dietary supplement""[Title/Abstract] OR ""nutritional supplement""[Title/Abstract] OR supplement[Title] OR supplements[Title] OR supplementation[Title/Abstract] OR dietary[Title/Abstract] OR nutrition*[Title/Abstract] OR oral[Title/Abstract] OR intake[Title/Abstract] OR deficiency[Title/Abstract] OR diet[Title/Abstract] OR food[Title/Abstract] OR fortified[Title/Abstract] OR dose[Title/Abstract]) AND (""2006/01/01""[Date - Publication] : ""2026/09/21""[Date - Publication]) AND ""Retracted Publication""[Publication Type]",1774,2,0.113,1.13,38655353;34122006,,2026-09-21
5-htp,口服/补剂,5-HTP,5-HTP,5-HTP; 5 hydroxytryptophan; 5-hydroxytryptophan,"(""5-HTP""[Title] OR ""5 hydroxytryptophan""[Title] OR ""5-hydroxytryptophan""[Title]) AND (""dietary supplement""[Title/Abstract] OR ""nutritional supplement""[Title/Abstract] OR supplement[Title] OR supplements[Title] OR supplementation[Title/Abstract] OR dietary[Title/Abstract] OR nutrition*[Title/Abstract] OR oral[Title/Abstract] OR intake[Title/Abstract] OR deficiency[Title/Abstract] OR diet[Title/Abstract] OR food[Title/Abstract] OR fortified[Title/Abstract] OR dose[Title/Abstract]) AND (""2006/01/01""[Date - Publication] : ""2026/09/21""[Date - Publication])","(""5-HTP""[Title] OR ""5 hydroxytryptophan""[Title] OR ""5-hydroxytryptophan""[Title]) AND (""dietary supplement""[Title/Abstract] OR ""nutritional supplement""[Title/Abstract] OR supplement[Title] OR supplements[Title] OR supplementation[Title/Abstract] OR dietary[Title/Abstract] OR nutrition*[Title/Abstract] OR oral[Title/Abstract] OR intake[Title/Abstract] OR deficiency[Title/Abstract] OR diet[Title/Abstract] OR food[Title/Abstract] OR fortified[Title/Abstract] OR dose[Title/Abstract]) AND (""2006/01/01""[Date - Publication] : ""2026/09/21""[Date - Publication]) AND ""Retracted Publication""[Publication Type]",94,1,1.064,10.64,19557117,,2026-09-21
valerian,口服/补剂,缬草,Valerian,Valerian,"(""Valerian""[Title]) AND (""dietary supplement""[Title/Abstract] OR ""nutritional supplement""[Title/Abstract] OR supplement[Title] OR supplements[Title] OR supplementation[Title/Abstract] OR dietary[Title/Abstract] OR nutrition*[Title/Abstract] OR oral[Title/Abstract] OR intake[Title/Abstract] OR deficiency[Title/Abstract] OR diet[Title/Abstract] OR food[Title/Abstract] OR fortified[Title/Abstract] OR dose[Title/Abstract]) AND (""2006/01/01""[Date - Publication] : ""2026/09/21""[Date - Publication])","(""Valerian""[Title]) AND (""dietary supplement""[Title/Abstract] OR ""nutritional supplement""[Title/Abstract] OR supplement[Title] OR supplements[Title] OR supplementation[Title/Abstract] OR dietary[Title/Abstract] OR nutrition*[Title/Abstract] OR oral[Title/Abstract] OR intake[Title/Abstract] OR deficiency[Title/Abstract] OR diet[Title/Abstract] OR food[Title/Abstract] OR fortified[Title/Abstract] OR dose[Title/Abstract]) AND (""2006/01/01""[Date - Publication] : ""2026/09/21""[Date - Publication]) AND ""Retracted Publication""[Publication Type]",38,0,0.000,0.00,,,2026-09-21
skin-sunscreen,皮肤外用,防晒,Sunscreen,sunscreen; photoprotection; sun protection,"(""sunscreen""[Title] OR ""photoprotection""[Title] OR ""sun protection""[Title]) AND (skin[Title/Abstract] OR dermatolog*[Title/Abstract] OR photoaging[Title/Abstract] OR wrinkle*[Title/Abstract] OR pigment*[Title/Abstract] OR topical[Title/Abstract] OR sunscreen[Title/Abstract] OR barrier[Title/Abstract] OR cosmetic*[Title/Abstract]) AND (""2006/01/01""[Date - Publication] : ""2026/09/21""[Date - Publication])","(""sunscreen""[Title] OR ""photoprotection""[Title] OR ""sun protection""[Title]) AND (skin[Title/Abstract] OR dermatolog*[Title/Abstract] OR photoaging[Title/Abstract] OR wrinkle*[Title/Abstract] OR pigment*[Title/Abstract] OR topical[Title/Abstract] OR sunscreen[Title/Abstract] OR barrier[Title/Abstract] OR cosmetic*[Title/Abstract]) AND (""2006/01/01""[Date - Publication] : ""2026/09/21""[Date - Publication]) AND ""Retracted Publication""[Publication Type]",2702,1,0.037,0.37,30414837,,2026-09-21
skin-retinoids,皮肤外用,维A酸/视黄醇,Retinoids,retinoid; retinoids; retinol; tretinoin,"(""retinoid""[Title] OR ""retinoids""[Title] OR ""retinol""[Title] OR ""tretinoin""[Title]) AND (skin[Title/Abstract] OR dermatolog*[Title/Abstract] OR photoaging[Title/Abstract] OR wrinkle*[Title/Abstract] OR pigment*[Title/Abstract] OR topical[Title/Abstract] OR sunscreen[Title/Abstract] OR barrier[Title/Abstract] OR cosmetic*[Title/Abstract]) AND (""2006/01/01""[Date - Publication] : ""2026/09/21""[Date - Publication])","(""retinoid""[Title] OR ""retinoids""[Title] OR ""retinol""[Title] OR ""tretinoin""[Title]) AND (skin[Title/Abstract] OR dermatolog*[Title/Abstract] OR photoaging[Title/Abstract] OR wrinkle*[Title/Abstract] OR pigment*[Title/Abstract] OR topical[Title/Abstract] OR sunscreen[Title/Abstract] OR barrier[Title/Abstract] OR cosmetic*[Title/Abstract]) AND (""2006/01/01""[Date - Publication] : ""2026/09/21""[Date - Publication]) AND ""Retracted Publication""[Publication Type]",1038,1,0.096,0.96,25565812,,2026-09-21
skin-niacinamide,皮肤外用,烟酰胺,Niacinamide,niacinamide; nicotinamide,"(""niacinamide""[Title] OR ""nicotinamide""[Title]) AND (skin[Title/Abstract] OR dermatolog*[Title/Abstract] OR photoaging[Title/Abstract] OR wrinkle*[Title/Abstract] OR pigment*[Title/Abstract] OR topical[Title/Abstract] OR sunscreen[Title/Abstract] OR barrier[Title/Abstract] OR cosmetic*[Title/Abstract]) AND (""2006/01/01""[Date - Publication] : ""2026/09/21""[Date - Publication])","(""niacinamide""[Title] OR ""nicotinamide""[Title]) AND (skin[Title/Abstract] OR dermatolog*[Title/Abstract] OR photoaging[Title/Abstract] OR wrinkle*[Title/Abstract] OR pigment*[Title/Abstract] OR topical[Title/Abstract] OR sunscreen[Title/Abstract] OR barrier[Title/Abstract] OR cosmetic*[Title/Abstract]) AND (""2006/01/01""[Date - Publication] : ""2026/09/21""[Date - Publication]) AND ""Retracted Publication""[Publication Type]",439,1,0.228,2.28,35342760,,2026-09-21
skin-topical-vitamin-c,皮肤外用,外用维C,Topical Vitamin C,vitamin C; ascorbic acid,"(""vitamin C""[Title] OR ""ascorbic acid""[Title]) AND (skin[Title/Abstract] OR dermatolog*[Title/Abstract] OR photoaging[Title/Abstract] OR wrinkle*[Title/Abstract] OR pigment*[Title/Abstract] OR topical[Title/Abstract] OR sunscreen[Title/Abstract] OR barrier[Title/Abstract] OR cosmetic*[Title/Abstract]) AND (""2006/01/01""[Date - Publication] : ""2026/09/21""[Date - Publication])","(""vitamin C""[Title] OR ""ascorbic acid""[Title]) AND (skin[Title/Abstract] OR dermatolog*[Title/Abstract] OR photoaging[Title/Abstract] OR wrinkle*[Title/Abstract] OR pigment*[Title/Abstract] OR topical[Title/Abstract] OR sunscreen[Title/Abstract] OR barrier[Title/Abstract] OR cosmetic*[Title/Abstract]) AND (""2006/01/01""[Date - Publication] : ""2026/09/21""[Date - Publication]) AND ""Retracted Publication""[Publication Type]",739,1,0.135,1.35,22033423,,2026-09-21
skin-hyaluronic-acid,皮肤外用,透明质酸,Hyaluronic Acid,hyaluronic acid; hyaluronan,"(""hyaluronic acid""[Title] OR ""hyaluronan""[Title]) AND (skin[Title/Abstract] OR dermatolog*[Title/Abstract] OR photoaging[Title/Abstract] OR wrinkle*[Title/Abstract] OR pigment*[Title/Abstract] OR topical[Title/Abstract] OR sunscreen[Title/Abstract] OR barrier[Title/Abstract] OR cosmetic*[Title/Abstract]) AND (""2006/01/01""[Date - Publication] : ""2026/09/21""[Date - Publication])","(""hyaluronic acid""[Title] OR ""hyaluronan""[Title]) AND (skin[Title/Abstract] OR dermatolog*[Title/Abstract] OR photoaging[Title/Abstract] OR wrinkle*[Title/Abstract] OR pigment*[Title/Abstract] OR topical[Title/Abstract] OR sunscreen[Title/Abstract] OR barrier[Title/Abstract] OR cosmetic*[Title/Abstract]) AND (""2006/01/01""[Date - Publication] : ""2026/09/21""[Date - Publication]) AND ""Retracted Publication""[Publication Type]",2953,9,0.305,3.05,36841387;35651502;33090687;33015440;32299553;30046611;25604697;25473210;25167809,,2026-09-21
skin-ceramides,皮肤外用,神经酰胺,Ceramides,ceramide; ceramides,"(""ceramide""[Title] OR ""ceramides""[Title]) AND (skin[Title/Abstract] OR dermatolog*[Title/Abstract] OR photoaging[Title/Abstract] OR wrinkle*[Title/Abstract] OR pigment*[Title/Abstract] OR topical[Title/Abstract] OR sunscreen[Title/Abstract] OR barrier[Title/Abstract] OR cosmetic*[Title/Abstract]) AND (""2006/01/01""[Date - Publication] : ""2026/09/21""[Date - Publication])","(""ceramide""[Title] OR ""ceramides""[Title]) AND (skin[Title/Abstract] OR dermatolog*[Title/Abstract] OR photoaging[Title/Abstract] OR wrinkle*[Title/Abstract] OR pigment*[Title/Abstract] OR topical[Title/Abstract] OR sunscreen[Title/Abstract] OR barrier[Title/Abstract] OR cosmetic*[Title/Abstract]) AND (""2006/01/01""[Date - Publication] : ""2026/09/21""[Date - Publication]) AND ""Retracted Publication""[Publication Type]",663,0,0.000,0.00,,,2026-09-21
skin-polyphenols,皮肤外用,多酚/抗氧化剂,Polyphenols,polyphenol; polyphenols; antioxidant,"(""polyphenol""[Title] OR ""polyphenols""[Title] OR ""antioxidant""[Title]) AND (skin[Title/Abstract] OR dermatolog*[Title/Abstract] OR photoaging[Title/Abstract] OR wrinkle*[Title/Abstract] OR pigment*[Title/Abstract] OR topical[Title/Abstract] OR sunscreen[Title/Abstract] OR barrier[Title/Abstract] OR cosmetic*[Title/Abstract]) AND (""2006/01/01""[Date - Publication] : ""2026/09/21""[Date - Publication])","(""polyphenol""[Title] OR ""polyphenols""[Title] OR ""antioxidant""[Title]) AND (skin[Title/Abstract] OR dermatolog*[Title/Abstract] OR photoaging[Title/Abstract] OR wrinkle*[Title/Abstract] OR pigment*[Title/Abstract] OR topical[Title/Abstract] OR sunscreen[Title/Abstract] OR barrier[Title/Abstract] OR cosmetic*[Title/Abstract]) AND (""2006/01/01""[Date - Publication] : ""2026/09/21""[Date - Publication]) AND ""Retracted Publication""[Publication Type]",7193,19,0.264,2.64,39169199;39101317;38720726;38173533;38169772;37517755;36805894;35728636;35669730;35468144;35222807;34941898;33574987;32869889;32841671;28856566;26111626;23870286;21887248,,2026-09-21
skin-energy-devices,皮肤外用,医美能量设备,Energy Devices,laser resurfacing; microneedling; chemical peel; radiofrequency,"(""laser resurfacing""[Title] OR ""microneedling""[Title] OR ""chemical peel""[Title] OR ""radiofrequency""[Title]) AND (skin[Title/Abstract] OR dermatolog*[Title/Abstract] OR photoaging[Title/Abstract] OR wrinkle*[Title/Abstract] OR pigment*[Title/Abstract] OR topical[Title/Abstract] OR sunscreen[Title/Abstract] OR barrier[Title/Abstract] OR cosmetic*[Title/Abstract]) AND (""2006/01/01""[Date - Publication] : ""2026/09/21""[Date - Publication])","(""laser resurfacing""[Title] OR ""microneedling""[Title] OR ""chemical peel""[Title] OR ""radiofrequency""[Title]) AND (skin[Title/Abstract] OR dermatolog*[Title/Abstract] OR photoaging[Title/Abstract] OR wrinkle*[Title/Abstract] OR pigment*[Title/Abstract] OR topical[Title/Abstract] OR sunscreen[Title/Abstract] OR barrier[Title/Abstract] OR cosmetic*[Title/Abstract]) AND (""2006/01/01""[Date - Publication] : ""2026/09/21""[Date - Publication]) AND ""Retracted Publication""[Publication Type]",2009,5,0.249,2.49,38807440;38279602;36118840;26760033;23368685,,2026-09-21
skin-pdrn-polynucleotide,皮肤外用,PDRN/PN/Skin Booster,PDRN / Polynucleotide / Skin Booster,PDRN; polydeoxyribonucleotide; polydeoxyribonucleotides; polynucleotide; polynucleotides; polynucleotide filler; PN-HPT; skin booster; skin boosters,"(""PDRN""[Title] OR ""polydeoxyribonucleotide""[Title] OR ""polydeoxyribonucleotides""[Title] OR ""polynucleotide""[Title] OR ""polynucleotides""[Title] OR ""polynucleotide filler""[Title] OR ""PN-HPT""[Title] OR ""skin booster""[Title] OR ""skin boosters""[Title]) AND (skin[Title/Abstract] OR dermatolog*[Title/Abstract] OR photoaging[Title/Abstract] OR wrinkle*[Title/Abstract] OR pigment*[Title/Abstract] OR topical[Title/Abstract] OR cosmetic*[Title/Abstract] OR filler[Title/Abstract] OR aesthetic*[Title/Abstract] OR rejuvenation[Title/Abstract] OR booster[Title/Abstract]) AND (""2006/01/01""[Date - Publication] : ""2026/09/21""[Date - Publication])","(""PDRN""[Title] OR ""polydeoxyribonucleotide""[Title] OR ""polydeoxyribonucleotides""[Title] OR ""polynucleotide""[Title] OR ""polynucleotides""[Title] OR ""polynucleotide filler""[Title] OR ""PN-HPT""[Title] OR ""skin booster""[Title] OR ""skin boosters""[Title]) AND (skin[Title/Abstract] OR dermatolog*[Title/Abstract] OR photoaging[Title/Abstract] OR wrinkle*[Title/Abstract] OR pigment*[Title/Abstract] OR topical[Title/Abstract] OR cosmetic*[Title/Abstract] OR filler[Title/Abstract] OR aesthetic*[Title/Abstract] OR rejuvenation[Title/Abstract] OR booster[Title/Abstract]) AND (""2006/01/01""[Date - Publication] : ""2026/09/21""[Date - Publication]) AND ""Retracted Publication""[Publication Type]",168,4,2.381,23.81,39313949;38481069;34791770;25473210,,2026-09-21
antiaging-metformin,抗衰前沿,二甲双胍,Metformin,metformin,"(""metformin""[Title]) AND (aging[Title/Abstract] OR ageing[Title/Abstract] OR longevity[Title/Abstract] OR healthspan[Title/Abstract] OR lifespan[Title/Abstract] OR senescence[Title/Abstract] OR age-related[Title/Abstract] OR anti-aging[Title/Abstract] OR anti-ageing[Title/Abstract]) AND (""2006/01/01""[Date - Publication] : ""2026/09/21""[Date - Publication])","(""metformin""[Title]) AND (aging[Title/Abstract] OR ageing[Title/Abstract] OR longevity[Title/Abstract] OR healthspan[Title/Abstract] OR lifespan[Title/Abstract] OR senescence[Title/Abstract] OR age-related[Title/Abstract] OR anti-aging[Title/Abstract] OR anti-ageing[Title/Abstract]) AND (""2006/01/01""[Date - Publication] : ""2026/09/21""[Date - Publication]) AND ""Retracted Publication""[Publication Type]",704,2,0.284,2.84,35693701;34427659,,2026-09-21
antiaging-rapamycin,抗衰前沿,雷帕霉素/mTOR,Rapamycin,rapamycin; sirolimus; mTOR,"(""rapamycin""[Title] OR ""sirolimus""[Title] OR ""mTOR""[Title]) AND (aging[Title/Abstract] OR ageing[Title/Abstract] OR longevity[Title/Abstract] OR healthspan[Title/Abstract] OR lifespan[Title/Abstract] OR senescence[Title/Abstract] OR age-related[Title/Abstract] OR anti-aging[Title/Abstract] OR anti-ageing[Title/Abstract]) AND (""2006/01/01""[Date - Publication] : ""2026/09/21""[Date - Publication])","(""rapamycin""[Title] OR ""sirolimus""[Title] OR ""mTOR""[Title]) AND (aging[Title/Abstract] OR ageing[Title/Abstract] OR longevity[Title/Abstract] OR healthspan[Title/Abstract] OR lifespan[Title/Abstract] OR senescence[Title/Abstract] OR age-related[Title/Abstract] OR anti-aging[Title/Abstract] OR anti-ageing[Title/Abstract]) AND (""2006/01/01""[Date - Publication] : ""2026/09/21""[Date - Publication]) AND ""Retracted Publication""[Publication Type]",1434,2,0.139,1.39,36799162;31298038,,2026-09-21
antiaging-senolytics,抗衰前沿,Senolytics,Senolytics,senolytic; senolytics; dasatinib; quercetin,"(""senolytic""[Title] OR ""senolytics""[Title] OR ""dasatinib""[Title] OR ""quercetin""[Title]) AND (aging[Title/Abstract] OR ageing[Title/Abstract] OR longevity[Title/Abstract] OR healthspan[Title/Abstract] OR lifespan[Title/Abstract] OR senescence[Title/Abstract] OR age-related[Title/Abstract] OR anti-aging[Title/Abstract] OR anti-ageing[Title/Abstract]) AND (""2006/01/01""[Date - Publication] : ""2026/09/21""[Date - Publication])","(""senolytic""[Title] OR ""senolytics""[Title] OR ""dasatinib""[Title] OR ""quercetin""[Title]) AND (aging[Title/Abstract] OR ageing[Title/Abstract] OR longevity[Title/Abstract] OR healthspan[Title/Abstract] OR lifespan[Title/Abstract] OR senescence[Title/Abstract] OR age-related[Title/Abstract] OR anti-aging[Title/Abstract] OR anti-ageing[Title/Abstract]) AND (""2006/01/01""[Date - Publication] : ""2026/09/21""[Date - Publication]) AND ""Retracted Publication""[Publication Type]",865,1,0.116,1.16,34873428,,2026-09-21
antiaging-nad,抗衰前沿,NAD/NMN/NR,NAD/NMN/NR,NAD; NMN; nicotinamide mononucleotide; nicotinamide riboside,"(""NAD""[Title] OR ""NMN""[Title] OR ""nicotinamide mononucleotide""[Title] OR ""nicotinamide riboside""[Title]) AND (aging[Title/Abstract] OR ageing[Title/Abstract] OR longevity[Title/Abstract] OR healthspan[Title/Abstract] OR lifespan[Title/Abstract] OR senescence[Title/Abstract] OR age-related[Title/Abstract] OR anti-aging[Title/Abstract] OR anti-ageing[Title/Abstract]) AND (""2006/01/01""[Date - Publication] : ""2026/09/21""[Date - Publication])","(""NAD""[Title] OR ""NMN""[Title] OR ""nicotinamide mononucleotide""[Title] OR ""nicotinamide riboside""[Title]) AND (aging[Title/Abstract] OR ageing[Title/Abstract] OR longevity[Title/Abstract] OR healthspan[Title/Abstract] OR lifespan[Title/Abstract] OR senescence[Title/Abstract] OR age-related[Title/Abstract] OR anti-aging[Title/Abstract] OR anti-ageing[Title/Abstract]) AND (""2006/01/01""[Date - Publication] : ""2026/09/21""[Date - Publication]) AND ""Retracted Publication""[Publication Type]",927,2,0.216,2.16,24337988;21541336,,2026-09-21
antiaging-resveratrol,抗衰前沿,白藜芦醇,Resveratrol,resveratrol,"(""resveratrol""[Title]) AND (aging[Title/Abstract] OR ageing[Title/Abstract] OR longevity[Title/Abstract] OR healthspan[Title/Abstract] OR lifespan[Title/Abstract] OR senescence[Title/Abstract] OR age-related[Title/Abstract] OR anti-aging[Title/Abstract] OR anti-ageing[Title/Abstract]) AND (""2006/01/01""[Date - Publication] : ""2026/09/21""[Date - Publication])","(""resveratrol""[Title]) AND (aging[Title/Abstract] OR ageing[Title/Abstract] OR longevity[Title/Abstract] OR healthspan[Title/Abstract] OR lifespan[Title/Abstract] OR senescence[Title/Abstract] OR age-related[Title/Abstract] OR anti-aging[Title/Abstract] OR anti-ageing[Title/Abstract]) AND (""2006/01/01""[Date - Publication] : ""2026/09/21""[Date - Publication]) AND ""Retracted Publication""[Publication Type]",1050,5,0.476,4.76,30962260;29875176;29273676;25057490;19071213,,2026-09-21
antiaging-epigenetic-clocks,抗衰前沿,表观遗传时钟,Epigenetic Clocks,epigenetic clock; DNA methylation age; biological age,"(""epigenetic clock""[Title] OR ""DNA methylation age""[Title] OR ""biological age""[Title]) AND (aging[Title/Abstract] OR ageing[Title/Abstract] OR longevity[Title/Abstract] OR healthspan[Title/Abstract] OR lifespan[Title/Abstract] OR senescence[Title/Abstract] OR age-related[Title/Abstract] OR anti-aging[Title/Abstract] OR anti-ageing[Title/Abstract]) AND (""2006/01/01""[Date - Publication] : ""2026/09/21""[Date - Publication])","(""epigenetic clock""[Title] OR ""DNA methylation age""[Title] OR ""biological age""[Title]) AND (aging[Title/Abstract] OR ageing[Title/Abstract] OR longevity[Title/Abstract] OR healthspan[Title/Abstract] OR lifespan[Title/Abstract] OR senescence[Title/Abstract] OR age-related[Title/Abstract] OR anti-aging[Title/Abstract] OR anti-ageing[Title/Abstract]) AND (""2006/01/01""[Date - Publication] : ""2026/09/21""[Date - Publication]) AND ""Retracted Publication""[Publication Type]",782,1,0.128,1.28,35427433,,2026-09-21
antiaging-telomere,抗衰前沿,端粒,Telomere,telomere; telomerase,"(""telomere""[Title] OR ""telomerase""[Title]) AND (aging[Title/Abstract] OR ageing[Title/Abstract] OR longevity[Title/Abstract] OR healthspan[Title/Abstract] OR lifespan[Title/Abstract] OR senescence[Title/Abstract] OR age-related[Title/Abstract] OR anti-aging[Title/Abstract] OR anti-ageing[Title/Abstract]) AND (""2006/01/01""[Date - Publication] : ""2026/09/21""[Date - Publication])","(""telomere""[Title] OR ""telomerase""[Title]) AND (aging[Title/Abstract] OR ageing[Title/Abstract] OR longevity[Title/Abstract] OR healthspan[Title/Abstract] OR lifespan[Title/Abstract] OR senescence[Title/Abstract] OR age-related[Title/Abstract] OR anti-aging[Title/Abstract] OR anti-ageing[Title/Abstract]) AND (""2006/01/01""[Date - Publication] : ""2026/09/21""[Date - Publication]) AND ""Retracted Publication""[Publication Type]",4618,5,0.108,1.08,35463973;33634502;29145503;24665044;19193721,,2026-09-21
antiaging-autophagy,抗衰前沿,自噬/线粒体自噬,Autophagy/Mitophagy,autophagy; mitophagy,"(""autophagy""[Title] OR ""mitophagy""[Title]) AND (aging[Title/Abstract] OR ageing[Title/Abstract] OR longevity[Title/Abstract] OR healthspan[Title/Abstract] OR lifespan[Title/Abstract] OR senescence[Title/Abstract] OR age-related[Title/Abstract] OR anti-aging[Title/Abstract] OR anti-ageing[Title/Abstract]) AND (""2006/01/01""[Date - Publication] : ""2026/09/21""[Date - Publication])","(""autophagy""[Title] OR ""mitophagy""[Title]) AND (aging[Title/Abstract] OR ageing[Title/Abstract] OR longevity[Title/Abstract] OR healthspan[Title/Abstract] OR lifespan[Title/Abstract] OR senescence[Title/Abstract] OR age-related[Title/Abstract] OR anti-aging[Title/Abstract] OR anti-ageing[Title/Abstract]) AND (""2006/01/01""[Date - Publication] : ""2026/09/21""[Date - Publication]) AND ""Retracted Publication""[Publication Type]",4167,16,0.384,3.84,40348252;39719232;36799162;35693701;33546760;32239675;31860870;31487280;31298038;30910846;30370550;30359321;29802156;25369834;24669285;23381122,,2026-09-21
