finding_id,candidate_id,pmid,doi,source,topic_id,topic_zh,topic_en,title_en,title_zh,year,journal,study_type_draft,intervention_type,endpoint_class,skin_endpoint,result_en,result_zh,conclusion_en,conclusion_zh,evidence_level_draft,evidence_source_depth,supported_claim_zh,unsupported_claim_zh,safety_notes_zh,medical_supervision_needed,commercial_overclaim_risk,status,last_checked,url,scoring_version,design_score,endpoint_value_score,human_relevance_score,source_depth_score,authority_signal_score,risk_adjustment_score,quality_confidence_score,influence_score,journal_metric_source,journal_metric_value,journal_metric_note,openalex_work_id,openalex_cited_by_count,icite_rcr,risk_of_bias_tool,risk_of_bias_rating,amstar2_rating,funding_conflict_risk,industry_funding_risk,confidence_cap_rule,final_evidence_level,scoring_note_zh,scoring_note_en,venue_tier,venue_score,venue_weight_note
skin-sunscreen-photoaging-prevention-001,pubmed-34387824,34387824,10.1111/phpp.12297,PubMed,sunscreen-photoaging-prevention,防晒与光老化预防,Sunscreen and Photoaging Prevention,Sunscreens and Photoaging: A Review of Current Literature.,,2021,American journal of clinical dermatology,review,lifestyle_topical,S1,"pigmentation, photoaging, erythema","Sunscreens have been on the market for many decades as a means of protection against ultraviolet-induced erythema. Over the years, evidence has also shown their efficacy in the prevention of photoaging, dyspigmentation, DNA damage, and photocarcinogenesis. In the USA, most broad-spectrum sunscreens provide protection against ultraviolet B (UVB) radiation and short-wavelength ultraviolet A (UVA) radiation. Evidence suggests that visible light and infrared light may play a role in photoaging and should be considered when choosing a sunscreen. Currently, there is a paucity of US FDA-approved filters that provide protection against long UVA (> 370 nm) and none against visible light. Additionally, various sunscreen additives such as antioxidants and photolyases have also been reported to protect against and possibly reverse signs of photoaging. This literature review evaluates the utility of ","中文草稿：该记录属于「防晒与光老化预防」主题，当前抽取到的英文摘要/题录结果为：Sunscreens have been on the market for many decades as a means of protection against ultraviolet-induced erythema. Over the years, evidence has also shown their efficacy in the prevention of photoaging, dyspigmentation, DNA damage, and photocarcinogenesis. In the USA, most broad-spectrum sunscreens provide protection against ultraviolet B (UVB) radiation and short-wavelength ultraviolet A (UVA) radiation. Evidence su",Draft conclusion: this record can inform Sunscreen and Photoaging Prevention but requires full-text review before public claims.,中文草稿结论：该记录可作为「防晒与光老化预防」的候选证据，但正式结论需要全文复核。,C,abstract_plus_open_pmc_available,可支持：将该记录作为「防晒与光老化预防」的候选证据，并按 S1 皮肤终点继续复核。,不支持：不能据此声称逆龄、延寿、替代治疗，或给出产品/剂量/疗程建议。,支持长期防晒作为皮肤健康基础；不支持把防晒写成逆龄治疗。,false,medium,public_draft_not_fully_reviewed,2026-04-28,https://pubmed.ncbi.nlm.nih.gov/34387824/,v0.5_GRADE_RoB_AMSTAR_bibliometrics_venue,14,15,9,10,6,-3,52,8,NIH_iCite_RCR; OpenAlex_cited_by_count,RCR=NA; cited_by=19,JCR IF not auto-imported; journal-level IF is intentionally separated from article-level citation signals.,https://openalex.org/W2584085866,19,,domain_screen,not_assessed_public_draft,not_applicable,possible,possible,max_level_A,C,v0.5 综合评分：研究设计、终点价值、人类相关性、来源深度、RCR/OpenAlex 引用信号、发表地/期刊层级和风险扣分；期刊层级 C_indexed_or_identified 加 1 分；当前上限规则为 max_level_A，最终等级 C。,"v0.5 hybrid score using design, endpoint value, human relevance, source depth, RCR/OpenAlex signals, publication venue tier, and risk adjustments; venue tier C_indexed_or_identified adds 1; cap rule max_level_A; final level C.",C_indexed_or_identified,1,"Indexed or DOI/PMID-identifiable venue, but not in the curated high-weight venue list."
skin-sunscreen-photoaging-prevention-002,pubmed-30731327,30731327,10.1016/j.coph.2018.12.006,PubMed,sunscreen-photoaging-prevention,防晒与光老化预防,Sunscreen and Photoaging Prevention,Modern sun protection.,,2019,Current opinion in pharmacology,review,lifestyle_topical,S1,photoaging,"So far sun protection meant ultraviolet (UV) protection. But there is preliminary data that beside UV radiation also visible light (VIS) and near infrared A (IRA) radiation may have harmful effects on our skin resulting in photoaging and even cancer induction. Therefore, some authors claim that modern sun protection should also include shielding against longer wavelengths such as VIS and IRA. Therefore, avoidance of sun exposure at peak times and textile sun protection are important pillars of a modern prophylactic approach. Besides, antioxidants and DNA repair enzymes may be added to topical sunscreens in order to enhance the protection before and even after sun exposure. Furthermore, there are reports raising the question about a negative impact of specific UV filters on our environment causing among other things coral bleaching. There is need for more studies elucidating the benefit o","中文草稿：该记录属于「防晒与光老化预防」主题，当前抽取到的英文摘要/题录结果为：So far sun protection meant ultraviolet (UV) protection. But there is preliminary data that beside UV radiation also visible light (VIS) and near infrared A (IRA) radiation may have harmful effects on our skin resulting in photoaging and even cancer induction. Therefore, some authors claim that modern sun protection should also include shielding against longer wavelengths such as VIS and IRA. Therefore, avoidance of ",Draft conclusion: this record can inform Sunscreen and Photoaging Prevention but requires full-text review before public claims.,中文草稿结论：该记录可作为「防晒与光老化预防」的候选证据，但正式结论需要全文复核。,C,abstract_only,可支持：将该记录作为「防晒与光老化预防」的候选证据，并按 S1 皮肤终点继续复核。,不支持：不能据此声称逆龄、延寿、替代治疗，或给出产品/剂量/疗程建议。,支持长期防晒作为皮肤健康基础；不支持把防晒写成逆龄治疗。,false,medium,public_draft_not_fully_reviewed,2026-04-28,https://pubmed.ncbi.nlm.nih.gov/30731327/,v0.5_GRADE_RoB_AMSTAR_bibliometrics_venue,14,15,9,7,8,-7,47,11,NIH_iCite_RCR; OpenAlex_cited_by_count,RCR=NA; cited_by=50,JCR IF not auto-imported; journal-level IF is intentionally separated from article-level citation signals.,https://openalex.org/W2914285224,50,,domain_screen,not_assessed_public_draft,not_applicable,possible,possible,max_level_A,D,v0.5 综合评分：研究设计、终点价值、人类相关性、来源深度、RCR/OpenAlex 引用信号、发表地/期刊层级和风险扣分；期刊层级 C_indexed_or_identified 加 1 分；当前上限规则为 max_level_A，最终等级 D。,"v0.5 hybrid score using design, endpoint value, human relevance, source depth, RCR/OpenAlex signals, publication venue tier, and risk adjustments; venue tier C_indexed_or_identified adds 1; cap rule max_level_A; final level D.",C_indexed_or_identified,1,"Indexed or DOI/PMID-identifiable venue, but not in the curated high-weight venue list."
skin-sunscreen-photoaging-prevention-003,pubmed-38772426,38772426,10.1016/j.jaad.2024.02.065,PubMed,sunscreen-photoaging-prevention,防晒与光老化预防,Sunscreen and Photoaging Prevention,Sunscreens part 1: Mechanisms and efficacy.,,2025,Journal of the American Academy of Dermatology,review,lifestyle_topical,S1,photoaging,"As our knowledge of the harmful effects of ultraviolet radiation continues to evolve, sunscreen remains an integral part of a comprehensive photoprotection strategy against multiple endpoints of ultraviolet radiation-mediated damage. Part 1 of this review covers sunscreen active and additive ingredient properties, mechanisms of action and gaps in coverage. Following an overview of sunscreen's efficacy in protecting against sunburn, photocarcinogenesis, photoaging, pigmentary disorders, and idiopathic photodermatoses, we highlight considerations for product use and selection in children and individuals with skin of color.","中文草稿：该记录属于「防晒与光老化预防」主题，当前抽取到的英文摘要/题录结果为：As our knowledge of the harmful effects of ultraviolet radiation continues to evolve, sunscreen remains an integral part of a comprehensive photoprotection strategy against multiple endpoints of ultraviolet radiation-mediated damage. Part 1 of this review covers sunscreen active and additive ingredient properties, mechanisms of action and gaps in coverage. Following an overview of sunscreen's efficacy in protecting a",Draft conclusion: this record can inform Sunscreen and Photoaging Prevention but requires full-text review before public claims.,中文草稿结论：该记录可作为「防晒与光老化预防」的候选证据，但正式结论需要全文复核。,C,abstract_only,可支持：将该记录作为「防晒与光老化预防」的候选证据，并按 S1 皮肤终点继续复核。,不支持：不能据此声称逆龄、延寿、替代治疗，或给出产品/剂量/疗程建议。,支持长期防晒作为皮肤健康基础；不支持把防晒写成逆龄治疗。,false,medium,public_draft_not_fully_reviewed,2026-04-28,https://pubmed.ncbi.nlm.nih.gov/38772426/,v0.5_GRADE_RoB_AMSTAR_bibliometrics_venue,14,15,9,7,6,-7,45,8,NIH_iCite_RCR; OpenAlex_cited_by_count,RCR=NA; cited_by=17,JCR IF not auto-imported; journal-level IF is intentionally separated from article-level citation signals.,https://openalex.org/W4397289347,17,,domain_screen,not_assessed_public_draft,not_applicable,possible,possible,max_level_A,D,v0.5 综合评分：研究设计、终点价值、人类相关性、来源深度、RCR/OpenAlex 引用信号、发表地/期刊层级和风险扣分；期刊层级 C_indexed_or_identified 加 1 分；当前上限规则为 max_level_A，最终等级 D。,"v0.5 hybrid score using design, endpoint value, human relevance, source depth, RCR/OpenAlex signals, publication venue tier, and risk adjustments; venue tier C_indexed_or_identified adds 1; cap rule max_level_A; final level D.",C_indexed_or_identified,1,"Indexed or DOI/PMID-identifiable venue, but not in the curated high-weight venue list."
skin-sunscreen-photoaging-prevention-004,pubmed-33764577,33764577,10.1016/j.jaad.2020.04.079,PubMed,sunscreen-photoaging-prevention,防晒与光老化预防,Sunscreen and Photoaging Prevention,Photoprotection according to skin phototype and dermatoses: practical recommendations from an expert panel.,,2021,Journal of the European Academy of Dermatology and Venereology : JEADV,review,lifestyle_topical,S1,"pigmentation, photoaging","Increasing evidence on the impact of the different wavelengths of sunlight on the skin demonstrates the need for tailored recommendations of sunscreen according to skin phototype and dermatoses, which is now possible due to advances in the filters and formulations of sunscreens. A selective literature search was performed by an international expert panel, focusing on the type of sunscreen to recommend for photoaging, skin cancers, photodermatoses, pigmentary disorders and skin inflammatory disorders. Protection against ultraviolet (UV)B is especially important for light skin as there is a high risk of sunburn, DNA damage and skin cancers. Darker skin may be naturally better protected against UVB but is more prone to hyperpigmentation induced by visible light (VL) and UVA. Protection against UVA, VL and infrared A can be helpful for all skin phototypes as they penetrate deeply and cause p","中文草稿：该记录属于「防晒与光老化预防」主题，当前抽取到的英文摘要/题录结果为：Increasing evidence on the impact of the different wavelengths of sunlight on the skin demonstrates the need for tailored recommendations of sunscreen according to skin phototype and dermatoses, which is now possible due to advances in the filters and formulations of sunscreens. A selective literature search was performed by an international expert panel, focusing on the type of sunscreen to recommend for photoaging,",Draft conclusion: this record can inform Sunscreen and Photoaging Prevention but requires full-text review before public claims.,中文草稿结论：该记录可作为「防晒与光老化预防」的候选证据，但正式结论需要全文复核。,C,abstract_plus_open_pmc_available,可支持：将该记录作为「防晒与光老化预防」的候选证据，并按 S1 皮肤终点继续复核。,不支持：不能据此声称逆龄、延寿、替代治疗，或给出产品/剂量/疗程建议。,支持长期防晒作为皮肤健康基础；不支持把防晒写成逆龄治疗。,false,medium,public_draft_not_fully_reviewed,2026-04-28,https://pubmed.ncbi.nlm.nih.gov/33764577/,v0.5_GRADE_RoB_AMSTAR_bibliometrics_venue,14,15,9,10,10,-3,56,15,NIH_iCite_RCR; OpenAlex_cited_by_count,RCR=NA; cited_by=185,JCR IF not auto-imported; journal-level IF is intentionally separated from article-level citation signals.,https://openalex.org/W3019640062,185,,domain_screen,not_assessed_public_draft,not_applicable,possible,possible,max_level_A,C,v0.5 综合评分：研究设计、终点价值、人类相关性、来源深度、RCR/OpenAlex 引用信号、发表地/期刊层级和风险扣分；期刊层级 C_indexed_or_identified 加 1 分；当前上限规则为 max_level_A，最终等级 C。,"v0.5 hybrid score using design, endpoint value, human relevance, source depth, RCR/OpenAlex signals, publication venue tier, and risk adjustments; venue tier C_indexed_or_identified adds 1; cap rule max_level_A; final level C.",C_indexed_or_identified,1,"Indexed or DOI/PMID-identifiable venue, but not in the curated high-weight venue list."
skin-sunscreen-photoaging-prevention-005,pubmed-40233838,40233838,10.1016/j.jaad.2025.04.021,PubMed,sunscreen-photoaging-prevention,防晒与光老化预防,Sunscreen and Photoaging Prevention,Skincare ingredients recommended by cosmetic dermatologists: A Delphi consensus study.,,2025,Journal of the American Academy of Dermatology,review,lifestyle_topical,S1,"wrinkle, acne","There is ambiguity regarding the topical cosmetic ingredients preferred for common skin complaints. To determine which topical ingredients are frequently recommended by cosmetic dermatologists for fine lines and wrinkles, acne, redness, dark spots, large pores, dry skin, and oily skin. Literature review to develop long list of ingredients. Reduced by expert panel to most salient ingredients. Two rounds of Delphi consensus survey with second expert panel of clinicians and teachers. Comparative literature review to summarize published evidence supporting each consensus ingredient. List of 318 ingredients reduced by a panel of 17 dermatologists to 83. Two Delphi rounds completed by 62 dermatologists at 43 centers. Consensus achieved for 23 ingredients, including the following: azelaic acid (acne, dark spots); benzoyl peroxide (acne, oily skin); glycolic acid (acne, dark spots); mineral suns","中文草稿：该记录属于「防晒与光老化预防」主题，当前抽取到的英文摘要/题录结果为：There is ambiguity regarding the topical cosmetic ingredients preferred for common skin complaints. To determine which topical ingredients are frequently recommended by cosmetic dermatologists for fine lines and wrinkles, acne, redness, dark spots, large pores, dry skin, and oily skin. Literature review to develop long list of ingredients. Reduced by expert panel to most salient ingredients. Two rounds of Delphi cons",Draft conclusion: this record can inform Sunscreen and Photoaging Prevention but requires full-text review before public claims.,中文草稿结论：该记录可作为「防晒与光老化预防」的候选证据，但正式结论需要全文复核。,C,abstract_only,可支持：将该记录作为「防晒与光老化预防」的候选证据，并按 S1 皮肤终点继续复核。,不支持：不能据此声称逆龄、延寿、替代治疗，或给出产品/剂量/疗程建议。,支持长期防晒作为皮肤健康基础；不支持把防晒写成逆龄治疗。,false,medium,public_draft_not_fully_reviewed,2026-04-28,https://pubmed.ncbi.nlm.nih.gov/40233838/,v0.5_GRADE_RoB_AMSTAR_bibliometrics_venue,14,15,9,7,6,-7,45,4,NIH_iCite_RCR; OpenAlex_cited_by_count,RCR=NA; cited_by=4,JCR IF not auto-imported; journal-level IF is intentionally separated from article-level citation signals.,https://openalex.org/W4409417341,4,,domain_screen,not_assessed_public_draft,not_applicable,possible,possible,max_level_A,D,v0.5 综合评分：研究设计、终点价值、人类相关性、来源深度、RCR/OpenAlex 引用信号、发表地/期刊层级和风险扣分；期刊层级 C_indexed_or_identified 加 1 分；当前上限规则为 max_level_A，最终等级 D。,"v0.5 hybrid score using design, endpoint value, human relevance, source depth, RCR/OpenAlex signals, publication venue tier, and risk adjustments; venue tier C_indexed_or_identified adds 1; cap rule max_level_A; final level D.",C_indexed_or_identified,1,"Indexed or DOI/PMID-identifiable venue, but not in the curated high-weight venue list."
skin-sunscreen-photoaging-prevention-006,pubmed-35044638,35044638,10.1007/s12529-021-09993-x,PubMed,sunscreen-photoaging-prevention,防晒与光老化预防,Sunscreen and Photoaging Prevention,Photoprotection for Skin of Color.,,2022,American journal of clinical dermatology,review,lifestyle_topical,S1,"pigmentation, photoaging","Photoprotection behaviors can mitigate skin damage caused by ultraviolet radiation, and common methods include seeking shade, avoiding sun exposure during peak daylight hours, wearing sun-protective clothing, applying sunscreen, and using sunglasses. While the role of sun protection in preventing sunburns, photoaging, and skin cancer is well established in fair-skinned populations, individuals with skin of color (SOC) are presumed to suffer fewer negative effects from solar radiation. Thus, the importance of photoprotection in this population is understudied and may be underestimated. In SOC populations, sun exposure is known to cause pigmentary disorders, photoaging, and basal cell carcinoma (BCC), highlighting the potential benefits of photoprotection. Although SOC populations tend to practice photoprotection by seeking shade and wearing sun-protective clothing, survey and interview-ba","中文草稿：该记录属于「防晒与光老化预防」主题，当前抽取到的英文摘要/题录结果为：Photoprotection behaviors can mitigate skin damage caused by ultraviolet radiation, and common methods include seeking shade, avoiding sun exposure during peak daylight hours, wearing sun-protective clothing, applying sunscreen, and using sunglasses. While the role of sun protection in preventing sunburns, photoaging, and skin cancer is well established in fair-skinned populations, individuals with skin of color (SOC",Draft conclusion: this record can inform Sunscreen and Photoaging Prevention but requires full-text review before public claims.,中文草稿结论：该记录可作为「防晒与光老化预防」的候选证据，但正式结论需要全文复核。,C,abstract_plus_open_pmc_available,可支持：将该记录作为「防晒与光老化预防」的候选证据，并按 S1 皮肤终点继续复核。,不支持：不能据此声称逆龄、延寿、替代治疗，或给出产品/剂量/疗程建议。,支持长期防晒作为皮肤健康基础；不支持把防晒写成逆龄治疗。,false,medium,public_draft_not_fully_reviewed,2026-04-28,https://pubmed.ncbi.nlm.nih.gov/35044638/,v0.5_GRADE_RoB_AMSTAR_bibliometrics_venue,14,15,9,10,6,-3,52,6,NIH_iCite_RCR; OpenAlex_cited_by_count,RCR=NA; cited_by=7,JCR IF not auto-imported; journal-level IF is intentionally separated from article-level citation signals.,https://openalex.org/W3157491380,7,,domain_screen,not_assessed_public_draft,not_applicable,possible,possible,max_level_A,C,v0.5 综合评分：研究设计、终点价值、人类相关性、来源深度、RCR/OpenAlex 引用信号、发表地/期刊层级和风险扣分；期刊层级 C_indexed_or_identified 加 1 分；当前上限规则为 max_level_A，最终等级 C。,"v0.5 hybrid score using design, endpoint value, human relevance, source depth, RCR/OpenAlex signals, publication venue tier, and risk adjustments; venue tier C_indexed_or_identified adds 1; cap rule max_level_A; final level C.",C_indexed_or_identified,1,"Indexed or DOI/PMID-identifiable venue, but not in the curated high-weight venue list."
skin-sunscreen-photoaging-prevention-007,pubmed-33360043,33360043,10.1016/j.biopha.2020.111161,PubMed,sunscreen-photoaging-prevention,防晒与光老化预防,Sunscreen and Photoaging Prevention,Natural components in sunscreens: Topical formulations with sun protection factor (SPF).,,2021,Biomedicine & pharmacotherapy = Biomedecine & pharmacotherapie,review,lifestyle_topical,S1,"wrinkle, elasticity, hydration, photoaging, barrier","Artificial sunscreens are already gaining traction in order to protect the skin from sunburns, photoaging and photocarcinogenesis. However, the efficacy and safety of most artificial sunscreen constituents are hindered by their photostability, toxicity and damage to marine ecosystems. Natural selection and evolution have ensured that plants and animals have developed effective protective mechanisms against the deleterious side effects of oxidative stress and ultraviolet radiation (UV). Hence, natural antioxidants such as sun blockers are drawing considerable attention. The exact mechanism by which natural components act as sunscreen molecules has not been clearly established. However, conjugated π system is reported to play an important role in protecting the vital genetic material within the organism. Compared to artificial sunscreens, natural sunscreens with strong UV absorptive capaci","中文草稿：该记录属于「防晒与光老化预防」主题，当前抽取到的英文摘要/题录结果为：Artificial sunscreens are already gaining traction in order to protect the skin from sunburns, photoaging and photocarcinogenesis. However, the efficacy and safety of most artificial sunscreen constituents are hindered by their photostability, toxicity and damage to marine ecosystems. Natural selection and evolution have ensured that plants and animals have developed effective protective mechanisms against the delete",Draft conclusion: this record can inform Sunscreen and Photoaging Prevention but requires full-text review before public claims.,中文草稿结论：该记录可作为「防晒与光老化预防」的候选证据，但正式结论需要全文复核。,C,abstract_only,可支持：将该记录作为「防晒与光老化预防」的候选证据，并按 S1 皮肤终点继续复核。,不支持：不能据此声称逆龄、延寿、替代治疗，或给出产品/剂量/疗程建议。,支持长期防晒作为皮肤健康基础；不支持把防晒写成逆龄治疗。,false,medium,public_draft_not_fully_reviewed,2026-04-28,https://pubmed.ncbi.nlm.nih.gov/33360043/,v0.5_GRADE_RoB_AMSTAR_bibliometrics_venue,14,15,9,7,10,-7,52,15,NIH_iCite_RCR; OpenAlex_cited_by_count,RCR=NA; cited_by=170,JCR IF not auto-imported; journal-level IF is intentionally separated from article-level citation signals.,https://openalex.org/W3115421294,170,,domain_screen,not_assessed_public_draft,not_applicable,possible,possible,max_level_A,C,v0.5 综合评分：研究设计、终点价值、人类相关性、来源深度、RCR/OpenAlex 引用信号、发表地/期刊层级和风险扣分；期刊层级 B_reputable_specialty_or_broad 加 4 分；当前上限规则为 max_level_A，最终等级 C。,"v0.5 hybrid score using design, endpoint value, human relevance, source depth, RCR/OpenAlex signals, publication venue tier, and risk adjustments; venue tier B_reputable_specialty_or_broad adds 4; cap rule max_level_A; final level C.",B_reputable_specialty_or_broad,4,"Indexed specialty or broad journal commonly seen in the atlas. Useful signal, but article-level quality still decides."
skin-sunscreen-photoaging-prevention-008,pubmed-33655657,33655657,10.1111/jocd.14033,PubMed,sunscreen-photoaging-prevention,防晒与光老化预防,Sunscreen and Photoaging Prevention,The impact of ultraviolet radiation on skin photoaging - review of in vitro studies.,,2021,Journal of cosmetic dermatology,review,lifestyle_topical,S1,photoaging,"Photoaging, ultra violet (UV) induced skin aging is a gradual process that depends on the time and intensity of solar radiation. The aim of this paper was to review of the literature focused on in vitro studies explaining the mechanisms of photoaging. Electronic databases, including PubMed and MEDLINE, were searched for in vitro studies on the importance of UV radiation in the skin photoaging process of peer-reviewed scientific journals. Only articles available in English and full version publications were considered for this review. Three main modes of UV radiation action on skin cells which lead to photoaging, there are changes in cell metabolism, induction of oxidative stress due to the change in enzyme activity. The information gathered in this publication will help to better understand the complex and multidirectional mechanism of skin photoaging, which will contribute to the develo","中文草稿：该记录属于「防晒与光老化预防」主题，当前抽取到的英文摘要/题录结果为：Photoaging, ultra violet (UV) induced skin aging is a gradual process that depends on the time and intensity of solar radiation. The aim of this paper was to review of the literature focused on in vitro studies explaining the mechanisms of photoaging. Electronic databases, including PubMed and MEDLINE, were searched for in vitro studies on the importance of UV radiation in the skin photoaging process of peer-reviewed",Draft conclusion: this record can inform Sunscreen and Photoaging Prevention but requires full-text review before public claims.,中文草稿结论：该记录可作为「防晒与光老化预防」的候选证据，但正式结论需要全文复核。,C,abstract_plus_open_pmc_available,可支持：将该记录作为「防晒与光老化预防」的候选证据，并按 S1 皮肤终点继续复核。,不支持：不能据此声称逆龄、延寿、替代治疗，或给出产品/剂量/疗程建议。,支持长期防晒作为皮肤健康基础；不支持把防晒写成逆龄治疗。,false,medium,public_draft_not_fully_reviewed,2026-04-28,https://pubmed.ncbi.nlm.nih.gov/33655657/,v0.5_GRADE_RoB_AMSTAR_bibliometrics_venue,14,15,9,10,10,-3,56,15,NIH_iCite_RCR; OpenAlex_cited_by_count,RCR=NA; cited_by=272,JCR IF not auto-imported; journal-level IF is intentionally separated from article-level citation signals.,https://openalex.org/W3135036858,272,,domain_screen,not_assessed_public_draft,not_applicable,possible,possible,max_level_A,C,v0.5 综合评分：研究设计、终点价值、人类相关性、来源深度、RCR/OpenAlex 引用信号、发表地/期刊层级和风险扣分；期刊层级 C_indexed_or_identified 加 1 分；当前上限规则为 max_level_A，最终等级 C。,"v0.5 hybrid score using design, endpoint value, human relevance, source depth, RCR/OpenAlex signals, publication venue tier, and risk adjustments; venue tier C_indexed_or_identified adds 1; cap rule max_level_A; final level C.",C_indexed_or_identified,1,"Indexed or DOI/PMID-identifiable venue, but not in the curated high-weight venue list."
skin-sunscreen-photoaging-prevention-009,pubmed-39913224,39913224,10.36849/JDD.8102,PubMed,sunscreen-photoaging-prevention,防晒与光老化预防,Sunscreen and Photoaging Prevention,Sunscreens: Mechanisms and Safety in Depth.,,2025,Journal of drugs in dermatology : JDD,review,lifestyle_topical,S1,photoaging,"Sunscreens play an essential role in preventing skin cancer and photoaging. Nevertheless, concerns about their systemic absorption and environmental impacts persist. In this extensive literature review, we discuss the mechanisms of action, efficacy, and safety concerns related to sunscreen use, aiming to clarify current understandings and dispel prevalent myths. Despite ongoing debates regarding certain ingredients, the scientific consensus supports the use of sunscreens as a critical defense against ultraviolet (UV) radiation. Continued research is necessary to address safety concerns and to refine sunscreen formulations for optimal protection and minimal adverse effects. J Drugs Dermatol. 2025;24(2):142-146. doi:10.36849/JDD.8102.","中文草稿：该记录属于「防晒与光老化预防」主题，当前抽取到的英文摘要/题录结果为：Sunscreens play an essential role in preventing skin cancer and photoaging. Nevertheless, concerns about their systemic absorption and environmental impacts persist. In this extensive literature review, we discuss the mechanisms of action, efficacy, and safety concerns related to sunscreen use, aiming to clarify current understandings and dispel prevalent myths. Despite ongoing debates regarding certain ingredients, ",Draft conclusion: this record can inform Sunscreen and Photoaging Prevention but requires full-text review before public claims.,中文草稿结论：该记录可作为「防晒与光老化预防」的候选证据，但正式结论需要全文复核。,C,abstract_only,可支持：将该记录作为「防晒与光老化预防」的候选证据，并按 S1 皮肤终点继续复核。,不支持：不能据此声称逆龄、延寿、替代治疗，或给出产品/剂量/疗程建议。,支持长期防晒作为皮肤健康基础；不支持把防晒写成逆龄治疗。,false,medium,public_draft_not_fully_reviewed,2026-04-28,https://pubmed.ncbi.nlm.nih.gov/39913224/,v0.5_GRADE_RoB_AMSTAR_bibliometrics_venue,14,15,9,7,6,-7,45,2,NIH_iCite_RCR; OpenAlex_cited_by_count,RCR=NA; cited_by=1,JCR IF not auto-imported; journal-level IF is intentionally separated from article-level citation signals.,https://openalex.org/W4407219620,1,,domain_screen,not_assessed_public_draft,not_applicable,possible,possible,max_level_A,D,v0.5 综合评分：研究设计、终点价值、人类相关性、来源深度、RCR/OpenAlex 引用信号、发表地/期刊层级和风险扣分；期刊层级 C_indexed_or_identified 加 1 分；当前上限规则为 max_level_A，最终等级 D。,"v0.5 hybrid score using design, endpoint value, human relevance, source depth, RCR/OpenAlex signals, publication venue tier, and risk adjustments; venue tier C_indexed_or_identified adds 1; cap rule max_level_A; final level D.",C_indexed_or_identified,1,"Indexed or DOI/PMID-identifiable venue, but not in the curated high-weight venue list."
skin-sunscreen-photoaging-prevention-010,pubmed-35229368,35229368,10.1111/php.13525,PubMed,sunscreen-photoaging-prevention,防晒与光老化预防,Sunscreen and Photoaging Prevention,Melasma: The need for tailored photoprotection to improve clinical outcomes.,,2022,"Photodermatology, photoimmunology & photomedicine",review,lifestyle_topical,S1,photoaging,"Melasma is a frequent photoexacerbated hyperpigmentary disorder, which can significantly impact on the quality of life. We sought to review the pathogenesis of melasma, and the role of photoprotection in the prevention and treatment of this disorder. We conducted a narrative review of the literature. We performed literature searches with PubMed from January 1990 to December 2021 using the keywords ""melasma,"" ""pathogenesis,"" ""ultraviolet radiation,"" ""visible light,"" ""photoprotection,"" and ""sunscreens."" The physiopathology of melasma includes a complex interaction between genetics, sex hormones, and sun exposure. Visible light, in particular high-energy visible light (HEVL), and long-wave UVA (UVA1) play a key role in melasma pathophysiology, and recent research suggests that melasma shares many features with photoaging disorders. Melasma disproportionately affects dark-skinned individuals","中文草稿：该记录属于「防晒与光老化预防」主题，当前抽取到的英文摘要/题录结果为：Melasma is a frequent photoexacerbated hyperpigmentary disorder, which can significantly impact on the quality of life. We sought to review the pathogenesis of melasma, and the role of photoprotection in the prevention and treatment of this disorder. We conducted a narrative review of the literature. We performed literature searches with PubMed from January 1990 to December 2021 using the keywords ""melasma,"" ""pathoge",Draft conclusion: this record can inform Sunscreen and Photoaging Prevention but requires full-text review before public claims.,中文草稿结论：该记录可作为「防晒与光老化预防」的候选证据，但正式结论需要全文复核。,C,abstract_plus_open_pmc_available,可支持：将该记录作为「防晒与光老化预防」的候选证据，并按 S1 皮肤终点继续复核。,不支持：不能据此声称逆龄、延寿、替代治疗，或给出产品/剂量/疗程建议。,支持长期防晒作为皮肤健康基础；不支持把防晒写成逆龄治疗。,false,medium,public_draft_not_fully_reviewed,2026-04-28,https://pubmed.ncbi.nlm.nih.gov/35229368/,v0.5_GRADE_RoB_AMSTAR_bibliometrics_venue,14,15,9,10,8,-3,57,9,NIH_iCite_RCR; OpenAlex_cited_by_count,RCR=NA; cited_by=25,JCR IF not auto-imported; journal-level IF is intentionally separated from article-level citation signals.,https://openalex.org/W3200781246,25,,domain_screen,not_assessed_public_draft,not_applicable,possible,possible,max_level_A,C,v0.5 综合评分：研究设计、终点价值、人类相关性、来源深度、RCR/OpenAlex 引用信号、发表地/期刊层级和风险扣分；期刊层级 B_reputable_specialty_or_broad 加 4 分；当前上限规则为 max_level_A，最终等级 C。,"v0.5 hybrid score using design, endpoint value, human relevance, source depth, RCR/OpenAlex signals, publication venue tier, and risk adjustments; venue tier B_reputable_specialty_or_broad adds 4; cap rule max_level_A; final level C.",B_reputable_specialty_or_broad,4,"Indexed specialty or broad journal commonly seen in the atlas. Useful signal, but article-level quality still decides."
skin-sunscreen-photoaging-prevention-011,pubmed-23732711,23732711,10.7326/0003-4819-158-11-201306040-00002,PubMed,sunscreen-photoaging-prevention,防晒与光老化预防,Sunscreen and Photoaging Prevention,Sunscreen and prevention of skin aging: a randomized trial.,,2013,Annals of internal medicine,randomized_or_clinical_trial,lifestyle_topical,S1,photoaging,"Sunscreen use and dietary antioxidants are advocated as preventives of skin aging, but supporting evidence is lacking. To determine whether regular use of sunscreen compared with discretionary use or β-carotene supplements compared with placebo retard skin aging, measured by degree of photoaging. Randomized, controlled, community-based intervention. (Australian New Zealand Clinical Trials Registry: ACTRN12610000086066). Nambour, Australia (latitude 26° S). 903 adults younger than 55 years out of 1621 adults randomly selected from a community register. Random assignment into 4 groups: daily use of broad-spectrum sunscreen and 30 mg of β-carotene, daily use of sunscreen and placebo, discretionary use of sunscreen and 30 mg of β-carotene, and discretionary use of sunscreen and placebo. Change in microtopography between 1992 and 1996 in the sunscreen and β-carotene groups compared with contr","中文草稿：该记录属于「防晒与光老化预防」主题，当前抽取到的英文摘要/题录结果为：Sunscreen use and dietary antioxidants are advocated as preventives of skin aging, but supporting evidence is lacking. To determine whether regular use of sunscreen compared with discretionary use or β-carotene supplements compared with placebo retard skin aging, measured by degree of photoaging. Randomized, controlled, community-based intervention. (Australian New Zealand Clinical Trials Registry: ACTRN1261000008606",Draft conclusion: this record can inform Sunscreen and Photoaging Prevention but requires full-text review before public claims.,中文草稿结论：该记录可作为「防晒与光老化预防」的候选证据，但正式结论需要全文复核。,B,abstract_only,可支持：将该记录作为「防晒与光老化预防」的候选证据，并按 S1 皮肤终点继续复核。,不支持：不能据此声称逆龄、延寿、替代治疗，或给出产品/剂量/疗程建议。,支持长期防晒作为皮肤健康基础；不支持把防晒写成逆龄治疗。,false,medium,public_draft_not_fully_reviewed,2026-04-28,https://pubmed.ncbi.nlm.nih.gov/23732711/,v0.5_GRADE_RoB_AMSTAR_bibliometrics_venue,29,15,15,7,10,-7,79,15,NIH_iCite_RCR; OpenAlex_cited_by_count,RCR=NA; cited_by=192,JCR IF not auto-imported; journal-level IF is intentionally separated from article-level citation signals.,https://openalex.org/W1980466102,192,,Cochrane RoB 2,not_assessed_public_draft,not_applicable,possible,possible,max_level_A,B,v0.5 综合评分：研究设计、终点价值、人类相关性、来源深度、RCR/OpenAlex 引用信号、发表地/期刊层级和风险扣分；期刊层级 S_top_general_or_clinical 加 10 分；当前上限规则为 max_level_A，最终等级 B。,"v0.5 hybrid score using design, endpoint value, human relevance, source depth, RCR/OpenAlex signals, publication venue tier, and risk adjustments; venue tier S_top_general_or_clinical adds 10; cap rule max_level_A; final level B.",S_top_general_or_clinical,10,"Top general medical, top science, or major clinical specialty venue. Venue helps, but does not override study design, endpoint, or risk of bias."
skin-sunscreen-photoaging-prevention-012,pubmed-38924160,38924160,10.1111/jdv.19677,PubMed,sunscreen-photoaging-prevention,防晒与光老化预防,Sunscreen and Photoaging Prevention,Photoprotection: Current developments and controversies.,,2024,Journal of the European Academy of Dermatology and Venereology : JEADV,review,lifestyle_topical,S1,"wrinkle, elasticity, pigmentation","This review aimed at summarizing some of the key points that were discussed during the photoprotection session at the International Forum of Dermatology in 2022. This international conference was designed to address prominent topics of clinical dermatology in a holistic way, allowing to articulate multiple viewpoints. Therefore, this review does not claim to be exhaustive, but is instead intended to give an overview of recent developments and ongoing controversies in the field of photoprotection. Cumulative ultraviolet radiation (UVR) exposure is the major aetiological factor in the development of photoageing, photoimunosuppression and photocarcinogenesis. UVA (320-400 nm) penetrates into the dermis and damages DNA and other intracellular and acellular targets primarily by generating reactive oxygen species (ROS). It is the major contributor to photoageing, characterized by fine and coar","中文草稿：该记录属于「防晒与光老化预防」主题，当前抽取到的英文摘要/题录结果为：This review aimed at summarizing some of the key points that were discussed during the photoprotection session at the International Forum of Dermatology in 2022. This international conference was designed to address prominent topics of clinical dermatology in a holistic way, allowing to articulate multiple viewpoints. Therefore, this review does not claim to be exhaustive, but is instead intended to give an overview ",Draft conclusion: this record can inform Sunscreen and Photoaging Prevention but requires full-text review before public claims.,中文草稿结论：该记录可作为「防晒与光老化预防」的候选证据，但正式结论需要全文复核。,C,abstract_only,可支持：将该记录作为「防晒与光老化预防」的候选证据，并按 S1 皮肤终点继续复核。,不支持：不能据此声称逆龄、延寿、替代治疗，或给出产品/剂量/疗程建议。,支持长期防晒作为皮肤健康基础；不支持把防晒写成逆龄治疗。,false,medium,public_draft_not_fully_reviewed,2026-04-28,https://pubmed.ncbi.nlm.nih.gov/38924160/,v0.5_GRADE_RoB_AMSTAR_bibliometrics_venue,14,15,9,7,8,-7,47,10,NIH_iCite_RCR; OpenAlex_cited_by_count,RCR=NA; cited_by=37,JCR IF not auto-imported; journal-level IF is intentionally separated from article-level citation signals.,https://openalex.org/W4400060043,37,,domain_screen,not_assessed_public_draft,not_applicable,possible,possible,max_level_A,D,v0.5 综合评分：研究设计、终点价值、人类相关性、来源深度、RCR/OpenAlex 引用信号、发表地/期刊层级和风险扣分；期刊层级 C_indexed_or_identified 加 1 分；当前上限规则为 max_level_A，最终等级 D。,"v0.5 hybrid score using design, endpoint value, human relevance, source depth, RCR/OpenAlex signals, publication venue tier, and risk adjustments; venue tier C_indexed_or_identified adds 1; cap rule max_level_A; final level D.",C_indexed_or_identified,1,"Indexed or DOI/PMID-identifiable venue, but not in the curated high-weight venue list."
skin-sunscreen-photoaging-prevention-013,pubmed-29981751,29981751,10.1016/j.jaad.2018.06.033,PubMed,sunscreen-photoaging-prevention,防晒与光老化预防,Sunscreen and Photoaging Prevention,Review of environmental effects of oxybenzone and other sunscreen active ingredients.,,2019,Journal of the American Academy of Dermatology,review,lifestyle_topical,S1,photoaging,"With increasing awareness regarding the risks of sunburn, photoaging, and skin cancer, the use of sunscreens has increased. Organic and inorganic filters are used in sunscreen products worldwide. Concerns have been raised regarding the environmental effects of commonly used organic ultraviolet (UV) filters, including oxybenzone (benzophenone-3), 4-methylbenzylidene camphor, octocrylene, and octinoxate (ethylhexyl methoxycinnamate). Studies have identified UV filters such as oxybenzone, octocrylene, octinoxate, and ethylhexyl salicylate in almost all water sources around the world and have commented that these filters are not easily removed by common wastewater treatment plant techniques. Additionally, in laboratory settings, oxybenzone has been implicated specifically as a possible contributor to coral reef bleaching. Furthermore, UV filters such as 4-methylbenzylidene camphor, oxybenzon","中文草稿：该记录属于「防晒与光老化预防」主题，当前抽取到的英文摘要/题录结果为：With increasing awareness regarding the risks of sunburn, photoaging, and skin cancer, the use of sunscreens has increased. Organic and inorganic filters are used in sunscreen products worldwide. Concerns have been raised regarding the environmental effects of commonly used organic ultraviolet (UV) filters, including oxybenzone (benzophenone-3), 4-methylbenzylidene camphor, octocrylene, and octinoxate (ethylhexyl met",Draft conclusion: this record can inform Sunscreen and Photoaging Prevention but requires full-text review before public claims.,中文草稿结论：该记录可作为「防晒与光老化预防」的候选证据，但正式结论需要全文复核。,C,abstract_only,可支持：将该记录作为「防晒与光老化预防」的候选证据，并按 S1 皮肤终点继续复核。,不支持：不能据此声称逆龄、延寿、替代治疗，或给出产品/剂量/疗程建议。,支持长期防晒作为皮肤健康基础；不支持把防晒写成逆龄治疗。,false,medium,public_draft_not_fully_reviewed,2026-04-28,https://pubmed.ncbi.nlm.nih.gov/29981751/,v0.5_GRADE_RoB_AMSTAR_bibliometrics_venue,14,15,9,7,10,-7,49,15,NIH_iCite_RCR; OpenAlex_cited_by_count,RCR=NA; cited_by=344,JCR IF not auto-imported; journal-level IF is intentionally separated from article-level citation signals.,https://openalex.org/W2888158537,344,,domain_screen,not_assessed_public_draft,not_applicable,possible,possible,max_level_A,C,v0.5 综合评分：研究设计、终点价值、人类相关性、来源深度、RCR/OpenAlex 引用信号、发表地/期刊层级和风险扣分；期刊层级 C_indexed_or_identified 加 1 分；当前上限规则为 max_level_A，最终等级 C。,"v0.5 hybrid score using design, endpoint value, human relevance, source depth, RCR/OpenAlex signals, publication venue tier, and risk adjustments; venue tier C_indexed_or_identified adds 1; cap rule max_level_A; final level C.",C_indexed_or_identified,1,"Indexed or DOI/PMID-identifiable venue, but not in the curated high-weight venue list."
skin-sunscreen-photoaging-prevention-014,pubmed-36536536,36536536,10.1002/bab.2166,PubMed,sunscreen-photoaging-prevention,防晒与光老化预防,Sunscreen and Photoaging Prevention,Natural products and extracts from plants as natural UV filters for sunscreens: A review.,,2023,Animal models and experimental medicine,review,lifestyle_topical,M,skin aging endpoint pending review,"Although solar exposure is necessary for human health, phototoxicology induced by excessive UVB and UVA radiation, which involves sunburns, skin aging and even tumorigenesis, has been widely researched. Sunscreen is one of the most important ways to protect skin from UV phototoxic damage. As well as inorganic and organic UV filters, some natural products or plant extracts with aromatic rings in their structures, such as flavonoids or polyphenols, can absorb UV to reduce sunburn, acting as a natural UV filter; they also show antioxidant or/and anti-inflammatory activity. This could explain why, although there are no officially approval natural commercial sun-filters, more and more commercial sunscreen products containing plant extracts are available on the market. Here we summarize articles focusing on natural UV filters from plant published in the last 6 years, selecting the most signifi","中文草稿：该记录属于「防晒与光老化预防」主题，当前抽取到的英文摘要/题录结果为：Although solar exposure is necessary for human health, phototoxicology induced by excessive UVB and UVA radiation, which involves sunburns, skin aging and even tumorigenesis, has been widely researched. Sunscreen is one of the most important ways to protect skin from UV phototoxic damage. As well as inorganic and organic UV filters, some natural products or plant extracts with aromatic rings in their structures, such",Draft conclusion: this record can inform Sunscreen and Photoaging Prevention but requires full-text review before public claims.,中文草稿结论：该记录可作为「防晒与光老化预防」的候选证据，但正式结论需要全文复核。,D,abstract_plus_open_pmc_available,可支持：将该记录作为「防晒与光老化预防」的候选证据，并按 M 皮肤终点继续复核。,不支持：不能据此声称逆龄、延寿、替代治疗，或给出产品/剂量/疗程建议。,支持长期防晒作为皮肤健康基础；不支持把防晒写成逆龄治疗。,false,medium,public_draft_not_fully_reviewed,2026-04-28,https://pubmed.ncbi.nlm.nih.gov/36536536/,v0.5_GRADE_RoB_AMSTAR_bibliometrics_venue,14,5,9,10,6,-3,45,8,NIH_iCite_RCR; OpenAlex_cited_by_count,RCR=NA; cited_by=17,JCR IF not auto-imported; journal-level IF is intentionally separated from article-level citation signals.,https://openalex.org/W3155628790,17,,domain_screen,not_assessed_public_draft,not_applicable,possible,possible,max_level_D,D,v0.5 综合评分：研究设计、终点价值、人类相关性、来源深度、RCR/OpenAlex 引用信号、发表地/期刊层级和风险扣分；期刊层级 B_reputable_specialty_or_broad 加 4 分；当前上限规则为 max_level_D，最终等级 D。,"v0.5 hybrid score using design, endpoint value, human relevance, source depth, RCR/OpenAlex signals, publication venue tier, and risk adjustments; venue tier B_reputable_specialty_or_broad adds 4; cap rule max_level_D; final level D.",B_reputable_specialty_or_broad,4,"Indexed specialty or broad journal commonly seen in the atlas. Useful signal, but article-level quality still decides."
skin-sunscreen-photoaging-prevention-015,pubmed-25207381,25207381,10.1007/978-1-4939-0437-2_25,PubMed,sunscreen-photoaging-prevention,防晒与光老化预防,Sunscreen and Photoaging Prevention,Sunscreens.,,2014,Advances in experimental medicine and biology,review,lifestyle_topical,S1,erythema,"Sunscreens have become since more than 40 years the most popular means of protection against UV radiation (UVR) in Western countries. Organic and inorganic filters with different absorption spectrum exist. They filter or scatter UVR. Protection from UVB is quantified as a minimal erythema dose-based sun protection factor. UVA protection testing is less standardized: Persistent pigment darkening and critical wavelength are currently used methods. Marketing and labeling of sunscreens underlay national regulation which explains major differences between the European and the US sunscreen market. Sunscreens are most performing in sunburn prevention. Broad spectrum UVB and UVA protection and regular application in sufficient amounts are essential for prevention of skin cancers, UV-induced immunosuppression, and skin aging. A significant benefit from regular sunscreen use has not yet been demon",中文草稿：该记录属于「防晒与光老化预防」主题，当前抽取到的英文摘要/题录结果为：Sunscreens have become since more than 40 years the most popular means of protection against UV radiation (UVR) in Western countries. Organic and inorganic filters with different absorption spectrum exist. They filter or scatter UVR. Protection from UVB is quantified as a minimal erythema dose-based sun protection factor. UVA protection testing is less standardized: Persistent pigment darkening and critical wavelengt,Draft conclusion: this record can inform Sunscreen and Photoaging Prevention but requires full-text review before public claims.,中文草稿结论：该记录可作为「防晒与光老化预防」的候选证据，但正式结论需要全文复核。,C,abstract_only,可支持：将该记录作为「防晒与光老化预防」的候选证据，并按 S1 皮肤终点继续复核。,不支持：不能据此声称逆龄、延寿、替代治疗，或给出产品/剂量/疗程建议。,支持长期防晒作为皮肤健康基础；不支持把防晒写成逆龄治疗。,false,medium,public_draft_not_fully_reviewed,2026-04-28,https://pubmed.ncbi.nlm.nih.gov/25207381/,v0.5_GRADE_RoB_AMSTAR_bibliometrics_venue,14,15,9,7,8,-7,50,9,NIH_iCite_RCR; OpenAlex_cited_by_count,RCR=NA; cited_by=25,JCR IF not auto-imported; journal-level IF is intentionally separated from article-level citation signals.,https://openalex.org/W4240418523,25,,domain_screen,not_assessed_public_draft,not_applicable,possible,possible,max_level_A,C,v0.5 综合评分：研究设计、终点价值、人类相关性、来源深度、RCR/OpenAlex 引用信号、发表地/期刊层级和风险扣分；期刊层级 B_reputable_specialty_or_broad 加 4 分；当前上限规则为 max_level_A，最终等级 C。,"v0.5 hybrid score using design, endpoint value, human relevance, source depth, RCR/OpenAlex signals, publication venue tier, and risk adjustments; venue tier B_reputable_specialty_or_broad adds 4; cap rule max_level_A; final level C.",B_reputable_specialty_or_broad,4,"Indexed specialty or broad journal commonly seen in the atlas. Useful signal, but article-level quality still decides."
skin-sunscreen-photoaging-prevention-016,pubmed-25351668,25351668,10.1111/phpp.12145,PubMed,sunscreen-photoaging-prevention,防晒与光老化预防,Sunscreen and Photoaging Prevention,Mechanisms and treatments of photoaging.,,2015,"Photodermatology, photoimmunology & photomedicine",systematic_review_or_meta_analysis,lifestyle_topical,S1,photoaging,"Photoaging is frequently encountered in a dermatologic practice. This systematic literature review aims to explore the etiology of photoaging and address the evidence behind its current management. A comprehensive search of MEDLINE, EMBASE, UpToDate, and the Cochrane Library was conducted. Articles were limited to those relating to photoaging. There are two major approaches in the current management of photoaging. This includes strategies to prevent against ultraviolet damage (e.g. sunscreen) and medications that attempt to reverse existing skin damage (topical retinoids and 5-fluorouracil). There has been a large growth in the variety of treatment options in recent years. While it is important for such growth to continue, prevention via sensible photoprotection methods still remains the best current management option.","中文草稿：该记录属于「防晒与光老化预防」主题，当前抽取到的英文摘要/题录结果为：Photoaging is frequently encountered in a dermatologic practice. This systematic literature review aims to explore the etiology of photoaging and address the evidence behind its current management. A comprehensive search of MEDLINE, EMBASE, UpToDate, and the Cochrane Library was conducted. Articles were limited to those relating to photoaging. There are two major approaches in the current management of photoaging. Th",Draft conclusion: this record can inform Sunscreen and Photoaging Prevention but requires full-text review before public claims.,中文草稿结论：该记录可作为「防晒与光老化预防」的候选证据，但正式结论需要全文复核。,A,abstract_only,可支持：将该记录作为「防晒与光老化预防」的候选证据，并按 S1 皮肤终点继续复核。,不支持：不能据此声称逆龄、延寿、替代治疗，或给出产品/剂量/疗程建议。,支持长期防晒作为皮肤健康基础；不支持把防晒写成逆龄治疗。,false,medium,public_draft_not_fully_reviewed,2026-04-28,https://pubmed.ncbi.nlm.nih.gov/25351668/,v0.5_GRADE_RoB_AMSTAR_bibliometrics_venue,34,15,9,7,10,-7,72,15,NIH_iCite_RCR; OpenAlex_cited_by_count,RCR=NA; cited_by=276,JCR IF not auto-imported; journal-level IF is intentionally separated from article-level citation signals.,https://openalex.org/W1593918796,276,,AMSTAR 2,not_assessed_public_draft,not_assessed_public_draft,possible,possible,max_level_B,B,v0.5 综合评分：研究设计、终点价值、人类相关性、来源深度、RCR/OpenAlex 引用信号、发表地/期刊层级和风险扣分；期刊层级 B_reputable_specialty_or_broad 加 4 分；当前上限规则为 max_level_B，最终等级 B。,"v0.5 hybrid score using design, endpoint value, human relevance, source depth, RCR/OpenAlex signals, publication venue tier, and risk adjustments; venue tier B_reputable_specialty_or_broad adds 4; cap rule max_level_B; final level B.",B_reputable_specialty_or_broad,4,"Indexed specialty or broad journal commonly seen in the atlas. Useful signal, but article-level quality still decides."
skin-sunscreen-photoaging-prevention-017,pubmed-33896049,33896049,10.1111/phpp.12688,PubMed,sunscreen-photoaging-prevention,防晒与光老化预防,Sunscreen and Photoaging Prevention,Daily photoprotection to prevent photoaging.,,2021,"Photodermatology, photoimmunology & photomedicine",review,lifestyle_topical,S1,"wrinkle, photoaging","Extrinsic skin aging or photoaging was previously thought to be almost exclusively due to solar ultraviolet (UV) radiation. However, recent literature has described other contributing factors and clarification is thus required as to what extent and what type of daily photoprotection is needed to mitigate extrinsic skin aging. We reviewed the existing scientific evidence on daily photoprotection, and specific requirements at the product level, to prevent extrinsic skin aging. We critically reviewed the existing evidence on potential ecological and toxicological risks which might be associated with daily photoprotection. Evidence shows that broad protection against the entire solar range of UVB, UVA, UVA1, visible light, and short infrared (IRA) is required to prevent extrinsic aging. Other exposome factors, such as air pollution and smoking, also contribute to skin aging. Daily broad-spec","中文草稿：该记录属于「防晒与光老化预防」主题，当前抽取到的英文摘要/题录结果为：Extrinsic skin aging or photoaging was previously thought to be almost exclusively due to solar ultraviolet (UV) radiation. However, recent literature has described other contributing factors and clarification is thus required as to what extent and what type of daily photoprotection is needed to mitigate extrinsic skin aging. We reviewed the existing scientific evidence on daily photoprotection, and specific requirem",Draft conclusion: this record can inform Sunscreen and Photoaging Prevention but requires full-text review before public claims.,中文草稿结论：该记录可作为「防晒与光老化预防」的候选证据，但正式结论需要全文复核。,C,abstract_only,可支持：将该记录作为「防晒与光老化预防」的候选证据，并按 S1 皮肤终点继续复核。,不支持：不能据此声称逆龄、延寿、替代治疗，或给出产品/剂量/疗程建议。,支持长期防晒作为皮肤健康基础；不支持把防晒写成逆龄治疗。,false,medium,public_draft_not_fully_reviewed,2026-04-28,https://pubmed.ncbi.nlm.nih.gov/33896049/,v0.5_GRADE_RoB_AMSTAR_bibliometrics_venue,14,15,9,7,8,-7,50,13,NIH_iCite_RCR; OpenAlex_cited_by_count,RCR=NA; cited_by=82,JCR IF not auto-imported; journal-level IF is intentionally separated from article-level citation signals.,https://openalex.org/W3157508032,82,,domain_screen,not_assessed_public_draft,not_applicable,possible,possible,max_level_A,C,v0.5 综合评分：研究设计、终点价值、人类相关性、来源深度、RCR/OpenAlex 引用信号、发表地/期刊层级和风险扣分；期刊层级 B_reputable_specialty_or_broad 加 4 分；当前上限规则为 max_level_A，最终等级 C。,"v0.5 hybrid score using design, endpoint value, human relevance, source depth, RCR/OpenAlex signals, publication venue tier, and risk adjustments; venue tier B_reputable_specialty_or_broad adds 4; cap rule max_level_A; final level C.",B_reputable_specialty_or_broad,4,"Indexed specialty or broad journal commonly seen in the atlas. Useful signal, but article-level quality still decides."
skin-sunscreen-photoaging-prevention-018,pubmed-26208767,26208767,10.1016/j.fsc.2015.04.002,PubMed,sunscreen-photoaging-prevention,防晒与光老化预防,Sunscreen and Photoaging Prevention,Skin Care.,,2015,Facial plastic surgery clinics of North America,review,lifestyle_topical,S1,"elasticity, pigmentation, photoaging","Aging skin is among the most common patient concerns in a facial plastic surgery practice. Ultraviolet (UV)-induced damage expedites the pace of intrinsic aging, resulting in many of the visible signs of aging, such as rough skin texture, pigmentation irregularities, fine and deep wrinkling, and inelasticity. Primary prevention of UV and environmental damage with proper skin care and the use of sunscreen are critical. There is great interest in topically applied products to reverse or delay the visible signs of photoaging. We discuss the most common topically applied agents for photoaging, reviewing their mechanisms and supporting evidence.","中文草稿：该记录属于「防晒与光老化预防」主题，当前抽取到的英文摘要/题录结果为：Aging skin is among the most common patient concerns in a facial plastic surgery practice. Ultraviolet (UV)-induced damage expedites the pace of intrinsic aging, resulting in many of the visible signs of aging, such as rough skin texture, pigmentation irregularities, fine and deep wrinkling, and inelasticity. Primary prevention of UV and environmental damage with proper skin care and the use of sunscreen are critical",Draft conclusion: this record can inform Sunscreen and Photoaging Prevention but requires full-text review before public claims.,中文草稿结论：该记录可作为「防晒与光老化预防」的候选证据，但正式结论需要全文复核。,C,abstract_only,可支持：将该记录作为「防晒与光老化预防」的候选证据，并按 S1 皮肤终点继续复核。,不支持：不能据此声称逆龄、延寿、替代治疗，或给出产品/剂量/疗程建议。,支持长期防晒作为皮肤健康基础；不支持把防晒写成逆龄治疗。,false,medium,public_draft_not_fully_reviewed,2026-04-28,https://pubmed.ncbi.nlm.nih.gov/26208767/,v0.5_GRADE_RoB_AMSTAR_bibliometrics_venue,14,15,9,7,6,-7,45,8,NIH_iCite_RCR; OpenAlex_cited_by_count,RCR=NA; cited_by=15,JCR IF not auto-imported; journal-level IF is intentionally separated from article-level citation signals.,https://openalex.org/W4239393811,15,,domain_screen,not_assessed_public_draft,not_applicable,possible,possible,max_level_A,D,v0.5 综合评分：研究设计、终点价值、人类相关性、来源深度、RCR/OpenAlex 引用信号、发表地/期刊层级和风险扣分；期刊层级 C_indexed_or_identified 加 1 分；当前上限规则为 max_level_A，最终等级 D。,"v0.5 hybrid score using design, endpoint value, human relevance, source depth, RCR/OpenAlex signals, publication venue tier, and risk adjustments; venue tier C_indexed_or_identified adds 1; cap rule max_level_A; final level D.",C_indexed_or_identified,1,"Indexed or DOI/PMID-identifiable venue, but not in the curated high-weight venue list."
skin-sunscreen-photoaging-prevention-019,pubmed-38933415,38933415,10.3389/fgene.2021.613197,PubMed,sunscreen-photoaging-prevention,防晒与光老化预防,Sunscreen and Photoaging Prevention,"Olea europaea leaf exosome-like nanovesicles encapsulated in a hyaluronic acid / tannic acid hydrogel dressing with dual ""defense-repair"" effects for treating skin photoaging.",,2024,Materials today. Bio,preclinical_or_mechanistic,lifestyle_topical,S2,photoaging,"Photoaging, primarily caused by ultraviolet (UV) light, is the major factor in extrinsic skin aging. Existing anti-photoaging strategies mainly focus on early sun protection or repairing damaged skin, lacking a comprehensive treatment strategy. Therefore, this study developed a dressing that actively shields against UV radiation and repairs photoaged skin, offering double protection. This study utilized exosome-like nanovesicles derived from Olea europaea leaves (OLELNVs), enhancing them into a potent core biomaterial with high-dose effects and skin-friendly, non-cytotoxic inhibition of cell aging. These nanovesicles were incorporated into a cross-linked hyaluronic acid (HA) and tannic acid (TA) hydrogel with strong UV-absorbing properties, creating the OLELNVs@HA/TA hydrogel system. In vitro and in vivo experiments demonstrated that OLELNVs@HA/TA hydrogel can effectively reduce UV-induc","中文草稿：该记录属于「防晒与光老化预防」主题，当前抽取到的英文摘要/题录结果为：Photoaging, primarily caused by ultraviolet (UV) light, is the major factor in extrinsic skin aging. Existing anti-photoaging strategies mainly focus on early sun protection or repairing damaged skin, lacking a comprehensive treatment strategy. Therefore, this study developed a dressing that actively shields against UV radiation and repairs photoaged skin, offering double protection. This study utilized exosome-like ",Draft conclusion: this record can inform Sunscreen and Photoaging Prevention but requires full-text review before public claims.,中文草稿结论：该记录可作为「防晒与光老化预防」的候选证据，但正式结论需要全文复核。,D,abstract_plus_open_pmc_available,可支持：将该记录作为「防晒与光老化预防」的候选证据，并按 S2 皮肤终点继续复核。,不支持：不能据此声称逆龄、延寿、替代治疗，或给出产品/剂量/疗程建议。,支持长期防晒作为皮肤健康基础；不支持把防晒写成逆龄治疗。,false,medium,public_draft_not_fully_reviewed,2026-04-28,https://pubmed.ncbi.nlm.nih.gov/38933415/,v0.5_GRADE_RoB_AMSTAR_bibliometrics_venue,11,8,15,10,8,-3,50,12,NIH_iCite_RCR; OpenAlex_cited_by_count,RCR=NA; cited_by=64,JCR IF not auto-imported; journal-level IF is intentionally separated from article-level citation signals.,https://openalex.org/W3157658553,64,,Cochrane RoB 2,not_assessed_public_draft,not_applicable,possible,possible,max_level_D,D,v0.5 综合评分：研究设计、终点价值、人类相关性、来源深度、RCR/OpenAlex 引用信号、发表地/期刊层级和风险扣分；期刊层级 C_indexed_or_identified 加 1 分；当前上限规则为 max_level_D，最终等级 D。,"v0.5 hybrid score using design, endpoint value, human relevance, source depth, RCR/OpenAlex signals, publication venue tier, and risk adjustments; venue tier C_indexed_or_identified adds 1; cap rule max_level_D; final level D.",C_indexed_or_identified,1,"Indexed or DOI/PMID-identifiable venue, but not in the curated high-weight venue list."
skin-sunscreen-photoaging-prevention-020,pubmed-28510141,28510141,10.1007/s40257-017-0290-0,PubMed,sunscreen-photoaging-prevention,防晒与光老化预防,Sunscreen and Photoaging Prevention,Sunscreens: An Update.,,2017,American journal of clinical dermatology,review,lifestyle_topical,S1,photoaging,"Sunscreens have been widely used by the general public for their photoprotective properties, including prevention of photocarcinogenesis and photoaging and management of photodermatoses. It is important to emphasize to consumers the necessity of broad-spectrum protection, with coverage of both ultraviolet A (320-400 nm) and ultraviolet B (290-320 nm) radiation. This review discusses the benefits of sunscreen, different ultraviolet filters, sunscreen regulations and controversies, the importance of broad-spectrum protection, issues of photostability and formulation, and patient education and compliance.","中文草稿：该记录属于「防晒与光老化预防」主题，当前抽取到的英文摘要/题录结果为：Sunscreens have been widely used by the general public for their photoprotective properties, including prevention of photocarcinogenesis and photoaging and management of photodermatoses. It is important to emphasize to consumers the necessity of broad-spectrum protection, with coverage of both ultraviolet A (320-400 nm) and ultraviolet B (290-320 nm) radiation. This review discusses the benefits of sunscreen, differe",Draft conclusion: this record can inform Sunscreen and Photoaging Prevention but requires full-text review before public claims.,中文草稿结论：该记录可作为「防晒与光老化预防」的候选证据，但正式结论需要全文复核。,C,abstract_only,可支持：将该记录作为「防晒与光老化预防」的候选证据，并按 S1 皮肤终点继续复核。,不支持：不能据此声称逆龄、延寿、替代治疗，或给出产品/剂量/疗程建议。,支持长期防晒作为皮肤健康基础；不支持把防晒写成逆龄治疗。,false,medium,public_draft_not_fully_reviewed,2026-04-28,https://pubmed.ncbi.nlm.nih.gov/28510141/,v0.5_GRADE_RoB_AMSTAR_bibliometrics_venue,14,15,9,7,10,-7,49,14,NIH_iCite_RCR; OpenAlex_cited_by_count,RCR=NA; cited_by=124,JCR IF not auto-imported; journal-level IF is intentionally separated from article-level citation signals.,https://openalex.org/W2614125568,124,,domain_screen,not_assessed_public_draft,not_applicable,possible,possible,max_level_A,C,v0.5 综合评分：研究设计、终点价值、人类相关性、来源深度、RCR/OpenAlex 引用信号、发表地/期刊层级和风险扣分；期刊层级 C_indexed_or_identified 加 1 分；当前上限规则为 max_level_A，最终等级 C。,"v0.5 hybrid score using design, endpoint value, human relevance, source depth, RCR/OpenAlex signals, publication venue tier, and risk adjustments; venue tier C_indexed_or_identified adds 1; cap rule max_level_A; final level C.",C_indexed_or_identified,1,"Indexed or DOI/PMID-identifiable venue, but not in the curated high-weight venue list."
skin-retinoids-photoaging-001,pubmed-38002296,38002296,10.3390/nu13051703,PubMed,retinoids-photoaging,维A酸/视黄醇类与光老化,Retinoids and Photoaging,Human Skin Aging and the Anti-Aging Properties of Retinol.,,2023,Biomolecules,review,topical_prescription_or_cosmeceutical,S1,barrier,"The skin is the most-extensive and -abundant tissue in the human body. Like many organs, as we age, human skin experiences gradual atrophy in both the epidermis and dermis. This can be primarily attributed to the diminishing population of epidermal stem cells and the reduction in collagen, which is the primary structural protein in the human body. The alterations occurring in the epidermis and dermis due to the aging process result in disruptions to the structure and functionality of the skin. This creates a microenvironment conducive to age-related skin conditions such as a compromised skin barrier, slowed wound healing, and the onset of skin cancer. This review emphasizes the recent molecular discoveries related to skin aging and evaluates preventive approaches, such as the use of topical retinoids. Topical retinoids have demonstrated promise in enhancing skin texture, diminishing fine","中文草稿：该记录属于「维A酸/视黄醇类与光老化」主题，当前抽取到的英文摘要/题录结果为：The skin is the most-extensive and -abundant tissue in the human body. Like many organs, as we age, human skin experiences gradual atrophy in both the epidermis and dermis. This can be primarily attributed to the diminishing population of epidermal stem cells and the reduction in collagen, which is the primary structural protein in the human body. The alterations occurring in the epidermis and dermis due to the aging",Draft conclusion: this record can inform Retinoids and Photoaging but requires full-text review before public claims.,中文草稿结论：该记录可作为「维A酸/视黄醇类与光老化」的候选证据，但正式结论需要全文复核。,C,abstract_plus_open_pmc_available,可支持：将该记录作为「维A酸/视黄醇类与光老化」的候选证据，并按 S1 皮肤终点继续复核。,不支持：不能据此声称逆龄、延寿、替代治疗，或给出产品/剂量/疗程建议。,处方维A酸、孕期、敏感肌和皮肤病人群需要医生评估；不提供浓度和用法建议。,true,medium,public_draft_not_fully_reviewed,2026-04-28,https://pubmed.ncbi.nlm.nih.gov/38002296/,v0.5_GRADE_RoB_AMSTAR_bibliometrics_venue,14,15,9,10,10,-3,56,15,NIH_iCite_RCR; OpenAlex_cited_by_count,RCR=NA; cited_by=382,JCR IF not auto-imported; journal-level IF is intentionally separated from article-level citation signals.,https://openalex.org/W3160109639,382,,domain_screen,not_assessed_public_draft,not_applicable,possible,possible,max_level_A,C,v0.5 综合评分：研究设计、终点价值、人类相关性、来源深度、RCR/OpenAlex 引用信号、发表地/期刊层级和风险扣分；期刊层级 C_indexed_or_identified 加 1 分；当前上限规则为 max_level_A，最终等级 C。,"v0.5 hybrid score using design, endpoint value, human relevance, source depth, RCR/OpenAlex signals, publication venue tier, and risk adjustments; venue tier C_indexed_or_identified adds 1; cap rule max_level_A; final level C.",C_indexed_or_identified,1,"Indexed or DOI/PMID-identifiable venue, but not in the curated high-weight venue list."
skin-retinoids-photoaging-002,pubmed-18046911,18046911,10.2147/ciia.2006.1.4.327,PubMed,retinoids-photoaging,维A酸/视黄醇类与光老化,Retinoids and Photoaging,Retinoids in the treatment of skin aging: an overview of clinical efficacy and safety.,,2006,Clinical interventions in aging,review,topical_prescription_or_cosmeceutical,S1,photoaging,"Aging of skin is an intricate biological process consisting of two types. While intrinsic or chronological aging is an inevitable process, photoaging involves the premature aging of skin occurring due to cumulative exposure to ultraviolet radiation. Chronological and photoaging both have clinically differentiable manifestations. Various natural and synthetic retinoids have been explored for the treatment of aging and many of them have shown histological and clinical improvement, but most of the studies have been carried out in patients presenting with photoaged skin. Amongst the retinoids, tretinoin possibly is the most potent and certainly the most widely investigated retinoid for photoaging therapy. Although retinoids show promise in the treatment of skin aging, irritant reactions such as burning, scaling or dermatitis associated with retinoid therapy limit their acceptance by patients","中文草稿：该记录属于「维A酸/视黄醇类与光老化」主题，当前抽取到的英文摘要/题录结果为：Aging of skin is an intricate biological process consisting of two types. While intrinsic or chronological aging is an inevitable process, photoaging involves the premature aging of skin occurring due to cumulative exposure to ultraviolet radiation. Chronological and photoaging both have clinically differentiable manifestations. Various natural and synthetic retinoids have been explored for the treatment of aging and",Draft conclusion: this record can inform Retinoids and Photoaging but requires full-text review before public claims.,中文草稿结论：该记录可作为「维A酸/视黄醇类与光老化」的候选证据，但正式结论需要全文复核。,C,abstract_plus_open_pmc_available,可支持：将该记录作为「维A酸/视黄醇类与光老化」的候选证据，并按 S1 皮肤终点继续复核。,不支持：不能据此声称逆龄、延寿、替代治疗，或给出产品/剂量/疗程建议。,处方维A酸、孕期、敏感肌和皮肤病人群需要医生评估；不提供浓度和用法建议。,true,medium,public_draft_not_fully_reviewed,2026-04-28,https://pubmed.ncbi.nlm.nih.gov/18046911/,v0.5_GRADE_RoB_AMSTAR_bibliometrics_venue,14,15,9,10,12,-3,61,15,NIH_iCite_RCR; OpenAlex_cited_by_count,RCR=NA; cited_by=539,JCR IF not auto-imported; journal-level IF is intentionally separated from article-level citation signals.,https://openalex.org/W2141973975,539,,domain_screen,not_assessed_public_draft,not_applicable,possible,possible,max_level_A,C,v0.5 综合评分：研究设计、终点价值、人类相关性、来源深度、RCR/OpenAlex 引用信号、发表地/期刊层级和风险扣分；期刊层级 B_reputable_specialty_or_broad 加 4 分；当前上限规则为 max_level_A，最终等级 C。,"v0.5 hybrid score using design, endpoint value, human relevance, source depth, RCR/OpenAlex signals, publication venue tier, and risk adjustments; venue tier B_reputable_specialty_or_broad adds 4; cap rule max_level_A; final level C.",B_reputable_specialty_or_broad,4,"Indexed specialty or broad journal commonly seen in the atlas. Useful signal, but article-level quality still decides."
skin-retinoids-photoaging-003,pubmed-38881445,38881445,10.1111/jdv.19648,PubMed,retinoids-photoaging,维A酸/视黄醇类与光老化,Retinoids and Photoaging,Top weapons in skin aging and actives to target the consequences of skin cell senescence.,,2024,Journal of the European Academy of Dermatology and Venereology : JEADV,review,topical_prescription_or_cosmeceutical,S1,elasticity,"Skin aging has long been considered a purely cosmetic problem. However, as life expectancy increases, skin aging is taking on a functional dimension that goes beyond cosmetics and appearance. Preventive or therapeutic strategies are needed to target cellular senescence, a key process underlying the alterations in skin function and appearance that occur with aging, as well as to address the age-related skin changes associated with 'dermatoporosis' and chronic skin insufficiency/fragility syndrome. Thus, given the need for effective anti-aging products that improve both the appearance and function of the skin, it is essential to distinguish active ingredients that have been proven to be effective, among the large number of available over-the-counter cosmeceuticals. This brief review focuses on a core group of topical actives, describing their clinical effects on senescence and aging, and t","中文草稿：该记录属于「维A酸/视黄醇类与光老化」主题，当前抽取到的英文摘要/题录结果为：Skin aging has long been considered a purely cosmetic problem. However, as life expectancy increases, skin aging is taking on a functional dimension that goes beyond cosmetics and appearance. Preventive or therapeutic strategies are needed to target cellular senescence, a key process underlying the alterations in skin function and appearance that occur with aging, as well as to address the age-related skin changes as",Draft conclusion: this record can inform Retinoids and Photoaging but requires full-text review before public claims.,中文草稿结论：该记录可作为「维A酸/视黄醇类与光老化」的候选证据，但正式结论需要全文复核。,C,abstract_only,可支持：将该记录作为「维A酸/视黄醇类与光老化」的候选证据，并按 S1 皮肤终点继续复核。,不支持：不能据此声称逆龄、延寿、替代治疗，或给出产品/剂量/疗程建议。,处方维A酸、孕期、敏感肌和皮肤病人群需要医生评估；不提供浓度和用法建议。,true,medium,public_draft_not_fully_reviewed,2026-04-28,https://pubmed.ncbi.nlm.nih.gov/38881445/,v0.5_GRADE_RoB_AMSTAR_bibliometrics_venue,14,15,9,7,8,-7,47,10,NIH_iCite_RCR; OpenAlex_cited_by_count,RCR=NA; cited_by=31,JCR IF not auto-imported; journal-level IF is intentionally separated from article-level citation signals.,https://openalex.org/W4399749924,31,,domain_screen,not_assessed_public_draft,not_applicable,possible,possible,max_level_A,D,v0.5 综合评分：研究设计、终点价值、人类相关性、来源深度、RCR/OpenAlex 引用信号、发表地/期刊层级和风险扣分；期刊层级 C_indexed_or_identified 加 1 分；当前上限规则为 max_level_A，最终等级 D。,"v0.5 hybrid score using design, endpoint value, human relevance, source depth, RCR/OpenAlex signals, publication venue tier, and risk adjustments; venue tier C_indexed_or_identified adds 1; cap rule max_level_A; final level D.",C_indexed_or_identified,1,"Indexed or DOI/PMID-identifiable venue, but not in the curated high-weight venue list."
skin-retinoids-photoaging-004,pubmed-39998423,39998423,10.1210/endrev/bnae034,PubMed,retinoids-photoaging,维A酸/视黄醇类与光老化,Retinoids and Photoaging,Endocrine Controls of Skin Aging.,,2025,Endocrine reviews,review,topical_prescription_or_cosmeceutical,S2,skin aging endpoint pending review,"Skin is the largest organ of the human body and undergoes both intrinsic (chronological) and extrinsic aging. While intrinsic skin aging is driven by genetic and epigenetic factors, extrinsic aging is mediated by external threats such as UV irradiation or fine particular matters, the sum of which is referred to as exposome. The clinical manifestations and biochemical changes are different between intrinsic and extrinsic skin aging, albeit overlapping features exist, eg, increased generation of reactive oxygen species, extracellular matrix degradation, telomere shortening, increased lipid peroxidation, or DNA damage. As skin is a prominent target for many hormones, the molecular and biochemical processes underlying intrinsic and extrinsic skin aging are under tight control of classical neuroendocrine axes. However, skin is also an endocrine organ itself, including the hair follicle, a ful","中文草稿：该记录属于「维A酸/视黄醇类与光老化」主题，当前抽取到的英文摘要/题录结果为：Skin is the largest organ of the human body and undergoes both intrinsic (chronological) and extrinsic aging. While intrinsic skin aging is driven by genetic and epigenetic factors, extrinsic aging is mediated by external threats such as UV irradiation or fine particular matters, the sum of which is referred to as exposome. The clinical manifestations and biochemical changes are different between intrinsic and extrin",Draft conclusion: this record can inform Retinoids and Photoaging but requires full-text review before public claims.,中文草稿结论：该记录可作为「维A酸/视黄醇类与光老化」的候选证据，但正式结论需要全文复核。,C,abstract_only,可支持：将该记录作为「维A酸/视黄醇类与光老化」的候选证据，并按 S2 皮肤终点继续复核。,不支持：不能据此声称逆龄、延寿、替代治疗，或给出产品/剂量/疗程建议。,处方维A酸、孕期、敏感肌和皮肤病人群需要医生评估；不提供浓度和用法建议。,true,medium,public_draft_not_fully_reviewed,2026-04-28,https://pubmed.ncbi.nlm.nih.gov/39998423/,v0.5_GRADE_RoB_AMSTAR_bibliometrics_venue,14,8,9,7,8,-7,40,10,NIH_iCite_RCR; OpenAlex_cited_by_count,RCR=NA; cited_by=36,JCR IF not auto-imported; journal-level IF is intentionally separated from article-level citation signals.,https://openalex.org/W4407945541,36,,domain_screen,not_assessed_public_draft,not_applicable,possible,possible,max_level_D,D,v0.5 综合评分：研究设计、终点价值、人类相关性、来源深度、RCR/OpenAlex 引用信号、发表地/期刊层级和风险扣分；期刊层级 C_indexed_or_identified 加 1 分；当前上限规则为 max_level_D，最终等级 D。,"v0.5 hybrid score using design, endpoint value, human relevance, source depth, RCR/OpenAlex signals, publication venue tier, and risk adjustments; venue tier C_indexed_or_identified adds 1; cap rule max_level_D; final level D.",C_indexed_or_identified,1,"Indexed or DOI/PMID-identifiable venue, but not in the curated high-weight venue list."
skin-retinoids-photoaging-005,pubmed-29947134,29947134,10.1111/bjd.16918,PubMed,retinoids-photoaging,维A酸/视黄醇类与光老化,Retinoids and Photoaging,"Prospective, randomized, double-blind assessment of topical bakuchiol and retinol for facial photoageing.",,2019,The British journal of dermatology,randomized_or_clinical_trial,topical_prescription_or_cosmeceutical,S1,"wrinkle, pigmentation","Bakuchiol is a phytochemical that has demonstrated cutaneous antiageing effects when applied topically. Early studies have suggested that bakuchiol is a functional analogue of topical retinoids, as both compounds have been shown to induce similar gene expression in the skin and lead to improvement of cutaneous photodamage. No in vivo studies have compared the two compounds for efficacy and side-effects. To compare the clinical efficacy and side-effect profiles of bakuchiol and retinol in improving common signs of cutaneous facial ageing. This was a randomized, double-blind, 12-week study in which 44 patients were asked to apply either bakuchiol 0·5% cream twice daily or retinol 0·5% cream daily. A facial photograph and analytical system was used to obtain and analyse high-resolution photographs of patients at 0, 4, 8 and 12 weeks. Patients also completed tolerability assessment questions","中文草稿：该记录属于「维A酸/视黄醇类与光老化」主题，当前抽取到的英文摘要/题录结果为：Bakuchiol is a phytochemical that has demonstrated cutaneous antiageing effects when applied topically. Early studies have suggested that bakuchiol is a functional analogue of topical retinoids, as both compounds have been shown to induce similar gene expression in the skin and lead to improvement of cutaneous photodamage. No in vivo studies have compared the two compounds for efficacy and side-effects. To compare th",Draft conclusion: this record can inform Retinoids and Photoaging but requires full-text review before public claims.,中文草稿结论：该记录可作为「维A酸/视黄醇类与光老化」的候选证据，但正式结论需要全文复核。,B,abstract_only,可支持：将该记录作为「维A酸/视黄醇类与光老化」的候选证据，并按 S1 皮肤终点继续复核。,不支持：不能据此声称逆龄、延寿、替代治疗，或给出产品/剂量/疗程建议。,处方维A酸、孕期、敏感肌和皮肤病人群需要医生评估；不提供浓度和用法建议。,true,medium,public_draft_not_fully_reviewed,2026-04-28,https://pubmed.ncbi.nlm.nih.gov/29947134/,v0.5_GRADE_RoB_AMSTAR_bibliometrics_venue,29,15,15,7,10,-7,76,14,NIH_iCite_RCR; OpenAlex_cited_by_count,RCR=NA; cited_by=126,JCR IF not auto-imported; journal-level IF is intentionally separated from article-level citation signals.,https://openalex.org/W2811117926,126,,Cochrane RoB 2,not_assessed_public_draft,not_applicable,possible,possible,max_level_A,B,v0.5 综合评分：研究设计、终点价值、人类相关性、来源深度、RCR/OpenAlex 引用信号、发表地/期刊层级和风险扣分；期刊层级 A_field_leading 加 7 分；当前上限规则为 max_level_A，最终等级 B。,"v0.5 hybrid score using design, endpoint value, human relevance, source depth, RCR/OpenAlex signals, publication venue tier, and risk adjustments; venue tier A_field_leading adds 7; cap rule max_level_A; final level B.",A_field_leading,7,"Leading aging, nutrition, metabolism, geriatrics, dermatology, or translational specialty venue."
skin-retinoids-photoaging-006,pubmed-37683070,37683070,10.36849/JDD.7753,PubMed,retinoids-photoaging,维A酸/视黄醇类与光老化,Retinoids and Photoaging,Topical Treatments for Photoaged Skin.,,2023,Journal of drugs in dermatology : JDD,review,topical_prescription_or_cosmeceutical,S1,"elasticity, photoaging, erythema","Photoaging due to cumulative lifetime ultraviolet light exposure is the greatest contributing factor to facial aging. With the continued growth of the population of individuals aged &ge;65 years and over, demand for safe and effective photoaging treatments will likely increase. This qualitative review provides an overview of efficacy and safety of over-the-counter (OTC) and prescription topical treatments for photoaging, including recent data from an investigator-initiated trial of the topical retinoid tazarotene. OTC and cosmeceutical products comprise the majority of treatment options for photoaging, although clinical data in support of their efficacy are generally lacking. Topical retinoids have been shown to increase collagen and elastic fibers and normalize melanocytes and keratinocytes, yielding improvements in wrinkling, texture, elasticity, and skin tone. Prescription topical ret","中文草稿：该记录属于「维A酸/视黄醇类与光老化」主题，当前抽取到的英文摘要/题录结果为：Photoaging due to cumulative lifetime ultraviolet light exposure is the greatest contributing factor to facial aging. With the continued growth of the population of individuals aged &ge;65 years and over, demand for safe and effective photoaging treatments will likely increase. This qualitative review provides an overview of efficacy and safety of over-the-counter (OTC) and prescription topical treatments for photoag",Draft conclusion: this record can inform Retinoids and Photoaging but requires full-text review before public claims.,中文草稿结论：该记录可作为「维A酸/视黄醇类与光老化」的候选证据，但正式结论需要全文复核。,C,abstract_only,可支持：将该记录作为「维A酸/视黄醇类与光老化」的候选证据，并按 S1 皮肤终点继续复核。,不支持：不能据此声称逆龄、延寿、替代治疗，或给出产品/剂量/疗程建议。,处方维A酸、孕期、敏感肌和皮肤病人群需要医生评估；不提供浓度和用法建议。,true,medium,public_draft_not_fully_reviewed,2026-04-28,https://pubmed.ncbi.nlm.nih.gov/37683070/,v0.5_GRADE_RoB_AMSTAR_bibliometrics_venue,14,15,9,7,6,-7,45,6,NIH_iCite_RCR; OpenAlex_cited_by_count,RCR=NA; cited_by=8,JCR IF not auto-imported; journal-level IF is intentionally separated from article-level citation signals.,https://openalex.org/W4386564773,8,,domain_screen,not_assessed_public_draft,not_applicable,possible,possible,max_level_A,D,v0.5 综合评分：研究设计、终点价值、人类相关性、来源深度、RCR/OpenAlex 引用信号、发表地/期刊层级和风险扣分；期刊层级 C_indexed_or_identified 加 1 分；当前上限规则为 max_level_A，最终等级 D。,"v0.5 hybrid score using design, endpoint value, human relevance, source depth, RCR/OpenAlex signals, publication venue tier, and risk adjustments; venue tier C_indexed_or_identified adds 1; cap rule max_level_A; final level D.",C_indexed_or_identified,1,"Indexed or DOI/PMID-identifiable venue, but not in the curated high-weight venue list."
skin-retinoids-photoaging-007,pubmed-36176207,36176207,10.1111/jocd.15420,PubMed,retinoids-photoaging,维A酸/视黄醇类与光老化,Retinoids and Photoaging,Applications of bakuchiol in dermatology: Systematic review of the literature.,,2022,Journal of cosmetic dermatology,systematic_review_or_meta_analysis,topical_prescription_or_cosmeceutical,S1,"wrinkle, pigmentation, photoaging, acne","Bakuchiol (BAK), a meroterpene phenol abundant in the plant Psoralea corylifolia, is an emerging cosmeceutical agent with promising anti-aging, anti-inflammatory, and antibacterial properties. The trend for ""clean"" skincare products and search for anti-aging retinoid alternatives have poised BAK as a ""must-have"" ingredient in skincare. Our aim was to review the data for the applications of BAK in dermatology. This is a systematic review of PubMed. Thirty articles matched our search terms [""Bakuchiol"" and ""Dermatology""] or [""Bakuchiol"" and ""Skin""] of which one did not meet inclusion criteria, 16 were pre-clinical studies, seven clinical studies, three commentaries, two narrative reviews, and one report on adverse events. BAK has been mostly studied for its effects on photoaging, acne, and post-inflammatory hyperpigmentation (PIH), showing beneficial results comparable to those achieved by","中文草稿：该记录属于「维A酸/视黄醇类与光老化」主题，当前抽取到的英文摘要/题录结果为：Bakuchiol (BAK), a meroterpene phenol abundant in the plant Psoralea corylifolia, is an emerging cosmeceutical agent with promising anti-aging, anti-inflammatory, and antibacterial properties. The trend for ""clean"" skincare products and search for anti-aging retinoid alternatives have poised BAK as a ""must-have"" ingredient in skincare. Our aim was to review the data for the applications of BAK in dermatology. This is",Draft conclusion: this record can inform Retinoids and Photoaging but requires full-text review before public claims.,中文草稿结论：该记录可作为「维A酸/视黄醇类与光老化」的候选证据，但正式结论需要全文复核。,A,abstract_only,可支持：将该记录作为「维A酸/视黄醇类与光老化」的候选证据，并按 S1 皮肤终点继续复核。,不支持：不能据此声称逆龄、延寿、替代治疗，或给出产品/剂量/疗程建议。,处方维A酸、孕期、敏感肌和皮肤病人群需要医生评估；不提供浓度和用法建议。,true,medium,public_draft_not_fully_reviewed,2026-04-28,https://pubmed.ncbi.nlm.nih.gov/36176207/,v0.5_GRADE_RoB_AMSTAR_bibliometrics_venue,34,15,9,7,8,-7,67,10,NIH_iCite_RCR; OpenAlex_cited_by_count,RCR=NA; cited_by=37,JCR IF not auto-imported; journal-level IF is intentionally separated from article-level citation signals.,https://openalex.org/W4297994894,37,,AMSTAR 2,not_assessed_public_draft,not_assessed_public_draft,possible,possible,max_level_B,B,v0.5 综合评分：研究设计、终点价值、人类相关性、来源深度、RCR/OpenAlex 引用信号、发表地/期刊层级和风险扣分；期刊层级 C_indexed_or_identified 加 1 分；当前上限规则为 max_level_B，最终等级 B。,"v0.5 hybrid score using design, endpoint value, human relevance, source depth, RCR/OpenAlex signals, publication venue tier, and risk adjustments; venue tier C_indexed_or_identified adds 1; cap rule max_level_B; final level B.",C_indexed_or_identified,1,"Indexed or DOI/PMID-identifiable venue, but not in the curated high-weight venue list."
skin-retinoids-photoaging-008,pubmed-35816071,35816071,10.36849/JDD.SO722,PubMed,retinoids-photoaging,维A酸/视黄醇类与光老化,Retinoids and Photoaging,SUPPLEMENT ARTICLE: Retinol: The Ideal Retinoid for Cosmetic Solutions.,,2022,Journal of drugs in dermatology : JDD,review,topical_prescription_or_cosmeceutical,S1,"wrinkle, pigmentation, roughness","Retinoids are a mainstay of dermatologic therapy. Although prescription retinoids are more potent than over the counter retinoids, when properly formulated cosmetic retinoids offer consumers an easily accessible, reasonably priced therapeutic option. Retinol has been shown to improve fine lines and wrinkles, hyperpigmentation, skin roughness, and the appearance of photoaged skin. The efficacy and tolerability of retinol makes it preferable to prescription retinoids as many patients are intolerant of these more potent forms. In this review, we will discuss the pharmacokinetics of retinol and the clinical studies confirming its efficacy, tolerability, and safety with long-term use. J Drugs Dermatol. 2022;21:7(Suppl):s4-10.","中文草稿：该记录属于「维A酸/视黄醇类与光老化」主题，当前抽取到的英文摘要/题录结果为：Retinoids are a mainstay of dermatologic therapy. Although prescription retinoids are more potent than over the counter retinoids, when properly formulated cosmetic retinoids offer consumers an easily accessible, reasonably priced therapeutic option. Retinol has been shown to improve fine lines and wrinkles, hyperpigmentation, skin roughness, and the appearance of photoaged skin. The efficacy and tolerability of reti",Draft conclusion: this record can inform Retinoids and Photoaging but requires full-text review before public claims.,中文草稿结论：该记录可作为「维A酸/视黄醇类与光老化」的候选证据，但正式结论需要全文复核。,C,abstract_only,可支持：将该记录作为「维A酸/视黄醇类与光老化」的候选证据，并按 S1 皮肤终点继续复核。,不支持：不能据此声称逆龄、延寿、替代治疗，或给出产品/剂量/疗程建议。,处方维A酸、孕期、敏感肌和皮肤病人群需要医生评估；不提供浓度和用法建议。,true,medium,public_draft_not_fully_reviewed,2026-04-28,https://pubmed.ncbi.nlm.nih.gov/35816071/,v0.5_GRADE_RoB_AMSTAR_bibliometrics_venue,14,15,9,7,6,-7,45,5,NIH_iCite_RCR; OpenAlex_cited_by_count,RCR=NA; cited_by=5,JCR IF not auto-imported; journal-level IF is intentionally separated from article-level citation signals.,https://openalex.org/W4285017725,5,,domain_screen,not_assessed_public_draft,not_applicable,possible,possible,max_level_A,D,v0.5 综合评分：研究设计、终点价值、人类相关性、来源深度、RCR/OpenAlex 引用信号、发表地/期刊层级和风险扣分；期刊层级 C_indexed_or_identified 加 1 分；当前上限规则为 max_level_A，最终等级 D。,"v0.5 hybrid score using design, endpoint value, human relevance, source depth, RCR/OpenAlex signals, publication venue tier, and risk adjustments; venue tier C_indexed_or_identified adds 1; cap rule max_level_A; final level D.",C_indexed_or_identified,1,"Indexed or DOI/PMID-identifiable venue, but not in the curated high-weight venue list."
skin-retinoids-photoaging-009,pubmed-39128883,39128883,10.1111/ics.13013,PubMed,retinoids-photoaging,维A酸/视黄醇类与光老化,Retinoids and Photoaging,"Cosmetic retinoid use in photoaged skin: A review of the compounds, their use and mechanisms of action.",,2025,International journal of cosmetic science,review,topical_prescription_or_cosmeceutical,S1,"wrinkle, pigmentation, photoaging","The inevitable attrition of skin due to ultraviolet radiation, termed photoaging, can be partially restored by treatment with retinoid compounds. Photoaged skin in lightly pigmented individuals, clinically presents with the appearance of wrinkles, increased laxity, and hyper- and hypopigmentation. Underlying these visible signs of ageing are histological features such as epidermal thinning, dermal-epidermal junction flattening, solar elastosis and loss of the dermal fibrillin microfibrillar network, fibrillar collagen and glycosaminoglycans. Retinoid compounds are comprised of three main generations with the first generation (all-trans retinoic acid, retinol, retinaldehyde and retinyl esters) primarily used for the clinical and cosmetic treatment of photoaging, with varying degrees of efficacy, tolerance and stability. All-trans retinoic acid is considered the 'gold standard' for skin re","中文草稿：该记录属于「维A酸/视黄醇类与光老化」主题，当前抽取到的英文摘要/题录结果为：The inevitable attrition of skin due to ultraviolet radiation, termed photoaging, can be partially restored by treatment with retinoid compounds. Photoaged skin in lightly pigmented individuals, clinically presents with the appearance of wrinkles, increased laxity, and hyper- and hypopigmentation. Underlying these visible signs of ageing are histological features such as epidermal thinning, dermal-epidermal junction ",Draft conclusion: this record can inform Retinoids and Photoaging but requires full-text review before public claims.,中文草稿结论：该记录可作为「维A酸/视黄醇类与光老化」的候选证据，但正式结论需要全文复核。,C,abstract_plus_open_pmc_available,可支持：将该记录作为「维A酸/视黄醇类与光老化」的候选证据，并按 S1 皮肤终点继续复核。,不支持：不能据此声称逆龄、延寿、替代治疗，或给出产品/剂量/疗程建议。,处方维A酸、孕期、敏感肌和皮肤病人群需要医生评估；不提供浓度和用法建议。,true,medium,public_draft_not_fully_reviewed,2026-04-28,https://pubmed.ncbi.nlm.nih.gov/39128883/,v0.5_GRADE_RoB_AMSTAR_bibliometrics_venue,14,15,9,10,6,-3,52,9,NIH_iCite_RCR; OpenAlex_cited_by_count,RCR=NA; cited_by=23,JCR IF not auto-imported; journal-level IF is intentionally separated from article-level citation signals.,https://openalex.org/W4401498020,23,,domain_screen,not_assessed_public_draft,not_applicable,possible,possible,max_level_A,C,v0.5 综合评分：研究设计、终点价值、人类相关性、来源深度、RCR/OpenAlex 引用信号、发表地/期刊层级和风险扣分；期刊层级 C_indexed_or_identified 加 1 分；当前上限规则为 max_level_A，最终等级 C。,"v0.5 hybrid score using design, endpoint value, human relevance, source depth, RCR/OpenAlex signals, publication venue tier, and risk adjustments; venue tier C_indexed_or_identified adds 1; cap rule max_level_A; final level C.",C_indexed_or_identified,1,"Indexed or DOI/PMID-identifiable venue, but not in the curated high-weight venue list."
skin-retinoids-photoaging-010,pubmed-38820663,38820663,10.1016/j.phymed.2024.155676,PubMed,retinoids-photoaging,维A酸/视黄醇类与光老化,Retinoids and Photoaging,Salvianolic acid B protects against UVB-induced skin aging via activation of NRF2.,,2024,Phytomedicine : international journal of phytotherapy and phytopharmacology,preclinical_or_mechanistic,topical_prescription_or_cosmeceutical,S2,photoaging,"Prolonged exposure to sun radiation may result in harmful skin photoaging. Therefore, discovering novel anti-photoaging treatment modalities is critical. An active component isolated from Salvia miltiorrhiza (SM), Salvianolic acid B (Sal-B), is a robust antioxidant and anti-inflammatory agent. This investigation aimed to discover the therapeutic impact and pathways of salvianolic acid B for UVB-induced skin photoaging, an area that remains unexplored. We conducted in vitro experiments on human dermal fibroblasts (HDFs) exposed to UVB radiation, assessing cellular senescence, superoxide dismutase (SOD) activity, cell viability, proliferation, migration, levels of reactive oxygen species (ROS), and mitochondrial health. The potential mechanism of Sal-B was analyzed using RNA sequencing, with further validation through Western blotting, PCR, and nuclear factor erythroid 2-related factor 2 (","中文草稿：该记录属于「维A酸/视黄醇类与光老化」主题，当前抽取到的英文摘要/题录结果为：Prolonged exposure to sun radiation may result in harmful skin photoaging. Therefore, discovering novel anti-photoaging treatment modalities is critical. An active component isolated from Salvia miltiorrhiza (SM), Salvianolic acid B (Sal-B), is a robust antioxidant and anti-inflammatory agent. This investigation aimed to discover the therapeutic impact and pathways of salvianolic acid B for UVB-induced skin photoagin",Draft conclusion: this record can inform Retinoids and Photoaging but requires full-text review before public claims.,中文草稿结论：该记录可作为「维A酸/视黄醇类与光老化」的候选证据，但正式结论需要全文复核。,D,abstract_only,可支持：将该记录作为「维A酸/视黄醇类与光老化」的候选证据，并按 S2 皮肤终点继续复核。,不支持：不能据此声称逆龄、延寿、替代治疗，或给出产品/剂量/疗程建议。,处方维A酸、孕期、敏感肌和皮肤病人群需要医生评估；不提供浓度和用法建议。,true,medium,public_draft_not_fully_reviewed,2026-04-28,https://pubmed.ncbi.nlm.nih.gov/38820663/,v0.5_GRADE_RoB_AMSTAR_bibliometrics_venue,11,8,15,7,8,-7,46,11,NIH_iCite_RCR; OpenAlex_cited_by_count,RCR=NA; cited_by=51,JCR IF not auto-imported; journal-level IF is intentionally separated from article-level citation signals.,https://openalex.org/W4396950965,51,,Cochrane RoB 2,not_assessed_public_draft,not_applicable,possible,possible,max_level_D,D,v0.5 综合评分：研究设计、终点价值、人类相关性、来源深度、RCR/OpenAlex 引用信号、发表地/期刊层级和风险扣分；期刊层级 B_reputable_specialty_or_broad 加 4 分；当前上限规则为 max_level_D，最终等级 D。,"v0.5 hybrid score using design, endpoint value, human relevance, source depth, RCR/OpenAlex signals, publication venue tier, and risk adjustments; venue tier B_reputable_specialty_or_broad adds 4; cap rule max_level_D; final level D.",B_reputable_specialty_or_broad,4,"Indexed specialty or broad journal commonly seen in the atlas. Useful signal, but article-level quality still decides."
skin-retinoids-photoaging-011,pubmed-40145274,40145274,10.1111/jocd.70133,PubMed,retinoids-photoaging,维A酸/视黄醇类与光老化,Retinoids and Photoaging,Treatment of Solar Lentigines: A Systematic Review of Clinical Trials.,,2025,Journal of cosmetic dermatology,systematic_review_or_meta_analysis,topical_prescription_or_cosmeceutical,S1,"pigmentation, photoaging","Solar lentigines, resulting from chronic UV exposure, are early signs of photoaging and can significantly affect individuals. This systematic review evaluates the efficacy, safety, and tolerability of treatments for solar lentigines in light of a lack of conclusive evidence regarding optimal therapy options. A systematic search of PubMed/Medline, EMBASE, Cochrane Library, and clinicaltrials.gov was conducted to identify relevant clinical trials published up to December 7, 2023. Inclusion criteria encompassed studies with patients diagnosed with solar lentigines, employing clinical trial methodologies and reporting clinical outcomes. Study quality was assessed using the Cochrane tool. Forty-one clinical trials involving 3234 patients aged 24-92 years were included. The most common effective topical treatment was a combination of mequinol 2% and tretinoin 0.01%, achieving efficacy rates be","中文草稿：该记录属于「维A酸/视黄醇类与光老化」主题，当前抽取到的英文摘要/题录结果为：Solar lentigines, resulting from chronic UV exposure, are early signs of photoaging and can significantly affect individuals. This systematic review evaluates the efficacy, safety, and tolerability of treatments for solar lentigines in light of a lack of conclusive evidence regarding optimal therapy options. A systematic search of PubMed/Medline, EMBASE, Cochrane Library, and clinicaltrials.gov was conducted to ident",Draft conclusion: this record can inform Retinoids and Photoaging but requires full-text review before public claims.,中文草稿结论：该记录可作为「维A酸/视黄醇类与光老化」的候选证据，但正式结论需要全文复核。,A,abstract_plus_open_pmc_available,可支持：将该记录作为「维A酸/视黄醇类与光老化」的候选证据，并按 S1 皮肤终点继续复核。,不支持：不能据此声称逆龄、延寿、替代治疗，或给出产品/剂量/疗程建议。,处方维A酸、孕期、敏感肌和皮肤病人群需要医生评估；不提供浓度和用法建议。,true,medium,public_draft_not_fully_reviewed,2026-04-28,https://pubmed.ncbi.nlm.nih.gov/40145274/,v0.5_GRADE_RoB_AMSTAR_bibliometrics_venue,34,15,9,10,6,-3,72,3,NIH_iCite_RCR; OpenAlex_cited_by_count,RCR=NA; cited_by=2,JCR IF not auto-imported; journal-level IF is intentionally separated from article-level citation signals.,https://openalex.org/W4408922028,2,,AMSTAR 2,not_assessed_public_draft,not_assessed_public_draft,possible,possible,max_level_B,B,v0.5 综合评分：研究设计、终点价值、人类相关性、来源深度、RCR/OpenAlex 引用信号、发表地/期刊层级和风险扣分；期刊层级 C_indexed_or_identified 加 1 分；当前上限规则为 max_level_B，最终等级 B。,"v0.5 hybrid score using design, endpoint value, human relevance, source depth, RCR/OpenAlex signals, publication venue tier, and risk adjustments; venue tier C_indexed_or_identified adds 1; cap rule max_level_B; final level B.",C_indexed_or_identified,1,"Indexed or DOI/PMID-identifiable venue, but not in the curated high-weight venue list."
skin-retinoids-photoaging-012,pubmed-31616211,31616211,10.5114/ada.2019.87443,PubMed,retinoids-photoaging,维A酸/视黄醇类与光老化,Retinoids and Photoaging,Retinoids: active molecules influencing skin structure formation in cosmetic and dermatological treatments.,,2019,Postepy dermatologii i alergologii,review,topical_prescription_or_cosmeceutical,S1,"wrinkle, transepidermal","Vitamin A is the first vitamin approved by the Food and Drug Administration as an anti-wrinkle agent that changes appearance of the skin surface and has anti-aging effects. Vitamin A is in a group of fat-soluble substances and belongs to the category of retinoids. Apart from retinol, that group includes structurally related substances with the biological properties of retinol. Since the biological activity of the substances differs, for the purpose of standardization, it is given in retinol equivalents. Vitamin A and its derivatives are among the most effective substances slowing the aging process. Retinoids regulate the cell apoptosis, differentiation and proliferation. Anti-wrinkle properties of retinoids promote keratinocytes proliferation, strengthen the protective function of the epidermis, restrain transepidermal water loss, protect collagen against degradation and inhibit metallop","中文草稿：该记录属于「维A酸/视黄醇类与光老化」主题，当前抽取到的英文摘要/题录结果为：Vitamin A is the first vitamin approved by the Food and Drug Administration as an anti-wrinkle agent that changes appearance of the skin surface and has anti-aging effects. Vitamin A is in a group of fat-soluble substances and belongs to the category of retinoids. Apart from retinol, that group includes structurally related substances with the biological properties of retinol. Since the biological activity of the sub",Draft conclusion: this record can inform Retinoids and Photoaging but requires full-text review before public claims.,中文草稿结论：该记录可作为「维A酸/视黄醇类与光老化」的候选证据，但正式结论需要全文复核。,C,abstract_plus_open_pmc_available,可支持：将该记录作为「维A酸/视黄醇类与光老化」的候选证据，并按 S1 皮肤终点继续复核。,不支持：不能据此声称逆龄、延寿、替代治疗，或给出产品/剂量/疗程建议。,处方维A酸、孕期、敏感肌和皮肤病人群需要医生评估；不提供浓度和用法建议。,true,medium,public_draft_not_fully_reviewed,2026-04-28,https://pubmed.ncbi.nlm.nih.gov/31616211/,v0.5_GRADE_RoB_AMSTAR_bibliometrics_venue,14,15,9,10,10,-3,56,15,NIH_iCite_RCR; OpenAlex_cited_by_count,RCR=NA; cited_by=287,JCR IF not auto-imported; journal-level IF is intentionally separated from article-level citation signals.,https://openalex.org/W2980159232,287,,domain_screen,not_assessed_public_draft,not_applicable,possible,possible,max_level_A,C,v0.5 综合评分：研究设计、终点价值、人类相关性、来源深度、RCR/OpenAlex 引用信号、发表地/期刊层级和风险扣分；期刊层级 C_indexed_or_identified 加 1 分；当前上限规则为 max_level_A，最终等级 C。,"v0.5 hybrid score using design, endpoint value, human relevance, source depth, RCR/OpenAlex signals, publication venue tier, and risk adjustments; venue tier C_indexed_or_identified adds 1; cap rule max_level_A; final level C.",C_indexed_or_identified,1,"Indexed or DOI/PMID-identifiable venue, but not in the curated high-weight venue list."
skin-retinoids-photoaging-013,pubmed-33206444,33206444,10.1111/jocd.13852,PubMed,retinoids-photoaging,维A酸/视黄醇类与光老化,Retinoids and Photoaging,Retinoid stability and degradation kinetics in commercial cosmetic products.,,2021,Journal of cosmetic dermatology,human_or_mixed_observational,topical_prescription_or_cosmeceutical,S1,acne,"Retinoids as dermatological agents are effective against acne, psoriasis, skin aging, and other skin conditions. However, their susceptibility to degradation is a limiting factor for their widespread use. Within this study, we aimed to provide comprehensive and evidence-based information on retinoid stability and degradation kinetics in commercial cosmetics, focusing on different factors affecting their stability. A validated HPLC-UV methodology was utilized for determination of the most common retinoids in cosmetics (retinol, retinyl palmitate, β-carotene) and a newer promising retinoid (hydroxypinacolone retinoate). The stability of 16 retinoid derivatives in 12 commercial cosmetics was evaluated within 6 months of long-term and accelerated stability testing in addition to a one-week photostability study. Retinoid degradation in the tested formulations followed first-order kinetics, wh","中文草稿：该记录属于「维A酸/视黄醇类与光老化」主题，当前抽取到的英文摘要/题录结果为：Retinoids as dermatological agents are effective against acne, psoriasis, skin aging, and other skin conditions. However, their susceptibility to degradation is a limiting factor for their widespread use. Within this study, we aimed to provide comprehensive and evidence-based information on retinoid stability and degradation kinetics in commercial cosmetics, focusing on different factors affecting their stability. A ",Draft conclusion: this record can inform Retinoids and Photoaging but requires full-text review before public claims.,中文草稿结论：该记录可作为「维A酸/视黄醇类与光老化」的候选证据，但正式结论需要全文复核。,C,abstract_only,可支持：将该记录作为「维A酸/视黄醇类与光老化」的候选证据，并按 S1 皮肤终点继续复核。,不支持：不能据此声称逆龄、延寿、替代治疗，或给出产品/剂量/疗程建议。,处方维A酸、孕期、敏感肌和皮肤病人群需要医生评估；不提供浓度和用法建议。,true,medium,public_draft_not_fully_reviewed,2026-04-28,https://pubmed.ncbi.nlm.nih.gov/33206444/,v0.5_GRADE_RoB_AMSTAR_bibliometrics_venue,18,15,15,7,8,-7,57,12,NIH_iCite_RCR; OpenAlex_cited_by_count,RCR=NA; cited_by=55,JCR IF not auto-imported; journal-level IF is intentionally separated from article-level citation signals.,https://openalex.org/W3104504262,55,,ROBINS-I,not_assessed_public_draft,not_applicable,possible,possible,max_level_A,C,v0.5 综合评分：研究设计、终点价值、人类相关性、来源深度、RCR/OpenAlex 引用信号、发表地/期刊层级和风险扣分；期刊层级 C_indexed_or_identified 加 1 分；当前上限规则为 max_level_A，最终等级 C。,"v0.5 hybrid score using design, endpoint value, human relevance, source depth, RCR/OpenAlex signals, publication venue tier, and risk adjustments; venue tier C_indexed_or_identified adds 1; cap rule max_level_A; final level C.",C_indexed_or_identified,1,"Indexed or DOI/PMID-identifiable venue, but not in the curated high-weight venue list."
skin-retinoids-photoaging-014,pubmed-36220974,36220974,10.1080/17425247.2020.1772750,PubMed,retinoids-photoaging,维A酸/视黄醇类与光老化,Retinoids and Photoaging,Use of Retinoids in Topical Antiaging Treatments: A Focused Review of Clinical Evidence for Conventional and Nanoformulations.,,2022,Advances in therapy,randomized_or_clinical_trial,topical_prescription_or_cosmeceutical,S1,"wrinkle, pigmentation, acne","Nowadays, numerous skincare routines are used to rejuvenate aging skin. Retinoids are one of the most popular ingredients used in antiaging treatments. Among the representatives of retinoids, tretinoin is considered the most effective agent with proven antiaging effects on the skin and can be found in formulations approved as medicines for topical treatment of acne, facial wrinkles, and hyperpigmentation. Other retinoids present in topical medicines are used for various indications, but only tazarotene is also approved as adjunctive agent for treatment of facial fine wrinkling and pigmentation. The most commonly used retinoids such as retinol, retinaldehyde, and retinyl palmitate are contained in cosmeceuticals regulated as cosmetics. Since clinical efficacy studies are not required for marketing cosmetic formulations, there are concerns about the efficacy of these retinoids. From a form","中文草稿：该记录属于「维A酸/视黄醇类与光老化」主题，当前抽取到的英文摘要/题录结果为：Nowadays, numerous skincare routines are used to rejuvenate aging skin. Retinoids are one of the most popular ingredients used in antiaging treatments. Among the representatives of retinoids, tretinoin is considered the most effective agent with proven antiaging effects on the skin and can be found in formulations approved as medicines for topical treatment of acne, facial wrinkles, and hyperpigmentation. Other retin",Draft conclusion: this record can inform Retinoids and Photoaging but requires full-text review before public claims.,中文草稿结论：该记录可作为「维A酸/视黄醇类与光老化」的候选证据，但正式结论需要全文复核。,B,abstract_plus_open_pmc_available,可支持：将该记录作为「维A酸/视黄醇类与光老化」的候选证据，并按 S1 皮肤终点继续复核。,不支持：不能据此声称逆龄、延寿、替代治疗，或给出产品/剂量/疗程建议。,处方维A酸、孕期、敏感肌和皮肤病人群需要医生评估；不提供浓度和用法建议。,true,medium,public_draft_not_fully_reviewed,2026-04-28,https://pubmed.ncbi.nlm.nih.gov/36220974/,v0.5_GRADE_RoB_AMSTAR_bibliometrics_venue,29,15,15,10,8,-3,75,11,NIH_iCite_RCR; OpenAlex_cited_by_count,RCR=NA; cited_by=46,JCR IF not auto-imported; journal-level IF is intentionally separated from article-level citation signals.,https://openalex.org/W3026743492,46,,Cochrane RoB 2,not_assessed_public_draft,not_applicable,possible,possible,max_level_A,B,v0.5 综合评分：研究设计、终点价值、人类相关性、来源深度、RCR/OpenAlex 引用信号、发表地/期刊层级和风险扣分；期刊层级 C_indexed_or_identified 加 1 分；当前上限规则为 max_level_A，最终等级 B。,"v0.5 hybrid score using design, endpoint value, human relevance, source depth, RCR/OpenAlex signals, publication venue tier, and risk adjustments; venue tier C_indexed_or_identified adds 1; cap rule max_level_A; final level B.",C_indexed_or_identified,1,"Indexed or DOI/PMID-identifiable venue, but not in the curated high-weight venue list."
skin-retinoids-photoaging-015,pubmed-24891052,24891052,10.1016/j.det.2014.03.015,PubMed,retinoids-photoaging,维A酸/视黄醇类与光老化,Retinoids and Photoaging,Photoaging.,,2014,Dermatologic clinics,review,topical_prescription_or_cosmeceutical,S1,"elasticity, pigmentation, photoaging","This article discusses photoaging or premature skin aging from chronic ultraviolet exposure. This is an important cosmetic concern for many dermatologic patients. Clinical signs include rhytids, lentigines, mottled hyperpigmentation, loss of translucency, and decreased elasticity. These changes are more severe in individuals with fair skin and are further influenced by individual ethnicity and genetics. Photoaging may be prevented and treated with a variety of modalities, including topical retinoids, cosmeceuticals, chemical peels, injectable neuromodulators, soft tissue fillers, and light sources.","中文草稿：该记录属于「维A酸/视黄醇类与光老化」主题，当前抽取到的英文摘要/题录结果为：This article discusses photoaging or premature skin aging from chronic ultraviolet exposure. This is an important cosmetic concern for many dermatologic patients. Clinical signs include rhytids, lentigines, mottled hyperpigmentation, loss of translucency, and decreased elasticity. These changes are more severe in individuals with fair skin and are further influenced by individual ethnicity and genetics. Photoaging ma",Draft conclusion: this record can inform Retinoids and Photoaging but requires full-text review before public claims.,中文草稿结论：该记录可作为「维A酸/视黄醇类与光老化」的候选证据，但正式结论需要全文复核。,C,abstract_only,可支持：将该记录作为「维A酸/视黄醇类与光老化」的候选证据，并按 S1 皮肤终点继续复核。,不支持：不能据此声称逆龄、延寿、替代治疗，或给出产品/剂量/疗程建议。,处方维A酸、孕期、敏感肌和皮肤病人群需要医生评估；不提供浓度和用法建议。,true,medium,public_draft_not_fully_reviewed,2026-04-28,https://pubmed.ncbi.nlm.nih.gov/24891052/,v0.5_GRADE_RoB_AMSTAR_bibliometrics_venue,14,15,9,7,10,-7,49,15,NIH_iCite_RCR; OpenAlex_cited_by_count,RCR=NA; cited_by=183,JCR IF not auto-imported; journal-level IF is intentionally separated from article-level citation signals.,https://openalex.org/W4237329074,183,,domain_screen,not_assessed_public_draft,not_applicable,possible,possible,max_level_A,C,v0.5 综合评分：研究设计、终点价值、人类相关性、来源深度、RCR/OpenAlex 引用信号、发表地/期刊层级和风险扣分；期刊层级 C_indexed_or_identified 加 1 分；当前上限规则为 max_level_A，最终等级 C。,"v0.5 hybrid score using design, endpoint value, human relevance, source depth, RCR/OpenAlex signals, publication venue tier, and risk adjustments; venue tier C_indexed_or_identified adds 1; cap rule max_level_A; final level C.",C_indexed_or_identified,1,"Indexed or DOI/PMID-identifiable venue, but not in the curated high-weight venue list."
skin-retinoids-photoaging-016,pubmed-39348007,39348007,10.1016/j.recesp.2021.06.016,PubMed,retinoids-photoaging,维A酸/视黄醇类与光老化,Retinoids and Photoaging,Comparing Tretinoin to Other Topical Therapies in the Treatment of Skin Photoaging: A Systematic Review.,,2024,American journal of clinical dermatology,systematic_review_or_meta_analysis,topical_prescription_or_cosmeceutical,S1,photoaging,Many morphological and histological changes take place in aging skin. Topical tretinoin is the gold standard anti-aging agent used to reduce signs of aging through stimulation of epidermal growth and differentiation and inhibition of collagenase. The aim of this systematic review is to summarize studies evaluating the efficacy of tretinoin compared with other topical medications and cosmeceuticals in reducing the appearance of skin aging. A systematic review was conducted following the Preferred Reporting Items for Systematic Review and Meta-analysis (PRISMA) guidelines. The literature search was conducted using the PubMed and Embase databases from conception to December 2023. Studies were included if they compared anti-aging outcomes of topical medications with those of topical tretinoin (also called all-trans retinoic acid and retinoic acid). Studies were excluded if they compared non-,中文草稿：该记录属于「维A酸/视黄醇类与光老化」主题，当前抽取到的英文摘要/题录结果为：Many morphological and histological changes take place in aging skin. Topical tretinoin is the gold standard anti-aging agent used to reduce signs of aging through stimulation of epidermal growth and differentiation and inhibition of collagenase. The aim of this systematic review is to summarize studies evaluating the efficacy of tretinoin compared with other topical medications and cosmeceuticals in reducing the app,Draft conclusion: this record can inform Retinoids and Photoaging but requires full-text review before public claims.,中文草稿结论：该记录可作为「维A酸/视黄醇类与光老化」的候选证据，但正式结论需要全文复核。,A,abstract_plus_open_pmc_available,可支持：将该记录作为「维A酸/视黄醇类与光老化」的候选证据，并按 S1 皮肤终点继续复核。,不支持：不能据此声称逆龄、延寿、替代治疗，或给出产品/剂量/疗程建议。,处方维A酸、孕期、敏感肌和皮肤病人群需要医生评估；不提供浓度和用法建议。,true,medium,public_draft_not_fully_reviewed,2026-04-28,https://pubmed.ncbi.nlm.nih.gov/39348007/,v0.5_GRADE_RoB_AMSTAR_bibliometrics_venue,34,15,9,10,12,-3,78,15,NIH_iCite_RCR; OpenAlex_cited_by_count,RCR=NA; cited_by=1870,JCR IF not auto-imported; journal-level IF is intentionally separated from article-level citation signals.,https://openalex.org/W3191480438,1870,,AMSTAR 2,not_assessed_public_draft,not_assessed_public_draft,possible,possible,max_level_B,B,v0.5 综合评分：研究设计、终点价值、人类相关性、来源深度、RCR/OpenAlex 引用信号、发表地/期刊层级和风险扣分；期刊层级 C_indexed_or_identified 加 1 分；当前上限规则为 max_level_B，最终等级 B。,"v0.5 hybrid score using design, endpoint value, human relevance, source depth, RCR/OpenAlex signals, publication venue tier, and risk adjustments; venue tier C_indexed_or_identified adds 1; cap rule max_level_B; final level B.",C_indexed_or_identified,1,"Indexed or DOI/PMID-identifiable venue, but not in the curated high-weight venue list."
skin-retinoids-photoaging-017,pubmed-38758222,38758222,10.1016/j.jdermsci.2006.07.001,PubMed,retinoids-photoaging,维A酸/视黄醇类与光老化,Retinoids and Photoaging,Cosmeceuticals for antiaging: a systematic review of safety and efficacy.,,2024,Archives of dermatological research,systematic_review_or_meta_analysis,topical_prescription_or_cosmeceutical,M,skin aging endpoint pending review,"Cosmeceuticals, the bridge between pharmaceuticals and cosmetics, contain biologically active ingredients that may improve the skin's overall appearance. As the market, accessibility, and popularity of cosmeceuticals increase, it is essential to understand the safety and efficacy of such products. This systematic review aims to examine published clinical studies involving the use of cosmeceuticals for antiaging to provide evidence-based recommendations based on available efficacy and safety data. PubMed, Embase, and Cochrane were systematically searched on January 1, 2023 using PRISMA guidelines. Strength of evidence was graded using the Oxford Centre for Evidence-Based Medicine guidelines. Clinical recommendations were made based on the quality of the existing literature. A total of 153 articles regarding the use of cosmeceuticals for treatment of antiaging were identified. After screen","中文草稿：该记录属于「维A酸/视黄醇类与光老化」主题，当前抽取到的英文摘要/题录结果为：Cosmeceuticals, the bridge between pharmaceuticals and cosmetics, contain biologically active ingredients that may improve the skin's overall appearance. As the market, accessibility, and popularity of cosmeceuticals increase, it is essential to understand the safety and efficacy of such products. This systematic review aims to examine published clinical studies involving the use of cosmeceuticals for antiaging to pr",Draft conclusion: this record can inform Retinoids and Photoaging but requires full-text review before public claims.,中文草稿结论：该记录可作为「维A酸/视黄醇类与光老化」的候选证据，但正式结论需要全文复核。,D,abstract_plus_open_pmc_available,可支持：将该记录作为「维A酸/视黄醇类与光老化」的候选证据，并按 M 皮肤终点继续复核。,不支持：不能据此声称逆龄、延寿、替代治疗，或给出产品/剂量/疗程建议。,处方维A酸、孕期、敏感肌和皮肤病人群需要医生评估；不提供浓度和用法建议。,true,medium,public_draft_not_fully_reviewed,2026-04-28,https://pubmed.ncbi.nlm.nih.gov/38758222/,v0.5_GRADE_RoB_AMSTAR_bibliometrics_venue,34,5,9,10,8,-3,64,13,NIH_iCite_RCR; OpenAlex_cited_by_count,RCR=NA; cited_by=84,JCR IF not auto-imported; journal-level IF is intentionally separated from article-level citation signals.,https://openalex.org/W2061583258,84,,AMSTAR 2,not_assessed_public_draft,not_assessed_public_draft,possible,possible,max_level_D,D,v0.5 综合评分：研究设计、终点价值、人类相关性、来源深度、RCR/OpenAlex 引用信号、发表地/期刊层级和风险扣分；期刊层级 C_indexed_or_identified 加 1 分；当前上限规则为 max_level_D，最终等级 D。,"v0.5 hybrid score using design, endpoint value, human relevance, source depth, RCR/OpenAlex signals, publication venue tier, and risk adjustments; venue tier C_indexed_or_identified adds 1; cap rule max_level_D; final level D.",C_indexed_or_identified,1,"Indexed or DOI/PMID-identifiable venue, but not in the curated high-weight venue list."
skin-retinoids-photoaging-018,pubmed-17515510,17515510,10.1001/archderm.143.5.606,PubMed,retinoids-photoaging,维A酸/视黄醇类与光老化,Retinoids and Photoaging,Improvement of naturally aged skin with vitamin A (retinol).,,2007,Archives of dermatology,randomized_or_clinical_trial,topical_prescription_or_cosmeceutical,S1,wrinkle,"To evaluate the effectiveness of topical retinol (vitamin A) in improving the clinical signs of naturally aged skin. Randomized, double-blind, vehicle-controlled, left and right arm comparison study. Academic referral center. The study population comprised 36 elderly subjects (mean age, 87 years), residing in 2 senior citizen facilities. Topical 0.4% retinol lotion or its vehicle was applied at each visit by study personnel to either the right or the left arm, up to 3 times a week for 24 weeks. Clinical assessment using a semiquantitative scale (0, none; 9, most severe) and biochemical measurements from skin biopsy specimens obtained from treated areas. After 24 weeks, an intent-to-treat analysis using the last-observation-carried-forward method revealed that there were significant differences between retinol-treated and vehicle-treated skin for changes in fine wrinkling scores (-1.64 [9","中文草稿：该记录属于「维A酸/视黄醇类与光老化」主题，当前抽取到的英文摘要/题录结果为：To evaluate the effectiveness of topical retinol (vitamin A) in improving the clinical signs of naturally aged skin. Randomized, double-blind, vehicle-controlled, left and right arm comparison study. Academic referral center. The study population comprised 36 elderly subjects (mean age, 87 years), residing in 2 senior citizen facilities. Topical 0.4% retinol lotion or its vehicle was applied at each visit by study pe",Draft conclusion: this record can inform Retinoids and Photoaging but requires full-text review before public claims.,中文草稿结论：该记录可作为「维A酸/视黄醇类与光老化」的候选证据，但正式结论需要全文复核。,B,abstract_only,可支持：将该记录作为「维A酸/视黄醇类与光老化」的候选证据，并按 S1 皮肤终点继续复核。,不支持：不能据此声称逆龄、延寿、替代治疗，或给出产品/剂量/疗程建议。,处方维A酸、孕期、敏感肌和皮肤病人群需要医生评估；不提供浓度和用法建议。,true,medium,public_draft_not_fully_reviewed,2026-04-28,https://pubmed.ncbi.nlm.nih.gov/17515510/,v0.5_GRADE_RoB_AMSTAR_bibliometrics_venue,29,15,15,7,10,-7,70,15,NIH_iCite_RCR; OpenAlex_cited_by_count,RCR=NA; cited_by=233,JCR IF not auto-imported; journal-level IF is intentionally separated from article-level citation signals.,https://openalex.org/W2146581693,233,,Cochrane RoB 2,not_assessed_public_draft,not_applicable,possible,possible,max_level_A,B,v0.5 综合评分：研究设计、终点价值、人类相关性、来源深度、RCR/OpenAlex 引用信号、发表地/期刊层级和风险扣分；期刊层级 C_indexed_or_identified 加 1 分；当前上限规则为 max_level_A，最终等级 B。,"v0.5 hybrid score using design, endpoint value, human relevance, source depth, RCR/OpenAlex signals, publication venue tier, and risk adjustments; venue tier C_indexed_or_identified adds 1; cap rule max_level_A; final level B.",C_indexed_or_identified,1,"Indexed or DOI/PMID-identifiable venue, but not in the curated high-weight venue list."
skin-retinoids-photoaging-019,pubmed-7984345,7984345,10.1111/j.1753-4887.1994.tb01461.x,PubMed,retinoids-photoaging,维A酸/视黄醇类与光老化,Retinoids and Photoaging,Retinoids and the skin.,,1994,Nutrition reviews,review,topical_prescription_or_cosmeceutical,S1,"photoaging, acne","Retinoids are a group of naturally occurring and synthetic compounds with vitamin A-like biological activity. They play an important role in vision, reproduction, growth, and epithelial cell differentiation. Recent discoveries of specific retinoid cellular binding proteins and nuclear receptors have led to a better (although not complete) understanding of the complex mechanisms of retinoid action. Numerous clinical studies have demonstrated beneficial effects of retinoids on skin diseases such as acne, psoriasis, ichthyoses, keratodermas, skin cancers and their precursors, as well as a reversal of the effects of photoaging.","中文草稿：该记录属于「维A酸/视黄醇类与光老化」主题，当前抽取到的英文摘要/题录结果为：Retinoids are a group of naturally occurring and synthetic compounds with vitamin A-like biological activity. They play an important role in vision, reproduction, growth, and epithelial cell differentiation. Recent discoveries of specific retinoid cellular binding proteins and nuclear receptors have led to a better (although not complete) understanding of the complex mechanisms of retinoid action. Numerous clinical s",Draft conclusion: this record can inform Retinoids and Photoaging but requires full-text review before public claims.,中文草稿结论：该记录可作为「维A酸/视黄醇类与光老化」的候选证据，但正式结论需要全文复核。,C,abstract_only,可支持：将该记录作为「维A酸/视黄醇类与光老化」的候选证据，并按 S1 皮肤终点继续复核。,不支持：不能据此声称逆龄、延寿、替代治疗，或给出产品/剂量/疗程建议。,处方维A酸、孕期、敏感肌和皮肤病人群需要医生评估；不提供浓度和用法建议。,true,medium,public_draft_not_fully_reviewed,2026-04-28,https://pubmed.ncbi.nlm.nih.gov/7984345/,v0.5_GRADE_RoB_AMSTAR_bibliometrics_venue,14,15,9,7,8,-7,47,11,NIH_iCite_RCR; OpenAlex_cited_by_count,RCR=NA; cited_by=40,JCR IF not auto-imported; journal-level IF is intentionally separated from article-level citation signals.,https://openalex.org/W2023904173,40,,domain_screen,not_assessed_public_draft,not_applicable,possible,possible,max_level_A,D,v0.5 综合评分：研究设计、终点价值、人类相关性、来源深度、RCR/OpenAlex 引用信号、发表地/期刊层级和风险扣分；期刊层级 C_indexed_or_identified 加 1 分；当前上限规则为 max_level_A，最终等级 D。,"v0.5 hybrid score using design, endpoint value, human relevance, source depth, RCR/OpenAlex signals, publication venue tier, and risk adjustments; venue tier C_indexed_or_identified adds 1; cap rule max_level_A; final level D.",C_indexed_or_identified,1,"Indexed or DOI/PMID-identifiable venue, but not in the curated high-weight venue list."
skin-retinoids-photoaging-020,pubmed-40707570,40707570,10.1038/s41598-025-12597-0,PubMed,retinoids-photoaging,维A酸/视黄醇类与光老化,Retinoids and Photoaging,Comparative efficacy of topical interventions for facial photoaging: a network meta-analysis.,,2025,Scientific reports,systematic_review_or_meta_analysis,topical_prescription_or_cosmeceutical,S1,"wrinkle, elasticity, pigmentation, photoaging, roughness","Chronic ultraviolet (UV) exposure is the primary cause of skin photoaging, leading to wrinkles, pigmentation changes, and loss of dermal elasticity. This systematic review and network meta-analysis evaluated the efficacy and safety of topical compounds for treating skin photoaging. A comprehensive search identified 23 RCTs with 3905 participants, comparing anti-aging agents. Bayesian network meta-analysis showed isotretinoin, retinol, and tretinoin significantly improved fine wrinkles, with isotretinoin ranked highest. Tazarotene was most effective for coarse wrinkles, while glycolic acid reduced roughness. Tretinoin and retinol were superior for hyperpigmentation. Safety analysis indicated tretinoin had the most favorable profile, whereas tazarotene and glycolic acid had higher adverse event risks. Isotretinoin and tretinoin emerged as the most balanced treatments across efficacy and sa","中文草稿：该记录属于「维A酸/视黄醇类与光老化」主题，当前抽取到的英文摘要/题录结果为：Chronic ultraviolet (UV) exposure is the primary cause of skin photoaging, leading to wrinkles, pigmentation changes, and loss of dermal elasticity. This systematic review and network meta-analysis evaluated the efficacy and safety of topical compounds for treating skin photoaging. A comprehensive search identified 23 RCTs with 3905 participants, comparing anti-aging agents. Bayesian network meta-analysis showed isot",Draft conclusion: this record can inform Retinoids and Photoaging but requires full-text review before public claims.,中文草稿结论：该记录可作为「维A酸/视黄醇类与光老化」的候选证据，但正式结论需要全文复核。,A,abstract_plus_open_pmc_available,可支持：将该记录作为「维A酸/视黄醇类与光老化」的候选证据，并按 S1 皮肤终点继续复核。,不支持：不能据此声称逆龄、延寿、替代治疗，或给出产品/剂量/疗程建议。,处方维A酸、孕期、敏感肌和皮肤病人群需要医生评估；不提供浓度和用法建议。,true,medium,public_draft_not_fully_reviewed,2026-04-28,https://pubmed.ncbi.nlm.nih.gov/40707570/,v0.5_GRADE_RoB_AMSTAR_bibliometrics_venue,34,15,9,10,6,-3,75,3,NIH_iCite_RCR; OpenAlex_cited_by_count,RCR=NA; cited_by=2,JCR IF not auto-imported; journal-level IF is intentionally separated from article-level citation signals.,https://openalex.org/W4412643973,2,,AMSTAR 2,not_assessed_public_draft,not_assessed_public_draft,possible,possible,max_level_B,B,v0.5 综合评分：研究设计、终点价值、人类相关性、来源深度、RCR/OpenAlex 引用信号、发表地/期刊层级和风险扣分；期刊层级 B_reputable_specialty_or_broad 加 4 分；当前上限规则为 max_level_B，最终等级 B。,"v0.5 hybrid score using design, endpoint value, human relevance, source depth, RCR/OpenAlex signals, publication venue tier, and risk adjustments; venue tier B_reputable_specialty_or_broad adds 4; cap rule max_level_B; final level B.",B_reputable_specialty_or_broad,4,"Indexed specialty or broad journal commonly seen in the atlas. Useful signal, but article-level quality still decides."
skin-niacinamide-barrier-pigment-001,pubmed-37619764,37619764,10.1016/j.jdermsci.2022.05.002,PubMed,niacinamide-barrier-pigment,烟酰胺与屏障/色素/炎症,"Niacinamide for Barrier, Pigment, and Inflammation",The Safety and Antiaging Effects of Nicotinamide Mononucleotide in Human Clinical Trials: an Update.,,2023,"Advances in nutrition (Bethesda, Md.)",randomized_or_clinical_trial,topical_or_oral,S2,skin aging endpoint pending review,"The importance of nicotinamide adenine dinucleotide (NAD+) in human physiology is well recognized. As the NAD+ concentration in human skin, blood, liver, muscle, and brain are thought to decrease with age, finding ways to increase NAD+ status could possibly influence the aging process and associated metabolic sequelae. Nicotinamide mononucleotide (NMN) is a precursor for NAD+ biosynthesis, and in vitro/in vivo studies have demonstrated that NMN supplementation increases NAD+ concentration and could mitigate aging-related disorders such as oxidative stress, DNA damage, neurodegeneration, and inflammatory responses. The promotion of NMN as an antiaging health supplement has gained popularity due to such findings; however, since most studies evaluating the effects of NMN have been conducted in cell or animal models, a concern remains regarding the safety and physiological effects of NMN sup","中文草稿：该记录属于「烟酰胺与屏障/色素/炎症」主题，当前抽取到的英文摘要/题录结果为：The importance of nicotinamide adenine dinucleotide (NAD+) in human physiology is well recognized. As the NAD+ concentration in human skin, blood, liver, muscle, and brain are thought to decrease with age, finding ways to increase NAD+ status could possibly influence the aging process and associated metabolic sequelae. Nicotinamide mononucleotide (NMN) is a precursor for NAD+ biosynthesis, and in vitro/in vivo studie","Draft conclusion: this record can inform Niacinamide for Barrier, Pigment, and Inflammation but requires full-text review before public claims.",中文草稿结论：该记录可作为「烟酰胺与屏障/色素/炎症」的候选证据，但正式结论需要全文复核。,D,abstract_plus_open_pmc_available,可支持：将该记录作为「烟酰胺与屏障/色素/炎症」的候选证据，并按 S2 皮肤终点继续复核。,不支持：不能据此声称逆龄、延寿、替代治疗，或给出产品/剂量/疗程建议。,可讨论皮肤指标，不支持宣传为全身抗衰或延寿。,false,medium,public_draft_not_fully_reviewed,2026-04-28,https://pubmed.ncbi.nlm.nih.gov/37619764/,v0.5_GRADE_RoB_AMSTAR_bibliometrics_venue,29,8,15,10,8,-3,68,10,NIH_iCite_RCR; OpenAlex_cited_by_count,RCR=NA; cited_by=34,JCR IF not auto-imported; journal-level IF is intentionally separated from article-level citation signals.,https://openalex.org/W4229019560,34,,Cochrane RoB 2,not_assessed_public_draft,not_applicable,possible,possible,max_level_D,D,v0.5 综合评分：研究设计、终点价值、人类相关性、来源深度、RCR/OpenAlex 引用信号、发表地/期刊层级和风险扣分；期刊层级 C_indexed_or_identified 加 1 分；当前上限规则为 max_level_D，最终等级 D。,"v0.5 hybrid score using design, endpoint value, human relevance, source depth, RCR/OpenAlex signals, publication venue tier, and risk adjustments; venue tier C_indexed_or_identified adds 1; cap rule max_level_D; final level D.",C_indexed_or_identified,1,"Indexed or DOI/PMID-identifiable venue, but not in the curated high-weight venue list."
skin-niacinamide-barrier-pigment-002,pubmed-34439563,34439563,10.1016/j.cell.2021.06.022,PubMed,niacinamide-barrier-pigment,烟酰胺与屏障/色素/炎症,"Niacinamide for Barrier, Pigment, and Inflammation",Mechanistic Basis and Clinical Evidence for the Applications of Nicotinamide (Niacinamide) to Control Skin Aging and Pigmentation.,,2021,"Antioxidants (Basel, Switzerland)",randomized_or_clinical_trial,topical_or_oral,S1,"pigmentation, barrier","Vitamin B3 (nicotinic acid, niacin) deficiency causes the systemic disease pellagra, which leads to dermatitis, diarrhea, dementia, and possibly death depending on its severity and duration. Vitamin B3 is used in the synthesis of the NAD+ family of coenzymes, contributing to cellular energy metabolism and defense systems. Although nicotinamide (niacinamide) is primarily used as a nutritional supplement for vitamin B3, its pharmaceutical and cosmeceutical uses have been extensively explored. In this review, we discuss the biological activities and cosmeceutical properties of nicotinamide in consideration of its metabolic pathways. Supplementation of nicotinamide restores cellular NAD+ pool and mitochondrial energetics, attenuates oxidative stress and inflammatory response, enhances extracellular matrix and skin barrier, and inhibits the pigmentation process in the skin. Topical treatment ","中文草稿：该记录属于「烟酰胺与屏障/色素/炎症」主题，当前抽取到的英文摘要/题录结果为：Vitamin B3 (nicotinic acid, niacin) deficiency causes the systemic disease pellagra, which leads to dermatitis, diarrhea, dementia, and possibly death depending on its severity and duration. Vitamin B3 is used in the synthesis of the NAD+ family of coenzymes, contributing to cellular energy metabolism and defense systems. Although nicotinamide (niacinamide) is primarily used as a nutritional supplement for vitamin B3","Draft conclusion: this record can inform Niacinamide for Barrier, Pigment, and Inflammation but requires full-text review before public claims.",中文草稿结论：该记录可作为「烟酰胺与屏障/色素/炎症」的候选证据，但正式结论需要全文复核。,B,abstract_plus_open_pmc_available,可支持：将该记录作为「烟酰胺与屏障/色素/炎症」的候选证据，并按 S1 皮肤终点继续复核。,不支持：不能据此声称逆龄、延寿、替代治疗，或给出产品/剂量/疗程建议。,可讨论皮肤指标，不支持宣传为全身抗衰或延寿。,false,medium,public_draft_not_fully_reviewed,2026-04-28,https://pubmed.ncbi.nlm.nih.gov/34439563/,v0.5_GRADE_RoB_AMSTAR_bibliometrics_venue,29,15,15,10,8,-3,75,12,NIH_iCite_RCR; OpenAlex_cited_by_count,RCR=NA; cited_by=68,JCR IF not auto-imported; journal-level IF is intentionally separated from article-level citation signals.,https://openalex.org/W3182612754,68,,Cochrane RoB 2,not_assessed_public_draft,not_applicable,possible,possible,max_level_A,B,v0.5 综合评分：研究设计、终点价值、人类相关性、来源深度、RCR/OpenAlex 引用信号、发表地/期刊层级和风险扣分；期刊层级 C_indexed_or_identified 加 1 分；当前上限规则为 max_level_A，最终等级 B。,"v0.5 hybrid score using design, endpoint value, human relevance, source depth, RCR/OpenAlex signals, publication venue tier, and risk adjustments; venue tier C_indexed_or_identified adds 1; cap rule max_level_A; final level B.",C_indexed_or_identified,1,"Indexed or DOI/PMID-identifiable venue, but not in the curated high-weight venue list."
skin-niacinamide-barrier-pigment-003,pubmed-38722460,38722460,10.1093/carcin/bgn248,PubMed,niacinamide-barrier-pigment,烟酰胺与屏障/色素/炎症,"Niacinamide for Barrier, Pigment, and Inflammation",Niacinamide: a review on dermal delivery strategies and clinical evidence.,,2024,Drug delivery and translational research,review,topical_or_oral,S1,"acne, barrier","Niacinamide, an active form of vitamin B3, is recognised for its significant dermal benefits including skin brightening, anti-ageing properties and the protection of the skin barrier. Its widespread incorporation into cosmetic products, ranging from cleansers to serums, is attributed to its safety profile and proven efficacy. Recently, topical niacinamide has also been explored for other pharmaceutical applications, including skin cancers. Therefore, a fundamental understanding of the skin permeation behaviour of niacinamide becomes crucial for formulation design. Given the paucity of a comprehensive review on this aspect, we provide insights into the mechanisms of action of topically applied niacinamide and share the current strategies used to enhance its skin permeation. This review also consolidates clinical evidence of topical niacinamide for its cosmeceutical uses and as treatment f","中文草稿：该记录属于「烟酰胺与屏障/色素/炎症」主题，当前抽取到的英文摘要/题录结果为：Niacinamide, an active form of vitamin B3, is recognised for its significant dermal benefits including skin brightening, anti-ageing properties and the protection of the skin barrier. Its widespread incorporation into cosmetic products, ranging from cleansers to serums, is attributed to its safety profile and proven efficacy. Recently, topical niacinamide has also been explored for other pharmaceutical applications, ","Draft conclusion: this record can inform Niacinamide for Barrier, Pigment, and Inflammation but requires full-text review before public claims.",中文草稿结论：该记录可作为「烟酰胺与屏障/色素/炎症」的候选证据，但正式结论需要全文复核。,C,abstract_plus_open_pmc_available,可支持：将该记录作为「烟酰胺与屏障/色素/炎症」的候选证据，并按 S1 皮肤终点继续复核。,不支持：不能据此声称逆龄、延寿、替代治疗，或给出产品/剂量/疗程建议。,可讨论皮肤指标，不支持宣传为全身抗衰或延寿。,false,medium,public_draft_not_fully_reviewed,2026-04-28,https://pubmed.ncbi.nlm.nih.gov/38722460/,v0.5_GRADE_RoB_AMSTAR_bibliometrics_venue,14,15,9,10,10,-3,56,14,NIH_iCite_RCR; OpenAlex_cited_by_count,RCR=NA; cited_by=134,JCR IF not auto-imported; journal-level IF is intentionally separated from article-level citation signals.,https://openalex.org/W2099980697,134,,domain_screen,not_assessed_public_draft,not_applicable,possible,possible,max_level_A,C,v0.5 综合评分：研究设计、终点价值、人类相关性、来源深度、RCR/OpenAlex 引用信号、发表地/期刊层级和风险扣分；期刊层级 C_indexed_or_identified 加 1 分；当前上限规则为 max_level_A，最终等级 C。,"v0.5 hybrid score using design, endpoint value, human relevance, source depth, RCR/OpenAlex signals, publication venue tier, and risk adjustments; venue tier C_indexed_or_identified adds 1; cap rule max_level_A; final level C.",C_indexed_or_identified,1,"Indexed or DOI/PMID-identifiable venue, but not in the curated high-weight venue list."
skin-niacinamide-barrier-pigment-004,pubmed-12100180,12100180,10.1046/j.1365-2133.2002.04834.x,PubMed,niacinamide-barrier-pigment,烟酰胺与屏障/色素/炎症,"Niacinamide for Barrier, Pigment, and Inflammation",The effect of niacinamide on reducing cutaneous pigmentation and suppression of melanosome transfer.,,2002,The British journal of dermatology,randomized_or_clinical_trial,topical_or_oral,S1,pigmentation,"Cutaneous hyperpigmentation occurs in multiple conditions. In addition, many Asian women desire a lighter skin colour. Thus, there is a need for the development of skin lightening agents. Niacinamide is a possible candidate. To investigate the effects of niacinamide on melanogenesis in vitro and on facial hyperpigmentation and skin colour in vivo in Japanese women. Melanin production was measured in a purified mushroom tyrosinase assay, cultured melanocytes, a keratinocyte/melanocyte coculture model, and a pigmented reconstructed epidermis (PREP) model. The clinical trials included 18 subjects with hyperpigmentation who used 5% niacinamide moisturizer and vehicle moisturizer in a paired design, and 120 subjects with facial tanning who were assigned to two of three treatments: vehicle, sunscreen and 2% niacinamide + sunscreen. Changes in facial hyperpigmentation and skin colour were objec","中文草稿：该记录属于「烟酰胺与屏障/色素/炎症」主题，当前抽取到的英文摘要/题录结果为：Cutaneous hyperpigmentation occurs in multiple conditions. In addition, many Asian women desire a lighter skin colour. Thus, there is a need for the development of skin lightening agents. Niacinamide is a possible candidate. To investigate the effects of niacinamide on melanogenesis in vitro and on facial hyperpigmentation and skin colour in vivo in Japanese women. Melanin production was measured in a purified mushro","Draft conclusion: this record can inform Niacinamide for Barrier, Pigment, and Inflammation but requires full-text review before public claims.",中文草稿结论：该记录可作为「烟酰胺与屏障/色素/炎症」的候选证据，但正式结论需要全文复核。,B,abstract_only,可支持：将该记录作为「烟酰胺与屏障/色素/炎症」的候选证据，并按 S1 皮肤终点继续复核。,不支持：不能据此声称逆龄、延寿、替代治疗，或给出产品/剂量/疗程建议。,可讨论皮肤指标，不支持宣传为全身抗衰或延寿。,false,medium,public_draft_not_fully_reviewed,2026-04-28,https://pubmed.ncbi.nlm.nih.gov/12100180/,v0.5_GRADE_RoB_AMSTAR_bibliometrics_venue,29,15,15,7,10,-7,76,15,NIH_iCite_RCR; OpenAlex_cited_by_count,RCR=NA; cited_by=458,JCR IF not auto-imported; journal-level IF is intentionally separated from article-level citation signals.,https://openalex.org/W2095289520,458,,Cochrane RoB 2,not_assessed_public_draft,not_applicable,possible,possible,max_level_A,B,v0.5 综合评分：研究设计、终点价值、人类相关性、来源深度、RCR/OpenAlex 引用信号、发表地/期刊层级和风险扣分；期刊层级 A_field_leading 加 7 分；当前上限规则为 max_level_A，最终等级 B。,"v0.5 hybrid score using design, endpoint value, human relevance, source depth, RCR/OpenAlex signals, publication venue tier, and risk adjustments; venue tier A_field_leading adds 7; cap rule max_level_A; final level B.",A_field_leading,7,"Leading aging, nutrition, metabolism, geriatrics, dermatology, or translational specialty venue."
skin-niacinamide-barrier-pigment-005,pubmed-16029679,16029679,10.1111/j.1524-4725.2005.31732,PubMed,niacinamide-barrier-pigment,烟酰胺与屏障/色素/炎症,"Niacinamide for Barrier, Pigment, and Inflammation",Niacinamide: A B vitamin that improves aging facial skin appearance.,,2005,Dermatologic surgery : official publication for American Society for Dermatologic Surgery [et al.],randomized_or_clinical_trial,topical_or_oral,S1,"wrinkle, elasticity, photoaging","In multiple chronic clinical studies, topical niacinamide (vitamin B3) has been observed to be well tolerated by skin and to provide a broad array of improvements in the appearance of aging facial skin (eg, reduction in the appearance of hyperpigmentated spots and red blotchiness). To clinically determine the effect of topical niacinamide on additional skin appearance and property end points (wrinkles, yellowing, and elasticity). Female white subjects (N = 50) with clinical signs of facial photoaging (fine lines and wrinkles, poor texture, and hyperpigmented spots) applied 5% niacinamide to half of the face and its vehicle control to the other half twice daily for 12 weeks (double blind, left-right randomized). Facial images and instrumental measures were obtained at baseline and at 4-week intervals. Analyses of the data revealed a variety of significant skin appearance improvement effec","中文草稿：该记录属于「烟酰胺与屏障/色素/炎症」主题，当前抽取到的英文摘要/题录结果为：In multiple chronic clinical studies, topical niacinamide (vitamin B3) has been observed to be well tolerated by skin and to provide a broad array of improvements in the appearance of aging facial skin (eg, reduction in the appearance of hyperpigmentated spots and red blotchiness). To clinically determine the effect of topical niacinamide on additional skin appearance and property end points (wrinkles, yellowing, and","Draft conclusion: this record can inform Niacinamide for Barrier, Pigment, and Inflammation but requires full-text review before public claims.",中文草稿结论：该记录可作为「烟酰胺与屏障/色素/炎症」的候选证据，但正式结论需要全文复核。,B,abstract_only,可支持：将该记录作为「烟酰胺与屏障/色素/炎症」的候选证据，并按 S1 皮肤终点继续复核。,不支持：不能据此声称逆龄、延寿、替代治疗，或给出产品/剂量/疗程建议。,可讨论皮肤指标，不支持宣传为全身抗衰或延寿。,false,medium,public_draft_not_fully_reviewed,2026-04-28,https://pubmed.ncbi.nlm.nih.gov/16029679/,v0.5_GRADE_RoB_AMSTAR_bibliometrics_venue,29,15,15,7,10,-7,70,15,NIH_iCite_RCR; OpenAlex_cited_by_count,RCR=NA; cited_by=185,JCR IF not auto-imported; journal-level IF is intentionally separated from article-level citation signals.,https://openalex.org/W2091371779,185,,Cochrane RoB 2,not_assessed_public_draft,not_applicable,possible,possible,max_level_A,B,v0.5 综合评分：研究设计、终点价值、人类相关性、来源深度、RCR/OpenAlex 引用信号、发表地/期刊层级和风险扣分；期刊层级 C_indexed_or_identified 加 1 分；当前上限规则为 max_level_A，最终等级 B。,"v0.5 hybrid score using design, endpoint value, human relevance, source depth, RCR/OpenAlex signals, publication venue tier, and risk adjustments; venue tier C_indexed_or_identified adds 1; cap rule max_level_A; final level B.",C_indexed_or_identified,1,"Indexed or DOI/PMID-identifiable venue, but not in the curated high-weight venue list."
skin-niacinamide-barrier-pigment-006,pubmed-17147561,17147561,10.1111/j.1473-2130.2004.00115.x,PubMed,niacinamide-barrier-pigment,烟酰胺与屏障/色素/炎症,"Niacinamide for Barrier, Pigment, and Inflammation",Nicotinic acid/niacinamide and the skin.,,2004,Journal of cosmetic dermatology,preclinical_or_mechanistic,topical_or_oral,S2,"wrinkle, transepidermal, acne, barrier","Nicotinic acid (also generally known as niacin) and niacinamide (also known as nicotinamide) are similarly effective as a vitamin because they can be converted into each other within the organism. The blanket term vitamin B(3) is used for both. Niacinamide is a component of important coenzymes involved in hydrogen transfer. Here, the two codehydrogenases, nicotinamide adenine dinucleotide (NAD) and nicotinamide adenine dinucleotide phosphate (NADP) are of central importance. Topical application of niacinamide has a stabilizing effect on epidermal barrier function, seen as a reduction in transepidermal water loss and an improvement in the moisture content of the horny layer. Niacinamide leads to an increase in protein synthesis (e.g. keratin), has a stimulating effect on ceramide synthesis, speeds up the differentiation of keratinocytes, and raises intracellular NADP levels. In ageing ski","中文草稿：该记录属于「烟酰胺与屏障/色素/炎症」主题，当前抽取到的英文摘要/题录结果为：Nicotinic acid (also generally known as niacin) and niacinamide (also known as nicotinamide) are similarly effective as a vitamin because they can be converted into each other within the organism. The blanket term vitamin B(3) is used for both. Niacinamide is a component of important coenzymes involved in hydrogen transfer. Here, the two codehydrogenases, nicotinamide adenine dinucleotide (NAD) and nicotinamide adeni","Draft conclusion: this record can inform Niacinamide for Barrier, Pigment, and Inflammation but requires full-text review before public claims.",中文草稿结论：该记录可作为「烟酰胺与屏障/色素/炎症」的候选证据，但正式结论需要全文复核。,D,abstract_only,可支持：将该记录作为「烟酰胺与屏障/色素/炎症」的候选证据，并按 S2 皮肤终点继续复核。,不支持：不能据此声称逆龄、延寿、替代治疗，或给出产品/剂量/疗程建议。,可讨论皮肤指标，不支持宣传为全身抗衰或延寿。,false,medium,public_draft_not_fully_reviewed,2026-04-28,https://pubmed.ncbi.nlm.nih.gov/17147561/,v0.5_GRADE_RoB_AMSTAR_bibliometrics_venue,11,8,15,7,10,-7,45,15,NIH_iCite_RCR; OpenAlex_cited_by_count,RCR=NA; cited_by=160,JCR IF not auto-imported; journal-level IF is intentionally separated from article-level citation signals.,https://openalex.org/W2055133938,160,,Cochrane RoB 2,not_assessed_public_draft,not_applicable,possible,possible,max_level_D,D,v0.5 综合评分：研究设计、终点价值、人类相关性、来源深度、RCR/OpenAlex 引用信号、发表地/期刊层级和风险扣分；期刊层级 C_indexed_or_identified 加 1 分；当前上限规则为 max_level_D，最终等级 D。,"v0.5 hybrid score using design, endpoint value, human relevance, source depth, RCR/OpenAlex signals, publication venue tier, and risk adjustments; venue tier C_indexed_or_identified adds 1; cap rule max_level_D; final level D.",C_indexed_or_identified,1,"Indexed or DOI/PMID-identifiable venue, but not in the curated high-weight venue list."
skin-niacinamide-barrier-pigment-007,pubmed-35520754,35520754,10.21873/anticanres.12335,PubMed,niacinamide-barrier-pigment,烟酰胺与屏障/色素/炎症,"Niacinamide for Barrier, Pigment, and Inflammation",Xeroderma pigmentosum: an updated review.,,2022,Drugs in context,randomized_or_clinical_trial,topical_or_oral,M,skin aging endpoint pending review,"Early recognition of xeroderma pigmentosum is important to minimize the complications arising from the harmful effects of exposure to ultraviolet radiation. This narrative review aims to familiarize physicians with the clinical features, diagnosis and management of xeroderma pigmentosum. A search was conducted in December 2021 in PubMed Clinical Queries using the key term ""xeroderma pigmentosum"". The search strategy included all clinical trials, observational studies and reviews published within the past 10 years. The information retrieved from the search was used in the compilation of this article. Xeroderma pigmentosum is a condition of abnormal DNA repair of ultraviolet radiation-induced and oxidative DNA damage, which leads to increased skin cancer susceptibility. Approximately 50% of patients with xeroderma pigmentosum have increased photosensitivity and certain types of xeroderma p","中文草稿：该记录属于「烟酰胺与屏障/色素/炎症」主题，当前抽取到的英文摘要/题录结果为：Early recognition of xeroderma pigmentosum is important to minimize the complications arising from the harmful effects of exposure to ultraviolet radiation. This narrative review aims to familiarize physicians with the clinical features, diagnosis and management of xeroderma pigmentosum. A search was conducted in December 2021 in PubMed Clinical Queries using the key term ""xeroderma pigmentosum"". The search strategy ","Draft conclusion: this record can inform Niacinamide for Barrier, Pigment, and Inflammation but requires full-text review before public claims.",中文草稿结论：该记录可作为「烟酰胺与屏障/色素/炎症」的候选证据，但正式结论需要全文复核。,D,abstract_plus_open_pmc_available,可支持：将该记录作为「烟酰胺与屏障/色素/炎症」的候选证据，并按 M 皮肤终点继续复核。,不支持：不能据此声称逆龄、延寿、替代治疗，或给出产品/剂量/疗程建议。,可讨论皮肤指标，不支持宣传为全身抗衰或延寿。,false,medium,public_draft_not_fully_reviewed,2026-04-28,https://pubmed.ncbi.nlm.nih.gov/35520754/,v0.5_GRADE_RoB_AMSTAR_bibliometrics_venue,29,5,15,10,8,-3,65,12,NIH_iCite_RCR; OpenAlex_cited_by_count,RCR=NA; cited_by=55,JCR IF not auto-imported; journal-level IF is intentionally separated from article-level citation signals.,https://openalex.org/W2784360411,55,,Cochrane RoB 2,not_assessed_public_draft,not_applicable,possible,possible,max_level_D,D,v0.5 综合评分：研究设计、终点价值、人类相关性、来源深度、RCR/OpenAlex 引用信号、发表地/期刊层级和风险扣分；期刊层级 C_indexed_or_identified 加 1 分；当前上限规则为 max_level_D，最终等级 D。,"v0.5 hybrid score using design, endpoint value, human relevance, source depth, RCR/OpenAlex signals, publication venue tier, and risk adjustments; venue tier C_indexed_or_identified adds 1; cap rule max_level_D; final level D.",C_indexed_or_identified,1,"Indexed or DOI/PMID-identifiable venue, but not in the curated high-weight venue list."
skin-niacinamide-barrier-pigment-008,pubmed-38264909,38264909,10.1161/CIRCRESAHA.123.322381,PubMed,niacinamide-barrier-pigment,烟酰胺与屏障/色素/炎症,"Niacinamide for Barrier, Pigment, and Inflammation",Indole-3-Propionic Acid Protects Against Heart Failure With Preserved Ejection Fraction.,,2024,Circulation research,preclinical_or_mechanistic,topical_or_oral,S2,barrier,"Heart failure with preserved ejection fraction (HFpEF) is a common but poorly understood form of heart failure, characterized by impaired diastolic function. It is highly heterogeneous with multiple comorbidities, including obesity and diabetes, making human studies difficult. Metabolomic analyses in a mouse model of HFpEF showed that levels of indole-3-propionic acid (IPA), a metabolite produced by gut bacteria from tryptophan, were reduced in the plasma and heart tissue of HFpEF mice as compared with controls. We then examined the role of IPA in mouse models of HFpEF as well as 2 human HFpEF cohorts. The protective role and therapeutic effects of IPA were confirmed in mouse models of HFpEF using IPA dietary supplementation. IPA attenuated diastolic dysfunction, metabolic remodeling, oxidative stress, inflammation, gut microbiota dysbiosis, and intestinal epithelial barrier damage. In t","中文草稿：该记录属于「烟酰胺与屏障/色素/炎症」主题，当前抽取到的英文摘要/题录结果为：Heart failure with preserved ejection fraction (HFpEF) is a common but poorly understood form of heart failure, characterized by impaired diastolic function. It is highly heterogeneous with multiple comorbidities, including obesity and diabetes, making human studies difficult. Metabolomic analyses in a mouse model of HFpEF showed that levels of indole-3-propionic acid (IPA), a metabolite produced by gut bacteria from","Draft conclusion: this record can inform Niacinamide for Barrier, Pigment, and Inflammation but requires full-text review before public claims.",中文草稿结论：该记录可作为「烟酰胺与屏障/色素/炎症」的候选证据，但正式结论需要全文复核。,D,abstract_plus_open_pmc_available,可支持：将该记录作为「烟酰胺与屏障/色素/炎症」的候选证据，并按 S2 皮肤终点继续复核。,不支持：不能据此声称逆龄、延寿、替代治疗，或给出产品/剂量/疗程建议。,可讨论皮肤指标，不支持宣传为全身抗衰或延寿。,false,medium,public_draft_not_fully_reviewed,2026-04-28,https://pubmed.ncbi.nlm.nih.gov/38264909/,v0.5_GRADE_RoB_AMSTAR_bibliometrics_venue,11,8,15,10,10,-3,52,14,NIH_iCite_RCR; OpenAlex_cited_by_count,RCR=NA; cited_by=108,JCR IF not auto-imported; journal-level IF is intentionally separated from article-level citation signals.,https://openalex.org/W4391174126,108,,Cochrane RoB 2,not_assessed_public_draft,not_applicable,possible,possible,max_level_D,D,v0.5 综合评分：研究设计、终点价值、人类相关性、来源深度、RCR/OpenAlex 引用信号、发表地/期刊层级和风险扣分；期刊层级 C_indexed_or_identified 加 1 分；当前上限规则为 max_level_D，最终等级 D。,"v0.5 hybrid score using design, endpoint value, human relevance, source depth, RCR/OpenAlex signals, publication venue tier, and risk adjustments; venue tier C_indexed_or_identified adds 1; cap rule max_level_D; final level D.",C_indexed_or_identified,1,"Indexed or DOI/PMID-identifiable venue, but not in the curated high-weight venue list."
skin-niacinamide-barrier-pigment-009,pubmed-36856616,36856616,10.1056/NEJMoa2203086,PubMed,niacinamide-barrier-pigment,烟酰胺与屏障/色素/炎症,"Niacinamide for Barrier, Pigment, and Inflammation",Nicotinamide for Skin-Cancer Chemoprevention in Transplant Recipients.,,2023,The New England journal of medicine,randomized_or_clinical_trial,topical_or_oral,S2,skin aging endpoint pending review,"Immunosuppressed organ-transplant recipients have an increased incidence of, and mortality from, skin cancer. Nicotinamide (vitamin B3) enhances the repair of ultraviolet (UV) radiation-induced DNA damage, reduces the cutaneous immunosuppressive effects of UV radiation, and reduces the incidence of keratinocyte cancers (including squamous-cell and basal-cell carcinomas) and actinic keratoses among high-risk immunocompetent patients. Whether oral nicotinamide is useful for skin-cancer chemoprevention in organ-transplant recipients is unclear. In this phase 3 trial, we randomly assigned, in a 1:1 ratio, organ-transplant recipients who had had at least two keratinocyte cancers in the past 5 years to receive 500 mg of nicotinamide or placebo twice daily for 12 months. Participants were examined for skin lesions by dermatologists at 3-month intervals for 12 months. The primary end point was t","中文草稿：该记录属于「烟酰胺与屏障/色素/炎症」主题，当前抽取到的英文摘要/题录结果为：Immunosuppressed organ-transplant recipients have an increased incidence of, and mortality from, skin cancer. Nicotinamide (vitamin B3) enhances the repair of ultraviolet (UV) radiation-induced DNA damage, reduces the cutaneous immunosuppressive effects of UV radiation, and reduces the incidence of keratinocyte cancers (including squamous-cell and basal-cell carcinomas) and actinic keratoses among high-risk immunocom","Draft conclusion: this record can inform Niacinamide for Barrier, Pigment, and Inflammation but requires full-text review before public claims.",中文草稿结论：该记录可作为「烟酰胺与屏障/色素/炎症」的候选证据，但正式结论需要全文复核。,D,abstract_only,可支持：将该记录作为「烟酰胺与屏障/色素/炎症」的候选证据，并按 S2 皮肤终点继续复核。,不支持：不能据此声称逆龄、延寿、替代治疗，或给出产品/剂量/疗程建议。,可讨论皮肤指标，不支持宣传为全身抗衰或延寿。,false,medium,public_draft_not_fully_reviewed,2026-04-28,https://pubmed.ncbi.nlm.nih.gov/36856616/,v0.5_GRADE_RoB_AMSTAR_bibliometrics_venue,29,8,15,7,8,-7,70,13,NIH_iCite_RCR; OpenAlex_cited_by_count,RCR=NA; cited_by=94,JCR IF not auto-imported; journal-level IF is intentionally separated from article-level citation signals.,https://openalex.org/W4322719565,94,,Cochrane RoB 2,not_assessed_public_draft,not_applicable,possible,possible,max_level_D,D,v0.5 综合评分：研究设计、终点价值、人类相关性、来源深度、RCR/OpenAlex 引用信号、发表地/期刊层级和风险扣分；期刊层级 S_top_general_or_clinical 加 10 分；当前上限规则为 max_level_D，最终等级 D。,"v0.5 hybrid score using design, endpoint value, human relevance, source depth, RCR/OpenAlex signals, publication venue tier, and risk adjustments; venue tier S_top_general_or_clinical adds 10; cap rule max_level_D; final level D.",S_top_general_or_clinical,10,"Top general medical, top science, or major clinical specialty venue. Venue helps, but does not override study design, endpoint, or risk of bias."
skin-niacinamide-barrier-pigment-010,pubmed-40960808,40960808,10.1038/jid.2015.238,PubMed,niacinamide-barrier-pigment,烟酰胺与屏障/色素/炎症,"Niacinamide for Barrier, Pigment, and Inflammation",Nicotinamide for Skin Cancer Chemoprevention.,,2025,JAMA dermatology,preclinical_or_mechanistic,topical_or_oral,M,skin aging endpoint pending review,"Nicotinamide supplementation has been studied as a chemopreventive medication for reducing skin cancer risk, but large-scale data are limited. To determine the clinical efficacy of nicotinamide supplementation for skin cancer prevention in the general population and among solid organ transplant recipients. A retrospective cohort study was conducted using electronic health record data (October 1, 1999, to December 31, 2024) from the Veterans Affairs Corporate Data Warehouse (CDW) of 33 822 patients. Analyses were conducted from January 17, 2025, to May 9, 2025. Patients who were exposed to nicotinamide were propensity score matched based on the number and year of skin cancers after which treatment with nicotinamide was initiated, age, sex, self-reported race, exposure to acitretin, exposure to field therapy, history of chronic lymphocytic leukemia, and history of solid organ transplant. T","中文草稿：该记录属于「烟酰胺与屏障/色素/炎症」主题，当前抽取到的英文摘要/题录结果为：Nicotinamide supplementation has been studied as a chemopreventive medication for reducing skin cancer risk, but large-scale data are limited. To determine the clinical efficacy of nicotinamide supplementation for skin cancer prevention in the general population and among solid organ transplant recipients. A retrospective cohort study was conducted using electronic health record data (October 1, 1999, to December 31,","Draft conclusion: this record can inform Niacinamide for Barrier, Pigment, and Inflammation but requires full-text review before public claims.",中文草稿结论：该记录可作为「烟酰胺与屏障/色素/炎症」的候选证据，但正式结论需要全文复核。,D,abstract_plus_open_pmc_available,可支持：将该记录作为「烟酰胺与屏障/色素/炎症」的候选证据，并按 M 皮肤终点继续复核。,不支持：不能据此声称逆龄、延寿、替代治疗，或给出产品/剂量/疗程建议。,可讨论皮肤指标，不支持宣传为全身抗衰或延寿。,false,medium,public_draft_not_fully_reviewed,2026-04-28,https://pubmed.ncbi.nlm.nih.gov/40960808/,v0.5_GRADE_RoB_AMSTAR_bibliometrics_venue,11,5,15,10,8,-3,53,10,NIH_iCite_RCR; OpenAlex_cited_by_count,RCR=NA; cited_by=34,JCR IF not auto-imported; journal-level IF is intentionally separated from article-level citation signals.,https://openalex.org/W767641944,34,,Cochrane RoB 2,not_assessed_public_draft,not_applicable,possible,possible,max_level_D,D,v0.5 综合评分：研究设计、终点价值、人类相关性、来源深度、RCR/OpenAlex 引用信号、发表地/期刊层级和风险扣分；期刊层级 A_field_leading 加 7 分；当前上限规则为 max_level_D，最终等级 D。,"v0.5 hybrid score using design, endpoint value, human relevance, source depth, RCR/OpenAlex signals, publication venue tier, and risk adjustments; venue tier A_field_leading adds 7; cap rule max_level_D; final level D.",A_field_leading,7,"Leading aging, nutrition, metabolism, geriatrics, dermatology, or translational specialty venue."
skin-niacinamide-barrier-pigment-011,pubmed-34844552,34844552,10.2174/2772434416666211129105629,PubMed,niacinamide-barrier-pigment,烟酰胺与屏障/色素/炎症,"Niacinamide for Barrier, Pigment, and Inflammation",Cosmeceutical Aptitudes of Niacinamide: A Review.,,2021,Recent advances in anti-infective drug discovery,review,topical_or_oral,S1,"pigmentation, acne","The prevalence and scope of dermatological illness differ from region to region. Based upon type and severity, the conditions may vary from superficial to deep systemic skin infections. Niacinamide, an amide analog of vitamin B3 which was conventionally utilized as a food supplement, is now explored for the management of skin disorders. Being a powerhouse on its own, it is not stored inside the body naturally and has to be acquired from external sources. Areas Covered: This review is an attempt to disclose the physiology, pharmacology, and highlight the dermatological potentials of niacinamide, discussing its pharmacological mechanisms, varied commercially available treatments, and novel approaches, i.e., in research and patented formulations. Niacinamide has been verified in treating almost every skin disorder, viz. aging, hyperpigmentation, acne, psoriasis, pruritus, dermatitis, fungal","中文草稿：该记录属于「烟酰胺与屏障/色素/炎症」主题，当前抽取到的英文摘要/题录结果为：The prevalence and scope of dermatological illness differ from region to region. Based upon type and severity, the conditions may vary from superficial to deep systemic skin infections. Niacinamide, an amide analog of vitamin B3 which was conventionally utilized as a food supplement, is now explored for the management of skin disorders. Being a powerhouse on its own, it is not stored inside the body naturally and has","Draft conclusion: this record can inform Niacinamide for Barrier, Pigment, and Inflammation but requires full-text review before public claims.",中文草稿结论：该记录可作为「烟酰胺与屏障/色素/炎症」的候选证据，但正式结论需要全文复核。,C,abstract_only,可支持：将该记录作为「烟酰胺与屏障/色素/炎症」的候选证据，并按 S1 皮肤终点继续复核。,不支持：不能据此声称逆龄、延寿、替代治疗，或给出产品/剂量/疗程建议。,可讨论皮肤指标，不支持宣传为全身抗衰或延寿。,false,medium,public_draft_not_fully_reviewed,2026-04-28,https://pubmed.ncbi.nlm.nih.gov/34844552/,v0.5_GRADE_RoB_AMSTAR_bibliometrics_venue,14,15,9,7,8,-7,47,10,NIH_iCite_RCR; OpenAlex_cited_by_count,RCR=NA; cited_by=28,JCR IF not auto-imported; journal-level IF is intentionally separated from article-level citation signals.,https://openalex.org/W3217574979,28,,domain_screen,not_assessed_public_draft,not_applicable,possible,possible,max_level_A,D,v0.5 综合评分：研究设计、终点价值、人类相关性、来源深度、RCR/OpenAlex 引用信号、发表地/期刊层级和风险扣分；期刊层级 C_indexed_or_identified 加 1 分；当前上限规则为 max_level_A，最终等级 D。,"v0.5 hybrid score using design, endpoint value, human relevance, source depth, RCR/OpenAlex signals, publication venue tier, and risk adjustments; venue tier C_indexed_or_identified adds 1; cap rule max_level_A; final level D.",C_indexed_or_identified,1,"Indexed or DOI/PMID-identifiable venue, but not in the curated high-weight venue list."
skin-niacinamide-barrier-pigment-012,pubmed-24635573,24635573,10.1111/ajd.12163,PubMed,niacinamide-barrier-pigment,烟酰胺与屏障/色素/炎症,"Niacinamide for Barrier, Pigment, and Inflammation",Nicotinamide and the skin.,,2014,The Australasian journal of dermatology,review,topical_or_oral,S1,acne,"Nicotinamide, an amide form of vitamin B3, boosts cellular energy and regulates poly-ADP-ribose-polymerase 1, an enzyme with important roles in DNA repair and the expression of inflammatory cytokines. Nicotinamide shows promise for the treatment of a wide range of dermatological conditions, including autoimmune blistering disorders, acne, rosacea, ageing skin and atopic dermatitis. In particular, recent studies have also shown it to be a potential agent for reducing actinic keratoses and preventing skin cancers.","中文草稿：该记录属于「烟酰胺与屏障/色素/炎症」主题，当前抽取到的英文摘要/题录结果为：Nicotinamide, an amide form of vitamin B3, boosts cellular energy and regulates poly-ADP-ribose-polymerase 1, an enzyme with important roles in DNA repair and the expression of inflammatory cytokines. Nicotinamide shows promise for the treatment of a wide range of dermatological conditions, including autoimmune blistering disorders, acne, rosacea, ageing skin and atopic dermatitis. In particular, recent studies have ","Draft conclusion: this record can inform Niacinamide for Barrier, Pigment, and Inflammation but requires full-text review before public claims.",中文草稿结论：该记录可作为「烟酰胺与屏障/色素/炎症」的候选证据，但正式结论需要全文复核。,C,abstract_only,可支持：将该记录作为「烟酰胺与屏障/色素/炎症」的候选证据，并按 S1 皮肤终点继续复核。,不支持：不能据此声称逆龄、延寿、替代治疗，或给出产品/剂量/疗程建议。,可讨论皮肤指标，不支持宣传为全身抗衰或延寿。,false,medium,public_draft_not_fully_reviewed,2026-04-28,https://pubmed.ncbi.nlm.nih.gov/24635573/,v0.5_GRADE_RoB_AMSTAR_bibliometrics_venue,14,15,9,7,8,-7,47,13,NIH_iCite_RCR; OpenAlex_cited_by_count,RCR=NA; cited_by=94,JCR IF not auto-imported; journal-level IF is intentionally separated from article-level citation signals.,https://openalex.org/W1576049420,94,,domain_screen,not_assessed_public_draft,not_applicable,possible,possible,max_level_A,D,v0.5 综合评分：研究设计、终点价值、人类相关性、来源深度、RCR/OpenAlex 引用信号、发表地/期刊层级和风险扣分；期刊层级 C_indexed_or_identified 加 1 分；当前上限规则为 max_level_A，最终等级 D。,"v0.5 hybrid score using design, endpoint value, human relevance, source depth, RCR/OpenAlex signals, publication venue tier, and risk adjustments; venue tier C_indexed_or_identified adds 1; cap rule max_level_A; final level D.",C_indexed_or_identified,1,"Indexed or DOI/PMID-identifiable venue, but not in the curated high-weight venue list."
skin-niacinamide-barrier-pigment-013,pubmed-25399625,25399625,10.1111/jocd.12119,PubMed,niacinamide-barrier-pigment,烟酰胺与屏障/色素/炎症,"Niacinamide for Barrier, Pigment, and Inflammation",A review of nicotinamide: treatment of skin diseases and potential side effects.,,2014,Journal of cosmetic dermatology,review,topical_or_oral,S1,acne,"Nicotinamide, also known as niacinamide, is the amide form of vitamin B3. It is a precursor of essential coenzymes for numerous reactions in the body including adenosine triphosphate (ATP) production. Nicotinic acid, also known as niacin, is converted into nicotinamide in the body. The use of topical nicotinamide in the treatment of acne vulgaris; melasma; atopic dermatitis; rosacea; and oral nicotinamide in preventing nonmelanoma skin cancer is discussed. The possible side effects and consequences of excessive nicotinamide exposure are reviewed, including suggestions nicotinamide might have a role in the development of diabetes, Parkinson's disease, and liver damage.","中文草稿：该记录属于「烟酰胺与屏障/色素/炎症」主题，当前抽取到的英文摘要/题录结果为：Nicotinamide, also known as niacinamide, is the amide form of vitamin B3. It is a precursor of essential coenzymes for numerous reactions in the body including adenosine triphosphate (ATP) production. Nicotinic acid, also known as niacin, is converted into nicotinamide in the body. The use of topical nicotinamide in the treatment of acne vulgaris; melasma; atopic dermatitis; rosacea; and oral nicotinamide in preventi","Draft conclusion: this record can inform Niacinamide for Barrier, Pigment, and Inflammation but requires full-text review before public claims.",中文草稿结论：该记录可作为「烟酰胺与屏障/色素/炎症」的候选证据，但正式结论需要全文复核。,C,abstract_only,可支持：将该记录作为「烟酰胺与屏障/色素/炎症」的候选证据，并按 S1 皮肤终点继续复核。,不支持：不能据此声称逆龄、延寿、替代治疗，或给出产品/剂量/疗程建议。,可讨论皮肤指标，不支持宣传为全身抗衰或延寿。,false,medium,public_draft_not_fully_reviewed,2026-04-28,https://pubmed.ncbi.nlm.nih.gov/25399625/,v0.5_GRADE_RoB_AMSTAR_bibliometrics_venue,14,15,9,7,10,-7,49,15,NIH_iCite_RCR; OpenAlex_cited_by_count,RCR=NA; cited_by=151,JCR IF not auto-imported; journal-level IF is intentionally separated from article-level citation signals.,https://openalex.org/W2150105172,151,,domain_screen,not_assessed_public_draft,not_applicable,possible,possible,max_level_A,C,v0.5 综合评分：研究设计、终点价值、人类相关性、来源深度、RCR/OpenAlex 引用信号、发表地/期刊层级和风险扣分；期刊层级 C_indexed_or_identified 加 1 分；当前上限规则为 max_level_A，最终等级 C。,"v0.5 hybrid score using design, endpoint value, human relevance, source depth, RCR/OpenAlex signals, publication venue tier, and risk adjustments; venue tier C_indexed_or_identified adds 1; cap rule max_level_A; final level C.",C_indexed_or_identified,1,"Indexed or DOI/PMID-identifiable venue, but not in the curated high-weight venue list."
skin-niacinamide-barrier-pigment-014,pubmed-32720446,32720446,10.1111/dth.14095,PubMed,niacinamide-barrier-pigment,烟酰胺与屏障/色素/炎症,"Niacinamide for Barrier, Pigment, and Inflammation",The top 10 cosmeceuticals for facial hyperpigmentation.,,2020,Dermatologic therapy,review,topical_or_oral,S1,pigmentation,"Disorders of facial hyperpigmentation including melasma, postinflammatory hyperpigmentation and solar lentigines are common cutaneous conditions which can have a huge impact on patients' quality of life and often prove difficult to treat. The nascent market of cosmeceutical options provides a potentially safer and efficacious alternative for treating these challenging conditions. These can be used alone or in combination with other established treatments. Many cosmeceutical products are thought to work through inhibition of tyrosinase, a key enzyme of melanogenesis. We discuss the mode of action and provide an up-to-date review of the underlying evidence base for the top 10 cosmeceutical products for hyperpigmentation and melasma. Possible safer and more efficacious cosmeceutical therapies we discuss include thiamidol, kojic acid, vitamin C, arbutin, retinol, nicotinamide, ferulic acid, ","中文草稿：该记录属于「烟酰胺与屏障/色素/炎症」主题，当前抽取到的英文摘要/题录结果为：Disorders of facial hyperpigmentation including melasma, postinflammatory hyperpigmentation and solar lentigines are common cutaneous conditions which can have a huge impact on patients' quality of life and often prove difficult to treat. The nascent market of cosmeceutical options provides a potentially safer and efficacious alternative for treating these challenging conditions. These can be used alone or in combina","Draft conclusion: this record can inform Niacinamide for Barrier, Pigment, and Inflammation but requires full-text review before public claims.",中文草稿结论：该记录可作为「烟酰胺与屏障/色素/炎症」的候选证据，但正式结论需要全文复核。,C,abstract_only,可支持：将该记录作为「烟酰胺与屏障/色素/炎症」的候选证据，并按 S1 皮肤终点继续复核。,不支持：不能据此声称逆龄、延寿、替代治疗，或给出产品/剂量/疗程建议。,可讨论皮肤指标，不支持宣传为全身抗衰或延寿。,false,medium,public_draft_not_fully_reviewed,2026-04-28,https://pubmed.ncbi.nlm.nih.gov/32720446/,v0.5_GRADE_RoB_AMSTAR_bibliometrics_venue,14,15,9,7,8,-7,47,13,NIH_iCite_RCR; OpenAlex_cited_by_count,RCR=NA; cited_by=86,JCR IF not auto-imported; journal-level IF is intentionally separated from article-level citation signals.,https://openalex.org/W3045824735,86,,domain_screen,not_assessed_public_draft,not_applicable,possible,possible,max_level_A,D,v0.5 综合评分：研究设计、终点价值、人类相关性、来源深度、RCR/OpenAlex 引用信号、发表地/期刊层级和风险扣分；期刊层级 C_indexed_or_identified 加 1 分；当前上限规则为 max_level_A，最终等级 D。,"v0.5 hybrid score using design, endpoint value, human relevance, source depth, RCR/OpenAlex signals, publication venue tier, and risk adjustments; venue tier C_indexed_or_identified adds 1; cap rule max_level_A; final level D.",C_indexed_or_identified,1,"Indexed or DOI/PMID-identifiable venue, but not in the curated high-weight venue list."
skin-niacinamide-barrier-pigment-015,pubmed-34233163,34233163,10.1016/j.cell.2021.06.022,PubMed,niacinamide-barrier-pigment,烟酰胺与屏障/色素/炎症,"Niacinamide for Barrier, Pigment, and Inflammation",NNT mediates redox-dependent pigmentation via a UVB- and MITF-independent mechanism.,,2021,Cell,preclinical_or_mechanistic,topical_or_oral,S2,pigmentation,"Ultraviolet (UV) light and incompletely understood genetic and epigenetic variations determine skin color. Here we describe an UV- and microphthalmia-associated transcription factor (MITF)-independent mechanism of skin pigmentation. Targeting the mitochondrial redox-regulating enzyme nicotinamide nucleotide transhydrogenase (NNT) resulted in cellular redox changes that affect tyrosinase degradation. These changes regulate melanosome maturation and, consequently, eumelanin levels and pigmentation. Topical application of small-molecule inhibitors yielded skin darkening in human skin, and mice with decreased NNT function displayed increased pigmentation. Additionally, genetic modification of NNT in zebrafish alters melanocytic pigmentation. Analysis of four diverse human cohorts revealed significant associations of skin color, tanning, and sun protection use with various single-nucleotide p",中文草稿：该记录属于「烟酰胺与屏障/色素/炎症」主题，当前抽取到的英文摘要/题录结果为：Ultraviolet (UV) light and incompletely understood genetic and epigenetic variations determine skin color. Here we describe an UV- and microphthalmia-associated transcription factor (MITF)-independent mechanism of skin pigmentation. Targeting the mitochondrial redox-regulating enzyme nicotinamide nucleotide transhydrogenase (NNT) resulted in cellular redox changes that affect tyrosinase degradation. These changes reg,"Draft conclusion: this record can inform Niacinamide for Barrier, Pigment, and Inflammation but requires full-text review before public claims.",中文草稿结论：该记录可作为「烟酰胺与屏障/色素/炎症」的候选证据，但正式结论需要全文复核。,D,abstract_plus_open_pmc_available,可支持：将该记录作为「烟酰胺与屏障/色素/炎症」的候选证据，并按 S2 皮肤终点继续复核。,不支持：不能据此声称逆龄、延寿、替代治疗，或给出产品/剂量/疗程建议。,可讨论皮肤指标，不支持宣传为全身抗衰或延寿。,false,medium,public_draft_not_fully_reviewed,2026-04-28,https://pubmed.ncbi.nlm.nih.gov/34233163/,v0.5_GRADE_RoB_AMSTAR_bibliometrics_venue,11,8,15,10,8,-3,59,12,NIH_iCite_RCR; OpenAlex_cited_by_count,RCR=NA; cited_by=68,JCR IF not auto-imported; journal-level IF is intentionally separated from article-level citation signals.,https://openalex.org/W3182612754,68,,Cochrane RoB 2,not_assessed_public_draft,not_applicable,possible,possible,max_level_D,D,v0.5 综合评分：研究设计、终点价值、人类相关性、来源深度、RCR/OpenAlex 引用信号、发表地/期刊层级和风险扣分；期刊层级 S_top_general_or_clinical 加 10 分；当前上限规则为 max_level_D，最终等级 D。,"v0.5 hybrid score using design, endpoint value, human relevance, source depth, RCR/OpenAlex signals, publication venue tier, and risk adjustments; venue tier S_top_general_or_clinical adds 10; cap rule max_level_D; final level D.",S_top_general_or_clinical,10,"Top general medical, top science, or major clinical specialty venue. Venue helps, but does not override study design, endpoint, or risk of bias."
skin-niacinamide-barrier-pigment-016,pubmed-33196157,33196157,,PubMed,niacinamide-barrier-pigment,烟酰胺与屏障/色素/炎症,"Niacinamide for Barrier, Pigment, and Inflammation",Nicotinamide: An Update and Review of Safety & Differences from Niacin.,,2020,Skin therapy letter,review,topical_or_oral,S1,barrier,"Nicotinamide (or niacinamide), a form of vitamin B3 that is often confused with its precursor nicotinic acid (or niacin), is a low-cost, evidence-based oral treatment option for actinic keratosis, squamous cell carcinomas, basal cell carcinomas, and bullous pemphigoid. Despite its favorable safety profile and affordability, the integration of nicotinamide into clinical practice is an ongoing process, and like many over-the-counter supplements it has faced some barriers. The purpose of this article is to address some of those barriers by reviewing its efficacy, safety profile, and emphasizing the difference between nicotinamide and niacin. Lastly, we offer practical guidance around recommendations and the availability of nicotinamide, which can be hard to find for patients and providers alike.","中文草稿：该记录属于「烟酰胺与屏障/色素/炎症」主题，当前抽取到的英文摘要/题录结果为：Nicotinamide (or niacinamide), a form of vitamin B3 that is often confused with its precursor nicotinic acid (or niacin), is a low-cost, evidence-based oral treatment option for actinic keratosis, squamous cell carcinomas, basal cell carcinomas, and bullous pemphigoid. Despite its favorable safety profile and affordability, the integration of nicotinamide into clinical practice is an ongoing process, and like many ov","Draft conclusion: this record can inform Niacinamide for Barrier, Pigment, and Inflammation but requires full-text review before public claims.",中文草稿结论：该记录可作为「烟酰胺与屏障/色素/炎症」的候选证据，但正式结论需要全文复核。,C,abstract_only,可支持：将该记录作为「烟酰胺与屏障/色素/炎症」的候选证据，并按 S1 皮肤终点继续复核。,不支持：不能据此声称逆龄、延寿、替代治疗，或给出产品/剂量/疗程建议。,可讨论皮肤指标，不支持宣传为全身抗衰或延寿。,false,medium,public_draft_not_fully_reviewed,2026-04-28,https://pubmed.ncbi.nlm.nih.gov/33196157/,v0.5_GRADE_RoB_AMSTAR_bibliometrics_venue,14,15,9,7,4,-7,43,7,NIH_iCite_RCR; OpenAlex_cited_by_count,RCR=NA; cited_by=13,JCR IF not auto-imported; journal-level IF is intentionally separated from article-level citation signals.,https://openalex.org/W3102802542,13,,domain_screen,not_assessed_public_draft,not_applicable,possible,possible,max_level_A,D,v0.5 综合评分：研究设计、终点价值、人类相关性、来源深度、RCR/OpenAlex 引用信号、发表地/期刊层级和风险扣分；期刊层级 C_indexed_or_identified 加 1 分；当前上限规则为 max_level_A，最终等级 D。,"v0.5 hybrid score using design, endpoint value, human relevance, source depth, RCR/OpenAlex signals, publication venue tier, and risk adjustments; venue tier C_indexed_or_identified adds 1; cap rule max_level_A; final level D.",C_indexed_or_identified,1,"Indexed or DOI/PMID-identifiable venue, but not in the curated high-weight venue list."
skin-niacinamide-barrier-pigment-017,pubmed-40005371,40005371,10.1111/cns.14826,PubMed,niacinamide-barrier-pigment,烟酰胺与屏障/色素/炎症,"Niacinamide for Barrier, Pigment, and Inflammation",Nicotinamide: A Multifaceted Molecule in Skin Health and Beyond.,,2025,"Medicina (Kaunas, Lithuania)",review,topical_or_oral,S1,acne,"Nicotinamide (NAM), the amide form of vitamin B3, is a precursor to essential cofactors nicotinamide adenine dinucleotide (NAD⁺) and NADPH. NAD⁺ is integral to numerous cellular processes, including metabolism regulation, ATP production, mitochondrial respiration, reactive oxygen species (ROS) management, DNA repair, cellular senescence, and aging. NAM supplementation has demonstrated efficacy in restoring cellular energy, repairing DNA damage, and inhibiting inflammation by suppressing pro-inflammatory cytokines release. Due to its natural presence in a variety of foods and its excellent safety profile-even at high doses of up to 3 g/day-NAM is extensively used in the chemoprevention of non-melanoma skin cancers and the treatment of dermatological conditions such as blistering diseases, atopic dermatitis, rosacea, and acne vulgaris. Recently, its anti-aging properties have elevated NAM'","中文草稿：该记录属于「烟酰胺与屏障/色素/炎症」主题，当前抽取到的英文摘要/题录结果为：Nicotinamide (NAM), the amide form of vitamin B3, is a precursor to essential cofactors nicotinamide adenine dinucleotide (NAD⁺) and NADPH. NAD⁺ is integral to numerous cellular processes, including metabolism regulation, ATP production, mitochondrial respiration, reactive oxygen species (ROS) management, DNA repair, cellular senescence, and aging. NAM supplementation has demonstrated efficacy in restoring cellular e","Draft conclusion: this record can inform Niacinamide for Barrier, Pigment, and Inflammation but requires full-text review before public claims.",中文草稿结论：该记录可作为「烟酰胺与屏障/色素/炎症」的候选证据，但正式结论需要全文复核。,C,abstract_plus_open_pmc_available,可支持：将该记录作为「烟酰胺与屏障/色素/炎症」的候选证据，并按 S1 皮肤终点继续复核。,不支持：不能据此声称逆龄、延寿、替代治疗，或给出产品/剂量/疗程建议。,可讨论皮肤指标，不支持宣传为全身抗衰或延寿。,false,medium,public_draft_not_fully_reviewed,2026-04-28,https://pubmed.ncbi.nlm.nih.gov/40005371/,v0.5_GRADE_RoB_AMSTAR_bibliometrics_venue,14,15,9,10,6,-3,52,6,NIH_iCite_RCR; OpenAlex_cited_by_count,RCR=NA; cited_by=7,JCR IF not auto-imported; journal-level IF is intentionally separated from article-level citation signals.,https://openalex.org/W4400429076,7,,domain_screen,not_assessed_public_draft,not_applicable,possible,possible,max_level_A,C,v0.5 综合评分：研究设计、终点价值、人类相关性、来源深度、RCR/OpenAlex 引用信号、发表地/期刊层级和风险扣分；期刊层级 C_indexed_or_identified 加 1 分；当前上限规则为 max_level_A，最终等级 C。,"v0.5 hybrid score using design, endpoint value, human relevance, source depth, RCR/OpenAlex signals, publication venue tier, and risk adjustments; venue tier C_indexed_or_identified adds 1; cap rule max_level_A; final level C.",C_indexed_or_identified,1,"Indexed or DOI/PMID-identifiable venue, but not in the curated high-weight venue list."
skin-niacinamide-barrier-pigment-018,pubmed-34813665,34813665,10.1111/ics.12754,PubMed,niacinamide-barrier-pigment,烟酰胺与屏障/色素/炎症,"Niacinamide for Barrier, Pigment, and Inflammation",Sensitive skin: Active ingredients on the spotlight.,,2022,International journal of cosmetic science,human_or_mixed_observational,topical_or_oral,S1,barrier,"Sensitive skin is characterized by self-reported sensory perceptions in response to stimuli that should not provoke unpleasant sensations. Cosmetic products for sensitive skin are designed to minimize these symptoms. This study aimed to unveil the most used active ingredients for sensitive skin in facial care products from the pharmacy and parapharmacy channel. A pool of products from the pharmacy and parapharmacy channel whose label included the expressions 'sensitive skin', 'reactive skin' or 'intolerant skin' were analysed. The active ingredients were identified from product compositions and ranked in descending order of occurrence. The scientific evidence regarding the mechanism of action and efficacy of each ingredient was also compiled. Eighty-eight products from 19 multinational brands were included. Niacinamide leads the top, followed by Avena sativa, allantoin, glycyrrhetinic ac",中文草稿：该记录属于「烟酰胺与屏障/色素/炎症」主题，当前抽取到的英文摘要/题录结果为：Sensitive skin is characterized by self-reported sensory perceptions in response to stimuli that should not provoke unpleasant sensations. Cosmetic products for sensitive skin are designed to minimize these symptoms. This study aimed to unveil the most used active ingredients for sensitive skin in facial care products from the pharmacy and parapharmacy channel. A pool of products from the pharmacy and parapharmacy ch,"Draft conclusion: this record can inform Niacinamide for Barrier, Pigment, and Inflammation but requires full-text review before public claims.",中文草稿结论：该记录可作为「烟酰胺与屏障/色素/炎症」的候选证据，但正式结论需要全文复核。,C,abstract_only,可支持：将该记录作为「烟酰胺与屏障/色素/炎症」的候选证据，并按 S1 皮肤终点继续复核。,不支持：不能据此声称逆龄、延寿、替代治疗，或给出产品/剂量/疗程建议。,可讨论皮肤指标，不支持宣传为全身抗衰或延寿。,false,medium,public_draft_not_fully_reviewed,2026-04-28,https://pubmed.ncbi.nlm.nih.gov/34813665/,v0.5_GRADE_RoB_AMSTAR_bibliometrics_venue,18,15,15,7,8,-7,57,10,NIH_iCite_RCR; OpenAlex_cited_by_count,RCR=NA; cited_by=35,JCR IF not auto-imported; journal-level IF is intentionally separated from article-level citation signals.,https://openalex.org/W3215948699,35,,ROBINS-I,not_assessed_public_draft,not_applicable,possible,possible,max_level_A,C,v0.5 综合评分：研究设计、终点价值、人类相关性、来源深度、RCR/OpenAlex 引用信号、发表地/期刊层级和风险扣分；期刊层级 C_indexed_or_identified 加 1 分；当前上限规则为 max_level_A，最终等级 C。,"v0.5 hybrid score using design, endpoint value, human relevance, source depth, RCR/OpenAlex signals, publication venue tier, and risk adjustments; venue tier C_indexed_or_identified adds 1; cap rule max_level_A; final level C.",C_indexed_or_identified,1,"Indexed or DOI/PMID-identifiable venue, but not in the curated high-weight venue list."
skin-niacinamide-barrier-pigment-019,pubmed-26488693,26488693,10.1056/NEJMoa1506197,PubMed,niacinamide-barrier-pigment,烟酰胺与屏障/色素/炎症,"Niacinamide for Barrier, Pigment, and Inflammation",A Phase 3 Randomized Trial of Nicotinamide for Skin-Cancer Chemoprevention.,,2015,The New England journal of medicine,randomized_or_clinical_trial,topical_or_oral,M,skin aging endpoint pending review,"Nonmelanoma skin cancers, such as basal-cell carcinoma and squamous-cell carcinoma, are common cancers that are caused principally by ultraviolet (UV) radiation. Nicotinamide (vitamin B3) has been shown to have protective effects against damage caused by UV radiation and to reduce the rate of new premalignant actinic keratoses. In this phase 3, double-blind, randomized, controlled trial, we randomly assigned, in a 1:1 ratio, 386 participants who had had at least two nonmelanoma skin cancers in the previous 5 years to receive 500 mg of nicotinamide twice daily or placebo for 12 months. Participants were evaluated by dermatologists at 3-month intervals for 18 months. The primary end point was the number of new nonmelanoma skin cancers (i.e., basal-cell carcinomas plus squamous-cell carcinomas) during the 12-month intervention period. Secondary end points included the number of new squamous","中文草稿：该记录属于「烟酰胺与屏障/色素/炎症」主题，当前抽取到的英文摘要/题录结果为：Nonmelanoma skin cancers, such as basal-cell carcinoma and squamous-cell carcinoma, are common cancers that are caused principally by ultraviolet (UV) radiation. Nicotinamide (vitamin B3) has been shown to have protective effects against damage caused by UV radiation and to reduce the rate of new premalignant actinic keratoses. In this phase 3, double-blind, randomized, controlled trial, we randomly assigned, in a 1:","Draft conclusion: this record can inform Niacinamide for Barrier, Pigment, and Inflammation but requires full-text review before public claims.",中文草稿结论：该记录可作为「烟酰胺与屏障/色素/炎症」的候选证据，但正式结论需要全文复核。,D,abstract_only,可支持：将该记录作为「烟酰胺与屏障/色素/炎症」的候选证据，并按 M 皮肤终点继续复核。,不支持：不能据此声称逆龄、延寿、替代治疗，或给出产品/剂量/疗程建议。,可讨论皮肤指标，不支持宣传为全身抗衰或延寿。,false,medium,public_draft_not_fully_reviewed,2026-04-28,https://pubmed.ncbi.nlm.nih.gov/26488693/,v0.5_GRADE_RoB_AMSTAR_bibliometrics_venue,29,5,15,7,12,-7,71,15,NIH_iCite_RCR; OpenAlex_cited_by_count,RCR=NA; cited_by=615,JCR IF not auto-imported; journal-level IF is intentionally separated from article-level citation signals.,https://openalex.org/W1852538637,615,,Cochrane RoB 2,not_assessed_public_draft,not_applicable,possible,possible,max_level_D,D,v0.5 综合评分：研究设计、终点价值、人类相关性、来源深度、RCR/OpenAlex 引用信号、发表地/期刊层级和风险扣分；期刊层级 S_top_general_or_clinical 加 10 分；当前上限规则为 max_level_D，最终等级 D。,"v0.5 hybrid score using design, endpoint value, human relevance, source depth, RCR/OpenAlex signals, publication venue tier, and risk adjustments; venue tier S_top_general_or_clinical adds 10; cap rule max_level_D; final level D.",S_top_general_or_clinical,10,"Top general medical, top science, or major clinical specialty venue. Venue helps, but does not override study design, endpoint, or risk of bias."
skin-niacinamide-barrier-pigment-020,pubmed-38671873,38671873,10.3390/cosmetics10010006,PubMed,niacinamide-barrier-pigment,烟酰胺与屏障/色素/炎症,"Niacinamide for Barrier, Pigment, and Inflammation",Mechanistic Insights into the Multiple Functions of Niacinamide: Therapeutic Implications and Cosmeceutical Applications in Functional Skincare Products.,,2024,"Antioxidants (Basel, Switzerland)",review,topical_or_oral,S1,"pigmentation, acne","Niacinamide (or nicotinamide) is a small-molecule hydrosoluble vitamin with essential metabolic functions in mammalian cells. Niacinamide has become a key functional ingredient in diverse skincare products and cosmetics. This vitamin plays a pivotal role in NAD+ synthesis, notably contributing to redox reactions and energy production in cutaneous cells. Via diversified biochemical mechanisms, niacinamide is also known to influence human DNA repair and cellular stress responses. Based on decades of safe use in cosmetics, niacinamide recently gained widespread popularity as an active ingredient which aligns with the ""Kligman standards"" in skincare. From a therapeutic standpoint, the intrinsic properties of niacinamide may be applied to managing acne vulgaris, melasma, and psoriasis. From a cosmeceutical standpoint, niacinamide has been widely leveraged as a multipurpose antiaging ingredien","中文草稿：该记录属于「烟酰胺与屏障/色素/炎症」主题，当前抽取到的英文摘要/题录结果为：Niacinamide (or nicotinamide) is a small-molecule hydrosoluble vitamin with essential metabolic functions in mammalian cells. Niacinamide has become a key functional ingredient in diverse skincare products and cosmetics. This vitamin plays a pivotal role in NAD+ synthesis, notably contributing to redox reactions and energy production in cutaneous cells. Via diversified biochemical mechanisms, niacinamide is also know","Draft conclusion: this record can inform Niacinamide for Barrier, Pigment, and Inflammation but requires full-text review before public claims.",中文草稿结论：该记录可作为「烟酰胺与屏障/色素/炎症」的候选证据，但正式结论需要全文复核。,C,abstract_plus_open_pmc_available,可支持：将该记录作为「烟酰胺与屏障/色素/炎症」的候选证据，并按 S1 皮肤终点继续复核。,不支持：不能据此声称逆龄、延寿、替代治疗，或给出产品/剂量/疗程建议。,可讨论皮肤指标，不支持宣传为全身抗衰或延寿。,false,medium,public_draft_not_fully_reviewed,2026-04-28,https://pubmed.ncbi.nlm.nih.gov/38671873/,v0.5_GRADE_RoB_AMSTAR_bibliometrics_venue,14,15,9,10,6,-3,52,7,NIH_iCite_RCR; OpenAlex_cited_by_count,RCR=NA; cited_by=13,JCR IF not auto-imported; journal-level IF is intentionally separated from article-level citation signals.,https://openalex.org/W4313414687,13,,domain_screen,not_assessed_public_draft,not_applicable,possible,possible,max_level_A,C,v0.5 综合评分：研究设计、终点价值、人类相关性、来源深度、RCR/OpenAlex 引用信号、发表地/期刊层级和风险扣分；期刊层级 C_indexed_or_identified 加 1 分；当前上限规则为 max_level_A，最终等级 C。,"v0.5 hybrid score using design, endpoint value, human relevance, source depth, RCR/OpenAlex signals, publication venue tier, and risk adjustments; venue tier C_indexed_or_identified adds 1; cap rule max_level_A; final level C.",C_indexed_or_identified,1,"Indexed or DOI/PMID-identifiable venue, but not in the curated high-weight venue list."
skin-topical-vitamin-c-001,pubmed-28805671,28805671,10.1016/j.jid.2017.01.034,PubMed,topical-vitamin-c,维C外用与色素/胶原,Topical Vitamin C,The Roles of Vitamin C in Skin Health.,,2017,Nutrients,review,topical_cosmeceutical,S1,"elasticity, barrier","The primary function of the skin is to act as a barrier against insults from the environment, and its unique structure reflects this. The skin is composed of two layers: the epidermal outer layer is highly cellular and provides the barrier function, and the inner dermal layer ensures strength and elasticity and gives nutritional support to the epidermis. Normal skin contains high concentrations of vitamin C, which supports important and well-known functions, stimulating collagen synthesis and assisting in antioxidant protection against UV-induced photodamage. This knowledge is often used as a rationale for the addition of vitamin C to topical applications, but the efficacy of such treatment, as opposed to optimising dietary vitamin C intake, is poorly understood. This review discusses the potential roles for vitamin C in skin health and summarises the in vitro and in vivo research to dat","中文草稿：该记录属于「维C外用与色素/胶原」主题，当前抽取到的英文摘要/题录结果为：The primary function of the skin is to act as a barrier against insults from the environment, and its unique structure reflects this. The skin is composed of two layers: the epidermal outer layer is highly cellular and provides the barrier function, and the inner dermal layer ensures strength and elasticity and gives nutritional support to the epidermis. Normal skin contains high concentrations of vitamin C, which su",Draft conclusion: this record can inform Topical Vitamin C but requires full-text review before public claims.,中文草稿结论：该记录可作为「维C外用与色素/胶原」的候选证据，但正式结论需要全文复核。,C,abstract_plus_open_pmc_available,可支持：将该记录作为「维C外用与色素/胶原」的候选证据，并按 S1 皮肤终点继续复核。,不支持：不能据此声称逆龄、延寿、替代治疗，或给出产品/剂量/疗程建议。,不支持把外用维C写成可替代防晒、医美或疾病治疗。,false,medium,public_draft_not_fully_reviewed,2026-04-28,https://pubmed.ncbi.nlm.nih.gov/28805671/,v0.5_GRADE_RoB_AMSTAR_bibliometrics_venue,14,15,9,10,8,-3,57,12,NIH_iCite_RCR; OpenAlex_cited_by_count,RCR=NA; cited_by=55,JCR IF not auto-imported; journal-level IF is intentionally separated from article-level citation signals.,https://openalex.org/W2588182863,55,,domain_screen,not_assessed_public_draft,not_applicable,possible,possible,max_level_A,C,v0.5 综合评分：研究设计、终点价值、人类相关性、来源深度、RCR/OpenAlex 引用信号、发表地/期刊层级和风险扣分；期刊层级 B_reputable_specialty_or_broad 加 4 分；当前上限规则为 max_level_A，最终等级 C。,"v0.5 hybrid score using design, endpoint value, human relevance, source depth, RCR/OpenAlex signals, publication venue tier, and risk adjustments; venue tier B_reputable_specialty_or_broad adds 4; cap rule max_level_A; final level C.",B_reputable_specialty_or_broad,4,"Indexed specialty or broad journal commonly seen in the atlas. Useful signal, but article-level quality still decides."
skin-topical-vitamin-c-002,pubmed-38931263,38931263,10.1016/j.nutres.2018.06.001,PubMed,topical-vitamin-c,维C外用与色素/胶原,Topical Vitamin C,"The Effects of Dietary Supplementation with Collagen and Vitamin C and Their Combination with Hyaluronic Acid on Skin Density, Texture and Other Parameters: A Randomised, Double-Blind, Placebo-Controlled Trial.",,2024,Nutrients,randomized_or_clinical_trial,topical_cosmeceutical,S1,"wrinkle, elasticity, hydration","Collagen dietary supplements are becoming increasingly popular as a means to reduce signs of skin ageing. The objective of this three-way, randomised, placebo-controlled, double-blind study was to examine and contrast the effects of dietary supplementation with a daily dose of 5 g hydrolysed collagen with 80 mg of vitamin C (CP product) and their combination with 30 mg of hyaluronic acid (CPHA product) over 16 weeks. Validated methods were utilised for the objective evaluation of skin parameters. In total, 87 subjects (women, 40-65 years) completed the entire trial, distributed across the groups as follows: placebo group (n = 29), CPHA group (n = 28), and CP group (n = 30). The results showed beneficial effects of both test products, with notable enhancements in dermis density, skin texture, and a reduction in the severity of wrinkles. In contrast, the administration of either of the pro","中文草稿：该记录属于「维C外用与色素/胶原」主题，当前抽取到的英文摘要/题录结果为：Collagen dietary supplements are becoming increasingly popular as a means to reduce signs of skin ageing. The objective of this three-way, randomised, placebo-controlled, double-blind study was to examine and contrast the effects of dietary supplementation with a daily dose of 5 g hydrolysed collagen with 80 mg of vitamin C (CP product) and their combination with 30 mg of hyaluronic acid (CPHA product) over 16 weeks.",Draft conclusion: this record can inform Topical Vitamin C but requires full-text review before public claims.,中文草稿结论：该记录可作为「维C外用与色素/胶原」的候选证据，但正式结论需要全文复核。,B,abstract_plus_open_pmc_available,可支持：将该记录作为「维C外用与色素/胶原」的候选证据，并按 S1 皮肤终点继续复核。,不支持：不能据此声称逆龄、延寿、替代治疗，或给出产品/剂量/疗程建议。,不支持把外用维C写成可替代防晒、医美或疾病治疗。,false,medium,public_draft_not_fully_reviewed,2026-04-28,https://pubmed.ncbi.nlm.nih.gov/38931263/,v0.5_GRADE_RoB_AMSTAR_bibliometrics_venue,29,15,15,10,10,-3,80,14,NIH_iCite_RCR; OpenAlex_cited_by_count,RCR=NA; cited_by=113,JCR IF not auto-imported; journal-level IF is intentionally separated from article-level citation signals.,https://openalex.org/W2806322967,113,,Cochrane RoB 2,not_assessed_public_draft,not_applicable,possible,possible,max_level_A,B,v0.5 综合评分：研究设计、终点价值、人类相关性、来源深度、RCR/OpenAlex 引用信号、发表地/期刊层级和风险扣分；期刊层级 B_reputable_specialty_or_broad 加 4 分；当前上限规则为 max_level_A，最终等级 B。,"v0.5 hybrid score using design, endpoint value, human relevance, source depth, RCR/OpenAlex signals, publication venue tier, and risk adjustments; venue tier B_reputable_specialty_or_broad adds 4; cap rule max_level_A; final level B.",B_reputable_specialty_or_broad,4,"Indexed specialty or broad journal commonly seen in the atlas. Useful signal, but article-level quality still decides."
skin-topical-vitamin-c-003,pubmed-34559950,34559950,10.1111/jocd.14465,PubMed,topical-vitamin-c,维C外用与色素/胶原,Topical Vitamin C,A review of topical vitamin C derivatives and their efficacy.,,2022,Journal of cosmetic dermatology,review,topical_cosmeceutical,S2,skin aging endpoint pending review,"Vitamin C is a popular ingredient in over-the-counter cosmeceuticals due to its many biological functions in maintaining and improving skin health by treating UV damage, improving discoloration, and boosting collagen production. Several chemically modified derivatives of vitamin C have been developed in an attempt to increase the stability, percutaneous absorption, and overall activity of this ingredient in topical formulations. The goal of this review is to evaluate the differences between vitamin C derivatives that have been designed for cosmeceutical use and their efficacy.","中文草稿：该记录属于「维C外用与色素/胶原」主题，当前抽取到的英文摘要/题录结果为：Vitamin C is a popular ingredient in over-the-counter cosmeceuticals due to its many biological functions in maintaining and improving skin health by treating UV damage, improving discoloration, and boosting collagen production. Several chemically modified derivatives of vitamin C have been developed in an attempt to increase the stability, percutaneous absorption, and overall activity of this ingredient in topical f",Draft conclusion: this record can inform Topical Vitamin C but requires full-text review before public claims.,中文草稿结论：该记录可作为「维C外用与色素/胶原」的候选证据，但正式结论需要全文复核。,C,abstract_only,可支持：将该记录作为「维C外用与色素/胶原」的候选证据，并按 S2 皮肤终点继续复核。,不支持：不能据此声称逆龄、延寿、替代治疗，或给出产品/剂量/疗程建议。,不支持把外用维C写成可替代防晒、医美或疾病治疗。,false,medium,public_draft_not_fully_reviewed,2026-04-28,https://pubmed.ncbi.nlm.nih.gov/34559950/,v0.5_GRADE_RoB_AMSTAR_bibliometrics_venue,14,8,9,7,8,-7,40,11,NIH_iCite_RCR; OpenAlex_cited_by_count,RCR=NA; cited_by=42,JCR IF not auto-imported; journal-level IF is intentionally separated from article-level citation signals.,https://openalex.org/W3199682299,42,,domain_screen,not_assessed_public_draft,not_applicable,possible,possible,max_level_D,D,v0.5 综合评分：研究设计、终点价值、人类相关性、来源深度、RCR/OpenAlex 引用信号、发表地/期刊层级和风险扣分；期刊层级 C_indexed_or_identified 加 1 分；当前上限规则为 max_level_D，最终等级 D。,"v0.5 hybrid score using design, endpoint value, human relevance, source depth, RCR/OpenAlex signals, publication venue tier, and risk adjustments; venue tier C_indexed_or_identified adds 1; cap rule max_level_D; final level D.",C_indexed_or_identified,1,"Indexed or DOI/PMID-identifiable venue, but not in the curated high-weight venue list."
skin-topical-vitamin-c-004,pubmed-29104718,29104718,,PubMed,topical-vitamin-c,维C外用与色素/胶原,Topical Vitamin C,Topical Vitamin C and the Skin: Mechanisms of Action and Clinical Applications.,,2017,The Journal of clinical and aesthetic dermatology,review,topical_cosmeceutical,S1,"pigmentation, photoaging","OBJECTIVE: This review article details the main mechanisms of action and clinical applications of topical vitamin C on the skin, including its antioxidative, photoprotective, antiaging, and antipigmentary effects. DESIGN: A PubMed search for the relevant articles on vitamin C and the skin was conducted using the following key words: ""vitamin C,"" ""ascorbic acid,"" ""ascorbyl-6-palmitate,""and ""magnesium ascorbyl phosphate."" RESULTS: As one of the most powerful antioxidants in the skin, vitamin C has been shown to protect against photoaging, ultraviolet-induced immunosuppression, and photocarcinogenesis. It also has an antiaging effect by increasing collagen synthesis, stabilizing collagen fibers, and decreasing collagen degradation. It decreases melanin formation, thereby reducing pigmentation. Vitamin C is the primary replenisher of vitamin E and works synergistically with vitamin E in the ","中文草稿：该记录属于「维C外用与色素/胶原」主题，当前抽取到的英文摘要/题录结果为：OBJECTIVE: This review article details the main mechanisms of action and clinical applications of topical vitamin C on the skin, including its antioxidative, photoprotective, antiaging, and antipigmentary effects. DESIGN: A PubMed search for the relevant articles on vitamin C and the skin was conducted using the following key words: ""vitamin C,"" ""ascorbic acid,"" ""ascorbyl-6-palmitate,""and ""magnesium ascorbyl phosphat",Draft conclusion: this record can inform Topical Vitamin C but requires full-text review before public claims.,中文草稿结论：该记录可作为「维C外用与色素/胶原」的候选证据，但正式结论需要全文复核。,C,abstract_plus_open_pmc_available,可支持：将该记录作为「维C外用与色素/胶原」的候选证据，并按 S1 皮肤终点继续复核。,不支持：不能据此声称逆龄、延寿、替代治疗，或给出产品/剂量/疗程建议。,不支持把外用维C写成可替代防晒、医美或疾病治疗。,false,medium,public_draft_not_fully_reviewed,2026-04-28,https://pubmed.ncbi.nlm.nih.gov/29104718/,v0.5_GRADE_RoB_AMSTAR_bibliometrics_venue,14,15,9,10,8,-3,54,15,NIH_iCite_RCR; OpenAlex_cited_by_count,RCR=NA; cited_by=185,JCR IF not auto-imported; journal-level IF is intentionally separated from article-level citation signals.,https://openalex.org/W3021972214,185,,domain_screen,not_assessed_public_draft,not_applicable,possible,possible,max_level_A,C,v0.5 综合评分：研究设计、终点价值、人类相关性、来源深度、RCR/OpenAlex 引用信号、发表地/期刊层级和风险扣分；期刊层级 C_indexed_or_identified 加 1 分；当前上限规则为 max_level_A，最终等级 C。,"v0.5 hybrid score using design, endpoint value, human relevance, source depth, RCR/OpenAlex signals, publication venue tier, and risk adjustments; venue tier C_indexed_or_identified adds 1; cap rule max_level_A; final level C.",C_indexed_or_identified,1,"Indexed or DOI/PMID-identifiable venue, but not in the curated high-weight venue list."
skin-topical-vitamin-c-005,pubmed-37128827,37128827,10.1111/jocd.15748,PubMed,topical-vitamin-c,维C外用与色素/胶原,Topical Vitamin C,Efficacy of topical vitamin C in melasma and photoaging: A systematic review.,,2023,Journal of cosmetic dermatology,systematic_review_or_meta_analysis,topical_cosmeceutical,S1,"wrinkle, hydration, pigmentation, photoaging","Vitamin C is a micronutrient present in high concentrations in normal skin and a highly prescribed cosmeceutical, well known for protecting against ultraviolet-induced pigmentation and regulating collagen production. However, there is a lack of studies evaluating the efficacy of topical vitamin C in photoaging and melasma, with this systematic review being the first to assess the existing evidence. This systematic review aims to assess whether topical vitamin C could be effective in reversing photoaging signs and treating melasma. Prospective, randomized controlled trials assessing protocols with topically applied vitamin C in patients with melasma or photodamage were searched in Medline, CENTRAL, and Scopus databases until the 12th of May 2022. Risk of bias was conducted in accordance with Cochrane Collaboration's tool for assessing the risk of bias in randomized trials, using RevMan 5.","中文草稿：该记录属于「维C外用与色素/胶原」主题，当前抽取到的英文摘要/题录结果为：Vitamin C is a micronutrient present in high concentrations in normal skin and a highly prescribed cosmeceutical, well known for protecting against ultraviolet-induced pigmentation and regulating collagen production. However, there is a lack of studies evaluating the efficacy of topical vitamin C in photoaging and melasma, with this systematic review being the first to assess the existing evidence. This systematic re",Draft conclusion: this record can inform Topical Vitamin C but requires full-text review before public claims.,中文草稿结论：该记录可作为「维C外用与色素/胶原」的候选证据，但正式结论需要全文复核。,A,abstract_only,可支持：将该记录作为「维C外用与色素/胶原」的候选证据，并按 S1 皮肤终点继续复核。,不支持：不能据此声称逆龄、延寿、替代治疗，或给出产品/剂量/疗程建议。,不支持把外用维C写成可替代防晒、医美或疾病治疗。,false,medium,public_draft_not_fully_reviewed,2026-04-28,https://pubmed.ncbi.nlm.nih.gov/37128827/,v0.5_GRADE_RoB_AMSTAR_bibliometrics_venue,34,15,9,7,8,-7,67,11,NIH_iCite_RCR; OpenAlex_cited_by_count,RCR=NA; cited_by=40,JCR IF not auto-imported; journal-level IF is intentionally separated from article-level citation signals.,https://openalex.org/W4367669234,40,,AMSTAR 2,not_assessed_public_draft,not_assessed_public_draft,possible,possible,max_level_B,B,v0.5 综合评分：研究设计、终点价值、人类相关性、来源深度、RCR/OpenAlex 引用信号、发表地/期刊层级和风险扣分；期刊层级 C_indexed_or_identified 加 1 分；当前上限规则为 max_level_B，最终等级 B。,"v0.5 hybrid score using design, endpoint value, human relevance, source depth, RCR/OpenAlex signals, publication venue tier, and risk adjustments; venue tier C_indexed_or_identified adds 1; cap rule max_level_B; final level B.",C_indexed_or_identified,1,"Indexed or DOI/PMID-identifiable venue, but not in the curated high-weight venue list."
skin-topical-vitamin-c-006,pubmed-24796079,24796079,10.12968/bjcn.2013.18.sup12.s6,PubMed,topical-vitamin-c,维C外用与色素/胶原,Topical Vitamin C,Vitamin C: a wound healing perspective.,,2013,British journal of community nursing,review,topical_cosmeceutical,S2,skin aging endpoint pending review,"Vitamin C, also known as ascorbic acid (AA), is involved in all phases of wound healing. In the inflammatory phase it is required for neutrophil apoptosis and clearance. During the proliferative phase, AA contributes towards synthesis, maturation, secretion and degradation of collagen. Deficiencies affect the maturation phase by altering collagen production and scar formation. The body strives to maintain homeostasis of AA, thereby ensuring availability for collagen synthesis. After wounding, plasma and tissue levels of AA diminish and, as a consequence, supplements may be useful for healing, although levels beyond saturation are excreted Clinicians need to be aware of both the nutritional status of patients with either acute or chronic wounds and the possibility of any AA deficiency which may hinder healing.","中文草稿：该记录属于「维C外用与色素/胶原」主题，当前抽取到的英文摘要/题录结果为：Vitamin C, also known as ascorbic acid (AA), is involved in all phases of wound healing. In the inflammatory phase it is required for neutrophil apoptosis and clearance. During the proliferative phase, AA contributes towards synthesis, maturation, secretion and degradation of collagen. Deficiencies affect the maturation phase by altering collagen production and scar formation. The body strives to maintain homeostasis",Draft conclusion: this record can inform Topical Vitamin C but requires full-text review before public claims.,中文草稿结论：该记录可作为「维C外用与色素/胶原」的候选证据，但正式结论需要全文复核。,C,abstract_only,可支持：将该记录作为「维C外用与色素/胶原」的候选证据，并按 S2 皮肤终点继续复核。,不支持：不能据此声称逆龄、延寿、替代治疗，或给出产品/剂量/疗程建议。,不支持把外用维C写成可替代防晒、医美或疾病治疗。,false,medium,public_draft_not_fully_reviewed,2026-04-28,https://pubmed.ncbi.nlm.nih.gov/24796079/,v0.5_GRADE_RoB_AMSTAR_bibliometrics_venue,14,8,9,7,10,-7,42,15,NIH_iCite_RCR; OpenAlex_cited_by_count,RCR=NA; cited_by=164,JCR IF not auto-imported; journal-level IF is intentionally separated from article-level citation signals.,https://openalex.org/W1989357445,164,,domain_screen,not_assessed_public_draft,not_applicable,possible,possible,max_level_D,D,v0.5 综合评分：研究设计、终点价值、人类相关性、来源深度、RCR/OpenAlex 引用信号、发表地/期刊层级和风险扣分；期刊层级 C_indexed_or_identified 加 1 分；当前上限规则为 max_level_D，最终等级 D。,"v0.5 hybrid score using design, endpoint value, human relevance, source depth, RCR/OpenAlex signals, publication venue tier, and risk adjustments; venue tier C_indexed_or_identified adds 1; cap rule max_level_D; final level D.",C_indexed_or_identified,1,"Indexed or DOI/PMID-identifiable venue, but not in the curated high-weight venue list."
skin-topical-vitamin-c-007,pubmed-39365570,39365570,10.18388/pb.2021_554,PubMed,topical-vitamin-c,维C外用与色素/胶原,Topical Vitamin C,[Vitamin C and its derivatives in maintaining the good skin condition].,,2024,Postepy biochemii,review,topical_cosmeceutical,S2,skin aging endpoint pending review,"Vitamin C is one of the most important and necessary nutrient for human health, which has great potential as cosmeceutic, which protects health and the skin good condition. Thru the collagen biosynthesis stimulation it affects to the physiology of human skin, participating in the hydroxylation process of proline and lysine, and participates in tissue reconstruction while wound healing. Deficiency of vitamin C causes irregularities in the blood vessels functioning, epidermis and dermis. Is an effective antioxidant neutralizing free radicals, prevents inflammatory and carcinogenic processes. The epidermis and dermis are most exposed to free radicals from the external environment and from the inside of the body. In inflammatory diseases of the skin, such as atopic dermatitis, psoriasis, in the proper skin the levels of vitamin C are reduced. Therefore, delivering it to the skin using cosmet","中文草稿：该记录属于「维C外用与色素/胶原」主题，当前抽取到的英文摘要/题录结果为：Vitamin C is one of the most important and necessary nutrient for human health, which has great potential as cosmeceutic, which protects health and the skin good condition. Thru the collagen biosynthesis stimulation it affects to the physiology of human skin, participating in the hydroxylation process of proline and lysine, and participates in tissue reconstruction while wound healing. Deficiency of vitamin C causes ",Draft conclusion: this record can inform Topical Vitamin C but requires full-text review before public claims.,中文草稿结论：该记录可作为「维C外用与色素/胶原」的候选证据，但正式结论需要全文复核。,C,abstract_only,可支持：将该记录作为「维C外用与色素/胶原」的候选证据，并按 S2 皮肤终点继续复核。,不支持：不能据此声称逆龄、延寿、替代治疗，或给出产品/剂量/疗程建议。,不支持把外用维C写成可替代防晒、医美或疾病治疗。,false,medium,public_draft_not_fully_reviewed,2026-04-28,https://pubmed.ncbi.nlm.nih.gov/39365570/,v0.5_GRADE_RoB_AMSTAR_bibliometrics_venue,14,8,9,7,6,-7,38,2,NIH_iCite_RCR; OpenAlex_cited_by_count,RCR=NA; cited_by=1,JCR IF not auto-imported; journal-level IF is intentionally separated from article-level citation signals.,https://openalex.org/W4401441742,1,,domain_screen,not_assessed_public_draft,not_applicable,possible,possible,max_level_D,D,v0.5 综合评分：研究设计、终点价值、人类相关性、来源深度、RCR/OpenAlex 引用信号、发表地/期刊层级和风险扣分；期刊层级 C_indexed_or_identified 加 1 分；当前上限规则为 max_level_D，最终等级 D。,"v0.5 hybrid score using design, endpoint value, human relevance, source depth, RCR/OpenAlex signals, publication venue tier, and risk adjustments; venue tier C_indexed_or_identified adds 1; cap rule max_level_D; final level D.",C_indexed_or_identified,1,"Indexed or DOI/PMID-identifiable venue, but not in the curated high-weight venue list."
skin-topical-vitamin-c-008,pubmed-36139737,36139737,10.21164/pomjlifesci.12,PubMed,topical-vitamin-c,维C外用与色素/胶原,Topical Vitamin C,Ascorbic Acid (Vitamin C) as a Cosmeceutical to Increase Dermal Collagen for Skin Antiaging Purposes: Emerging Combination Therapies.,,2022,"Antioxidants (Basel, Switzerland)",review,topical_cosmeceutical,S1,photoaging,"Ascorbic acid (AA) is an essential nutrient and has great potential as a cosmeceutical that protects the health and beauty of the skin. AA is expected to attenuate photoaging and the natural aging of the skin by reducing oxidative stress caused by external and internal factors and by promoting collagen gene expression and maturation. In this review, the biochemical basis of AA associated with collagen metabolism and clinical evidence of AA in increasing dermal collagen and inhibiting skin aging were discussed. In addition, we reviewed emerging strategies that have been developed to overcome the shortcomings of AA as a cosmeceutical and achieve maximum efficacy. Because extracellular matrix proteins, such as collagen, have unique amino acid compositions, their production in cells is influenced by the availability of specific amino acids. For example, glycine residues occupy 1/3 of amino a","中文草稿：该记录属于「维C外用与色素/胶原」主题，当前抽取到的英文摘要/题录结果为：Ascorbic acid (AA) is an essential nutrient and has great potential as a cosmeceutical that protects the health and beauty of the skin. AA is expected to attenuate photoaging and the natural aging of the skin by reducing oxidative stress caused by external and internal factors and by promoting collagen gene expression and maturation. In this review, the biochemical basis of AA associated with collagen metabolism and ",Draft conclusion: this record can inform Topical Vitamin C but requires full-text review before public claims.,中文草稿结论：该记录可作为「维C外用与色素/胶原」的候选证据，但正式结论需要全文复核。,C,abstract_plus_open_pmc_available,可支持：将该记录作为「维C外用与色素/胶原」的候选证据，并按 S1 皮肤终点继续复核。,不支持：不能据此声称逆龄、延寿、替代治疗，或给出产品/剂量/疗程建议。,不支持把外用维C写成可替代防晒、医美或疾病治疗。,false,medium,public_draft_not_fully_reviewed,2026-04-28,https://pubmed.ncbi.nlm.nih.gov/36139737/,v0.5_GRADE_RoB_AMSTAR_bibliometrics_venue,14,15,9,10,6,-3,52,9,NIH_iCite_RCR; OpenAlex_cited_by_count,RCR=NA; cited_by=20,JCR IF not auto-imported; journal-level IF is intentionally separated from article-level citation signals.,https://openalex.org/W2194037375,20,,domain_screen,not_assessed_public_draft,not_applicable,possible,possible,max_level_A,C,v0.5 综合评分：研究设计、终点价值、人类相关性、来源深度、RCR/OpenAlex 引用信号、发表地/期刊层级和风险扣分；期刊层级 C_indexed_or_identified 加 1 分；当前上限规则为 max_level_A，最终等级 C。,"v0.5 hybrid score using design, endpoint value, human relevance, source depth, RCR/OpenAlex signals, publication venue tier, and risk adjustments; venue tier C_indexed_or_identified adds 1; cap rule max_level_A; final level C.",C_indexed_or_identified,1,"Indexed or DOI/PMID-identifiable venue, but not in the curated high-weight venue list."
skin-topical-vitamin-c-009,pubmed-11207686,11207686,10.1046/j.1524-4725.2001.00264.x,PubMed,topical-vitamin-c,维C外用与色素/胶原,Topical Vitamin C,Topical L-ascorbic acid: percutaneous absorption studies.,,2001,Dermatologic surgery : official publication for American Society for Dermatologic Surgery [et al.],human_or_mixed_observational,topical_cosmeceutical,S1,photoaging,"Reactive oxygen species generated by ultraviolet light result in photocarcinogenic and photoaging changes in the skin. Antioxidants protect skin from these insults. This study defines formulation characteristics for delivering L-ascorbic acid into the skin to supplement the skin's natural antioxidant reservoir. L-ascorbic acid or its derivatives were applied to pig skin. Skin levels of L-ascorbic acid were measured to determine percutaneous delivery. L-ascorbic acid must be formulated at pH levels less than 3.5 to enter the skin. Maximal concentration for optimal percutaneous absorption was 20%. Tissue levels were saturated after three daily applications; the half-life of tissue disappearance was about 4 days. Derivatives of ascorbic acid including magnesium ascorbyl phosphate, ascorbyl-6-palmitate, and dehydroascorbic acid did not increase skin levels of L-ascorbic acid. Delivery of top",中文草稿：该记录属于「维C外用与色素/胶原」主题，当前抽取到的英文摘要/题录结果为：Reactive oxygen species generated by ultraviolet light result in photocarcinogenic and photoaging changes in the skin. Antioxidants protect skin from these insults. This study defines formulation characteristics for delivering L-ascorbic acid into the skin to supplement the skin's natural antioxidant reservoir. L-ascorbic acid or its derivatives were applied to pig skin. Skin levels of L-ascorbic acid were measured t,Draft conclusion: this record can inform Topical Vitamin C but requires full-text review before public claims.,中文草稿结论：该记录可作为「维C外用与色素/胶原」的候选证据，但正式结论需要全文复核。,C,abstract_only,可支持：将该记录作为「维C外用与色素/胶原」的候选证据，并按 S1 皮肤终点继续复核。,不支持：不能据此声称逆龄、延寿、替代治疗，或给出产品/剂量/疗程建议。,不支持把外用维C写成可替代防晒、医美或疾病治疗。,false,medium,public_draft_not_fully_reviewed,2026-04-28,https://pubmed.ncbi.nlm.nih.gov/11207686/,v0.5_GRADE_RoB_AMSTAR_bibliometrics_venue,18,15,15,7,10,-7,59,15,NIH_iCite_RCR; OpenAlex_cited_by_count,RCR=NA; cited_by=208,JCR IF not auto-imported; journal-level IF is intentionally separated from article-level citation signals.,https://openalex.org/W2171899001,208,,ROBINS-I,not_assessed_public_draft,not_applicable,possible,possible,max_level_A,C,v0.5 综合评分：研究设计、终点价值、人类相关性、来源深度、RCR/OpenAlex 引用信号、发表地/期刊层级和风险扣分；期刊层级 C_indexed_or_identified 加 1 分；当前上限规则为 max_level_A，最终等级 C。,"v0.5 hybrid score using design, endpoint value, human relevance, source depth, RCR/OpenAlex signals, publication venue tier, and risk adjustments; venue tier C_indexed_or_identified adds 1; cap rule max_level_A; final level C.",C_indexed_or_identified,1,"Indexed or DOI/PMID-identifiable venue, but not in the curated high-weight venue list."
skin-topical-vitamin-c-010,pubmed-40776734,40776734,10.1016/j.nutres.2017.07.010,PubMed,topical-vitamin-c,维C外用与色素/胶原,Topical Vitamin C,The role of vitamin C on the skin.,,2025,South African family practice : official journal of the South African Academy of Family Practice/Primary Care,review,topical_cosmeceutical,S1,pigmentation,"Vitamin C (ascorbic acid or ascorbate) plays an important role in regulating the health of the skin, promoting the differentiation of epithelial skin cells (keratinocytes) while contributing a notable role in the reduction of melanin synthesis, leading to antioxidative protection against solar-related skin damage. Vitamin C is only sourced from diet because humans have no ability to synthesise it in vivo. Routine dietary intake choices become key in maintaining the skin's integrity, preventing and treating some of the skin conditions encountered regularly by general practitioners and skin specialists alike. There is a strong association between vitamin C and the ageing process, skin pigmentation, control of certain skin diseases and a role in some skin cancers through antioxidation properties. Literature suggests that topical application of vitamin C in different forms of formulations ha","中文草稿：该记录属于「维C外用与色素/胶原」主题，当前抽取到的英文摘要/题录结果为：Vitamin C (ascorbic acid or ascorbate) plays an important role in regulating the health of the skin, promoting the differentiation of epithelial skin cells (keratinocytes) while contributing a notable role in the reduction of melanin synthesis, leading to antioxidative protection against solar-related skin damage. Vitamin C is only sourced from diet because humans have no ability to synthesise it in vivo. Routine die",Draft conclusion: this record can inform Topical Vitamin C but requires full-text review before public claims.,中文草稿结论：该记录可作为「维C外用与色素/胶原」的候选证据，但正式结论需要全文复核。,C,abstract_plus_open_pmc_available,可支持：将该记录作为「维C外用与色素/胶原」的候选证据，并按 S1 皮肤终点继续复核。,不支持：不能据此声称逆龄、延寿、替代治疗，或给出产品/剂量/疗程建议。,不支持把外用维C写成可替代防晒、医美或疾病治疗。,false,medium,public_draft_not_fully_reviewed,2026-04-28,https://pubmed.ncbi.nlm.nih.gov/40776734/,v0.5_GRADE_RoB_AMSTAR_bibliometrics_venue,14,15,9,10,8,-3,54,10,NIH_iCite_RCR; OpenAlex_cited_by_count,RCR=NA; cited_by=35,JCR IF not auto-imported; journal-level IF is intentionally separated from article-level citation signals.,https://openalex.org/W2740129896,35,,domain_screen,not_assessed_public_draft,not_applicable,possible,possible,max_level_A,C,v0.5 综合评分：研究设计、终点价值、人类相关性、来源深度、RCR/OpenAlex 引用信号、发表地/期刊层级和风险扣分；期刊层级 C_indexed_or_identified 加 1 分；当前上限规则为 max_level_A，最终等级 C。,"v0.5 hybrid score using design, endpoint value, human relevance, source depth, RCR/OpenAlex signals, publication venue tier, and risk adjustments; venue tier C_indexed_or_identified adds 1; cap rule max_level_A; final level C.",C_indexed_or_identified,1,"Indexed or DOI/PMID-identifiable venue, but not in the curated high-weight venue list."
skin-topical-vitamin-c-011,pubmed-12821280,12821280,10.1016/s0300-483x(03)00150-1,PubMed,topical-vitamin-c,维C外用与色素/胶原,Topical Vitamin C,UV-induced skin damage.,,2003,Toxicology,review,topical_cosmeceutical,S1,photoaging,"Solar radiation induces acute and chronic reactions in human and animal skin. Chronic repeated exposures are the primary cause of benign and malignant skin tumors, including malignant melanoma. Among types of solar radiation, ultraviolet B (290-320 nm) radiation is highly mutagenic and carcinogenic in animal experiments compared to ultraviolet A (320-400 nm) radiation. Epidemiological studies suggest that solar UV radiation is responsible for skin tumor development via gene mutations and immunosuppression, and possibly for photoaging. In this review, recent understanding of DNA damage caused by direct UV radiation and by indirect stress via reactive oxygen species (ROS) and DNA repair mechanisms, particularly nucleotide excision repair of human cells, are discussed. In addition, mutations induced by solar UV radiation in p53, ras and patched genes of non-melanoma skin cancer cells, and t","中文草稿：该记录属于「维C外用与色素/胶原」主题，当前抽取到的英文摘要/题录结果为：Solar radiation induces acute and chronic reactions in human and animal skin. Chronic repeated exposures are the primary cause of benign and malignant skin tumors, including malignant melanoma. Among types of solar radiation, ultraviolet B (290-320 nm) radiation is highly mutagenic and carcinogenic in animal experiments compared to ultraviolet A (320-400 nm) radiation. Epidemiological studies suggest that solar UV ra",Draft conclusion: this record can inform Topical Vitamin C but requires full-text review before public claims.,中文草稿结论：该记录可作为「维C外用与色素/胶原」的候选证据，但正式结论需要全文复核。,C,abstract_only,可支持：将该记录作为「维C外用与色素/胶原」的候选证据，并按 S1 皮肤终点继续复核。,不支持：不能据此声称逆龄、延寿、替代治疗，或给出产品/剂量/疗程建议。,不支持把外用维C写成可替代防晒、医美或疾病治疗。,false,medium,public_draft_not_fully_reviewed,2026-04-28,https://pubmed.ncbi.nlm.nih.gov/12821280/,v0.5_GRADE_RoB_AMSTAR_bibliometrics_venue,14,15,9,7,12,-7,51,15,NIH_iCite_RCR; OpenAlex_cited_by_count,RCR=NA; cited_by=935,JCR IF not auto-imported; journal-level IF is intentionally separated from article-level citation signals.,https://openalex.org/W2147206627,935,,domain_screen,not_assessed_public_draft,not_applicable,possible,possible,max_level_A,C,v0.5 综合评分：研究设计、终点价值、人类相关性、来源深度、RCR/OpenAlex 引用信号、发表地/期刊层级和风险扣分；期刊层级 C_indexed_or_identified 加 1 分；当前上限规则为 max_level_A，最终等级 C。,"v0.5 hybrid score using design, endpoint value, human relevance, source depth, RCR/OpenAlex signals, publication venue tier, and risk adjustments; venue tier C_indexed_or_identified adds 1; cap rule max_level_A; final level C.",C_indexed_or_identified,1,"Indexed or DOI/PMID-identifiable venue, but not in the curated high-weight venue list."
skin-topical-vitamin-c-012,pubmed-39769123,39769123,10.1002/(SICI)1520-6343(1999)5:4<229::AID-BSPY3>3.0.CO;2-I,PubMed,topical-vitamin-c,维C外用与色素/胶原,Topical Vitamin C,Effect of High-Dose Vitamin C on Tendon Cell Degeneration-An In Vitro Study.,,2024,International journal of molecular sciences,preclinical_or_mechanistic,topical_cosmeceutical,S2,skin aging endpoint pending review,"Tendinopathy is an aging-related disease, often caused by micro-scarring and degeneration due to overuse or trauma. Ascorbic acid (vitamin C) supplementation is reported to be a useful treatment for tendinopathy recovery. We compared the inhibitory effects of various ascorbic acid doses on tendon cell damage. H2O2 was added to human-derived tendon cells in vitro (Group H2O2, control), followed by incubation with 150 µM or 30 mM of ascorbic acid (Group C, Group HC). The oxidative injury degree was evaluated by determining reactive oxygen species levels. The cytoskeletal structure was examined via fluorescence immunostaining of actin filaments. Quantitative polymerase chain reaction (qPCR) was performed to analyze the expressions of mitochondria transcription factor A, adenosine triphosphate 5A, type I collagen, and p16. Cell death was reduced, and oxidative stress was inhibited in C and H","中文草稿：该记录属于「维C外用与色素/胶原」主题，当前抽取到的英文摘要/题录结果为：Tendinopathy is an aging-related disease, often caused by micro-scarring and degeneration due to overuse or trauma. Ascorbic acid (vitamin C) supplementation is reported to be a useful treatment for tendinopathy recovery. We compared the inhibitory effects of various ascorbic acid doses on tendon cell damage. H2O2 was added to human-derived tendon cells in vitro (Group H2O2, control), followed by incubation with 150 ",Draft conclusion: this record can inform Topical Vitamin C but requires full-text review before public claims.,中文草稿结论：该记录可作为「维C外用与色素/胶原」的候选证据，但正式结论需要全文复核。,D,abstract_plus_open_pmc_available,可支持：将该记录作为「维C外用与色素/胶原」的候选证据，并按 S2 皮肤终点继续复核。,不支持：不能据此声称逆龄、延寿、替代治疗，或给出产品/剂量/疗程建议。,不支持把外用维C写成可替代防晒、医美或疾病治疗。,false,medium,public_draft_not_fully_reviewed,2026-04-28,https://pubmed.ncbi.nlm.nih.gov/39769123/,v0.5_GRADE_RoB_AMSTAR_bibliometrics_venue,11,8,15,10,6,-3,51,8,NIH_iCite_RCR; OpenAlex_cited_by_count,RCR=NA; cited_by=18,JCR IF not auto-imported; journal-level IF is intentionally separated from article-level citation signals.,https://openalex.org/W2046729977,18,,Cochrane RoB 2,not_assessed_public_draft,not_applicable,possible,possible,max_level_D,D,v0.5 综合评分：研究设计、终点价值、人类相关性、来源深度、RCR/OpenAlex 引用信号、发表地/期刊层级和风险扣分；期刊层级 B_reputable_specialty_or_broad 加 4 分；当前上限规则为 max_level_D，最终等级 D。,"v0.5 hybrid score using design, endpoint value, human relevance, source depth, RCR/OpenAlex signals, publication venue tier, and risk adjustments; venue tier B_reputable_specialty_or_broad adds 4; cap rule max_level_D; final level D.",B_reputable_specialty_or_broad,4,"Indexed specialty or broad journal commonly seen in the atlas. Useful signal, but article-level quality still decides."
skin-topical-vitamin-c-013,pubmed-36009324,36009324,10.1159/000129395,PubMed,topical-vitamin-c,维C外用与色素/胶原,Topical Vitamin C,A Systematic Review on the Role of Vitamin C in Tissue Healing.,,2022,"Antioxidants (Basel, Switzerland)",systematic_review_or_meta_analysis,topical_cosmeceutical,S2,skin aging endpoint pending review,"Vitamin C is an essential nutrient for humans and animals which are unable to synthesise it themselves. Vitamin C is important for tissue regeneration due to the role it plays in collagen formation, and its antioxidant properties. We reviewed the literature to evaluate potential associations between vitamin C supplementation and healing of an acute or chronic condition. Embase, Medline, PubMed, and the Cochrane Library were searched for studies published prior to April 2022. Studies were eligible if they reported at least one association between vitamin C supplementation and healing outcomes. Eighteen studies met the inclusion criteria and were included in this review. Overall, vitamin C supplementation improved healing outcomes in certain pathologies, predominantly pressure ulcers. However, many of the studies had small sample sizes, combined nutritional treatments, and did not test bas","中文草稿：该记录属于「维C外用与色素/胶原」主题，当前抽取到的英文摘要/题录结果为：Vitamin C is an essential nutrient for humans and animals which are unable to synthesise it themselves. Vitamin C is important for tissue regeneration due to the role it plays in collagen formation, and its antioxidant properties. We reviewed the literature to evaluate potential associations between vitamin C supplementation and healing of an acute or chronic condition. Embase, Medline, PubMed, and the Cochrane Libra",Draft conclusion: this record can inform Topical Vitamin C but requires full-text review before public claims.,中文草稿结论：该记录可作为「维C外用与色素/胶原」的候选证据，但正式结论需要全文复核。,D,abstract_plus_open_pmc_available,可支持：将该记录作为「维C外用与色素/胶原」的候选证据，并按 S2 皮肤终点继续复核。,不支持：不能据此声称逆龄、延寿、替代治疗，或给出产品/剂量/疗程建议。,不支持把外用维C写成可替代防晒、医美或疾病治疗。,false,medium,public_draft_not_fully_reviewed,2026-04-28,https://pubmed.ncbi.nlm.nih.gov/36009324/,v0.5_GRADE_RoB_AMSTAR_bibliometrics_venue,34,8,9,10,8,-3,67,12,NIH_iCite_RCR; OpenAlex_cited_by_count,RCR=NA; cited_by=60,JCR IF not auto-imported; journal-level IF is intentionally separated from article-level citation signals.,https://openalex.org/W2058991826,60,,AMSTAR 2,not_assessed_public_draft,not_assessed_public_draft,possible,possible,max_level_D,D,v0.5 综合评分：研究设计、终点价值、人类相关性、来源深度、RCR/OpenAlex 引用信号、发表地/期刊层级和风险扣分；期刊层级 C_indexed_or_identified 加 1 分；当前上限规则为 max_level_D，最终等级 D。,"v0.5 hybrid score using design, endpoint value, human relevance, source depth, RCR/OpenAlex signals, publication venue tier, and risk adjustments; venue tier C_indexed_or_identified adds 1; cap rule max_level_D; final level D.",C_indexed_or_identified,1,"Indexed or DOI/PMID-identifiable venue, but not in the curated high-weight venue list."
skin-topical-vitamin-c-014,pubmed-31975502,31975502,10.1111/jocd.13305,PubMed,topical-vitamin-c,维C外用与色素/胶原,Topical Vitamin C,"Anti-aging and brightening effects of a topical treatment containing vitamin C, vitamin E, and raspberry leaf cell culture extract: A split-face, randomized controlled trial.",,2020,Journal of cosmetic dermatology,randomized_or_clinical_trial,topical_cosmeceutical,S1,"wrinkle, elasticity, roughness","Skin aging has many manifestations such as wrinkles, uneven skin tone, and dryness. Both intrinsic and extrinsic factors, especially ultraviolet light-induced oxidative radicals, contribute to the etiology of aging. Human skin requires both water- and lipid-soluble nutrient components, including hydrophilic and lipophilic antioxidants. Vitamins C and E have important protective effects in the aging process and require exogenous supply. Raspberry leaf extracts contain botanical actives that have the potential to hydrating and moisturizing skin. Topical products with these ingredients may therefore combine to provide improved anti-aging effects over single ingredients. To evaluate the anti-aging and brightening effects of an encapsulated serum containing vitamin C (20% w/w), vitamin E, and European raspberry (Rubus idaeus) leaf cell culture extract. Fifty female volunteers aged 30-65 years","中文草稿：该记录属于「维C外用与色素/胶原」主题，当前抽取到的英文摘要/题录结果为：Skin aging has many manifestations such as wrinkles, uneven skin tone, and dryness. Both intrinsic and extrinsic factors, especially ultraviolet light-induced oxidative radicals, contribute to the etiology of aging. Human skin requires both water- and lipid-soluble nutrient components, including hydrophilic and lipophilic antioxidants. Vitamins C and E have important protective effects in the aging process and requir",Draft conclusion: this record can inform Topical Vitamin C but requires full-text review before public claims.,中文草稿结论：该记录可作为「维C外用与色素/胶原」的候选证据，但正式结论需要全文复核。,B,abstract_plus_open_pmc_available,可支持：将该记录作为「维C外用与色素/胶原」的候选证据，并按 S1 皮肤终点继续复核。,不支持：不能据此声称逆龄、延寿、替代治疗，或给出产品/剂量/疗程建议。,不支持把外用维C写成可替代防晒、医美或疾病治疗。,false,medium,public_draft_not_fully_reviewed,2026-04-28,https://pubmed.ncbi.nlm.nih.gov/31975502/,v0.5_GRADE_RoB_AMSTAR_bibliometrics_venue,29,15,15,10,10,-3,77,14,NIH_iCite_RCR; OpenAlex_cited_by_count,RCR=NA; cited_by=140,JCR IF not auto-imported; journal-level IF is intentionally separated from article-level citation signals.,https://openalex.org/W3000935572,140,,Cochrane RoB 2,not_assessed_public_draft,not_applicable,possible,possible,max_level_A,B,v0.5 综合评分：研究设计、终点价值、人类相关性、来源深度、RCR/OpenAlex 引用信号、发表地/期刊层级和风险扣分；期刊层级 C_indexed_or_identified 加 1 分；当前上限规则为 max_level_A，最终等级 B。,"v0.5 hybrid score using design, endpoint value, human relevance, source depth, RCR/OpenAlex signals, publication venue tier, and risk adjustments; venue tier C_indexed_or_identified adds 1; cap rule max_level_A; final level B.",C_indexed_or_identified,1,"Indexed or DOI/PMID-identifiable venue, but not in the curated high-weight venue list."
skin-topical-vitamin-c-015,pubmed-35209068,35209068,10.1002/lsm.22782,PubMed,topical-vitamin-c,维C外用与色素/胶原,Topical Vitamin C,"A Mixture of Topical Forms of Polydeoxyribonucleotide, Vitamin C, and Niacinamide Attenuated Skin Pigmentation and Increased Skin Elasticity by Modulating Nuclear Factor Erythroid 2-like 2.",,2022,"Molecules (Basel, Switzerland)",preclinical_or_mechanistic,topical_cosmeceutical,S2,"elasticity, pigmentation, photoaging","It is well-known that increased oxidative stress caused by ultraviolet B (UV-B) radiation induces melanogenesis and activates metalloproteinases (MMPs), which degrade collagen and elastin fibers, leading to decreased skin elasticity. Various antioxidant agents, such as vitamin C and niacinamide, have been evaluated for use as treatments for photoaging or skin pigmentation. In this study, we evaluated the ability of a topical liquid formula of polydeoxyribonucleotide (PDRN), vitamin C, and niacinamide (PVN) delivered via a microneedling therapy system (MTS) to attenuate photoaging and pigmentation by increasing nuclear factor erythroid 2-like 2 (NRF2)/heme oxygenase-1 (HO-1) and decreasing MMP expression in a UV-B-radiated animal model. The effects of the PVN were compared with those of individual PDRN and hydroquinone (HQ) compounds. The expression of NRF2/HO-1 significantly increased in","中文草稿：该记录属于「维C外用与色素/胶原」主题，当前抽取到的英文摘要/题录结果为：It is well-known that increased oxidative stress caused by ultraviolet B (UV-B) radiation induces melanogenesis and activates metalloproteinases (MMPs), which degrade collagen and elastin fibers, leading to decreased skin elasticity. Various antioxidant agents, such as vitamin C and niacinamide, have been evaluated for use as treatments for photoaging or skin pigmentation. In this study, we evaluated the ability of a",Draft conclusion: this record can inform Topical Vitamin C but requires full-text review before public claims.,中文草稿结论：该记录可作为「维C外用与色素/胶原」的候选证据，但正式结论需要全文复核。,D,abstract_plus_open_pmc_available,可支持：将该记录作为「维C外用与色素/胶原」的候选证据，并按 S2 皮肤终点继续复核。,不支持：不能据此声称逆龄、延寿、替代治疗，或给出产品/剂量/疗程建议。,不支持把外用维C写成可替代防晒、医美或疾病治疗。,false,medium,public_draft_not_fully_reviewed,2026-04-28,https://pubmed.ncbi.nlm.nih.gov/35209068/,v0.5_GRADE_RoB_AMSTAR_bibliometrics_venue,11,8,15,10,6,-3,48,9,NIH_iCite_RCR; OpenAlex_cited_by_count,RCR=NA; cited_by=21,JCR IF not auto-imported; journal-level IF is intentionally separated from article-level citation signals.,https://openalex.org/W2782692396,21,,Cochrane RoB 2,not_assessed_public_draft,not_applicable,possible,possible,max_level_D,D,v0.5 综合评分：研究设计、终点价值、人类相关性、来源深度、RCR/OpenAlex 引用信号、发表地/期刊层级和风险扣分；期刊层级 C_indexed_or_identified 加 1 分；当前上限规则为 max_level_D，最终等级 D。,"v0.5 hybrid score using design, endpoint value, human relevance, source depth, RCR/OpenAlex signals, publication venue tier, and risk adjustments; venue tier C_indexed_or_identified adds 1; cap rule max_level_D; final level D.",C_indexed_or_identified,1,"Indexed or DOI/PMID-identifiable venue, but not in the curated high-weight venue list."
skin-topical-vitamin-c-016,pubmed-30386805,30386805,10.1177/2325967118804544,PubMed,topical-vitamin-c,维C外用与色素/胶原,Topical Vitamin C,Efficacy of Vitamin C Supplementation on Collagen Synthesis and Oxidative Stress After Musculoskeletal Injuries: A Systematic Review.,,2018,Orthopaedic journal of sports medicine,systematic_review_or_meta_analysis,topical_cosmeceutical,S2,skin aging endpoint pending review,"Recent investigations on the biochemical pathways after a musculoskeletal injury have suggested that vitamin C (ascorbic acid) may be a viable supplement to enhance collagen synthesis and soft tissue healing. To (1) summarize vitamin C treatment protocols; (2) report on the efficacy of vitamin C in accelerating healing after bone, tendon, and ligament injuries in vivo and in vitro; and (3) report on the efficacy of vitamin C as an antioxidant protecting against fibrosis and promoting collagen synthesis. Systematic review; Level of evidence, 2. A systematic review was performed, with the inclusion criteria of animal and human studies on vitamin C supplementation after a musculoskeletal injury specific to collagen cross-linking, collagen synthesis, and biologic healing of the bone, ligament, and tendon. The initial search yielded 286 articles. After applying the inclusion and exclusion cri","中文草稿：该记录属于「维C外用与色素/胶原」主题，当前抽取到的英文摘要/题录结果为：Recent investigations on the biochemical pathways after a musculoskeletal injury have suggested that vitamin C (ascorbic acid) may be a viable supplement to enhance collagen synthesis and soft tissue healing. To (1) summarize vitamin C treatment protocols; (2) report on the efficacy of vitamin C in accelerating healing after bone, tendon, and ligament injuries in vivo and in vitro; and (3) report on the efficacy of v",Draft conclusion: this record can inform Topical Vitamin C but requires full-text review before public claims.,中文草稿结论：该记录可作为「维C外用与色素/胶原」的候选证据，但正式结论需要全文复核。,D,abstract_plus_open_pmc_available,可支持：将该记录作为「维C外用与色素/胶原」的候选证据，并按 S2 皮肤终点继续复核。,不支持：不能据此声称逆龄、延寿、替代治疗，或给出产品/剂量/疗程建议。,不支持把外用维C写成可替代防晒、医美或疾病治疗。,false,medium,public_draft_not_fully_reviewed,2026-04-28,https://pubmed.ncbi.nlm.nih.gov/30386805/,v0.5_GRADE_RoB_AMSTAR_bibliometrics_venue,34,8,9,10,10,-3,72,15,NIH_iCite_RCR; OpenAlex_cited_by_count,RCR=NA; cited_by=181,JCR IF not auto-imported; journal-level IF is intentionally separated from article-level citation signals.,https://openalex.org/W2898378025,181,,AMSTAR 2,not_assessed_public_draft,not_assessed_public_draft,possible,possible,max_level_D,D,v0.5 综合评分：研究设计、终点价值、人类相关性、来源深度、RCR/OpenAlex 引用信号、发表地/期刊层级和风险扣分；期刊层级 B_reputable_specialty_or_broad 加 4 分；当前上限规则为 max_level_D，最终等级 D。,"v0.5 hybrid score using design, endpoint value, human relevance, source depth, RCR/OpenAlex signals, publication venue tier, and risk adjustments; venue tier B_reputable_specialty_or_broad adds 4; cap rule max_level_D; final level D.",B_reputable_specialty_or_broad,4,"Indexed specialty or broad journal commonly seen in the atlas. Useful signal, but article-level quality still decides."
skin-topical-vitamin-c-017,pubmed-41980618,41980618,10.1016/j.matbio.2026.102007,PubMed,topical-vitamin-c,维C外用与色素/胶原,Topical Vitamin C,Hypoxia and ascorbic acid: two interconnected microenvironmental factors driving collagen biosynthesis.,,2026,Matrix biology : journal of the International Society for Matrix Biology,review,topical_cosmeceutical,S2,skin aging endpoint pending review,"Inadequate collagen deposition is at the core of various pathologies, including non-healing wounds, fibrotic diseases, and tumour progression. It is therefore paramount to fully understand how central effectors affect collagen synthesis and turnover. Here, we will focus on two interconnected physiological effectors, vitamin C (ascorbic acid) and hypoxia (low oxygen levels), which both regulate collagen abundance and organisation. Ascorbic acid (AA) is known to act as a cofactor for collagen-modifying enzymes (collagen prolyl and lysyl hydroxylases) and is vital for collagen thermal stability, proper folding, and fibrillogenesis. Similarly, hypoxia has a strong impact on collagen synthesis, primarily through the stabilisation and activation of the hypoxia-inducible factors (HIFs), which, in turn, upregulate the expression of a range of collagen-modifying enzymes, including the collagen pr","中文草稿：该记录属于「维C外用与色素/胶原」主题，当前抽取到的英文摘要/题录结果为：Inadequate collagen deposition is at the core of various pathologies, including non-healing wounds, fibrotic diseases, and tumour progression. It is therefore paramount to fully understand how central effectors affect collagen synthesis and turnover. Here, we will focus on two interconnected physiological effectors, vitamin C (ascorbic acid) and hypoxia (low oxygen levels), which both regulate collagen abundance and ",Draft conclusion: this record can inform Topical Vitamin C but requires full-text review before public claims.,中文草稿结论：该记录可作为「维C外用与色素/胶原」的候选证据，但正式结论需要全文复核。,C,abstract_only,可支持：将该记录作为「维C外用与色素/胶原」的候选证据，并按 S2 皮肤终点继续复核。,不支持：不能据此声称逆龄、延寿、替代治疗，或给出产品/剂量/疗程建议。,不支持把外用维C写成可替代防晒、医美或疾病治疗。,false,medium,public_draft_not_fully_reviewed,2026-04-28,https://pubmed.ncbi.nlm.nih.gov/41980618/,v0.5_GRADE_RoB_AMSTAR_bibliometrics_venue,14,8,9,7,4,-7,36,0,NIH_iCite_RCR; OpenAlex_cited_by_count,RCR=NA; cited_by=NA,JCR IF not auto-imported; journal-level IF is intentionally separated from article-level citation signals.,https://openalex.org/W7153827375,,,domain_screen,not_assessed_public_draft,not_applicable,possible,possible,max_level_D,D,v0.5 综合评分：研究设计、终点价值、人类相关性、来源深度、RCR/OpenAlex 引用信号、发表地/期刊层级和风险扣分；期刊层级 C_indexed_or_identified 加 1 分；当前上限规则为 max_level_D，最终等级 D。,"v0.5 hybrid score using design, endpoint value, human relevance, source depth, RCR/OpenAlex signals, publication venue tier, and risk adjustments; venue tier C_indexed_or_identified adds 1; cap rule max_level_D; final level D.",C_indexed_or_identified,1,"Indexed or DOI/PMID-identifiable venue, but not in the curated high-weight venue list."
skin-topical-vitamin-c-018,pubmed-12823436,12823436,10.1034/j.1600-0625.2003.00008.x,PubMed,topical-vitamin-c,维C外用与色素/胶原,Topical Vitamin C,"Topical ascorbic acid on photoaged skin. Clinical, topographical and ultrastructural evaluation: double-blind study vs. placebo.",,2003,Experimental dermatology,randomized_or_clinical_trial,topical_cosmeceutical,S2,skin aging endpoint pending review,"Vitamin C is known for its antioxidant potential and activity in the collagen biosynthetic pathway. Photoprotective properties of topically applied vitamin C have also been demonstrated, placing this molecule as a potential candidate for use in the prevention and treatment of skin ageing. A topically applied cream containing 5% vitamin C and its excipient were tested on healthy female volunteers presenting with photoaged skin on their low-neck and arms in view to evaluate efficacy and safety of such treatment. A double-blind, randomized trial was performed over a 6-month period, comparing the action of the vitamin C cream vs. excipient on photoaged skin. Clinical assessments included evaluation at the beginning and after 3 and 6 months of daily treatment. They were performed by the investigator and compared with the volunteer self assessment. Skin relief parameters were determined on sil","中文草稿：该记录属于「维C外用与色素/胶原」主题，当前抽取到的英文摘要/题录结果为：Vitamin C is known for its antioxidant potential and activity in the collagen biosynthetic pathway. Photoprotective properties of topically applied vitamin C have also been demonstrated, placing this molecule as a potential candidate for use in the prevention and treatment of skin ageing. A topically applied cream containing 5% vitamin C and its excipient were tested on healthy female volunteers presenting with photo",Draft conclusion: this record can inform Topical Vitamin C but requires full-text review before public claims.,中文草稿结论：该记录可作为「维C外用与色素/胶原」的候选证据，但正式结论需要全文复核。,D,abstract_only,可支持：将该记录作为「维C外用与色素/胶原」的候选证据，并按 S2 皮肤终点继续复核。,不支持：不能据此声称逆龄、延寿、替代治疗，或给出产品/剂量/疗程建议。,不支持把外用维C写成可替代防晒、医美或疾病治疗。,false,medium,public_draft_not_fully_reviewed,2026-04-28,https://pubmed.ncbi.nlm.nih.gov/12823436/,v0.5_GRADE_RoB_AMSTAR_bibliometrics_venue,29,8,15,7,10,-7,63,15,NIH_iCite_RCR; OpenAlex_cited_by_count,RCR=NA; cited_by=245,JCR IF not auto-imported; journal-level IF is intentionally separated from article-level citation signals.,https://openalex.org/W2112185934,245,,Cochrane RoB 2,not_assessed_public_draft,not_applicable,possible,possible,max_level_D,D,v0.5 综合评分：研究设计、终点价值、人类相关性、来源深度、RCR/OpenAlex 引用信号、发表地/期刊层级和风险扣分；期刊层级 C_indexed_or_identified 加 1 分；当前上限规则为 max_level_D，最终等级 D。,"v0.5 hybrid score using design, endpoint value, human relevance, source depth, RCR/OpenAlex signals, publication venue tier, and risk adjustments; venue tier C_indexed_or_identified adds 1; cap rule max_level_D; final level D.",C_indexed_or_identified,1,"Indexed or DOI/PMID-identifiable venue, but not in the curated high-weight venue list."
skin-topical-vitamin-c-019,pubmed-30022952,30022952,10.1590/abd1806-4841.20164412,PubMed,topical-vitamin-c,维C外用与色素/胶原,Topical Vitamin C,Role of Vitamin C in Skin Diseases.,,2018,Frontiers in physiology,review,topical_cosmeceutical,S1,barrier,"Vitamin C (ascorbic acid) plays an important role in maintaining skin health and can promote the differentiation of keratinocytes and decrease melanin synthesis, leading to antioxidant protection against UV-induced photodamage. Normal skin needs high concentrations of vitamin C, which plays many roles in the skin, including the formation of the skin barrier and collagen in the dermis, the ability to counteract skin oxidation, and the modulation of cell signal pathways of cell growth and differentiation. However, vitamin C deficiency can cause or aggravate the occurrence and development of some skin diseases, such as atopic dermatitis (AD) and porphyria cutanea tarda (PCT). Levels of vitamin C in plasma are decreased in AD, and vitamin C deficiency may be one of the factors that contributes to the pathogenesis of PCT. On the other hand, high doses of vitamin C have significantly reduced c","中文草稿：该记录属于「维C外用与色素/胶原」主题，当前抽取到的英文摘要/题录结果为：Vitamin C (ascorbic acid) plays an important role in maintaining skin health and can promote the differentiation of keratinocytes and decrease melanin synthesis, leading to antioxidant protection against UV-induced photodamage. Normal skin needs high concentrations of vitamin C, which plays many roles in the skin, including the formation of the skin barrier and collagen in the dermis, the ability to counteract skin o",Draft conclusion: this record can inform Topical Vitamin C but requires full-text review before public claims.,中文草稿结论：该记录可作为「维C外用与色素/胶原」的候选证据，但正式结论需要全文复核。,C,abstract_plus_open_pmc_available,可支持：将该记录作为「维C外用与色素/胶原」的候选证据，并按 S1 皮肤终点继续复核。,不支持：不能据此声称逆龄、延寿、替代治疗，或给出产品/剂量/疗程建议。,不支持把外用维C写成可替代防晒、医美或疾病治疗。,false,medium,public_draft_not_fully_reviewed,2026-04-28,https://pubmed.ncbi.nlm.nih.gov/30022952/,v0.5_GRADE_RoB_AMSTAR_bibliometrics_venue,14,15,9,10,10,-3,56,14,NIH_iCite_RCR; OpenAlex_cited_by_count,RCR=NA; cited_by=115,JCR IF not auto-imported; journal-level IF is intentionally separated from article-level citation signals.,https://openalex.org/W2509919933,115,,domain_screen,not_assessed_public_draft,not_applicable,possible,possible,max_level_A,C,v0.5 综合评分：研究设计、终点价值、人类相关性、来源深度、RCR/OpenAlex 引用信号、发表地/期刊层级和风险扣分；期刊层级 C_indexed_or_identified 加 1 分；当前上限规则为 max_level_A，最终等级 C。,"v0.5 hybrid score using design, endpoint value, human relevance, source depth, RCR/OpenAlex signals, publication venue tier, and risk adjustments; venue tier C_indexed_or_identified adds 1; cap rule max_level_A; final level C.",C_indexed_or_identified,1,"Indexed or DOI/PMID-identifiable venue, but not in the curated high-weight venue list."
skin-topical-vitamin-c-020,pubmed-33857549,33857549,10.1016/j.jaad.2021.03.116,PubMed,topical-vitamin-c,维C外用与色素/胶原,Topical Vitamin C,Microneedling as an adjuvant to topical therapies for melasma: A systematic review and meta-analysis.,,2022,Journal of the American Academy of Dermatology,systematic_review_or_meta_analysis,topical_cosmeceutical,S1,pigmentation,"Microneedling as an adjuvant to topical medications has shown promising but variable results in the treatment of melasma. To conduct a systematic review and meta-analysis on the efficacy of microneedling as an adjuvant to topical therapies for the treatment of melasma. This study followed PRISMA guidelines. All comparative, prospective studies on the use of topical interventions with microneedling for the treatment of melasma were included. Studies involving radiofrequency microneedling were excluded. Twelve eligible studies comprising 459 patients from 7 different countries were included. Topical therapies included topical tranexamic acid, vitamin C, platelet-rich plasma, non-hydroquinone-based depigmentation serums, and hydroquinone-based depigmenting agents. Topical therapy with microneedling improved melasma severity with a large effect (standardized mean difference >0.8) beyond 8 we","中文草稿：该记录属于「维C外用与色素/胶原」主题，当前抽取到的英文摘要/题录结果为：Microneedling as an adjuvant to topical medications has shown promising but variable results in the treatment of melasma. To conduct a systematic review and meta-analysis on the efficacy of microneedling as an adjuvant to topical therapies for the treatment of melasma. This study followed PRISMA guidelines. All comparative, prospective studies on the use of topical interventions with microneedling for the treatment o",Draft conclusion: this record can inform Topical Vitamin C but requires full-text review before public claims.,中文草稿结论：该记录可作为「维C外用与色素/胶原」的候选证据，但正式结论需要全文复核。,A,abstract_only,可支持：将该记录作为「维C外用与色素/胶原」的候选证据，并按 S1 皮肤终点继续复核。,不支持：不能据此声称逆龄、延寿、替代治疗，或给出产品/剂量/疗程建议。,不支持把外用维C写成可替代防晒、医美或疾病治疗。,false,medium,public_draft_not_fully_reviewed,2026-04-28,https://pubmed.ncbi.nlm.nih.gov/33857549/,v0.5_GRADE_RoB_AMSTAR_bibliometrics_venue,34,15,9,7,8,-7,67,11,NIH_iCite_RCR; OpenAlex_cited_by_count,RCR=NA; cited_by=47,JCR IF not auto-imported; journal-level IF is intentionally separated from article-level citation signals.,https://openalex.org/W3155055769,47,,AMSTAR 2,not_assessed_public_draft,not_assessed_public_draft,possible,possible,max_level_B,B,v0.5 综合评分：研究设计、终点价值、人类相关性、来源深度、RCR/OpenAlex 引用信号、发表地/期刊层级和风险扣分；期刊层级 C_indexed_or_identified 加 1 分；当前上限规则为 max_level_B，最终等级 B。,"v0.5 hybrid score using design, endpoint value, human relevance, source depth, RCR/OpenAlex signals, publication venue tier, and risk adjustments; venue tier C_indexed_or_identified adds 1; cap rule max_level_B; final level B.",C_indexed_or_identified,1,"Indexed or DOI/PMID-identifiable venue, but not in the curated high-weight venue list."
skin-oral-collagen-peptides-001,pubmed-33742704,33742704,10.1111/ijd.15518,PubMed,oral-collagen-peptides,口服胶原肽与皮肤弹性/水分,Oral Collagen Peptides,Effects of hydrolyzed collagen supplementation on skin aging: a systematic review and meta-analysis.,,2021,International journal of dermatology,systematic_review_or_meta_analysis,oral_supplement,S1,"wrinkle, elasticity, hydration","Skin aging has become a recurring concern even for younger people, mainly owing to increased life expectancy. In this context, the use of nutricosmetics as supplements has increased in recent years. Moreover, numerous scientific studies have shown the benefits of hydrolyzed collagen supplementation in improving the signs of skin aging. The objective of this study was to summarize the evidence on the effects of hydrolyzed collagen supplementation on human skin through a systematic review followed by a meta-analysis of clinical trials focusing on the process of skin aging. A literature search was conducted in the Medline, Embase, Cochrane, LILACS (Latin American and Caribbean Health Sciences Literature), and Journal of Negative Results in BioMedicine databases. Eligible studies were randomized, double-blind, and controlled trials that evaluated oral supplementation with hydrolyzed collagen","中文草稿：该记录属于「口服胶原肽与皮肤弹性/水分」主题，当前抽取到的英文摘要/题录结果为：Skin aging has become a recurring concern even for younger people, mainly owing to increased life expectancy. In this context, the use of nutricosmetics as supplements has increased in recent years. Moreover, numerous scientific studies have shown the benefits of hydrolyzed collagen supplementation in improving the signs of skin aging. The objective of this study was to summarize the evidence on the effects of hydrol",Draft conclusion: this record can inform Oral Collagen Peptides but requires full-text review before public claims.,中文草稿结论：该记录可作为「口服胶原肽与皮肤弹性/水分」的候选证据，但正式结论需要全文复核。,A,abstract_only,可支持：将该记录作为「口服胶原肽与皮肤弹性/水分」的候选证据，并按 S1 皮肤终点继续复核。,不支持：不能据此声称逆龄、延寿、替代治疗，或给出产品/剂量/疗程建议。,只能讨论皮肤外观或仪器指标，不支持声称延寿或逆转衰老。,false,high,public_draft_not_fully_reviewed,2026-04-28,https://pubmed.ncbi.nlm.nih.gov/33742704/,v0.5_GRADE_RoB_AMSTAR_bibliometrics_venue,34,15,9,7,10,-20,56,14,NIH_iCite_RCR; OpenAlex_cited_by_count,RCR=NA; cited_by=145,JCR IF not auto-imported; journal-level IF is intentionally separated from article-level citation signals.,https://openalex.org/W3139174543,145,,AMSTAR 2,not_assessed_public_draft,not_assessed_public_draft,high_commercial_overclaim_risk,high_commercial_overclaim_risk,max_level_B,C,v0.5 综合评分：研究设计、终点价值、人类相关性、来源深度、RCR/OpenAlex 引用信号、发表地/期刊层级和风险扣分；期刊层级 C_indexed_or_identified 加 1 分；当前上限规则为 max_level_B，最终等级 C。,"v0.5 hybrid score using design, endpoint value, human relevance, source depth, RCR/OpenAlex signals, publication venue tier, and risk adjustments; venue tier C_indexed_or_identified adds 1; cap rule max_level_B; final level C.",C_indexed_or_identified,1,"Indexed or DOI/PMID-identifiable venue, but not in the curated high-weight venue list."
skin-oral-collagen-peptides-002,pubmed-37432180,37432180,10.1089/wound.2019.1021,PubMed,oral-collagen-peptides,口服胶原肽与皮肤弹性/水分,Oral Collagen Peptides,Effects of Oral Collagen for Skin Anti-Aging: A Systematic Review and Meta-Analysis.,,2023,Nutrients,systematic_review_or_meta_analysis,oral_supplement,S1,"elasticity, hydration","This paper presents a systematic review and meta-analysis of 26 randomized controlled trials (RCTs) involving 1721 patients to assess the effects of hydrolyzed collagen (HC) supplementation on skin hydration and elasticity. The results showed that HC supplementation significantly improved skin hydration (test for overall effect: Z = 4.94, p < 0.00001) and elasticity (test for overall effect: Z = 4.49, p < 0.00001) compared to the placebo group. Subgroup analyses demonstrated that the effects of HC supplementation on skin hydration varied based on the source of collagen and the duration of supplementation. However, there were no significant differences in the effects of different sources (p = 0.21) of collagen or corresponding measurements (p = 0.06) on skin elasticity. The study also identified several biases in the included RCTs. Overall, the findings suggest that HC supplementation can","中文草稿：该记录属于「口服胶原肽与皮肤弹性/水分」主题，当前抽取到的英文摘要/题录结果为：This paper presents a systematic review and meta-analysis of 26 randomized controlled trials (RCTs) involving 1721 patients to assess the effects of hydrolyzed collagen (HC) supplementation on skin hydration and elasticity. The results showed that HC supplementation significantly improved skin hydration (test for overall effect: Z = 4.94, p < 0.00001) and elasticity (test for overall effect: Z = 4.49, p < 0.00001) co",Draft conclusion: this record can inform Oral Collagen Peptides but requires full-text review before public claims.,中文草稿结论：该记录可作为「口服胶原肽与皮肤弹性/水分」的候选证据，但正式结论需要全文复核。,A,abstract_plus_open_pmc_available,可支持：将该记录作为「口服胶原肽与皮肤弹性/水分」的候选证据，并按 S1 皮肤终点继续复核。,不支持：不能据此声称逆龄、延寿、替代治疗，或给出产品/剂量/疗程建议。,只能讨论皮肤外观或仪器指标，不支持声称延寿或逆转衰老。,false,high,public_draft_not_fully_reviewed,2026-04-28,https://pubmed.ncbi.nlm.nih.gov/37432180/,v0.5_GRADE_RoB_AMSTAR_bibliometrics_venue,34,15,9,10,10,-16,66,15,NIH_iCite_RCR; OpenAlex_cited_by_count,RCR=NA; cited_by=210,JCR IF not auto-imported; journal-level IF is intentionally separated from article-level citation signals.,https://openalex.org/W2973191272,210,,AMSTAR 2,not_assessed_public_draft,not_assessed_public_draft,high_commercial_overclaim_risk,high_commercial_overclaim_risk,max_level_B,B,v0.5 综合评分：研究设计、终点价值、人类相关性、来源深度、RCR/OpenAlex 引用信号、发表地/期刊层级和风险扣分；期刊层级 B_reputable_specialty_or_broad 加 4 分；当前上限规则为 max_level_B，最终等级 B。,"v0.5 hybrid score using design, endpoint value, human relevance, source depth, RCR/OpenAlex signals, publication venue tier, and risk adjustments; venue tier B_reputable_specialty_or_broad adds 4; cap rule max_level_B; final level B.",B_reputable_specialty_or_broad,4,"Indexed specialty or broad journal commonly seen in the atlas. Useful signal, but article-level quality still decides."
skin-oral-collagen-peptides-003,pubmed-29949889,29949889,10.1098/rstb.2001.1022,PubMed,oral-collagen-peptides,口服胶原肽与皮肤弹性/水分,Oral Collagen Peptides,"Oral Intake of Low-Molecular-Weight Collagen Peptide Improves Hydration, Elasticity, and Wrinkling in Human Skin: A Randomized, Double-Blind, Placebo-Controlled Study.",,2018,Nutrients,randomized_or_clinical_trial,oral_supplement,S1,"elasticity, hydration","Collagen-peptide supplementation could be an effective remedy to improve hydration, elasticity, and wrinkling in human skin. The aim of this study was to conduct a double-blind, randomized, placebo-controlled trial to clinically evaluate the effect on human skin hydration, wrinkling, and elasticity of Low-molecular-weight Collagen peptide (LMWCP) with a tripetide (Gly-X-Y) content >15% including 3% Gly-Pro-Hyp. Individuals (n = 64) were randomly assigned to receive either placebo or 1000 mg of LMWCP once daily for 12 weeks. Parameters of skin hydration, wrinkling, and elasticity were assessed at baseline and after 6 weeks and 12 weeks. Compared with the placebo group, skin-hydration values were significantly higher in the LMWCP group after 6 weeks and 12 weeks. After 12 weeks in the LMWCP group, visual assessment score and three parameters of skin wrinkling were significantly improved co","中文草稿：该记录属于「口服胶原肽与皮肤弹性/水分」主题，当前抽取到的英文摘要/题录结果为：Collagen-peptide supplementation could be an effective remedy to improve hydration, elasticity, and wrinkling in human skin. The aim of this study was to conduct a double-blind, randomized, placebo-controlled trial to clinically evaluate the effect on human skin hydration, wrinkling, and elasticity of Low-molecular-weight Collagen peptide (LMWCP) with a tripetide (Gly-X-Y) content >15% including 3% Gly-Pro-Hyp. Indiv",Draft conclusion: this record can inform Oral Collagen Peptides but requires full-text review before public claims.,中文草稿结论：该记录可作为「口服胶原肽与皮肤弹性/水分」的候选证据，但正式结论需要全文复核。,B,abstract_plus_open_pmc_available,可支持：将该记录作为「口服胶原肽与皮肤弹性/水分」的候选证据，并按 S1 皮肤终点继续复核。,不支持：不能据此声称逆龄、延寿、替代治疗，或给出产品/剂量/疗程建议。,只能讨论皮肤外观或仪器指标，不支持声称延寿或逆转衰老。,false,high,public_draft_not_fully_reviewed,2026-04-28,https://pubmed.ncbi.nlm.nih.gov/29949889/,v0.5_GRADE_RoB_AMSTAR_bibliometrics_venue,29,15,15,10,12,-16,69,15,NIH_iCite_RCR; OpenAlex_cited_by_count,RCR=NA; cited_by=838,JCR IF not auto-imported; journal-level IF is intentionally separated from article-level citation signals.,https://openalex.org/W2107582844,838,,Cochrane RoB 2,not_assessed_public_draft,not_applicable,high_commercial_overclaim_risk,high_commercial_overclaim_risk,max_level_B,B,v0.5 综合评分：研究设计、终点价值、人类相关性、来源深度、RCR/OpenAlex 引用信号、发表地/期刊层级和风险扣分；期刊层级 B_reputable_specialty_or_broad 加 4 分；当前上限规则为 max_level_B，最终等级 B。,"v0.5 hybrid score using design, endpoint value, human relevance, source depth, RCR/OpenAlex signals, publication venue tier, and risk adjustments; venue tier B_reputable_specialty_or_broad adds 4; cap rule max_level_B; final level B.",B_reputable_specialty_or_broad,4,"Indexed specialty or broad journal commonly seen in the atlas. Useful signal, but article-level quality still decides."
skin-oral-collagen-peptides-004,pubmed-31627309,31627309,10.1002/cbin.10872,PubMed,oral-collagen-peptides,口服胶原肽与皮肤弹性/水分,Oral Collagen Peptides,"A Collagen Supplement Improves Skin Hydration, Elasticity, Roughness, and Density: Results of a Randomized, Placebo-Controlled, Blind Study.",,2019,Nutrients,randomized_or_clinical_trial,oral_supplement,S1,"elasticity, hydration, roughness","The purpose of this randomized, placebo-controlled, blind study was to investigate the effects of the drinkable nutraceutical ELASTEN® (QUIRIS Healthcare, Gütersloh, Germany) on skin aging and skin health. Drinking ampoules provides a blend of 2.5 g of collagen peptides, acerola fruit extract, vitamin C, zinc, biotin, and a native vitamin E complex. This controlled interventional trial was performed on 72 healthy women aged 35 years or older. They received either the food supplement (n = 36) or a placebo (n = 36) for twelve weeks. A skin assessment was carried out and based on objective validated methods, including corneometry (skin hydration), cutometry (elasticity), the use of silicon skin replicas with optical 3D phase-shift rapid in-vivo measurements (PRIMOS) (roughness), and skin sonography (density). The verum group was followed for an additional four weeks (without intake of the t","中文草稿：该记录属于「口服胶原肽与皮肤弹性/水分」主题，当前抽取到的英文摘要/题录结果为：The purpose of this randomized, placebo-controlled, blind study was to investigate the effects of the drinkable nutraceutical ELASTEN® (QUIRIS Healthcare, Gütersloh, Germany) on skin aging and skin health. Drinking ampoules provides a blend of 2.5 g of collagen peptides, acerola fruit extract, vitamin C, zinc, biotin, and a native vitamin E complex. This controlled interventional trial was performed on 72 healthy wom",Draft conclusion: this record can inform Oral Collagen Peptides but requires full-text review before public claims.,中文草稿结论：该记录可作为「口服胶原肽与皮肤弹性/水分」的候选证据，但正式结论需要全文复核。,B,abstract_plus_open_pmc_available,可支持：将该记录作为「口服胶原肽与皮肤弹性/水分」的候选证据，并按 S1 皮肤终点继续复核。,不支持：不能据此声称逆龄、延寿、替代治疗，或给出产品/剂量/疗程建议。,只能讨论皮肤外观或仪器指标，不支持声称延寿或逆转衰老。,false,high,public_draft_not_fully_reviewed,2026-04-28,https://pubmed.ncbi.nlm.nih.gov/31627309/,v0.5_GRADE_RoB_AMSTAR_bibliometrics_venue,29,15,15,10,8,-16,65,11,NIH_iCite_RCR; OpenAlex_cited_by_count,RCR=NA; cited_by=44,JCR IF not auto-imported; journal-level IF is intentionally separated from article-level citation signals.,https://openalex.org/W2755622226,44,,Cochrane RoB 2,not_assessed_public_draft,not_applicable,high_commercial_overclaim_risk,high_commercial_overclaim_risk,max_level_B,C,v0.5 综合评分：研究设计、终点价值、人类相关性、来源深度、RCR/OpenAlex 引用信号、发表地/期刊层级和风险扣分；期刊层级 B_reputable_specialty_or_broad 加 4 分；当前上限规则为 max_level_B，最终等级 C。,"v0.5 hybrid score using design, endpoint value, human relevance, source depth, RCR/OpenAlex signals, publication venue tier, and risk adjustments; venue tier B_reputable_specialty_or_broad adds 4; cap rule max_level_B; final level C.",B_reputable_specialty_or_broad,4,"Indexed specialty or broad journal commonly seen in the atlas. Useful signal, but article-level quality still decides."
skin-oral-collagen-peptides-005,pubmed-36206809,36206809,10.1016/j.ad.2022.09.014,PubMed,oral-collagen-peptides,口服胶原肽与皮肤弹性/水分,Oral Collagen Peptides,Oral Supplementation and Systemic Drugs for Skin Aging: A Narrative Review.,,2023,Actas dermo-sifiliograficas,randomized_or_clinical_trial,oral_supplement,S2,skin aging endpoint pending review,"Skin aging is influenced by intrinsic and extrinsic factors and involves multiple pathogenic mechanisms. The most widely used treatments are topical products and minimally invasive procedures. Evidence on the benefits of systemic therapy is limited for several reasons: Reliance on mostly small and predominantly female samples, short study durations, methodologic heterogeneity, and a lack of consensus on which outcome measures are clinically relevant. Furthermore, systemic drugs and oral supplements are not without adverse effects. Oral hydrolyzed collagen and oral hyaluronic acid are well tolerated, and numerous clinical trials show they can mitigate some signs of skin aging. Low-dose oral isotretinoin is another option, but it has a higher risk of adverse effects. Evidence is lacking on the effects of the many dietary supplements on offer, such as vitamins, flavonoids, plant extracts, a","中文草稿：该记录属于「口服胶原肽与皮肤弹性/水分」主题，当前抽取到的英文摘要/题录结果为：Skin aging is influenced by intrinsic and extrinsic factors and involves multiple pathogenic mechanisms. The most widely used treatments are topical products and minimally invasive procedures. Evidence on the benefits of systemic therapy is limited for several reasons: Reliance on mostly small and predominantly female samples, short study durations, methodologic heterogeneity, and a lack of consensus on which outcome",Draft conclusion: this record can inform Oral Collagen Peptides but requires full-text review before public claims.,中文草稿结论：该记录可作为「口服胶原肽与皮肤弹性/水分」的候选证据，但正式结论需要全文复核。,D,abstract_only,可支持：将该记录作为「口服胶原肽与皮肤弹性/水分」的候选证据，并按 S2 皮肤终点继续复核。,不支持：不能据此声称逆龄、延寿、替代治疗，或给出产品/剂量/疗程建议。,只能讨论皮肤外观或仪器指标，不支持声称延寿或逆转衰老。,false,high,public_draft_not_fully_reviewed,2026-04-28,https://pubmed.ncbi.nlm.nih.gov/36206809/,v0.5_GRADE_RoB_AMSTAR_bibliometrics_venue,29,8,15,7,6,-20,46,7,NIH_iCite_RCR; OpenAlex_cited_by_count,RCR=NA; cited_by=10,JCR IF not auto-imported; journal-level IF is intentionally separated from article-level citation signals.,https://openalex.org/W4301394489,10,,Cochrane RoB 2,not_assessed_public_draft,not_applicable,high_commercial_overclaim_risk,high_commercial_overclaim_risk,max_level_D,D,v0.5 综合评分：研究设计、终点价值、人类相关性、来源深度、RCR/OpenAlex 引用信号、发表地/期刊层级和风险扣分；期刊层级 C_indexed_or_identified 加 1 分；当前上限规则为 max_level_D，最终等级 D。,"v0.5 hybrid score using design, endpoint value, human relevance, source depth, RCR/OpenAlex signals, publication venue tier, and risk adjustments; venue tier C_indexed_or_identified adds 1; cap rule max_level_D; final level D.",C_indexed_or_identified,1,"Indexed or DOI/PMID-identifiable venue, but not in the curated high-weight venue list."
skin-oral-collagen-peptides-006,pubmed-31703345,31703345,10.1021/acs.jafc.6b02955,PubMed,oral-collagen-peptides,口服胶原肽与皮肤弹性/水分,Oral Collagen Peptides,Hydrolyzed Collagen-Sources and Applications.,,2019,"Molecules (Basel, Switzerland)",review,oral_supplement,S2,skin aging endpoint pending review,"Hydrolyzed collagen (HC) is a group of peptides with low molecular weight (3-6 KDa) that can be obtained by enzymatic action in acid or alkaline media at a specific incubation temperature. HC can be extracted from different sources such as bovine or porcine. These sources have presented health limitations in the last years. Recently research has shown good properties of the HC found in skin, scale, and bones from marine sources. Type and source of extraction are the main factors that affect HC properties, such as molecular weight of the peptide chain, solubility, and functional activity. HC is widely used in several industries including food, pharmaceutical, cosmetic, biomedical, and leather industries. The present review presents the different types of HC, sources of extraction, and their applications as a biomaterial.","中文草稿：该记录属于「口服胶原肽与皮肤弹性/水分」主题，当前抽取到的英文摘要/题录结果为：Hydrolyzed collagen (HC) is a group of peptides with low molecular weight (3-6 KDa) that can be obtained by enzymatic action in acid or alkaline media at a specific incubation temperature. HC can be extracted from different sources such as bovine or porcine. These sources have presented health limitations in the last years. Recently research has shown good properties of the HC found in skin, scale, and bones from mar",Draft conclusion: this record can inform Oral Collagen Peptides but requires full-text review before public claims.,中文草稿结论：该记录可作为「口服胶原肽与皮肤弹性/水分」的候选证据，但正式结论需要全文复核。,C,abstract_plus_open_pmc_available,可支持：将该记录作为「口服胶原肽与皮肤弹性/水分」的候选证据，并按 S2 皮肤终点继续复核。,不支持：不能据此声称逆龄、延寿、替代治疗，或给出产品/剂量/疗程建议。,只能讨论皮肤外观或仪器指标，不支持声称延寿或逆转衰老。,false,high,public_draft_not_fully_reviewed,2026-04-28,https://pubmed.ncbi.nlm.nih.gov/31703345/,v0.5_GRADE_RoB_AMSTAR_bibliometrics_venue,14,8,9,10,10,-16,36,13,NIH_iCite_RCR; OpenAlex_cited_by_count,RCR=NA; cited_by=101,JCR IF not auto-imported; journal-level IF is intentionally separated from article-level citation signals.,https://openalex.org/W2510434214,101,,domain_screen,not_assessed_public_draft,not_applicable,high_commercial_overclaim_risk,high_commercial_overclaim_risk,max_level_D,D,v0.5 综合评分：研究设计、终点价值、人类相关性、来源深度、RCR/OpenAlex 引用信号、发表地/期刊层级和风险扣分；期刊层级 C_indexed_or_identified 加 1 分；当前上限规则为 max_level_D，最终等级 D。,"v0.5 hybrid score using design, endpoint value, human relevance, source depth, RCR/OpenAlex signals, publication venue tier, and risk adjustments; venue tier C_indexed_or_identified adds 1; cap rule max_level_D; final level D.",C_indexed_or_identified,1,"Indexed or DOI/PMID-identifiable venue, but not in the curated high-weight venue list."
skin-oral-collagen-peptides-007,pubmed-38192916,38192916,10.7759/cureus.50231,PubMed,oral-collagen-peptides,口服胶原肽与皮肤弹性/水分,Oral Collagen Peptides,Exploring the Impact of Hydrolyzed Collagen Oral Supplementation on Skin Rejuvenation: A Systematic Review and Meta-Analysis.,,2023,Cureus,systematic_review_or_meta_analysis,oral_supplement,S1,"wrinkle, elasticity, hydration","With increasing life expectancy, the quest for skin rejuvenation has gained prominence among individuals of diverse age groups. The popularity of nutricosmetics, notably dietary supplements, has garnered significant attention in recent years. Many scientific investigations have amassed compelling evidence highlighting the positive impact of hydrolyzed collagen supplementation in mitigating the visible signs of skin aging. This study aims to know the powerful effect of hydrolyzed collagen on the skin. This research method is to conduct a systematic review followed by a meta-analysis of the clinical trial focusing on randomized, double-blind, and controlled trials that examined the oral consumption of hydrolyzed collagen and reported outcomes related to skin aging, wrinkles, moisture levels, elasticity, and firmness. The selected articles from CENTRAL, PubMed, Google Scholar, and ScienceDi","中文草稿：该记录属于「口服胶原肽与皮肤弹性/水分」主题，当前抽取到的英文摘要/题录结果为：With increasing life expectancy, the quest for skin rejuvenation has gained prominence among individuals of diverse age groups. The popularity of nutricosmetics, notably dietary supplements, has garnered significant attention in recent years. Many scientific investigations have amassed compelling evidence highlighting the positive impact of hydrolyzed collagen supplementation in mitigating the visible signs of skin a",Draft conclusion: this record can inform Oral Collagen Peptides but requires full-text review before public claims.,中文草稿结论：该记录可作为「口服胶原肽与皮肤弹性/水分」的候选证据，但正式结论需要全文复核。,A,abstract_plus_open_pmc_available,可支持：将该记录作为「口服胶原肽与皮肤弹性/水分」的候选证据，并按 S1 皮肤终点继续复核。,不支持：不能据此声称逆龄、延寿、替代治疗，或给出产品/剂量/疗程建议。,只能讨论皮肤外观或仪器指标，不支持声称延寿或逆转衰老。,false,high,public_draft_not_fully_reviewed,2026-04-28,https://pubmed.ncbi.nlm.nih.gov/38192916/,v0.5_GRADE_RoB_AMSTAR_bibliometrics_venue,34,15,9,10,6,-16,59,8,NIH_iCite_RCR; OpenAlex_cited_by_count,RCR=NA; cited_by=14,JCR IF not auto-imported; journal-level IF is intentionally separated from article-level citation signals.,https://openalex.org/W4389509826,14,,AMSTAR 2,not_assessed_public_draft,not_assessed_public_draft,high_commercial_overclaim_risk,high_commercial_overclaim_risk,max_level_B,C,v0.5 综合评分：研究设计、终点价值、人类相关性、来源深度、RCR/OpenAlex 引用信号、发表地/期刊层级和风险扣分；期刊层级 C_indexed_or_identified 加 1 分；当前上限规则为 max_level_B，最终等级 C。,"v0.5 hybrid score using design, endpoint value, human relevance, source depth, RCR/OpenAlex signals, publication venue tier, and risk adjustments; venue tier C_indexed_or_identified adds 1; cap rule max_level_B; final level C.",C_indexed_or_identified,1,"Indexed or DOI/PMID-identifiable venue, but not in the curated high-weight venue list."
skin-oral-collagen-peptides-008,pubmed-37064452,37064452,10.1016/j.heliyon.2023.e14961,PubMed,oral-collagen-peptides,口服胶原肽与皮肤弹性/水分,Oral Collagen Peptides,Collagen supplementation in skin and orthopedic diseases: A review of the literature.,,2023,Heliyon,review,oral_supplement,S1,"wrinkle, elasticity, hydration","Collagen is one of the main components of the extracellular matrix of the dermis and articular cartilage and influences the body's mechanical, organizational, and tissue formation properties. Produced from food industry by-products, it is considered a nutraceutical product widely used as an ingredient or supplement in food, pharmaceutical, and cosmetic industries. This study aimed to conduct a literature review on the scientific evidence regarding the beneficial effects of collagen consumption in the treatment of skin and orthopedic diseases. Literature data have shown that hydrolyzed collagen supplementation promotes skin changes, such as decreased wrinkle formation; increased skin elasticity; increased hydration; increased collagen content, density, and synthesis, which are factors closely associated with aging-related skin damage. Regarding orthopedic changes, collagen supplementation","中文草稿：该记录属于「口服胶原肽与皮肤弹性/水分」主题，当前抽取到的英文摘要/题录结果为：Collagen is one of the main components of the extracellular matrix of the dermis and articular cartilage and influences the body's mechanical, organizational, and tissue formation properties. Produced from food industry by-products, it is considered a nutraceutical product widely used as an ingredient or supplement in food, pharmaceutical, and cosmetic industries. This study aimed to conduct a literature review on th",Draft conclusion: this record can inform Oral Collagen Peptides but requires full-text review before public claims.,中文草稿结论：该记录可作为「口服胶原肽与皮肤弹性/水分」的候选证据，但正式结论需要全文复核。,C,abstract_plus_open_pmc_available,可支持：将该记录作为「口服胶原肽与皮肤弹性/水分」的候选证据，并按 S1 皮肤终点继续复核。,不支持：不能据此声称逆龄、延寿、替代治疗，或给出产品/剂量/疗程建议。,只能讨论皮肤外观或仪器指标，不支持声称延寿或逆转衰老。,false,high,public_draft_not_fully_reviewed,2026-04-28,https://pubmed.ncbi.nlm.nih.gov/37064452/,v0.5_GRADE_RoB_AMSTAR_bibliometrics_venue,14,15,9,10,8,-16,41,13,NIH_iCite_RCR; OpenAlex_cited_by_count,RCR=NA; cited_by=77,JCR IF not auto-imported; journal-level IF is intentionally separated from article-level citation signals.,https://openalex.org/W4361205109,77,,domain_screen,not_assessed_public_draft,not_applicable,high_commercial_overclaim_risk,high_commercial_overclaim_risk,max_level_B,D,v0.5 综合评分：研究设计、终点价值、人类相关性、来源深度、RCR/OpenAlex 引用信号、发表地/期刊层级和风险扣分；期刊层级 C_indexed_or_identified 加 1 分；当前上限规则为 max_level_B，最终等级 D。,"v0.5 hybrid score using design, endpoint value, human relevance, source depth, RCR/OpenAlex signals, publication venue tier, and risk adjustments; venue tier C_indexed_or_identified adds 1; cap rule max_level_B; final level D.",C_indexed_or_identified,1,"Indexed or DOI/PMID-identifiable venue, but not in the curated high-weight venue list."
skin-oral-collagen-peptides-009,pubmed-24401291,24401291,10.1159/000355523,PubMed,oral-collagen-peptides,口服胶原肽与皮肤弹性/水分,Oral Collagen Peptides,Oral intake of specific bioactive collagen peptides reduces skin wrinkles and increases dermal matrix synthesis.,,2014,Skin pharmacology and physiology,randomized_or_clinical_trial,oral_supplement,S1,wrinkle,"Dietary consumption of food supplements has been found to modulate skin functions and can therefore be useful in the treatment of skin aging. However, there is only a limited number of clinical studies supporting these claims. In this double-blind, placebo-controlled study, the effectiveness of the specific bioactive collagen peptide (BCP) VERISOL® on eye wrinkle formation and stimulation of procollagen I, elastin and fibrillin biosynthesis in the skin was assessed. A hundred and fourteen women aged 45-65 years were randomized to receive 2.5 g of BCP or placebo, once daily for 8 weeks, with 57 subjects being allocated to each treatment group. Skin wrinkles were objectively measured in all subjects, before starting the treatment, after 4 and 8 weeks as well as 4 weeks after the last intake (4-week regression phase). A subgroup was established for suction blister biopsies analyzing procoll","中文草稿：该记录属于「口服胶原肽与皮肤弹性/水分」主题，当前抽取到的英文摘要/题录结果为：Dietary consumption of food supplements has been found to modulate skin functions and can therefore be useful in the treatment of skin aging. However, there is only a limited number of clinical studies supporting these claims. In this double-blind, placebo-controlled study, the effectiveness of the specific bioactive collagen peptide (BCP) VERISOL® on eye wrinkle formation and stimulation of procollagen I, elastin an",Draft conclusion: this record can inform Oral Collagen Peptides but requires full-text review before public claims.,中文草稿结论：该记录可作为「口服胶原肽与皮肤弹性/水分」的候选证据，但正式结论需要全文复核。,B,abstract_only,可支持：将该记录作为「口服胶原肽与皮肤弹性/水分」的候选证据，并按 S1 皮肤终点继续复核。,不支持：不能据此声称逆龄、延寿、替代治疗，或给出产品/剂量/疗程建议。,只能讨论皮肤外观或仪器指标，不支持声称延寿或逆转衰老。,false,high,public_draft_not_fully_reviewed,2026-04-28,https://pubmed.ncbi.nlm.nih.gov/24401291/,v0.5_GRADE_RoB_AMSTAR_bibliometrics_venue,29,15,15,7,10,-20,57,15,NIH_iCite_RCR; OpenAlex_cited_by_count,RCR=NA; cited_by=177,JCR IF not auto-imported; journal-level IF is intentionally separated from article-level citation signals.,https://openalex.org/W2045543071,177,,Cochrane RoB 2,not_assessed_public_draft,not_applicable,high_commercial_overclaim_risk,high_commercial_overclaim_risk,max_level_B,C,v0.5 综合评分：研究设计、终点价值、人类相关性、来源深度、RCR/OpenAlex 引用信号、发表地/期刊层级和风险扣分；期刊层级 C_indexed_or_identified 加 1 分；当前上限规则为 max_level_B，最终等级 C。,"v0.5 hybrid score using design, endpoint value, human relevance, source depth, RCR/OpenAlex signals, publication venue tier, and risk adjustments; venue tier C_indexed_or_identified adds 1; cap rule max_level_B; final level C.",C_indexed_or_identified,1,"Indexed or DOI/PMID-identifiable venue, but not in the curated high-weight venue list."
skin-oral-collagen-peptides-010,pubmed-31478301,31478301,10.1002/ptr.6494,PubMed,oral-collagen-peptides,口服胶原肽与皮肤弹性/水分,Oral Collagen Peptides,Nutricosmetics: A brief overview.,,2019,Phytotherapy research : PTR,review,oral_supplement,S2,skin aging endpoint pending review,"The nutricosmetics are products and ingredients that act as nutritional supplements to care skin, nails, and hair natural beauty. They work from the inside to promote beauty from within. Nutricosmetic is the latest trend in the beauty industry. This tendency rapidly gained many followers because it fits with the modern culture: Today, consumers are very careful with the food that they introduce into their body, and there is also an increasing demand for natural products able to enhance one's health and beauty without side effects and significant traction before use. However, many nutricosmetic products are considered effective due to the historical use and word of mouth. Comprehensive analysis of the global nutricosmetics market is conducted considering form, end-user applications, and some product components such as collagen, peptides, proteins, vitamins, carotenes, minerals, and omega-","中文草稿：该记录属于「口服胶原肽与皮肤弹性/水分」主题，当前抽取到的英文摘要/题录结果为：The nutricosmetics are products and ingredients that act as nutritional supplements to care skin, nails, and hair natural beauty. They work from the inside to promote beauty from within. Nutricosmetic is the latest trend in the beauty industry. This tendency rapidly gained many followers because it fits with the modern culture: Today, consumers are very careful with the food that they introduce into their body, and t",Draft conclusion: this record can inform Oral Collagen Peptides but requires full-text review before public claims.,中文草稿结论：该记录可作为「口服胶原肽与皮肤弹性/水分」的候选证据，但正式结论需要全文复核。,C,abstract_only,可支持：将该记录作为「口服胶原肽与皮肤弹性/水分」的候选证据，并按 S2 皮肤终点继续复核。,不支持：不能据此声称逆龄、延寿、替代治疗，或给出产品/剂量/疗程建议。,只能讨论皮肤外观或仪器指标，不支持声称延寿或逆转衰老。,false,high,public_draft_not_fully_reviewed,2026-04-28,https://pubmed.ncbi.nlm.nih.gov/31478301/,v0.5_GRADE_RoB_AMSTAR_bibliometrics_venue,14,8,9,7,10,-20,29,14,NIH_iCite_RCR; OpenAlex_cited_by_count,RCR=NA; cited_by=113,JCR IF not auto-imported; journal-level IF is intentionally separated from article-level citation signals.,https://openalex.org/W2971437263,113,,domain_screen,not_assessed_public_draft,not_applicable,high_commercial_overclaim_risk,high_commercial_overclaim_risk,max_level_D,E,v0.5 综合评分：研究设计、终点价值、人类相关性、来源深度、RCR/OpenAlex 引用信号、发表地/期刊层级和风险扣分；期刊层级 C_indexed_or_identified 加 1 分；当前上限规则为 max_level_D，最终等级 E。,"v0.5 hybrid score using design, endpoint value, human relevance, source depth, RCR/OpenAlex signals, publication venue tier, and risk adjustments; venue tier C_indexed_or_identified adds 1; cap rule max_level_D; final level E.",C_indexed_or_identified,1,"Indexed or DOI/PMID-identifiable venue, but not in the curated high-weight venue list."
skin-oral-collagen-peptides-011,pubmed-34694676,34694676,10.1111/jocd.14567,PubMed,oral-collagen-peptides,口服胶原肽与皮肤弹性/水分,Oral Collagen Peptides,"Myths and media in oral collagen supplementation for the skin, nails, and hair: A review.",,2022,Journal of cosmetic dermatology,review,oral_supplement,S1,"elasticity, hydration","As a key component of the hair, skin, and nails, there is strong consumer interest in the dermatologic efficacy of oral collagen supplementation. Oral supplementation with collagen peptides has increased in popularity in recent years. There are relatively few studies investigating the dermatologic effects of ingested collagen peptides, many of which are limited by sample size and variability of results. The question remains whether there is sufficient evidence to support companies' promises and consumers' goals. In this review, we investigate and compare the claims surrounding collagen supplementation on Instagram and YouTube, made by collagen companies, and established in the literature. Although some studies have demonstrated that collagen supplementation can enhance skin qualities such as elasticity and hydration, dermatologic claims in the media surpass any evidence currently support","中文草稿：该记录属于「口服胶原肽与皮肤弹性/水分」主题，当前抽取到的英文摘要/题录结果为：As a key component of the hair, skin, and nails, there is strong consumer interest in the dermatologic efficacy of oral collagen supplementation. Oral supplementation with collagen peptides has increased in popularity in recent years. There are relatively few studies investigating the dermatologic effects of ingested collagen peptides, many of which are limited by sample size and variability of results. The question ",Draft conclusion: this record can inform Oral Collagen Peptides but requires full-text review before public claims.,中文草稿结论：该记录可作为「口服胶原肽与皮肤弹性/水分」的候选证据，但正式结论需要全文复核。,C,abstract_only,可支持：将该记录作为「口服胶原肽与皮肤弹性/水分」的候选证据，并按 S1 皮肤终点继续复核。,不支持：不能据此声称逆龄、延寿、替代治疗，或给出产品/剂量/疗程建议。,只能讨论皮肤外观或仪器指标，不支持声称延寿或逆转衰老。,false,high,public_draft_not_fully_reviewed,2026-04-28,https://pubmed.ncbi.nlm.nih.gov/34694676/,v0.5_GRADE_RoB_AMSTAR_bibliometrics_venue,14,15,9,7,6,-20,32,8,NIH_iCite_RCR; OpenAlex_cited_by_count,RCR=NA; cited_by=19,JCR IF not auto-imported; journal-level IF is intentionally separated from article-level citation signals.,https://openalex.org/W3211281714,19,,domain_screen,not_assessed_public_draft,not_applicable,high_commercial_overclaim_risk,high_commercial_overclaim_risk,max_level_B,D,v0.5 综合评分：研究设计、终点价值、人类相关性、来源深度、RCR/OpenAlex 引用信号、发表地/期刊层级和风险扣分；期刊层级 C_indexed_or_identified 加 1 分；当前上限规则为 max_level_B，最终等级 D。,"v0.5 hybrid score using design, endpoint value, human relevance, source depth, RCR/OpenAlex signals, publication venue tier, and risk adjustments; venue tier C_indexed_or_identified adds 1; cap rule max_level_B; final level D.",C_indexed_or_identified,1,"Indexed or DOI/PMID-identifiable venue, but not in the curated high-weight venue list."
skin-oral-collagen-peptides-012,pubmed-23949208,23949208,10.1159/000351376,PubMed,oral-collagen-peptides,口服胶原肽与皮肤弹性/水分,Oral Collagen Peptides,"Oral supplementation of specific collagen peptides has beneficial effects on human skin physiology: a double-blind, placebo-controlled study.",,2014,Skin pharmacology and physiology,randomized_or_clinical_trial,oral_supplement,S1,"elasticity, transepidermal, roughness","Various dietary supplements are claimed to have cutaneous anti-aging properties; however, there are a limited number of research studies supporting these claims. The objective of this research was to study the effectiveness of collagen hydrolysate (CH) composed of specific collagen peptides on skin biophysical parameters related to cutaneous aging. In this double-blind, placebo-controlled trial, 69 women aged 35-55 years were randomized to receive 2.5 g or 5.0 g of CH or placebo once daily for 8 weeks, with 23 subjects being allocated to each treatment group. Skin elasticity, skin moisture, transepidermal water loss and skin roughness were objectively measured before the first oral product application (t0) and after 4 (t1) and 8 weeks (t2) of regular intake. Skin elasticity (primary interest) was also assessed at follow-up 4 weeks after the last intake of CH (t3, 4-week regression phase)","中文草稿：该记录属于「口服胶原肽与皮肤弹性/水分」主题，当前抽取到的英文摘要/题录结果为：Various dietary supplements are claimed to have cutaneous anti-aging properties; however, there are a limited number of research studies supporting these claims. The objective of this research was to study the effectiveness of collagen hydrolysate (CH) composed of specific collagen peptides on skin biophysical parameters related to cutaneous aging. In this double-blind, placebo-controlled trial, 69 women aged 35-55 y",Draft conclusion: this record can inform Oral Collagen Peptides but requires full-text review before public claims.,中文草稿结论：该记录可作为「口服胶原肽与皮肤弹性/水分」的候选证据，但正式结论需要全文复核。,B,abstract_only,可支持：将该记录作为「口服胶原肽与皮肤弹性/水分」的候选证据，并按 S1 皮肤终点继续复核。,不支持：不能据此声称逆龄、延寿、替代治疗，或给出产品/剂量/疗程建议。,只能讨论皮肤外观或仪器指标，不支持声称延寿或逆转衰老。,false,high,public_draft_not_fully_reviewed,2026-04-28,https://pubmed.ncbi.nlm.nih.gov/23949208/,v0.5_GRADE_RoB_AMSTAR_bibliometrics_venue,29,15,15,7,10,-20,57,15,NIH_iCite_RCR; OpenAlex_cited_by_count,RCR=NA; cited_by=239,JCR IF not auto-imported; journal-level IF is intentionally separated from article-level citation signals.,https://openalex.org/W2067918252,239,,Cochrane RoB 2,not_assessed_public_draft,not_applicable,high_commercial_overclaim_risk,high_commercial_overclaim_risk,max_level_B,C,v0.5 综合评分：研究设计、终点价值、人类相关性、来源深度、RCR/OpenAlex 引用信号、发表地/期刊层级和风险扣分；期刊层级 C_indexed_or_identified 加 1 分；当前上限规则为 max_level_B，最终等级 C。,"v0.5 hybrid score using design, endpoint value, human relevance, source depth, RCR/OpenAlex signals, publication venue tier, and risk adjustments; venue tier C_indexed_or_identified adds 1; cap rule max_level_B; final level C.",C_indexed_or_identified,1,"Indexed or DOI/PMID-identifiable venue, but not in the curated high-weight venue list."
skin-oral-collagen-peptides-013,pubmed-38009842,38009842,10.1111/phpp.12931,PubMed,oral-collagen-peptides,口服胶原肽与皮肤弹性/水分,Oral Collagen Peptides,Collagen study advances for photoaging skin.,,2024,"Photodermatology, photoimmunology & photomedicine",review,oral_supplement,S1,photoaging,"Collagen dominates the skin's extracellular matrix (ECM). Type I collagen comprises 80%-90% of the skin's collagen, followed by type III (8%-12%) and type V (5%). Reactive oxygen species, matrix metalloproteinases, and collagen degradation all increase during photoaging, which disrupts the ECM's dynamic balance and lowers the amount of total collagen in the body. In recent years, domestic and foreign researchers have conducted multidimensional and multifaceted studies on collagen and skin photoaging. Collagen and the peptides that are derivates of it are currently being used more and more in biomedicine and medical esthetics. Offering new suggestions for both the avoidance and remedy of photoaging. This article reviews collagen and its potential connection to skin photoaging, illustrates the effects of collagen and peptide supplementation derivatives on photoaged skin, and briefly descri","中文草稿：该记录属于「口服胶原肽与皮肤弹性/水分」主题，当前抽取到的英文摘要/题录结果为：Collagen dominates the skin's extracellular matrix (ECM). Type I collagen comprises 80%-90% of the skin's collagen, followed by type III (8%-12%) and type V (5%). Reactive oxygen species, matrix metalloproteinases, and collagen degradation all increase during photoaging, which disrupts the ECM's dynamic balance and lowers the amount of total collagen in the body. In recent years, domestic and foreign researchers have",Draft conclusion: this record can inform Oral Collagen Peptides but requires full-text review before public claims.,中文草稿结论：该记录可作为「口服胶原肽与皮肤弹性/水分」的候选证据，但正式结论需要全文复核。,C,abstract_only,可支持：将该记录作为「口服胶原肽与皮肤弹性/水分」的候选证据，并按 S1 皮肤终点继续复核。,不支持：不能据此声称逆龄、延寿、替代治疗，或给出产品/剂量/疗程建议。,只能讨论皮肤外观或仪器指标，不支持声称延寿或逆转衰老。,false,high,public_draft_not_fully_reviewed,2026-04-28,https://pubmed.ncbi.nlm.nih.gov/38009842/,v0.5_GRADE_RoB_AMSTAR_bibliometrics_venue,14,15,9,7,8,-20,37,12,NIH_iCite_RCR; OpenAlex_cited_by_count,RCR=NA; cited_by=65,JCR IF not auto-imported; journal-level IF is intentionally separated from article-level citation signals.,https://openalex.org/W4389070229,65,,domain_screen,not_assessed_public_draft,not_applicable,high_commercial_overclaim_risk,high_commercial_overclaim_risk,max_level_B,D,v0.5 综合评分：研究设计、终点价值、人类相关性、来源深度、RCR/OpenAlex 引用信号、发表地/期刊层级和风险扣分；期刊层级 B_reputable_specialty_or_broad 加 4 分；当前上限规则为 max_level_B，最终等级 D。,"v0.5 hybrid score using design, endpoint value, human relevance, source depth, RCR/OpenAlex signals, publication venue tier, and risk adjustments; venue tier B_reputable_specialty_or_broad adds 4; cap rule max_level_B; final level D.",B_reputable_specialty_or_broad,4,"Indexed specialty or broad journal commonly seen in the atlas. Useful signal, but article-level quality still decides."
skin-oral-collagen-peptides-014,pubmed-32436266,32436266,10.1111/jocd.13435,PubMed,oral-collagen-peptides,口服胶原肽与皮肤弹性/水分,Oral Collagen Peptides,Collagen supplementation for skin health: A mechanistic systematic review.,,2020,Journal of cosmetic dermatology,systematic_review_or_meta_analysis,oral_supplement,S2,skin aging endpoint pending review,"Over the last decade, many researchers tried to evaluate the effects of collagen supplements on skin aging and surprisingly revealed that the interventions improved skin aging parameters without any inconsistency. This systematic review assesses the literature regarding the effects of collagen supplements on skin health parameters in healthy and patient subjects, focusing on mechanisms of action. At the first step of search in the databases, 9057 items were obtained. After removal of duplicate items, 6531 publications remained. Further screening by title and/or abstract resulted in removal of 6500 items. Finally, full texts of the 31 remained items were assessed for eligibility and 10 publications were included in this review. The evidences obtained from these systematic reviews indicated that oral administration of intact or hydrolyzed collagen improves clinical manifestation of skin he","中文草稿：该记录属于「口服胶原肽与皮肤弹性/水分」主题，当前抽取到的英文摘要/题录结果为：Over the last decade, many researchers tried to evaluate the effects of collagen supplements on skin aging and surprisingly revealed that the interventions improved skin aging parameters without any inconsistency. This systematic review assesses the literature regarding the effects of collagen supplements on skin health parameters in healthy and patient subjects, focusing on mechanisms of action. At the first step of",Draft conclusion: this record can inform Oral Collagen Peptides but requires full-text review before public claims.,中文草稿结论：该记录可作为「口服胶原肽与皮肤弹性/水分」的候选证据，但正式结论需要全文复核。,D,abstract_only,可支持：将该记录作为「口服胶原肽与皮肤弹性/水分」的候选证据，并按 S2 皮肤终点继续复核。,不支持：不能据此声称逆龄、延寿、替代治疗，或给出产品/剂量/疗程建议。,只能讨论皮肤外观或仪器指标，不支持声称延寿或逆转衰老。,false,high,public_draft_not_fully_reviewed,2026-04-28,https://pubmed.ncbi.nlm.nih.gov/32436266/,v0.5_GRADE_RoB_AMSTAR_bibliometrics_venue,34,8,9,7,8,-20,47,12,NIH_iCite_RCR; OpenAlex_cited_by_count,RCR=NA; cited_by=74,JCR IF not auto-imported; journal-level IF is intentionally separated from article-level citation signals.,https://openalex.org/W3028101611,74,,AMSTAR 2,not_assessed_public_draft,not_assessed_public_draft,high_commercial_overclaim_risk,high_commercial_overclaim_risk,max_level_D,D,v0.5 综合评分：研究设计、终点价值、人类相关性、来源深度、RCR/OpenAlex 引用信号、发表地/期刊层级和风险扣分；期刊层级 C_indexed_or_identified 加 1 分；当前上限规则为 max_level_D，最终等级 D。,"v0.5 hybrid score using design, endpoint value, human relevance, source depth, RCR/OpenAlex signals, publication venue tier, and risk adjustments; venue tier C_indexed_or_identified adds 1; cap rule max_level_D; final level D.",C_indexed_or_identified,1,"Indexed or DOI/PMID-identifiable venue, but not in the curated high-weight venue list."
skin-oral-collagen-peptides-015,pubmed-37822045,37822045,10.1111/jocd.16026,PubMed,oral-collagen-peptides,口服胶原肽与皮肤弹性/水分,Oral Collagen Peptides,"Low-molecular-weight collagen peptides supplement promotes a healthy skin: A randomized, double-blinded, placebo-controlled study.",,2024,Journal of cosmetic dermatology,randomized_or_clinical_trial,oral_supplement,S1,"wrinkle, elasticity, hydration, roughness, erythema","Oral collagen peptides supplementation was reported to improve skin integrity and counteract skin aging. A randomized, double-blinded, placebo-controlled study was conducted to clinically evaluate the impact of low-molecular-weight collagen peptides on the human skin. Healthy adult participants (n = 100) were randomly assigned to receive a test product containing low-molecular-weight collagen peptides or a placebo. Parameters of skin wrinkles, elasticity, hydration, and whitening (melanin and erythema indexes) were measured at baseline and after 4, 8, and 12 weeks. Compared with the placebo group, the average skin roughness, maximum of all peak-to-valley values, maximum peak height of the wrinkle, and average maximum height of the wrinkle were significantly improved in the test group. Parameters of skin elasticity, including overall elasticity, net elasticity, and biological elasticity, ","中文草稿：该记录属于「口服胶原肽与皮肤弹性/水分」主题，当前抽取到的英文摘要/题录结果为：Oral collagen peptides supplementation was reported to improve skin integrity and counteract skin aging. A randomized, double-blinded, placebo-controlled study was conducted to clinically evaluate the impact of low-molecular-weight collagen peptides on the human skin. Healthy adult participants (n = 100) were randomly assigned to receive a test product containing low-molecular-weight collagen peptides or a placebo. P",Draft conclusion: this record can inform Oral Collagen Peptides but requires full-text review before public claims.,中文草稿结论：该记录可作为「口服胶原肽与皮肤弹性/水分」的候选证据，但正式结论需要全文复核。,B,abstract_only,可支持：将该记录作为「口服胶原肽与皮肤弹性/水分」的候选证据，并按 S1 皮肤终点继续复核。,不支持：不能据此声称逆龄、延寿、替代治疗，或给出产品/剂量/疗程建议。,只能讨论皮肤外观或仪器指标，不支持声称延寿或逆转衰老。,false,high,public_draft_not_fully_reviewed,2026-04-28,https://pubmed.ncbi.nlm.nih.gov/37822045/,v0.5_GRADE_RoB_AMSTAR_bibliometrics_venue,29,15,15,7,8,-20,55,10,NIH_iCite_RCR; OpenAlex_cited_by_count,RCR=NA; cited_by=30,JCR IF not auto-imported; journal-level IF is intentionally separated from article-level citation signals.,https://openalex.org/W4387564480,30,,Cochrane RoB 2,not_assessed_public_draft,not_applicable,high_commercial_overclaim_risk,high_commercial_overclaim_risk,max_level_B,C,v0.5 综合评分：研究设计、终点价值、人类相关性、来源深度、RCR/OpenAlex 引用信号、发表地/期刊层级和风险扣分；期刊层级 C_indexed_or_identified 加 1 分；当前上限规则为 max_level_B，最终等级 C。,"v0.5 hybrid score using design, endpoint value, human relevance, source depth, RCR/OpenAlex signals, publication venue tier, and risk adjustments; venue tier C_indexed_or_identified adds 1; cap rule max_level_B; final level C.",C_indexed_or_identified,1,"Indexed or DOI/PMID-identifiable venue, but not in the curated high-weight venue list."
skin-oral-collagen-peptides-016,pubmed-29144022,29144022,10.1111/jocd.12450,PubMed,oral-collagen-peptides,口服胶原肽与皮肤弹性/水分,Oral Collagen Peptides,Collagen: A review on its sources and potential cosmetic applications.,,2018,Journal of cosmetic dermatology,review,oral_supplement,S2,skin aging endpoint pending review,"Collagen is a fibrillar protein that conforms the conjunctive and connective tissues in the human body, essentially skin, joints, and bones. This molecule is one of the most abundant in many of the living organisms due to its connective role in biological structures. Due to its abundance, strength and its directly proportional relation with skin aging, collagen has gained great interest in the cosmetic industry. It has been established that the collagen fibers are damaged with the pass of time, losing thickness and strength which has been strongly related with skin aging phenomena [Colágeno para todo. 60 y más. 2016. http://www.revista60ymas.es/InterPresent1/groups/revistas/documents/binario/ses330informe.pdf.]. As a solution, the cosmetic industry incorporated collagen as an ingredient of different treatments to enhance the user youth and well-being, and some common presentations are cr","中文草稿：该记录属于「口服胶原肽与皮肤弹性/水分」主题，当前抽取到的英文摘要/题录结果为：Collagen is a fibrillar protein that conforms the conjunctive and connective tissues in the human body, essentially skin, joints, and bones. This molecule is one of the most abundant in many of the living organisms due to its connective role in biological structures. Due to its abundance, strength and its directly proportional relation with skin aging, collagen has gained great interest in the cosmetic industry. It h",Draft conclusion: this record can inform Oral Collagen Peptides but requires full-text review before public claims.,中文草稿结论：该记录可作为「口服胶原肽与皮肤弹性/水分」的候选证据，但正式结论需要全文复核。,C,abstract_only,可支持：将该记录作为「口服胶原肽与皮肤弹性/水分」的候选证据，并按 S2 皮肤终点继续复核。,不支持：不能据此声称逆龄、延寿、替代治疗，或给出产品/剂量/疗程建议。,只能讨论皮肤外观或仪器指标，不支持声称延寿或逆转衰老。,false,high,public_draft_not_fully_reviewed,2026-04-28,https://pubmed.ncbi.nlm.nih.gov/29144022/,v0.5_GRADE_RoB_AMSTAR_bibliometrics_venue,14,8,9,7,12,-20,31,15,NIH_iCite_RCR; OpenAlex_cited_by_count,RCR=NA; cited_by=551,JCR IF not auto-imported; journal-level IF is intentionally separated from article-level citation signals.,https://openalex.org/W2769955933,551,,domain_screen,not_assessed_public_draft,not_applicable,high_commercial_overclaim_risk,high_commercial_overclaim_risk,max_level_D,D,v0.5 综合评分：研究设计、终点价值、人类相关性、来源深度、RCR/OpenAlex 引用信号、发表地/期刊层级和风险扣分；期刊层级 C_indexed_or_identified 加 1 分；当前上限规则为 max_level_D，最终等级 D。,"v0.5 hybrid score using design, endpoint value, human relevance, source depth, RCR/OpenAlex signals, publication venue tier, and risk adjustments; venue tier C_indexed_or_identified adds 1; cap rule max_level_D; final level D.",C_indexed_or_identified,1,"Indexed or DOI/PMID-identifiable venue, but not in the curated high-weight venue list."
skin-oral-collagen-peptides-017,pubmed-26362110,26362110,10.1111/jocd.12174,PubMed,oral-collagen-peptides,口服胶原肽与皮肤弹性/水分,Oral Collagen Peptides,"The effect of oral collagen peptide supplementation on skin moisture and the dermal collagen network: evidence from an ex vivo model and randomized, placebo-controlled clinical trials.",,2015,Journal of cosmetic dermatology,randomized_or_clinical_trial,oral_supplement,S1,"hydration, barrier","Skin dryness and an accelerated fragmentation of the collagen network in the dermis are hallmarks of skin aging. Nutrition is a key factor influencing skin health and consequently its appearance. A wide range of dietary supplements is offered to improve skin health. Collagen peptides are used as a bioactive ingredient in nutricosmetic products and have been shown in preclinical studies to improve skin barrier function, to induce the synthesis of collagen and hyaluronic acid, and to promote fibroblast growth and migration. Our aim was to investigate the effect of oral supplementation with specific collagen peptides on skin hydration and the dermal collagen network in a clinical setting. Two placebo-controlled clinical trials were run to assess the effect of a daily oral supplementation with collagen peptides on skin hydration by corneometry, on collagen density by high-resolution ultrasou",中文草稿：该记录属于「口服胶原肽与皮肤弹性/水分」主题，当前抽取到的英文摘要/题录结果为：Skin dryness and an accelerated fragmentation of the collagen network in the dermis are hallmarks of skin aging. Nutrition is a key factor influencing skin health and consequently its appearance. A wide range of dietary supplements is offered to improve skin health. Collagen peptides are used as a bioactive ingredient in nutricosmetic products and have been shown in preclinical studies to improve skin barrier functio,Draft conclusion: this record can inform Oral Collagen Peptides but requires full-text review before public claims.,中文草稿结论：该记录可作为「口服胶原肽与皮肤弹性/水分」的候选证据，但正式结论需要全文复核。,B,abstract_only,可支持：将该记录作为「口服胶原肽与皮肤弹性/水分」的候选证据，并按 S1 皮肤终点继续复核。,不支持：不能据此声称逆龄、延寿、替代治疗，或给出产品/剂量/疗程建议。,只能讨论皮肤外观或仪器指标，不支持声称延寿或逆转衰老。,false,high,public_draft_not_fully_reviewed,2026-04-28,https://pubmed.ncbi.nlm.nih.gov/26362110/,v0.5_GRADE_RoB_AMSTAR_bibliometrics_venue,29,15,15,7,10,-20,57,15,NIH_iCite_RCR; OpenAlex_cited_by_count,RCR=NA; cited_by=247,JCR IF not auto-imported; journal-level IF is intentionally separated from article-level citation signals.,https://openalex.org/W1833910122,247,,Cochrane RoB 2,not_assessed_public_draft,not_applicable,high_commercial_overclaim_risk,high_commercial_overclaim_risk,max_level_B,C,v0.5 综合评分：研究设计、终点价值、人类相关性、来源深度、RCR/OpenAlex 引用信号、发表地/期刊层级和风险扣分；期刊层级 C_indexed_or_identified 加 1 分；当前上限规则为 max_level_B，最终等级 C。,"v0.5 hybrid score using design, endpoint value, human relevance, source depth, RCR/OpenAlex signals, publication venue tier, and risk adjustments; venue tier C_indexed_or_identified adds 1; cap rule max_level_B; final level C.",C_indexed_or_identified,1,"Indexed or DOI/PMID-identifiable venue, but not in the curated high-weight venue list."
skin-oral-collagen-peptides-018,pubmed-35049916,35049916,10.1016/j.msec.2017.06.012,PubMed,oral-collagen-peptides,口服胶原肽与皮肤弹性/水分,Oral Collagen Peptides,"Marine Collagen: A Promising Biomaterial for Wound Healing, Skin Anti-Aging, and Bone Regeneration.",,2022,Marine drugs,review,oral_supplement,S2,skin aging endpoint pending review,"Marine organisms harbor numerous bioactive substances that can be utilized in the pharmaceutical and cosmetic industries. Scientific research on various applications of collagen extracted from these organisms has become increasingly prevalent. Marine collagen can be used as a biomaterial because it is water soluble, metabolically compatible, and highly accessible. Upon review of the literature, it is evident that marine collagen is a versatile compound capable of healing skin injuries of varying severity, as well as delaying the natural human aging process. From in vitro to in vivo experiments, collagen has demonstrated its ability to invoke keratinocyte and fibroblast migration as well as vascularization of the skin. Additionally, marine collagen and derivatives have proven beneficial and useful for both osteoporosis and osteoarthritis prevention and treatment. Other bone-related diseas","中文草稿：该记录属于「口服胶原肽与皮肤弹性/水分」主题，当前抽取到的英文摘要/题录结果为：Marine organisms harbor numerous bioactive substances that can be utilized in the pharmaceutical and cosmetic industries. Scientific research on various applications of collagen extracted from these organisms has become increasingly prevalent. Marine collagen can be used as a biomaterial because it is water soluble, metabolically compatible, and highly accessible. Upon review of the literature, it is evident that mar",Draft conclusion: this record can inform Oral Collagen Peptides but requires full-text review before public claims.,中文草稿结论：该记录可作为「口服胶原肽与皮肤弹性/水分」的候选证据，但正式结论需要全文复核。,C,abstract_plus_open_pmc_available,可支持：将该记录作为「口服胶原肽与皮肤弹性/水分」的候选证据，并按 S2 皮肤终点继续复核。,不支持：不能据此声称逆龄、延寿、替代治疗，或给出产品/剂量/疗程建议。,只能讨论皮肤外观或仪器指标，不支持声称延寿或逆转衰老。,false,high,public_draft_not_fully_reviewed,2026-04-28,https://pubmed.ncbi.nlm.nih.gov/35049916/,v0.5_GRADE_RoB_AMSTAR_bibliometrics_venue,14,8,9,10,10,-16,36,13,NIH_iCite_RCR; OpenAlex_cited_by_count,RCR=NA; cited_by=105,JCR IF not auto-imported; journal-level IF is intentionally separated from article-level citation signals.,https://openalex.org/W2639157042,105,,domain_screen,not_assessed_public_draft,not_applicable,high_commercial_overclaim_risk,high_commercial_overclaim_risk,max_level_D,D,v0.5 综合评分：研究设计、终点价值、人类相关性、来源深度、RCR/OpenAlex 引用信号、发表地/期刊层级和风险扣分；期刊层级 C_indexed_or_identified 加 1 分；当前上限规则为 max_level_D，最终等级 D。,"v0.5 hybrid score using design, endpoint value, human relevance, source depth, RCR/OpenAlex signals, publication venue tier, and risk adjustments; venue tier C_indexed_or_identified adds 1; cap rule max_level_D; final level D.",C_indexed_or_identified,1,"Indexed or DOI/PMID-identifiable venue, but not in the curated high-weight venue list."
skin-oral-collagen-peptides-019,pubmed-37357646,37357646,10.1016/j.jaad.2019.06.539,PubMed,oral-collagen-peptides,口服胶原肽与皮肤弹性/水分,Oral Collagen Peptides,"Efficacy and tolerability of an oral supplement containing amino acids, iron, selenium, and marine hydrolyzed collagen in subjects with hair loss (androgenetic alopecia, AGA or FAGA or telogen effluvium). A prospective, randomized, 3-month, controlled, assessor-blinded study.",,2023,Skin research and technology : official journal of International Society for Bioengineering and the Skin (ISBS) [and] International Society for Digital Imaging of Skin (ISDIS) [and] International Society for Skin Imaging (ISSI),randomized_or_clinical_trial,oral_supplement,S2,skin aging endpoint pending review,"Oral supplementation with some amino acids (like methionine, taurine, and cysteine) could be useful in subjects with hair loss conditions such as androgenic alopecia (AGA or FAGA) or telogen effluvium (TE). Hydrolysed collagen (HC) oral supplementation has demonstrated to have beneficial effects on nail and skin health and could improve hair growth. A food supplement in tablet formulation containing hydrolysed fish-origin collagen (300 mg/dose), taurine, cysteine, methionine, iron, and selenium has been recently available. To date no controlled data are available regarding the clinical efficacy of this product as adjuvant to hair loss specific treatments in these clinical conditions. To evaluate and compare the efficacy and tolerability of an oral supplementation based on HC and amino acids in subjects with hair loss due to AGA/FAGA or chronic TE in combination with drug treatments in co","中文草稿：该记录属于「口服胶原肽与皮肤弹性/水分」主题，当前抽取到的英文摘要/题录结果为：Oral supplementation with some amino acids (like methionine, taurine, and cysteine) could be useful in subjects with hair loss conditions such as androgenic alopecia (AGA or FAGA) or telogen effluvium (TE). Hydrolysed collagen (HC) oral supplementation has demonstrated to have beneficial effects on nail and skin health and could improve hair growth. A food supplement in tablet formulation containing hydrolysed fish-o",Draft conclusion: this record can inform Oral Collagen Peptides but requires full-text review before public claims.,中文草稿结论：该记录可作为「口服胶原肽与皮肤弹性/水分」的候选证据，但正式结论需要全文复核。,D,abstract_plus_open_pmc_available,可支持：将该记录作为「口服胶原肽与皮肤弹性/水分」的候选证据，并按 S2 皮肤终点继续复核。,不支持：不能据此声称逆龄、延寿、替代治疗，或给出产品/剂量/疗程建议。,只能讨论皮肤外观或仪器指标，不支持声称延寿或逆转衰老。,false,high,public_draft_not_fully_reviewed,2026-04-28,https://pubmed.ncbi.nlm.nih.gov/37357646/,v0.5_GRADE_RoB_AMSTAR_bibliometrics_venue,29,8,15,10,6,-16,56,3,NIH_iCite_RCR; OpenAlex_cited_by_count,RCR=NA; cited_by=2,JCR IF not auto-imported; journal-level IF is intentionally separated from article-level citation signals.,https://openalex.org/W4253789019,2,,Cochrane RoB 2,not_assessed_public_draft,not_applicable,high_commercial_overclaim_risk,high_commercial_overclaim_risk,max_level_D,D,v0.5 综合评分：研究设计、终点价值、人类相关性、来源深度、RCR/OpenAlex 引用信号、发表地/期刊层级和风险扣分；期刊层级 B_reputable_specialty_or_broad 加 4 分；当前上限规则为 max_level_D，最终等级 D。,"v0.5 hybrid score using design, endpoint value, human relevance, source depth, RCR/OpenAlex signals, publication venue tier, and risk adjustments; venue tier B_reputable_specialty_or_broad adds 4; cap rule max_level_D; final level D.",B_reputable_specialty_or_broad,4,"Indexed specialty or broad journal commonly seen in the atlas. Useful signal, but article-level quality still decides."
skin-oral-collagen-peptides-020,pubmed-34785007,34785007,10.1016/j.clindermatol.2021.05.007,PubMed,oral-collagen-peptides,口服胶原肽与皮肤弹性/水分,Oral Collagen Peptides,Nutrition and youthful skin.,,2021,Clinics in dermatology,review,oral_supplement,S2,skin aging endpoint pending review,"Nutrition and dietary supplements have been used to promote a youthful appearance for millennia. Despite high public demand for these products, evidence supporting their efficacy is limited and often inconsistent. We discuss the structural and functional changes that occur in the skin during the aging process. We also review evidence supporting the use of nutritional supplements commonly used to promote a youthful appearance, including essential fatty acids, coenzyme Q, collagen peptides, curcumin, polyphenols, flavonoids, probiotics, silymarin, and vitamins A, C, D, and E. We also consider the role of advanced glycosylated end products, antiinflammatory diets, and caloric restriction in delaying premature skin aging. Although evidence supporting the use of some dietary interventions is promising, further long-term studies in humans are required to fully understand their effects on the p","中文草稿：该记录属于「口服胶原肽与皮肤弹性/水分」主题，当前抽取到的英文摘要/题录结果为：Nutrition and dietary supplements have been used to promote a youthful appearance for millennia. Despite high public demand for these products, evidence supporting their efficacy is limited and often inconsistent. We discuss the structural and functional changes that occur in the skin during the aging process. We also review evidence supporting the use of nutritional supplements commonly used to promote a youthful ap",Draft conclusion: this record can inform Oral Collagen Peptides but requires full-text review before public claims.,中文草稿结论：该记录可作为「口服胶原肽与皮肤弹性/水分」的候选证据，但正式结论需要全文复核。,C,abstract_only,可支持：将该记录作为「口服胶原肽与皮肤弹性/水分」的候选证据，并按 S2 皮肤终点继续复核。,不支持：不能据此声称逆龄、延寿、替代治疗，或给出产品/剂量/疗程建议。,只能讨论皮肤外观或仪器指标，不支持声称延寿或逆转衰老。,false,high,public_draft_not_fully_reviewed,2026-04-28,https://pubmed.ncbi.nlm.nih.gov/34785007/,v0.5_GRADE_RoB_AMSTAR_bibliometrics_venue,14,8,9,7,8,-20,27,9,NIH_iCite_RCR; OpenAlex_cited_by_count,RCR=NA; cited_by=25,JCR IF not auto-imported; journal-level IF is intentionally separated from article-level citation signals.,https://openalex.org/W3160458488,25,,domain_screen,not_assessed_public_draft,not_applicable,high_commercial_overclaim_risk,high_commercial_overclaim_risk,max_level_D,E,v0.5 综合评分：研究设计、终点价值、人类相关性、来源深度、RCR/OpenAlex 引用信号、发表地/期刊层级和风险扣分；期刊层级 C_indexed_or_identified 加 1 分；当前上限规则为 max_level_D，最终等级 E。,"v0.5 hybrid score using design, endpoint value, human relevance, source depth, RCR/OpenAlex signals, publication venue tier, and risk adjustments; venue tier C_indexed_or_identified adds 1; cap rule max_level_D; final level E.",C_indexed_or_identified,1,"Indexed or DOI/PMID-identifiable venue, but not in the curated high-weight venue list."
skin-hyaluronic-acid-ceramides-hydration-001,pubmed-37717558,37717558,10.1159/000534136,PubMed,hyaluronic-acid-ceramides-hydration,透明质酸、神经酰胺与皮肤水分屏障,"Hyaluronic Acid, Ceramides, and Hydration","The Skin Barrier and Moisturization: Function, Disruption, and Mechanisms of Repair.",,2023,Skin pharmacology and physiology,review,topical_or_oral,S1,"transepidermal, barrier","The anatomic layers of the skin are well-defined, and a functional model of the skin barrier has recently been described. Barrier disruption plays a key role in several skin conditions, and moisturization is recommended as an initial treatment in conditions such as atopic dermatitis. This review aimed to analyze the skin barrier in the context of the function model, with a focus on the mechanisms by which moisturizers support each of the functional layers of the skin barrier to promote homeostasis and repair. The skin barrier is comprised of four interdependent layers - physical, chemical, microbiologic, and immunologic - which maintain barrier structure and function. Moisturizers target disruption affecting each of these four layers through several mechanisms and were shown to improve transepidermal water loss in several studies. Occlusives, humectants, and emollients occlude the surfac","中文草稿：该记录属于「透明质酸、神经酰胺与皮肤水分屏障」主题，当前抽取到的英文摘要/题录结果为：The anatomic layers of the skin are well-defined, and a functional model of the skin barrier has recently been described. Barrier disruption plays a key role in several skin conditions, and moisturization is recommended as an initial treatment in conditions such as atopic dermatitis. This review aimed to analyze the skin barrier in the context of the function model, with a focus on the mechanisms by which moisturizer","Draft conclusion: this record can inform Hyaluronic Acid, Ceramides, and Hydration but requires full-text review before public claims.",中文草稿结论：该记录可作为「透明质酸、神经酰胺与皮肤水分屏障」的候选证据，但正式结论需要全文复核。,C,abstract_only,可支持：将该记录作为「透明质酸、神经酰胺与皮肤水分屏障」的候选证据，并按 S1 皮肤终点继续复核。,不支持：不能据此声称逆龄、延寿、替代治疗，或给出产品/剂量/疗程建议。,支持屏障/保湿方向的证据整理，不支持宣传为系统性抗衰。,false,medium,public_draft_not_fully_reviewed,2026-04-28,https://pubmed.ncbi.nlm.nih.gov/37717558/,v0.5_GRADE_RoB_AMSTAR_bibliometrics_venue,14,15,9,7,10,-7,49,14,NIH_iCite_RCR; OpenAlex_cited_by_count,RCR=NA; cited_by=131,JCR IF not auto-imported; journal-level IF is intentionally separated from article-level citation signals.,https://openalex.org/W4386817960,131,,domain_screen,not_assessed_public_draft,not_applicable,possible,possible,max_level_B,C,v0.5 综合评分：研究设计、终点价值、人类相关性、来源深度、RCR/OpenAlex 引用信号、发表地/期刊层级和风险扣分；期刊层级 C_indexed_or_identified 加 1 分；当前上限规则为 max_level_B，最终等级 C。,"v0.5 hybrid score using design, endpoint value, human relevance, source depth, RCR/OpenAlex signals, publication venue tier, and risk adjustments; venue tier C_indexed_or_identified adds 1; cap rule max_level_B; final level C.",C_indexed_or_identified,1,"Indexed or DOI/PMID-identifiable venue, but not in the curated high-weight venue list."
skin-hyaluronic-acid-ceramides-hydration-002,pubmed-38481069,38481069,10.1152/ajpcell.00420.2004,PubMed,hyaluronic-acid-ceramides-hydration,透明质酸、神经酰胺与皮肤水分屏障,"Hyaluronic Acid, Ceramides, and Hydration",Skin boosters: Definitions and varied classifications.,,2024,Skin research and technology : official journal of International Society for Bioengineering and the Skin (ISBS) [and] International Society for Digital Imaging of Skin (ISDIS) [and] International Society for Skin Imaging (ISSI),review,topical_or_oral,S1,"wrinkle, elasticity, hydration","The concept of ""skin boosters"" has evolved, marking a shift from traditional uses of hyaluronic acid (HA) fillers primarily for augmenting skin volume to a more diverse application aimed at improving dermal conditions. Restylane Vital and other HA fillers have been repurposed to combat skin aging and wrinkles by delivering HA directly to the dermis. This review aims to define the term ""skin booster"" and to discuss the various components that constitute skin boosters. It seeks to provide a comprehensive overview of the different ingredients used in skin boosters, their roles, and their impact on enhancing dermal conditions. A comprehensive review was conducted, focusing on representative skin booster ingredients. The approach involved analyzing the different elements used in skin boosters and their specific roles in enhancing dermal improvement. The findings indicate that skin boosters, e","中文草稿：该记录属于「透明质酸、神经酰胺与皮肤水分屏障」主题，当前抽取到的英文摘要/题录结果为：The concept of ""skin boosters"" has evolved, marking a shift from traditional uses of hyaluronic acid (HA) fillers primarily for augmenting skin volume to a more diverse application aimed at improving dermal conditions. Restylane Vital and other HA fillers have been repurposed to combat skin aging and wrinkles by delivering HA directly to the dermis. This review aims to define the term ""skin booster"" and to discuss th","Draft conclusion: this record can inform Hyaluronic Acid, Ceramides, and Hydration but requires full-text review before public claims.",中文草稿结论：该记录可作为「透明质酸、神经酰胺与皮肤水分屏障」的候选证据，但正式结论需要全文复核。,C,abstract_plus_open_pmc_available,可支持：将该记录作为「透明质酸、神经酰胺与皮肤水分屏障」的候选证据，并按 S1 皮肤终点继续复核。,不支持：不能据此声称逆龄、延寿、替代治疗，或给出产品/剂量/疗程建议。,支持屏障/保湿方向的证据整理，不支持宣传为系统性抗衰。,false,medium,public_draft_not_fully_reviewed,2026-04-28,https://pubmed.ncbi.nlm.nih.gov/38481069/,v0.5_GRADE_RoB_AMSTAR_bibliometrics_venue,14,15,9,10,10,-3,59,15,NIH_iCite_RCR; OpenAlex_cited_by_count,RCR=NA; cited_by=188,JCR IF not auto-imported; journal-level IF is intentionally separated from article-level citation signals.,https://openalex.org/W1966469871,188,,domain_screen,not_assessed_public_draft,not_applicable,possible,possible,max_level_B,C,v0.5 综合评分：研究设计、终点价值、人类相关性、来源深度、RCR/OpenAlex 引用信号、发表地/期刊层级和风险扣分；期刊层级 B_reputable_specialty_or_broad 加 4 分；当前上限规则为 max_level_B，最终等级 C。,"v0.5 hybrid score using design, endpoint value, human relevance, source depth, RCR/OpenAlex signals, publication venue tier, and risk adjustments; venue tier B_reputable_specialty_or_broad adds 4; cap rule max_level_B; final level C.",B_reputable_specialty_or_broad,4,"Indexed specialty or broad journal commonly seen in the atlas. Useful signal, but article-level quality still decides."
skin-hyaluronic-acid-ceramides-hydration-003,pubmed-37373443,37373443,10.34172/bi.2023.23515,PubMed,hyaluronic-acid-ceramides-hydration,透明质酸、神经酰胺与皮肤水分屏障,"Hyaluronic Acid, Ceramides, and Hydration",Hyaluronic Acid: A Powerful Biomolecule with Wide-Ranging Applications-A Comprehensive Review.,,2023,International journal of molecular sciences,review,topical_or_oral,S1,hydration,"Hyaluronic acid (HA) is a glycosaminoglycan widely distributed in the human body, especially in body fluids and the extracellular matrix of tissues. It plays a crucial role not only in maintaining tissue hydration but also in cellular processes such as proliferation, differentiation, and the inflammatory response. HA has demonstrated its efficacy as a powerful bioactive molecule not only for skin antiaging but also in atherosclerosis, cancer, and other pathological conditions. Due to its biocompatibility, biodegradability, non-toxicity, and non-immunogenicity, several HA-based biomedical products have been developed. There is an increasing focus on optimizing HA production processes to achieve high-quality, efficient, and cost-effective products. This review discusses HA's structure, properties, and production through microbial fermentation. Furthermore, it highlights the bioactive appli","中文草稿：该记录属于「透明质酸、神经酰胺与皮肤水分屏障」主题，当前抽取到的英文摘要/题录结果为：Hyaluronic acid (HA) is a glycosaminoglycan widely distributed in the human body, especially in body fluids and the extracellular matrix of tissues. It plays a crucial role not only in maintaining tissue hydration but also in cellular processes such as proliferation, differentiation, and the inflammatory response. HA has demonstrated its efficacy as a powerful bioactive molecule not only for skin antiaging but also i","Draft conclusion: this record can inform Hyaluronic Acid, Ceramides, and Hydration but requires full-text review before public claims.",中文草稿结论：该记录可作为「透明质酸、神经酰胺与皮肤水分屏障」的候选证据，但正式结论需要全文复核。,C,abstract_plus_open_pmc_available,可支持：将该记录作为「透明质酸、神经酰胺与皮肤水分屏障」的候选证据，并按 S1 皮肤终点继续复核。,不支持：不能据此声称逆龄、延寿、替代治疗，或给出产品/剂量/疗程建议。,支持屏障/保湿方向的证据整理，不支持宣传为系统性抗衰。,false,medium,public_draft_not_fully_reviewed,2026-04-28,https://pubmed.ncbi.nlm.nih.gov/37373443/,v0.5_GRADE_RoB_AMSTAR_bibliometrics_venue,14,15,9,10,6,-3,55,6,NIH_iCite_RCR; OpenAlex_cited_by_count,RCR=NA; cited_by=8,JCR IF not auto-imported; journal-level IF is intentionally separated from article-level citation signals.,https://openalex.org/W4366209178,8,,domain_screen,not_assessed_public_draft,not_applicable,possible,possible,max_level_B,C,v0.5 综合评分：研究设计、终点价值、人类相关性、来源深度、RCR/OpenAlex 引用信号、发表地/期刊层级和风险扣分；期刊层级 B_reputable_specialty_or_broad 加 4 分；当前上限规则为 max_level_B，最终等级 C。,"v0.5 hybrid score using design, endpoint value, human relevance, source depth, RCR/OpenAlex signals, publication venue tier, and risk adjustments; venue tier B_reputable_specialty_or_broad adds 4; cap rule max_level_B; final level C.",B_reputable_specialty_or_broad,4,"Indexed specialty or broad journal commonly seen in the atlas. Useful signal, but article-level quality still decides."
skin-hyaluronic-acid-ceramides-hydration-004,pubmed-14572299,14572299,10.2165/00128071-200304110-00005,PubMed,hyaluronic-acid-ceramides-hydration,透明质酸、神经酰胺与皮肤水分屏障,"Hyaluronic Acid, Ceramides, and Hydration",Role of topical emollients and moisturizers in the treatment of dry skin barrier disorders.,,2003,American journal of clinical dermatology,review,topical_or_oral,S1,"transepidermal, tewl, barrier","Emollients and moisturizing creams are used to break the dry skin cycle and to maintain the smoothness of the skin. The term 'moisturizer' is often used synonymously with emollient, but moisturizers often contain humectants in order to hydrate the stratum corneum. Dryness is frequently linked to an impaired barrier function observed, for example, in atopic skin, psoriasis, ichthyosis, and contact dermatitis. Dryness and skin barrier disorders are not a single entity, but are characterized by differences in chemistry and morphology in the epidermis. Large differences also exist between moisturizing creams. Moisturizers have multiple functions apart from moistening the skin. Similar to other actives, the efficacy is likely to depend on the dosage, where compliance is a great challenge faced in the management of skin diseases. Strong odor from ingredients and greasy compositions may be disa","中文草稿：该记录属于「透明质酸、神经酰胺与皮肤水分屏障」主题，当前抽取到的英文摘要/题录结果为：Emollients and moisturizing creams are used to break the dry skin cycle and to maintain the smoothness of the skin. The term 'moisturizer' is often used synonymously with emollient, but moisturizers often contain humectants in order to hydrate the stratum corneum. Dryness is frequently linked to an impaired barrier function observed, for example, in atopic skin, psoriasis, ichthyosis, and contact dermatitis. Dryness ","Draft conclusion: this record can inform Hyaluronic Acid, Ceramides, and Hydration but requires full-text review before public claims.",中文草稿结论：该记录可作为「透明质酸、神经酰胺与皮肤水分屏障」的候选证据，但正式结论需要全文复核。,C,abstract_only,可支持：将该记录作为「透明质酸、神经酰胺与皮肤水分屏障」的候选证据，并按 S1 皮肤终点继续复核。,不支持：不能据此声称逆龄、延寿、替代治疗，或给出产品/剂量/疗程建议。,支持屏障/保湿方向的证据整理，不支持宣传为系统性抗衰。,false,medium,public_draft_not_fully_reviewed,2026-04-28,https://pubmed.ncbi.nlm.nih.gov/14572299/,v0.5_GRADE_RoB_AMSTAR_bibliometrics_venue,14,15,9,7,12,-7,51,15,NIH_iCite_RCR; OpenAlex_cited_by_count,RCR=NA; cited_by=518,JCR IF not auto-imported; journal-level IF is intentionally separated from article-level citation signals.,https://openalex.org/W1551120740,518,,domain_screen,not_assessed_public_draft,not_applicable,possible,possible,max_level_B,C,v0.5 综合评分：研究设计、终点价值、人类相关性、来源深度、RCR/OpenAlex 引用信号、发表地/期刊层级和风险扣分；期刊层级 C_indexed_or_identified 加 1 分；当前上限规则为 max_level_B，最终等级 C。,"v0.5 hybrid score using design, endpoint value, human relevance, source depth, RCR/OpenAlex signals, publication venue tier, and risk adjustments; venue tier C_indexed_or_identified adds 1; cap rule max_level_B; final level C.",C_indexed_or_identified,1,"Indexed or DOI/PMID-identifiable venue, but not in the curated high-weight venue list."
skin-hyaluronic-acid-ceramides-hydration-005,pubmed-36200921,36200921,10.1111/dth.15903,PubMed,hyaluronic-acid-ceramides-hydration,透明质酸、神经酰胺与皮肤水分屏障,"Hyaluronic Acid, Ceramides, and Hydration",Benefits of topical hyaluronic acid for skin quality and signs of skin aging: From literature review to clinical evidence.,,2022,Dermatologic therapy,randomized_or_clinical_trial,topical_or_oral,S1,"wrinkle, hydration","Skin aging goes beyond a chronological process and also results from extrinsic factors referred to as the exposome. Hyaluronic acid (HA) is an important component of the extracellular matrix, with loss starting at 25 years old. While many studies of HA concern topical use, few literature reviews only address the use of topical HA in dermatology. This review describes the different characteristics of HA-containing cosmeceuticals, with a focus on skin aging and the impact of exposome factors on HA synthesis and degradation. A review was performed using the terms HA, hyaluronan, topical, dermatology, cosmetic, aging treatment, exposome, and cosmeceuticals. Results are also presented from a recent randomized controlled trial (RCT), which investigated the additional benefit of using a HA epidermic filler (HA-filler serum) combined with Botulinum toxin type A (BoNTA) to treat signs of skin agi","中文草稿：该记录属于「透明质酸、神经酰胺与皮肤水分屏障」主题，当前抽取到的英文摘要/题录结果为：Skin aging goes beyond a chronological process and also results from extrinsic factors referred to as the exposome. Hyaluronic acid (HA) is an important component of the extracellular matrix, with loss starting at 25 years old. While many studies of HA concern topical use, few literature reviews only address the use of topical HA in dermatology. This review describes the different characteristics of HA-containing cos","Draft conclusion: this record can inform Hyaluronic Acid, Ceramides, and Hydration but requires full-text review before public claims.",中文草稿结论：该记录可作为「透明质酸、神经酰胺与皮肤水分屏障」的候选证据，但正式结论需要全文复核。,B,abstract_plus_open_pmc_available,可支持：将该记录作为「透明质酸、神经酰胺与皮肤水分屏障」的候选证据，并按 S1 皮肤终点继续复核。,不支持：不能据此声称逆龄、延寿、替代治疗，或给出产品/剂量/疗程建议。,支持屏障/保湿方向的证据整理，不支持宣传为系统性抗衰。,false,medium,public_draft_not_fully_reviewed,2026-04-28,https://pubmed.ncbi.nlm.nih.gov/36200921/,v0.5_GRADE_RoB_AMSTAR_bibliometrics_venue,29,15,15,10,10,-3,77,14,NIH_iCite_RCR; OpenAlex_cited_by_count,RCR=NA; cited_by=131,JCR IF not auto-imported; journal-level IF is intentionally separated from article-level citation signals.,https://openalex.org/W4302762904,131,,Cochrane RoB 2,not_assessed_public_draft,not_applicable,possible,possible,max_level_B,B,v0.5 综合评分：研究设计、终点价值、人类相关性、来源深度、RCR/OpenAlex 引用信号、发表地/期刊层级和风险扣分；期刊层级 C_indexed_or_identified 加 1 分；当前上限规则为 max_level_B，最终等级 B。,"v0.5 hybrid score using design, endpoint value, human relevance, source depth, RCR/OpenAlex signals, publication venue tier, and risk adjustments; venue tier C_indexed_or_identified adds 1; cap rule max_level_B; final level B.",C_indexed_or_identified,1,"Indexed or DOI/PMID-identifiable venue, but not in the curated high-weight venue list."
skin-hyaluronic-acid-ceramides-hydration-006,pubmed-39912256,39912256,10.1111/exd.70042,PubMed,hyaluronic-acid-ceramides-hydration,透明质酸、神经酰胺与皮肤水分屏障,"Hyaluronic Acid, Ceramides, and Hydration",Ceramides and Skin Health: New Insights.,,2025,Experimental dermatology,review,topical_or_oral,S1,"hydration, barrier","Ceramide has transitioned from an incidental discovery to a vital element in skincare, becoming a thoroughly studied compound in the quest to treat skin conditions. Creating a moisture barrier, preserving hydration, regulating pH, controlling inflammation, and enhancing skin functions and appearance are among its established benefits. It is often used medically to repair skin barrier defects, as observed in inflammatory skin conditions like atopic dermatitis (AD) and dry skin types. Furthermore, ceramide and its metabolites are commonly used as predictors before disease manifestation and for prognostication processes, thus can be used as biomarker for clinical diagnosis as well. In the last couple of decades, momentum was also seen in the pre-clinical studies involving anti-cancer and nanotechnology field, whereby ceramide was also used as a drug, a carrier, or even adjunct formulation t","中文草稿：该记录属于「透明质酸、神经酰胺与皮肤水分屏障」主题，当前抽取到的英文摘要/题录结果为：Ceramide has transitioned from an incidental discovery to a vital element in skincare, becoming a thoroughly studied compound in the quest to treat skin conditions. Creating a moisture barrier, preserving hydration, regulating pH, controlling inflammation, and enhancing skin functions and appearance are among its established benefits. It is often used medically to repair skin barrier defects, as observed in inflammat","Draft conclusion: this record can inform Hyaluronic Acid, Ceramides, and Hydration but requires full-text review before public claims.",中文草稿结论：该记录可作为「透明质酸、神经酰胺与皮肤水分屏障」的候选证据，但正式结论需要全文复核。,C,abstract_only,可支持：将该记录作为「透明质酸、神经酰胺与皮肤水分屏障」的候选证据，并按 S1 皮肤终点继续复核。,不支持：不能据此声称逆龄、延寿、替代治疗，或给出产品/剂量/疗程建议。,支持屏障/保湿方向的证据整理，不支持宣传为系统性抗衰。,false,medium,public_draft_not_fully_reviewed,2026-04-28,https://pubmed.ncbi.nlm.nih.gov/39912256/,v0.5_GRADE_RoB_AMSTAR_bibliometrics_venue,14,15,9,7,6,-7,45,9,NIH_iCite_RCR; OpenAlex_cited_by_count,RCR=NA; cited_by=20,JCR IF not auto-imported; journal-level IF is intentionally separated from article-level citation signals.,https://openalex.org/W4407189546,20,,domain_screen,not_assessed_public_draft,not_applicable,possible,possible,max_level_B,D,v0.5 综合评分：研究设计、终点价值、人类相关性、来源深度、RCR/OpenAlex 引用信号、发表地/期刊层级和风险扣分；期刊层级 C_indexed_or_identified 加 1 分；当前上限规则为 max_level_B，最终等级 D。,"v0.5 hybrid score using design, endpoint value, human relevance, source depth, RCR/OpenAlex signals, publication venue tier, and risk adjustments; venue tier C_indexed_or_identified adds 1; cap rule max_level_B; final level D.",C_indexed_or_identified,1,"Indexed or DOI/PMID-identifiable venue, but not in the curated high-weight venue list."
skin-hyaluronic-acid-ceramides-hydration-007,pubmed-37577796,37577796,10.1080/09546634.2023.2216323,PubMed,hyaluronic-acid-ceramides-hydration,透明质酸、神经酰胺与皮肤水分屏障,"Hyaluronic Acid, Ceramides, and Hydration",A hyaluronic acid-based micro-filler improves superficial wrinkles and skin quality: a randomized prospective controlled multicenter study.,,2023,The Journal of dermatological treatment,randomized_or_clinical_trial,topical_or_oral,S1,"wrinkle, hydration","NCTF®135HA is a bio-revitalizing solution containing hyaluronic acid designed to compensate for skin dehydration, fatigue, and fine wrinkles associated with endogenous and environmental aging. We conducted a randomized, active-controlled study to evaluate the efficacy and tolerability of NCTF®135HA injections on the face (crow's feet), neck, and décolleté regions. Subjects were randomly assigned (3:1) to receive three NCTF®135HA treatment sessions plus twice-daily anti-aging moisturizer cream or cream alone (control). The primary outcome was the reduction in superficial wrinkles between baseline and Day (D)75 in the three areas, assessed by profilometric measures, clinical scoring, subjective changes, and tolerability. 146 subjects were randomized to NCTF®135HA (n = 107) or control (n = 38). At D75 and D120, NCTF®135HA significantly reduced wrinkles in all three areas and improved facial","中文草稿：该记录属于「透明质酸、神经酰胺与皮肤水分屏障」主题，当前抽取到的英文摘要/题录结果为：NCTF®135HA is a bio-revitalizing solution containing hyaluronic acid designed to compensate for skin dehydration, fatigue, and fine wrinkles associated with endogenous and environmental aging. We conducted a randomized, active-controlled study to evaluate the efficacy and tolerability of NCTF®135HA injections on the face (crow's feet), neck, and décolleté regions. Subjects were randomly assigned (3:1) to receive thre","Draft conclusion: this record can inform Hyaluronic Acid, Ceramides, and Hydration but requires full-text review before public claims.",中文草稿结论：该记录可作为「透明质酸、神经酰胺与皮肤水分屏障」的候选证据，但正式结论需要全文复核。,B,abstract_only,可支持：将该记录作为「透明质酸、神经酰胺与皮肤水分屏障」的候选证据，并按 S1 皮肤终点继续复核。,不支持：不能据此声称逆龄、延寿、替代治疗，或给出产品/剂量/疗程建议。,支持屏障/保湿方向的证据整理，不支持宣传为系统性抗衰。,false,medium,public_draft_not_fully_reviewed,2026-04-28,https://pubmed.ncbi.nlm.nih.gov/37577796/,v0.5_GRADE_RoB_AMSTAR_bibliometrics_venue,29,15,15,7,8,-7,68,10,NIH_iCite_RCR; OpenAlex_cited_by_count,RCR=NA; cited_by=31,JCR IF not auto-imported; journal-level IF is intentionally separated from article-level citation signals.,https://openalex.org/W4385798678,31,,Cochrane RoB 2,not_assessed_public_draft,not_applicable,possible,possible,max_level_B,B,v0.5 综合评分：研究设计、终点价值、人类相关性、来源深度、RCR/OpenAlex 引用信号、发表地/期刊层级和风险扣分；期刊层级 C_indexed_or_identified 加 1 分；当前上限规则为 max_level_B，最终等级 B。,"v0.5 hybrid score using design, endpoint value, human relevance, source depth, RCR/OpenAlex signals, publication venue tier, and risk adjustments; venue tier C_indexed_or_identified adds 1; cap rule max_level_B; final level B.",C_indexed_or_identified,1,"Indexed or DOI/PMID-identifiable venue, but not in the curated high-weight venue list."
skin-hyaluronic-acid-ceramides-hydration-008,pubmed-30287361,30287361,10.1016/j.ijbiomac.2018.09.188,PubMed,hyaluronic-acid-ceramides-hydration,透明质酸、神经酰胺与皮肤水分屏障,"Hyaluronic Acid, Ceramides, and Hydration","Hyaluronic acid, a promising skin rejuvenating biomedicine: A review of recent updates and pre-clinical and clinical investigations on cosmetic and nutricosmetic effects.",,2018,International journal of biological macromolecules,review,topical_or_oral,S1,"wrinkle, elasticity, hydration","Hyaluronic acid (HA) plays multifaceted role in regulating the various biological processes such as skin repairmen, diagnosis of cancer, wound healing, tissue regeneration, anti-inflammatory, and immunomodulation. Owing to its remarkable biomedical and tissue regeneration potential, HA has been numerously employed as one of the imperative components of the cosmetic and nutricosmetic products. The present review aims to summarize and critically appraise recent developments and clinical investigations on cosmetic and nutricosmetic efficacy of HA for skin rejuvenation. A thorough analysis of the literature revealed that HA based formulations (i.e., gels, creams, intra-dermal filler injections, dermal fillers, facial fillers, autologous fat gels, lotion, serum, and implants, etc.) exhibit remarkable anti-wrinkle, anti-nasolabial fold, anti-aging, space-filling, and face rejuvenating properti","中文草稿：该记录属于「透明质酸、神经酰胺与皮肤水分屏障」主题，当前抽取到的英文摘要/题录结果为：Hyaluronic acid (HA) plays multifaceted role in regulating the various biological processes such as skin repairmen, diagnosis of cancer, wound healing, tissue regeneration, anti-inflammatory, and immunomodulation. Owing to its remarkable biomedical and tissue regeneration potential, HA has been numerously employed as one of the imperative components of the cosmetic and nutricosmetic products. The present review aims ","Draft conclusion: this record can inform Hyaluronic Acid, Ceramides, and Hydration but requires full-text review before public claims.",中文草稿结论：该记录可作为「透明质酸、神经酰胺与皮肤水分屏障」的候选证据，但正式结论需要全文复核。,C,abstract_only,可支持：将该记录作为「透明质酸、神经酰胺与皮肤水分屏障」的候选证据，并按 S1 皮肤终点继续复核。,不支持：不能据此声称逆龄、延寿、替代治疗，或给出产品/剂量/疗程建议。,支持屏障/保湿方向的证据整理，不支持宣传为系统性抗衰。,false,medium,public_draft_not_fully_reviewed,2026-04-28,https://pubmed.ncbi.nlm.nih.gov/30287361/,v0.5_GRADE_RoB_AMSTAR_bibliometrics_venue,14,15,9,7,12,-7,51,15,NIH_iCite_RCR; OpenAlex_cited_by_count,RCR=NA; cited_by=520,JCR IF not auto-imported; journal-level IF is intentionally separated from article-level citation signals.,https://openalex.org/W2895377446,520,,domain_screen,not_assessed_public_draft,not_applicable,possible,possible,max_level_B,C,v0.5 综合评分：研究设计、终点价值、人类相关性、来源深度、RCR/OpenAlex 引用信号、发表地/期刊层级和风险扣分；期刊层级 C_indexed_or_identified 加 1 分；当前上限规则为 max_level_B，最终等级 C。,"v0.5 hybrid score using design, endpoint value, human relevance, source depth, RCR/OpenAlex signals, publication venue tier, and risk adjustments; venue tier C_indexed_or_identified adds 1; cap rule max_level_B; final level C.",C_indexed_or_identified,1,"Indexed or DOI/PMID-identifiable venue, but not in the curated high-weight venue list."
skin-hyaluronic-acid-ceramides-hydration-009,pubmed-40277717,40277717,10.3390/jcm11092518,PubMed,hyaluronic-acid-ceramides-hydration,透明质酸、神经酰胺与皮肤水分屏障,"Hyaluronic Acid, Ceramides, and Hydration",Hyaluronic Acid and Skin: Its Role in Aging and Wound-Healing Processes.,,2025,"Gels (Basel, Switzerland)",review,topical_or_oral,S1,"wrinkle, elasticity, hydration","Hyaluronic acid (HA) is a linear, unbranched polysaccharide classified as a glycosaminoglycan. While HA is found in various tissues throughout the body, over half of its total proportion is found in the skin. The role of HA in the skin is complex and multifaceted. HA maintains proper hydration, elasticity, and skin firmness, serving as a key extracellular matrix (ECM) component. With age, HA production gradually decreases, leading to reduced water-binding capacity, drier and less elastic skin, and the formation of wrinkles. Additionally, HA plays an active role in the wound-healing process at every stage. This review summarizes the current background knowledge about the role of HA in skin aging and wound healing. We discuss the latest applications of HA in aging prevention, including anti-aging formulations, nutricosmetics, microneedles, nanoparticles, HA-based fillers, and skin biostimu","中文草稿：该记录属于「透明质酸、神经酰胺与皮肤水分屏障」主题，当前抽取到的英文摘要/题录结果为：Hyaluronic acid (HA) is a linear, unbranched polysaccharide classified as a glycosaminoglycan. While HA is found in various tissues throughout the body, over half of its total proportion is found in the skin. The role of HA in the skin is complex and multifaceted. HA maintains proper hydration, elasticity, and skin firmness, serving as a key extracellular matrix (ECM) component. With age, HA production gradually decr","Draft conclusion: this record can inform Hyaluronic Acid, Ceramides, and Hydration but requires full-text review before public claims.",中文草稿结论：该记录可作为「透明质酸、神经酰胺与皮肤水分屏障」的候选证据，但正式结论需要全文复核。,C,abstract_plus_open_pmc_available,可支持：将该记录作为「透明质酸、神经酰胺与皮肤水分屏障」的候选证据，并按 S1 皮肤终点继续复核。,不支持：不能据此声称逆龄、延寿、替代治疗，或给出产品/剂量/疗程建议。,支持屏障/保湿方向的证据整理，不支持宣传为系统性抗衰。,false,medium,public_draft_not_fully_reviewed,2026-04-28,https://pubmed.ncbi.nlm.nih.gov/40277717/,v0.5_GRADE_RoB_AMSTAR_bibliometrics_venue,14,15,9,10,6,-3,52,9,NIH_iCite_RCR; OpenAlex_cited_by_count,RCR=NA; cited_by=20,JCR IF not auto-imported; journal-level IF is intentionally separated from article-level citation signals.,https://openalex.org/W4225135500,20,,domain_screen,not_assessed_public_draft,not_applicable,possible,possible,max_level_B,C,v0.5 综合评分：研究设计、终点价值、人类相关性、来源深度、RCR/OpenAlex 引用信号、发表地/期刊层级和风险扣分；期刊层级 C_indexed_or_identified 加 1 分；当前上限规则为 max_level_B，最终等级 C。,"v0.5 hybrid score using design, endpoint value, human relevance, source depth, RCR/OpenAlex signals, publication venue tier, and risk adjustments; venue tier C_indexed_or_identified adds 1; cap rule max_level_B; final level C.",C_indexed_or_identified,1,"Indexed or DOI/PMID-identifiable venue, but not in the curated high-weight venue list."
skin-hyaluronic-acid-ceramides-hydration-010,pubmed-37004799,37004799,10.1016/j.jconrel.2023.03.049,PubMed,hyaluronic-acid-ceramides-hydration,透明质酸、神经酰胺与皮肤水分屏障,"Hyaluronic Acid, Ceramides, and Hydration",Hyaluronic acid and HA-modified cationic liposomes for promoting skin penetration and retention.,,2023,Journal of controlled release : official journal of the Controlled Release Society,preclinical_or_mechanistic,topical_or_oral,S2,"hydration, barrier","Hyaluronic acid (HA) has been widely used in cosmetics and topical preparations owing to its favorable moisturizing property and potential in enhancing drugs' skin permeability. Here, the influencing factors and underlying mechanism of HA on skin penetration were carefully investigated, and HA-modified Undecylenoyl-Phenylalanine (UP) liposomes (HA-UP-LPs) were designed as a proof of principle for efficacious transdermal drug delivery strategy to enhance the skin penetration and retention. An in vitro penetration test (IVPT) of HA with different molecular weights showed that low molecular weight HA (LMW-HA, 5 kDa and 8 kDa) could pass through the stratum corneum (SC) barrier and enter into the epidermis and dermis layers, whereas its high molecular counterparts (HMW-HA) were trapped on the SC surface. Mechanistic studies revealed that LMW-HA could interact with keratin and lipid in the SC","中文草稿：该记录属于「透明质酸、神经酰胺与皮肤水分屏障」主题，当前抽取到的英文摘要/题录结果为：Hyaluronic acid (HA) has been widely used in cosmetics and topical preparations owing to its favorable moisturizing property and potential in enhancing drugs' skin permeability. Here, the influencing factors and underlying mechanism of HA on skin penetration were carefully investigated, and HA-modified Undecylenoyl-Phenylalanine (UP) liposomes (HA-UP-LPs) were designed as a proof of principle for efficacious transder","Draft conclusion: this record can inform Hyaluronic Acid, Ceramides, and Hydration but requires full-text review before public claims.",中文草稿结论：该记录可作为「透明质酸、神经酰胺与皮肤水分屏障」的候选证据，但正式结论需要全文复核。,D,abstract_only,可支持：将该记录作为「透明质酸、神经酰胺与皮肤水分屏障」的候选证据，并按 S2 皮肤终点继续复核。,不支持：不能据此声称逆龄、延寿、替代治疗，或给出产品/剂量/疗程建议。,支持屏障/保湿方向的证据整理，不支持宣传为系统性抗衰。,false,medium,public_draft_not_fully_reviewed,2026-04-28,https://pubmed.ncbi.nlm.nih.gov/37004799/,v0.5_GRADE_RoB_AMSTAR_bibliometrics_venue,11,8,15,7,10,-7,45,13,NIH_iCite_RCR; OpenAlex_cited_by_count,RCR=NA; cited_by=101,JCR IF not auto-imported; journal-level IF is intentionally separated from article-level citation signals.,https://openalex.org/W4362506426,101,,Cochrane RoB 2,not_assessed_public_draft,not_applicable,possible,possible,max_level_D,D,v0.5 综合评分：研究设计、终点价值、人类相关性、来源深度、RCR/OpenAlex 引用信号、发表地/期刊层级和风险扣分；期刊层级 C_indexed_or_identified 加 1 分；当前上限规则为 max_level_D，最终等级 D。,"v0.5 hybrid score using design, endpoint value, human relevance, source depth, RCR/OpenAlex signals, publication venue tier, and risk adjustments; venue tier C_indexed_or_identified adds 1; cap rule max_level_D; final level D.",C_indexed_or_identified,1,"Indexed or DOI/PMID-identifiable venue, but not in the curated high-weight venue list."
skin-hyaluronic-acid-ceramides-hydration-011,pubmed-36609802,36609802,10.1111/all.15640,PubMed,hyaluronic-acid-ceramides-hydration,透明质酸、神经酰胺与皮肤水分屏障,"Hyaluronic Acid, Ceramides, and Hydration",Staphylococcus aureus causes aberrant epidermal lipid composition and skin barrier dysfunction.,,2023,Allergy,human_or_mixed_observational,topical_or_oral,S1,"transepidermal, tewl, barrier","Staphylococcus (S) aureus colonization is known to cause skin barrier disruption in atopic dermatitis (AD) patients. However, it has not been studied how S. aureus induces aberrant epidermal lipid composition and skin barrier dysfunction. Skin tape strips (STS) and swabs were obtained from 24 children with AD (6.0 ± 4.4 years) and 16 healthy children (7.0 ± 4.5 years). Lipidomic analysis of STS samples was performed by mass spectrometry. Skin levels of methicillin-sensitive and methicillin-resistant S. aureus (MSSA and MRSA) were evaluated. The effects of MSSA and MRSA were evaluated in primary human keratinocytes (HEKs) and organotypic skin cultures. AD and organotypic skin colonized with MRSA significantly increased the proportion of lipid species with nonhydroxy fatty acid sphingosine ceramide with palmitic acid ([N-16:0 NS-CER], sphingomyelins [16:0-18:0 SM]), and lysophosphatidylcho","中文草稿：该记录属于「透明质酸、神经酰胺与皮肤水分屏障」主题，当前抽取到的英文摘要/题录结果为：Staphylococcus (S) aureus colonization is known to cause skin barrier disruption in atopic dermatitis (AD) patients. However, it has not been studied how S. aureus induces aberrant epidermal lipid composition and skin barrier dysfunction. Skin tape strips (STS) and swabs were obtained from 24 children with AD (6.0 ± 4.4 years) and 16 healthy children (7.0 ± 4.5 years). Lipidomic analysis of STS samples was performed ","Draft conclusion: this record can inform Hyaluronic Acid, Ceramides, and Hydration but requires full-text review before public claims.",中文草稿结论：该记录可作为「透明质酸、神经酰胺与皮肤水分屏障」的候选证据，但正式结论需要全文复核。,C,abstract_plus_open_pmc_available,可支持：将该记录作为「透明质酸、神经酰胺与皮肤水分屏障」的候选证据，并按 S1 皮肤终点继续复核。,不支持：不能据此声称逆龄、延寿、替代治疗，或给出产品/剂量/疗程建议。,支持屏障/保湿方向的证据整理，不支持宣传为系统性抗衰。,false,medium,public_draft_not_fully_reviewed,2026-04-28,https://pubmed.ncbi.nlm.nih.gov/36609802/,v0.5_GRADE_RoB_AMSTAR_bibliometrics_venue,18,15,15,10,8,-3,64,12,NIH_iCite_RCR; OpenAlex_cited_by_count,RCR=NA; cited_by=61,JCR IF not auto-imported; journal-level IF is intentionally separated from article-level citation signals.,https://openalex.org/W4313680617,61,,ROBINS-I,not_assessed_public_draft,not_applicable,possible,possible,max_level_B,C,v0.5 综合评分：研究设计、终点价值、人类相关性、来源深度、RCR/OpenAlex 引用信号、发表地/期刊层级和风险扣分；期刊层级 C_indexed_or_identified 加 1 分；当前上限规则为 max_level_B，最终等级 C。,"v0.5 hybrid score using design, endpoint value, human relevance, source depth, RCR/OpenAlex signals, publication venue tier, and risk adjustments; venue tier C_indexed_or_identified adds 1; cap rule max_level_B; final level C.",C_indexed_or_identified,1,"Indexed or DOI/PMID-identifiable venue, but not in the curated high-weight venue list."
skin-hyaluronic-acid-ceramides-hydration-012,pubmed-37276158,37276158,10.36849/JDD.7142,PubMed,hyaluronic-acid-ceramides-hydration,透明质酸、神经酰胺与皮肤水分屏障,"Hyaluronic Acid, Ceramides, and Hydration",Ceramide-Containing Adjunctive Skin Care for Skin Barrier Restoration During Acne Vulgaris Treatment.,,2023,Journal of drugs in dermatology : JDD,randomized_or_clinical_trial,topical_or_oral,S1,"transepidermal, tewl, erythema, acne, barrier","Barrier damage caused by facial acne vulgaris can be magnified by topical medication, such as adapalene (0.3%) and benzoyl peroxide (2.5%)(A/BPO), which utilizes a retinoid to normalize follicular keratinization and BPO to decrease the C. acnes population. Disease-induced irritation combined with topical medication-induced irritation results in dryness and enhanced inflammation leading to lower compliance and increased skin healing time. Ceramide-based moisturizers have documented barrier repair benefits for eczema but have not been studied for acne. The objective of this double-blind study was to measure the impact of acne treatment on skin barrier function and tolerance when paired with a ceramide routine. Participants were prescribed an A/BPO gel once daily. The treatment group received a ceramide-containing foaming facial cleanser and facial lotion, and the control group received bas","中文草稿：该记录属于「透明质酸、神经酰胺与皮肤水分屏障」主题，当前抽取到的英文摘要/题录结果为：Barrier damage caused by facial acne vulgaris can be magnified by topical medication, such as adapalene (0.3%) and benzoyl peroxide (2.5%)(A/BPO), which utilizes a retinoid to normalize follicular keratinization and BPO to decrease the C. acnes population. Disease-induced irritation combined with topical medication-induced irritation results in dryness and enhanced inflammation leading to lower compliance and increas","Draft conclusion: this record can inform Hyaluronic Acid, Ceramides, and Hydration but requires full-text review before public claims.",中文草稿结论：该记录可作为「透明质酸、神经酰胺与皮肤水分屏障」的候选证据，但正式结论需要全文复核。,B,abstract_only,可支持：将该记录作为「透明质酸、神经酰胺与皮肤水分屏障」的候选证据，并按 S1 皮肤终点继续复核。,不支持：不能据此声称逆龄、延寿、替代治疗，或给出产品/剂量/疗程建议。,支持屏障/保湿方向的证据整理，不支持宣传为系统性抗衰。,false,medium,public_draft_not_fully_reviewed,2026-04-28,https://pubmed.ncbi.nlm.nih.gov/37276158/,v0.5_GRADE_RoB_AMSTAR_bibliometrics_venue,29,15,15,7,6,-7,66,7,NIH_iCite_RCR; OpenAlex_cited_by_count,RCR=NA; cited_by=12,JCR IF not auto-imported; journal-level IF is intentionally separated from article-level citation signals.,https://openalex.org/W4379508749,12,,Cochrane RoB 2,not_assessed_public_draft,not_applicable,possible,possible,max_level_B,B,v0.5 综合评分：研究设计、终点价值、人类相关性、来源深度、RCR/OpenAlex 引用信号、发表地/期刊层级和风险扣分；期刊层级 C_indexed_or_identified 加 1 分；当前上限规则为 max_level_B，最终等级 B。,"v0.5 hybrid score using design, endpoint value, human relevance, source depth, RCR/OpenAlex signals, publication venue tier, and risk adjustments; venue tier C_indexed_or_identified adds 1; cap rule max_level_B; final level B.",C_indexed_or_identified,1,"Indexed or DOI/PMID-identifiable venue, but not in the curated high-weight venue list."
skin-hyaluronic-acid-ceramides-hydration-013,pubmed-35815904,35815904,10.1111/all.15432,PubMed,hyaluronic-acid-ceramides-hydration,透明质酸、神经酰胺与皮肤水分屏障,"Hyaluronic Acid, Ceramides, and Hydration",Dupilumab significantly improves skin barrier function in patients with moderate-to-severe atopic dermatitis.,,2022,Allergy,human_or_mixed_observational,topical_or_oral,S1,"transepidermal, tewl, barrier","Atopic dermatitis (AD) is characterized by abnormal skin lipids that are largely driven by hyperactivated type 2 immune responses. The antibody to the α-subunit of interleukin (IL)-4 receptor, dupilumab, was recently approved to treat AD and demonstrated strong efficacy. However, the role of dupilumab therapy in the regulation of skin barrier structure and function has not been fully explored. We have evaluated the content of lipids and transepidermal water loss (TEWL) in lesional and non-lesional skin of adults and adolescents with moderate-to-severe AD over the course of 16-week treatment with dupilumab and compared those values with that of matched healthy volunteers. Dupilumab treatment provided a significant decrease in TEWL in AD lesions, lowering it almost to the levels seen in the skin of healthy subjects. Blocking IL-4/IL-13 signaling with dupilumab normalized lipid composition ","中文草稿：该记录属于「透明质酸、神经酰胺与皮肤水分屏障」主题，当前抽取到的英文摘要/题录结果为：Atopic dermatitis (AD) is characterized by abnormal skin lipids that are largely driven by hyperactivated type 2 immune responses. The antibody to the α-subunit of interleukin (IL)-4 receptor, dupilumab, was recently approved to treat AD and demonstrated strong efficacy. However, the role of dupilumab therapy in the regulation of skin barrier structure and function has not been fully explored. We have evaluated the c","Draft conclusion: this record can inform Hyaluronic Acid, Ceramides, and Hydration but requires full-text review before public claims.",中文草稿结论：该记录可作为「透明质酸、神经酰胺与皮肤水分屏障」的候选证据，但正式结论需要全文复核。,C,abstract_only,可支持：将该记录作为「透明质酸、神经酰胺与皮肤水分屏障」的候选证据，并按 S1 皮肤终点继续复核。,不支持：不能据此声称逆龄、延寿、替代治疗，或给出产品/剂量/疗程建议。,支持屏障/保湿方向的证据整理，不支持宣传为系统性抗衰。,false,medium,public_draft_not_fully_reviewed,2026-04-28,https://pubmed.ncbi.nlm.nih.gov/35815904/,v0.5_GRADE_RoB_AMSTAR_bibliometrics_venue,18,15,15,7,10,-7,59,13,NIH_iCite_RCR; OpenAlex_cited_by_count,RCR=NA; cited_by=102,JCR IF not auto-imported; journal-level IF is intentionally separated from article-level citation signals.,https://openalex.org/W4285043297,102,,ROBINS-I,not_assessed_public_draft,not_applicable,possible,possible,max_level_B,C,v0.5 综合评分：研究设计、终点价值、人类相关性、来源深度、RCR/OpenAlex 引用信号、发表地/期刊层级和风险扣分；期刊层级 C_indexed_or_identified 加 1 分；当前上限规则为 max_level_B，最终等级 C。,"v0.5 hybrid score using design, endpoint value, human relevance, source depth, RCR/OpenAlex signals, publication venue tier, and risk adjustments; venue tier C_indexed_or_identified adds 1; cap rule max_level_B; final level C.",C_indexed_or_identified,1,"Indexed or DOI/PMID-identifiable venue, but not in the curated high-weight venue list."
skin-hyaluronic-acid-ceramides-hydration-014,pubmed-38009035,38009035,10.1111/srt.13531,PubMed,hyaluronic-acid-ceramides-hydration,透明质酸、神经酰胺与皮肤水分屏障,"Hyaluronic Acid, Ceramides, and Hydration",Oral administration of hyaluronic acid to improve skin conditions via a randomized double-blind clinical test.,,2023,Skin research and technology : official journal of International Society for Bioengineering and the Skin (ISBS) [and] International Society for Digital Imaging of Skin (ISDIS) [and] International Society for Skin Imaging (ISSI),randomized_or_clinical_trial,topical_or_oral,S1,hydration,"To evaluate the impact of oral intake of Hyaluronic Acid (HA) on skin health. HA, an endogenous substance in the human body, plays a key role in skin health. However, its concentration in the skin decreases significantly with age. Previous studies suggested that oral intake of HA can supplement the body's HA level, but did not reveal the effects on different age groups and skin types. A double-blind, randomized clinical trial with 129 female participants, covering young and elderly groups and differnet skin types, was conducted to assess the efficacy of orally administered HA on skin health. Oral administration of HA significantly promoted skin hydration after 2-8 weeks among both young and elderly groups. Skin tone improvement was observed after 4-8 weeks, while an increase in epidermal thickness was noted after 12 weeks. This study provides direct evidence supporting the clinical effic","中文草稿：该记录属于「透明质酸、神经酰胺与皮肤水分屏障」主题，当前抽取到的英文摘要/题录结果为：To evaluate the impact of oral intake of Hyaluronic Acid (HA) on skin health. HA, an endogenous substance in the human body, plays a key role in skin health. However, its concentration in the skin decreases significantly with age. Previous studies suggested that oral intake of HA can supplement the body's HA level, but did not reveal the effects on different age groups and skin types. A double-blind, randomized clini","Draft conclusion: this record can inform Hyaluronic Acid, Ceramides, and Hydration but requires full-text review before public claims.",中文草稿结论：该记录可作为「透明质酸、神经酰胺与皮肤水分屏障」的候选证据，但正式结论需要全文复核。,B,abstract_plus_open_pmc_available,可支持：将该记录作为「透明质酸、神经酰胺与皮肤水分屏障」的候选证据，并按 S1 皮肤终点继续复核。,不支持：不能据此声称逆龄、延寿、替代治疗，或给出产品/剂量/疗程建议。,支持屏障/保湿方向的证据整理，不支持宣传为系统性抗衰。,false,medium,public_draft_not_fully_reviewed,2026-04-28,https://pubmed.ncbi.nlm.nih.gov/38009035/,v0.5_GRADE_RoB_AMSTAR_bibliometrics_venue,29,15,15,10,6,-3,76,9,NIH_iCite_RCR; OpenAlex_cited_by_count,RCR=NA; cited_by=22,JCR IF not auto-imported; journal-level IF is intentionally separated from article-level citation signals.,https://openalex.org/W4388850629,22,,Cochrane RoB 2,not_assessed_public_draft,not_applicable,possible,possible,max_level_B,B,v0.5 综合评分：研究设计、终点价值、人类相关性、来源深度、RCR/OpenAlex 引用信号、发表地/期刊层级和风险扣分；期刊层级 B_reputable_specialty_or_broad 加 4 分；当前上限规则为 max_level_B，最终等级 B。,"v0.5 hybrid score using design, endpoint value, human relevance, source depth, RCR/OpenAlex signals, publication venue tier, and risk adjustments; venue tier B_reputable_specialty_or_broad adds 4; cap rule max_level_B; final level B.",B_reputable_specialty_or_broad,4,"Indexed specialty or broad journal commonly seen in the atlas. Useful signal, but article-level quality still decides."
skin-hyaluronic-acid-ceramides-hydration-015,pubmed-40246083,40246083,10.1016/j.jaad.2025.04.027,PubMed,hyaluronic-acid-ceramides-hydration,透明质酸、神经酰胺与皮肤水分屏障,"Hyaluronic Acid, Ceramides, and Hydration",Abrocitinib versus dupilumab: Impact on skin barrier function and proteomics in atopic dermatitis.,,2025,Journal of the American Academy of Dermatology,randomized_or_clinical_trial,topical_or_oral,S1,"hydration, transepidermal, barrier","The comparative impact of dupilumab and abrocitinib on skin barrier function and associated proteomics in atopic dermatitis (AD) remains not fully identified. To investigate the effects of dupilumab versus abrocitinib on skin barrier function and proteomic profiles in AD. In this study, 33 patients with moderate-to-severe AD were randomized into 2 groups: 16 received dupilumab and 17 received abrocitinib. Clinical outcomes and skin barrier parameters (transepidermal water loss and hydration) were assessed at baseline, 4 weeks, and 12 weeks. Skin tape strips were collected for four-dimensional data-independent acquisition-based proteomics. Both therapies improved skin barrier function, with abrocitinib achieving superior reductions in transepidermal water loss in nonlesional skin (P = .0168). Proteomic analysis revealed differentially expressed proteins predominantly associated with ceram","中文草稿：该记录属于「透明质酸、神经酰胺与皮肤水分屏障」主题，当前抽取到的英文摘要/题录结果为：The comparative impact of dupilumab and abrocitinib on skin barrier function and associated proteomics in atopic dermatitis (AD) remains not fully identified. To investigate the effects of dupilumab versus abrocitinib on skin barrier function and proteomic profiles in AD. In this study, 33 patients with moderate-to-severe AD were randomized into 2 groups: 16 received dupilumab and 17 received abrocitinib. Clinical ou","Draft conclusion: this record can inform Hyaluronic Acid, Ceramides, and Hydration but requires full-text review before public claims.",中文草稿结论：该记录可作为「透明质酸、神经酰胺与皮肤水分屏障」的候选证据，但正式结论需要全文复核。,B,abstract_only,可支持：将该记录作为「透明质酸、神经酰胺与皮肤水分屏障」的候选证据，并按 S1 皮肤终点继续复核。,不支持：不能据此声称逆龄、延寿、替代治疗，或给出产品/剂量/疗程建议。,支持屏障/保湿方向的证据整理，不支持宣传为系统性抗衰。,false,medium,public_draft_not_fully_reviewed,2026-04-28,https://pubmed.ncbi.nlm.nih.gov/40246083/,v0.5_GRADE_RoB_AMSTAR_bibliometrics_venue,29,15,15,7,6,-7,66,6,NIH_iCite_RCR; OpenAlex_cited_by_count,RCR=NA; cited_by=9,JCR IF not auto-imported; journal-level IF is intentionally separated from article-level citation signals.,https://openalex.org/W4409452148,9,,Cochrane RoB 2,not_assessed_public_draft,not_applicable,possible,possible,max_level_B,B,v0.5 综合评分：研究设计、终点价值、人类相关性、来源深度、RCR/OpenAlex 引用信号、发表地/期刊层级和风险扣分；期刊层级 C_indexed_or_identified 加 1 分；当前上限规则为 max_level_B，最终等级 B。,"v0.5 hybrid score using design, endpoint value, human relevance, source depth, RCR/OpenAlex signals, publication venue tier, and risk adjustments; venue tier C_indexed_or_identified adds 1; cap rule max_level_B; final level B.",C_indexed_or_identified,1,"Indexed or DOI/PMID-identifiable venue, but not in the curated high-weight venue list."
skin-hyaluronic-acid-ceramides-hydration-016,pubmed-34203487,34203487,10.1152/physrev.1978.58.1.255,PubMed,hyaluronic-acid-ceramides-hydration,透明质酸、神经酰胺与皮肤水分屏障,"Hyaluronic Acid, Ceramides, and Hydration","Oral Hyaluronan Relieves Wrinkles and Improves Dry Skin: A 12-Week Double-Blinded, Placebo-Controlled Study.",,2021,Nutrients,randomized_or_clinical_trial,topical_or_oral,S1,"wrinkle, elasticity, transepidermal","Hyaluronan (HA) is present in all connective tissues and organs, including the skin and joint fluid. However, few clinical trials have comprehensively evaluated the impacts of oral HA on skin conditions, including wrinkles and moisturization. In this study, we conducted a placebo-controlled, randomized, double-blind trial of daily HA (120 mg) intake for 12 weeks in 40 healthy Asian men and women (aged 35-64 years). Skin condition was determined by the evaluation of wrinkles, stratum corneum water content, the amount of transepidermal water loss, elasticity, and through image analysis. After 12 weeks, skin condition was significantly improved in terms of wrinkle assessment, stratum corneum water content, transepidermal water loss, and elasticity in the HA group compared to the placebo group. Regarding the percentage change from baseline, wrinkle assessment, stratum corneum water content, ","中文草稿：该记录属于「透明质酸、神经酰胺与皮肤水分屏障」主题，当前抽取到的英文摘要/题录结果为：Hyaluronan (HA) is present in all connective tissues and organs, including the skin and joint fluid. However, few clinical trials have comprehensively evaluated the impacts of oral HA on skin conditions, including wrinkles and moisturization. In this study, we conducted a placebo-controlled, randomized, double-blind trial of daily HA (120 mg) intake for 12 weeks in 40 healthy Asian men and women (aged 35-64 years). S","Draft conclusion: this record can inform Hyaluronic Acid, Ceramides, and Hydration but requires full-text review before public claims.",中文草稿结论：该记录可作为「透明质酸、神经酰胺与皮肤水分屏障」的候选证据，但正式结论需要全文复核。,B,abstract_plus_open_pmc_available,可支持：将该记录作为「透明质酸、神经酰胺与皮肤水分屏障」的候选证据，并按 S1 皮肤终点继续复核。,不支持：不能据此声称逆龄、延寿、替代治疗，或给出产品/剂量/疗程建议。,支持屏障/保湿方向的证据整理，不支持宣传为系统性抗衰。,false,medium,public_draft_not_fully_reviewed,2026-04-28,https://pubmed.ncbi.nlm.nih.gov/34203487/,v0.5_GRADE_RoB_AMSTAR_bibliometrics_venue,29,15,15,10,12,-3,82,15,NIH_iCite_RCR; OpenAlex_cited_by_count,RCR=NA; cited_by=1001,JCR IF not auto-imported; journal-level IF is intentionally separated from article-level citation signals.,https://openalex.org/W2167003210,1001,,Cochrane RoB 2,not_assessed_public_draft,not_applicable,possible,possible,max_level_B,B,v0.5 综合评分：研究设计、终点价值、人类相关性、来源深度、RCR/OpenAlex 引用信号、发表地/期刊层级和风险扣分；期刊层级 B_reputable_specialty_or_broad 加 4 分；当前上限规则为 max_level_B，最终等级 B。,"v0.5 hybrid score using design, endpoint value, human relevance, source depth, RCR/OpenAlex signals, publication venue tier, and risk adjustments; venue tier B_reputable_specialty_or_broad adds 4; cap rule max_level_B; final level B.",B_reputable_specialty_or_broad,4,"Indexed specialty or broad journal commonly seen in the atlas. Useful signal, but article-level quality still decides."
skin-hyaluronic-acid-ceramides-hydration-017,pubmed-36072192,36072192,10.7759/cureus.27666,PubMed,hyaluronic-acid-ceramides-hydration,透明质酸、神经酰胺与皮肤水分屏障,"Hyaluronic Acid, Ceramides, and Hydration","Physiological, Pathological, and Circadian Factors Impacting Skin Hydration.",,2022,Cureus,review,topical_or_oral,S1,"hydration, transepidermal, barrier","Thismanuscript focuses on the physiological, environmental, nutritional, circadian, and aging factors affecting skin tissue water and hydration parameters. The literature findings indicate a multiplicity of interacting processes among these parameters, ultimately impacting skin hydration in normal skin and playing a role in conditions such as atopic dermatitis and psoriasis. The maintenance of adequate skin hydration, aided by the proper functioning of the skin's protective barrier, is facilitated by stratum corneum integrity with the presence of tight junctions and lipids such as ceramides, each of which is impacted by changes in most of the evaluated parameters. Abnormalities in aquaporin 3 (AQP3) expression and associated deficits in skin hydration appear to have a role in atopic dermatitis and psoriasis. AQP3 hydration-related aspects are influenced by circadian rhythms via modulatio","中文草稿：该记录属于「透明质酸、神经酰胺与皮肤水分屏障」主题，当前抽取到的英文摘要/题录结果为：Thismanuscript focuses on the physiological, environmental, nutritional, circadian, and aging factors affecting skin tissue water and hydration parameters. The literature findings indicate a multiplicity of interacting processes among these parameters, ultimately impacting skin hydration in normal skin and playing a role in conditions such as atopic dermatitis and psoriasis. The maintenance of adequate skin hydration","Draft conclusion: this record can inform Hyaluronic Acid, Ceramides, and Hydration but requires full-text review before public claims.",中文草稿结论：该记录可作为「透明质酸、神经酰胺与皮肤水分屏障」的候选证据，但正式结论需要全文复核。,C,abstract_plus_open_pmc_available,可支持：将该记录作为「透明质酸、神经酰胺与皮肤水分屏障」的候选证据，并按 S1 皮肤终点继续复核。,不支持：不能据此声称逆龄、延寿、替代治疗，或给出产品/剂量/疗程建议。,支持屏障/保湿方向的证据整理，不支持宣传为系统性抗衰。,false,medium,public_draft_not_fully_reviewed,2026-04-28,https://pubmed.ncbi.nlm.nih.gov/36072192/,v0.5_GRADE_RoB_AMSTAR_bibliometrics_venue,14,15,9,10,8,-3,54,11,NIH_iCite_RCR; OpenAlex_cited_by_count,RCR=NA; cited_by=47,JCR IF not auto-imported; journal-level IF is intentionally separated from article-level citation signals.,https://openalex.org/W4289766545,47,,domain_screen,not_assessed_public_draft,not_applicable,possible,possible,max_level_B,C,v0.5 综合评分：研究设计、终点价值、人类相关性、来源深度、RCR/OpenAlex 引用信号、发表地/期刊层级和风险扣分；期刊层级 C_indexed_or_identified 加 1 分；当前上限规则为 max_level_B，最终等级 C。,"v0.5 hybrid score using design, endpoint value, human relevance, source depth, RCR/OpenAlex signals, publication venue tier, and risk adjustments; venue tier C_indexed_or_identified adds 1; cap rule max_level_B; final level C.",C_indexed_or_identified,1,"Indexed or DOI/PMID-identifiable venue, but not in the curated high-weight venue list."
skin-hyaluronic-acid-ceramides-hydration-018,pubmed-37595033,37595033,10.1126/sciadv.adg6262,PubMed,hyaluronic-acid-ceramides-hydration,透明质酸、神经酰胺与皮肤水分屏障,"Hyaluronic Acid, Ceramides, and Hydration",Commensal Cutibacterium acnes induce epidermal lipid synthesis important for skin barrier function.,,2023,Science advances,preclinical_or_mechanistic,topical_or_oral,S2,"transepidermal, acne, barrier","Lipid synthesis is necessary for formation of epithelial barriers and homeostasis with external microbes. An analysis of the response of human keratinocytes to several different commensal bacteria on the skin revealed that Cutibacterium acnes induced a large increase in essential lipids including triglycerides, ceramides, cholesterol, and free fatty acids. A similar response occurred in mouse epidermis and in human skin affected with acne. Further analysis showed that this increase in lipids was mediated by short-chain fatty acids produced by Cutibacterium acnes and was dependent on increased expression of several lipid synthesis genes including glycerol-3-phosphate-acyltransferase-3. Inhibition or RNA silencing of peroxisome proliferator-activated receptor-α (PPARα), but not PPARβ and PPARγ, blocked this response. The increase in keratinocyte lipid content improved innate barrier functi","中文草稿：该记录属于「透明质酸、神经酰胺与皮肤水分屏障」主题，当前抽取到的英文摘要/题录结果为：Lipid synthesis is necessary for formation of epithelial barriers and homeostasis with external microbes. An analysis of the response of human keratinocytes to several different commensal bacteria on the skin revealed that Cutibacterium acnes induced a large increase in essential lipids including triglycerides, ceramides, cholesterol, and free fatty acids. A similar response occurred in mouse epidermis and in human s","Draft conclusion: this record can inform Hyaluronic Acid, Ceramides, and Hydration but requires full-text review before public claims.",中文草稿结论：该记录可作为「透明质酸、神经酰胺与皮肤水分屏障」的候选证据，但正式结论需要全文复核。,D,abstract_plus_open_pmc_available,可支持：将该记录作为「透明质酸、神经酰胺与皮肤水分屏障」的候选证据，并按 S2 皮肤终点继续复核。,不支持：不能据此声称逆龄、延寿、替代治疗，或给出产品/剂量/疗程建议。,支持屏障/保湿方向的证据整理，不支持宣传为系统性抗衰。,false,medium,public_draft_not_fully_reviewed,2026-04-28,https://pubmed.ncbi.nlm.nih.gov/37595033/,v0.5_GRADE_RoB_AMSTAR_bibliometrics_venue,11,8,15,10,10,-3,52,14,NIH_iCite_RCR; OpenAlex_cited_by_count,RCR=NA; cited_by=132,JCR IF not auto-imported; journal-level IF is intentionally separated from article-level citation signals.,https://openalex.org/W4385971200,132,,Cochrane RoB 2,not_assessed_public_draft,not_applicable,possible,possible,max_level_D,D,v0.5 综合评分：研究设计、终点价值、人类相关性、来源深度、RCR/OpenAlex 引用信号、发表地/期刊层级和风险扣分；期刊层级 C_indexed_or_identified 加 1 分；当前上限规则为 max_level_D，最终等级 D。,"v0.5 hybrid score using design, endpoint value, human relevance, source depth, RCR/OpenAlex signals, publication venue tier, and risk adjustments; venue tier C_indexed_or_identified adds 1; cap rule max_level_D; final level D.",C_indexed_or_identified,1,"Indexed or DOI/PMID-identifiable venue, but not in the curated high-weight venue list."
skin-hyaluronic-acid-ceramides-hydration-019,pubmed-40110816,40110816,10.1684/ejd.2025.4810,PubMed,hyaluronic-acid-ceramides-hydration,透明质酸、神经酰胺与皮肤水分屏障,"Hyaluronic Acid, Ceramides, and Hydration",Skin condition and barrier function in individuals with a history of atopic dermatitis.,,2025,European journal of dermatology : EJD,human_or_mixed_observational,topical_or_oral,S1,"hydration, tewl, roughness, barrier","Atopic dermatitis (AD) is a chronic inflammatory skin condition characterized by a multifaceted interplay of factors including skin barrier dysfunction, immunoregulation, environmental influences, and potential infectious agents. While AD lesions commonly ameliorate or resolve with age, individuals with a history of AD often retain susceptibility to irritants even after symptom remission. We aimed to investigate skin condition and barrier function of volunteers with a history of AD in order to obtain insight into their skin care. A cohort comprising 62 adults participated in this study; 30 subjects with a history of AD and 32 in the control group. Assessment parameters included hydration level, trans-epidermal water loss (TEWL), skin barrier recovery following stratum corneum damage induced by tape-stripping, skin roughness, blood flow, and skin sensitivity. Additionally, the levels of n","中文草稿：该记录属于「透明质酸、神经酰胺与皮肤水分屏障」主题，当前抽取到的英文摘要/题录结果为：Atopic dermatitis (AD) is a chronic inflammatory skin condition characterized by a multifaceted interplay of factors including skin barrier dysfunction, immunoregulation, environmental influences, and potential infectious agents. While AD lesions commonly ameliorate or resolve with age, individuals with a history of AD often retain susceptibility to irritants even after symptom remission. We aimed to investigate skin","Draft conclusion: this record can inform Hyaluronic Acid, Ceramides, and Hydration but requires full-text review before public claims.",中文草稿结论：该记录可作为「透明质酸、神经酰胺与皮肤水分屏障」的候选证据，但正式结论需要全文复核。,C,abstract_only,可支持：将该记录作为「透明质酸、神经酰胺与皮肤水分屏障」的候选证据，并按 S1 皮肤终点继续复核。,不支持：不能据此声称逆龄、延寿、替代治疗，或给出产品/剂量/疗程建议。,支持屏障/保湿方向的证据整理，不支持宣传为系统性抗衰。,false,medium,public_draft_not_fully_reviewed,2026-04-28,https://pubmed.ncbi.nlm.nih.gov/40110816/,v0.5_GRADE_RoB_AMSTAR_bibliometrics_venue,18,15,15,7,6,-7,55,3,NIH_iCite_RCR; OpenAlex_cited_by_count,RCR=NA; cited_by=2,JCR IF not auto-imported; journal-level IF is intentionally separated from article-level citation signals.,https://openalex.org/W4408670816,2,,ROBINS-I,not_assessed_public_draft,not_applicable,possible,possible,max_level_B,C,v0.5 综合评分：研究设计、终点价值、人类相关性、来源深度、RCR/OpenAlex 引用信号、发表地/期刊层级和风险扣分；期刊层级 C_indexed_or_identified 加 1 分；当前上限规则为 max_level_B，最终等级 C。,"v0.5 hybrid score using design, endpoint value, human relevance, source depth, RCR/OpenAlex signals, publication venue tier, and risk adjustments; venue tier C_indexed_or_identified adds 1; cap rule max_level_B; final level C.",C_indexed_or_identified,1,"Indexed or DOI/PMID-identifiable venue, but not in the curated high-weight venue list."
skin-hyaluronic-acid-ceramides-hydration-020,pubmed-41404926,41404926,10.1111/ijd.70081,PubMed,hyaluronic-acid-ceramides-hydration,透明质酸、神经酰胺与皮肤水分屏障,"Hyaluronic Acid, Ceramides, and Hydration",Mechanisms and Repair of Skin Barrier Dysfunction: The TLC Strategy.,,2025,International journal of dermatology,review,topical_or_oral,S1,"hydration, barrier","The skin barrier functions as a key line of defense with physical, chemical, microbial, and immunological components that act synergistically to protect the body against extrinsic antigens, microbes, and ultraviolet rays and prevent loss of nutrients and moisture from the body. Skin barrier dysfunction is caused by various factors, including environmental stressors, genetic predisposition, psychological stress, and inadequate nutrition. These factors can lead to metabolic, immunological, and microbial disorders of the skin barrier, which are associated with skin diseases, such as sensitive skin, rosacea, atopic dermatitis, and psoriasis, and can significantly diminish quality of life. Significant progress has been made in the development of strategies to repair skin barrier dysfunctions. In this review, we propose a repair strategy based on the ""TLC"" concept: ""target skin disruption, loc","中文草稿：该记录属于「透明质酸、神经酰胺与皮肤水分屏障」主题，当前抽取到的英文摘要/题录结果为：The skin barrier functions as a key line of defense with physical, chemical, microbial, and immunological components that act synergistically to protect the body against extrinsic antigens, microbes, and ultraviolet rays and prevent loss of nutrients and moisture from the body. Skin barrier dysfunction is caused by various factors, including environmental stressors, genetic predisposition, psychological stress, and i","Draft conclusion: this record can inform Hyaluronic Acid, Ceramides, and Hydration but requires full-text review before public claims.",中文草稿结论：该记录可作为「透明质酸、神经酰胺与皮肤水分屏障」的候选证据，但正式结论需要全文复核。,C,abstract_only,可支持：将该记录作为「透明质酸、神经酰胺与皮肤水分屏障」的候选证据，并按 S1 皮肤终点继续复核。,不支持：不能据此声称逆龄、延寿、替代治疗，或给出产品/剂量/疗程建议。,支持屏障/保湿方向的证据整理，不支持宣传为系统性抗衰。,false,medium,public_draft_not_fully_reviewed,2026-04-28,https://pubmed.ncbi.nlm.nih.gov/41404926/,v0.5_GRADE_RoB_AMSTAR_bibliometrics_venue,14,15,9,7,6,-7,45,2,NIH_iCite_RCR; OpenAlex_cited_by_count,RCR=NA; cited_by=1,JCR IF not auto-imported; journal-level IF is intentionally separated from article-level citation signals.,https://openalex.org/W4417429495,1,,domain_screen,not_assessed_public_draft,not_applicable,possible,possible,max_level_B,D,v0.5 综合评分：研究设计、终点价值、人类相关性、来源深度、RCR/OpenAlex 引用信号、发表地/期刊层级和风险扣分；期刊层级 C_indexed_or_identified 加 1 分；当前上限规则为 max_level_B，最终等级 D。,"v0.5 hybrid score using design, endpoint value, human relevance, source depth, RCR/OpenAlex signals, publication venue tier, and risk adjustments; venue tier C_indexed_or_identified adds 1; cap rule max_level_B; final level D.",C_indexed_or_identified,1,"Indexed or DOI/PMID-identifiable venue, but not in the curated high-weight venue list."
skin-polyphenols-skin-photoprotection-001,pubmed-38232577,38232577,10.1016/j.nut.2023.112350,PubMed,polyphenols-skin-photoprotection,多酚/抗氧化剂与皮肤光保护,Polyphenols and Skin Photoprotection,Diet and skin health: The good and the bad.,,2024,"Nutrition (Burbank, Los Angeles County, Calif.)",review,oral_or_topical_supplement,S1,photoaging,"The skin protects humans from pathogens, ultraviolet light, chemicals, mechanical, thermal, and physical injuries as well as hazardous substances. Other important roles of the skin include the regulation of several important physiological processes of the body, sensing stimuli, synthesis of vitamin D, and immune surveillance. However, aging, diseases and environmental conditions significantly change the skin's behavior and functioning. The treatment and prevention strategies for various skin diseases especially photoaging usually include topical treatment with medical cosmetology, active ingredients and other physical means of photoprotection. In recent times, however, there is an increasing consciousness about the role of diet and nutrition in skin health with certain dietary components emerging as an adequate alternative approach to alleviate and prevent both endogenous and exogenous a","中文草稿：该记录属于「多酚/抗氧化剂与皮肤光保护」主题，当前抽取到的英文摘要/题录结果为：The skin protects humans from pathogens, ultraviolet light, chemicals, mechanical, thermal, and physical injuries as well as hazardous substances. Other important roles of the skin include the regulation of several important physiological processes of the body, sensing stimuli, synthesis of vitamin D, and immune surveillance. However, aging, diseases and environmental conditions significantly change the skin's behavi",Draft conclusion: this record can inform Polyphenols and Skin Photoprotection but requires full-text review before public claims.,中文草稿结论：该记录可作为「多酚/抗氧化剂与皮肤光保护」的候选证据，但正式结论需要全文复核。,C,abstract_only,可支持：将该记录作为「多酚/抗氧化剂与皮肤光保护」的候选证据，并按 S1 皮肤终点继续复核。,不支持：不能据此声称逆龄、延寿、替代治疗，或给出产品/剂量/疗程建议。,不能替代防晒；不能把抗氧化机制直接写成抗老已证实。,false,high,public_draft_not_fully_reviewed,2026-04-28,https://pubmed.ncbi.nlm.nih.gov/38232577/,v0.5_GRADE_RoB_AMSTAR_bibliometrics_venue,14,15,9,7,8,-20,34,10,NIH_iCite_RCR; OpenAlex_cited_by_count,RCR=NA; cited_by=35,JCR IF not auto-imported; journal-level IF is intentionally separated from article-level citation signals.,https://openalex.org/W4390511641,35,,domain_screen,not_assessed_public_draft,not_applicable,high_commercial_overclaim_risk,high_commercial_overclaim_risk,max_level_B,D,v0.5 综合评分：研究设计、终点价值、人类相关性、来源深度、RCR/OpenAlex 引用信号、发表地/期刊层级和风险扣分；期刊层级 C_indexed_or_identified 加 1 分；当前上限规则为 max_level_B，最终等级 D。,"v0.5 hybrid score using design, endpoint value, human relevance, source depth, RCR/OpenAlex signals, publication venue tier, and risk adjustments; venue tier C_indexed_or_identified adds 1; cap rule max_level_B; final level D.",C_indexed_or_identified,1,"Indexed or DOI/PMID-identifiable venue, but not in the curated high-weight venue list."
skin-polyphenols-skin-photoprotection-002,pubmed-39233460,39233460,10.1016/j.phymed.2023.154824,PubMed,polyphenols-skin-photoprotection,多酚/抗氧化剂与皮肤光保护,Polyphenols and Skin Photoprotection,Cosmeceuticals in photoaging: A review.,,2024,Skin research and technology : official journal of International Society for Bioengineering and the Skin (ISBS) [and] International Society for Digital Imaging of Skin (ISDIS) [and] International Society for Skin Imaging (ISSI),systematic_review_or_meta_analysis,oral_or_topical_supplement,S1,photoaging,"Photoaging is a process of the architecture of normal skin damaged by ultraviolet radiation. Topical cosmeceuticals have been used to treat this condition. The authors aimed to understand the mechanism and level of evidence of different commonly used cosmeceuticals used to treat photodamaged skin. A range of commonly used topical cosmeceuticals (botanicals, peptides, and hydroquinone) has been used in cosmetic medicine for many years to treat photodamaged skin. This review article compares their efficacy and level of evidence. This study was a systematic review to evaluate the efficacy of different topical cosmeceuticals. Keywords including ""Photoaging,"" ""Azelaic acid,"" ""Soy,"" ""Green Tea,"" ""Chamomile,"" ""Ginkgo,"" ""Tea Tree Oil,"" ""Resveratrol,"" ""Cucumber,"" ""Ginseng,"" ""Centella asiatica,"" ""Licorice Root,"" ""Aloe Vera,"" ""Peptides,"" ""Argireline,"" ""Hydroquinone,"" were typed on OVID, PUBMED, MED","中文草稿：该记录属于「多酚/抗氧化剂与皮肤光保护」主题，当前抽取到的英文摘要/题录结果为：Photoaging is a process of the architecture of normal skin damaged by ultraviolet radiation. Topical cosmeceuticals have been used to treat this condition. The authors aimed to understand the mechanism and level of evidence of different commonly used cosmeceuticals used to treat photodamaged skin. A range of commonly used topical cosmeceuticals (botanicals, peptides, and hydroquinone) has been used in cosmetic medici",Draft conclusion: this record can inform Polyphenols and Skin Photoprotection but requires full-text review before public claims.,中文草稿结论：该记录可作为「多酚/抗氧化剂与皮肤光保护」的候选证据，但正式结论需要全文复核。,A,abstract_plus_open_pmc_available,可支持：将该记录作为「多酚/抗氧化剂与皮肤光保护」的候选证据，并按 S1 皮肤终点继续复核。,不支持：不能据此声称逆龄、延寿、替代治疗，或给出产品/剂量/疗程建议。,不能替代防晒；不能把抗氧化机制直接写成抗老已证实。,false,high,public_draft_not_fully_reviewed,2026-04-28,https://pubmed.ncbi.nlm.nih.gov/39233460/,v0.5_GRADE_RoB_AMSTAR_bibliometrics_venue,34,15,9,10,10,-16,66,15,NIH_iCite_RCR; OpenAlex_cited_by_count,RCR=NA; cited_by=213,JCR IF not auto-imported; journal-level IF is intentionally separated from article-level citation signals.,https://openalex.org/W4366245600,213,,AMSTAR 2,not_assessed_public_draft,not_assessed_public_draft,high_commercial_overclaim_risk,high_commercial_overclaim_risk,max_level_B,B,v0.5 综合评分：研究设计、终点价值、人类相关性、来源深度、RCR/OpenAlex 引用信号、发表地/期刊层级和风险扣分；期刊层级 B_reputable_specialty_or_broad 加 4 分；当前上限规则为 max_level_B，最终等级 B。,"v0.5 hybrid score using design, endpoint value, human relevance, source depth, RCR/OpenAlex signals, publication venue tier, and risk adjustments; venue tier B_reputable_specialty_or_broad adds 4; cap rule max_level_B; final level B.",B_reputable_specialty_or_broad,4,"Indexed specialty or broad journal commonly seen in the atlas. Useful signal, but article-level quality still decides."
skin-polyphenols-skin-photoprotection-003,pubmed-33549728,33549728,10.1016/j.phrs.2021.105479,PubMed,polyphenols-skin-photoprotection,多酚/抗氧化剂与皮肤光保护,Polyphenols and Skin Photoprotection,"""Therapeutic uses of natural astaxanthin: An evidence-based review focused on human clinical trials"".",,2021,Pharmacological research,randomized_or_clinical_trial,oral_or_topical_supplement,S2,skin aging endpoint pending review,"Astaxanthin is a natural C40 carotenoid with numerous reported biological functions, most of them associated with its antioxidant and anti-inflammatory activity, standing out from other antioxidants as it has shown the highest oxygen radical absorbance capacity (ORAC), 100-500 times higher than ⍺-tocopherol and a 10 times higher free radical inhibitory activity than related antioxidants (α-tocopherol, α-carotene, β -carotene, lutein and lycopene). In vitro and in vivo studies have associated astaxanthin's unique molecular features with several health benefits, including neuroprotective, cardioprotective and antitumoral properties, suggesting its therapeutic potential for the prevention or co-treatment of dementia, Alzheimer, Parkinson, cardiovascular diseases and cancer. Benefits on skin and eye health promotion have also been reported, highlighting its potential for the prevention of sk","中文草稿：该记录属于「多酚/抗氧化剂与皮肤光保护」主题，当前抽取到的英文摘要/题录结果为：Astaxanthin is a natural C40 carotenoid with numerous reported biological functions, most of them associated with its antioxidant and anti-inflammatory activity, standing out from other antioxidants as it has shown the highest oxygen radical absorbance capacity (ORAC), 100-500 times higher than ⍺-tocopherol and a 10 times higher free radical inhibitory activity than related antioxidants (α-tocopherol, α-carotene, β -",Draft conclusion: this record can inform Polyphenols and Skin Photoprotection but requires full-text review before public claims.,中文草稿结论：该记录可作为「多酚/抗氧化剂与皮肤光保护」的候选证据，但正式结论需要全文复核。,D,abstract_only,可支持：将该记录作为「多酚/抗氧化剂与皮肤光保护」的候选证据，并按 S2 皮肤终点继续复核。,不支持：不能据此声称逆龄、延寿、替代治疗，或给出产品/剂量/疗程建议。,不能替代防晒；不能把抗氧化机制直接写成抗老已证实。,false,high,public_draft_not_fully_reviewed,2026-04-28,https://pubmed.ncbi.nlm.nih.gov/33549728/,v0.5_GRADE_RoB_AMSTAR_bibliometrics_venue,29,8,15,7,4,-20,44,0,NIH_iCite_RCR; OpenAlex_cited_by_count,RCR=NA; cited_by=NA,JCR IF not auto-imported; journal-level IF is intentionally separated from article-level citation signals.,https://openalex.org/W33549728,,,Cochrane RoB 2,not_assessed_public_draft,not_applicable,high_commercial_overclaim_risk,high_commercial_overclaim_risk,max_level_D,D,v0.5 综合评分：研究设计、终点价值、人类相关性、来源深度、RCR/OpenAlex 引用信号、发表地/期刊层级和风险扣分；期刊层级 C_indexed_or_identified 加 1 分；当前上限规则为 max_level_D，最终等级 D。,"v0.5 hybrid score using design, endpoint value, human relevance, source depth, RCR/OpenAlex signals, publication venue tier, and risk adjustments; venue tier C_indexed_or_identified adds 1; cap rule max_level_D; final level D.",C_indexed_or_identified,1,"Indexed or DOI/PMID-identifiable venue, but not in the curated high-weight venue list."
skin-polyphenols-skin-photoprotection-004,pubmed-39108105,39108105,10.1097/00029330-200602020-00003,PubMed,polyphenols-skin-photoprotection,多酚/抗氧化剂与皮肤光保护,Polyphenols and Skin Photoprotection,Antioxidants for Skin Health.,,2025,"Recent advances in food, nutrition & agriculture",randomized_or_clinical_trial,oral_or_topical_supplement,S2,skin aging endpoint pending review,"Antioxidants play a pivotal role in maintaining skin health and integrity, combating the deleterious effects of oxidative stress induced by environmental aggressors such as UV radiation, pollution, and lifestyle factors. This paper reviews the contributions of key antioxidants, including Vitamin C, Vitamin E, Vitamin A, green tea extract, Coenzyme Q10, Resveratrol, Selenium, and Polyphenols, in skin health care. Vitamin C, known for its collagen synthesis promotion and photoprotection properties, alongside Vitamin E, a lipid-soluble antioxidant, synergistically works to neutralize free radicals and repair damaged skin cells. Vitamin A, in the form of retinol, plays a critical role in skin cell regeneration and the maintenance of skin integrity. Green tea extract, rich in Polyphenols, offers anti-inflammatory and anticarcinogenic properties, making it a potent ingredient for skin protecti","中文草稿：该记录属于「多酚/抗氧化剂与皮肤光保护」主题，当前抽取到的英文摘要/题录结果为：Antioxidants play a pivotal role in maintaining skin health and integrity, combating the deleterious effects of oxidative stress induced by environmental aggressors such as UV radiation, pollution, and lifestyle factors. This paper reviews the contributions of key antioxidants, including Vitamin C, Vitamin E, Vitamin A, green tea extract, Coenzyme Q10, Resveratrol, Selenium, and Polyphenols, in skin health care. Vita",Draft conclusion: this record can inform Polyphenols and Skin Photoprotection but requires full-text review before public claims.,中文草稿结论：该记录可作为「多酚/抗氧化剂与皮肤光保护」的候选证据，但正式结论需要全文复核。,D,abstract_only,可支持：将该记录作为「多酚/抗氧化剂与皮肤光保护」的候选证据，并按 S2 皮肤终点继续复核。,不支持：不能据此声称逆龄、延寿、替代治疗，或给出产品/剂量/疗程建议。,不能替代防晒；不能把抗氧化机制直接写成抗老已证实。,false,high,public_draft_not_fully_reviewed,2026-04-28,https://pubmed.ncbi.nlm.nih.gov/39108105/,v0.5_GRADE_RoB_AMSTAR_bibliometrics_venue,29,8,15,7,8,-20,48,10,NIH_iCite_RCR; OpenAlex_cited_by_count,RCR=NA; cited_by=35,JCR IF not auto-imported; journal-level IF is intentionally separated from article-level citation signals.,https://openalex.org/W238946222,35,,Cochrane RoB 2,not_assessed_public_draft,not_applicable,high_commercial_overclaim_risk,high_commercial_overclaim_risk,max_level_D,D,v0.5 综合评分：研究设计、终点价值、人类相关性、来源深度、RCR/OpenAlex 引用信号、发表地/期刊层级和风险扣分；期刊层级 C_indexed_or_identified 加 1 分；当前上限规则为 max_level_D，最终等级 D。,"v0.5 hybrid score using design, endpoint value, human relevance, source depth, RCR/OpenAlex signals, publication venue tier, and risk adjustments; venue tier C_indexed_or_identified adds 1; cap rule max_level_D; final level D.",C_indexed_or_identified,1,"Indexed or DOI/PMID-identifiable venue, but not in the curated high-weight venue list."
skin-polyphenols-skin-photoprotection-005,pubmed-29690549,29690549,10.1017/S0007114507845521,PubMed,polyphenols-skin-photoprotection,多酚/抗氧化剂与皮肤光保护,Polyphenols and Skin Photoprotection,"Astaxanthin in Skin Health, Repair, and Disease: A Comprehensive Review.",,2018,Nutrients,review,oral_or_topical_supplement,M,skin aging endpoint pending review,"Astaxanthin, a xanthophyll carotenoid, is a secondary metabolite naturally synthesized by a number of bacteria, microalgae, and yeasts. The commercial production of this pigment has traditionally been performed by chemical synthesis, but the microalga Haematococcus pluvialis appears to be the most promising source for its industrial biological production. Due to its collective diverse functions in skin biology, there is mounting evidence that astaxanthin possesses various health benefits and important nutraceutical applications in the field of dermatology. Although still debated, a range of potential mechanisms through which astaxanthin might exert its benefits on skin homeostasis have been proposed, including photoprotective, antioxidant, and anti-inflammatory effects. This review summarizes the available data on the functional role of astaxanthin in skin physiology, outlines potential ","中文草稿：该记录属于「多酚/抗氧化剂与皮肤光保护」主题，当前抽取到的英文摘要/题录结果为：Astaxanthin, a xanthophyll carotenoid, is a secondary metabolite naturally synthesized by a number of bacteria, microalgae, and yeasts. The commercial production of this pigment has traditionally been performed by chemical synthesis, but the microalga Haematococcus pluvialis appears to be the most promising source for its industrial biological production. Due to its collective diverse functions in skin biology, there",Draft conclusion: this record can inform Polyphenols and Skin Photoprotection but requires full-text review before public claims.,中文草稿结论：该记录可作为「多酚/抗氧化剂与皮肤光保护」的候选证据，但正式结论需要全文复核。,D,abstract_plus_open_pmc_available,可支持：将该记录作为「多酚/抗氧化剂与皮肤光保护」的候选证据，并按 M 皮肤终点继续复核。,不支持：不能据此声称逆龄、延寿、替代治疗，或给出产品/剂量/疗程建议。,不能替代防晒；不能把抗氧化机制直接写成抗老已证实。,false,high,public_draft_not_fully_reviewed,2026-04-28,https://pubmed.ncbi.nlm.nih.gov/29690549/,v0.5_GRADE_RoB_AMSTAR_bibliometrics_venue,14,5,9,10,8,-16,34,12,NIH_iCite_RCR; OpenAlex_cited_by_count,RCR=NA; cited_by=69,JCR IF not auto-imported; journal-level IF is intentionally separated from article-level citation signals.,https://openalex.org/W2053823202,69,,domain_screen,not_assessed_public_draft,not_applicable,high_commercial_overclaim_risk,high_commercial_overclaim_risk,max_level_D,D,v0.5 综合评分：研究设计、终点价值、人类相关性、来源深度、RCR/OpenAlex 引用信号、发表地/期刊层级和风险扣分；期刊层级 B_reputable_specialty_or_broad 加 4 分；当前上限规则为 max_level_D，最终等级 D。,"v0.5 hybrid score using design, endpoint value, human relevance, source depth, RCR/OpenAlex signals, publication venue tier, and risk adjustments; venue tier B_reputable_specialty_or_broad adds 4; cap rule max_level_D; final level D.",B_reputable_specialty_or_broad,4,"Indexed specialty or broad journal commonly seen in the atlas. Useful signal, but article-level quality still decides."
skin-polyphenols-skin-photoprotection-006,pubmed-30816367,30816367,10.18388/abp.2018_2749,PubMed,polyphenols-skin-photoprotection,多酚/抗氧化剂与皮肤光保护,Polyphenols and Skin Photoprotection,Health benefits of resveratrol administration.,,2019,Acta biochimica Polonica,review,oral_or_topical_supplement,S2,skin aging endpoint pending review,"Resveratrol is a polyphenol that is abundant in grape skin and seeds. Food sources of resveratrol include wine, berries, and peanuts. This compound has many properties, including activity against glycation, oxidative stress, inflammation, neurodegeneration, several types of cancer, and aging. Because resveratrol is generally welltolerated, it is believed to be a promising compound in preventing many diseases, such as diabetes and its complications. Unfortunately, this compound exhibits low bioavailability and solubility. The aim of this review is to summarize the latest information on the multiple effects of resveratrol on health and the benefits of its intake, based on in vitro and in vivo studies in animals and humans.","中文草稿：该记录属于「多酚/抗氧化剂与皮肤光保护」主题，当前抽取到的英文摘要/题录结果为：Resveratrol is a polyphenol that is abundant in grape skin and seeds. Food sources of resveratrol include wine, berries, and peanuts. This compound has many properties, including activity against glycation, oxidative stress, inflammation, neurodegeneration, several types of cancer, and aging. Because resveratrol is generally welltolerated, it is believed to be a promising compound in preventing many diseases, such as",Draft conclusion: this record can inform Polyphenols and Skin Photoprotection but requires full-text review before public claims.,中文草稿结论：该记录可作为「多酚/抗氧化剂与皮肤光保护」的候选证据，但正式结论需要全文复核。,C,abstract_only,可支持：将该记录作为「多酚/抗氧化剂与皮肤光保护」的候选证据，并按 S2 皮肤终点继续复核。,不支持：不能据此声称逆龄、延寿、替代治疗，或给出产品/剂量/疗程建议。,不能替代防晒；不能把抗氧化机制直接写成抗老已证实。,false,high,public_draft_not_fully_reviewed,2026-04-28,https://pubmed.ncbi.nlm.nih.gov/30816367/,v0.5_GRADE_RoB_AMSTAR_bibliometrics_venue,14,8,9,7,10,-20,29,15,NIH_iCite_RCR; OpenAlex_cited_by_count,RCR=NA; cited_by=330,JCR IF not auto-imported; journal-level IF is intentionally separated from article-level citation signals.,https://openalex.org/W2920775222,330,,domain_screen,not_assessed_public_draft,not_applicable,high_commercial_overclaim_risk,high_commercial_overclaim_risk,max_level_D,E,v0.5 综合评分：研究设计、终点价值、人类相关性、来源深度、RCR/OpenAlex 引用信号、发表地/期刊层级和风险扣分；期刊层级 C_indexed_or_identified 加 1 分；当前上限规则为 max_level_D，最终等级 E。,"v0.5 hybrid score using design, endpoint value, human relevance, source depth, RCR/OpenAlex signals, publication venue tier, and risk adjustments; venue tier C_indexed_or_identified adds 1; cap rule max_level_D; final level E.",C_indexed_or_identified,1,"Indexed or DOI/PMID-identifiable venue, but not in the curated high-weight venue list."
skin-polyphenols-skin-photoprotection-007,pubmed-34817092,34817092,10.1002/jobm.202100391,PubMed,polyphenols-skin-photoprotection,多酚/抗氧化剂与皮肤光保护,Polyphenols and Skin Photoprotection,Astaxanthin: A super antioxidant from microalgae and its therapeutic potential.,,2022,Journal of basic microbiology,review,oral_or_topical_supplement,M,skin aging endpoint pending review,"Astaxanthin is a ketocarotenoid, super antioxidant molecule. It has higher antioxidant activity than a range of carotenoids, thus has applications in cosmetics, aquaculture, nutraceuticals, therapeutics, and pharmaceuticals. Naturally, it is derived from Haematococcus pluvialis via a one-stage process or two-stage process. Natural astaxanthin significantly reduces oxidative and free-radical stress as compared to synthetic astaxanthin. The present review summarizes all the aspects of astaxanthin, including its structure, chemistry, bioavailability, and current production technology. Also, this paper gives a detailed mechanism for the potential role of astaxanthin as nutraceuticals for cardiovascular disease prevention, skin protection, antidiabetic and anticancer, cosmetic ingredient, natural food colorant, and feed supplement in poultry and aquaculture. Astaxanthin is one of the high-val","中文草稿：该记录属于「多酚/抗氧化剂与皮肤光保护」主题，当前抽取到的英文摘要/题录结果为：Astaxanthin is a ketocarotenoid, super antioxidant molecule. It has higher antioxidant activity than a range of carotenoids, thus has applications in cosmetics, aquaculture, nutraceuticals, therapeutics, and pharmaceuticals. Naturally, it is derived from Haematococcus pluvialis via a one-stage process or two-stage process. Natural astaxanthin significantly reduces oxidative and free-radical stress as compared to synt",Draft conclusion: this record can inform Polyphenols and Skin Photoprotection but requires full-text review before public claims.,中文草稿结论：该记录可作为「多酚/抗氧化剂与皮肤光保护」的候选证据，但正式结论需要全文复核。,D,abstract_only,可支持：将该记录作为「多酚/抗氧化剂与皮肤光保护」的候选证据，并按 M 皮肤终点继续复核。,不支持：不能据此声称逆龄、延寿、替代治疗，或给出产品/剂量/疗程建议。,不能替代防晒；不能把抗氧化机制直接写成抗老已证实。,false,high,public_draft_not_fully_reviewed,2026-04-28,https://pubmed.ncbi.nlm.nih.gov/34817092/,v0.5_GRADE_RoB_AMSTAR_bibliometrics_venue,14,5,9,7,10,-20,26,15,NIH_iCite_RCR; OpenAlex_cited_by_count,RCR=NA; cited_by=227,JCR IF not auto-imported; journal-level IF is intentionally separated from article-level citation signals.,https://openalex.org/W3215733285,227,,domain_screen,not_assessed_public_draft,not_applicable,high_commercial_overclaim_risk,high_commercial_overclaim_risk,max_level_D,E,v0.5 综合评分：研究设计、终点价值、人类相关性、来源深度、RCR/OpenAlex 引用信号、发表地/期刊层级和风险扣分；期刊层级 C_indexed_or_identified 加 1 分；当前上限规则为 max_level_D，最终等级 E。,"v0.5 hybrid score using design, endpoint value, human relevance, source depth, RCR/OpenAlex signals, publication venue tier, and risk adjustments; venue tier C_indexed_or_identified adds 1; cap rule max_level_D; final level E.",C_indexed_or_identified,1,"Indexed or DOI/PMID-identifiable venue, but not in the curated high-weight venue list."
skin-polyphenols-skin-photoprotection-008,pubmed-29737899,29737899,10.1080/14764172.2018.1469767,PubMed,polyphenols-skin-photoprotection,多酚/抗氧化剂与皮肤光保护,Polyphenols and Skin Photoprotection,Resveratrol as an active ingredient for cosmetic and dermatological applications: a review.,,2019,Journal of cosmetic and laser therapy : official publication of the European Society for Laser Dermatology,review,oral_or_topical_supplement,S1,"photoaging, barrier","Resveratrol is now being increasingly used in cosmetology and dermatology. This polyphenolic phytoalexin present in large amounts in red grapes and berries has a number of scientifically proven health-promoting properties associated with a positive effect on the cardiovascular system, lowering the concentration of low-density lipoprotein, and the ability to inhibit the cyclooxygenases activity. Additionally, it has antiproliferative, anti-angiogenic, anti-inflammatory, antioxidant, and antimicrobial properties. Its popularity in cosmetology and dermatology is primarily associated with proven ability to penetrate the skin barrier and antiaging activity. It has been shown that formulations with resveratrol can stimulate the proliferation of fibroblasts and contributing to the increase in the concentration of collagen III. Resveratrol has an affinity for the estrogen protein receptors (both","中文草稿：该记录属于「多酚/抗氧化剂与皮肤光保护」主题，当前抽取到的英文摘要/题录结果为：Resveratrol is now being increasingly used in cosmetology and dermatology. This polyphenolic phytoalexin present in large amounts in red grapes and berries has a number of scientifically proven health-promoting properties associated with a positive effect on the cardiovascular system, lowering the concentration of low-density lipoprotein, and the ability to inhibit the cyclooxygenases activity. Additionally, it has a",Draft conclusion: this record can inform Polyphenols and Skin Photoprotection but requires full-text review before public claims.,中文草稿结论：该记录可作为「多酚/抗氧化剂与皮肤光保护」的候选证据，但正式结论需要全文复核。,C,abstract_only,可支持：将该记录作为「多酚/抗氧化剂与皮肤光保护」的候选证据，并按 S1 皮肤终点继续复核。,不支持：不能据此声称逆龄、延寿、替代治疗，或给出产品/剂量/疗程建议。,不能替代防晒；不能把抗氧化机制直接写成抗老已证实。,false,high,public_draft_not_fully_reviewed,2026-04-28,https://pubmed.ncbi.nlm.nih.gov/29737899/,v0.5_GRADE_RoB_AMSTAR_bibliometrics_venue,14,15,9,7,10,-20,36,15,NIH_iCite_RCR; OpenAlex_cited_by_count,RCR=NA; cited_by=198,JCR IF not auto-imported; journal-level IF is intentionally separated from article-level citation signals.,https://openalex.org/W2801231397,198,,domain_screen,not_assessed_public_draft,not_applicable,high_commercial_overclaim_risk,high_commercial_overclaim_risk,max_level_B,D,v0.5 综合评分：研究设计、终点价值、人类相关性、来源深度、RCR/OpenAlex 引用信号、发表地/期刊层级和风险扣分；期刊层级 C_indexed_or_identified 加 1 分；当前上限规则为 max_level_B，最终等级 D。,"v0.5 hybrid score using design, endpoint value, human relevance, source depth, RCR/OpenAlex signals, publication venue tier, and risk adjustments; venue tier C_indexed_or_identified adds 1; cap rule max_level_B; final level D.",C_indexed_or_identified,1,"Indexed or DOI/PMID-identifiable venue, but not in the curated high-weight venue list."
skin-polyphenols-skin-photoprotection-009,pubmed-36363994,36363994,10.1002/ptr.6797,PubMed,polyphenols-skin-photoprotection,多酚/抗氧化剂与皮肤光保护,Polyphenols and Skin Photoprotection,The Role of Astaxanthin as a Nutraceutical in Health and Age-Related Conditions.,,2022,"Molecules (Basel, Switzerland)",review,oral_or_topical_supplement,M,skin aging endpoint pending review,"The current review provides an up-to-date analysis of scientific data on astaxanthin (ASX) sources and experimental studies on its health benefits as a potent antioxidant in the aging process. ASX is a liposoluble carotenoid nutrient and reddish-orange pigment, naturally synthesized by numerous microalgae, yeasts, and bacteria as secondary metabolites. Provides a reddish hue to redfish and shellfish flesh that feed on ASX-producing microorganisms. The microalga Haematococcus pluvialis is the most important source for its industrial bioproduction. Due to its strong antioxidant properties, numerous investigations reported that natural ASX is a more significant antioxidant agent than other antioxidants, such as vitamin C, vitamin E, and β-carotene. Furthermore, several data show that ASX possesses important nutraceutical applications and health benefits, especially in healthy aging processe","中文草稿：该记录属于「多酚/抗氧化剂与皮肤光保护」主题，当前抽取到的英文摘要/题录结果为：The current review provides an up-to-date analysis of scientific data on astaxanthin (ASX) sources and experimental studies on its health benefits as a potent antioxidant in the aging process. ASX is a liposoluble carotenoid nutrient and reddish-orange pigment, naturally synthesized by numerous microalgae, yeasts, and bacteria as secondary metabolites. Provides a reddish hue to redfish and shellfish flesh that feed o",Draft conclusion: this record can inform Polyphenols and Skin Photoprotection but requires full-text review before public claims.,中文草稿结论：该记录可作为「多酚/抗氧化剂与皮肤光保护」的候选证据，但正式结论需要全文复核。,D,abstract_plus_open_pmc_available,可支持：将该记录作为「多酚/抗氧化剂与皮肤光保护」的候选证据，并按 M 皮肤终点继续复核。,不支持：不能据此声称逆龄、延寿、替代治疗，或给出产品/剂量/疗程建议。,不能替代防晒；不能把抗氧化机制直接写成抗老已证实。,false,high,public_draft_not_fully_reviewed,2026-04-28,https://pubmed.ncbi.nlm.nih.gov/36363994/,v0.5_GRADE_RoB_AMSTAR_bibliometrics_venue,14,5,9,10,8,-16,31,12,NIH_iCite_RCR; OpenAlex_cited_by_count,RCR=NA; cited_by=67,JCR IF not auto-imported; journal-level IF is intentionally separated from article-level citation signals.,https://openalex.org/W3047531024,67,,domain_screen,not_assessed_public_draft,not_applicable,high_commercial_overclaim_risk,high_commercial_overclaim_risk,max_level_D,D,v0.5 综合评分：研究设计、终点价值、人类相关性、来源深度、RCR/OpenAlex 引用信号、发表地/期刊层级和风险扣分；期刊层级 C_indexed_or_identified 加 1 分；当前上限规则为 max_level_D，最终等级 D。,"v0.5 hybrid score using design, endpoint value, human relevance, source depth, RCR/OpenAlex signals, publication venue tier, and risk adjustments; venue tier C_indexed_or_identified adds 1; cap rule max_level_D; final level D.",C_indexed_or_identified,1,"Indexed or DOI/PMID-identifiable venue, but not in the curated high-weight venue list."
skin-polyphenols-skin-photoprotection-010,pubmed-33949795,33949795,10.1007/s13346-020-00711-w,PubMed,polyphenols-skin-photoprotection,多酚/抗氧化剂与皮肤光保护,Polyphenols and Skin Photoprotection,"The impact of resveratrol on skin wound healing, scarring, and aging.",,2022,International wound journal,systematic_review_or_meta_analysis,oral_or_topical_supplement,S2,skin aging endpoint pending review,"Resveratrol is a well-known antioxidant that harbours many health beneficial properties. Multiple studies associated the antioxidant, anti-inflammatory, and cell protective effects of resveratrol. These diverse effects of resveratrol are also potentially involved in cutaneous wound healing, scarring, and (photo-)aging of the skin. Hence, this review highlighted the most relevant studies involving resveratrol in wound healing, scarring, and photo-aging of the skin. A systematic review was performed and the database PubMed was searched for suitable publications. Only original articles in English that investigated the effects of resveratrol in wound healing, scarring, and (photo-)aging of the skin were analysed. The literature search yielded a total of 826 studies, but only 41 studies met the inclusion criteria. The included studies showed promising results that resveratrol might be a feasi","中文草稿：该记录属于「多酚/抗氧化剂与皮肤光保护」主题，当前抽取到的英文摘要/题录结果为：Resveratrol is a well-known antioxidant that harbours many health beneficial properties. Multiple studies associated the antioxidant, anti-inflammatory, and cell protective effects of resveratrol. These diverse effects of resveratrol are also potentially involved in cutaneous wound healing, scarring, and (photo-)aging of the skin. Hence, this review highlighted the most relevant studies involving resveratrol in wound",Draft conclusion: this record can inform Polyphenols and Skin Photoprotection but requires full-text review before public claims.,中文草稿结论：该记录可作为「多酚/抗氧化剂与皮肤光保护」的候选证据，但正式结论需要全文复核。,D,abstract_plus_open_pmc_available,可支持：将该记录作为「多酚/抗氧化剂与皮肤光保护」的候选证据，并按 S2 皮肤终点继续复核。,不支持：不能据此声称逆龄、延寿、替代治疗，或给出产品/剂量/疗程建议。,不能替代防晒；不能把抗氧化机制直接写成抗老已证实。,false,high,public_draft_not_fully_reviewed,2026-04-28,https://pubmed.ncbi.nlm.nih.gov/33949795/,v0.5_GRADE_RoB_AMSTAR_bibliometrics_venue,34,8,9,10,8,-16,54,11,NIH_iCite_RCR; OpenAlex_cited_by_count,RCR=NA; cited_by=52,JCR IF not auto-imported; journal-level IF is intentionally separated from article-level citation signals.,https://openalex.org/W3000753706,52,,AMSTAR 2,not_assessed_public_draft,not_assessed_public_draft,high_commercial_overclaim_risk,high_commercial_overclaim_risk,max_level_D,D,v0.5 综合评分：研究设计、终点价值、人类相关性、来源深度、RCR/OpenAlex 引用信号、发表地/期刊层级和风险扣分；期刊层级 C_indexed_or_identified 加 1 分；当前上限规则为 max_level_D，最终等级 D。,"v0.5 hybrid score using design, endpoint value, human relevance, source depth, RCR/OpenAlex signals, publication venue tier, and risk adjustments; venue tier C_indexed_or_identified adds 1; cap rule max_level_D; final level D.",C_indexed_or_identified,1,"Indexed or DOI/PMID-identifiable venue, but not in the curated high-weight venue list."
skin-polyphenols-skin-photoprotection-011,pubmed-38592565,38592565,10.1016/j.bbrc.2018.03.207,PubMed,polyphenols-skin-photoprotection,多酚/抗氧化剂与皮肤光保护,Polyphenols and Skin Photoprotection,Resveratrol activates autophagy and protects from UVA-induced photoaging in human skin fibroblasts and the skin of male mice by regulating the AMPK pathway.,,2024,Biogerontology,preclinical_or_mechanistic,oral_or_topical_supplement,S2,"wrinkle, pigmentation, photoaging, roughness, erythema","Skin photoaging is mostly caused by ultraviolet A (UVA), although active medications to effectively counteract UVA-induced photoaging have not yet been created. Resveratrol, a naturally occurring polyphenol found in the skin of grapes, has been shown to have various biological functions such as anti-inflammatory and antioxidant characteristics. However, the role of resveratrol in UVA-induced photoaging has not been clarified. We investigated the mechanism of action of resveratrol by UVA irradiation of human skin fibroblasts (HSF) and innovatively modified a mouse model of photoaging. The results demonstrated that resveratrol promoted AMP-activated protein kinase (AMPK) phosphorylation to activate autophagy, reduce reactive oxygen species (ROS) production, inhibit apoptosis, and restore normal cell cycle to alleviate UVA-induced photoaging. In addition, subcutaneous injection of resveratr","中文草稿：该记录属于「多酚/抗氧化剂与皮肤光保护」主题，当前抽取到的英文摘要/题录结果为：Skin photoaging is mostly caused by ultraviolet A (UVA), although active medications to effectively counteract UVA-induced photoaging have not yet been created. Resveratrol, a naturally occurring polyphenol found in the skin of grapes, has been shown to have various biological functions such as anti-inflammatory and antioxidant characteristics. However, the role of resveratrol in UVA-induced photoaging has not been c",Draft conclusion: this record can inform Polyphenols and Skin Photoprotection but requires full-text review before public claims.,中文草稿结论：该记录可作为「多酚/抗氧化剂与皮肤光保护」的候选证据，但正式结论需要全文复核。,D,abstract_plus_open_pmc_available,可支持：将该记录作为「多酚/抗氧化剂与皮肤光保护」的候选证据，并按 S2 皮肤终点继续复核。,不支持：不能据此声称逆龄、延寿、替代治疗，或给出产品/剂量/疗程建议。,不能替代防晒；不能把抗氧化机制直接写成抗老已证实。,false,high,public_draft_not_fully_reviewed,2026-04-28,https://pubmed.ncbi.nlm.nih.gov/38592565/,v0.5_GRADE_RoB_AMSTAR_bibliometrics_venue,11,8,15,10,8,-16,37,11,NIH_iCite_RCR; OpenAlex_cited_by_count,RCR=NA; cited_by=49,JCR IF not auto-imported; journal-level IF is intentionally separated from article-level citation signals.,https://openalex.org/W2794875611,49,,Cochrane RoB 2,not_assessed_public_draft,not_applicable,high_commercial_overclaim_risk,high_commercial_overclaim_risk,max_level_D,D,v0.5 综合评分：研究设计、终点价值、人类相关性、来源深度、RCR/OpenAlex 引用信号、发表地/期刊层级和风险扣分；期刊层级 C_indexed_or_identified 加 1 分；当前上限规则为 max_level_D，最终等级 D。,"v0.5 hybrid score using design, endpoint value, human relevance, source depth, RCR/OpenAlex signals, publication venue tier, and risk adjustments; venue tier C_indexed_or_identified adds 1; cap rule max_level_D; final level D.",C_indexed_or_identified,1,"Indexed or DOI/PMID-identifiable venue, but not in the curated high-weight venue list."
skin-polyphenols-skin-photoprotection-012,pubmed-34736076,34736076,10.1016/j.biopha.2021.112179,PubMed,polyphenols-skin-photoprotection,多酚/抗氧化剂与皮肤光保护,Polyphenols and Skin Photoprotection,Anti-inflammatory action of astaxanthin and its use in the treatment of various diseases.,,2022,Biomedicine & pharmacotherapy = Biomedecine & pharmacotherapie,review,oral_or_topical_supplement,M,skin aging endpoint pending review,"Astaxanthin (AST) is a red pigmented carotenoid with significant antioxidant, anti-inflammatory, anti-proliferative, and anti-apoptotic properties. In this study, we summarize the available literature on the anti-inflammatory efficacy of AST in various chronic and acute disorders, such as neurodegenerative, renal-, hepato-, skin- and eye-related diseases, as well as gastrointestinal disorders. In addition, we elaborated on therapeutic efficacy of AST and the role of several pathways, including PI3K/AKT, Nrf2, NF-κB, ERK1/2, JNK, p38 MAPK, and JAK-2/STAT-3 in mediating its effects. However, additional experimental and clinical studies should be performed to corroborate the anti-inflammatory effects and protective effects of AST against inflammatory diseases in humans. Nevertheless, this review suggests that AST with its demonstrated anti-inflammatory property may be a suitable candidate f","中文草稿：该记录属于「多酚/抗氧化剂与皮肤光保护」主题，当前抽取到的英文摘要/题录结果为：Astaxanthin (AST) is a red pigmented carotenoid with significant antioxidant, anti-inflammatory, anti-proliferative, and anti-apoptotic properties. In this study, we summarize the available literature on the anti-inflammatory efficacy of AST in various chronic and acute disorders, such as neurodegenerative, renal-, hepato-, skin- and eye-related diseases, as well as gastrointestinal disorders. In addition, we elabora",Draft conclusion: this record can inform Polyphenols and Skin Photoprotection but requires full-text review before public claims.,中文草稿结论：该记录可作为「多酚/抗氧化剂与皮肤光保护」的候选证据，但正式结论需要全文复核。,D,abstract_only,可支持：将该记录作为「多酚/抗氧化剂与皮肤光保护」的候选证据，并按 M 皮肤终点继续复核。,不支持：不能据此声称逆龄、延寿、替代治疗，或给出产品/剂量/疗程建议。,不能替代防晒；不能把抗氧化机制直接写成抗老已证实。,false,high,public_draft_not_fully_reviewed,2026-04-28,https://pubmed.ncbi.nlm.nih.gov/34736076/,v0.5_GRADE_RoB_AMSTAR_bibliometrics_venue,14,5,9,7,10,-20,29,15,NIH_iCite_RCR; OpenAlex_cited_by_count,RCR=NA; cited_by=209,JCR IF not auto-imported; journal-level IF is intentionally separated from article-level citation signals.,https://openalex.org/W3209766905,209,,domain_screen,not_assessed_public_draft,not_applicable,high_commercial_overclaim_risk,high_commercial_overclaim_risk,max_level_D,E,v0.5 综合评分：研究设计、终点价值、人类相关性、来源深度、RCR/OpenAlex 引用信号、发表地/期刊层级和风险扣分；期刊层级 B_reputable_specialty_or_broad 加 4 分；当前上限规则为 max_level_D，最终等级 E。,"v0.5 hybrid score using design, endpoint value, human relevance, source depth, RCR/OpenAlex signals, publication venue tier, and risk adjustments; venue tier B_reputable_specialty_or_broad adds 4; cap rule max_level_D; final level E.",B_reputable_specialty_or_broad,4,"Indexed specialty or broad journal commonly seen in the atlas. Useful signal, but article-level quality still decides."
skin-polyphenols-skin-photoprotection-013,pubmed-33242128,33242128,10.3390/ijms19103059,PubMed,polyphenols-skin-photoprotection,多酚/抗氧化剂与皮肤光保护,Polyphenols and Skin Photoprotection,Menopause and the Skin: Old Favorites and New Innovations in Cosmeceuticals for Estrogen-Deficient Skin.,,2021,Dermatology and therapy,review,oral_or_topical_supplement,S1,"wrinkle, barrier","Estrogen is a pivotal signaling molecule; its production is regulated by the expression of the aromatase (CYP19A1) gene from ovarian and peripheral tissue sites, and it is transmitted via estrogen receptors to influence many important biological functions. However, the narrative for this overview focuses on the decline of 17β-estradiol levels from ovarian sites after menopause. This estrogen-deficient condition is associated with a dramatic reduction in skin health and wellness by negatively impacting dermal cellular and homeostatic mechanisms, as well as other important biological functions. The changes include loss of collagen, elastin, fibroblast function, vascularity, and increased matrix metalloproteinase(s) enzymatic activities, resulting in cellular and extracellular degradation that leads to dryness, wrinkles, atrophy, impaired wound healing/barrier function, decreased antioxidan","中文草稿：该记录属于「多酚/抗氧化剂与皮肤光保护」主题，当前抽取到的英文摘要/题录结果为：Estrogen is a pivotal signaling molecule; its production is regulated by the expression of the aromatase (CYP19A1) gene from ovarian and peripheral tissue sites, and it is transmitted via estrogen receptors to influence many important biological functions. However, the narrative for this overview focuses on the decline of 17β-estradiol levels from ovarian sites after menopause. This estrogen-deficient condition is as",Draft conclusion: this record can inform Polyphenols and Skin Photoprotection but requires full-text review before public claims.,中文草稿结论：该记录可作为「多酚/抗氧化剂与皮肤光保护」的候选证据，但正式结论需要全文复核。,C,abstract_plus_open_pmc_available,可支持：将该记录作为「多酚/抗氧化剂与皮肤光保护」的候选证据，并按 S1 皮肤终点继续复核。,不支持：不能据此声称逆龄、延寿、替代治疗，或给出产品/剂量/疗程建议。,不能替代防晒；不能把抗氧化机制直接写成抗老已证实。,false,high,public_draft_not_fully_reviewed,2026-04-28,https://pubmed.ncbi.nlm.nih.gov/33242128/,v0.5_GRADE_RoB_AMSTAR_bibliometrics_venue,14,15,9,10,10,-16,43,14,NIH_iCite_RCR; OpenAlex_cited_by_count,RCR=NA; cited_by=129,JCR IF not auto-imported; journal-level IF is intentionally separated from article-level citation signals.,https://openalex.org/W2894676908,129,,domain_screen,not_assessed_public_draft,not_applicable,high_commercial_overclaim_risk,high_commercial_overclaim_risk,max_level_B,D,v0.5 综合评分：研究设计、终点价值、人类相关性、来源深度、RCR/OpenAlex 引用信号、发表地/期刊层级和风险扣分；期刊层级 C_indexed_or_identified 加 1 分；当前上限规则为 max_level_B，最终等级 D。,"v0.5 hybrid score using design, endpoint value, human relevance, source depth, RCR/OpenAlex signals, publication venue tier, and risk adjustments; venue tier C_indexed_or_identified adds 1; cap rule max_level_B; final level D.",C_indexed_or_identified,1,"Indexed or DOI/PMID-identifiable venue, but not in the curated high-weight venue list."
skin-polyphenols-skin-photoprotection-014,pubmed-35028009,35028009,10.2131/jts.43.159,PubMed,polyphenols-skin-photoprotection,多酚/抗氧化剂与皮肤光保护,Polyphenols and Skin Photoprotection,"Resveratrol Treats UVB-Induced Photoaging by Anti-MMP Expression, through Anti-Inflammatory, Antioxidant, and Antiapoptotic Properties, and Treats Photoaging by Upregulating VEGF-B Expression.",,2022,Oxidative medicine and cellular longevity,preclinical_or_mechanistic,oral_or_topical_supplement,S2,"wrinkle, photoaging","UVB exposure is one of the primary factors responsible for the development of photoaging, and the aim of this study was to investigate the mechanism involved in the photoprotective properties of resveratrol (RES) in UVB-induced photoaging. Photoaging models of Hacat cells and ICR mice were established by UVB irradiation. The effect of RES on cell viability was then assessed using the MTT assay. The effect of RES on reactive oxygen species (ROS) production was detected through a fluorescent probe assay. The effect of RES on oxidized glutathione (GSSH) content, and superoxide dismutase (SOD) activity in photoaging Hacat cells, were measured separately, using kits. An enzyme-linked immunosorbent assay (ELISA) was used to measure the effect of RES on IL-6 secretion. The effect of VEGF-B on RES photoprotection was examined through the RT-qPCR method, after silencing VEGF-B through siRNA trans","中文草稿：该记录属于「多酚/抗氧化剂与皮肤光保护」主题，当前抽取到的英文摘要/题录结果为：UVB exposure is one of the primary factors responsible for the development of photoaging, and the aim of this study was to investigate the mechanism involved in the photoprotective properties of resveratrol (RES) in UVB-induced photoaging. Photoaging models of Hacat cells and ICR mice were established by UVB irradiation. The effect of RES on cell viability was then assessed using the MTT assay. The effect of RES on r",Draft conclusion: this record can inform Polyphenols and Skin Photoprotection but requires full-text review before public claims.,中文草稿结论：该记录可作为「多酚/抗氧化剂与皮肤光保护」的候选证据，但正式结论需要全文复核。,D,abstract_plus_open_pmc_available,可支持：将该记录作为「多酚/抗氧化剂与皮肤光保护」的候选证据，并按 S2 皮肤终点继续复核。,不支持：不能据此声称逆龄、延寿、替代治疗，或给出产品/剂量/疗程建议。,不能替代防晒；不能把抗氧化机制直接写成抗老已证实。,false,high,public_draft_not_fully_reviewed,2026-04-28,https://pubmed.ncbi.nlm.nih.gov/35028009/,v0.5_GRADE_RoB_AMSTAR_bibliometrics_venue,11,8,15,10,6,-16,38,7,NIH_iCite_RCR; OpenAlex_cited_by_count,RCR=NA; cited_by=10,JCR IF not auto-imported; journal-level IF is intentionally separated from article-level citation signals.,https://openalex.org/W2792773835,10,,Cochrane RoB 2,not_assessed_public_draft,not_applicable,high_commercial_overclaim_risk,high_commercial_overclaim_risk,max_level_D,D,v0.5 综合评分：研究设计、终点价值、人类相关性、来源深度、RCR/OpenAlex 引用信号、发表地/期刊层级和风险扣分；期刊层级 B_reputable_specialty_or_broad 加 4 分；当前上限规则为 max_level_D，最终等级 D。,"v0.5 hybrid score using design, endpoint value, human relevance, source depth, RCR/OpenAlex signals, publication venue tier, and risk adjustments; venue tier B_reputable_specialty_or_broad adds 4; cap rule max_level_D; final level D.",B_reputable_specialty_or_broad,4,"Indexed specialty or broad journal commonly seen in the atlas. Useful signal, but article-level quality still decides."
skin-polyphenols-skin-photoprotection-015,pubmed-24313740,24313740,10.1111/phpp.12100,PubMed,polyphenols-skin-photoprotection,多酚/抗氧化剂与皮肤光保护,Polyphenols and Skin Photoprotection,Oral and systemic photoprotection.,,2014,"Photodermatology, photoimmunology & photomedicine",review,oral_or_topical_supplement,M,skin aging endpoint pending review,"Photoprotection can be provided not only by ultraviolet (UV) blockers but also by oral substances. Epidemiologically identified associations between foods and skin cancer and interventional experiments have discovered mechanisms of UV skin damage. These approaches have identified oral substances that are photoprotective in humans. UV inhibits adenosine triphosphate (ATP) production causing an energy crisis, which prevents optimal skin immunity and DNA repair. Enhancing ATP production with oral nicotinamide protects from UV immunosuppression, enhances DNA repair and reduces skin cancer in humans. Reactive oxygen species also contribute to photodamage. Nontoxic substances consumed in the diet, or available as oral supplements, can protect the skin by multiple potential mechanisms. These substances include polyphenols in fruit, vegetables, wine, tea and caffeine-containing foods. UV-induced","中文草稿：该记录属于「多酚/抗氧化剂与皮肤光保护」主题，当前抽取到的英文摘要/题录结果为：Photoprotection can be provided not only by ultraviolet (UV) blockers but also by oral substances. Epidemiologically identified associations between foods and skin cancer and interventional experiments have discovered mechanisms of UV skin damage. These approaches have identified oral substances that are photoprotective in humans. UV inhibits adenosine triphosphate (ATP) production causing an energy crisis, which pre",Draft conclusion: this record can inform Polyphenols and Skin Photoprotection but requires full-text review before public claims.,中文草稿结论：该记录可作为「多酚/抗氧化剂与皮肤光保护」的候选证据，但正式结论需要全文复核。,D,abstract_only,可支持：将该记录作为「多酚/抗氧化剂与皮肤光保护」的候选证据，并按 M 皮肤终点继续复核。,不支持：不能据此声称逆龄、延寿、替代治疗，或给出产品/剂量/疗程建议。,不能替代防晒；不能把抗氧化机制直接写成抗老已证实。,false,high,public_draft_not_fully_reviewed,2026-04-28,https://pubmed.ncbi.nlm.nih.gov/24313740/,v0.5_GRADE_RoB_AMSTAR_bibliometrics_venue,14,5,9,7,8,-20,27,11,NIH_iCite_RCR; OpenAlex_cited_by_count,RCR=NA; cited_by=44,JCR IF not auto-imported; journal-level IF is intentionally separated from article-level citation signals.,https://openalex.org/W1832454382,44,,domain_screen,not_assessed_public_draft,not_applicable,high_commercial_overclaim_risk,high_commercial_overclaim_risk,max_level_D,E,v0.5 综合评分：研究设计、终点价值、人类相关性、来源深度、RCR/OpenAlex 引用信号、发表地/期刊层级和风险扣分；期刊层级 B_reputable_specialty_or_broad 加 4 分；当前上限规则为 max_level_D，最终等级 E。,"v0.5 hybrid score using design, endpoint value, human relevance, source depth, RCR/OpenAlex signals, publication venue tier, and risk adjustments; venue tier B_reputable_specialty_or_broad adds 4; cap rule max_level_D; final level E.",B_reputable_specialty_or_broad,4,"Indexed specialty or broad journal commonly seen in the atlas. Useful signal, but article-level quality still decides."
skin-polyphenols-skin-photoprotection-016,pubmed-32202443,32202443,10.1080/19390211.2020.1739187,PubMed,polyphenols-skin-photoprotection,多酚/抗氧化剂与皮肤光保护,Polyphenols and Skin Photoprotection,Effects of Astaxanthin Supplementation on Skin Health: A Systematic Review of Clinical Studies.,,2021,Journal of dietary supplements,systematic_review_or_meta_analysis,oral_or_topical_supplement,S1,wrinkle,"Astaxanthin (AST), a naturally-occurring keto-carotenoid found in several species of bacteria and microalgae, has demonstrated diverse biological activities in vitro and in vivo. There is growing commercial interest in the application of astaxanthin in nutraceuticals and cosmeceuticals, due to its purported photoprotective, DNA repair, antioxidant, and anti-inflammatory benefits. This systematic review therefore aimed to summarize current clinical evidence on the effects of astaxanthin supplementation on skin health. Using the following combinations of broad Major Exploded Subject Headings (MesH) terms or text words [astaxanthin OR AST OR ASX OR carotenoid OR xanthophyll] AND [skin OR derm*], a comprehensive search of PubMed, EMBASE, Medline, Clinicaltrials.gov, and Google Scholar databases found a total of eleven clinical studies. There were six randomized, placebo-controlled, double-bl","中文草稿：该记录属于「多酚/抗氧化剂与皮肤光保护」主题，当前抽取到的英文摘要/题录结果为：Astaxanthin (AST), a naturally-occurring keto-carotenoid found in several species of bacteria and microalgae, has demonstrated diverse biological activities in vitro and in vivo. There is growing commercial interest in the application of astaxanthin in nutraceuticals and cosmeceuticals, due to its purported photoprotective, DNA repair, antioxidant, and anti-inflammatory benefits. This systematic review therefore aime",Draft conclusion: this record can inform Polyphenols and Skin Photoprotection but requires full-text review before public claims.,中文草稿结论：该记录可作为「多酚/抗氧化剂与皮肤光保护」的候选证据，但正式结论需要全文复核。,A,abstract_only,可支持：将该记录作为「多酚/抗氧化剂与皮肤光保护」的候选证据，并按 S1 皮肤终点继续复核。,不支持：不能据此声称逆龄、延寿、替代治疗，或给出产品/剂量/疗程建议。,不能替代防晒；不能把抗氧化机制直接写成抗老已证实。,false,high,public_draft_not_fully_reviewed,2026-04-28,https://pubmed.ncbi.nlm.nih.gov/32202443/,v0.5_GRADE_RoB_AMSTAR_bibliometrics_venue,34,15,9,7,8,-20,54,11,NIH_iCite_RCR; OpenAlex_cited_by_count,RCR=NA; cited_by=52,JCR IF not auto-imported; journal-level IF is intentionally separated from article-level citation signals.,https://openalex.org/W3012942386,52,,AMSTAR 2,not_assessed_public_draft,not_assessed_public_draft,high_commercial_overclaim_risk,high_commercial_overclaim_risk,max_level_B,C,v0.5 综合评分：研究设计、终点价值、人类相关性、来源深度、RCR/OpenAlex 引用信号、发表地/期刊层级和风险扣分；期刊层级 C_indexed_or_identified 加 1 分；当前上限规则为 max_level_B，最终等级 C。,"v0.5 hybrid score using design, endpoint value, human relevance, source depth, RCR/OpenAlex signals, publication venue tier, and risk adjustments; venue tier C_indexed_or_identified adds 1; cap rule max_level_B; final level C.",C_indexed_or_identified,1,"Indexed or DOI/PMID-identifiable venue, but not in the curated high-weight venue list."
skin-polyphenols-skin-photoprotection-017,pubmed-39804624,39804624,10.1089/jmf.2024.0023,PubMed,polyphenols-skin-photoprotection,多酚/抗氧化剂与皮肤光保护,Polyphenols and Skin Photoprotection,Oral Supplements and Photoprotection: A Systematic Review.,,2025,Journal of medicinal food,systematic_review_or_meta_analysis,oral_or_topical_supplement,S2,skin aging endpoint pending review,"Photoprotective effects of various nutritional components and supplements have been demonstrated in animal and in vitro studies. The objective of this systematic review is to assess the photoprotective effects of various dietary supplements. A systematic review of studies assessing dietary supplements on photoprotective outcomes was performed. Human studies were retrieved from PubMed, Embase, and Cochrane in February 2023. Supplement keywords included ""dietary supplements,"" ""vitamins,"" ""minerals,"" ""carotenoids,"" ""lutein,"" ""isoflavones,"" ""polyphenols,"" ""Polypodium leucotomos,"" ""heliocare,"" ""herbal medicine,"" ""probiotics,"" ""prebiotics,"" ""astaxanthin,"" ""rosmarinic acid,"" ""botanical,"" and ""herb,"" and outcome keywords included ""photoprotection,"" ""ultraviolet rays,"" UVA,"" ""UVB,"" and ""blue light."" A total of 47 studies were included in the systematic review. Studied supplements included caroten","中文草稿：该记录属于「多酚/抗氧化剂与皮肤光保护」主题，当前抽取到的英文摘要/题录结果为：Photoprotective effects of various nutritional components and supplements have been demonstrated in animal and in vitro studies. The objective of this systematic review is to assess the photoprotective effects of various dietary supplements. A systematic review of studies assessing dietary supplements on photoprotective outcomes was performed. Human studies were retrieved from PubMed, Embase, and Cochrane in February",Draft conclusion: this record can inform Polyphenols and Skin Photoprotection but requires full-text review before public claims.,中文草稿结论：该记录可作为「多酚/抗氧化剂与皮肤光保护」的候选证据，但正式结论需要全文复核。,D,abstract_only,可支持：将该记录作为「多酚/抗氧化剂与皮肤光保护」的候选证据，并按 S2 皮肤终点继续复核。,不支持：不能据此声称逆龄、延寿、替代治疗，或给出产品/剂量/疗程建议。,不能替代防晒；不能把抗氧化机制直接写成抗老已证实。,false,high,public_draft_not_fully_reviewed,2026-04-28,https://pubmed.ncbi.nlm.nih.gov/39804624/,v0.5_GRADE_RoB_AMSTAR_bibliometrics_venue,34,8,9,7,6,-20,45,3,NIH_iCite_RCR; OpenAlex_cited_by_count,RCR=NA; cited_by=2,JCR IF not auto-imported; journal-level IF is intentionally separated from article-level citation signals.,https://openalex.org/W4406347941,2,,AMSTAR 2,not_assessed_public_draft,not_assessed_public_draft,high_commercial_overclaim_risk,high_commercial_overclaim_risk,max_level_D,D,v0.5 综合评分：研究设计、终点价值、人类相关性、来源深度、RCR/OpenAlex 引用信号、发表地/期刊层级和风险扣分；期刊层级 C_indexed_or_identified 加 1 分；当前上限规则为 max_level_D，最终等级 D。,"v0.5 hybrid score using design, endpoint value, human relevance, source depth, RCR/OpenAlex signals, publication venue tier, and risk adjustments; venue tier C_indexed_or_identified adds 1; cap rule max_level_D; final level D.",C_indexed_or_identified,1,"Indexed or DOI/PMID-identifiable venue, but not in the curated high-weight venue list."
skin-polyphenols-skin-photoprotection-018,pubmed-34578794,34578794,10.1093/fampra/18.6.565,PubMed,polyphenols-skin-photoprotection,多酚/抗氧化剂与皮肤光保护,Polyphenols and Skin Photoprotection,Systematic Review and Meta-Analysis on the Effects of Astaxanthin on Human Skin Ageing.,,2021,Nutrients,systematic_review_or_meta_analysis,oral_or_topical_supplement,S1,"wrinkle, elasticity, photoaging","Astaxanthin (ASX), a xanthophyll carotenoid derived from microalgae Haematococcus pluvialis, mitigating skin photoaging and age-related skin diseases by its antioxidant and anti-inflammatory effects in animal studies. The aim was to systematically evaluate if ASX applications have anti-ageing effects in humans. A comprehensive search of PubMed, Scopus and Web of Science found a total of eleven studies. Nine randomised, controlled human studies assessed oral ASX effects and two open-label, prospective studies evaluated topical, oral-topical ASX effects on skin ageing. GetData Graph Digitizer was used to extract mean values and standard deviations of baseline and endpoint, and Cochrane Collaboration's tool assessed RoB for all included studies. Review Manager 5.4 was used to conduct meta-analysis of RCTs; the results were reported as effect size ± 95% confidence interval. Oral ASX suppleme","中文草稿：该记录属于「多酚/抗氧化剂与皮肤光保护」主题，当前抽取到的英文摘要/题录结果为：Astaxanthin (ASX), a xanthophyll carotenoid derived from microalgae Haematococcus pluvialis, mitigating skin photoaging and age-related skin diseases by its antioxidant and anti-inflammatory effects in animal studies. The aim was to systematically evaluate if ASX applications have anti-ageing effects in humans. A comprehensive search of PubMed, Scopus and Web of Science found a total of eleven studies. Nine randomise",Draft conclusion: this record can inform Polyphenols and Skin Photoprotection but requires full-text review before public claims.,中文草稿结论：该记录可作为「多酚/抗氧化剂与皮肤光保护」的候选证据，但正式结论需要全文复核。,A,abstract_plus_open_pmc_available,可支持：将该记录作为「多酚/抗氧化剂与皮肤光保护」的候选证据，并按 S1 皮肤终点继续复核。,不支持：不能据此声称逆龄、延寿、替代治疗，或给出产品/剂量/疗程建议。,不能替代防晒；不能把抗氧化机制直接写成抗老已证实。,false,high,public_draft_not_fully_reviewed,2026-04-28,https://pubmed.ncbi.nlm.nih.gov/34578794/,v0.5_GRADE_RoB_AMSTAR_bibliometrics_venue,34,15,9,10,10,-16,66,15,NIH_iCite_RCR; OpenAlex_cited_by_count,RCR=NA; cited_by=157,JCR IF not auto-imported; journal-level IF is intentionally separated from article-level citation signals.,https://openalex.org/W2099086046,157,,AMSTAR 2,not_assessed_public_draft,not_assessed_public_draft,high_commercial_overclaim_risk,high_commercial_overclaim_risk,max_level_B,B,v0.5 综合评分：研究设计、终点价值、人类相关性、来源深度、RCR/OpenAlex 引用信号、发表地/期刊层级和风险扣分；期刊层级 B_reputable_specialty_or_broad 加 4 分；当前上限规则为 max_level_B，最终等级 B。,"v0.5 hybrid score using design, endpoint value, human relevance, source depth, RCR/OpenAlex signals, publication venue tier, and risk adjustments; venue tier B_reputable_specialty_or_broad adds 4; cap rule max_level_B; final level B.",B_reputable_specialty_or_broad,4,"Indexed specialty or broad journal commonly seen in the atlas. Useful signal, but article-level quality still decides."
skin-polyphenols-skin-photoprotection-019,pubmed-30813433,30813433,10.2174/0929867323666161024151233,PubMed,polyphenols-skin-photoprotection,多酚/抗氧化剂与皮肤光保护,Polyphenols and Skin Photoprotection,"A Review of the Role of Green Tea (Camellia sinensis) in Antiphotoaging, Stress Resistance, Neuroprotection, and Autophagy.",,2019,Nutrients,review,oral_or_topical_supplement,S1,"wrinkle, photoaging, erythema","Tea is one of the most widely consumed beverages worldwide, and is available in various forms. Green tea is richer in antioxidants compared to other forms of tea. Tea is composed of polyphenols, caffeine, minerals, and trace amounts of vitamins, amino acids, and carbohydrates. The composition of the tea varies depending on the fermentation process employed to produce it. The phytochemicals present in green tea are known to stimulate the central nervous system and maintain overall health in humans. Skin aging is a complex process mediated by intrinsic factors such as senescence, along with extrinsic damage induced by external factors such as chronic exposure to ultraviolet (UV) irradiation-A process known as photoaging-Which can lead to erythema, edema, sunburn, hyperplasia, premature aging, and the development of non-melanoma and melanoma skin cancers. UV can cause skin damage either dir","中文草稿：该记录属于「多酚/抗氧化剂与皮肤光保护」主题，当前抽取到的英文摘要/题录结果为：Tea is one of the most widely consumed beverages worldwide, and is available in various forms. Green tea is richer in antioxidants compared to other forms of tea. Tea is composed of polyphenols, caffeine, minerals, and trace amounts of vitamins, amino acids, and carbohydrates. The composition of the tea varies depending on the fermentation process employed to produce it. The phytochemicals present in green tea are kn",Draft conclusion: this record can inform Polyphenols and Skin Photoprotection but requires full-text review before public claims.,中文草稿结论：该记录可作为「多酚/抗氧化剂与皮肤光保护」的候选证据，但正式结论需要全文复核。,C,abstract_plus_open_pmc_available,可支持：将该记录作为「多酚/抗氧化剂与皮肤光保护」的候选证据，并按 S1 皮肤终点继续复核。,不支持：不能据此声称逆龄、延寿、替代治疗，或给出产品/剂量/疗程建议。,不能替代防晒；不能把抗氧化机制直接写成抗老已证实。,false,high,public_draft_not_fully_reviewed,2026-04-28,https://pubmed.ncbi.nlm.nih.gov/30813433/,v0.5_GRADE_RoB_AMSTAR_bibliometrics_venue,14,15,9,10,8,-16,44,13,NIH_iCite_RCR; OpenAlex_cited_by_count,RCR=NA; cited_by=79,JCR IF not auto-imported; journal-level IF is intentionally separated from article-level citation signals.,https://openalex.org/W2545638471,79,,domain_screen,not_assessed_public_draft,not_applicable,high_commercial_overclaim_risk,high_commercial_overclaim_risk,max_level_B,D,v0.5 综合评分：研究设计、终点价值、人类相关性、来源深度、RCR/OpenAlex 引用信号、发表地/期刊层级和风险扣分；期刊层级 B_reputable_specialty_or_broad 加 4 分；当前上限规则为 max_level_B，最终等级 D。,"v0.5 hybrid score using design, endpoint value, human relevance, source depth, RCR/OpenAlex signals, publication venue tier, and risk adjustments; venue tier B_reputable_specialty_or_broad adds 4; cap rule max_level_B; final level D.",B_reputable_specialty_or_broad,4,"Indexed specialty or broad journal commonly seen in the atlas. Useful signal, but article-level quality still decides."
skin-polyphenols-skin-photoprotection-020,pubmed-35708049,35708049,10.1080/10408398.2022.2084600,PubMed,polyphenols-skin-photoprotection,多酚/抗氧化剂与皮肤光保护,Polyphenols and Skin Photoprotection,Health benefits of astaxanthin against age-related diseases of multiple organs: A comprehensive review.,,2023,Critical reviews in food science and nutrition,review,oral_or_topical_supplement,S1,photoaging,"Age-related diseases are associated with increased morbidity in the past few decades and the cost associated with the treatment of these age-related diseases exerts a substantial impact on social and health care expenditure. Anti-aging strategies aim to mitigate, delay and reverse aging-associated diseases, thereby improving quality of life and reducing the burden of age-related pathologies. The natural dietary antioxidant supplementation offers substantial pharmacological and therapeutic effects against various disease conditions. Astaxanthin is one such natural carotenoid with superior antioxidant activity than other carotenoids, as well as well as vitamins C and E, and additionally, it is known to exhibit a plethora of pharmacological effects. The present review summarizes the protective molecular mechanisms of actions of astaxanthin on age-related diseases of multiple organs such as ","中文草稿：该记录属于「多酚/抗氧化剂与皮肤光保护」主题，当前抽取到的英文摘要/题录结果为：Age-related diseases are associated with increased morbidity in the past few decades and the cost associated with the treatment of these age-related diseases exerts a substantial impact on social and health care expenditure. Anti-aging strategies aim to mitigate, delay and reverse aging-associated diseases, thereby improving quality of life and reducing the burden of age-related pathologies. The natural dietary antio",Draft conclusion: this record can inform Polyphenols and Skin Photoprotection but requires full-text review before public claims.,中文草稿结论：该记录可作为「多酚/抗氧化剂与皮肤光保护」的候选证据，但正式结论需要全文复核。,C,abstract_only,可支持：将该记录作为「多酚/抗氧化剂与皮肤光保护」的候选证据，并按 S1 皮肤终点继续复核。,不支持：不能据此声称逆龄、延寿、替代治疗，或给出产品/剂量/疗程建议。,不能替代防晒；不能把抗氧化机制直接写成抗老已证实。,false,high,public_draft_not_fully_reviewed,2026-04-28,https://pubmed.ncbi.nlm.nih.gov/35708049/,v0.5_GRADE_RoB_AMSTAR_bibliometrics_venue,14,15,9,7,10,-20,36,13,NIH_iCite_RCR; OpenAlex_cited_by_count,RCR=NA; cited_by=102,JCR IF not auto-imported; journal-level IF is intentionally separated from article-level citation signals.,https://openalex.org/W4282961032,102,,domain_screen,not_assessed_public_draft,not_applicable,high_commercial_overclaim_risk,high_commercial_overclaim_risk,max_level_B,D,v0.5 综合评分：研究设计、终点价值、人类相关性、来源深度、RCR/OpenAlex 引用信号、发表地/期刊层级和风险扣分；期刊层级 C_indexed_or_identified 加 1 分；当前上限规则为 max_level_B，最终等级 D。,"v0.5 hybrid score using design, endpoint value, human relevance, source depth, RCR/OpenAlex signals, publication venue tier, and risk adjustments; venue tier C_indexed_or_identified adds 1; cap rule max_level_B; final level D.",C_indexed_or_identified,1,"Indexed or DOI/PMID-identifiable venue, but not in the curated high-weight venue list."
skin-energy-devices-resurfacing-001,pubmed-38816973,38816973,10.5021/ad.23.133,PubMed,energy-devices-resurfacing,医美能量设备和换肤类干预,"Energy Devices, Peels, and Resurfacing",Update on Melasma Treatments.,,2024,Annals of dermatology,review,procedure_or_device,S1,"pigmentation, photoaging","Melasma is a prevalent hyperpigmentation condition known for its challenging treatment due to its resemblance to photoaged skin disorders. Numerous studies have shed light on the intricate nature of melasma, which often bears similarity to photoaging disorders. Various therapeutic approaches, encompassing topical and systemic treatments, chemical peeling, and laser therapy, have exhibited efficacy in managing melasma in previous research. However, melasma often reoccurs despite successful treatment, primarily due to its inherent photoaged properties. Given that melasma shares features with photoaging disorders, including disruptions in the basement membrane, solar elastosis, angiogenesis, and mast cell infiltration in the dermal layer, a comprehensive treatment strategy is imperative. Such an approach might involve addressing epidermal hyperpigmentation while concurrently restoring derma","中文草稿：该记录属于「医美能量设备和换肤类干预」主题，当前抽取到的英文摘要/题录结果为：Melasma is a prevalent hyperpigmentation condition known for its challenging treatment due to its resemblance to photoaged skin disorders. Numerous studies have shed light on the intricate nature of melasma, which often bears similarity to photoaging disorders. Various therapeutic approaches, encompassing topical and systemic treatments, chemical peeling, and laser therapy, have exhibited efficacy in managing melasma","Draft conclusion: this record can inform Energy Devices, Peels, and Resurfacing but requires full-text review before public claims.",中文草稿结论：该记录可作为「医美能量设备和换肤类干预」的候选证据，但正式结论需要全文复核。,C,abstract_plus_open_pmc_available,可支持：将该记录作为「医美能量设备和换肤类干预」的候选证据，并按 S1 皮肤终点继续复核。,不支持：不能据此声称逆龄、延寿、替代治疗，或给出产品/剂量/疗程建议。,必须由合格专业人员评估；不提供设备、参数或疗程建议。,true,medium,public_draft_not_fully_reviewed,2026-04-28,https://pubmed.ncbi.nlm.nih.gov/38816973/,v0.5_GRADE_RoB_AMSTAR_bibliometrics_venue,14,15,9,10,6,-3,52,9,NIH_iCite_RCR; OpenAlex_cited_by_count,RCR=NA; cited_by=22,JCR IF not auto-imported; journal-level IF is intentionally separated from article-level citation signals.,https://openalex.org/W4394583846,22,,domain_screen,not_assessed_public_draft,not_applicable,possible,possible,max_level_A,C,v0.5 综合评分：研究设计、终点价值、人类相关性、来源深度、RCR/OpenAlex 引用信号、发表地/期刊层级和风险扣分；期刊层级 C_indexed_or_identified 加 1 分；当前上限规则为 max_level_A，最终等级 C。,"v0.5 hybrid score using design, endpoint value, human relevance, source depth, RCR/OpenAlex signals, publication venue tier, and risk adjustments; venue tier C_indexed_or_identified adds 1; cap rule max_level_A; final level C.",C_indexed_or_identified,1,"Indexed or DOI/PMID-identifiable venue, but not in the curated high-weight venue list."
skin-energy-devices-resurfacing-002,pubmed-39449889,39449889,10.7759/cureus.70033,PubMed,energy-devices-resurfacing,医美能量设备和换肤类干预,"Energy Devices, Peels, and Resurfacing","Microneedling in Dermatology: A Comprehensive Review of Applications, Techniques, and Outcomes.",,2024,Cureus,review,procedure_or_device,S1,"wrinkle, elasticity, pigmentation, acne","Microneedling, also known as collagen induction therapy, is a minimally invasive dermatological procedure that has gained widespread popularity for treating various skin conditions, including acne scars, wrinkles, hyperpigmentation, and stretch marks. By creating controlled micro-injuries in the skin, microneedling stimulates the body's natural healing processes, resulting in increased collagen and elastin production, essential for maintaining skin elasticity and firmness. Over the past few decades, microneedling has evolved significantly, with advancements such as automated devices, radiofrequency microneedling, and combination therapies enhancing its effectiveness and safety profile. This comprehensive review explores the mechanisms of action, various techniques, and clinical applications of microneedling, highlighting its advantages over other skin rejuvenation methods. The review als","中文草稿：该记录属于「医美能量设备和换肤类干预」主题，当前抽取到的英文摘要/题录结果为：Microneedling, also known as collagen induction therapy, is a minimally invasive dermatological procedure that has gained widespread popularity for treating various skin conditions, including acne scars, wrinkles, hyperpigmentation, and stretch marks. By creating controlled micro-injuries in the skin, microneedling stimulates the body's natural healing processes, resulting in increased collagen and elastin production","Draft conclusion: this record can inform Energy Devices, Peels, and Resurfacing but requires full-text review before public claims.",中文草稿结论：该记录可作为「医美能量设备和换肤类干预」的候选证据，但正式结论需要全文复核。,C,abstract_plus_open_pmc_available,可支持：将该记录作为「医美能量设备和换肤类干预」的候选证据，并按 S1 皮肤终点继续复核。,不支持：不能据此声称逆龄、延寿、替代治疗，或给出产品/剂量/疗程建议。,必须由合格专业人员评估；不提供设备、参数或疗程建议。,true,medium,public_draft_not_fully_reviewed,2026-04-28,https://pubmed.ncbi.nlm.nih.gov/39449889/,v0.5_GRADE_RoB_AMSTAR_bibliometrics_venue,14,15,9,10,6,-3,52,9,NIH_iCite_RCR; OpenAlex_cited_by_count,RCR=NA; cited_by=22,JCR IF not auto-imported; journal-level IF is intentionally separated from article-level citation signals.,https://openalex.org/W4402734323,22,,domain_screen,not_assessed_public_draft,not_applicable,possible,possible,max_level_A,C,v0.5 综合评分：研究设计、终点价值、人类相关性、来源深度、RCR/OpenAlex 引用信号、发表地/期刊层级和风险扣分；期刊层级 C_indexed_or_identified 加 1 分；当前上限规则为 max_level_A，最终等级 C。,"v0.5 hybrid score using design, endpoint value, human relevance, source depth, RCR/OpenAlex signals, publication venue tier, and risk adjustments; venue tier C_indexed_or_identified adds 1; cap rule max_level_A; final level C.",C_indexed_or_identified,1,"Indexed or DOI/PMID-identifiable venue, but not in the curated high-weight venue list."
skin-energy-devices-resurfacing-003,pubmed-35916259,35916259,10.1111/jocd.15231,PubMed,energy-devices-resurfacing,医美能量设备和换肤类干预,"Energy Devices, Peels, and Resurfacing",Dermatologic facial applications of Morpheus8 fractional radiofrequency microneedling.,,2022,Journal of cosmetic dermatology,review,procedure_or_device,S1,acne,"Dermatologic patients are expressing increasing interest in minimally invasive procedures to address a wide range of common concerns from skin laxity to acne and scarring. Fractional radiofrequency (RF) microneedling offers an effective method for addressing a variety of dermatologic conditions with reduced downtime compared with historically more invasive procedural approaches. This article aims to describe the technology utilized in fractional RF microneedling (Morpheus8, InMode Aesthetics) and its studied applications in dermatology for treatment of the face.",中文草稿：该记录属于「医美能量设备和换肤类干预」主题，当前抽取到的英文摘要/题录结果为：Dermatologic patients are expressing increasing interest in minimally invasive procedures to address a wide range of common concerns from skin laxity to acne and scarring. Fractional radiofrequency (RF) microneedling offers an effective method for addressing a variety of dermatologic conditions with reduced downtime compared with historically more invasive procedural approaches. This article aims to describe the tech,"Draft conclusion: this record can inform Energy Devices, Peels, and Resurfacing but requires full-text review before public claims.",中文草稿结论：该记录可作为「医美能量设备和换肤类干预」的候选证据，但正式结论需要全文复核。,C,abstract_only,可支持：将该记录作为「医美能量设备和换肤类干预」的候选证据，并按 S1 皮肤终点继续复核。,不支持：不能据此声称逆龄、延寿、替代治疗，或给出产品/剂量/疗程建议。,必须由合格专业人员评估；不提供设备、参数或疗程建议。,true,medium,public_draft_not_fully_reviewed,2026-04-28,https://pubmed.ncbi.nlm.nih.gov/35916259/,v0.5_GRADE_RoB_AMSTAR_bibliometrics_venue,14,15,9,7,6,-7,45,8,NIH_iCite_RCR; OpenAlex_cited_by_count,RCR=NA; cited_by=14,JCR IF not auto-imported; journal-level IF is intentionally separated from article-level citation signals.,https://openalex.org/W4289519091,14,,domain_screen,not_assessed_public_draft,not_applicable,possible,possible,max_level_A,D,v0.5 综合评分：研究设计、终点价值、人类相关性、来源深度、RCR/OpenAlex 引用信号、发表地/期刊层级和风险扣分；期刊层级 C_indexed_or_identified 加 1 分；当前上限规则为 max_level_A，最终等级 D。,"v0.5 hybrid score using design, endpoint value, human relevance, source depth, RCR/OpenAlex signals, publication venue tier, and risk adjustments; venue tier C_indexed_or_identified adds 1; cap rule max_level_A; final level D.",C_indexed_or_identified,1,"Indexed or DOI/PMID-identifiable venue, but not in the curated high-weight venue list."
skin-energy-devices-resurfacing-004,pubmed-37377400,37377400,10.1111/jocd.15872,PubMed,energy-devices-resurfacing,医美能量设备和换肤类干预,"Energy Devices, Peels, and Resurfacing","Efficacy of combined treatment with human adipose tissue stem cell-derived exosome-containing solution and microneedling for facial skin aging: A 12-week prospective, randomized, split-face study.",,2023,Journal of cosmetic dermatology,randomized_or_clinical_trial,procedure_or_device,S1,"wrinkle, elasticity, hydration, pigmentation","Studies have reported promising results of mesenchymal stem cell therapies for skin aging. However, in the use of mesenchymal stem cells, some drawbacks including rarely possible tumorigenicity and low engraftment rates have limited their widespread clinical use. Adipose tissue stem cell-derived exosomes (ASCEs) are emerging as effective cell-free therapeutic agents. It was evaluated the clinical efficacy of combining the application of human ASCE-containing solution (HACS) with microneedling to treat facial skin aging. A 12-week, prospective, randomized, split-face, comparative study was conducted. Twenty-eight individuals underwent three treatment sessions separated by 3-week intervals and were followed up for 6 weeks after the last session. At each treatment session, HACS and microneedling were administered to one side of the face, and normal saline solution and microneedling were adm","中文草稿：该记录属于「医美能量设备和换肤类干预」主题，当前抽取到的英文摘要/题录结果为：Studies have reported promising results of mesenchymal stem cell therapies for skin aging. However, in the use of mesenchymal stem cells, some drawbacks including rarely possible tumorigenicity and low engraftment rates have limited their widespread clinical use. Adipose tissue stem cell-derived exosomes (ASCEs) are emerging as effective cell-free therapeutic agents. It was evaluated the clinical efficacy of combinin","Draft conclusion: this record can inform Energy Devices, Peels, and Resurfacing but requires full-text review before public claims.",中文草稿结论：该记录可作为「医美能量设备和换肤类干预」的候选证据，但正式结论需要全文复核。,B,abstract_only,可支持：将该记录作为「医美能量设备和换肤类干预」的候选证据，并按 S1 皮肤终点继续复核。,不支持：不能据此声称逆龄、延寿、替代治疗，或给出产品/剂量/疗程建议。,必须由合格专业人员评估；不提供设备、参数或疗程建议。,true,medium,public_draft_not_fully_reviewed,2026-04-28,https://pubmed.ncbi.nlm.nih.gov/37377400/,v0.5_GRADE_RoB_AMSTAR_bibliometrics_venue,29,15,15,7,8,-7,68,13,NIH_iCite_RCR; OpenAlex_cited_by_count,RCR=NA; cited_by=97,JCR IF not auto-imported; journal-level IF is intentionally separated from article-level citation signals.,https://openalex.org/W4382344339,97,,Cochrane RoB 2,not_assessed_public_draft,not_applicable,possible,possible,max_level_A,B,v0.5 综合评分：研究设计、终点价值、人类相关性、来源深度、RCR/OpenAlex 引用信号、发表地/期刊层级和风险扣分；期刊层级 C_indexed_or_identified 加 1 分；当前上限规则为 max_level_A，最终等级 B。,"v0.5 hybrid score using design, endpoint value, human relevance, source depth, RCR/OpenAlex signals, publication venue tier, and risk adjustments; venue tier C_indexed_or_identified adds 1; cap rule max_level_A; final level B.",C_indexed_or_identified,1,"Indexed or DOI/PMID-identifiable venue, but not in the curated high-weight venue list."
skin-energy-devices-resurfacing-005,pubmed-36658259,36658259,10.25289/ML.2018.7.2.88,PubMed,energy-devices-resurfacing,医美能量设备和换肤类干预,"Energy Devices, Peels, and Resurfacing",An update on fractional picosecond laser treatment: histology and clinical applications.,,2023,Lasers in medical science,review,procedure_or_device,S1,"wrinkle, pigmentation, photoaging","Picosecond lasers have a very short pulse duration and a high peak power density. When fractional optical delivery systems are attached to picosecond lasers, they generate an array of concentrated microspots with a high fluence surrounded by areas with a low fluence. This article discusses the histologic characteristics and clinical applications of fractional picosecond laser treatment. Fractional picosecond laser produces laser-induced optical breakdown (LIOB) and laser-induced cavitation (LIC) in the epidermis and dermis respectively, and can encourage skin regeneration and dermal remodeling. It has been shown that fractional picosecond laser has a positive effect on facial photoaging, enlarged facial pores, dyspigmentation, wrinkles, and atrophic scars. Further research is still needed to confirm the benefits of fractional picosecond lasers.","中文草稿：该记录属于「医美能量设备和换肤类干预」主题，当前抽取到的英文摘要/题录结果为：Picosecond lasers have a very short pulse duration and a high peak power density. When fractional optical delivery systems are attached to picosecond lasers, they generate an array of concentrated microspots with a high fluence surrounded by areas with a low fluence. This article discusses the histologic characteristics and clinical applications of fractional picosecond laser treatment. Fractional picosecond laser pr","Draft conclusion: this record can inform Energy Devices, Peels, and Resurfacing but requires full-text review before public claims.",中文草稿结论：该记录可作为「医美能量设备和换肤类干预」的候选证据，但正式结论需要全文复核。,C,abstract_plus_open_pmc_available,可支持：将该记录作为「医美能量设备和换肤类干预」的候选证据，并按 S1 皮肤终点继续复核。,不支持：不能据此声称逆龄、延寿、替代治疗，或给出产品/剂量/疗程建议。,必须由合格专业人员评估；不提供设备、参数或疗程建议。,true,medium,public_draft_not_fully_reviewed,2026-04-28,https://pubmed.ncbi.nlm.nih.gov/36658259/,v0.5_GRADE_RoB_AMSTAR_bibliometrics_venue,14,15,9,10,6,-3,52,4,NIH_iCite_RCR; OpenAlex_cited_by_count,RCR=NA; cited_by=3,JCR IF not auto-imported; journal-level IF is intentionally separated from article-level citation signals.,https://openalex.org/W2908301945,3,,domain_screen,not_assessed_public_draft,not_applicable,possible,possible,max_level_A,C,v0.5 综合评分：研究设计、终点价值、人类相关性、来源深度、RCR/OpenAlex 引用信号、发表地/期刊层级和风险扣分；期刊层级 C_indexed_or_identified 加 1 分；当前上限规则为 max_level_A，最终等级 C。,"v0.5 hybrid score using design, endpoint value, human relevance, source depth, RCR/OpenAlex signals, publication venue tier, and risk adjustments; venue tier C_indexed_or_identified adds 1; cap rule max_level_A; final level C.",C_indexed_or_identified,1,"Indexed or DOI/PMID-identifiable venue, but not in the curated high-weight venue list."
skin-energy-devices-resurfacing-006,pubmed-28690124,28690124,10.1016/j.bjps.2017.06.006,PubMed,energy-devices-resurfacing,医美能量设备和换肤类干预,"Energy Devices, Peels, and Resurfacing",Microneedling: Where do we stand now? A systematic review of the literature.,,2018,"Journal of plastic, reconstructive & aesthetic surgery : JPRAS",systematic_review_or_meta_analysis,procedure_or_device,S1,"wrinkle, acne","Patients who suffer from scars or wrinkles have several therapeutic options to improve the appearance of their skin. The available treatment modalities that provide desirable results are often overtly invasive and entail a risk of undesirable adverse effects. Microneedling has recently emerged as a non-ablative alternative for treating patients who are concerned with the aesthetic changes that result from injury, disease or ageing. This review aims to evaluate the current evidence in the literature on microneedling. A systematic literature review was performed by searching the electronic databases PubMed and Google Scholar. The reviewed articles were analysed and compared on study design, treatment protocol, outcome parameters, efficacy measurement and results to evaluate the strength of the current evidence. Microneedling was investigated in experimental settings for its effects on atro","中文草稿：该记录属于「医美能量设备和换肤类干预」主题，当前抽取到的英文摘要/题录结果为：Patients who suffer from scars or wrinkles have several therapeutic options to improve the appearance of their skin. The available treatment modalities that provide desirable results are often overtly invasive and entail a risk of undesirable adverse effects. Microneedling has recently emerged as a non-ablative alternative for treating patients who are concerned with the aesthetic changes that result from injury, dis","Draft conclusion: this record can inform Energy Devices, Peels, and Resurfacing but requires full-text review before public claims.",中文草稿结论：该记录可作为「医美能量设备和换肤类干预」的候选证据，但正式结论需要全文复核。,A,abstract_only,可支持：将该记录作为「医美能量设备和换肤类干预」的候选证据，并按 S1 皮肤终点继续复核。,不支持：不能据此声称逆龄、延寿、替代治疗，或给出产品/剂量/疗程建议。,必须由合格专业人员评估；不提供设备、参数或疗程建议。,true,medium,public_draft_not_fully_reviewed,2026-04-28,https://pubmed.ncbi.nlm.nih.gov/28690124/,v0.5_GRADE_RoB_AMSTAR_bibliometrics_venue,34,15,9,7,10,-7,69,14,NIH_iCite_RCR; OpenAlex_cited_by_count,RCR=NA; cited_by=146,JCR IF not auto-imported; journal-level IF is intentionally separated from article-level citation signals.,https://openalex.org/W2626293430,146,,AMSTAR 2,not_assessed_public_draft,not_assessed_public_draft,possible,possible,max_level_B,B,v0.5 综合评分：研究设计、终点价值、人类相关性、来源深度、RCR/OpenAlex 引用信号、发表地/期刊层级和风险扣分；期刊层级 C_indexed_or_identified 加 1 分；当前上限规则为 max_level_B，最终等级 B。,"v0.5 hybrid score using design, endpoint value, human relevance, source depth, RCR/OpenAlex signals, publication venue tier, and risk adjustments; venue tier C_indexed_or_identified adds 1; cap rule max_level_B; final level B.",C_indexed_or_identified,1,"Indexed or DOI/PMID-identifiable venue, but not in the curated high-weight venue list."
skin-energy-devices-resurfacing-007,pubmed-29636145,29636145,10.1016/j.fsc.2017.12.002,PubMed,energy-devices-resurfacing,医美能量设备和换肤类干预,"Energy Devices, Peels, and Resurfacing",Contemporary Laser and Light-Based Rejuvenation Techniques.,,2018,Facial plastic surgery clinics of North America,review,procedure_or_device,M,skin aging endpoint pending review,"Laser and light skin rejuvenation have changed dramatically in the last 10 years. CO2 and erbium:YAG remain the main wavelengths, but fractional, nonablative, and combination devices have been added. For those patients with lighter skin types and extensive photodamage and rhytids, full-field ablative laser resurfacing remains the procedure of choice. For those seeking less downtime and risks, fractional devices offer an excellent and growing alternative, although multiple treatments may be required for optimal results. A new generation of hybrid and nonablative devices offers many advantages, yet many of these results may be duplicated with well-proven intense pulsed light.","中文草稿：该记录属于「医美能量设备和换肤类干预」主题，当前抽取到的英文摘要/题录结果为：Laser and light skin rejuvenation have changed dramatically in the last 10 years. CO2 and erbium:YAG remain the main wavelengths, but fractional, nonablative, and combination devices have been added. For those patients with lighter skin types and extensive photodamage and rhytids, full-field ablative laser resurfacing remains the procedure of choice. For those seeking less downtime and risks, fractional devices offer","Draft conclusion: this record can inform Energy Devices, Peels, and Resurfacing but requires full-text review before public claims.",中文草稿结论：该记录可作为「医美能量设备和换肤类干预」的候选证据，但正式结论需要全文复核。,D,abstract_only,可支持：将该记录作为「医美能量设备和换肤类干预」的候选证据，并按 M 皮肤终点继续复核。,不支持：不能据此声称逆龄、延寿、替代治疗，或给出产品/剂量/疗程建议。,必须由合格专业人员评估；不提供设备、参数或疗程建议。,true,medium,public_draft_not_fully_reviewed,2026-04-28,https://pubmed.ncbi.nlm.nih.gov/29636145/,v0.5_GRADE_RoB_AMSTAR_bibliometrics_venue,14,5,9,7,6,-7,35,8,NIH_iCite_RCR; OpenAlex_cited_by_count,RCR=NA; cited_by=17,JCR IF not auto-imported; journal-level IF is intentionally separated from article-level citation signals.,https://openalex.org/W2796287325,17,,domain_screen,not_assessed_public_draft,not_applicable,possible,possible,max_level_D,D,v0.5 综合评分：研究设计、终点价值、人类相关性、来源深度、RCR/OpenAlex 引用信号、发表地/期刊层级和风险扣分；期刊层级 C_indexed_or_identified 加 1 分；当前上限规则为 max_level_D，最终等级 D。,"v0.5 hybrid score using design, endpoint value, human relevance, source depth, RCR/OpenAlex signals, publication venue tier, and risk adjustments; venue tier C_indexed_or_identified adds 1; cap rule max_level_D; final level D.",C_indexed_or_identified,1,"Indexed or DOI/PMID-identifiable venue, but not in the curated high-weight venue list."
skin-energy-devices-resurfacing-008,pubmed-39731267,39731267,10.3791/66015,PubMed,energy-devices-resurfacing,医美能量设备和换肤类干预,"Energy Devices, Peels, and Resurfacing",Review of Applications of Microneedling in Melasma.,,2025,Journal of cosmetic dermatology,review,procedure_or_device,S1,"pigmentation, photoaging","Melasma, a common skin pigmentation disease, can negatively impact patients' mental health, social interactions, and physical appearance. Although we now have several treatments accessible, such as medicines, chemical peels, and phototherapy, which can help ease symptoms to some extent, the requirement for a long-term effective and safe treatment for patients is far from met. In the face of this problem, microneedling, as an innovative treatment, provides a new avenue for treating melasma. Although microneedling has been extensively investigated for treating other skin issues such as inflammation, scarring, and photoaging, research into its use in melasma treatment is still in its early stages. This study aimed to gather and assess clinical information on microneedling's effectiveness in treating melasma, covering research gaps and serving as a beneficial reference for clinical therapy. ","中文草稿：该记录属于「医美能量设备和换肤类干预」主题，当前抽取到的英文摘要/题录结果为：Melasma, a common skin pigmentation disease, can negatively impact patients' mental health, social interactions, and physical appearance. Although we now have several treatments accessible, such as medicines, chemical peels, and phototherapy, which can help ease symptoms to some extent, the requirement for a long-term effective and safe treatment for patients is far from met. In the face of this problem, microneedlin","Draft conclusion: this record can inform Energy Devices, Peels, and Resurfacing but requires full-text review before public claims.",中文草稿结论：该记录可作为「医美能量设备和换肤类干预」的候选证据，但正式结论需要全文复核。,C,abstract_plus_open_pmc_available,可支持：将该记录作为「医美能量设备和换肤类干预」的候选证据，并按 S1 皮肤终点继续复核。,不支持：不能据此声称逆龄、延寿、替代治疗，或给出产品/剂量/疗程建议。,必须由合格专业人员评估；不提供设备、参数或疗程建议。,true,medium,public_draft_not_fully_reviewed,2026-04-28,https://pubmed.ncbi.nlm.nih.gov/39731267/,v0.5_GRADE_RoB_AMSTAR_bibliometrics_venue,14,15,9,10,6,-3,52,3,NIH_iCite_RCR; OpenAlex_cited_by_count,RCR=NA; cited_by=2,JCR IF not auto-imported; journal-level IF is intentionally separated from article-level citation signals.,https://openalex.org/W4391042779,2,,domain_screen,not_assessed_public_draft,not_applicable,possible,possible,max_level_A,C,v0.5 综合评分：研究设计、终点价值、人类相关性、来源深度、RCR/OpenAlex 引用信号、发表地/期刊层级和风险扣分；期刊层级 C_indexed_or_identified 加 1 分；当前上限规则为 max_level_A，最终等级 C。,"v0.5 hybrid score using design, endpoint value, human relevance, source depth, RCR/OpenAlex signals, publication venue tier, and risk adjustments; venue tier C_indexed_or_identified adds 1; cap rule max_level_A; final level C.",C_indexed_or_identified,1,"Indexed or DOI/PMID-identifiable venue, but not in the curated high-weight venue list."
skin-energy-devices-resurfacing-009,pubmed-17471124,17471124,10.1097/01.sap.0000250826.59007.8e,PubMed,energy-devices-resurfacing,医美能量设备和换肤类干预,"Energy Devices, Peels, and Resurfacing",Fraxel skin resurfacing.,,2007,Annals of plastic surgery,human_or_mixed_observational,procedure_or_device,S1,"wrinkle, pigmentation, erythema","Fractional photothermolysis is a new skin resurfacing laser technology for treating wrinkles, melanocytic pigmentation, scars, and photodamaged skin. Treatment with the Fraxel laser (Reliant Technologies, Inc.) creates microzones of injury in the skin that are surrounded by normal intervening skin that rapidly heals the injured tissue. From June to November of 2005, 70 patients underwent 2 to 6 treatments with the Fraxel laser (Reliant Technologies, Inc.) on the face and/or extremities for abnormal pigmentation, wrinkles, and scars. Treatments were 1 to 3 weeks apart. Clinically, the patient experienced little downtime other than erythema and edema for a few days followed by light skin exfoliation for a few days. After treatment, skin color and texture were more homogeneous with a decrease in the unwanted melanocytic pigmentation. The skin showed a decrease in rhytids. In summary, fracti","中文草稿：该记录属于「医美能量设备和换肤类干预」主题，当前抽取到的英文摘要/题录结果为：Fractional photothermolysis is a new skin resurfacing laser technology for treating wrinkles, melanocytic pigmentation, scars, and photodamaged skin. Treatment with the Fraxel laser (Reliant Technologies, Inc.) creates microzones of injury in the skin that are surrounded by normal intervening skin that rapidly heals the injured tissue. From June to November of 2005, 70 patients underwent 2 to 6 treatments with the Fr","Draft conclusion: this record can inform Energy Devices, Peels, and Resurfacing but requires full-text review before public claims.",中文草稿结论：该记录可作为「医美能量设备和换肤类干预」的候选证据，但正式结论需要全文复核。,C,abstract_only,可支持：将该记录作为「医美能量设备和换肤类干预」的候选证据，并按 S1 皮肤终点继续复核。,不支持：不能据此声称逆龄、延寿、替代治疗，或给出产品/剂量/疗程建议。,必须由合格专业人员评估；不提供设备、参数或疗程建议。,true,medium,public_draft_not_fully_reviewed,2026-04-28,https://pubmed.ncbi.nlm.nih.gov/17471124/,v0.5_GRADE_RoB_AMSTAR_bibliometrics_venue,18,15,15,7,8,-7,57,10,NIH_iCite_RCR; OpenAlex_cited_by_count,RCR=NA; cited_by=29,JCR IF not auto-imported; journal-level IF is intentionally separated from article-level citation signals.,https://openalex.org/W1969344882,29,,ROBINS-I,not_assessed_public_draft,not_applicable,possible,possible,max_level_A,C,v0.5 综合评分：研究设计、终点价值、人类相关性、来源深度、RCR/OpenAlex 引用信号、发表地/期刊层级和风险扣分；期刊层级 C_indexed_or_identified 加 1 分；当前上限规则为 max_level_A，最终等级 C。,"v0.5 hybrid score using design, endpoint value, human relevance, source depth, RCR/OpenAlex signals, publication venue tier, and risk adjustments; venue tier C_indexed_or_identified adds 1; cap rule max_level_A; final level C.",C_indexed_or_identified,1,"Indexed or DOI/PMID-identifiable venue, but not in the curated high-weight venue list."
skin-energy-devices-resurfacing-010,pubmed-38200171,38200171,10.1016/j.jaad.2009.10.051,PubMed,energy-devices-resurfacing,医美能量设备和换肤类干预,"Energy Devices, Peels, and Resurfacing",Targeting the dermis for melasma maintenance treatment.,,2024,Scientific reports,randomized_or_clinical_trial,procedure_or_device,S1,photoaging,"Melasma relapse is almost common after discontinuation of conventional treatment. Recent studies suggesting that photoaging dermis is the main pathomechanism of melasma, emphasize the dermal targeting therapy. We investigated maintenance effect of microneedling radiofrequency (RF) for melasma treatment. Subjects with melasma were administered oral tranexamic acid and triple combination cream for 2 months and a randomly assigned half face was treated with RF. After discontinuation of conventional therapy, the half face RF continued monthly over 6 months. Modified melasma area severity index (mMASI) score and L* value by a chromameter were collected monthly. Fifteen subjects were enrolled and eleven completed the 8-month study. At 2nd month of conventional therapy, all subjects showed improvement with a 64% reduction in mMASI score. With continuous RF treatment, the improvement was well ma","中文草稿：该记录属于「医美能量设备和换肤类干预」主题，当前抽取到的英文摘要/题录结果为：Melasma relapse is almost common after discontinuation of conventional treatment. Recent studies suggesting that photoaging dermis is the main pathomechanism of melasma, emphasize the dermal targeting therapy. We investigated maintenance effect of microneedling radiofrequency (RF) for melasma treatment. Subjects with melasma were administered oral tranexamic acid and triple combination cream for 2 months and a random","Draft conclusion: this record can inform Energy Devices, Peels, and Resurfacing but requires full-text review before public claims.",中文草稿结论：该记录可作为「医美能量设备和换肤类干预」的候选证据，但正式结论需要全文复核。,B,abstract_plus_open_pmc_available,可支持：将该记录作为「医美能量设备和换肤类干预」的候选证据，并按 S1 皮肤终点继续复核。,不支持：不能据此声称逆龄、延寿、替代治疗，或给出产品/剂量/疗程建议。,必须由合格专业人员评估；不提供设备、参数或疗程建议。,true,medium,public_draft_not_fully_reviewed,2026-04-28,https://pubmed.ncbi.nlm.nih.gov/38200171/,v0.5_GRADE_RoB_AMSTAR_bibliometrics_venue,29,15,15,10,10,-3,80,15,NIH_iCite_RCR; OpenAlex_cited_by_count,RCR=NA; cited_by=319,JCR IF not auto-imported; journal-level IF is intentionally separated from article-level citation signals.,https://openalex.org/W1981757494,319,,Cochrane RoB 2,not_assessed_public_draft,not_applicable,possible,possible,max_level_A,B,v0.5 综合评分：研究设计、终点价值、人类相关性、来源深度、RCR/OpenAlex 引用信号、发表地/期刊层级和风险扣分；期刊层级 B_reputable_specialty_or_broad 加 4 分；当前上限规则为 max_level_A，最终等级 B。,"v0.5 hybrid score using design, endpoint value, human relevance, source depth, RCR/OpenAlex signals, publication venue tier, and risk adjustments; venue tier B_reputable_specialty_or_broad adds 4; cap rule max_level_A; final level B.",B_reputable_specialty_or_broad,4,"Indexed specialty or broad journal commonly seen in the atlas. Useful signal, but article-level quality still decides."
skin-energy-devices-resurfacing-011,pubmed-31189197,31189197,10.1055/s-0039-1688846,PubMed,energy-devices-resurfacing,医美能量设备和换肤类干预,"Energy Devices, Peels, and Resurfacing",Diode Laser and Fractional Laser Innovations.,,2019,Facial plastic surgery : FPS,human_or_mixed_observational,procedure_or_device,S1,"photoaging, acne","Laser technology continues to increase in popularity and expand treatment options for patients with common but challenging skin conditions including facial telangiectasias, facial aging, striae distensae, and acne scars. Facial telangiectasias have been estimated to occur in tens of millions of people worldwide. The 585-nm laser was the first to follow the principle of selective photothermolysis for the treatment of cutaneous vascular lesions, but it caused significant postoperative purpura. Newer diode lasers target superficial and deep telangiectasias without the side effects of the 585-nm laser. Ablative resurfacing was introduced in the 1990s with the carbon dioxide laser to address facial rhytids and photoaging. While effective, the risks and downtime were significant. The newest fractionated nonablative lasers are demonstrating impressive results, with decreased risks and downtime.","中文草稿：该记录属于「医美能量设备和换肤类干预」主题，当前抽取到的英文摘要/题录结果为：Laser technology continues to increase in popularity and expand treatment options for patients with common but challenging skin conditions including facial telangiectasias, facial aging, striae distensae, and acne scars. Facial telangiectasias have been estimated to occur in tens of millions of people worldwide. The 585-nm laser was the first to follow the principle of selective photothermolysis for the treatment of ","Draft conclusion: this record can inform Energy Devices, Peels, and Resurfacing but requires full-text review before public claims.",中文草稿结论：该记录可作为「医美能量设备和换肤类干预」的候选证据，但正式结论需要全文复核。,C,abstract_only,可支持：将该记录作为「医美能量设备和换肤类干预」的候选证据，并按 S1 皮肤终点继续复核。,不支持：不能据此声称逆龄、延寿、替代治疗，或给出产品/剂量/疗程建议。,必须由合格专业人员评估；不提供设备、参数或疗程建议。,true,medium,public_draft_not_fully_reviewed,2026-04-28,https://pubmed.ncbi.nlm.nih.gov/31189197/,v0.5_GRADE_RoB_AMSTAR_bibliometrics_venue,18,15,15,7,6,-7,55,8,NIH_iCite_RCR; OpenAlex_cited_by_count,RCR=NA; cited_by=16,JCR IF not auto-imported; journal-level IF is intentionally separated from article-level citation signals.,https://openalex.org/W2951398786,16,,ROBINS-I,not_assessed_public_draft,not_applicable,possible,possible,max_level_A,C,v0.5 综合评分：研究设计、终点价值、人类相关性、来源深度、RCR/OpenAlex 引用信号、发表地/期刊层级和风险扣分；期刊层级 C_indexed_or_identified 加 1 分；当前上限规则为 max_level_A，最终等级 C。,"v0.5 hybrid score using design, endpoint value, human relevance, source depth, RCR/OpenAlex signals, publication venue tier, and risk adjustments; venue tier C_indexed_or_identified adds 1; cap rule max_level_A; final level C.",C_indexed_or_identified,1,"Indexed or DOI/PMID-identifiable venue, but not in the curated high-weight venue list."
skin-energy-devices-resurfacing-012,pubmed-41101077,41101077,10.1016/j.phymed.2025.157360,PubMed,energy-devices-resurfacing,医美能量设备和换肤类干预,"Energy Devices, Peels, and Resurfacing",Bazi Bushen capsule alleviates skin photoaging by targeting the KEAP1-NRF2 pathway.,,2025,Phytomedicine : international journal of phytotherapy and phytopharmacology,preclinical_or_mechanistic,procedure_or_device,S2,photoaging,"Photoaging is a prevalent and multifaceted form of exogenous skin aging. A comprehensive approach to preventing photoaging may yield greater benefits compared to a single intervention. This study aimed to investigate the pharmacological effects and underlying mechanism of the compound medicine Bazi Bushen (BZBS) capsule in combating skin photoaging. Experiments were conducted to verify the therapeutic effect of BZBS in treating skin photoaging. Potential compounds and targets were screened through network pharmacology analysis and validated using both in vitro and in vivo experiments. Laser Doppler flow imaging, histopathological examination, biochemical evaluation, western blot (WB), real-time reverse transcription-polymerase chain reaction (RT-qPCR) and immunofluorescence staining were employed to evaluate the therapeutic effects of BZBS in photoaging mice. Network pharmacology analysi",中文草稿：该记录属于「医美能量设备和换肤类干预」主题，当前抽取到的英文摘要/题录结果为：Photoaging is a prevalent and multifaceted form of exogenous skin aging. A comprehensive approach to preventing photoaging may yield greater benefits compared to a single intervention. This study aimed to investigate the pharmacological effects and underlying mechanism of the compound medicine Bazi Bushen (BZBS) capsule in combating skin photoaging. Experiments were conducted to verify the therapeutic effect of BZBS ,"Draft conclusion: this record can inform Energy Devices, Peels, and Resurfacing but requires full-text review before public claims.",中文草稿结论：该记录可作为「医美能量设备和换肤类干预」的候选证据，但正式结论需要全文复核。,D,abstract_only,可支持：将该记录作为「医美能量设备和换肤类干预」的候选证据，并按 S2 皮肤终点继续复核。,不支持：不能据此声称逆龄、延寿、替代治疗，或给出产品/剂量/疗程建议。,必须由合格专业人员评估；不提供设备、参数或疗程建议。,true,medium,public_draft_not_fully_reviewed,2026-04-28,https://pubmed.ncbi.nlm.nih.gov/41101077/,v0.5_GRADE_RoB_AMSTAR_bibliometrics_venue,11,8,15,7,6,-7,44,4,NIH_iCite_RCR; OpenAlex_cited_by_count,RCR=NA; cited_by=3,JCR IF not auto-imported; journal-level IF is intentionally separated from article-level citation signals.,https://openalex.org/W4414801836,3,,Cochrane RoB 2,not_assessed_public_draft,not_applicable,possible,possible,max_level_D,D,v0.5 综合评分：研究设计、终点价值、人类相关性、来源深度、RCR/OpenAlex 引用信号、发表地/期刊层级和风险扣分；期刊层级 B_reputable_specialty_or_broad 加 4 分；当前上限规则为 max_level_D，最终等级 D。,"v0.5 hybrid score using design, endpoint value, human relevance, source depth, RCR/OpenAlex signals, publication venue tier, and risk adjustments; venue tier B_reputable_specialty_or_broad adds 4; cap rule max_level_D; final level D.",B_reputable_specialty_or_broad,4,"Indexed specialty or broad journal commonly seen in the atlas. Useful signal, but article-level quality still decides."
skin-energy-devices-resurfacing-013,pubmed-40542236,40542236,10.1111/dth.14000,PubMed,energy-devices-resurfacing,医美能量设备和换肤类干预,"Energy Devices, Peels, and Resurfacing",Microneedling for Facial Rejuvenation: A Systematic Review.,,2025,Aesthetic plastic surgery,systematic_review_or_meta_analysis,procedure_or_device,S1,"photoaging, erythema","Microneedling (MN) has risen in popularity as a non-surgical treatment option for facial skin aging. We aimed to evaluate patient-reported outcomes (PROMs) and safety profiles associated with MN. A systematic review was conducted adhering to PRISMA guidelines. Articles were screened for relevance in a two-stage process. Descriptive statistics and a proportion meta-analysis was utilized for patient satisfaction using Stata statistical software. Of 346 studies identified, a total of 21 articles reporting outcomes of 723 patients undergoing MN for facial rejuvenation were included for review and meta-analysis. The patient cohort was majority female (72%), and the average age was 48 years. The most common esthetic study endpoints were wrinkling (71%, 15/21), skin texture (33%, 7/21), photoaging (29%, 6/21), and skin laxity (14%, 3/21). The majority of trials (90%, 19/21) treated patients wit",中文草稿：该记录属于「医美能量设备和换肤类干预」主题，当前抽取到的英文摘要/题录结果为：Microneedling (MN) has risen in popularity as a non-surgical treatment option for facial skin aging. We aimed to evaluate patient-reported outcomes (PROMs) and safety profiles associated with MN. A systematic review was conducted adhering to PRISMA guidelines. Articles were screened for relevance in a two-stage process. Descriptive statistics and a proportion meta-analysis was utilized for patient satisfaction using ,"Draft conclusion: this record can inform Energy Devices, Peels, and Resurfacing but requires full-text review before public claims.",中文草稿结论：该记录可作为「医美能量设备和换肤类干预」的候选证据，但正式结论需要全文复核。,A,abstract_plus_open_pmc_available,可支持：将该记录作为「医美能量设备和换肤类干预」的候选证据，并按 S1 皮肤终点继续复核。,不支持：不能据此声称逆龄、延寿、替代治疗，或给出产品/剂量/疗程建议。,必须由合格专业人员评估；不提供设备、参数或疗程建议。,true,medium,public_draft_not_fully_reviewed,2026-04-28,https://pubmed.ncbi.nlm.nih.gov/40542236/,v0.5_GRADE_RoB_AMSTAR_bibliometrics_venue,34,15,9,10,8,-3,74,9,NIH_iCite_RCR; OpenAlex_cited_by_count,RCR=NA; cited_by=26,JCR IF not auto-imported; journal-level IF is intentionally separated from article-level citation signals.,https://openalex.org/W3041832405,26,,AMSTAR 2,not_assessed_public_draft,not_assessed_public_draft,possible,possible,max_level_B,B,v0.5 综合评分：研究设计、终点价值、人类相关性、来源深度、RCR/OpenAlex 引用信号、发表地/期刊层级和风险扣分；期刊层级 C_indexed_or_identified 加 1 分；当前上限规则为 max_level_B，最终等级 B。,"v0.5 hybrid score using design, endpoint value, human relevance, source depth, RCR/OpenAlex signals, publication venue tier, and risk adjustments; venue tier C_indexed_or_identified adds 1; cap rule max_level_B; final level B.",C_indexed_or_identified,1,"Indexed or DOI/PMID-identifiable venue, but not in the curated high-weight venue list."
skin-energy-devices-resurfacing-014,pubmed-27931952,27931952,10.1016/j.ad.2016.09.014,PubMed,energy-devices-resurfacing,医美能量设备和换肤类干预,"Energy Devices, Peels, and Resurfacing",Chemical Peeling: A Useful Tool in the Office.,,2017,Actas dermo-sifiliograficas,review,procedure_or_device,M,skin aging endpoint pending review,"Chemical peeling is a common treatment in cosmetic dermatology. A peel that has been used for many years is trichloroacetic acid. Its adverse effects have for a long time been a major limitation. We present a practical review of the characteristics, mechanisms of action, indications, and complications of superficial chemical peels and of peeling with trichloroacetic acid.","中文草稿：该记录属于「医美能量设备和换肤类干预」主题，当前抽取到的英文摘要/题录结果为：Chemical peeling is a common treatment in cosmetic dermatology. A peel that has been used for many years is trichloroacetic acid. Its adverse effects have for a long time been a major limitation. We present a practical review of the characteristics, mechanisms of action, indications, and complications of superficial chemical peels and of peeling with trichloroacetic acid.","Draft conclusion: this record can inform Energy Devices, Peels, and Resurfacing but requires full-text review before public claims.",中文草稿结论：该记录可作为「医美能量设备和换肤类干预」的候选证据，但正式结论需要全文复核。,D,abstract_only,可支持：将该记录作为「医美能量设备和换肤类干预」的候选证据，并按 M 皮肤终点继续复核。,不支持：不能据此声称逆龄、延寿、替代治疗，或给出产品/剂量/疗程建议。,必须由合格专业人员评估；不提供设备、参数或疗程建议。,true,medium,public_draft_not_fully_reviewed,2026-04-28,https://pubmed.ncbi.nlm.nih.gov/27931952/,v0.5_GRADE_RoB_AMSTAR_bibliometrics_venue,14,5,9,7,8,-7,37,10,NIH_iCite_RCR; OpenAlex_cited_by_count,RCR=NA; cited_by=28,JCR IF not auto-imported; journal-level IF is intentionally separated from article-level citation signals.,https://openalex.org/W2560019571,28,,domain_screen,not_assessed_public_draft,not_applicable,possible,possible,max_level_D,D,v0.5 综合评分：研究设计、终点价值、人类相关性、来源深度、RCR/OpenAlex 引用信号、发表地/期刊层级和风险扣分；期刊层级 C_indexed_or_identified 加 1 分；当前上限规则为 max_level_D，最终等级 D。,"v0.5 hybrid score using design, endpoint value, human relevance, source depth, RCR/OpenAlex signals, publication venue tier, and risk adjustments; venue tier C_indexed_or_identified adds 1; cap rule max_level_D; final level D.",C_indexed_or_identified,1,"Indexed or DOI/PMID-identifiable venue, but not in the curated high-weight venue list."
skin-energy-devices-resurfacing-015,pubmed-8948536,8948536,10.1016/s1085-5629(96)80009-5,PubMed,energy-devices-resurfacing,医美能量设备和换肤类干预,"Energy Devices, Peels, and Resurfacing",Laser skin resurfacing.,,1996,Seminars in cutaneous medicine and surgery,review,procedure_or_device,S1,photoaging,"There has always been interest in looking younger, but recently there seems to have been an explosion of public interest in facial rejuvenation. Physicians have been treating photodamaged skin for many years by removing the epidermis and a variable thickness of dermis with dermabrasion or chemical peels, with the expectation that reepithialization and collagen remodeling will result in a more youthful appearance. With the recent development of short-pulsed high-peak power and rapidly scanned carbon dioxide (CO2) lasers, the ability to remove photodamaged skin in a precise and reproducible manner while leaving behind a narrow zone of thermal damage has been achieved. This development has generated tremendous interest in laser skin resurfacing as a technique to reverse photoaging.","中文草稿：该记录属于「医美能量设备和换肤类干预」主题，当前抽取到的英文摘要/题录结果为：There has always been interest in looking younger, but recently there seems to have been an explosion of public interest in facial rejuvenation. Physicians have been treating photodamaged skin for many years by removing the epidermis and a variable thickness of dermis with dermabrasion or chemical peels, with the expectation that reepithialization and collagen remodeling will result in a more youthful appearance. Wit","Draft conclusion: this record can inform Energy Devices, Peels, and Resurfacing but requires full-text review before public claims.",中文草稿结论：该记录可作为「医美能量设备和换肤类干预」的候选证据，但正式结论需要全文复核。,C,abstract_only,可支持：将该记录作为「医美能量设备和换肤类干预」的候选证据，并按 S1 皮肤终点继续复核。,不支持：不能据此声称逆龄、延寿、替代治疗，或给出产品/剂量/疗程建议。,必须由合格专业人员评估；不提供设备、参数或疗程建议。,true,medium,public_draft_not_fully_reviewed,2026-04-28,https://pubmed.ncbi.nlm.nih.gov/8948536/,v0.5_GRADE_RoB_AMSTAR_bibliometrics_venue,14,15,9,7,8,-7,50,11,NIH_iCite_RCR; OpenAlex_cited_by_count,RCR=NA; cited_by=42,JCR IF not auto-imported; journal-level IF is intentionally separated from article-level citation signals.,https://openalex.org/W2047879422,42,,domain_screen,not_assessed_public_draft,not_applicable,possible,possible,max_level_A,C,v0.5 综合评分：研究设计、终点价值、人类相关性、来源深度、RCR/OpenAlex 引用信号、发表地/期刊层级和风险扣分；期刊层级 B_reputable_specialty_or_broad 加 4 分；当前上限规则为 max_level_A，最终等级 C。,"v0.5 hybrid score using design, endpoint value, human relevance, source depth, RCR/OpenAlex signals, publication venue tier, and risk adjustments; venue tier B_reputable_specialty_or_broad adds 4; cap rule max_level_A; final level C.",B_reputable_specialty_or_broad,4,"Indexed specialty or broad journal commonly seen in the atlas. Useful signal, but article-level quality still decides."
skin-energy-devices-resurfacing-016,pubmed-26566571,26566571,10.12788/j.sder.2015.0172,PubMed,energy-devices-resurfacing,医美能量设备和换肤类干预,"Energy Devices, Peels, and Resurfacing",Hand rejuvenation.,,2015,Seminars in cutaneous medicine and surgery,review,procedure_or_device,S1,photoaging,"Aging of the hands results from both natural processes and chronic ultraviolet light exposure. Together, these cause textural and pigmentary changes, excess skin laxity, rhytides, and soft tissue atrophy that presents as prominent bones and tendons with easily visible veins. Many options are available for the reversal of these changes. Photoaging can be improved with chemical peels and light-based treatments (such as Q-switched lasers), resurfacing lasers, intense pulsed light, and photodynamic therapy. Soft tissue atrophy can be corrected with autologous fat, nonanimal stabilized hyaluronic acid, calcium hydroxylapatite, and poly-L lactic acid injections. The literature shows that these treatments have favorable outcomes for most patients; but in order to reduce known complications, it is important to understand the proper use and limitations of each modality.","中文草稿：该记录属于「医美能量设备和换肤类干预」主题，当前抽取到的英文摘要/题录结果为：Aging of the hands results from both natural processes and chronic ultraviolet light exposure. Together, these cause textural and pigmentary changes, excess skin laxity, rhytides, and soft tissue atrophy that presents as prominent bones and tendons with easily visible veins. Many options are available for the reversal of these changes. Photoaging can be improved with chemical peels and light-based treatments (such as","Draft conclusion: this record can inform Energy Devices, Peels, and Resurfacing but requires full-text review before public claims.",中文草稿结论：该记录可作为「医美能量设备和换肤类干预」的候选证据，但正式结论需要全文复核。,C,abstract_only,可支持：将该记录作为「医美能量设备和换肤类干预」的候选证据，并按 S1 皮肤终点继续复核。,不支持：不能据此声称逆龄、延寿、替代治疗，或给出产品/剂量/疗程建议。,必须由合格专业人员评估；不提供设备、参数或疗程建议。,true,medium,public_draft_not_fully_reviewed,2026-04-28,https://pubmed.ncbi.nlm.nih.gov/26566571/,v0.5_GRADE_RoB_AMSTAR_bibliometrics_venue,14,15,9,7,6,-7,48,8,NIH_iCite_RCR; OpenAlex_cited_by_count,RCR=NA; cited_by=15,JCR IF not auto-imported; journal-level IF is intentionally separated from article-level citation signals.,https://openalex.org/W4239216666,15,,domain_screen,not_assessed_public_draft,not_applicable,possible,possible,max_level_A,C,v0.5 综合评分：研究设计、终点价值、人类相关性、来源深度、RCR/OpenAlex 引用信号、发表地/期刊层级和风险扣分；期刊层级 B_reputable_specialty_or_broad 加 4 分；当前上限规则为 max_level_A，最终等级 C。,"v0.5 hybrid score using design, endpoint value, human relevance, source depth, RCR/OpenAlex signals, publication venue tier, and risk adjustments; venue tier B_reputable_specialty_or_broad adds 4; cap rule max_level_A; final level C.",B_reputable_specialty_or_broad,4,"Indexed specialty or broad journal commonly seen in the atlas. Useful signal, but article-level quality still decides."
skin-energy-devices-resurfacing-017,pubmed-11599402,11599402,10.1016/s0733-8635(05)70286-2,PubMed,energy-devices-resurfacing,医美能量设备和换肤类干预,"Energy Devices, Peels, and Resurfacing",Erbium:YAG cutaneous laser resurfacing.,,2001,Dermatologic clinics,review,procedure_or_device,S1,photoaging,"The short-pulsed Er:YAG laser system is an excellent ablative tool for cutaneous resurfacing. This system is most efficacious for patients with milder cutaneous involvement, including mild photoinduced facial rhytides, mildly atrophic scars, and textural changes caused by fibrosis and dermatochalasis. The Er:YAG laser cannot achieve the same dramatic clinical and histologic improvements produced with the CO2 laser but does offer some distinct advantages that make it a valuable addition to the laser surgeon's armamentarium. The Er:YAG laser, because of its higher affinity for water-containing tissues, effects a much finer level of tissue ablation. Although erbium laser resurfacing results in decreased postoperative morbidity with a shorter recovery period, it cannot effect the same degree of improvement in photodamaged skin as can the CO2 laser. Excellent results, however, can be achieved","中文草稿：该记录属于「医美能量设备和换肤类干预」主题，当前抽取到的英文摘要/题录结果为：The short-pulsed Er:YAG laser system is an excellent ablative tool for cutaneous resurfacing. This system is most efficacious for patients with milder cutaneous involvement, including mild photoinduced facial rhytides, mildly atrophic scars, and textural changes caused by fibrosis and dermatochalasis. The Er:YAG laser cannot achieve the same dramatic clinical and histologic improvements produced with the CO2 laser bu","Draft conclusion: this record can inform Energy Devices, Peels, and Resurfacing but requires full-text review before public claims.",中文草稿结论：该记录可作为「医美能量设备和换肤类干预」的候选证据，但正式结论需要全文复核。,C,abstract_only,可支持：将该记录作为「医美能量设备和换肤类干预」的候选证据，并按 S1 皮肤终点继续复核。,不支持：不能据此声称逆龄、延寿、替代治疗，或给出产品/剂量/疗程建议。,必须由合格专业人员评估；不提供设备、参数或疗程建议。,true,medium,public_draft_not_fully_reviewed,2026-04-28,https://pubmed.ncbi.nlm.nih.gov/11599402/,v0.5_GRADE_RoB_AMSTAR_bibliometrics_venue,14,15,9,7,10,-7,49,14,NIH_iCite_RCR; OpenAlex_cited_by_count,RCR=NA; cited_by=114,JCR IF not auto-imported; journal-level IF is intentionally separated from article-level citation signals.,https://openalex.org/W2164794738,114,,domain_screen,not_assessed_public_draft,not_applicable,possible,possible,max_level_A,C,v0.5 综合评分：研究设计、终点价值、人类相关性、来源深度、RCR/OpenAlex 引用信号、发表地/期刊层级和风险扣分；期刊层级 C_indexed_or_identified 加 1 分；当前上限规则为 max_level_A，最终等级 C。,"v0.5 hybrid score using design, endpoint value, human relevance, source depth, RCR/OpenAlex signals, publication venue tier, and risk adjustments; venue tier C_indexed_or_identified adds 1; cap rule max_level_A; final level C.",C_indexed_or_identified,1,"Indexed or DOI/PMID-identifiable venue, but not in the curated high-weight venue list."
skin-energy-devices-resurfacing-018,pubmed-23135075,23135075,,PubMed,energy-devices-resurfacing,医美能量设备和换肤类干预,"Energy Devices, Peels, and Resurfacing",Fractional laser skin resurfacing.,,2012,Journal of drugs in dermatology : JDD,human_or_mixed_observational,procedure_or_device,S1,"photoaging, acne","Laser skin resurfacing (LSR) has evolved over the past 2 decades from traditional ablative to fractional nonablative and fractional ablative resurfacing. Traditional ablative LSR was highly effective in reducing rhytides, photoaging, and acne scarring but was associated with significant side effects and complications. In contrast, nonablative LSR was very safe but failed to deliver consistent clinical improvement. Fractional LSR has achieved the middle ground; it combined the efficacy of traditional LSR with the safety of nonablative modalities. The first fractional laser was a nonablative erbium-doped yttrium aluminum garnet (Er:YAG) laser that produced microscopic columns of thermal injury in the epidermis and upper dermis. Heralding an entirely new concept of laser energy delivery, it delivered the laser beam in microarrays. It resulted in microscopic columns of treated tissue and int","中文草稿：该记录属于「医美能量设备和换肤类干预」主题，当前抽取到的英文摘要/题录结果为：Laser skin resurfacing (LSR) has evolved over the past 2 decades from traditional ablative to fractional nonablative and fractional ablative resurfacing. Traditional ablative LSR was highly effective in reducing rhytides, photoaging, and acne scarring but was associated with significant side effects and complications. In contrast, nonablative LSR was very safe but failed to deliver consistent clinical improvement. Fr","Draft conclusion: this record can inform Energy Devices, Peels, and Resurfacing but requires full-text review before public claims.",中文草稿结论：该记录可作为「医美能量设备和换肤类干预」的候选证据，但正式结论需要全文复核。,C,abstract_only,可支持：将该记录作为「医美能量设备和换肤类干预」的候选证据，并按 S1 皮肤终点继续复核。,不支持：不能据此声称逆龄、延寿、替代治疗，或给出产品/剂量/疗程建议。,必须由合格专业人员评估；不提供设备、参数或疗程建议。,true,medium,public_draft_not_fully_reviewed,2026-04-28,https://pubmed.ncbi.nlm.nih.gov/23135075/,v0.5_GRADE_RoB_AMSTAR_bibliometrics_venue,18,15,15,7,6,-7,55,12,NIH_iCite_RCR; OpenAlex_cited_by_count,RCR=NA; cited_by=55,JCR IF not auto-imported; journal-level IF is intentionally separated from article-level citation signals.,https://openalex.org/W2537994,55,,ROBINS-I,not_assessed_public_draft,not_applicable,possible,possible,max_level_A,C,v0.5 综合评分：研究设计、终点价值、人类相关性、来源深度、RCR/OpenAlex 引用信号、发表地/期刊层级和风险扣分；期刊层级 C_indexed_or_identified 加 1 分；当前上限规则为 max_level_A，最终等级 C。,"v0.5 hybrid score using design, endpoint value, human relevance, source depth, RCR/OpenAlex signals, publication venue tier, and risk adjustments; venue tier C_indexed_or_identified adds 1; cap rule max_level_A; final level C.",C_indexed_or_identified,1,"Indexed or DOI/PMID-identifiable venue, but not in the curated high-weight venue list."
skin-energy-devices-resurfacing-019,pubmed-21276157,21276157,10.1111/j.1529-8019.2010.01377.x,PubMed,energy-devices-resurfacing,医美能量设备和换肤类干预,"Energy Devices, Peels, and Resurfacing",Fractionated CO2 laser skin rejuvenation.,,2011,Dermatologic therapy,review,procedure_or_device,S1,"pigmentation, photoaging, erythema","Fractional photothermolysis has been reported in the literature to improve both the pigmentary and textural changes associated with photoaging. The objective of the study was to review the literature of non-ablative fractional laser (NAFL) and ablative fractional laser (AFL) resurfacing for the treatment of photoaging. This is a review of the Medline literature evaluating NAFL and AFL for photoaging. Review of the literature supports the use of NAFL and AFL as safe and effective treatments for photoaging. It is likely that the controlled, limited dermal heating of fractional resurfacing initiates a cascade of events in which normalization of the collagenesis/collagenolysis cycle occurs. The advent of fractionated resurfacing for the treatment of photoaging is a significant advance over ablative laser resurfacing treatments, which were complicated by prolonged erythema, delayed onset hypo",中文草稿：该记录属于「医美能量设备和换肤类干预」主题，当前抽取到的英文摘要/题录结果为：Fractional photothermolysis has been reported in the literature to improve both the pigmentary and textural changes associated with photoaging. The objective of the study was to review the literature of non-ablative fractional laser (NAFL) and ablative fractional laser (AFL) resurfacing for the treatment of photoaging. This is a review of the Medline literature evaluating NAFL and AFL for photoaging. Review of the li,"Draft conclusion: this record can inform Energy Devices, Peels, and Resurfacing but requires full-text review before public claims.",中文草稿结论：该记录可作为「医美能量设备和换肤类干预」的候选证据，但正式结论需要全文复核。,C,abstract_only,可支持：将该记录作为「医美能量设备和换肤类干预」的候选证据，并按 S1 皮肤终点继续复核。,不支持：不能据此声称逆龄、延寿、替代治疗，或给出产品/剂量/疗程建议。,必须由合格专业人员评估；不提供设备、参数或疗程建议。,true,medium,public_draft_not_fully_reviewed,2026-04-28,https://pubmed.ncbi.nlm.nih.gov/21276157/,v0.5_GRADE_RoB_AMSTAR_bibliometrics_venue,14,15,9,7,10,-7,49,13,NIH_iCite_RCR; OpenAlex_cited_by_count,RCR=NA; cited_by=104,JCR IF not auto-imported; journal-level IF is intentionally separated from article-level citation signals.,https://openalex.org/W1891761478,104,,domain_screen,not_assessed_public_draft,not_applicable,possible,possible,max_level_A,C,v0.5 综合评分：研究设计、终点价值、人类相关性、来源深度、RCR/OpenAlex 引用信号、发表地/期刊层级和风险扣分；期刊层级 C_indexed_or_identified 加 1 分；当前上限规则为 max_level_A，最终等级 C。,"v0.5 hybrid score using design, endpoint value, human relevance, source depth, RCR/OpenAlex signals, publication venue tier, and risk adjustments; venue tier C_indexed_or_identified adds 1; cap rule max_level_A; final level C.",C_indexed_or_identified,1,"Indexed or DOI/PMID-identifiable venue, but not in the curated high-weight venue list."
skin-energy-devices-resurfacing-020,pubmed-30246914,30246914,10.1111/dth.12714,PubMed,energy-devices-resurfacing,医美能量设备和换肤类干预,"Energy Devices, Peels, and Resurfacing",Is skin microneedling a good alternative method of various skin defects removal.,,2018,Dermatologic therapy,review,procedure_or_device,S1,"wrinkle, elasticity, pigmentation, photoaging","Skin microneedling accelerates the process of skin regeneration through the creation of numerous microinjuries which emerge when skin is deeply punctured with very thin needles. The whole procedure evokes various reactions which can be divided into three major phases: inflammation, proliferation, and remodeling. It activates platelet growth factors which are responsible for the stimulation of fibroblasts to produce collagen and elastin. Moreover, skin breakdown enhances penetration of active ingredients. Treatment can be performed with the use of different devices, all equipped with needles of various lengths. Due to the fact that skin microneedling stimulates the synthesis of significant rebuilding and structural skin elements (collagen, elastin, proteoglycan), it is used in the treatment of many skin defects of different etiologies (e.g., photoaging, wrinkles, loss of elasticity, hypo-","中文草稿：该记录属于「医美能量设备和换肤类干预」主题，当前抽取到的英文摘要/题录结果为：Skin microneedling accelerates the process of skin regeneration through the creation of numerous microinjuries which emerge when skin is deeply punctured with very thin needles. The whole procedure evokes various reactions which can be divided into three major phases: inflammation, proliferation, and remodeling. It activates platelet growth factors which are responsible for the stimulation of fibroblasts to produce c","Draft conclusion: this record can inform Energy Devices, Peels, and Resurfacing but requires full-text review before public claims.",中文草稿结论：该记录可作为「医美能量设备和换肤类干预」的候选证据，但正式结论需要全文复核。,C,abstract_only,可支持：将该记录作为「医美能量设备和换肤类干预」的候选证据，并按 S1 皮肤终点继续复核。,不支持：不能据此声称逆龄、延寿、替代治疗，或给出产品/剂量/疗程建议。,必须由合格专业人员评估；不提供设备、参数或疗程建议。,true,medium,public_draft_not_fully_reviewed,2026-04-28,https://pubmed.ncbi.nlm.nih.gov/30246914/,v0.5_GRADE_RoB_AMSTAR_bibliometrics_venue,14,15,9,7,8,-7,47,11,NIH_iCite_RCR; OpenAlex_cited_by_count,RCR=NA; cited_by=51,JCR IF not auto-imported; journal-level IF is intentionally separated from article-level citation signals.,https://openalex.org/W2893407231,51,,domain_screen,not_assessed_public_draft,not_applicable,possible,possible,max_level_A,D,v0.5 综合评分：研究设计、终点价值、人类相关性、来源深度、RCR/OpenAlex 引用信号、发表地/期刊层级和风险扣分；期刊层级 C_indexed_or_identified 加 1 分；当前上限规则为 max_level_A，最终等级 D。,"v0.5 hybrid score using design, endpoint value, human relevance, source depth, RCR/OpenAlex signals, publication venue tier, and risk adjustments; venue tier C_indexed_or_identified adds 1; cap rule max_level_A; final level D.",C_indexed_or_identified,1,"Indexed or DOI/PMID-identifiable venue, but not in the curated high-weight venue list."
skin-pdrn-polynucleotide-skin-boosters-001,pubmed-39313949,39313949,10.1111/dth.12299,PubMed,pdrn-polynucleotide-skin-boosters,PDRN/PN 与 Skin Booster,PDRN / Polynucleotide / Skin Booster,"A Randomized, Participant- and Evaluator-Blinded, Matched-Pair, Prospective Study Comparing the Safety and Efficacy Between Polycaprolactone and Polynucleotide Fillers in the Correction of Crow's Feet.",,2025,Journal of cosmetic dermatology,randomized_or_clinical_trial,topical_or_injectable_aesthetic,S1,"wrinkle, filler","Dermal fillers have gained widespread popularity for facial cosmetic enhancement and anti-aging treatments. Recently, polycaprolactone (PCL) and polynucleotides (PN) fillers have emerged as promising options owing to their safety and long-lasting effects. This study aimed to compare the efficacy and safety of a novel PCL-based dermal filler (DLMR01) with purified PN filler (RJR: Rejuran) in correcting crow's feet wrinkles. A randomized, evaluator-blinded, prospective split-face study was conducted with 218 healthy Asian participants. The primary outcome was in the improvement rate of the Crow's Feet Grading Scale (CFGS) at rest after 12 weeks. Secondary outcomes included the improvement rate of the CFGS at expression and rest at earlier time points, changes in CFGS, and the Global Aesthetic Improvement Scale (GAIS) assessment. The results showed that DLMR01 was not inferior to RJR in imp",中文草稿：该记录属于 PDRN/PN 与 Skin Booster 主题。它只能作为皮肤外观或医美证据线索；若该记录已被撤稿，则只作为撤稿风险记录，不作为正向证据。,Draft conclusion: PDRN/PN is a high-attention cosmetic and injectable aesthetics topic; claims require full-text review and retraction-aware interpretation.,中文草稿结论：PDRN/PN 属于高热度美容与医美交叉主题，外用、注射和填充场景必须分开解释；撤稿记录不能作为有效性依据。,D,abstract_plus_retraction_flag,可支持：将 PDRN/PN 作为皮肤修复、skin booster 或医美注射相关候选证据继续复核。,不支持：不能把化妆品里的 PDRN 等同于注射项目；不能宣传为逆龄、延寿、无创万能修复或替代正规医美/医疗评估。,外用与注射不是一回事。注射、填充、微针导入等侵入性场景需要合格医生或医美专业人员评估；撤稿论文只作为风险提示。,true,high,public_draft_not_fully_reviewed,2026-05-14,https://pubmed.ncbi.nlm.nih.gov/39313949/,v0.5_GRADE_RoB_AMSTAR_bibliometrics_venue,29,15,15,7,4,-8,63,0,NIH_iCite_RCR; OpenAlex_cited_by_count,RCR=NA; cited_by=NA,JCR IF not auto-imported; journal-level IF is intentionally separated from article-level citation signals.,,,,Cochrane RoB 2,not_assessed_public_draft,not_applicable,possible_or_high,possible_or_high,max_level_A,C,v0.5 综合评分：研究设计、终点价值、人类相关性、来源深度、RCR/OpenAlex 引用信号、发表地/期刊层级和风险扣分；期刊层级 C_indexed_or_identified 加 1 分；当前上限规则为 max_level_A，最终等级 C。,"v0.5 hybrid score using design, endpoint value, human relevance, source depth, RCR/OpenAlex signals, publication venue tier, and risk adjustments; venue tier C_indexed_or_identified adds 1; cap rule max_level_A; final level C.",C_indexed_or_identified,1,"Indexed or DOI/PMID-identifiable venue, but not in the curated high-weight venue list."
skin-pdrn-polynucleotide-skin-boosters-002,pubmed-38481069,38481069,10.1152/ajpcell.00420.2004,PubMed,pdrn-polynucleotide-skin-boosters,PDRN/PN 与 Skin Booster,PDRN / Polynucleotide / Skin Booster,Skin boosters: Definitions and varied classifications.,,2024,Skin research and technology : official journal of International Society for Bioengineering and the Skin (ISBS) [and] International Society for Digital Imaging of Skin (ISDIS) [and] International Society for Skin Imaging (ISSI),review,topical_or_injectable_aesthetic,M,"wrinkle, elasticity, hydration, filler, skin booster","The concept of ""skin boosters"" has evolved, marking a shift from traditional uses of hyaluronic acid (HA) fillers primarily for augmenting skin volume to a more diverse application aimed at improving dermal conditions. Restylane Vital and other HA fillers have been repurposed to combat skin aging and wrinkles by delivering HA directly to the dermis. This review aims to define the term ""skin booster"" and to discuss the various components that constitute skin boosters. It seeks to provide a comprehensive overview of the different ingredients used in skin boosters, their roles, and their impact on enhancing dermal conditions. A comprehensive review was conducted, focusing on representative skin booster ingredients. The approach involved analyzing the different elements used in skin boosters and their specific roles in enhancing dermal improvement. The findings indicate that skin boosters, e",中文草稿：该记录属于 PDRN/PN 与 Skin Booster 主题。它只能作为皮肤外观或医美证据线索；若该记录已被撤稿，则只作为撤稿风险记录，不作为正向证据。,Draft conclusion: PDRN/PN is a high-attention cosmetic and injectable aesthetics topic; claims require full-text review and retraction-aware interpretation.,中文草稿结论：PDRN/PN 属于高热度美容与医美交叉主题，外用、注射和填充场景必须分开解释；撤稿记录不能作为有效性依据。,D,abstract_plus_retraction_flag,可支持：将 PDRN/PN 作为皮肤修复、skin booster 或医美注射相关候选证据继续复核。,不支持：不能把化妆品里的 PDRN 等同于注射项目；不能宣传为逆龄、延寿、无创万能修复或替代正规医美/医疗评估。,外用与注射不是一回事。注射、填充、微针导入等侵入性场景需要合格医生或医美专业人员评估；撤稿论文只作为风险提示。,true,high,public_draft_not_fully_reviewed,2026-05-14,https://pubmed.ncbi.nlm.nih.gov/38481069/,v0.5_GRADE_RoB_AMSTAR_bibliometrics_venue,14,5,9,7,10,-8,41,15,NIH_iCite_RCR; OpenAlex_cited_by_count,RCR=NA; cited_by=188,JCR IF not auto-imported; journal-level IF is intentionally separated from article-level citation signals.,https://openalex.org/W1966469871,188,,domain_screen,not_assessed_public_draft,not_applicable,possible_or_high,possible_or_high,max_level_D,D,v0.5 综合评分：研究设计、终点价值、人类相关性、来源深度、RCR/OpenAlex 引用信号、发表地/期刊层级和风险扣分；期刊层级 B_reputable_specialty_or_broad 加 4 分；当前上限规则为 max_level_D，最终等级 D。,"v0.5 hybrid score using design, endpoint value, human relevance, source depth, RCR/OpenAlex signals, publication venue tier, and risk adjustments; venue tier B_reputable_specialty_or_broad adds 4; cap rule max_level_D; final level D.",B_reputable_specialty_or_broad,4,"Indexed specialty or broad journal commonly seen in the atlas. Useful signal, but article-level quality still decides."
skin-pdrn-polynucleotide-skin-boosters-003,pubmed-34791770,34791770,10.1111/jocd.14578,PubMed,pdrn-polynucleotide-skin-boosters,PDRN/PN 与 Skin Booster,PDRN / Polynucleotide / Skin Booster,PN-HPT® (Polynucleotides Highly Purified Technology) in facial middle third rejuvenation. Exploring the potential.,,2022,Journal of cosmetic dermatology,preclinical_or_mechanistic,topical_or_injectable_aesthetic,S2,"wrinkle, rejuvenation, elasticity, hydration, scar","Wasting of soft tissues leads to flattening and deflation of the aging midface skin. Polynucleotides Highly Purified Technology (PN-HPT® ) demonstrated dermal hydration and elasticity as well as fibroblasts vitality and activity. To probe the value of PN-HPT® in middle third rejuvenation in an open-design, exploratory prospective cohort study in 40 real-life ambulatorily treated women. Three treatment sessions-at baseline (2-ml prefilled syringe containing 10 mg/ml PN-HPT® , 10 mg/ml hyaluronic acid, 200 mM mannitol) as intradermic gel, and after 3 weeks (2-ml prefilled syringe containing 20 mg/ml PN-HPT® intradermic gel) and 6 weeks (same treatment as baseline). The protocol allowed supplemental treatment with specifically formulated PN-HPT® (7.5 mg/ml) when needed in periocular and eyelid areas. sequential photographs of the facial middle third at baseline, third treatment session and ",中文草稿：该记录属于 PDRN/PN 与 Skin Booster 主题。它只能作为皮肤外观或医美证据线索；若该记录已被撤稿，则只作为撤稿风险记录，不作为正向证据。,Draft conclusion: PDRN/PN is a high-attention cosmetic and injectable aesthetics topic; claims require full-text review and retraction-aware interpretation.,中文草稿结论：PDRN/PN 属于高热度美容与医美交叉主题，外用、注射和填充场景必须分开解释；撤稿记录不能作为有效性依据。,D,abstract_plus_retraction_flag,可支持：将 PDRN/PN 作为皮肤修复、skin booster 或医美注射相关候选证据继续复核。,不支持：不能把化妆品里的 PDRN 等同于注射项目；不能宣传为逆龄、延寿、无创万能修复或替代正规医美/医疗评估。,外用与注射不是一回事。注射、填充、微针导入等侵入性场景需要合格医生或医美专业人员评估；撤稿论文只作为风险提示。,true,high,public_draft_not_fully_reviewed,2026-05-14,https://pubmed.ncbi.nlm.nih.gov/34791770/,v0.5_GRADE_RoB_AMSTAR_bibliometrics_venue,11,8,15,7,4,-8,38,0,NIH_iCite_RCR; OpenAlex_cited_by_count,RCR=NA; cited_by=NA,JCR IF not auto-imported; journal-level IF is intentionally separated from article-level citation signals.,,,,Cochrane RoB 2,not_assessed_public_draft,not_applicable,possible_or_high,possible_or_high,max_level_D,D,v0.5 综合评分：研究设计、终点价值、人类相关性、来源深度、RCR/OpenAlex 引用信号、发表地/期刊层级和风险扣分；期刊层级 C_indexed_or_identified 加 1 分；当前上限规则为 max_level_D，最终等级 D。,"v0.5 hybrid score using design, endpoint value, human relevance, source depth, RCR/OpenAlex signals, publication venue tier, and risk adjustments; venue tier C_indexed_or_identified adds 1; cap rule max_level_D; final level D.",C_indexed_or_identified,1,"Indexed or DOI/PMID-identifiable venue, but not in the curated high-weight venue list."
skin-pdrn-polynucleotide-skin-boosters-004,pubmed-25473210,25473210,10.3346/jkms.2014.29.S3.S201,PubMed,pdrn-polynucleotide-skin-boosters,PDRN/PN 与 Skin Booster,PDRN / Polynucleotide / Skin Booster,"A phase III, randomized, double-blind, matched-pairs, active-controlled clinical trial and preclinical animal study to compare the durability, efficacy and safety between polynucleotide filler and hyaluronic acid filler in the correction of crow's feet: a new concept of regenerative filler.",,2014,Journal of Korean medical science,randomized_or_clinical_trial,topical_or_injectable_aesthetic,S1,"wrinkle, elasticity, filler","The Rejuran® is a new filler product made from purified polynucleotides. Here we present data from an animal study and a clinical trial to examine the durability, efficacy and safety of the Rejuran® on crow's feet. For the animal study, 25 mice were divided into three groups: Group 1 received phosphate buffered saline (PBS); Group 2 were treated with Yvoire®; and Group 3 were treated with Rejuran®. The durability and efficacy of each treatment were assessed by microscopy and staining. In the clinical trial, 72 patients were randomized to receive Rejuran® treatment for crow's feet on one side and Yvoire-Hydro® on the contralateral side, at a ratio of 1:1. Repeated treatments were performed every two weeks for a total of three times, over a total of 12 weeks' observation. All injections and observations of efficacy and safety were performed by the same two investigators. In the animal stud",中文草稿：该记录属于 PDRN/PN 与 Skin Booster 主题。它只能作为皮肤外观或医美证据线索；若该记录已被撤稿，则只作为撤稿风险记录，不作为正向证据。,Draft conclusion: PDRN/PN is a high-attention cosmetic and injectable aesthetics topic; claims require full-text review and retraction-aware interpretation.,中文草稿结论：PDRN/PN 属于高热度美容与医美交叉主题，外用、注射和填充场景必须分开解释；撤稿记录不能作为有效性依据。,D,abstract_plus_retraction_flag,可支持：将 PDRN/PN 作为皮肤修复、skin booster 或医美注射相关候选证据继续复核。,不支持：不能把化妆品里的 PDRN 等同于注射项目；不能宣传为逆龄、延寿、无创万能修复或替代正规医美/医疗评估。,外用与注射不是一回事。注射、填充、微针导入等侵入性场景需要合格医生或医美专业人员评估；撤稿论文只作为风险提示。,true,high,public_draft_not_fully_reviewed,2026-05-14,https://pubmed.ncbi.nlm.nih.gov/25473210/,v0.5_GRADE_RoB_AMSTAR_bibliometrics_venue,29,15,15,7,4,-8,63,0,NIH_iCite_RCR; OpenAlex_cited_by_count,RCR=NA; cited_by=NA,JCR IF not auto-imported; journal-level IF is intentionally separated from article-level citation signals.,,,,Cochrane RoB 2,not_assessed_public_draft,not_applicable,possible_or_high,possible_or_high,max_level_A,C,v0.5 综合评分：研究设计、终点价值、人类相关性、来源深度、RCR/OpenAlex 引用信号、发表地/期刊层级和风险扣分；期刊层级 C_indexed_or_identified 加 1 分；当前上限规则为 max_level_A，最终等级 C。,"v0.5 hybrid score using design, endpoint value, human relevance, source depth, RCR/OpenAlex signals, publication venue tier, and risk adjustments; venue tier C_indexed_or_identified adds 1; cap rule max_level_A; final level C.",C_indexed_or_identified,1,"Indexed or DOI/PMID-identifiable venue, but not in the curated high-weight venue list."
skin-pdrn-polynucleotide-skin-boosters-005,pubmed-41531349,41531349,10.1002/mabi.202500373,PubMed,pdrn-polynucleotide-skin-boosters,PDRN/PN 与 Skin Booster,PDRN / Polynucleotide / Skin Booster,Nanoformulated PDRN Improves Anti-Inflammatory and Wound Healing Activities.,,2026,Macromolecular bioscience,preclinical_or_mechanistic,topical_or_injectable_aesthetic,S2,wound,"Polydeoxyribonucleotide (PDRN), a bioactive DNA fragment, has been known to promote anti-inflammatory responses and wound healing primarily via adenosine A2A receptor activation. However, low molecular weight PDRN can undergo rapid degradation, limiting its sustained therapeutic efficacy. In this study, we developed a scalable method to produce high-purity, and low molecular weight PDRN (c.a. 325 bp) from calf thymus DNA via physical fragmentation. To enhance its stability and delivery, PDRN was encapsulated in poly(lactic-co-glycolic acid) (PLGA) to form PDRN/PLGA nanoparticles, yielding uniform and spherical particles (336 ± 43 nm). These nanoparticles exhibited excellent colloidal stability and biodegradability (38.3% over 14 days), with sustained PDRN release (88.39% over 14 days). Moreover, the nanoformulation effectively protected PDRN from thermal, acidic, enzymatic, and UV degrad",中文草稿：该记录属于 PDRN/PN 与 Skin Booster 主题。它只能作为皮肤外观或医美证据线索；若该记录已被撤稿，则只作为撤稿风险记录，不作为正向证据。,Draft conclusion: PDRN/PN is a high-attention cosmetic and injectable aesthetics topic; claims require full-text review and retraction-aware interpretation.,中文草稿结论：PDRN/PN 属于高热度美容与医美交叉主题，外用、注射和填充场景必须分开解释；撤稿记录不能作为有效性依据。,C,abstract_or_pubmed_record,可支持：将 PDRN/PN 作为皮肤修复、skin booster 或医美注射相关候选证据继续复核。,不支持：不能把化妆品里的 PDRN 等同于注射项目；不能宣传为逆龄、延寿、无创万能修复或替代正规医美/医疗评估。,外用与注射不是一回事。注射、填充、微针导入等侵入性场景需要合格医生或医美专业人员评估；撤稿论文只作为风险提示。,true,high,public_draft_not_fully_reviewed,2026-05-14,https://pubmed.ncbi.nlm.nih.gov/41531349/,v0.5_GRADE_RoB_AMSTAR_bibliometrics_venue,11,8,15,7,4,-8,38,0,NIH_iCite_RCR; OpenAlex_cited_by_count,RCR=NA; cited_by=NA,JCR IF not auto-imported; journal-level IF is intentionally separated from article-level citation signals.,,,,Cochrane RoB 2,not_assessed_public_draft,not_applicable,possible_or_high,possible_or_high,max_level_D,D,v0.5 综合评分：研究设计、终点价值、人类相关性、来源深度、RCR/OpenAlex 引用信号、发表地/期刊层级和风险扣分；期刊层级 C_indexed_or_identified 加 1 分；当前上限规则为 max_level_D，最终等级 D。,"v0.5 hybrid score using design, endpoint value, human relevance, source depth, RCR/OpenAlex signals, publication venue tier, and risk adjustments; venue tier C_indexed_or_identified adds 1; cap rule max_level_D; final level D.",C_indexed_or_identified,1,"Indexed or DOI/PMID-identifiable venue, but not in the curated high-weight venue list."
skin-pdrn-polynucleotide-skin-boosters-006,pubmed-41026732,41026732,10.1111/srt.13627,PubMed,pdrn-polynucleotide-skin-boosters,PDRN/PN 与 Skin Booster,PDRN / Polynucleotide / Skin Booster,Antiaging Strategies Utilizing Multilayer Rejuvenation.,,2025,Plastic and aesthetic nursing,preclinical_or_mechanistic,topical_or_injectable_aesthetic,M,"rejuvenation, filler, skin booster","Aging is an ongoing process involving changes in the skin, muscle, bone, fat, and ligaments. This process has been extensively studied, especially by plastic surgeons who have categorized the process into four distinct facial regions that include the upper face, midface, lower face, and neck regions. Approaches to mitigate the aging process encompass surgical options such as facelifts and blepharoplasty, as well as treatments employing energy-based technologies like high-intensity focused ultrasound, radiofrequency devices, and Nd:YAG lasers. Likewise, injecting dermal fillers, neurotoxins, and skin boosters and inserting medical-grade threads under the skin are also frequently used for their antiaging and skin-lifting effects. Persistent facial expressions and muscle contractions exacerbate the aging process. These changes can be addressed by injecting neurotoxins into the medial region",中文草稿：该记录属于 PDRN/PN 与 Skin Booster 主题。它只能作为皮肤外观或医美证据线索；若该记录已被撤稿，则只作为撤稿风险记录，不作为正向证据。,Draft conclusion: PDRN/PN is a high-attention cosmetic and injectable aesthetics topic; claims require full-text review and retraction-aware interpretation.,中文草稿结论：PDRN/PN 属于高热度美容与医美交叉主题，外用、注射和填充场景必须分开解释；撤稿记录不能作为有效性依据。,D,abstract_or_pubmed_record,可支持：将 PDRN/PN 作为皮肤修复、skin booster 或医美注射相关候选证据继续复核。,不支持：不能把化妆品里的 PDRN 等同于注射项目；不能宣传为逆龄、延寿、无创万能修复或替代正规医美/医疗评估。,外用与注射不是一回事。注射、填充、微针导入等侵入性场景需要合格医生或医美专业人员评估；撤稿论文只作为风险提示。,true,high,public_draft_not_fully_reviewed,2026-05-14,https://pubmed.ncbi.nlm.nih.gov/41026732/,v0.5_GRADE_RoB_AMSTAR_bibliometrics_venue,11,5,15,7,4,-8,35,0,NIH_iCite_RCR; OpenAlex_cited_by_count,RCR=NA; cited_by=NA,JCR IF not auto-imported; journal-level IF is intentionally separated from article-level citation signals.,,,,Cochrane RoB 2,not_assessed_public_draft,not_applicable,possible_or_high,possible_or_high,max_level_D,D,v0.5 综合评分：研究设计、终点价值、人类相关性、来源深度、RCR/OpenAlex 引用信号、发表地/期刊层级和风险扣分；期刊层级 C_indexed_or_identified 加 1 分；当前上限规则为 max_level_D，最终等级 D。,"v0.5 hybrid score using design, endpoint value, human relevance, source depth, RCR/OpenAlex signals, publication venue tier, and risk adjustments; venue tier C_indexed_or_identified adds 1; cap rule max_level_D; final level D.",C_indexed_or_identified,1,"Indexed or DOI/PMID-identifiable venue, but not in the curated high-weight venue list."
skin-pdrn-polynucleotide-skin-boosters-007,pubmed-40871045,40871045,10.20402/ajbc.2023.0018,PubMed,pdrn-polynucleotide-skin-boosters,PDRN/PN 与 Skin Booster,PDRN / Polynucleotide / Skin Booster,Comparison of Polynucleotide and Polydeoxyribonucleotide in Dermatology: Molecular Mechanisms and Clinical Perspectives.,,2025,Pharmaceutics,review,topical_or_injectable_aesthetic,S2,"mechanism, collagen, adenosine","Polynucleotide (PN) and polydeoxyribonucleotide (PDRN) are DNA-derived biopolymers increasingly recognized for their potential in dermatology. Despite their structural similarities, PN and PDRN exhibit distinct functions due to differences in polymer length and molecular weight. PN, composed of longer DNA fragments, plays a key role in extracellular matrix remodeling. Conversely, PDRN, composed of relatively shorter oligonucleotide sequences than those of PN, enhances skin condition through adenosine receptor activations and supports nucleotide synthesis via both the salvage and de novo pathways. This review provides a critical comparison of the molecular characteristics and functions of PN and PDRN with particular emphasis on their dermatological applications. By delineating their respective roles in esthetic and regenerative medicine, we aim to highlight recent advances that may guide ",中文草稿：该记录属于 PDRN/PN 与 Skin Booster 主题。它只能作为皮肤外观或医美证据线索；若该记录已被撤稿，则只作为撤稿风险记录，不作为正向证据。,Draft conclusion: PDRN/PN is a high-attention cosmetic and injectable aesthetics topic; claims require full-text review and retraction-aware interpretation.,中文草稿结论：PDRN/PN 属于高热度美容与医美交叉主题，外用、注射和填充场景必须分开解释；撤稿记录不能作为有效性依据。,C,abstract_or_pubmed_record,可支持：将 PDRN/PN 作为皮肤修复、skin booster 或医美注射相关候选证据继续复核。,不支持：不能把化妆品里的 PDRN 等同于注射项目；不能宣传为逆龄、延寿、无创万能修复或替代正规医美/医疗评估。,外用与注射不是一回事。注射、填充、微针导入等侵入性场景需要合格医生或医美专业人员评估；撤稿论文只作为风险提示。,true,high,public_draft_not_fully_reviewed,2026-05-14,https://pubmed.ncbi.nlm.nih.gov/40871045/,v0.5_GRADE_RoB_AMSTAR_bibliometrics_venue,14,8,9,7,4,-8,35,0,NIH_iCite_RCR; OpenAlex_cited_by_count,RCR=NA; cited_by=NA,JCR IF not auto-imported; journal-level IF is intentionally separated from article-level citation signals.,,,,domain_screen,not_assessed_public_draft,not_applicable,possible_or_high,possible_or_high,max_level_D,D,v0.5 综合评分：研究设计、终点价值、人类相关性、来源深度、RCR/OpenAlex 引用信号、发表地/期刊层级和风险扣分；期刊层级 C_indexed_or_identified 加 1 分；当前上限规则为 max_level_D，最终等级 D。,"v0.5 hybrid score using design, endpoint value, human relevance, source depth, RCR/OpenAlex signals, publication venue tier, and risk adjustments; venue tier C_indexed_or_identified adds 1; cap rule max_level_D; final level D.",C_indexed_or_identified,1,"Indexed or DOI/PMID-identifiable venue, but not in the curated high-weight venue list."
skin-pdrn-polynucleotide-skin-boosters-008,pubmed-40840755,40840755,10.1016/j.ijbiomac.2025.146984,PubMed,pdrn-polynucleotide-skin-boosters,PDRN/PN 与 Skin Booster,PDRN / Polynucleotide / Skin Booster,"Polydeoxyribonucleotide-spermidine nanoparticles: Preparation, characterization, and verification of skin anti-aging efficacy.",,2025,International journal of biological macromolecules,preclinical_or_mechanistic,topical_or_injectable_aesthetic,S2,"mechanism, collagen, adenosine","Regenerative medicine, with stem cells and tissue engineering as its core, is dedicated to the regeneration of skin and organs and the treatment of diseases. Polydeoxyribonucleic acid (PDRN) has been demonstrated to promote skin regeneration and anti-aging in the field of regenerative medicine, yet its application is constrained by its inherent characteristics, including its high electronegativity, poor transdermal delivery, low transmembrane and susceptibility to degradation. Spermidine is a trivalent molecule with a variety of biological activities, including autophagy induction, cell regeneration and free radical scavenging. Herein, PDRN was innovatively coagulated into nanoparticles with spermidine to construct nucleic acid delivery vehicles (PDRN-NPs), and the preparation process was optimized and characterized in multiple dimensions, resulting in homogeneous PDRN-NPs with an averag",中文草稿：该记录属于 PDRN/PN 与 Skin Booster 主题。它只能作为皮肤外观或医美证据线索；若该记录已被撤稿，则只作为撤稿风险记录，不作为正向证据。,Draft conclusion: PDRN/PN is a high-attention cosmetic and injectable aesthetics topic; claims require full-text review and retraction-aware interpretation.,中文草稿结论：PDRN/PN 属于高热度美容与医美交叉主题，外用、注射和填充场景必须分开解释；撤稿记录不能作为有效性依据。,C,abstract_or_pubmed_record,可支持：将 PDRN/PN 作为皮肤修复、skin booster 或医美注射相关候选证据继续复核。,不支持：不能把化妆品里的 PDRN 等同于注射项目；不能宣传为逆龄、延寿、无创万能修复或替代正规医美/医疗评估。,外用与注射不是一回事。注射、填充、微针导入等侵入性场景需要合格医生或医美专业人员评估；撤稿论文只作为风险提示。,true,high,public_draft_not_fully_reviewed,2026-05-14,https://pubmed.ncbi.nlm.nih.gov/40840755/,v0.5_GRADE_RoB_AMSTAR_bibliometrics_venue,11,8,15,7,4,-8,38,0,NIH_iCite_RCR; OpenAlex_cited_by_count,RCR=NA; cited_by=NA,JCR IF not auto-imported; journal-level IF is intentionally separated from article-level citation signals.,,,,Cochrane RoB 2,not_assessed_public_draft,not_applicable,possible_or_high,possible_or_high,max_level_D,D,v0.5 综合评分：研究设计、终点价值、人类相关性、来源深度、RCR/OpenAlex 引用信号、发表地/期刊层级和风险扣分；期刊层级 C_indexed_or_identified 加 1 分；当前上限规则为 max_level_D，最终等级 D。,"v0.5 hybrid score using design, endpoint value, human relevance, source depth, RCR/OpenAlex signals, publication venue tier, and risk adjustments; venue tier C_indexed_or_identified adds 1; cap rule max_level_D; final level D.",C_indexed_or_identified,1,"Indexed or DOI/PMID-identifiable venue, but not in the curated high-weight venue list."
skin-pdrn-polynucleotide-skin-boosters-009,pubmed-40826297,40826297,10.3390/ijms18081698,PubMed,pdrn-polynucleotide-skin-boosters,PDRN/PN 与 Skin Booster,PDRN / Polynucleotide / Skin Booster,Air-Botulinum Neurotoxin and Polydeoxyribonucleotide Injections for Acne Scar Treatment.,,2025,Aesthetic plastic surgery,randomized_or_clinical_trial,topical_or_injectable_aesthetic,S1,"wrinkle, elasticity, scar","Botulinum toxin injections, commonly used for wrinkle reduction, have been found to improve skin quality, including elasticity and texture, when used intradermally. Recent studies suggest that combining botulinum toxin with other treatments, like polydeoxyribonucleotide (PDRN), may enhance the effectiveness of scar treatments. This case study explores the efficacy of combining air-botulinum toxin injections with PDRN for treating acne scars. A prospective, open-label, randomized study involved 17 participants with Grade 2-5 acne scars. They were divided into 3 groups: Group 1 received air-botulinum toxin, Group 2 received PDRN, and Group 3 received both. Injections were administered at baseline, Week 4, and Week 8, with follow-ups at Week 16. The primary outcome was measured using the Patient and Observer Scar Assessment Scale (POSAS), along with patient satisfaction surveys and safety c",中文草稿：该记录属于 PDRN/PN 与 Skin Booster 主题。它只能作为皮肤外观或医美证据线索；若该记录已被撤稿，则只作为撤稿风险记录，不作为正向证据。,Draft conclusion: PDRN/PN is a high-attention cosmetic and injectable aesthetics topic; claims require full-text review and retraction-aware interpretation.,中文草稿结论：PDRN/PN 属于高热度美容与医美交叉主题，外用、注射和填充场景必须分开解释；撤稿记录不能作为有效性依据。,C,abstract_or_pubmed_record,可支持：将 PDRN/PN 作为皮肤修复、skin booster 或医美注射相关候选证据继续复核。,不支持：不能把化妆品里的 PDRN 等同于注射项目；不能宣传为逆龄、延寿、无创万能修复或替代正规医美/医疗评估。,外用与注射不是一回事。注射、填充、微针导入等侵入性场景需要合格医生或医美专业人员评估；撤稿论文只作为风险提示。,true,high,public_draft_not_fully_reviewed,2026-05-14,https://pubmed.ncbi.nlm.nih.gov/40826297/,v0.5_GRADE_RoB_AMSTAR_bibliometrics_venue,29,15,15,7,4,-8,63,0,NIH_iCite_RCR; OpenAlex_cited_by_count,RCR=NA; cited_by=NA,JCR IF not auto-imported; journal-level IF is intentionally separated from article-level citation signals.,,,,Cochrane RoB 2,not_assessed_public_draft,not_applicable,possible_or_high,possible_or_high,max_level_A,C,v0.5 综合评分：研究设计、终点价值、人类相关性、来源深度、RCR/OpenAlex 引用信号、发表地/期刊层级和风险扣分；期刊层级 C_indexed_or_identified 加 1 分；当前上限规则为 max_level_A，最终等级 C。,"v0.5 hybrid score using design, endpoint value, human relevance, source depth, RCR/OpenAlex signals, publication venue tier, and risk adjustments; venue tier C_indexed_or_identified adds 1; cap rule max_level_A; final level C.",C_indexed_or_identified,1,"Indexed or DOI/PMID-identifiable venue, but not in the curated high-weight venue list."
skin-pdrn-polynucleotide-skin-boosters-010,pubmed-40650176,40650176,10.3390/antiox13040408,PubMed,pdrn-polynucleotide-skin-boosters,PDRN/PN 与 Skin Booster,PDRN / Polynucleotide / Skin Booster,Polynucleotide Mixture Attenuates Ultraviolet B-Induced Skin Pigmentation.,,2025,International journal of molecular sciences,preclinical_or_mechanistic,topical_or_injectable_aesthetic,S2,"mechanism, collagen, adenosine","Ultraviolet (UV) radiation stimulates melanogenesis, leading to various esthetic problems. UV increases oxidative stress and nuclear factor-kappa B (NF-κB), which increase the nucleotide-binding oligomerization domain (NOD) or leucine-rich repeat and pyrin do-main containing 3 (NLRP3) inflammasome. Given that polydeoxyribonucleotides reduce melanogenesis and polynucleotide (PN) has molecular similarity to polydeoxyribonucleotides, we hypothesized that PN can decrease melanogenesis. We compared the anti-melanogenic effect of PN with that of a PN mixture (PNM) that contained other antioxidants, such as glutathione and hyaluronic acid, in UVB-irradiated keratinocytes and animal skin. PN and PNM both decreased oxidative stress, which was evaluated according to the expression of NADPH oxidase (NOX) 1/2/4, the glutathione (GSH):oxidized glutathione (GSSG) ratio, and 8-hydroxy-2'-deoxyguanosine",中文草稿：该记录属于 PDRN/PN 与 Skin Booster 主题。它只能作为皮肤外观或医美证据线索；若该记录已被撤稿，则只作为撤稿风险记录，不作为正向证据。,Draft conclusion: PDRN/PN is a high-attention cosmetic and injectable aesthetics topic; claims require full-text review and retraction-aware interpretation.,中文草稿结论：PDRN/PN 属于高热度美容与医美交叉主题，外用、注射和填充场景必须分开解释；撤稿记录不能作为有效性依据。,C,abstract_or_pubmed_record,可支持：将 PDRN/PN 作为皮肤修复、skin booster 或医美注射相关候选证据继续复核。,不支持：不能把化妆品里的 PDRN 等同于注射项目；不能宣传为逆龄、延寿、无创万能修复或替代正规医美/医疗评估。,外用与注射不是一回事。注射、填充、微针导入等侵入性场景需要合格医生或医美专业人员评估；撤稿论文只作为风险提示。,true,high,public_draft_not_fully_reviewed,2026-05-14,https://pubmed.ncbi.nlm.nih.gov/40650176/,v0.5_GRADE_RoB_AMSTAR_bibliometrics_venue,11,8,15,7,4,-8,41,0,NIH_iCite_RCR; OpenAlex_cited_by_count,RCR=NA; cited_by=NA,JCR IF not auto-imported; journal-level IF is intentionally separated from article-level citation signals.,,,,Cochrane RoB 2,not_assessed_public_draft,not_applicable,possible_or_high,possible_or_high,max_level_D,D,v0.5 综合评分：研究设计、终点价值、人类相关性、来源深度、RCR/OpenAlex 引用信号、发表地/期刊层级和风险扣分；期刊层级 B_reputable_specialty_or_broad 加 4 分；当前上限规则为 max_level_D，最终等级 D。,"v0.5 hybrid score using design, endpoint value, human relevance, source depth, RCR/OpenAlex signals, publication venue tier, and risk adjustments; venue tier B_reputable_specialty_or_broad adds 4; cap rule max_level_D; final level D.",B_reputable_specialty_or_broad,4,"Indexed specialty or broad journal commonly seen in the atlas. Useful signal, but article-level quality still decides."
skin-pdrn-polynucleotide-skin-boosters-011,pubmed-40343916,40343916,10.1111/j.1524-4725.1990.tb01554.x,PubMed,pdrn-polynucleotide-skin-boosters,PDRN/PN 与 Skin Booster,PDRN / Polynucleotide / Skin Booster,PDRN prevents SIRT1 degradation by attenuating autophagy during skin aging.,,2025,PloS one,preclinical_or_mechanistic,topical_or_injectable_aesthetic,M,skin endpoint pending review,"Polydeoxyribonucleotide (PDRN) is a low molecular weight linear polyribonucleotide fragment derived from salmon sperm, known for its potential in tissue regeneration and anti-inflammatory applications. However, its specific function in cellular senescence is yet to be fully understood. Silent information regulator 1 (SIRT1), an NAD + -dependent deacetylase, plays a crucial role in regulating cellular aging and tumorigenesis. Notably, SIRT1 levels decrease with age in both mice and during cellular senescence, highlighting its significance in anti-aging processes. This study assessed the effects of PDRN on cellular aging induced by ultraviolet B (UVB) or hydrogen peroxide (H2O2) and investigated the mechanisms of its protective effects against aging at the cellular level. Our data demonstrated that PDRN treatment mitigated the decline in cell viability and inhibited cell aging when exposed",中文草稿：该记录属于 PDRN/PN 与 Skin Booster 主题。它只能作为皮肤外观或医美证据线索；若该记录已被撤稿，则只作为撤稿风险记录，不作为正向证据。,Draft conclusion: PDRN/PN is a high-attention cosmetic and injectable aesthetics topic; claims require full-text review and retraction-aware interpretation.,中文草稿结论：PDRN/PN 属于高热度美容与医美交叉主题，外用、注射和填充场景必须分开解释；撤稿记录不能作为有效性依据。,D,abstract_or_pubmed_record,可支持：将 PDRN/PN 作为皮肤修复、skin booster 或医美注射相关候选证据继续复核。,不支持：不能把化妆品里的 PDRN 等同于注射项目；不能宣传为逆龄、延寿、无创万能修复或替代正规医美/医疗评估。,外用与注射不是一回事。注射、填充、微针导入等侵入性场景需要合格医生或医美专业人员评估；撤稿论文只作为风险提示。,true,high,public_draft_not_fully_reviewed,2026-05-14,https://pubmed.ncbi.nlm.nih.gov/40343916/,v0.5_GRADE_RoB_AMSTAR_bibliometrics_venue,11,5,15,7,4,-8,38,0,NIH_iCite_RCR; OpenAlex_cited_by_count,RCR=NA; cited_by=NA,JCR IF not auto-imported; journal-level IF is intentionally separated from article-level citation signals.,,,,Cochrane RoB 2,not_assessed_public_draft,not_applicable,possible_or_high,possible_or_high,max_level_D,D,v0.5 综合评分：研究设计、终点价值、人类相关性、来源深度、RCR/OpenAlex 引用信号、发表地/期刊层级和风险扣分；期刊层级 B_reputable_specialty_or_broad 加 4 分；当前上限规则为 max_level_D，最终等级 D。,"v0.5 hybrid score using design, endpoint value, human relevance, source depth, RCR/OpenAlex signals, publication venue tier, and risk adjustments; venue tier B_reputable_specialty_or_broad adds 4; cap rule max_level_D; final level D.",B_reputable_specialty_or_broad,4,"Indexed specialty or broad journal commonly seen in the atlas. Useful signal, but article-level quality still decides."
skin-pdrn-polynucleotide-skin-boosters-012,pubmed-40309988,40309988,10.1097/DSS.0000000000004670,PubMed,pdrn-polynucleotide-skin-boosters,PDRN/PN 与 Skin Booster,PDRN / Polynucleotide / Skin Booster,Skin-Booster Injection on the Left and Right Sides: Which Side Is More Painful?,,2025,Dermatologic surgery : official publication for American Society for Dermatologic Surgery [et al.],preclinical_or_mechanistic,topical_or_injectable_aesthetic,M,"wrinkle, skin booster","Skin booster injections using agents such as hyaluronic acid and poly-D,L-lactic acid (PDLLA, Juvelook, VAIM GLOBAL Inc., Korea) are commonly used to enhance skin texture and reduce wrinkles. However, pain during injection remains a limiting factor in patient compliance and comfort. To evaluate whether there is a difference in perceived pain between the left and right facial sides during PDLLA skin-booster injections. Twenty Korean patients (13 females, 7 males; aged 22-67) received intradermal PDLLA injections in both cheeks over four treatment sessions at three-week intervals. Pain intensity was recorded immediately after each injection using the visual analogue scale. Differences in pain perception were analyzed by side, sex, and age. The left side consistently showed higher visual analogue scale pain scores compared to the right side (p < .05). While males initially reported higher p",中文草稿：该记录属于 PDRN/PN 与 Skin Booster 主题。它只能作为皮肤外观或医美证据线索；若该记录已被撤稿，则只作为撤稿风险记录，不作为正向证据。,Draft conclusion: PDRN/PN is a high-attention cosmetic and injectable aesthetics topic; claims require full-text review and retraction-aware interpretation.,中文草稿结论：PDRN/PN 属于高热度美容与医美交叉主题，外用、注射和填充场景必须分开解释；撤稿记录不能作为有效性依据。,D,abstract_or_pubmed_record,可支持：将 PDRN/PN 作为皮肤修复、skin booster 或医美注射相关候选证据继续复核。,不支持：不能把化妆品里的 PDRN 等同于注射项目；不能宣传为逆龄、延寿、无创万能修复或替代正规医美/医疗评估。,外用与注射不是一回事。注射、填充、微针导入等侵入性场景需要合格医生或医美专业人员评估；撤稿论文只作为风险提示。,true,high,public_draft_not_fully_reviewed,2026-05-14,https://pubmed.ncbi.nlm.nih.gov/40309988/,v0.5_GRADE_RoB_AMSTAR_bibliometrics_venue,11,5,15,7,4,-8,35,0,NIH_iCite_RCR; OpenAlex_cited_by_count,RCR=NA; cited_by=NA,JCR IF not auto-imported; journal-level IF is intentionally separated from article-level citation signals.,,,,Cochrane RoB 2,not_assessed_public_draft,not_applicable,possible_or_high,possible_or_high,max_level_D,D,v0.5 综合评分：研究设计、终点价值、人类相关性、来源深度、RCR/OpenAlex 引用信号、发表地/期刊层级和风险扣分；期刊层级 C_indexed_or_identified 加 1 分；当前上限规则为 max_level_D，最终等级 D。,"v0.5 hybrid score using design, endpoint value, human relevance, source depth, RCR/OpenAlex signals, publication venue tier, and risk adjustments; venue tier C_indexed_or_identified adds 1; cap rule max_level_D; final level D.",C_indexed_or_identified,1,"Indexed or DOI/PMID-identifiable venue, but not in the curated high-weight venue list."
skin-pdrn-polynucleotide-skin-boosters-013,pubmed-39995124,39995124,10.2174/0113892010353418250218064202,PubMed,pdrn-polynucleotide-skin-boosters,PDRN/PN 与 Skin Booster,PDRN / Polynucleotide / Skin Booster,Preparation of Polydeoxyribonucleotide Nanoliposomes and their Applicability to Cosmetic Formulations.,,2025,Current pharmaceutical biotechnology,preclinical_or_mechanistic,topical_or_injectable_aesthetic,M,skin endpoint pending review,"The use of polydeoxyribonucleotide (PDRN) in promoting tissue repair and anti-aging has been hindered by several challenges, including its large molecular weight, susceptibility to decomposition, low bioavailability, and poor stability and skin permeability. Liposome formulation technology has emerged as a promising method in cosmetics, enhancing the penetration and protection of active ingredients. In this study, a PDRN-loaded nanoliposomal (PDRN-NL) formulation, which exhibited an average particle size of 125 ± 1 nm, a polydispersity index (PDI) of 0.12 ± 0.02, a zeta potential of -52.6 ± 0.8 mV, and an encapsulation efficiency of 81.3%. The stability of the PDRN-NL and its formulations was assessed using the Turbiscan Lab stability analyzer, which predicted a shelf life of up to three years. Furthermore, the in vitro permeability of the PDRN-NL was evaluated using the Franz diffusion ",中文草稿：该记录属于 PDRN/PN 与 Skin Booster 主题。它只能作为皮肤外观或医美证据线索；若该记录已被撤稿，则只作为撤稿风险记录，不作为正向证据。,Draft conclusion: PDRN/PN is a high-attention cosmetic and injectable aesthetics topic; claims require full-text review and retraction-aware interpretation.,中文草稿结论：PDRN/PN 属于高热度美容与医美交叉主题，外用、注射和填充场景必须分开解释；撤稿记录不能作为有效性依据。,D,abstract_or_pubmed_record,可支持：将 PDRN/PN 作为皮肤修复、skin booster 或医美注射相关候选证据继续复核。,不支持：不能把化妆品里的 PDRN 等同于注射项目；不能宣传为逆龄、延寿、无创万能修复或替代正规医美/医疗评估。,外用与注射不是一回事。注射、填充、微针导入等侵入性场景需要合格医生或医美专业人员评估；撤稿论文只作为风险提示。,true,high,public_draft_not_fully_reviewed,2026-05-14,https://pubmed.ncbi.nlm.nih.gov/39995124/,v0.5_GRADE_RoB_AMSTAR_bibliometrics_venue,11,5,15,7,4,-8,35,0,NIH_iCite_RCR; OpenAlex_cited_by_count,RCR=NA; cited_by=NA,JCR IF not auto-imported; journal-level IF is intentionally separated from article-level citation signals.,,,,Cochrane RoB 2,not_assessed_public_draft,not_applicable,possible_or_high,possible_or_high,max_level_D,D,v0.5 综合评分：研究设计、终点价值、人类相关性、来源深度、RCR/OpenAlex 引用信号、发表地/期刊层级和风险扣分；期刊层级 C_indexed_or_identified 加 1 分；当前上限规则为 max_level_D，最终等级 D。,"v0.5 hybrid score using design, endpoint value, human relevance, source depth, RCR/OpenAlex signals, publication venue tier, and risk adjustments; venue tier C_indexed_or_identified adds 1; cap rule max_level_D; final level D.",C_indexed_or_identified,1,"Indexed or DOI/PMID-identifiable venue, but not in the curated high-weight venue list."
skin-pdrn-polynucleotide-skin-boosters-014,pubmed-39994014,39994014,10.1159/000443048,PubMed,pdrn-polynucleotide-skin-boosters,PDRN/PN 与 Skin Booster,PDRN / Polynucleotide / Skin Booster,Effects of Chlorella protothecoides-derived polydeoxyribonucleotides on skin regeneration and wound healing.,,2025,Archives of dermatological research,preclinical_or_mechanistic,topical_or_injectable_aesthetic,S2,wound,"The skin acts as a crucial barrier and, upon injury, initiates complex wound-healing processes involving various cell types. Polydeoxyribonucleotides (PDRNs) are well-known for their efficacy in enhancing skin regeneration and wound healing. This study sought to investigate the effectiveness of PDRNs derived from Chlorella protothecoides, a sustainable and scalable microalgal source, in promoting skin regeneration and wound healing. Keratinocytes and fibroblasts were used for assessing the impact of PDRNs on cell proliferation, migration, collagen synthesis, and angiogenesis. Gene expression and associated signaling pathways were also examined using RT-qPCR and Western blot analyses. Our findings demonstrated that PDRNs significantly enhanced the proliferation and migration of skin cells, upregulated growth arrest specific 6 (GAS6) and hepatocyte growth factor (HGF) expression, and incre",中文草稿：该记录属于 PDRN/PN 与 Skin Booster 主题。它只能作为皮肤外观或医美证据线索；若该记录已被撤稿，则只作为撤稿风险记录，不作为正向证据。,Draft conclusion: PDRN/PN is a high-attention cosmetic and injectable aesthetics topic; claims require full-text review and retraction-aware interpretation.,中文草稿结论：PDRN/PN 属于高热度美容与医美交叉主题，外用、注射和填充场景必须分开解释；撤稿记录不能作为有效性依据。,C,abstract_or_pubmed_record,可支持：将 PDRN/PN 作为皮肤修复、skin booster 或医美注射相关候选证据继续复核。,不支持：不能把化妆品里的 PDRN 等同于注射项目；不能宣传为逆龄、延寿、无创万能修复或替代正规医美/医疗评估。,外用与注射不是一回事。注射、填充、微针导入等侵入性场景需要合格医生或医美专业人员评估；撤稿论文只作为风险提示。,true,high,public_draft_not_fully_reviewed,2026-05-14,https://pubmed.ncbi.nlm.nih.gov/39994014/,v0.5_GRADE_RoB_AMSTAR_bibliometrics_venue,11,8,15,7,4,-8,38,0,NIH_iCite_RCR; OpenAlex_cited_by_count,RCR=NA; cited_by=NA,JCR IF not auto-imported; journal-level IF is intentionally separated from article-level citation signals.,,,,Cochrane RoB 2,not_assessed_public_draft,not_applicable,possible_or_high,possible_or_high,max_level_D,D,v0.5 综合评分：研究设计、终点价值、人类相关性、来源深度、RCR/OpenAlex 引用信号、发表地/期刊层级和风险扣分；期刊层级 C_indexed_or_identified 加 1 分；当前上限规则为 max_level_D，最终等级 D。,"v0.5 hybrid score using design, endpoint value, human relevance, source depth, RCR/OpenAlex signals, publication venue tier, and risk adjustments; venue tier C_indexed_or_identified adds 1; cap rule max_level_D; final level D.",C_indexed_or_identified,1,"Indexed or DOI/PMID-identifiable venue, but not in the curated high-weight venue list."
skin-pdrn-polynucleotide-skin-boosters-015,pubmed-39858543,39858543,10.1021/mp500676e,PubMed,pdrn-polynucleotide-skin-boosters,PDRN/PN 与 Skin Booster,PDRN / Polynucleotide / Skin Booster,"From Polydeoxyribonucleotides (PDRNs) to Polynucleotides (PNs): Bridging the Gap Between Scientific Definitions, Molecular Insights, and Clinical Applications of Multifunctional Biomolecules.",,2025,Biomolecules,review,topical_or_injectable_aesthetic,M,"wrinkle, rejuvenation, scar, wound","Polydeoxyribonucleotides (PDRNs) and polynucleotides (PNs) are similar DNA-derived biopolymers that have garnered significant scientific attention since the 1990s for their potential applications in wound healing and skin rejuvenation. These biopolymers exhibit a broad molecular weight (MW) range, typically spanning from 50 to 1500 kDa. However, recent studies have expanded this range to encompass fragments as small as 1 kDa and as large as 10,000 kDa. Clinically, PDRN/PN formulations, commercially available in various galenic forms (gels, creams, serums, masks, and injectables), have demonstrated promising effects in significantly promoting skin regeneration, reducing inflammation, improving skin texture, preventing scar formation, and mitigating wrinkles. Importantly, despite their widespread use in cosmetology and aesthetic dermatology, the interchangeable use of the terms ""PDRN"" and ",中文草稿：该记录属于 PDRN/PN 与 Skin Booster 主题。它只能作为皮肤外观或医美证据线索；若该记录已被撤稿，则只作为撤稿风险记录，不作为正向证据。,Draft conclusion: PDRN/PN is a high-attention cosmetic and injectable aesthetics topic; claims require full-text review and retraction-aware interpretation.,中文草稿结论：PDRN/PN 属于高热度美容与医美交叉主题，外用、注射和填充场景必须分开解释；撤稿记录不能作为有效性依据。,D,abstract_or_pubmed_record,可支持：将 PDRN/PN 作为皮肤修复、skin booster 或医美注射相关候选证据继续复核。,不支持：不能把化妆品里的 PDRN 等同于注射项目；不能宣传为逆龄、延寿、无创万能修复或替代正规医美/医疗评估。,外用与注射不是一回事。注射、填充、微针导入等侵入性场景需要合格医生或医美专业人员评估；撤稿论文只作为风险提示。,true,high,public_draft_not_fully_reviewed,2026-05-14,https://pubmed.ncbi.nlm.nih.gov/39858543/,v0.5_GRADE_RoB_AMSTAR_bibliometrics_venue,14,5,9,7,4,-8,32,0,NIH_iCite_RCR; OpenAlex_cited_by_count,RCR=NA; cited_by=NA,JCR IF not auto-imported; journal-level IF is intentionally separated from article-level citation signals.,,,,domain_screen,not_assessed_public_draft,not_applicable,possible_or_high,possible_or_high,max_level_D,D,v0.5 综合评分：研究设计、终点价值、人类相关性、来源深度、RCR/OpenAlex 引用信号、发表地/期刊层级和风险扣分；期刊层级 C_indexed_or_identified 加 1 分；当前上限规则为 max_level_D，最终等级 D。,"v0.5 hybrid score using design, endpoint value, human relevance, source depth, RCR/OpenAlex signals, publication venue tier, and risk adjustments; venue tier C_indexed_or_identified adds 1; cap rule max_level_D; final level D.",C_indexed_or_identified,1,"Indexed or DOI/PMID-identifiable venue, but not in the curated high-weight venue list."
skin-pdrn-polynucleotide-skin-boosters-016,pubmed-39852156,39852156,10.1007/s12010-019-03171-2,PubMed,pdrn-polynucleotide-skin-boosters,PDRN/PN 与 Skin Booster,PDRN / Polynucleotide / Skin Booster,First Report on Microbial-Derived Polydeoxyribonucleotide: A Sustainable and Enhanced Alternative to Salmon-Based Polydeoxyribonucleotide.,,2025,Current issues in molecular biology,preclinical_or_mechanistic,topical_or_injectable_aesthetic,M,wound,"Polydeoxyribonucleotide (PDRN) has emerged as a potent bioactive compound with proven efficacy in wound healing, tissue regeneration, and anti-inflammatory applications and is predominantly derived from salmonid gonads. However, this study presents a groundbreaking advancement by successfully extracting and characterizing PDRN from microbial sources, specifically Lactobacillus rhamnosus, marking the first report to utilize microbial-, biome-, or Lactobacillus-derived PDRN (L-PDRN). The findings demonstrate the enhanced biological properties of L-PDRN over traditional salmon-derived PDRN across several assays. L-PDRN exhibited superior antioxidant activity, with significantly higher SOD-like and DPPH radical scavenging activities compared to PDRN, particularly at higher concentrations. In wound-healing assays, L-PDRN demonstrated superior efficacy in promoting cell migration and wound clo",中文草稿：该记录属于 PDRN/PN 与 Skin Booster 主题。它只能作为皮肤外观或医美证据线索；若该记录已被撤稿，则只作为撤稿风险记录，不作为正向证据。,Draft conclusion: PDRN/PN is a high-attention cosmetic and injectable aesthetics topic; claims require full-text review and retraction-aware interpretation.,中文草稿结论：PDRN/PN 属于高热度美容与医美交叉主题，外用、注射和填充场景必须分开解释；撤稿记录不能作为有效性依据。,D,abstract_or_pubmed_record,可支持：将 PDRN/PN 作为皮肤修复、skin booster 或医美注射相关候选证据继续复核。,不支持：不能把化妆品里的 PDRN 等同于注射项目；不能宣传为逆龄、延寿、无创万能修复或替代正规医美/医疗评估。,外用与注射不是一回事。注射、填充、微针导入等侵入性场景需要合格医生或医美专业人员评估；撤稿论文只作为风险提示。,true,high,public_draft_not_fully_reviewed,2026-05-14,https://pubmed.ncbi.nlm.nih.gov/39852156/,v0.5_GRADE_RoB_AMSTAR_bibliometrics_venue,11,5,15,7,4,-8,35,0,NIH_iCite_RCR; OpenAlex_cited_by_count,RCR=NA; cited_by=NA,JCR IF not auto-imported; journal-level IF is intentionally separated from article-level citation signals.,,,,Cochrane RoB 2,not_assessed_public_draft,not_applicable,possible_or_high,possible_or_high,max_level_D,D,v0.5 综合评分：研究设计、终点价值、人类相关性、来源深度、RCR/OpenAlex 引用信号、发表地/期刊层级和风险扣分；期刊层级 C_indexed_or_identified 加 1 分；当前上限规则为 max_level_D，最终等级 D。,"v0.5 hybrid score using design, endpoint value, human relevance, source depth, RCR/OpenAlex signals, publication venue tier, and risk adjustments; venue tier C_indexed_or_identified adds 1; cap rule max_level_D; final level D.",C_indexed_or_identified,1,"Indexed or DOI/PMID-identifiable venue, but not in the curated high-weight venue list."
skin-pdrn-polynucleotide-skin-boosters-017,pubmed-39645667,39645667,10.1016/j.fsc.2019.03.005,PubMed,pdrn-polynucleotide-skin-boosters,PDRN/PN 与 Skin Booster,PDRN / Polynucleotide / Skin Booster,The Effectiveness of Polynucleotides in Esthetic Medicine: A Systematic Review.,,2025,Journal of cosmetic dermatology,systematic_review_or_meta_analysis,topical_or_injectable_aesthetic,S1,"wrinkle, rejuvenation, elasticity, wound","Polynucleotides (PN), popular in biorevitalization, show promise in the current sphere of esthetic medicine due to their regenerative properties, previously used in wound healing. Currently, research investigates their use in esthetic medicine. The aim of this review was to synthesize the existing literature, focusing on the effectiveness of PN in esthetic medicine, which is concentrated on skin rejuvenation by providing patients with multiple benefits and the least side effects. A systematic electronic search was conducted in Embase, Medline, and Cochrane to identify primary research studies evaluating the effectiveness of polynucleotides in esthetic medicine, published in English between January 01, 2010, and January 01, 2024. A narrative synthesis was reported according to the Preferred Reporting Items for Systematic Reviews and Meta-Analyses statement. The quality of evidence was ass",中文草稿：该记录属于 PDRN/PN 与 Skin Booster 主题。它只能作为皮肤外观或医美证据线索；若该记录已被撤稿，则只作为撤稿风险记录，不作为正向证据。,Draft conclusion: PDRN/PN is a high-attention cosmetic and injectable aesthetics topic; claims require full-text review and retraction-aware interpretation.,中文草稿结论：PDRN/PN 属于高热度美容与医美交叉主题，外用、注射和填充场景必须分开解释；撤稿记录不能作为有效性依据。,C,abstract_or_pubmed_record,可支持：将 PDRN/PN 作为皮肤修复、skin booster 或医美注射相关候选证据继续复核。,不支持：不能把化妆品里的 PDRN 等同于注射项目；不能宣传为逆龄、延寿、无创万能修复或替代正规医美/医疗评估。,外用与注射不是一回事。注射、填充、微针导入等侵入性场景需要合格医生或医美专业人员评估；撤稿论文只作为风险提示。,true,high,public_draft_not_fully_reviewed,2026-05-14,https://pubmed.ncbi.nlm.nih.gov/39645667/,v0.5_GRADE_RoB_AMSTAR_bibliometrics_venue,34,15,9,7,4,-8,62,0,NIH_iCite_RCR; OpenAlex_cited_by_count,RCR=NA; cited_by=NA,JCR IF not auto-imported; journal-level IF is intentionally separated from article-level citation signals.,,,,AMSTAR 2,not_assessed_public_draft,not_assessed_public_draft,possible_or_high,possible_or_high,max_level_B,C,v0.5 综合评分：研究设计、终点价值、人类相关性、来源深度、RCR/OpenAlex 引用信号、发表地/期刊层级和风险扣分；期刊层级 C_indexed_or_identified 加 1 分；当前上限规则为 max_level_B，最终等级 C。,"v0.5 hybrid score using design, endpoint value, human relevance, source depth, RCR/OpenAlex signals, publication venue tier, and risk adjustments; venue tier C_indexed_or_identified adds 1; cap rule max_level_B; final level C.",C_indexed_or_identified,1,"Indexed or DOI/PMID-identifiable venue, but not in the curated high-weight venue list."
skin-pdrn-polynucleotide-skin-boosters-018,pubmed-39198280,39198280,10.1136/bmj.o1516,PubMed,pdrn-polynucleotide-skin-boosters,PDRN/PN 与 Skin Booster,PDRN / Polynucleotide / Skin Booster,Regenerative Aesthetics: A Genuine Frontier or Just a Facet of Regenerative Medicine: A Systematic Review.,,2025,Aesthetic plastic surgery,systematic_review_or_meta_analysis,topical_or_injectable_aesthetic,M,skin endpoint pending review,"Regenerative aesthetics claims to enhance cosmetic outcomes through advanced biological interventions like Stem cell and Exosome therapy, Polydeoxyribonucleotide (PDRN), Photobiomodulation, bioactive peptides and treatment for cellular senescence yet lacks substantial scientific and regulatory validation. To evaluate the scientific and clinical foundations of regenerative medicine techniques in non-surgical aesthetics and assess the legitimacy of regenerative aesthetics as a medical specialty. A systematic review was conducted according to PRISMA guidelines, searching databases including PubMed, Scopus, and Web of Science for studies published in the last ten years. We included 19 studies, comprising 14 randomized controlled trials (RCTs) and 5 prospective studies, focusing on interventions that purportedly use regenerative medicine principles in aesthetic applications. The review highli",中文草稿：该记录属于 PDRN/PN 与 Skin Booster 主题。它只能作为皮肤外观或医美证据线索；若该记录已被撤稿，则只作为撤稿风险记录，不作为正向证据。,Draft conclusion: PDRN/PN is a high-attention cosmetic and injectable aesthetics topic; claims require full-text review and retraction-aware interpretation.,中文草稿结论：PDRN/PN 属于高热度美容与医美交叉主题，外用、注射和填充场景必须分开解释；撤稿记录不能作为有效性依据。,D,abstract_or_pubmed_record,可支持：将 PDRN/PN 作为皮肤修复、skin booster 或医美注射相关候选证据继续复核。,不支持：不能把化妆品里的 PDRN 等同于注射项目；不能宣传为逆龄、延寿、无创万能修复或替代正规医美/医疗评估。,外用与注射不是一回事。注射、填充、微针导入等侵入性场景需要合格医生或医美专业人员评估；撤稿论文只作为风险提示。,true,high,public_draft_not_fully_reviewed,2026-05-14,https://pubmed.ncbi.nlm.nih.gov/39198280/,v0.5_GRADE_RoB_AMSTAR_bibliometrics_venue,34,5,9,7,4,-8,52,0,NIH_iCite_RCR; OpenAlex_cited_by_count,RCR=NA; cited_by=NA,JCR IF not auto-imported; journal-level IF is intentionally separated from article-level citation signals.,,,,AMSTAR 2,not_assessed_public_draft,not_assessed_public_draft,possible_or_high,possible_or_high,max_level_D,D,v0.5 综合评分：研究设计、终点价值、人类相关性、来源深度、RCR/OpenAlex 引用信号、发表地/期刊层级和风险扣分；期刊层级 C_indexed_or_identified 加 1 分；当前上限规则为 max_level_D，最终等级 D。,"v0.5 hybrid score using design, endpoint value, human relevance, source depth, RCR/OpenAlex signals, publication venue tier, and risk adjustments; venue tier C_indexed_or_identified adds 1; cap rule max_level_D; final level D.",C_indexed_or_identified,1,"Indexed or DOI/PMID-identifiable venue, but not in the curated high-weight venue list."
skin-pdrn-polynucleotide-skin-boosters-019,pubmed-39544509,39544509,10.1055/a-2366-3436,PubMed,pdrn-polynucleotide-skin-boosters,PDRN/PN 与 Skin Booster,PDRN / Polynucleotide / Skin Booster,"Injectable ""Skin Boosters"" in Aging Skin Rejuvenation: A Current Overview.",,2024,Archives of plastic surgery,review,topical_or_injectable_aesthetic,M,"rejuvenation, elasticity, hydration, skin booster","Aging-related changes in the skin, such as dullness, dehydration, and loss of elasticity, significantly affect its appearance and integrity. Injectable ""skin boosters,"" comprising various biological materials, have become increasingly prominent in addressing these issues, offering rejuvenation and revitalization. This review offers a comprehensive examination of these injectables, detailing their types, mechanisms of action, and clinical uses. It also evaluates the evidence for their effectiveness and safety in treating age-related skin alterations and other conditions. The goal is to provide an insightful understanding of injectable skin boosters in contemporary dermatological practice, summarizing the current state of knowledge.",中文草稿：该记录属于 PDRN/PN 与 Skin Booster 主题。它只能作为皮肤外观或医美证据线索；若该记录已被撤稿，则只作为撤稿风险记录，不作为正向证据。,Draft conclusion: PDRN/PN is a high-attention cosmetic and injectable aesthetics topic; claims require full-text review and retraction-aware interpretation.,中文草稿结论：PDRN/PN 属于高热度美容与医美交叉主题，外用、注射和填充场景必须分开解释；撤稿记录不能作为有效性依据。,D,abstract_or_pubmed_record,可支持：将 PDRN/PN 作为皮肤修复、skin booster 或医美注射相关候选证据继续复核。,不支持：不能把化妆品里的 PDRN 等同于注射项目；不能宣传为逆龄、延寿、无创万能修复或替代正规医美/医疗评估。,外用与注射不是一回事。注射、填充、微针导入等侵入性场景需要合格医生或医美专业人员评估；撤稿论文只作为风险提示。,true,high,public_draft_not_fully_reviewed,2026-05-14,https://pubmed.ncbi.nlm.nih.gov/39544509/,v0.5_GRADE_RoB_AMSTAR_bibliometrics_venue,14,5,9,7,4,-8,32,0,NIH_iCite_RCR; OpenAlex_cited_by_count,RCR=NA; cited_by=NA,JCR IF not auto-imported; journal-level IF is intentionally separated from article-level citation signals.,,,,domain_screen,not_assessed_public_draft,not_applicable,possible_or_high,possible_or_high,max_level_D,D,v0.5 综合评分：研究设计、终点价值、人类相关性、来源深度、RCR/OpenAlex 引用信号、发表地/期刊层级和风险扣分；期刊层级 C_indexed_or_identified 加 1 分；当前上限规则为 max_level_D，最终等级 D。,"v0.5 hybrid score using design, endpoint value, human relevance, source depth, RCR/OpenAlex signals, publication venue tier, and risk adjustments; venue tier C_indexed_or_identified adds 1; cap rule max_level_D; final level D.",C_indexed_or_identified,1,"Indexed or DOI/PMID-identifiable venue, but not in the curated high-weight venue list."
skin-pdrn-polynucleotide-skin-boosters-020,pubmed-38672475,38672475,10.1111/jocd.15872,PubMed,pdrn-polynucleotide-skin-boosters,PDRN/PN 与 Skin Booster,PDRN / Polynucleotide / Skin Booster,Applications of Exosomal miRNAs from Mesenchymal Stem Cells as Skin Boosters.,,2024,Biomolecules,review,topical_or_injectable_aesthetic,M,"rejuvenation, skin booster","The skin is the outer layer of the human body, and it is crucial in defending against injuries and damage. The regenerative capacity of aging and damaged skin caused by exposure to external stimuli is significantly impaired. Currently, the rise in average life expectancy and the modern population's aesthetic standards have sparked a desire for stem-cell-based therapies that can address skin health conditions. In recent years, mesenchymal stem cells (MSCs) as therapeutic agents have provided a promising and effective alternative for managing skin regeneration and rejuvenation, attributing to their healing capacities that can be applied to damaged and aged skin. However, it has been established that the therapeutic effects of MSC may be primarily mediated by paracrine mechanisms, particularly the release of exosomes (Exos). Exosomes are nanoscale extracellular vesicles (EVs) that have lipi",中文草稿：该记录属于 PDRN/PN 与 Skin Booster 主题。它只能作为皮肤外观或医美证据线索；若该记录已被撤稿，则只作为撤稿风险记录，不作为正向证据。,Draft conclusion: PDRN/PN is a high-attention cosmetic and injectable aesthetics topic; claims require full-text review and retraction-aware interpretation.,中文草稿结论：PDRN/PN 属于高热度美容与医美交叉主题，外用、注射和填充场景必须分开解释；撤稿记录不能作为有效性依据。,D,abstract_or_pubmed_record,可支持：将 PDRN/PN 作为皮肤修复、skin booster 或医美注射相关候选证据继续复核。,不支持：不能把化妆品里的 PDRN 等同于注射项目；不能宣传为逆龄、延寿、无创万能修复或替代正规医美/医疗评估。,外用与注射不是一回事。注射、填充、微针导入等侵入性场景需要合格医生或医美专业人员评估；撤稿论文只作为风险提示。,true,high,public_draft_not_fully_reviewed,2026-05-14,https://pubmed.ncbi.nlm.nih.gov/38672475/,v0.5_GRADE_RoB_AMSTAR_bibliometrics_venue,14,5,9,7,4,-8,32,0,NIH_iCite_RCR; OpenAlex_cited_by_count,RCR=NA; cited_by=NA,JCR IF not auto-imported; journal-level IF is intentionally separated from article-level citation signals.,,,,domain_screen,not_assessed_public_draft,not_applicable,possible_or_high,possible_or_high,max_level_D,D,v0.5 综合评分：研究设计、终点价值、人类相关性、来源深度、RCR/OpenAlex 引用信号、发表地/期刊层级和风险扣分；期刊层级 C_indexed_or_identified 加 1 分；当前上限规则为 max_level_D，最终等级 D。,"v0.5 hybrid score using design, endpoint value, human relevance, source depth, RCR/OpenAlex signals, publication venue tier, and risk adjustments; venue tier C_indexed_or_identified adds 1; cap rule max_level_D; final level D.",C_indexed_or_identified,1,"Indexed or DOI/PMID-identifiable venue, but not in the curated high-weight venue list."
